CH1,CH2,CH3,CH4,CH5,CH6,CH7,CH8
2048,2043,2046,2038,2105,2093,2055,2040
2052,2048,2052,2036,2110,2081,2064,2039
2060,2048,2048,2032,2099,2066,2062,2041
2062,2053,2048,2027,2090,2062,2056,2040
2055,2046,2053,2027,2061,2057,2047,2039
2050,2045,2055,2028,2028,2056,2061,2041
2050,2058,2070,2055,2101,2069,2061,2050
2050,2062,2066,2062,2096,2065,2047,2054
2051,2054,2062,2046,2037,2052,2054,2058
2049,2051,2056,2045,2019,2045,2066,2063
2049,2049,2059,2049,2023,2049,2068,2067
2047,2047,2053,2055,2050,2060,2063,2068
2037,2045,2048,2056,2084,2068,2060,2082
2041,2045,2053,2064,2104,2074,2056,2083
2042,2048,2052,2066,2111,2071,2049,2073
2035,2036,2041,2061,2080,2072,2044,2072
2032,2026,2038,2060,2069,2077,2052,2068
2035,2037,2048,2067,2062,2079,2060,2076
2041,2040,2050,2061,2045,2080,2055,2061
2042,2037,2043,2041,1985,2064,2040,2057
2042,2040,2048,2044,1955,2058,2039,2048
2043,2041,2043,2044,2001,2051,2026,2042
2048,2042,2032,2038,2102,2044,2048,2036
2050,2043,2026,2042,2110,2045,2052,2032
2050,2046,2030,2037,2044,2038,2042,2025
2046,2046,2028,2034,2014,2039,2048,2028
2046,2043,2023,2033,2014,2040,2046,2023
2052,2038,2019,2026,2028,2043,2045,2016
2048,2032,2011,2023,2032,2048,2042,2017
2042,2024,2007,2021,2041,2046,2034,2019
2041,2023,2010,2031,2065,2047,2034,2021
2041,2028,2022,2039,2086,2046,2042,2013
2044,2045,2036,2047,2160,2058,2046,2022
2052,2063,2055,2061,2233,2085,2040,2025
2050,2066,2063,2052,2206,2069,2057,2022
2043,2061,2062,2049,2180,2060,2064,2024
2044,2050,2066,2044,2157,2050,2051,2033
2048,2057,2071,2056,2155,2047,2063,2036
2052,2057,2085,2058,2101,2040,2046,2046
2050,2049,2072,2027,1959,2025,2037,2050
2049,2045,2068,2007,1797,2010,2033,2050
2038,2043,2060,1987,1785,2026,2037,2057
2042,2052,2069,2006,1863,2043,2032,2065
2051,2057,2080,2014,1931,2054,2034,2073
2050,2055,2078,2019,1999,2059,2040,2075
2051,2054,2069,2017,2029,2055,2061,2075
2046,2052,2062,2018,2034,2053,2048,2085
2037,2042,2048,2019,2031,2042,2040,2080
2030,2026,2044,2022,2032,2048,2047,2078
2042,2036,2048,2026,2038,2056,2046,2080
2051,2040,2049,2029,2050,2053,2049,2072
2046,2040,2048,2039,2055,2058,2041,2062
2044,2044,2054,2044,2050,2059,2046,2054
2052,2060,2060,2038,2040,2059,2053,2061
2054,2059,2056,2042,2033,2054,2038,2053
2052,2050,2048,2035,2032,2052,2069,2049
2054,2045,2047,2035,2033,2055,2030,2041
2050,2048,2054,2037,2039,2059,2053,2028
2051,2054,2057,2041,2038,2060,2055,2029
2050,2057,2056,2045,2038,2056,2062,2025
2047,2050,2050,2037,2037,2056,2051,2023
2040,2045,2042,2033,2043,2056,2053,2015
2039,2044,2036,2037,2047,2052,2049,2014
2032,2035,2020,2036,2035,2045,2035,2006
2030,2028,2019,2037,2039,2045,2032,1997
2029,2034,2021,2042,2052,2056,2033,2007
2040,2034,2015,2037,2054,2056,2035,2014
2039,2033,2003,2033,2048,2056,2038,2013
2034,2025,1997,2036,2057,2054,2057,2020
2037,2034,1995,2040,2058,2056,2054,2032
2034,2032,1994,2039,2058,2063,2050,2032
2039,2031,1988,2038,2061,2058,2059,2035
2032,2032,1986,2038,2060,2061,2051,2040
2033,2028,1986,2031,2057,2055,2058,2038
2036,2027,1996,2038,2052,2056,2075,2043
2034,2027,2014,2047,2060,2058,2045,2045
2041,2023,2016,2049,2058,2055,2040,2058
2036,2022,2034,2048,2048,2050,2056,2060
2039,2024,2048,2047,2039,2039,2059,2058
2033,2025,2054,2047,2029,2039,2042,2047
2028,2040,2082,2052,2011,2057,2045,2049
2038,2065,2110,2070,2006,2058,2056,2048
2040,2066,2113,2070,1991,2051,2055,2043
2047,2062,2109,2068,1988,2031,2050,2036
2040,2061,2097,2059,2000,1999,2028,2045
2046,2052,2088,2077,2050,2021,2051,2047
2056,2066,2097,2089,2089,2052,2037,2049
2060,2076,2094,2083,2087,2062,2057,2048
2057,2064,2084,2073,2072,2064,2050,2036
2053,2064,2074,2062,2060,2056,2058,2032
2051,2062,2066,2046,2043,2048,2060,2028
2051,2060,2050,2025,2018,2050,2055,2027
2048,2058,2041,2003,2000,2054,2033,2024
2053,2058,2044,2001,1997,2056,2052,2020
2047,2056,2056,2015,2009,2053,2050,2023
2052,2051,2054,2013,1995,2040,2019,2007
2044,2041,2049,2010,1991,2034,2020,2016
2040,2058,2059,2019,1998,2042,2018,2020
2057,2079,2080,2027,2006,2045,2028,2027
2064,2070,2082,2029,2057,2051,2041,2030
2063,2071,2082,2033,2101,2064,2052,2031
2067,2068,2071,2034,2119,2066,2038,2038
2061,2067,2068,2031,2104,2066,2056,2028
2051,2060,2064,2036,2091,2067,2053,2037
2050,2058,2065,2043,2096,2072,2058,2042
2051,2061,2066,2046,2095,2067,2072,2047
2053,2062,2064,2043,2095,2063,2052,2049
2054,2068,2065,2046,2096,2068,2058,2061
2051,2061,2066,2043,2095,2067,2052,2068
2052,2065,2055,2043,2088,2063,2056,2072
2058,2062,2043,2052,2090,2058,2051,2065
2052,2051,2032,2049,2063,2050,2028,2063
2039,2036,2029,2065,2068,2044,2026,2057
2041,2040,2045,2080,2072,2052,2043,2056
2048,2055,2069,2090,2075,2055,2045,2053
2043,2054,2079,2086,2075,2042,2046,2056
2047,2047,2078,2079,2064,2038,2027,2048
2049,2048,2071,2073,2041,2027,2037,2040
2045,2047,2066,2071,2026,2016,2044,2036
2044,2052,2071,2070,2024,2019,2046,2026
2042,2049,2066,2060,2029,2028,2037,2013
2044,2056,2068,2075,2057,2047,2036,2026
2052,2064,2070,2090,2076,2059,2043,2023
2046,2062,2064,2081,2044,2053,2046,2018
2049,2064,2064,2086,2023,2059,2047,2012
2044,2061,2068,2075,2055,2059,2040,2005
2036,2051,2050,2038,2106,2055,2038,2004
2038,2040,2029,2009,2097,2035,2031,2004
2021,2024,2021,1992,2093,2037,2021,2000
2025,2033,2029,2005,2113,2060,2045,2014
2049,2056,2030,2003,2127,2070,2056,2030
2051,2057,2026,2013,2124,2066,2061,2035
2047,2051,2026,2000,2021,2028,2061,2026
2049,2049,2029,1990,1965,2019,2050,2027
2046,2050,2035,1999,1998,2032,2068,2039
2053,2057,2040,2000,2028,2035,2061,2041
2046,2058,2045,2008,2037,2036,2062,2040
2046,2055,2059,2026,2073,2045,2033,2043
2039,2056,2062,2028,2058,2049,2045,2041
2042,2054,2067,2032,2058,2050,2045,2052
2043,2053,2068,2033,2051,2044,2064,2062
2047,2059,2061,2030,2048,2035,2056,2064
2042,2060,2053,2030,2050,2031,2052,2070
2035,2054,2049,2021,2032,2023,2041,2059
2028,2046,2038,2017,2019,2014,2040,2054
2029,2046,2046,2027,2009,2025,2051,2059
2036,2055,2046,2035,2012,2037,2049,2069
2042,2056,2053,2039,2025,2039,2044,2060
2045,2054,2048,2036,2040,2040,2046,2057
2051,2055,2054,2044,2043,2053,2048,2057
2047,2054,2058,2047,2034,2060,2049,2043
2052,2058,2053,2043,2038,2064,2050,2041
2056,2059,2056,2045,2040,2048,2046,2038
2057,2058,2054,2041,2022,2045,2052,2043
2051,2054,2053,2048,2050,2051,2056,2037
2062,2059,2064,2061,2075,2055,2049,2039
2064,2069,2061,2054,2065,2056,2053,2030
2059,2066,2066,2053,2048,2049,2067,2032
2062,2061,2058,2045,2035,2050,2051,2029
2052,2052,2059,2035,2023,2065,2027,2024
2043,2039,2044,2032,2007,2062,2025,2016
2039,2043,2051,2043,2005,2066,2049,2022
2046,2058,2058,2043,2010,2069,2061,2026
2048,2050,2058,2051,2017,2046,2059,2030
2056,2061,2066,2056,2031,2015,2051,2043
2056,2063,2073,2061,2024,2024,2063,2040
2055,2060,2072,2054,2032,2038,2055,2042
2052,2058,2066,2052,2069,2053,2046,2046
2058,2054,2054,2063,2104,2072,2050,2051
2055,2056,2056,2078,2129,2088,2066,2060
2049,2055,2056,2087,2191,2106,2064,2059
2052,2057,2061,2105,2267,2129,2069,2072
2057,2060,2067,2113,2276,2136,2078,2082
2052,2065,2076,2119,2258,2132,2072,2076
2053,2061,2069,2106,2206,2083,2047,2080
2047,2060,2069,2083,2121,2050,2018,2064
2037,2036,2058,2044,1968,2001,2031,2050
2040,2034,2049,2021,1947,1987,2028,2057
2035,2035,2044,2000,1850,1976,2001,2051
2037,2034,2035,1983,1841,1964,2011,2056
2041,2038,2039,2008,1900,1946,2036,2060
2053,2050,2053,2017,1938,1956,2017,2045
2052,2054,2061,2015,1954,1970,2029,2043
2055,2063,2062,2000,1956,1982,2016,2032
2050,2057,2055,1993,1994,2010,2022,2027
2056,2060,2055,2010,2053,2040,2039,2031
2056,2064,2064,2027,2087,2069,2048,2031
2056,2054,2066,2028,2077,2091,2035,2035
2052,2056,2065,2031,2053,2074,2061,2026
2053,2060,2065,2029,2030,2052,2055,2023
2051,2052,2052,2021,2034,2052,2048,2019
2042,2041,2040,2012,2030,2040,2039,2015
2035,2030,2027,2003,2025,2035,2040,2009
2025,2018,2031,2011,2032,2034,2046,2014
2036,2036,2034,2024,2055,2045,2042,2019
2030,2038,2030,2030,2056,2046,2041,2030
2038,2045,2032,2036,2059,2054,2036,2033
2043,2056,2038,2043,2057,2053,2045,2047
2049,2056,2044,2043,2057,2053,2056,2043
2053,2060,2047,2035,2054,2049,2050,2050
2053,2051,2044,2035,2055,2046,2044,2059
2057,2052,2040,2036,2061,2047,2053,2062
2056,2049,2041,2033,2054,2047,2038,2069
2049,2044,2037,2031,2058,2052,2058,2069
2047,2045,2037,2023,2057,2049,2054,2071
2046,2045,2040,2027,2059,2052,2066,2072
2048,2044,2037,2030,2064,2055,2070,2075
2046,2048,2034,2026,2060,2045,2058,2073
2037,2032,2029,2026,2056,2033,2055,2079
2038,2035,2040,2030,2064,2037,2059,2077
2052,2041,2041,2030,2056,2036,2035,2071
2047,2039,2038,2027,2039,2035,2022,2059
2043,2042,2044,2022,2035,2030,2012,2055
2047,2044,2048,2026,2035,2024,2043,2054
2055,2045,2053,2036,2028,2014,2041,2051
2054,2044,2058,2044,2037,2028,2052,2048
2047,2049,2061,2047,2042,2037,2047,2040
2046,2046,2059,2048,2050,2058,2054,2031
2047,2045,2056,2046,2053,2065,2062,2030
2046,2044,2047,2041,2055,2065,2060,2023
2045,2040,2050,2042,2053,2067,2070,2020
2043,2040,2047,2045,2038,2056,2060,2020
2042,2047,2049,2041,2036,2056,2073,2022
2050,2041,2037,2044,2057,2056,2064,2019
2038,2031,2033,2051,2084,2062,2068,2015
2040,2026,2043,2061,2080,2073,2085,2022
2050,2041,2060,2069,2071,2067,2081,2028
2046,2032,2050,2074,2098,2069,2078,2029
2045,2036,2050,2080,2105,2069,2085,2028
2043,2036,2043,2080,2127,2058,2080,2033
2040,2030,2031,2074,2135,2043,2064,2040
2041,2029,2035,2087,2153,2056,2062,2042
2042,2039,2040,2094,2152,2071,2072,2042
2043,2044,2036,2083,2131,2083,2069,2044
2042,2054,2040,2072,2075,2053,2055,2043
2039,2049,2031,2036,1969,2036,2045,2049
2028,2037,2019,2001,1909,1984,2042,2055
2022,2034,2012,1976,1878,1956,2052,2070
2030,2034,2025,1983,1956,1991,2067,2077
2048,2056,2044,1991,2020,2032,2067,2076
2048,2044,2029,1976,2038,2054,2068,2080
2039,2036,2019,1962,2051,2055,2071,2078
2041,2047,2035,1968,2048,2057,2067,2069
2040,2069,2071,1986,1991,2045,2074,2068
2048,2080,2096,1997,1953,2035,2063,2066
2053,2079,2098,2006,1936,2026,2073,2056
2050,2075,2095,2012,1976,2025,2056,2051
2043,2073,2087,2035,2024,2035,2062,2043
2044,2063,2071,2057,2075,2042,2057,2026
2039,2052,2062,2065,2086,2052,2068,2026
2037,2050,2058,2058,2083,2060,2070,2032
2039,2053,2059,2055,2086,2056,2058,2029
2040,2055,2067,2055,2084,2048,2062,2039
2044,2059,2069,2059,2069,2045,2050,2039
2048,2057,2067,2052,2029,2055,2053,2030
2047,2055,2066,2048,2000,2073,2057,2023
2036,2040,2053,2040,2043,2070,2046,2030
2031,2039,2050,2034,2062,2070,2049,2028
2039,2054,2057,2034,2046,2055,2054,2026
2040,2049,2051,2025,2036,2028,2045,2021
2049,2051,2055,2042,2089,2003,2061,2041
2056,2059,2069,2078,2179,2043,2070,2050
2062,2063,2062,2069,2173,2064,2075,2047
2057,2055,2056,2037,2019,2044,2069,2050
2060,2062,2061,2041,1972,2052,2064,2049
2056,2067,2071,2045,2000,2052,2065,2055
2050,2064,2076,2049,2026,2045,2067,2059
2044,2059,2081,2059,2050,2043,2066,2065
2049,2053,2084,2063,2050,2036,2069,2071
2054,2054,2092,2063,2048,2035,2064,2076
2050,2046,2099,2058,2024,2029,2054,2069
2037,2038,2082,2052,2026,2043,2044,2064
2036,2032,2078,2076,2071,2066,2056,2070
2038,2040,2083,2092,2091,2070,2062,2074
2046,2052,2080,2092,2086,2072,2066,2075
2056,2054,2069,2086,2073,2063,2055,2066
2047,2057,2070,2083,2047,2061,2054,2053
2045,2053,2057,2069,2018,2048,2054,2043
2036,2049,2036,2045,1998,2040,2046,2032
2039,2042,2018,2034,2019,2048,2049,2032
2042,2038,2015,2028,2059,2052,2052,2032
2039,2046,2020,2023,2072,2057,2052,2033
2048,2040,2018,2011,2041,2057,2034,2035
2053,2048,2005,1996,2010,2052,2040,2038
2045,2047,2000,1989,2011,2050,2041,2036
2047,2041,1999,1992,2014,2054,2054,2030
2052,2045,2003,2002,2025,2064,2043,2033
2048,2052,2009,2010,2015,2066,2036,2031
2055,2050,2009,2015,2015,2060,2059,2025
2055,2048,2022,2028,2022,2061,2036,2033
2061,2057,2024,2044,2055,2067,2039,2028
2063,2050,2026,2048,2121,2064,2053,2022
2051,2036,2026,2058,2141,2077,2058,2030
2042,2038,2032,2052,2112,2069,2047,2025
2041,2039,2041,2057,2112,2061,2047,2026
2045,2036,2040,2052,2081,2054,2033,2037
2042,2026,2026,2028,2054,2040,2043,2037
2032,2015,2024,2006,2037,2045,2045,2037
2036,2025,2035,1991,2015,2030,2038,2035
2032,2021,2041,1999,2000,2012,2043,2047
2035,2020,2027,1989,2004,2002,2047,2059
2036,2025,2031,1997,2005,2001,2043,2063
2042,2033,2024,1996,1997,2005,2019,2062
2041,2033,2023,2002,2019,2024,2036,2065
2040,2028,2014,2018,2065,2041,2043,2067
2044,2033,2027,2024,2103,2060,2046,2069
2049,2044,2043,2047,2137,2084,2058,2074
2063,2051,2048,2049,2122,2078,2052,2072
2057,2054,2047,2039,2086,2059,2042,2068
2052,2047,2040,2026,2063,2053,2042,2057
2047,2047,2046,2037,2063,2048,2039,2059
2052,2052,2058,2041,2065,2055,2054,2055
2051,2053,2064,2049,2064,2053,2043,2048
2059,2046,2067,2051,2064,2053,2047,2044
2061,2055,2071,2062,2065,2057,2049,2040
2066,2063,2068,2074,2069,2057,2057,2043
2073,2062,2057,2067,2068,2054,2045,2034
2067,2054,2051,2061,2067,2050,2039,2029
2070,2040,2042,2069,2068,2052,2039,2031
2067,2038,2049,2082,2078,2050,2047,2021
2053,2032,2044,2096,2088,2052,2046,2015
2035,2022,2042,2104,2084,2046,2044,2009
2038,2022,2043,2109,2088,2047,2048,2025
2052,2032,2051,2107,2096,2056,2045,2021
2047,2037,2048,2114,2104,2060,2046,2016
2047,2032,2035,2109,2098,2066,2057,2024
2049,2033,2025,2096,2078,2061,2047,2025
2051,2036,2022,2076,2043,2051,2042,2029
2039,2041,2028,2064,2011,2049,2042,2027
2047,2037,2034,2048,2044,2049,2052,2036
2048,2046,2040,2037,2070,2051,2042,2043
2057,2045,2052,2033,2067,2068,2036,2052
2067,2050,2052,2018,2058,2078,2050,2054
2065,2061,2073,2014,2053,2082,2058,2055
2060,2067,2077,2000,2042,2076,2052,2063
2060,2059,2062,1992,2053,2048,2048,2071
2064,2060,2056,1996,2081,2025,2044,2083
2062,2054,2038,1984,2084,2030,2052,2075
2054,2043,2017,1983,2078,2045,2062,2067
2053,2050,2024,2000,2069,2050,2045,2072
2060,2051,2031,2020,2073,2049,2051,2064
2053,2054,2032,2030,2050,2042,2036,2057
2045,2044,2032,2030,2025,2038,2040,2045
2041,2038,2030,2032,2017,2034,2038,2047
2030,2039,2040,2036,2026,2036,2042,2042
2038,2041,2040,2033,2022,2027,2028,2034
2040,2035,2040,2038,2072,2044,2027,2032
2045,2032,2041,2043,2144,2084,2038,2025
2045,2042,2046,2055,2163,2091,2039,2035
2050,2038,2046,2045,2144,2078,2041,2026
2035,2028,2043,2030,2114,2046,2032,2020
2044,2031,2045,2029,2128,2007,2041,2025
2040,2036,2047,2032,2114,2012,2039,2025
2042,2039,2057,2026,1988,2000,2024,2019
2038,2041,2052,2006,1820,2003,2034,2023
2047,2051,2064,2027,1886,2025,2034,2032
2060,2053,2067,2048,1973,2041,2052,2034
2058,2053,2060,2049,2003,2041,2041,2032
2060,2043,2067,2039,2002,2040,2037,2030
2056,2050,2066,2044,2025,2039,2032,2039
2057,2045,2067,2037,2046,2039,2026,2043
2060,2054,2069,2040,2064,2045,2030,2049
2060,2058,2070,2046,2074,2057,2050,2055
2057,2058,2066,2049,2071,2050,2048,2049
2060,2057,2059,2040,2052,2043,2055,2057
2060,2052,2055,2034,2042,2044,2039,2065
2054,2055,2053,2038,2041,2049,2028,2074
2055,2052,2045,2033,2040,2046,2036,2080
2052,2049,2047,2034,2036,2043,2041,2078
2065,2052,2045,2038,2038,2033,2014,2079
2061,2048,2042,2035,2037,2029,2036,2081
2063,2054,2054,2053,2077,2046,2030,2081
2066,2055,2059,2067,2104,2066,2029,2070
2059,2054,2071,2073,2113,2080,2032,2073
2054,2045,2072,2080,2117,2094,2048,2063
2056,2048,2066,2082,2112,2092,2035,2055
2049,2046,2067,2078,2075,2075,2034,2054
2050,2050,2063,2073,2050,2058,2027,2050
2063,2048,2047,2065,2005,2020,2005,2044
2049,2046,2048,2059,1985,2004,2026,2042
2053,2045,2049,2079,2032,2021,2036,2042
2049,2051,2049,2077,2050,2026,2029,2035
2056,2042,2044,2070,2051,2039,2016,2030
2056,2044,2046,2073,2094,2047,2014,2029
2059,2044,2038,2064,2102,2047,2020,2029
2045,2038,2027,2043,2092,2036,2007,2022
2040,2022,2004,2021,2094,2037,2020,2016
2043,2025,2014,2028,2106,2051,2035,2023
2043,2033,2018,2025,2110,2050,2040,2030
2057,2036,2011,2026,2097,2044,2039,2033
2063,2044,2015,2009,2014,2036,2029,2037
2054,2033,2012,1991,1871,2042,2022,2037
2054,2028,2010,2002,1895,2057,2025,2038
2049,2026,2009,2003,1937,2076,2021,2038
2051,2036,2022,2030,2002,2082,2041,2047
2065,2053,2045,2065,2061,2038,2049,2078
2072,2056,2049,2076,2085,2025,2050,2084
2059,2047,2039,2067,2066,2064,2053,2074
2058,2042,2041,2058,2029,2070,2046,2081
2049,2035,2033,2052,2068,2063,2033,2084
2051,2028,2024,2052,2130,2036,2033,2083
2043,2020,2018,2053,2164,2012,2049,2086
2046,2028,2041,2061,2154,2024,2047,2097
2060,2049,2076,2075,2149,2052,2049,2093
2066,2066,2084,2071,2156,2079,2054,2090
2064,2068,2085,2053,2136,2075,2050,2078
2062,2061,2069,2019,1957,2072,2052,2072
2063,2064,2063,2004,1852,2094,2049,2058
2060,2062,2067,2007,1856,2100,2051,2063
2064,2057,2062,2035,1949,2098,2046,2057
2061,2042,2048,2048,2024,2087,2015,2046
2049,2031,2041,2039,2026,2051,2025,2045
2049,2040,2043,2055,2112,2025,2029,2040
2044,2039,2041,2036,2087,1992,2015,2034
2044,2038,2031,2001,1986,1989,2021,2031
2050,2045,2037,2002,1985,2008,2031,2040
2055,2046,2036,2004,2038,2022,2035,2042
2050,2036,2028,1995,2039,2015,2031,2024
2036,2030,2036,1996,2012,2029,2028,2024
2047,2043,2066,2029,2046,2063,2054,2035
2057,2058,2082,2060,2072,2071,2056,2039
2057,2064,2079,2062,2056,2059,2031,2044
2059,2053,2077,2057,2044,2053,2051,2048
2058,2056,2073,2057,2065,2062,2042,2052
2053,2051,2061,2059,2090,2078,2053,2054
2051,2049,2060,2062,2084,2078,2047,2054
2056,2050,2059,2064,2078,2077,2050,2063
2060,2053,2051,2072,2083,2068,2057,2069
2053,2047,2043,2079,2131,2064,2078,2076
2054,2043,2042,2076,2112,2042,2064,2081
2047,2047,2034,2054,2028,2006,2038,2076
2043,2044,2018,2023,1962,1982,2026,2075
2050,2046,2025,2027,2001,2016,2031,2082
2047,2039,2023,2026,2030,2038,2038,2076
2042,2035,2028,2029,2088,2070,2047,2078
2051,2046,2034,2037,2108,2093,2063,2082
2053,2049,2031,2035,2091,2078,2060,2071
2051,2047,2037,2039,2080,2062,2046,2079
2050,2052,2034,2041,2068,2062,2032,2071
2047,2050,2039,2042,2063,2054,2043,2060
2053,2053,2042,2044,2057,2051,2034,2054
2051,2052,2035,2045,2053,2048,2042,2055
2049,2047,2041,2039,2058,2054,2067,2054
2048,2050,2039,2038,2056,2045,2060,2051
2048,2045,2037,2041,2061,2044,2049,2046
2042,2044,2031,2036,2053,2039,2037,2037
2041,2039,2031,2027,2042,2045,2037,2035
2040,2041,2034,2028,2038,2055,2033,2030
2042,2038,2022,2011,2036,2062,2037,2034
2032,2031,2016,2005,2027,2054,2043,2023
2035,2032,2018,2011,2025,2050,2036,2020
2041,2045,2040,2037,2047,2060,2035,2032
2045,2053,2034,2044,2043,2057,2023,2032
2037,2044,2039,2053,2036,2059,2031,2032
2040,2050,2034,2057,2056,2068,2043,2034
2048,2039,2034,2061,2074,2081,2053,2037
2041,2044,2038,2063,2082,2082,2052,2045
2039,2042,2039,2060,2082,2085,2062,2048
2036,2039,2049,2064,2081,2090,2063,2057
2039,2050,2056,2072,2077,2093,2044,2062
2038,2051,2055,2067,2073,2063,2044,2068
2040,2044,2056,2062,2060,2058,2037,2073
2036,2039,2055,2042,2054,2058,2038,2078
2034,2045,2058,2032,2054,2064,2047,2083
2035,2039,2039,2020,2047,2056,2038,2073
2024,2019,2028,2009,2028,2042,2030,2065
2021,2015,2029,2015,2023,2035,2027,2066
2035,2043,2054,2031,2029,2048,2018,2071
2038,2055,2059,2037,2039,2067,2020,2066
2038,2053,2043,2035,2039,2093,2020,2062
2039,2047,2038,2032,2022,2089,2040,2051
2041,2048,2037,2046,2014,2080,2035,2048
2039,2043,2034,2047,2015,2047,2022,2044
2038,2038,2029,2052,2036,2008,2036,2044
2045,2037,2030,2048,2049,2017,2018,2046
2047,2040,2033,2039,2054,2034,2038,2038
2044,2036,2031,2036,2056,2045,2053,2035
2043,2034,2032,2026,2078,2052,2032,2029
2048,2036,2032,2029,2097,2052,2022,2028
2045,2039,2029,2035,2088,2056,2014,2023
2048,2040,2033,2033,2074,2052,2019,2015
2038,2027,2030,2029,2048,2041,2030,2012
2031,2030,2028,2022,2027,2031,2022,2023
2041,2040,2033,2022,2011,2044,2033,2027
2044,2037,2037,2027,2027,2050,2042,2029
2046,2049,2052,2039,2047,2053,2052,2027
2047,2055,2057,2059,2072,2056,2049,2040
2055,2056,2059,2077,2090,2068,2064,2047
2041,2049,2053,2077,2093,2072,2037,2046
2042,2053,2044,2070,2093,2073,2032,2054
2044,2056,2053,2066,2122,2069,2043,2053
2047,2052,2047,2061,2123,2059,2062,2061
2047,2052,2046,2068,2142,2076,2046,2063
2050,2060,2059,2073,2164,2093,2038,2070
2053,2058,2056,2070,2148,2091,2026,2082
2052,2052,2051,2072,2136,2085,2033,2078
2052,2053,2055,2073,2111,2062,2048,2077
2047,2037,2052,2065,1993,2011,2036,2078
2047,2033,2056,2058,1834,2014,2041,2078
2050,2038,2058,2072,1882,2040,2052,2061
2049,2036,2058,2080,1987,2055,2040,2055
2045,2029,2067,2087,2036,2070,2036,2061
2043,2038,2067,2090,2040,2069,2033,2060
2052,2053,2069,2091,2022,2062,2028,2046
2057,2053,2058,2096,2019,2056,2056,2037
2056,2047,2050,2090,2016,2051,2035,2032
2053,2049,2040,2079,2015,2050,2038,2025
2055,2050,2036,2080,2013,2053,2037,2018
2050,2043,2030,2055,2024,2045,2032,2027
2048,2038,2027,2040,2020,2045,2036,2024
2046,2042,2020,2040,2037,2053,2024,2023
2050,2036,2020,2034,2037,2047,2032,2019
2054,2036,2010,2017,2025,2043,2038,2014
2042,2028,2002,1994,2002,2035,2039,2015
2049,2035,2021,2008,2001,2032,2030,2021
2051,2047,2054,2024,2026,2028,2034,2035
2055,2060,2079,2033,2025,2021,2051,2038
2056,2055,2072,2026,2022,2031,2041,2038
2059,2056,2063,2023,2018,2045,2054,2039
2060,2051,2061,2027,2014,2054,2037,2037
2053,2049,2059,2031,2014,2052,2033,2043
2051,2047,2058,2030,2016,2048,2033,2046
2042,2050,2055,2035,2025,2047,2046,2053
2047,2050,2055,2036,2040,2027,2047,2058
2047,2054,2053,2055,2071,2017,2049,2066
2049,2056,2056,2060,2078,2027,2034,2070
2047,2048,2046,2051,2038,2026,2047,2067
2033,2040,2027,2027,2033,2041,2043,2060
2026,2037,2023,2027,2050,2065,2050,2063
2027,2028,2008,2038,2063,2066,2045,2066
2024,2015,1997,2048,2078,2062,2023,2073
2034,2024,2027,2088,2086,2069,2027,2073
2030,2029,2056,2100,2086,2060,2048,2060
2035,2036,2069,2111,2078,2056,2034,2058
2040,2035,2059,2115,2074,2059,2031,2059
2039,2039,2057,2120,2069,2056,2038,2048
2047,2045,2049,2119,2073,2057,2032,2032
2047,2050,2055,2110,2068,2057,2027,2041
2055,2050,2054,2110,2063,2055,2032,2032
2050,2045,2044,2099,2034,2054,2033,2034
2040,2042,2048,2086,2005,2050,2028,2024
2044,2051,2061,2081,1966,2041,2040,2021
2050,2062,2065,2065,1938,2005,2027,2016
2046,2050,2062,2034,1948,1975,2043,2027
2039,2050,2062,2017,1991,1986,2063,2035
2039,2042,2060,2013,2025,2005,2053,2038
2042,2046,2058,1995,2049,2031,2048,2038
2054,2057,2058,1985,2060,2055,2052,2041
2055,2053,2049,1983,2072,2065,2061,2037
2056,2061,2054,1998,2090,2077,2064,2038
2056,2060,2057,2016,2093,2089,2073,2037
2052,2047,2056,2034,2086,2085,2053,2041
2056,2045,2057,2051,2102,2083,2054,2041
2048,2041,2049,2038,2098,2055,2028,2040
2040,2037,2048,2017,2043,2045,2033,2050
2037,2039,2048,2025,2072,2068,2052,2054
2045,2041,2044,2026,2057,2096,2043,2049
2044,2037,2045,2028,2028,2096,2051,2063
2036,2037,2040,2019,2005,2079,2033,2060
2033,2041,2044,2024,2003,2048,2025,2071
2039,2046,2049,2045,2035,1986,2049,2086
2048,2041,2045,2064,2095,1991,2033,2081
2042,2034,2037,2077,2141,2024,2040,2079
2051,2045,2049,2083,2136,2050,2058,2080
2050,2053,2051,2077,2113,2046,2050,2078
2055,2059,2061,2075,2063,2032,2052,2076
2056,2057,2054,2074,2019,2014,2039,2058
2057,2049,2042,2066,1996,2000,2028,2051
2051,2047,2034,2032,1923,1989,2026,2048
2043,2050,2047,2049,1940,2027,2052,2050
2057,2055,2051,2068,2020,2059,2045,2051
2052,2049,2045,2076,2089,2075,2062,2044
2056,2056,2049,2088,2097,2076,2078,2036
2044,2049,2058,2093,2084,2059,2062,2033
2044,2043,2055,2093,2064,2052,2057,2037
2044,2043,2050,2086,2068,2048,2055,2031
2051,2047,2052,2090,2073,2057,2056,2026
2042,2039,2045,2080,2058,2042,2030,2022
2038,2029,2036,2075,2054,2038,2040,2020
2042,2032,2039,2082,2055,2048,2026,2027
2044,2038,2036,2080,2058,2055,2043,2022
2044,2041,2031,2078,2054,2049,2043,2027
2037,2040,2024,2066,2044,2053,2033,2032
2040,2032,2025,2061,2032,2054,2043,2035
2032,2027,2024,2060,2034,2053,2046,2037
2034,2032,2035,2057,2040,2045,2045,2047
2037,2037,2044,2045,2035,2046,2055,2055
2037,2038,2037,2029,2037,2043,2056,2061
2040,2041,2043,2015,2027,2040,2055,2065
2047,2047,2047,2015,2027,2043,2043,2067
2044,2048,2051,2002,2024,2041,2043,2070
2035,2049,2059,2012,2026,2049,2049,2072
2043,2051,2064,2034,2040,2052,2051,2082
2045,2052,2064,2037,2035,2048,2036,2080
2038,2046,2055,2046,2048,2056,2055,2088
2045,2056,2064,2056,2044,2063,2054,2081
2051,2056,2063,2051,2047,2051,2042,2079
2052,2049,2059,2050,2051,2043,2036,2076
2048,2044,2044,2047,2042,2042,2030,2067
2045,2045,2046,2047,2035,2045,2052,2058
2054,2047,2058,2056,2038,2047,2039,2054
2052,2054,2060,2058,2042,2043,2037,2048
2050,2055,2062,2056,2047,2047,2037,2039
2050,2051,2054,2058,2046,2052,2025,2036
2047,2050,2052,2052,2056,2050,2044,2035
2052,2040,2051,2053,2056,2049,2049,2039
2053,2047,2052,2049,2051,2052,2045,2030
2048,2042,2047,2043,2037,2048,2028,2029
2046,2045,2053,2046,2024,2050,2036,2031
2052,2056,2056,2046,2041,2045,2034,2034
2048,2046,2051,2054,2043,2045,2042,2034
2046,2050,2059,2056,2052,2054,2047,2042
2052,2059,2055,2060,2052,2052,2034,2038
2054,2059,2055,2056,2053,2052,2055,2042
2057,2054,2052,2061,2058,2056,2060,2044
2055,2058,2058,2060,2056,2056,2045,2048
2064,2059,2066,2059,2050,2056,2047,2048
2060,2064,2059,2059,2037,2049,2034,2049
2061,2063,2063,2062,2048,2057,2026,2055
2060,2065,2066,2067,2060,2059,2032,2058
2058,2065,2067,2065,2065,2062,2027,2063
2051,2058,2063,2066,2063,2064,2044,2071
2046,2051,2057,2064,2060,2058,2057,2070
2047,2050,2054,2057,2048,2056,2059,2069
2046,2049,2057,2056,2052,2053,2064,2067
2047,2051,2047,2050,2046,2042,2044,2070
2043,2048,2043,2052,2040,2038,2053,2057
2037,2040,2040,2053,2035,2035,2034,2066
2042,2053,2047,2052,2042,2041,2039,2056
2042,2052,2044,2050,2039,2040,2040,2050
2040,2050,2030,2056,2039,2043,2054,2050
2047,2043,2021,2053,2038,2038,2031,2052
2045,2042,2018,2052,2035,2038,2044,2042
2049,2045,2023,2055,2039,2039,2052,2031
2055,2045,2023,2051,2037,2040,2044,2038
2051,2045,2022,2055,2039,2041,2058,2030
2047,2045,2020,2055,2040,2042,2040,2023
2046,2040,2025,2061,2044,2039,2045,2012
2046,2036,2028,2056,2047,2039,2039,2008
2040,2031,2033,2056,2052,2041,2056,2005
2034,2029,2039,2058,2051,2040,2066,2013
2042,2037,2050,2054,2043,2033,2047,2007
2032,2031,2048,2047,2035,2031,2007,2012
2031,2031,2055,2050,2039,2039,2035,2014
2042,2052,2075,2061,2054,2048,2015,2017
2040,2054,2087,2062,2060,2048,2046,2025
2047,2060,2084,2056,2052,2042,2044,2027
2052,2046,2075,2049,2051,2041,2047,2038
2050,2054,2068,2051,2056,2048,2070,2047
2051,2059,2065,2049,2062,2063,2065,2050
2053,2064,2062,2051,2029,2072,2058,2049
2051,2057,2059,2046,2005,2065,2060,2043
2044,2054,2057,2039,1986,2053,2043,2050
2047,2054,2052,2035,1976,2031,2043,2063
2045,2056,2057,2039,2000,1999,2049,2076
2052,2061,2061,2062,2061,2012,2058,2081
2051,2066,2060,2072,2102,2056,2056,2082
2053,2062,2051,2072,2109,2075,2052,2083
2042,2049,2038,2063,2070,2070,2052,2079
2042,2051,2041,2060,2058,2066,2067,2083
2045,2055,2049,2060,2072,2061,2065,2081
2043,2056,2056,2063,2092,2064,2056,2073
2044,2048,2056,2063,2091,2050,2043,2067
2050,2052,2070,2065,2074,2050,2041,2063
2050,2061,2070,2064,2069,2051,2050,2055
2051,2055,2071,2064,2056,2057,2051,2049
2053,2052,2071,2064,2060,2056,2039,2041
2051,2051,2078,2059,2059,2052,2046,2036
2049,2054,2078,2058,2060,2043,2041,2038
2048,2059,2071,2058,2061,2041,2045,2042
2049,2055,2066,2059,2054,2039,2037,2034
2044,2052,2063,2057,2056,2043,2033,2022
2050,2046,2061,2066,2058,2043,2032,2028
2042,2052,2058,2058,2053,2043,2029,2027
2039,2041,2043,2052,2049,2029,2016,2021
2041,2042,2045,2052,2048,2042,2053,2029
2050,2052,2057,2065,2058,2050,2039,2037
2053,2054,2058,2064,2060,2053,2032,2034
2053,2053,2054,2061,2053,2046,2041,2036
2051,2059,2058,2061,2052,2055,2062,2044
2049,2057,2050,2065,2056,2052,2052,2042
2054,2051,2057,2057,2059,2053,2021,2047
2048,2054,2060,2064,2054,2056,2065,2053
2051,2054,2065,2069,2058,2053,2084,2058
2053,2059,2061,2062,2053,2044,2073,2068
2050,2056,2059,2061,2048,2038,2078,2068
2046,2050,2057,2056,2053,2040,2069,2072
2048,2046,2052,2056,2055,2045,2059,2075
2038,2051,2056,2058,2051,2038,2067,2074
2039,2050,2051,2056,2045,2029,2044,2066
2035,2039,2042,2051,2049,2026,2037,2066
2031,2037,2042,2053,2055,2028,2042,2071
2037,2048,2045,2053,2056,2033,2047,2070
2035,2048,2044,2049,2054,2039,2050,2067
2035,2046,2048,2055,2046,2047,2052,2058
2037,2052,2043,2050,2043,2049,2014,2053
2042,2049,2043,2046,2039,2045,2046,2043
2046,2051,2042,2045,2033,2039,2033,2046
2050,2044,2048,2045,2031,2056,2031,2041
2057,2046,2045,2047,2032,2062,2029,2036
2048,2042,2045,2049,2035,2064,2053,2037
2049,2041,2046,2044,2040,2040,2046,2032
2053,2051,2052,2044,2030,2042,2035,2032
2049,2049,2052,2053,2041,2050,2048,2023
2048,2051,2054,2051,2043,2056,2051,2031
2045,2051,2055,2043,2041,2046,2039,2024
2034,2039,2044,2036,2042,2051,2013,2022
2032,2037,2042,2043,2051,2059,2023,2029
2040,2052,2049,2050,2055,2055,2061,2026
2038,2048,2052,2053,2061,2057,2048,2037
2040,2048,2049,2053,2060,2050,2049,2035
2046,2048,2047,2048,2069,2051,2026,2039
2048,2051,2052,2047,2060,2056,2037,2045
2047,2048,2049,2052,2061,2064,2032,2045
2042,2051,2054,2057,2063,2058,2046,2054
2038,2049,2053,2057,2063,2051,2051,2058
2046,2052,2059,2052,2063,2047,2036,2062
2046,2051,2053,2054,2058,2047,2030,2065
2045,2050,2058,2057,2065,2042,2037,2078
2050,2054,2056,2054,2071,2052,2040,2080
2048,2056,2059,2044,2066,2055,2044,2080
2042,2049,2053,2043,2057,2045,2034,2077
2034,2039,2045,2039,2052,2043,2029,2073
2033,2041,2048,2042,2053,2047,2033,2073
2042,2057,2056,2049,2049,2046,2062,2072
2041,2052,2055,2047,2059,2048,2061,2067
2045,2057,2054,2049,2052,2051,2065,2068
2047,2053,2049,2051,2049,2054,2069,2069
2043,2049,2051,2047,2050,2062,2068,2062
2049,2054,2046,2046,2044,2062,2066,2064
2045,2051,2047,2042,2054,2063,2058,2051
2042,2048,2054,2049,2051,2054,2063,2046
2044,2053,2051,2054,2052,2044,2054,2042
2043,2054,2050,2058,2049,2034,2042,2033
2044,2053,2052,2054,2043,2026,2042,2030
2042,2046,2043,2052,2039,2025,2042,2028
2038,2039,2042,2055,2043,2023,2027,2018
2038,2044,2048,2058,2045,2020,2015,2012
2029,2032,2043,2051,2037,2017,2010,2011
2028,2038,2045,2055,2052,2030,2034,2022
2029,2045,2049,2056,2058,2034,2041,2032
2040,2043,2053,2057,2059,2041,2050,2039
2046,2049,2054,2057,2055,2049,2048,2045
2049,2054,2055,2056,2064,2054,2049,2047
2051,2055,2054,2055,2065,2049,2050,2054
2055,2050,2056,2050,2063,2051,2070,2054
2048,2048,2048,2045,2053,2043,2055,2061
2045,2050,2051,2037,2048,2047,2050,2061
2043,2048,2049,2036,2049,2044,2035,2066
2039,2048,2043,2039,2053,2046,2064,2067
2039,2042,2044,2041,2051,2051,2060,2073
2041,2042,2044,2036,2052,2054,2040,2078
2042,2049,2049,2039,2060,2062,2046,2083
2044,2041,2056,2036,2056,2061,2068,2073
2039,2038,2046,2039,2052,2055,2054,2074
2033,2041,2057,2047,2057,2066,2042,2077
2044,2049,2059,2052,2058,2072,2057,2075
2041,2047,2053,2051,2061,2075,2062,2076
2033,2050,2051,2048,2052,2068,2052,2070
2044,2049,2045,2043,2058,2063,2049,2066
2042,2048,2043,2044,2043,2051,2054,2054
2044,2043,2039,2046,2049,2053,2044,2050
2045,2043,2040,2051,2058,2058,2060,2038
2036,2038,2042,2050,2060,2048,2047,2033
2037,2040,2041,2049,2061,2043,2060,2033
2038,2032,2044,2047,2055,2035,2050,2031
2036,2033,2037,2045,2056,2030,2052,2026
2037,2033,2041,2041,2051,2036,2047,2028
2039,2038,2042,2042,2038,2029,2037,2026
2040,2033,2036,2036,2035,2013,2022,2018
2034,2025,2036,2032,2033,2008,2021,2012
2032,2029,2041,2044,2037,2011,2027,2022
2043,2049,2049,2051,2043,2021,2038,2019
2044,2055,2044,2049,2050,2029,2029,2027
2041,2051,2047,2045,2047,2023,2033,2030
2044,2051,2050,2053,2052,2029,2023,2034
2047,2051,2055,2053,2057,2029,2024,2054
2053,2057,2055,2052,2066,2028,2028,2048
2056,2063,2055,2055,2063,2032,2051,2056
2062,2066,2053,2061,2058,2029,2030,2067
2062,2068,2062,2061,2057,2037,2044,2069
2063,2072,2064,2060,2067,2040,2046,2077
2064,2074,2063,2065,2064,2045,2060,2081
2061,2066,2062,2070,2070,2048,2058,2081
2058,2071,2057,2062,2066,2054,2067,2083
2048,2060,2046,2052,2051,2049,2062,2069
2036,2042,2040,2052,2052,2050,2058,2069
2033,2043,2045,2051,2057,2049,2051,2067
2041,2056,2049,2054,2059,2038,2060,2056
2050,2055,2053,2062,2061,2042,2054,2052
2047,2055,2053,2063,2059,2058,2058,2055
2045,2058,2051,2058,2059,2091,2057,2050
2037,2057,2052,2051,2053,2094,2057,2041
2041,2049,2051,2053,2054,2075,2039,2040
2046,2050,2054,2048,2045,2061,2037,2038
2046,2049,2043,2050,2059,2066,2032,2032
2051,2054,2049,2052,2058,2077,2036,2042
2054,2057,2049,2057,2063,2076,2022,2039
2053,2061,2046,2062,2060,2069,2038,2044
2057,2065,2054,2062,2070,2074,2047,2038
2053,2064,2053,2061,2068,2069,2056,2037
2052,2059,2047,2058,2064,2055,2034,2024
2046,2052,2045,2053,2056,2049,2029,2026
2052,2060,2056,2063,2059,2064,2063,2029
2061,2066,2054,2060,2064,2066,2055,2029
2056,2060,2052,2054,2056,2050,2031,2034
2050,2054,2048,2044,2048,2046,2065,2037
2048,2051,2042,2040,2041,2044,2054,2038
2044,2049,2038,2035,2031,2033,2056,2042
2044,2047,2040,2029,2028,2018,2051,2043
2043,2043,2043,2037,2040,2023,2057,2058
2044,2044,2040,2044,2047,2032,2056,2051
2040,2044,2049,2046,2044,2031,2036,2053
2040,2048,2059,2053,2052,2045,2039,2062
2040,2049,2048,2054,2051,2053,2047,2063
2039,2051,2048,2053,2048,2062,2055,2068
2041,2053,2048,2053,2053,2053,2061,2072
2036,2049,2047,2048,2044,2040,2055,2069
2034,2043,2042,2044,2042,2034,2041,2069
2044,2055,2056,2053,2042,2044,2044,2070
2047,2061,2054,2060,2036,2041,2051,2059
2049,2052,2053,2059,2032,2031,2039,2053
2050,2051,2054,2062,2028,2018,2033,2047
2051,2053,2052,2054,2025,2020,2008,2037
2048,2055,2054,2047,2023,2020,2018,2033
2055,2057,2050,2048,2034,2020,2024,2026
2052,2060,2051,2046,2037,2011,2012,2022
2051,2056,2046,2047,2045,2012,2030,2023
2057,2053,2044,2046,2050,2007,2025,2025
2050,2050,2045,2043,2040,2001,2006,2022
2047,2047,2045,2034,2029,1998,2006,2015
2044,2048,2042,2034,2021,2001,2001,2012
2041,2048,2042,2038,2033,2013,2010,2013
2039,2043,2034,2040,2032,2024,2020,2011
2043,2045,2041,2043,2042,2038,2034,2012
2049,2050,2049,2053,2048,2051,2049,2020
2056,2054,2047,2057,2055,2051,2040,2020
2057,2051,2049,2058,2059,2044,2044,2031
2058,2054,2049,2045,2056,2047,2054,2034
2061,2050,2053,2045,2049,2043,2042,2032
2058,2053,2051,2033,2043,2041,2042,2031
2060,2044,2040,2027,2046,2039,2049,2038
2056,2045,2042,2030,2047,2045,2034,2039
2052,2041,2045,2034,2050,2054,2062,2043
2055,2052,2049,2037,2061,2080,2076,2065
2053,2050,2054,2046,2066,2087,2078,2066
2057,2054,2058,2039,2059,2079,2071,2071
2058,2054,2050,2034,2060,2072,2046,2065
2046,2048,2052,2035,2048,2065,2034,2064
2038,2034,2037,2026,2034,2060,2057,2063
2037,2029,2034,2021,2033,2038,2056,2064
2041,2042,2043,2024,2033,2036,2070,2066
2050,2040,2039,2024,2038,2055,2066,2063
2042,2041,2039,2020,2032,2059,2086,2062
2040,2038,2040,2025,2036,2059,2068,2047
2046,2042,2037,2026,2035,2049,2041,2047
2049,2042,2039,2032,2033,2040,2064,2038
2048,2045,2043,2030,2034,2040,2055,2036
2046,2041,2035,2026,2033,2029,2041,2030
2045,2046,2037,2030,2026,2019,2038,2022
2045,2044,2038,2032,2027,2010,2046,2028
2044,2049,2041,2030,2030,2019,2043,2017
2050,2046,2046,2038,2028,2021,2033,2007
2053,2049,2042,2039,2035,2020,2015,2010
2049,2056,2043,2044,2037,2032,2023,2008
2048,2042,2037,2040,2035,2031,2043,2003
2044,2039,2041,2037,2033,2026,2048,2011
2051,2049,2051,2045,2042,2034,2052,2020
2052,2052,2050,2043,2041,2039,2056,2015
2047,2053,2050,2046,2046,2050,2055,2015
2047,2050,2047,2049,2044,2055,2056,2024
2049,2057,2048,2041,2048,2058,2069,2026
2045,2049,2047,2046,2047,2055,2061,2029
2047,2053,2048,2043,2031,2032,2058,2029
2049,2055,2055,2047,2038,2024,2038,2037
2049,2055,2047,2049,2055,2038,2068,2046
2050,2052,2046,2048,2055,2032,2062,2054
2054,2046,2042,2050,2056,2035,2038,2061
2049,2047,2041,2040,2051,2053,2051,2059
2049,2039,2034,2033,2048,2060,2054,2056
2044,2042,2032,2031,2039,2059,2050,2054
2035,2032,2027,2023,2024,2049,2040,2054
2032,2025,2031,2025,2026,2038,2040,2050
2032,2034,2033,2024,2030,2036,2044,2046
2026,2034,2029,2024,2036,2035,2036,2045
2027,2033,2029,2021,2027,2031,2017,2049
2030,2037,2026,2018,2035,2026,2025,2045
2038,2043,2029,2016,2022,2028,2034,2040
2046,2046,2034,2031,2061,2057,2050,2041
2055,2054,2043,2054,2130,2081,2042,2042
2059,2052,2046,2052,2118,2108,2038,2035
2052,2056,2039,2049,2130,2134,2032,2038
2058,2060,2047,2064,2166,2145,2030,2040
2056,2066,2049,2061,2155,2105,2033,2030
2052,2066,2048,2060,2151,2075,2037,2031
2057,2066,2054,2064,2148,2084,2057,2039
2057,2065,2052,2042,2057,2084,2069,2031
2049,2048,2035,1980,1774,2040,2058,2018
2040,2036,2024,1947,1568,2004,2052,2013
2038,2038,2024,1947,1675,2012,2056,2004
2041,2034,2031,1982,1913,2062,2083,2008
2044,2043,2039,2037,2099,2099,2090,2019
2045,2046,2044,2055,2126,2093,2079,2026
2053,2046,2048,2044,2069,2084,2063,2027
2040,2044,2037,2008,1993,2066,2051,2024
2038,2039,2027,1995,1945,2070,2043,2025
2039,2029,2027,2015,2066,2108,2049,2019
2024,2018,2025,2043,2173,2146,2056,2017
2023,2020,2020,2055,2227,2142,2052,2019
2025,2018,2028,2053,2227,2088,2029,2036
2028,2023,2029,2056,2225,2023,2026,2041
2025,2034,2031,2056,2222,1948,2040,2049
2029,2033,2032,2046,2193,1932,2028,2040
2017,2024,2027,2031,2086,1921,2024,2038
2013,2018,2024,2034,2063,1945,2038,2042
2020,2027,2023,2034,2014,1965,2046,2034
2020,2030,2024,1997,1840,1977,2038,2034
2015,2025,2019,1980,1824,2009,2028,2026
2016,2025,2024,2001,1911,2036,2041,2025
2021,2028,2026,2008,1956,2054,2039,2025
2028,2027,2022,2010,1985,2054,2045,2019
2024,2029,2026,1999,2006,2055,2050,2021
2023,2026,2024,1990,2009,2036,2048,2011
2033,2031,2029,1979,2005,2032,2046,2011
2028,2038,2039,1988,2008,2041,2032,2013
2038,2048,2051,1995,2014,2044,2030,2009
2049,2060,2055,2006,2024,2043,2028,2019
2052,2060,2060,2013,2032,2042,2043,2020
2059,2064,2063,2017,2029,2025,2039,2010
2041,2056,2053,2013,2018,2008,2020,2010
2043,2060,2058,2014,2024,2002,2029,2024
2058,2066,2061,2021,2030,2018,2050,2029
2058,2064,2058,2019,2043,2027,2042,2024
2046,2064,2061,2025,2036,2038,2040,2024
2055,2071,2055,2026,2044,2044,2040,2029
2051,2066,2054,2021,2041,2039,2034,2031
2047,2061,2047,2014,2029,2031,2046,2034
2043,2056,2041,2009,1998,2012,2027,2036
2043,2055,2040,2005,1990,2011,2044,2040
2040,2057,2034,1999,1981,2020,2054,2041
2039,2049,2031,1998,1987,2044,2043,2052
2040,2055,2037,2019,2036,2073,2076,2068
2045,2059,2046,2040,2090,2111,2082,2075
2052,2062,2049,2052,2120,2123,2090,2078
2052,2066,2043,2054,2126,2118,2076,2078
2041,2046,2031,2046,2095,2086,2076,2070
2036,2039,2032,2043,2077,2077,2072,2063
2045,2040,2027,2051,2071,2070,2050,2058
2038,2033,2017,2051,2063,2070,2051,2050
2039,2033,2006,2049,2057,2062,2028,2042
2036,2028,2007,2052,2050,2070,2045,2040
2038,2022,2002,2045,2024,2083,2042,2025
2037,2027,1997,2043,2011,2079,2049,2027
2036,2034,1997,2047,2002,2076,2040,2024
2040,2036,2005,2050,1987,2054,2043,2027
2040,2042,2008,2061,1988,2010,2048,2034
2042,2041,2003,2066,2028,2013,2040,2033
2041,2039,2015,2060,2050,2039,2033,2030
2050,2043,2009,2039,2044,2046,2041,2022
2040,2035,2003,2019,2058,2060,2047,2026
2034,2033,2008,2006,2060,2063,2043,2012
2029,2035,2019,1987,2008,2022,2034,2020
2036,2051,2057,1979,2008,2008,2025,2019
2048,2070,2082,1986,2044,2011,2041,2036
2060,2083,2105,2018,2113,2047,2068,2039
2065,2088,2119,2064,2148,2096,2081,2043
2068,2087,2118,2091,2141,2105,2080,2044
2061,2064,2099,2073,2075,2080,2048,2041
2049,2046,2072,2028,1988,2024,2028,2031
2030,2030,2047,2008,1929,1982,2018,2028
2026,2030,2045,2018,1983,1994,2024,2030
2032,2042,2066,2058,2099,2036,2054,2048
2047,2056,2086,2065,2062,2046,2052,2046
2045,2061,2075,2014,1867,2029,2056,2045
2040,2058,2076,2036,1938,2056,2069,2064
2046,2064,2078,2064,2091,2084,2080,2075
2047,2060,2082,2067,2184,2089,2070,2069
2037,2043,2053,2043,2187,2058,2049,2060
2029,2037,2027,2012,2172,2045,2034,2057
2024,2033,2012,1997,2176,2052,2045,2058
2026,2031,2009,1987,2172,2058,2051,2060
2027,2031,2009,1978,2138,2058,2048,2051
2029,2034,2018,1969,2037,2050,2041,2049
2027,2033,2003,1934,1855,2025,2057,2038
2030,2028,2007,1945,1867,2023,2047,2029
2028,2038,2025,1962,1921,2026,2041,2027
2029,2038,2045,1984,1967,2025,2028,2027
2030,2043,2061,1997,1987,2023,2023,2015
2042,2041,2066,2004,1996,2016,2016,2012
2038,2045,2057,2008,2007,2027,2041,2015
2042,2057,2062,2015,2014,2030,2037,2022
2054,2070,2067,2028,2021,2040,2047,2030
2055,2068,2064,2025,2024,2044,2055,2035
2056,2051,2051,2026,2028,2041,2038,2031
2048,2047,2051,2023,2033,2042,2039,2038
2052,2057,2053,2036,2039,2047,2029,2034
2057,2058,2051,2040,2026,2051,2060,2035
2054,2061,2058,2053,2047,2054,2066,2045
2057,2071,2067,2057,2039,2069,2066,2044
2053,2070,2070,2056,2016,2096,2047,2045
2046,2060,2067,2056,2009,2106,2068,2047
2050,2065,2052,2051,1994,2110,2074,2050
2049,2060,2046,2044,1990,2098,2072,2058
2056,2061,2054,2053,1995,2036,2068,2067
2059,2072,2060,2067,2042,2016,2084,2079
2056,2064,2054,2053,2029,2030,2080,2074
2050,2062,2044,2037,1985,2024,2069,2077
2047,2061,2038,2035,2012,2021,2062,2075
2049,2049,2031,2026,2056,2028,2046,2068
2032,2035,2029,2027,2076,2031,2042,2059
2028,2037,2036,2028,2066,2031,2038,2067
2037,2053,2044,2021,2053,2027,2033,2058
2037,2052,2027,2000,2005,2008,2023,2048
2032,2046,2020,1984,1982,1986,2014,2042
2034,2039,2013,1979,1973,1990,2009,2040
2032,2043,2013,1986,1990,2019,2006,2031
2038,2041,2019,1990,2043,2052,2045,2036
2044,2047,2034,2016,2071,2082,2052,2032
2045,2053,2028,2006,2070,2094,2057,2030
2045,2043,2016,1998,2059,2086,2039,2038
2045,2033,1993,1982,2051,2080,2064,2028
2041,2035,1981,1979,2038,2058,2056,2020
2041,2034,1993,1988,2053,2059,2060,2029
2044,2049,1996,2010,2120,2068,2075,2024
2044,2045,1994,2019,2154,2073,2083,2017
2034,2035,1988,2011,2148,2063,2066,2012
2037,2032,1992,2015,2132,2055,2049,2018
2040,2041,2013,2024,2109,2061,2067,2019
2042,2041,2023,2029,2079,2046,2065,2021
2036,2027,2016,2023,2050,2019,2052,2020
2021,2020,2024,1997,1970,1979,2054,2025
2029,2030,2043,1999,1905,1985,2056,2032
2041,2044,2076,2022,1946,2004,2069,2043
2047,2061,2099,2027,1983,2011,2058,2053
2051,2071,2107,2033,2011,2024,2056,2062
2053,2072,2110,2033,2021,2032,2062,2070
2057,2073,2100,2040,2034,2035,2063,2080
2055,2068,2094,2043,2039,2028,2052,2086
2044,2062,2085,2043,2035,2027,2058,2083
2048,2058,2092,2042,2037,2022,2090,2076
2045,2067,2090,2042,2036,2029,2071,2070
2037,2059,2093,2029,2018,2016,2062,2072
2037,2056,2091,2026,2007,2002,2054,2067
2039,2066,2098,2025,1994,1996,2052,2059
2039,2062,2095,2021,1993,1991,2031,2042
2041,2065,2094,2024,1999,2028,2044,2045
2040,2061,2093,2018,1987,2088,2058,2048
2046,2065,2093,2017,1958,2080,2066,2045
2049,2063,2092,2018,1933,2057,2058,2045
2045,2067,2089,2016,1891,2029,2054,2042
2046,2064,2088,2017,1889,1983,2047,2042
2045,2064,2078,2033,1971,2002,2035,2043
2041,2058,2078,2056,2071,2049,2067,2043
2047,2065,2085,2083,2149,2053,2062,2054
2057,2071,2094,2098,2225,2088,2067,2051
2052,2065,2086,2101,2219,2110,2084,2048
2056,2062,2072,2080,2168,2091,2062,2035
2048,2045,2050,2052,2086,2050,2052,2017
2033,2034,2029,2026,1995,2033,2060,2009
2030,2044,2036,2040,2042,2044,2054,2025
2044,2049,2036,2052,2117,2053,2074,2021
2039,2050,2044,2057,2096,2052,2069,2025
2046,2052,2048,2057,2020,2049,2054,2036
2055,2060,2050,2054,1999,2048,2079,2030
2053,2059,2053,2057,2013,2056,2080,2038
2055,2066,2053,2046,2020,2052,2070,2036
2055,2062,2038,2019,1941,2025,2060,2037
2050,2054,2037,1993,1890,2004,2052,2038
2056,2055,2037,1996,1994,2027,2043,2046
2048,2060,2038,2012,2087,2037,2059,2054
2041,2050,2041,2021,2111,2041,2046,2050
2041,2048,2047,2012,2068,2000,2044,2058
2040,2045,2059,2005,2041,1986,2042,2067
2030,2039,2064,1997,2014,1974,2034,2057
2022,2028,2057,1988,1995,1971,2023,2046
2018,2032,2074,2010,2067,2013,2042,2060
2032,2047,2089,2052,2148,2059,2061,2064
2036,2052,2075,2053,2156,2072,2057,2057
2037,2045,2063,2026,2122,2072,2054,2055
2032,2045,2061,2010,2076,2071,2040,2048
2035,2051,2064,2016,2026,2081,2048,2038
2041,2052,2073,2019,1997,2071,2048,2036
2043,2047,2072,2009,1939,2046,2043,2035
2036,2045,2064,1999,1881,2003,2043,2030
2042,2046,2079,2018,1929,1979,2053,2033
2048,2048,2081,2050,1980,1981,2064,2038
2044,2047,2071,2062,2012,1997,2077,2027
2043,2044,2071,2064,2064,2007,2055,2019
2035,2034,2059,2054,2112,2002,2038,2021
2033,2029,2046,2050,2090,2006,2035,2022
2028,2024,2038,2043,2063,2012,2042,2025
2030,2033,2042,2041,2080,2038,2050,2029
2040,2035,2045,2039,2106,2044,2058,2025
2040,2036,2044,2041,2105,2047,2066,2026
2041,2038,2050,2039,2097,2052,2076,2027
2039,2036,2043,2029,2066,2030,2052,2027
2035,2032,2038,2012,1903,2006,2050,2029
2039,2041,2032,2000,1805,1997,2056,2039
2042,2038,2033,1997,1868,2015,2053,2044
2049,2040,2026,1993,1954,2031,2060,2046
2050,2038,2028,2010,2013,2031,2043,2057
2045,2042,2030,2022,2036,2038,2069,2067
2052,2052,2036,2030,2046,2032,2066,2072
2054,2056,2033,2034,2032,2014,2066,2071
2045,2051,2023,2033,2058,2021,2054,2080
2050,2051,2021,2041,2078,2025,2027,2067
2053,2035,2007,2040,2075,2024,2020,2061
2043,2029,2001,2043,2073,2021,2047,2064
2046,2029,1998,2047,2085,2023,2045,2060
2042,2032,1999,2055,2092,2027,2058,2053
2040,2032,2010,2053,2066,2028,2047,2050
2044,2032,2008,2019,1985,2019,2044,2040
2042,2027,2006,1997,1955,2011,2031,2036
2041,2029,2019,2020,1981,2012,2050,2030
2048,2034,2051,2046,2008,2016,2049,2027
2054,2039,2077,2056,2022,2028,2053,2029
2047,2048,2092,2058,2025,2023,2044,2023
2045,2038,2097,2050,2013,2026,2028,2021
2040,2036,2096,2051,2015,2031,2025,2017
2042,2043,2095,2066,2018,2024,2033,2020
2048,2051,2101,2067,2022,2027,2045,2027
2049,2058,2082,2056,2033,2033,2031,2019
2041,2044,2068,2047,2025,2035,2040,2022
2039,2051,2064,2052,2024,2046,2050,2030
2056,2062,2057,2050,2023,2046,2033,2022
2048,2057,2048,2038,2016,2043,2051,2023
2046,2052,2036,2019,2018,2050,2057,2030
2044,2048,2027,2006,2030,2050,2060,2037
2050,2046,2019,1993,2042,2049,2064,2041
2053,2042,2027,1985,2041,2033,2059,2039
2050,2037,2022,1972,2036,2028,2067,2055
2051,2036,2012,1962,2044,2038,2088,2063
2054,2036,2022,1963,2044,2036,2088,2064
2051,2039,2027,1976,2049,2037,2086,2067
2040,2037,2043,1992,2060,2056,2081,2074
2039,2034,2043,2000,2052,2057,2071,2075
2041,2028,2040,2009,2044,2051,2042,2080
2039,2030,2042,2008,2044,2041,2044,2066
2030,2015,2028,1999,2032,2031,2045,2058
2026,2012,2020,2002,2024,2031,2050,2064
2029,2025,2029,2008,2023,2040,2060,2076
2042,2036,2027,2011,2024,2038,2063,2071
2043,2036,2029,2012,2017,2042,2055,2055
2044,2035,2034,2015,2016,2038,2052,2048
2043,2030,2032,2018,2023,2038,2041,2037
2045,2037,2036,2022,2019,2022,2032,2042
2049,2039,2040,2024,2020,2032,2051,2045
2054,2048,2032,2022,2028,2040,2055,2046
2059,2040,2038,2028,2040,2040,2062,2040
2061,2044,2045,2036,2041,2029,2050,2041
2060,2045,2042,2038,2039,2033,2047,2032
2063,2044,2052,2051,2046,2040,2060,2031
2062,2056,2062,2048,2051,2060,2070,2028
2070,2058,2057,2050,2046,2051,2051,2021
2061,2051,2045,2035,2039,2043,2041,2023
2061,2052,2051,2044,2050,2056,2055,2028
2064,2065,2056,2053,2056,2067,2043,2026
2069,2058,2054,2053,2054,2063,2055,2026
2063,2053,2050,2052,2053,2048,2068,2024
2050,2051,2051,2052,2056,2048,2072,2034
2054,2055,2055,2061,2046,2059,2077,2043
2054,2045,2043,2058,2063,2061,2086,2053
2057,2042,2034,2054,2063,2063,2083,2058
2052,2043,2040,2054,2053,2049,2087,2064
2061,2046,2039,2054,2038,2028,2072,2070
2061,2044,2039,2050,2012,2018,2074,2074
2057,2036,2029,2034,1964,2025,2056,2075
2049,2032,2026,2056,1970,2058,2071,2079
2050,2036,2032,2070,1985,2086,2080,2073
2052,2032,2023,2060,1991,2060,2071,2066
2040,2014,2016,2049,2035,2004,2056,2067
2039,2020,2025,2062,2154,2024,2063,2080
2046,2037,2038,2076,2227,2060,2059,2076
2056,2038,2041,2064,2238,2088,2053,2068
2051,2033,2042,2054,2212,2077,2045,2052
2043,2031,2048,2044,2156,2041,2043,2045
2047,2039,2061,2034,2130,2033,2020,2037
2050,2044,2058,2023,2108,2032,2044,2032
2048,2044,2053,1994,1995,2014,2053,2036
2057,2044,2050,1992,1903,2015,2052,2034
2059,2049,2046,1997,1905,2021,2041,2028
2054,2048,2039,1990,1887,2013,2034,2029
2056,2040,2034,1983,1876,2000,2054,2026
2054,2041,2033,1999,1925,2008,2042,2026
2054,2035,2031,2016,1954,2018,2035,2030
2049,2035,2037,2027,1975,2020,2062,2022
2042,2033,2034,2035,1999,2018,2050,2021
2040,2034,2038,2030,2043,2031,2064,2026
2051,2051,2052,2043,2080,2041,2057,2023
2049,2050,2057,2043,2092,2040,2042,2028
2043,2049,2057,2054,2083,2050,2061,2030
2045,2050,2058,2043,2070,2050,2079,2036
2046,2047,2055,2042,2057,2044,2064,2043
2049,2046,2060,2048,2066,2048,2087,2054
2050,2053,2064,2052,2081,2048,2073,2064
2056,2060,2065,2049,2053,2044,2084,2074
2062,2063,2060,2047,2040,2045,2100,2076
2063,2059,2061,2041,2024,2032,2075,2081
2058,2058,2053,2033,2004,2010,2055,2080
2058,2052,2053,2037,2059,2021,2052,2088
2056,2054,2057,2034,2064,2016,2040,2090
2057,2051,2054,2032,2040,2028,2048,2080
2052,2035,2041,2018,2000,2042,2052,2071
2038,2036,2036,2010,1981,2044,2059,2071
2043,2040,2043,2016,1974,2040,2050,2062
2048,2042,2044,2015,1975,2027,2056,2053
2040,2043,2044,2030,2016,2000,2028,2050
2046,2040,2048,2047,2071,2018,2055,2060
2052,2045,2054,2059,2104,2044,2055,2060
2059,2045,2046,2053,2089,2054,2072,2054
2057,2045,2050,2042,2064,2049,2065,2043
2053,2042,2054,2035,2043,2029,2065,2043
2051,2044,2046,2037,2030,2024,2081,2045
2054,2044,2047,2044,2026,2027,2077,2047
2056,2042,2047,2041,1994,2006,2064,2038
2057,2042,2044,2036,1970,1993,2060,2033
2053,2042,2043,2037,1966,1992,2070,2034
2047,2041,2038,2036,1957,2010,2068,2029
2039,2026,2026,2030,1974,2029,2056,2030
2047,2030,2037,2051,2026,2062,2074,2036
2062,2048,2059,2082,2097,2102,2085,2042
2055,2044,2067,2086,2123,2115,2087,2045
2058,2045,2072,2091,2113,2078,2090,2045
2056,2043,2071,2096,2101,2068,2094,2053
2058,2043,2060,2082,2068,2072,2090,2049
2048,2035,2055,2059,1985,2056,2077,2038
2045,2027,2033,2047,2050,2047,2075,2046
2049,2021,2035,2062,2172,2064,2075,2056
2050,2029,2041,2082,2220,2065,2087,2061
2051,2038,2043,2089,2221,2063,2082,2070
2053,2036,2045,2091,2228,2065,2077,2076
2052,2030,2035,2080,2204,2064,2061,2072
2043,2026,2013,2054,2080,2049,2069,2077
2041,2026,2023,2070,2098,2086,2092,2083
2037,2023,2017,2067,2115,2097,2081,2089
2045,2020,2016,2049,2113,2101,2093,2092
2053,2034,2020,2029,1966,2084,2073,2086
2056,2029,2022,1999,1819,2044,2062,2089
2052,2038,2024,1987,1857,2015,2056,2076
2053,2042,2040,1991,1949,1993,2057,2068
2054,2040,2045,1992,1991,1984,2050,2058
2052,2041,2038,1990,1959,1947,2045,2041
2047,2036,2040,1983,1974,1937,2045,2030
2052,2041,2045,1996,2040,1991,2054,2033
2057,2050,2049,2013,2078,2036,2072,2041
2060,2048,2045,2005,2063,2017,2062,2037
2054,2038,2030,1987,2001,1998,2044,2029
2053,2039,2038,1984,1976,1976,2053,2038
2054,2047,2036,1984,1922,1973,2047,2034
2061,2037,2042,1980,1892,1971,2028,2021
2043,2016,2019,1960,1896,1963,2010,2010
2033,2012,2025,1978,1945,2000,2041,2023
2051,2033,2049,2044,2028,2048,2049,2033
2045,2032,2048,2062,2082,2080,2062,2021
2036,2024,2051,2078,2163,2096,2067,2029
2039,2036,2055,2072,2197,2101,2077,2031
2050,2029,2057,2076,2214,2093,2072,2045
2050,2039,2052,2066,2213,2084,2073,2047
2055,2036,2048,2051,2148,2089,2063,2047
2043,2033,2041,2037,2084,2113,2065,2049
2039,2029,2044,2027,2042,2126,2072,2051
2037,2029,2042,2018,2018,2121,2080,2064
2038,2026,2038,2000,1923,2078,2084,2078
2044,2040,2051,2030,1955,2027,2088,2099
2053,2048,2060,2056,2021,2049,2099,2099
2053,2053,2064,2069,2045,2054,2075,2099
2049,2039,2061,2073,2032,2036,2052,2092
2048,2030,2058,2081,2026,2021,2046,2084
2042,2038,2061,2085,2011,2006,2041,2075
2043,2038,2055,2083,2004,1995,2034,2067
2040,2038,2045,2082,2025,2003,2042,2058
2042,2036,2043,2092,2055,2016,2053,2058
2048,2033,2042,2101,2075,2028,2057,2065
2051,2046,2046,2094,2072,2029,2051,2048
2044,2046,2037,2093,2065,2038,2059,2049
2047,2046,2028,2094,2057,2047,2054,2038
2045,2045,2036,2104,2070,2057,2071,2044
2054,2046,2042,2109,2093,2059,2054,2037
2054,2048,2047,2096,2118,2058,2059,2040
2055,2044,2052,2069,2133,2082,2039,2034
2039,2036,2042,2021,2101,2112,2055,2034
2039,2023,2038,1990,2087,2123,2062,2035
2038,2025,2041,1983,2080,2114,2060,2040
2038,2034,2046,1984,2068,2097,2071,2050
2052,2054,2058,1986,2061,2067,2092,2059
2057,2049,2039,1970,2018,2056,2068,2060
2059,2038,2030,1949,1892,2040,2052,2056
2056,2034,2023,1938,1745,1977,2055,2053
2054,2039,2028,1954,1786,1954,2039,2059
2062,2044,2035,1994,1971,2018,2067,2070
2063,2057,2049,2031,2047,2040,2076,2069
2068,2066,2058,2034,2015,2045,2077,2069
2063,2060,2060,2028,1991,2042,2072,2068
2050,2048,2050,2039,2003,2040,2069,2072
2050,2040,2051,2042,2021,2041,2051,2073
2048,2040,2052,2031,2042,2042,2047,2079
2049,2037,2058,2034,2071,2038,2069,2083
2040,2046,2073,2045,2087,2043,2065,2082
2039,2030,2073,2052,2109,2033,2040,2074
2030,2022,2083,2064,2125,2039,2059,2077
2039,2034,2101,2077,2128,2058,2069,2080
2049,2042,2096,2079,2088,2056,2071,2073
2049,2036,2086,2077,2077,2060,2078,2077
2048,2033,2075,2080,2049,2052,2072,2076
2055,2042,2080,2063,1978,2036,2064,2067
2055,2044,2074,2061,1972,2037,2063,2065
2052,2051,2071,2070,2007,2049,2063,2054
2053,2049,2066,2077,2045,2058,2083,2057
2056,2047,2058,2080,2052,2050,2068,2051
2052,2046,2049,2059,2000,2008,2052,2045
2047,2034,2036,2024,1902,1988,2049,2042
2045,2031,2020,2014,1932,2008,2044,2050
2047,2028,2018,2001,1987,2029,2055,2038
2043,2033,2017,2003,2134,2060,2055,2035
2041,2022,2013,2009,2216,2085,2058,2039
2036,2041,2028,2040,2287,2117,2061,2043
2062,2064,2047,2067,2372,2142,2070,2049
2059,2061,2038,2064,2360,2146,2077,2056
2064,2047,2028,2047,2313,2138,2074,2053
2057,2042,2027,2053,2302,2127,2071,2049
2055,2042,2034,2055,2186,2077,2047,2051
2054,2038,2028,2009,1772,2015,2036,2048
2054,2033,2016,1985,1589,1988,2055,2052
2054,2036,2032,2006,1723,2021,2074,2060
2060,2043,2037,2010,1785,2034,2066,2071
2058,2045,2041,2009,1809,2045,2053,2086
2067,2053,2049,2034,1930,2055,2047,2086
2064,2056,2061,2037,1985,2038,2036,2090
2060,2052,2049,2019,1980,2043,2064,2088
2066,2037,2039,2022,1979,2071,2049,2084
2052,2024,2010,1996,1943,2087,2032,2071
2032,2008,2004,1987,1916,2084,2047,2075
2043,2036,2024,2000,1921,2092,2054,2071
2051,2051,2044,2025,2015,2051,2050,2069
2062,2058,2069,2048,2105,1976,2063,2084
2075,2076,2085,2077,2212,1998,2082,2102
2084,2076,2094,2100,2232,2080,2068,2100
2079,2069,2086,2081,2150,2139,2083,2097
2075,2074,2089,2075,2120,2167,2107,2087
2082,2074,2081,2083,2191,2187,2105,2088
2078,2065,2069,2049,2029,2176,2087,2076
2073,2062,2057,2030,1864,2145,2068,2064
2066,2050,2047,2019,1862,2094,2045,2047
2052,2025,2027,1987,1731,2016,2040,2039
2052,2016,2025,2013,1702,2024,2050,2036
2058,2017,2032,2049,1746,2046,2053,2036
2051,2011,2027,2047,1819,2065,2050,2033
2054,2017,2029,2037,1834,2042,2053,2041
2058,2034,2043,2018,1767,1981,2026,2031
2051,2034,2046,2043,2042,1986,2029,2032
2041,2039,2054,2087,2270,2014,2046,2036
2045,2038,2055,2099,2436,2044,2029,2025
2031,2024,2039,2058,2388,2058,2033,2019
2028,2016,2024,2032,2307,2086,2040,2018
2033,2015,2025,2047,2394,2117,2054,2030
2039,2026,2031,2068,2468,2133,2058,2041
2036,2032,2039,2066,2373,2114,2050,2049
2043,2037,2045,2046,2231,2103,2050,2062
2052,2042,2047,2040,2102,2069,2051,2073
2058,2047,2053,2019,1916,2022,2052,2079
2058,2052,2055,2012,1931,2027,2042,2075
2058,2050,2055,2020,1958,2011,2044,2078
2049,2029,2044,2003,1937,1975,2023,2068
2035,2025,2032,1984,1842,1961,2032,2061
2030,2034,2038,1987,1862,1981,2022,2053
2032,2043,2052,2032,1979,2014,2046,2052
2042,2053,2065,2071,2088,2033,2061,2058
2043,2054,2060,2063,2054,2009,2044,2052
2049,2048,2053,2059,2033,2021,2050,2056
2055,2047,2049,2069,2078,2052,2060,2054
2064,2052,2055,2090,2149,2076,2075,2048
2061,2057,2054,2090,2154,2080,2077,2045
2059,2055,2057,2085,2142,2087,2079,2045
2061,2055,2052,2100,2220,2099,2091,2046
2063,2048,2051,2084,2227,2109,2079,2054
2064,2045,2049,2050,2065,2115,2089,2046
2059,2042,2049,2042,2000,2110,2081,2035
2055,2050,2048,2034,1885,2103,2063,2034
2051,2061,2058,2067,1896,2104,2074,2039
2068,2074,2077,2118,1969,2115,2071,2056
2075,2082,2076,2111,1899,2058,2055,2049
2071,2062,2058,2059,1768,1992,2039,2039
2057,2056,2052,2073,1945,2019,2024,2038
2052,2059,2062,2107,2144,2062,2052,2039
2057,2054,2061,2096,2107,2058,2059,2039
2050,2044,2054,2065,1974,2053,2044,2030
2042,2040,2058,2101,2204,2101,2068,2048
2061,2063,2085,2142,2394,2140,2079,2054
2064,2066,2081,2116,2280,2101,2063,2061
2051,2055,2070,2050,1991,2014,2041,2064
2049,2051,2055,2019,1905,1998,2050,2067
2054,2055,2047,2033,2020,2022,2059,2080
2061,2067,2051,2046,2130,2047,2053,2082
2060,2054,2050,2042,2100,2037,2057,2081
2054,2038,2032,2023,2031,2015,2054,2064
2045,2034,2029,2029,2058,2032,2044,2068
2045,2040,2025,2039,2067,2039,2031,2071
2043,2037,2016,2023,2006,2016,2024,2055
2036,2033,2008,2003,1902,2001,2017,2052
2038,2035,2008,1998,1931,2002,2036,2053
2048,2040,2018,1990,1848,1986,2025,2053
2043,2038,2026,1983,1846,1980,2028,2039
2041,2043,2024,2021,2102,2020,2038,2030
2045,2029,2020,2061,2208,2039,2037,2030
2045,2031,2027,2058,2158,2049,2041,2041
2042,2029,2035,2057,2148,2050,2036,2032
2038,2030,2041,2066,2144,2056,2038,2031
2045,2031,2056,2069,2167,2061,2035,2027
2053,2040,2059,2079,2187,2075,2048,2033
2046,2038,2050,2051,2113,2083,2038,2020
2038,2032,2043,2025,2002,2062,2026,2018
2033,2026,2046,2030,1995,2048,2024,2038
2049,2048,2053,2046,2007,2048,2058,2044
2058,2047,2039,2022,1941,2022,2051,2032
2042,2037,2022,1983,1879,1994,2027,2027
2036,2042,2021,2001,1832,1992,2026,2031
2047,2044,2032,2046,1863,2019,2032,2039
2055,2044,2042,2044,1933,2026,2041,2045
2057,2051,2043,2051,2038,2045,2054,2040
2056,2044,2040,2058,2085,2049,2042,2056
2055,2046,2060,2069,2121,2060,2057,2067
2051,2047,2061,2058,2089,2067,2047,2078
2057,2058,2069,2057,1977,2064,2059,2084
2050,2063,2080,2078,1965,2085,2067,2089
2060,2071,2090,2109,2072,2118,2076,2094
2052,2069,2085,2096,2171,2111,2073,2094
2054,2052,2068,2064,2152,2109,2062,2088
2047,2045,2063,2051,2051,2097,2056,2086
2053,2050,2060,2039,2045,2106,2053,2090
2054,2049,2058,2045,2138,2149,2055,2075
2047,2039,2057,2069,2182,2127,2059,2069
2040,2033,2057,2054,2016,2084,2058,2063
2038,2030,2049,2038,1829,2070,2055,2053
2036,2038,2065,2088,2026,2019,2052,2070
2059,2057,2088,2129,2105,1988,2064,2073
2067,2063,2086,2113,2054,2004,2052,2062
2051,2052,2061,2036,1882,1990,2024,2043
2037,2027,2024,1945,1603,1924,2016,2016
2031,2029,2002,1918,1471,1917,2028,2023
2039,2034,2011,1985,1781,1973,2030,2026
2048,2052,2034,2069,2071,2015,2057,2045
2067,2066,2052,2101,2107,2039,2078,2051
2070,2061,2045,2076,1997,2044,2057,2046
2061,2052,2036,2060,1963,2054,2045,2036
2061,2057,2045,2071,1996,2075,2057,2045
2065,2060,2036,2070,2151,2123,2050,2048
2058,2046,2021,2068,2264,2131,2035,2049
2054,2045,2022,2094,2493,2113,2051,2067
2065,2050,2025,2096,2645,2107,2067,2066
2070,2046,2024,2100,2727,2152,2089,2062
2071,2060,2036,2127,2634,2156,2080,2065
2069,2057,2042,2102,2416,2084,2073,2074
2069,2062,2060,2124,2513,2128,2082,2085
2075,2068,2072,2144,2564,2146,2078,2081
2066,2060,2057,2113,2238,2092,2076,2079
2049,2052,2045,2036,1638,2024,2062,2072
2044,2044,2033,1973,1482,2010,2037,2066
2042,2041,2030,1996,1791,2046,2078,2078
2042,2025,2013,1972,1908,2057,2053,2069
2018,2005,1994,1936,1856,2012,2033,2055
2013,2008,2005,1948,1858,2017,2046,2056
2024,2022,2023,2002,1935,2045,2052,2058
2034,2039,2036,2016,1882,2054,2057,2060
2041,2045,2043,1996,1850,2028,2055,2054
2044,2040,2039,2009,1982,2011,2043,2051
2039,2040,2030,2006,1919,1976,2040,2048
2044,2036,2029,2009,1910,1991,2035,2045
2049,2039,2033,1989,1915,1991,2032,2048
2050,2049,2038,1992,1936,1995,2044,2046
2056,2047,2034,1987,1943,1997,2025,2045
2059,2044,2026,1996,2020,2000,2037,2042
2065,2049,2040,2028,2115,2003,2016,2045
2066,2051,2036,2023,2048,1974,2005,2038
2059,2050,2029,2011,2020,1979,2008,2038
2053,2044,2028,2016,2012,1994,2008,2025
2045,2020,2013,1991,1895,1973,1993,2014
2026,2020,2016,1980,1862,1992,2005,2020
2038,2030,2028,2029,2117,2029,2016,2015
2044,2030,2040,2078,2221,2038,2020,2006
2033,2035,2050,2078,2163,2024,2031,2022
2044,2048,2059,2070,2100,2018,2045,2051
2068,2053,2065,2060,2062,2023,2039,2059
2071,2056,2061,2054,2041,2020,2055,2061
2067,2059,2062,2054,2028,2018,2047,2065
2061,2053,2059,2050,2021,2004,2063,2079
2052,2055,2059,2044,2048,2026,2053,2077
2054,2064,2068,2069,2075,2054,2083,2083
2057,2065,2068,2079,2137,2058,2074,2081
2059,2061,2064,2078,2141,2057,2052,2087
2060,2058,2061,2080,2119,2067,2061,2090
2067,2067,2073,2081,2113,2107,2071,2091
2061,2062,2069,2084,2106,2130,2074,2089
2067,2072,2074,2082,2081,2111,2051,2088
2065,2067,2058,2052,1997,2081,2046,2089
2064,2064,2058,2013,1829,2052,2066,2094
2070,2057,2047,1980,1744,2026,2051,2083
2061,2040,2039,2009,1911,2052,2040,2069
2043,2038,2038,2026,1985,2074,2026,2062
2050,2035,2033,2039,1973,2081,2012,2057
2056,2034,2043,2062,1985,2075,2023,2054
2059,2043,2042,2065,2086,2097,2028,2041
2060,2053,2049,2093,2216,2138,2049,2034
2060,2055,2053,2100,2180,2088,2023,2016
2044,2051,2042,2056,2085,1984,1981,1997
2017,2027,2016,2022,2116,1976,1986,1997
2026,2026,2021,2051,2313,2055,2009,2017
2031,2022,2021,2072,2281,2086,2016,2017
2037,2016,2020,2064,2150,2045,2013,2003
2038,2020,2028,2054,2098,2020,2000,2003
2048,2031,2024,2026,1974,1984,2001,2004
2040,2024,2012,2004,1876,1962,2002,2019
2028,2017,2019,2028,1969,1999,2041,2024
2027,2006,2024,2051,2033,2032,2046,2034
2033,2000,2029,2055,2038,2033,2053,2061
2047,2011,2033,2054,2051,2040,2027,2062
2047,2012,2026,2034,2037,2061,2026,2048
2038,2020,2025,2031,2004,2066,2013,2031
2029,2031,2035,2041,1993,2072,2017,2023
2036,2044,2051,2054,1984,2070,2023,2021
2045,2057,2068,2052,2008,2034,2031,2058
2049,2054,2064,2057,2059,1974,2029,2090
2062,2042,2052,2050,2083,1996,2037,2098
2075,2036,2053,2079,2113,2042,2038,2099
2052,2028,2044,2086,2160,2080,2036,2086
2055,2026,2047,2079,2116,2089,2043,2090
2068,2037,2049,2069,2092,2092,2060,2091
2085,2045,2045,2072,2112,2092,2043,2091
2080,2046,2038,2069,2094,2076,2038,2088
2070,2027,2017,2053,2075,2055,2031,2071
2062,2027,2017,2062,2067,2053,2018,2040
2057,2045,2044,2066,2074,2058,2026,2037
2067,2049,2048,2060,2075,2053,2046,2034
2059,2043,2041,2062,2050,2046,2055,2056
2052,2037,2042,2066,2035,2044,2055,2067
2055,2045,2044,2063,2035,2040,2052,2064
2036,2051,2046,2066,2027,2040,2041,2055
2043,2046,2052,2067,2028,2036,2062,2056
2067,2031,2046,2076,2036,2044,2055,2059
2073,2020,2038,2065,2041,2043,2067,2050
2057,2001,2013,2034,2007,2023,2041,2038
2042,2000,1999,2015,1951,1992,2012,2033
2049,2039,2017,2028,1968,2020,2017,2019
2062,2067,2055,2085,2078,2068,2034,2030
2080,2079,2062,2101,2096,2073,2046,2041
2092,2079,2073,2089,2065,2081,2039,2051
2096,2078,2075,2103,2105,2115,2052,2053
2078,2057,2062,2117,2245,2154,2068,2062
2063,2058,2067,2133,2335,2162,2058,2082
2071,2057,2066,2142,2360,2154,2085,2096
2062,2067,2064,2164,2402,2156,2065,2085
2042,2054,2055,2136,2292,2124,2060,2093
2045,2053,2050,2073,2158,2077,2043,2083
2057,2050,2042,2036,2093,2026,2040,2075
2055,2048,2041,2019,1896,2007,2032,2084
2066,2052,2042,2046,1912,2013,2046,2086
2057,2029,2037,2042,1838,1976,2025,2083
2051,2028,2033,2024,1826,1965,2028,2077
2042,2030,2041,2054,1926,1972,2027,2080
2044,2032,2043,2040,1832,1990,2055,2078
2057,2031,2045,2073,2024,2056,2046,2083
2064,2027,2048,2119,2279,2096,2044,2079
2061,2043,2053,2126,2373,2124,2056,2068
2054,2062,2081,2154,2355,2146,2067,2080
2076,2062,2092,2166,2241,2124,2098,2100
2080,2045,2066,2122,2024,2085,2067,2085
2062,2032,2047,2054,1796,2074,2051,2059
2046,2027,2035,2001,1715,2033,2029,2011
2002,2026,2023,1952,1588,1989,1993,1990
1999,2019,2016,1935,1604,1937,1965,1990
2012,2024,2017,1967,1816,1901,1999,2015
2046,2031,2030,2034,2116,1954,2028,2036
2072,2056,2046,2086,2256,2029,2029,2049
2096,2078,2057,2099,2231,2065,2039,2062
2102,2078,2057,2088,2167,2089,2034,2047
2071,2050,2040,2066,2078,2078,2051,2037
2053,2033,2033,2069,2040,2071,2029,2031
2055,2028,2028,2049,1984,2038,2020,2010
2049,2023,2016,2050,1984,2002,2026,2019
2050,2030,2035,2079,2116,2030,2046,2025
2055,2042,2044,2085,2166,2078,2024,2036
2058,2052,2048,2097,2182,2079,2034,2066
2068,2061,2062,2120,2167,2064,2032,2082
2070,2066,2072,2129,2146,2053,2044,2090
2057,2059,2064,2132,2130,2063,2042,2085
2055,2056,2052,2117,2091,2058,2055,2074
2056,2045,2045,2096,2063,2056,2045,2082
2048,2033,2043,2083,2065,2058,2040,2070
2036,2034,2040,2088,2068,2043,2024,2073
2042,2035,2045,2103,2082,2030,2014,2095
2054,2053,2068,2115,2095,2035,2017,2091
2043,2060,2058,2096,2090,2044,2025,2094
2040,2057,2060,2081,2084,2053,2023,2089
2044,2054,2055,2078,2102,2061,2057,2073
2047,2056,2058,2095,2156,2094,2048,2052
2052,2057,2060,2117,2161,2119,2061,2046
2057,2059,2061,2113,2155,2121,2053,2054
2073,2054,2050,2103,2149,2113,2053,2053
2064,2054,2046,2106,2143,2079,2052,2058
2073,2075,2059,2134,2175,2025,2048,2061
2089,2078,2051,2122,2109,2008,2028,2048
2081,2064,2041,2058,1910,2005,2025,2031
2064,2059,2035,2040,1876,2013,2040,2048
2075,2060,2045,2061,1937,2050,2063,2047
2072,2043,2037,2058,1999,2064,2052,2036
2054,2032,2033,2026,1945,2057,2049,2041
2056,2028,2037,2008,1891,2057,2056,2037
2047,2042,2048,2026,1977,2070,2069,2027
2023,2039,2048,2040,2018,2069,2057,2042
2032,2036,2042,2041,2018,2062,2060,2055
2028,2027,2039,2035,2021,2069,2059,2061
2036,2033,2038,2030,2050,2074,2060,2070
2041,2044,2048,2028,2155,2104,2060,2081
2058,2061,2056,2042,2218,2133,2066,2092
2063,2070,2064,2071,2315,2157,2064,2087
2051,2072,2069,2081,2291,2139,2070,2077
2047,2062,2063,2074,2253,2122,2046,2069
2046,2062,2060,2083,2149,2084,2036,2072
2045,2061,2073,2079,2056,2028,2041,2082
2042,2045,2071,2062,2045,1978,2026,2077
2044,2031,2078,2055,2024,1963,2013,2072
2028,2026,2073,2046,1942,1977,2010,2061
2027,2027,2070,2059,1983,2003,2021,2063
2032,2031,2067,2052,1969,2016,2028,2060
2032,2024,2046,2032,1910,2018,2024,2064
2035,2034,2052,2063,2046,2037,2029,2064
2042,2039,2054,2092,2137,2052,2025,2057
2047,2043,2059,2100,2135,2048,2025,2049
2050,2052,2060,2096,2108,2043,2030,2052
2062,2050,2058,2088,2085,2037,2035,2040
2053,2047,2055,2082,2075,2042,2036,2041
2039,2042,2051,2076,2052,2039,2030,2026
2041,2039,2045,2072,2061,2037,2034,2025
2039,2032,2045,2065,2070,2040,2045,2025
2035,2025,2044,2052,2077,2043,2039,2026
2034,2019,2040,2059,2088,2043,2042,2028
2038,2022,2031,2065,2108,2048,2051,2021
2036,2026,2028,2064,2106,2051,2044,2020
2042,2025,2038,2075,2106,2050,2053,2041
2038,2030,2050,2082,2103,2050,2046,2044
2044,2035,2081,2111,2100,2050,2053,2051
2050,2045,2092,2121,2094,2046,2041,2051
2054,2044,2089,2127,2105,2059,2039,2050
2049,2047,2080,2124,2121,2061,2062,2060
2055,2049,2070,2119,2117,2063,2052,2063
2050,2046,2061,2121,2109,2062,2055,2071
2056,2045,2059,2116,2095,2052,2052,2079
2044,2030,2033,2088,2075,2039,2057,2074
2047,2016,2009,2053,2060,2030,2052,2081
2048,2018,2004,2049,2046,2033,2047,2081
2041,2027,2020,2056,2058,2031,2047,2084
2045,2034,2033,2061,2068,2024,2048,2090
2043,2038,2024,2055,2081,2016,2035,2080
2031,2034,2023,2048,2081,2023,2035,2091
2045,2048,2024,2031,2073,2046,2050,2092
2053,2059,2019,2009,2065,2059,2039,2095
2057,2055,2026,1993,2053,2058,2034,2088
2063,2064,2016,1972,2038,2052,2044,2088
2069,2058,2014,1971,2038,2045,2054,2082
2078,2053,2017,1980,2028,2046,2056,2077
2075,2043,2016,1992,2031,2044,2064,2065
2069,2033,2010,2013,2068,2058,2077,2055
2063,2032,2013,2043,2128,2078,2069,2049
2060,2029,2019,2050,2112,2060,2051,2050
2063,2032,2029,2045,2087,2052,2058,2051
2060,2041,2044,2054,2073,2058,2055,2049
2044,2044,2050,2054,2067,2079,2063,2055
2062,2050,2050,2056,2083,2107,2073,2061
2056,2048,2046,2040,2077,2108,2057,2052
2053,2047,2054,2019,1982,2080,2069,2046
2063,2071,2079,2022,1918,2073,2045,2045
2059,2066,2081,2047,1960,2062,2041,2038
2044,2049,2075,2095,2136,2088,2053,2038
2039,2047,2080,2103,2045,2024,2051,2048
2042,2060,2094,2099,1992,1988,2060,2060
2056,2069,2097,2114,2240,2030,2061,2078
2061,2073,2092,2134,2456,2074,2090,2082
2058,2061,2087,2157,2499,2086,2096,2081
2059,2060,2077,2140,2316,2068,2071,2083
2057,2062,2076,2134,2269,2088,2067,2082
2050,2054,2061,2083,2239,2027,2010,2073
2039,2032,2038,2020,2035,1983,1985,2059
2033,2031,2045,2040,2020,1993,2008,2062
2026,2033,2056,2103,2120,2017,2034,2067
2032,2037,2060,2119,2033,2022,2035,2077
2028,2030,2053,2080,1936,2031,2021,2076
2029,2032,2048,2057,1859,2060,2031,2074
2035,2039,2051,2080,1956,2081,2027,2068
2035,2036,2048,2089,2018,2076,2036,2066
2034,2039,2051,2089,2036,2083,2048,2064
2041,2044,2051,2085,2020,2083,2031,2050
2044,2038,2049,2083,2012,2077,2057,2059
2043,2037,2048,2094,2036,2070,2036,2045
2039,2041,2044,2109,2083,2040,2025,2045
2047,2038,2039,2114,2104,2025,2042,2040
2041,2037,2040,2100,2085,2014,2034,2032
2038,2034,2045,2076,2022,1988,2054,2034
2035,2029,2032,2050,1975,1972,2045,2034
2029,2019,2011,2021,1982,1987,2060,2030
2030,2026,2017,2029,2041,2038,2067,2039
2030,2033,2038,2051,2094,2078,2060,2030
2029,2044,2063,2065,2139,2114,2053,2033
2037,2053,2064,2073,2152,2119,2066,2040
2036,2049,2056,2066,2074,2054,2064,2045
2034,2043,2050,2046,2045,1990,2040,2050
2044,2045,2041,2033,2014,1988,2026,2044
2043,2043,2042,2028,1982,2006,2038,2052
2047,2057,2059,2072,2034,2008,2052,2070
2057,2063,2061,2089,2091,2027,2050,2086
2057,2064,2059,2094,2119,2076,2080,2090
2051,2055,2050,2090,2092,2080,2073,2084
2047,2043,2034,2073,2063,2084,2077,2077
2035,2034,2016,2055,2037,2082,2066,2080
2037,2023,1996,2048,2037,2070,2036,2072
2019,2015,1995,2041,2043,2074,2037,2070
2022,2020,2004,2052,2047,2050,2047,2078
2027,2024,2012,2061,2058,2019,2056,2093
2024,2016,2012,2060,2051,2022,2045,2100
2029,2027,2027,2059,2044,1997,2062,2103
2047,2044,2057,2076,2115,2005,2077,2101
2042,2041,2056,2085,2167,2062,2073,2086
2038,2036,2062,2094,2147,2088,2066,2075
2036,2047,2072,2110,2128,2087,2039,2073
2040,2060,2080,2112,2117,2072,2036,2060
2043,2063,2090,2103,2077,2071,2034,2047
2031,2072,2098,2094,2054,2101,2037,2049
2039,2085,2105,2093,2046,2087,2047,2052
2047,2078,2099,2088,2037,2062,2055,2051
2044,2075,2095,2091,2048,2055,2048,2050
2047,2073,2085,2090,2067,2050,2050,2043
2045,2068,2082,2094,2090,2051,2021,2041
2041,2060,2067,2101,2106,2041,2037,2047
2037,2051,2062,2106,2122,2023,2028,2040
2036,2044,2047,2091,2084,2023,2039,2044
2034,2043,2049,2077,2052,2042,2056,2046
2043,2039,2047,2066,2023,2046,2037,2046
2039,2039,2044,2061,1985,2036,2038,2031
2031,2037,2049,2054,1936,2027,2037,2038
2034,2041,2060,2096,2026,2058,2045,2046
2034,2040,2076,2133,2099,2083,2023,2048
2021,2034,2078,2123,2116,2093,2024,2042
2045,2046,2085,2145,2122,2110,2047,2047
2061,2064,2091,2136,2079,2091,2064,2061
2071,2072,2083,2132,2126,2047,2027,2078
2073,2071,2084,2153,2196,2025,2034,2081
2057,2067,2087,2168,2246,2047,2045,2087
2047,2050,2077,2164,2239,2074,2060,2090
2035,2037,2061,2144,2181,2087,2060,2078
2024,2031,2047,2129,2108,2080,2052,2068
2008,2035,2052,2138,2097,2078,2060,2088
2038,2058,2062,2141,2109,2076,2052,2108
2053,2061,2062,2126,2094,2064,2040,2104
2053,2054,2056,2101,2057,2041,2027,2094
2050,2040,2048,2082,2045,2044,2023,2080
2041,2045,2048,2078,2044,2049,2020,2075
2056,2056,2054,2072,2045,2049,2019,2064
2053,2046,2042,2061,2053,2047,2038,2058
2054,2047,2038,2065,2059,2053,2030,2046
2037,2033,2034,2065,2057,2052,2023,2039
2016,2028,2045,2064,2056,2043,2020,2036
2016,2041,2061,2077,2061,2040,2018,2033
2022,2058,2065,2076,2060,2042,2023,2035
2041,2074,2064,2067,2065,2052,2027,2046
2048,2072,2053,2072,2078,2066,2053,2051
2041,2068,2040,2058,2079,2090,2039,2041
2039,2057,2028,2059,2111,2114,2009,2036
2050,2060,2022,2064,2139,2118,2041,2050
2049,2062,2026,2052,2125,2098,2050,2044
2059,2062,2026,2056,2154,2065,2043,2065
2062,2067,2037,2079,2230,2032,2039,2084
2067,2064,2042,2077,2171,2051,2040,2089
2071,2064,2051,2068,2013,2051,2052,2081
2067,2075,2057,2050,1820,2039,2050,2064
2052,2065,2052,2068,1885,2042,2048,2051
2021,2043,2047,2078,1942,2033,2054,2060
2015,2034,2050,2084,1966,2028,2044,2079
2028,2053,2066,2091,1982,2028,2024,2087
2044,2071,2073,2106,2046,2034,2007,2086
2053,2064,2068,2110,2141,2048,2042,2088
2050,2058,2063,2119,2171,2058,2053,2095
2050,2052,2054,2113,2133,2055,2040,2105
2050,2041,2056,2107,2134,2065,2044,2112
2055,2059,2065,2115,2143,2073,2058,2089
2036,2066,2074,2110,2139,2076,2036,2085
2037,2064,2084,2108,2114,2081,2057,2090
2041,2071,2093,2113,2111,2096,2050,2087
2039,2066,2088,2107,2090,2087,2022,2069
2032,2055,2072,2074,2033,2048,2021,2049
2020,2056,2069,2069,2020,2043,2016,2046
2023,2058,2063,2088,2044,2058,2022,2058
2037,2061,2061,2094,2038,2075,2051,2072
2042,2056,2040,2089,2070,2090,2079,2078
2044,2041,2023,2102,2110,2101,2070,2068
2034,2033,2019,2109,2073,2091,2072,2074
2041,2040,2034,2110,1994,2084,2064,2072
2050,2050,2041,2086,1861,2053,2048,2055
2041,2052,2047,2078,1899,2028,2027,2037
2037,2044,2026,2097,2067,2033,2013,2026
2032,2033,2002,2102,2127,2045,2020,2032
2041,2051,1990,2096,2165,2041,2033,2053
2049,2054,1983,2100,2104,2045,2056,2056
2049,2056,1968,2111,2067,2056,2067,2053
2047,2061,1963,2117,2034,2040,2046,2056
2053,2058,1966,2127,2151,2056,2050,2058
2054,2056,1968,2123,2164,2051,2048,2064
2046,2044,1974,2118,2085,2050,2065,2070
2046,2033,1966,2091,2068,2061,2041,2075
2054,2033,1966,2069,2079,2056,2056,2078
2050,2035,1970,2084,2155,2055,2043,2077
2048,2032,1981,2095,2128,2050,2042,2079
2051,2028,1988,2058,2047,2059,2051,2083
2037,2027,1995,2068,2121,2078,2059,2086
2033,2033,2017,2076,2172,2080,2060,2095
2034,2037,2047,2086,2246,2091,2053,2097
2025,2047,2087,2095,2279,2083,2051,2093
2027,2059,2106,2063,2150,2043,2053,2099
2048,2069,2117,2041,1985,2030,2038,2100
2041,2073,2116,2002,1806,1998,2025,2078
2041,2065,2107,1988,1843,2008,2012,2085
2040,2065,2100,2011,1976,2045,2048,2092
2052,2076,2115,2032,1996,2048,2059,2080
2051,2076,2112,2020,1959,2043,2016,2076
2054,2071,2109,2026,1961,2050,2043,2068
2050,2070,2101,2036,1897,2034,2033,2062
2045,2058,2071,2000,1791,1990,2025,2060
2048,2059,2048,2001,1740,1981,2033,2065
2056,2062,2049,2021,1753,1972,2041,2076
2057,2075,2055,2058,1910,2016,2054,2067
2061,2068,2061,2073,2016,2069,2053,2040
2040,2049,2054,2082,2065,2115,2057,2028
2033,2041,2047,2086,2125,2117,2068,2044
2039,2047,2052,2091,2229,2118,2067,2048
2045,2040,2040,2098,2266,2095,2071,2059
2033,2036,2042,2096,2254,2057,2080,2067
2037,2033,2048,2092,2208,2045,2083,2054
2045,2036,2063,2082,2146,2058,2078,2047
2030,2024,2061,2079,2105,2054,2074,2056
2039,2027,2062,2068,1988,2048,2062,2054
2043,2027,2072,2088,1971,2056,2048,2059
2033,2032,2092,2108,2018,2059,2064,2067
2039,2054,2112,2112,2021,2057,2062,2081
2037,2048,2110,2110,2017,2054,2076,2082
2035,2051,2105,2127,2016,2054,2047,2092
2042,2061,2123,2146,2020,2060,2055,2084
2048,2068,2125,2152,2035,2059,2070,2090
2044,2045,2109,2146,2043,2054,2040,2085
2037,2038,2087,2142,2090,2046,2047,2081
2040,2046,2083,2160,2122,2042,2041,2089
2048,2050,2065,2153,2077,2029,2029,2101
2062,2053,2042,2132,2034,2029,2041,2085
2056,2051,2032,2117,2038,2041,2031,2080
2053,2064,2030,2122,2044,2051,2041,2062
2060,2078,2031,2115,2044,2057,2070,2065
2066,2069,2026,2094,2031,2050,2065,2055
2049,2045,2001,2051,1985,2033,2065,2062
2043,2027,1985,2037,1982,2026,2039,2061
2045,2033,1996,2063,2110,2043,2044,2061
2052,2045,2009,2064,2142,2051,2043,2058
2046,2042,2019,2029,2117,2032,2036,2046
2045,2043,2024,2011,2117,2033,2031,2044
2049,2056,2052,2035,2149,2051,2033,2048
2052,2052,2054,2038,2161,2050,2039,2052
2053,2042,2059,2039,2096,2055,2047,2059
2060,2056,2074,2030,1919,2065,2067,2071
2066,2067,2090,2061,1977,2070,2067,2072
2060,2065,2085,2066,1963,2048,2052,2062
2060,2059,2076,2054,1953,2042,2048,2068
2048,2054,2061,2055,1959,2056,2055,2073
2048,2039,2044,2051,1966,2075,2082,2075
2059,2045,2038,2049,1991,2081,2051,2090
2062,2051,2028,2055,1995,2081,2059,2102
2071,2062,2029,2055,2028,2072,2065,2102
2068,2054,2026,2053,2096,2059,2057,2077
2036,2037,2025,2076,2163,2062,2047,2064
2027,2031,2021,2086,2115,2069,2045,2072
2033,2032,2012,2074,2080,2069,2045,2080
2036,2039,2009,2083,2079,2071,2044,2078
2025,2045,2006,2084,2059,2070,2047,2072
2019,2047,2003,2081,2033,2074,2044,2082
2031,2050,2007,2084,1991,2065,2025,2076
2047,2057,2008,2084,1985,2058,2022,2076
2051,2054,1992,2092,1987,2039,2043,2076
2050,2043,2002,2101,2035,2019,2040,2088
2048,2047,2020,2114,2091,2028,2049,2086
2049,2053,2024,2120,2121,2057,2057,2085
2055,2060,2042,2118,2132,2081,2062,2075
2056,2052,2057,2095,2092,2069,2029,2057
2055,2049,2049,2057,2018,2035,2051,2056
2042,2033,2030,2015,1966,2015,2050,2042
2032,2025,2018,1999,1987,2030,2028,2047
2040,2023,2019,1992,2004,2036,2025,2049
2038,2030,2027,2004,2011,2052,2044,2056
2049,2041,2032,2029,2008,2074,2052,2061
2056,2058,2049,2058,1990,2075,2050,2051
2051,2052,2046,2065,1951,2049,2033,2044
2043,2045,2037,2048,1921,2021,2039,2054
2050,2054,2048,2054,1971,1996,2048,2060
2053,2058,2041,2042,1992,1972,2039,2061
2051,2044,2009,2010,1973,1996,2043,2060
2056,2033,1998,2016,2030,2036,2054,2075
2071,2030,2005,2044,2082,2064,2042,2084
2073,2038,2026,2049,2071,2065,2032,2074
2073,2029,2036,2058,2050,2068,2065,2065
2062,2026,2061,2080,2043,2070,2061,2062
2058,2046,2085,2097,2041,2067,2058,2068
2075,2066,2092,2116,2046,2066,2069,2088
2090,2059,2090,2117,2065,2064,2067,2102
2077,2042,2083,2111,2100,2062,2066,2094
2054,2044,2070,2109,2133,2060,2052,2089
2034,2044,2072,2113,2142,2060,2041,2081
2013,2051,2064,2101,2098,2053,2043,2080
2017,2045,2035,2081,2048,2046,2048,2078
2034,2043,2031,2079,2065,2058,2039,2073
2042,2038,2013,2090,2106,2063,2024,2069
2046,2039,2021,2105,2114,2062,2020,2076
2049,2042,2041,2123,2107,2054,2022,2067
2052,2047,2052,2128,2103,2047,2018,2065
2061,2049,2057,2136,2137,2052,2017,2058
2068,2072,2059,2128,2115,2042,2038,2057
2069,2067,2051,2122,2104,2049,2044,2058
2062,2054,2045,2086,1978,2038,2037,2052
2051,2038,2036,2053,1899,2021,2036,2047
2037,2025,2053,2061,1936,2023,2020,2046
2042,2041,2073,2083,1994,2036,2032,2045
2049,2057,2089,2088,2033,2050,2041,2054
2062,2067,2087,2089,2051,2057,2041,2055
2062,2067,2066,2084,2061,2064,2044,2061
2076,2088,2078,2085,2071,2062,2076,2069
2098,2096,2071,2080,2086,2067,2058,2075
2085,2078,2050,2058,2061,2071,2057,2045
2048,2051,2037,2052,2084,2091,2061,2047
2043,2051,2042,2056,2092,2104,2057,2044
2040,2061,2060,2087,2107,2113,2073,2046
2051,2068,2067,2093,2103,2110,2070,2058
2059,2065,2066,2089,2050,2049,2062,2073
2060,2066,2068,2081,1983,2027,2052,2083
2065,2068,2075,2067,1985,2012,2028,2088
2072,2060,2074,2058,1970,1996,2020,2082
2059,2059,2078,2069,1989,2034,2042,2078
2051,2066,2096,2102,2045,2064,2048,2081
2063,2075,2114,2118,2099,2088,2060,2085
2068,2079,2114,2115,2087,2089,2065,2087
2058,2057,2121,2121,2047,2076,2043,2093
2046,2044,2116,2142,2113,2076,2039,2080
2039,2052,2110,2137,2114,2056,2045,2086
2032,2054,2092,2126,2088,2072,2070,2087
2041,2051,2069,2108,2144,2083,2059,2091
2047,2057,2059,2078,2149,2067,2056,2086
2052,2052,2041,2073,2142,2055,2050,2083
2057,2054,2030,2081,2085,2064,2069,2083
2059,2055,2017,2077,2046,2071,2064,2071
2065,2053,1995,2064,1970,2050,2059,2059
2050,2039,1977,2028,1866,2028,2036,2054
2038,2033,1970,2017,1871,2041,2030,2050
2040,2029,1980,2012,1908,2048,2036,2035
2040,2029,1995,1994,1853,2014,2005,2029
2040,2027,2008,1981,1865,1947,2019,2029
2036,2019,2012,1970,1864,1928,2000,2019
2025,2020,2021,1956,1835,1903,2015,2027
2021,2032,2052,1965,1937,1904,2042,2034
2038,2057,2104,2005,2114,2005,2045,2048
2056,2074,2120,2022,2169,2084,2068,2057
2060,2065,2107,2037,2243,2127,2063,2068
2071,2068,2106,2061,2274,2128,2069,2067
2070,2059,2096,2056,2226,2093,2039,2064
2067,2056,2087,2069,2156,2070,2042,2056
2063,2055,2099,2089,2110,2081,2046,2057
2064,2065,2107,2089,1880,2047,2027,2052
2053,2058,2114,2090,1808,2047,2052,2055
2049,2060,2116,2107,1897,2072,2050,2057
2038,2057,2105,2108,1953,2060,2055,2070
2038,2050,2090,2110,2035,2038,2048,2089
2049,2049,2080,2104,2120,2053,2057,2092
2047,2054,2066,2090,2122,2071,2046,2089
2044,2056,2066,2093,2090,2069,2071,2093
2050,2052,2062,2081,2048,2055,2056,2088
2043,2038,2052,2076,2040,2038,2049,2093
2041,2043,2047,2074,2034,2028,2050,2092
2046,2052,2055,2067,2019,2032,2052,2087
2046,2043,2049,2059,2024,2040,2046,2083
2049,2041,2056,2069,2059,2049,2015,2080
2045,2053,2070,2066,2049,2044,2041,2070
2053,2060,2078,2056,2025,2037,2024,2068
2048,2064,2072,2040,2016,2036,2018,2062
2050,2063,2060,2031,2020,2046,2070,2066
2052,2065,2055,2028,2027,2056,2073,2063
2058,2061,2050,2034,2037,2056,2053,2062
2050,2056,2038,2037,2029,2060,2044,2058
2044,2048,2034,2033,2037,2056,2029,2052
2056,2056,2040,2037,2033,2064,2045,2046
2056,2052,2039,2042,2029,2072,2041,2034
2058,2036,2026,2032,2006,2082,2042,2032
2047,2032,2024,2022,1982,2076,2040,2025
2039,2026,2020,2014,1966,2062,2037,2028
2049,2045,2039,2022,1966,2046,2049,2046
2057,2060,2047,2031,1992,2020,2055,2053
2062,2064,2049,2051,2044,2023,2068,2067
2063,2059,2052,2069,2087,2052,2063,2068
2054,2059,2050,2071,2093,2078,2073,2063
2061,2049,2049,2068,2089,2099,2059,2065
2055,2052,2046,2062,2071,2099,2044,2063
2057,2045,2048,2058,2058,2091,2056,2067
2047,2049,2050,2063,2062,2088,2061,2079
2049,2055,2057,2071,2072,2089,2077,2089
2051,2062,2057,2076,2068,2092,2066,2094
2051,2058,2060,2075,2070,2084,2059,2088
2047,2045,2063,2073,2065,2078,2045,2099
2048,2055,2056,2068,2066,2070,2064,2092
2043,2054,2064,2063,2054,2064,2060,2092
2034,2049,2052,2059,2050,2050,2051,2096
2047,2049,2062,2065,2056,2046,2052,2104
2042,2044,2064,2065,2037,2046,2032,2096
2041,2035,2055,2062,2002,2057,2041,2097
2045,2044,2061,2070,1985,2058,2038,2087
2052,2048,2064,2069,1981,2044,2031,2078
2054,2062,2069,2085,1993,2014,2031,2075
2053,2063,2070,2098,2049,2011,2044,2077
2058,2054,2055,2111,2108,2041,2064,2078
2066,2052,2053,2119,2115,2076,2056,2083
2067,2046,2056,2130,2116,2083,2055,2072
2059,2043,2064,2157,2099,2078,2036,2070
2050,2036,2070,2168,2087,2069,2048,2052
2037,2030,2073,2190,2087,2069,2046,2044
2038,2034,2083,2196,2081,2067,2054,2044
2047,2037,2079,2194,2074,2065,2038,2044
2045,2038,2068,2179,2073,2048,2033,2047
2040,2026,2042,2170,2062,2040,2031,2037
2040,2024,2026,2160,2070,2056,2048,2038
2057,2042,2022,2159,2075,2059,2064,2043
2064,2048,2008,2144,2082,2056,2046,2053
2060,2041,1982,2124,2074,2054,2052,2052
2065,2036,1965,2082,2077,2053,2042,2050
2071,2032,1951,2053,2078,2064,2034,2042
2056,2021,1943,2013,2069,2067,2057,2063
2056,2027,1936,1984,2047,2063,2052,2066
2029,2018,1939,1962,2052,2062,2046,2060
2028,2030,1937,1944,2034,2058,2028,2057
2031,2053,1939,1908,2027,2071,2037,2047
2034,2052,1935,1898,2001,2073,2042,2069
2039,2038,1940,1912,1997,2077,2046,2097
2050,2052,1974,1943,2014,2069,2046,2106
2056,2068,2014,1983,2044,2040,2054,2122
2057,2077,2035,2016,2044,2024,2038,2106
2053,2065,2049,2029,2029,2026,2035,2105
2046,2053,2061,2045,2038,2039,2048,2103
2049,2061,2081,2041,2042,2046,2033,2096
2056,2057,2087,2018,2038,2048,2061,2101
2059,2053,2077,1989,2025,2051,2040,2094
2060,2054,2077,1991,2027,2053,2061,2092
2061,2062,2080,2001,2024,2055,2061,2087
2066,2058,2074,2020,2029,2052,2075,2076
2066,2051,2080,2025,2018,2045,2065,2061
2052,2045,2071,2031,2025,2046,2041,2049
2047,2040,2048,2034,2038,2048,2051,2050
2051,2048,2052,2048,2036,2053,2044,2057
2053,2054,2050,2051,2045,2054,2055,2060
2053,2047,2040,2052,2044,2037,2046,2047
2047,2042,2026,2050,2018,2015,2043,2048
2048,2048,2029,2061,1996,2004,2032,2049
2053,2045,2026,2076,1978,1986,2022,2035
2044,2037,2024,2082,1971,1990,2013,2031
2040,2038,2034,2100,2012,2030,2025,2033
2056,2049,2054,2143,2082,2064,2036,2043
2068,2056,2062,2174,2135,2091,2060,2050
2072,2063,2068,2205,2146,2091,2065,2045
2066,2056,2077,2225,2145,2096,2063,2051
2067,2060,2086,2226,2133,2093,2063,2060
2068,2056,2081,2204,2109,2094,2056,2058
2070,2052,2076,2181,2097,2081,2049,2053
2062,2051,2085,2148,2086,2084,2047,2062
2058,2047,2080,2104,2067,2075,2057,2076
2061,2052,2071,2086,2074,2036,2061,2095
2075,2061,2075,2060,2070,2027,2042,2096
2070,2060,2059,2032,2050,2031,2041,2100
2057,2044,2034,2013,2037,2046,2043,2092
2042,2024,2010,1985,2033,2061,2030,2073
2040,2027,2026,1990,2032,2074,2044,2083
2064,2066,2059,2019,2040,2074,2063,2101
2089,2079,2080,2032,2017,2051,2074,2101
2072,2070,2072,1997,1959,2013,2049,2091
2050,2049,2059,1969,1903,2003,2033,2079
2053,2054,2078,1976,1931,2004,2028,2060
2045,2061,2104,1996,1964,2008,2023,2063
2058,2079,2110,1992,1951,2002,2041,2061
2066,2078,2101,1979,1924,2002,2046,2064
2064,2065,2071,1958,1908,2040,2038,2040
2043,2039,2043,1934,1841,2085,2037,2018
2043,2037,2034,1951,1824,2098,2031,2021
2052,2044,2034,1961,1816,2084,2009,2032
2067,2049,2038,1979,1829,2038,2030,2037
2068,2050,2041,2004,1918,1937,2021,2058
2064,2055,2050,2053,2141,1976,2048,2051
2062,2056,2051,2062,2195,2062,2057,2035
2050,2043,2044,2055,2149,2103,2070,2038
2045,2043,2045,2060,2121,2110,2061,2039
2059,2054,2047,2064,2116,2098,2055,2035
2048,2042,2030,2063,2120,2095,2052,2042
2048,2043,2029,2082,2196,2109,2044,2047
2041,2041,2032,2070,2170,2117,2051,2046
2050,2051,2045,2068,2115,2114,2055,2054
2054,2056,2050,2065,2085,2112,2058,2069
2061,2053,2051,2066,2064,2129,2054,2066
2063,2044,2043,2062,2065,2118,2026,2062
2057,2044,2037,2044,2036,2087,2024,2072
2052,2037,2031,2040,2021,2067,2042,2068
2056,2042,2033,2065,2065,2023,2042,2082
2052,2045,2032,2056,2072,2004,2045,2095
2052,2038,2031,2072,2123,2036,2057,2105
2059,2046,2039,2083,2135,2063,2057,2107
2062,2041,2039,2078,2100,2068,2058,2102
2059,2042,2036,2077,2097,2068,2040,2090
2049,2039,2032,2053,2025,2047,2046,2082
2042,2040,2030,2031,1919,2043,2046,2079
2037,2061,2046,2038,1936,2053,2053,2073
2046,2063,2050,2049,2005,2058,2063,2070
2056,2065,2047,2047,2033,2056,2062,2063
2048,2057,2040,2045,2053,2065,2045,2063
2051,2050,2036,2055,2084,2087,2047,2065
2056,2051,2039,2060,2123,2104,2034,2056
2060,2057,2047,2073,2154,2117,2046,2050
2058,2056,2064,2094,2169,2122,2049,2041
2055,2065,2074,2104,2176,2107,2061,2040
2055,2069,2068,2110,2163,2076,2019,2031
2053,2063,2060,2121,2161,2078,2040,2033
2053,2056,2065,2121,2103,2062,2026,2027
2046,2049,2057,2094,1993,2009,1998,2015
2028,2026,2038,2060,1969,1983,2003,2007
2030,2025,2031,2039,1854,1962,2012,2017
2044,2045,2042,2066,1828,1962,2029,2037
2056,2063,2048,2112,1948,1979,2036,2037
2053,2060,2058,2136,2052,2023,2058,2048
2050,2056,2057,2141,2115,2052,2045,2049
2058,2059,2055,2141,2135,2060,2033,2046
2052,2064,2062,2131,2121,2060,2043,2046
2058,2058,2051,2113,2099,2048,2045,2052
2058,2050,2027,2092,2081,2045,2036,2058
2049,2032,2000,2081,2074,2043,2036,2066
2055,2032,1989,2070,2092,2054,2041,2069
2049,2028,1973,2067,2113,2061,2055,2076
2046,2028,1968,2052,2105,2071,2059,2076
2050,2023,1958,2032,2066,2073,2059,2078
2042,2025,1949,2026,2087,2070,2063,2082
2032,2028,1956,2037,2136,2069,2027,2080
2026,2018,1948,2054,2132,2049,2048,2079
2020,2013,1945,2048,2060,2027,2051,2083
2032,2017,1974,2046,2043,2033,2059,2082
2050,2047,2020,2061,2067,2042,2063,2074
2066,2057,2040,2040,2012,1998,2024,2054
2049,2045,2038,2012,1970,1974,2018,2044
2034,2026,2032,2004,2000,1996,2029,2049
2046,2036,2061,2007,1990,2010,2031,2052
2058,2063,2087,2003,1967,2024,2037,2054
2062,2069,2101,2014,2009,2033,2039,2050
2057,2061,2096,2014,2034,2042,2052,2053
2052,2060,2093,2023,2044,2043,2046,2042
2053,2062,2094,2033,2060,2051,2044,2049
2055,2063,2083,2029,2059,2059,2031,2044
2059,2062,2075,2027,2059,2058,2044,2042
2059,2066,2063,2016,2035,2048,2053,2048
2053,2052,2044,2002,2006,2020,2032,2029
2044,2041,2037,1999,2008,2005,2021,2021
2034,2049,2046,2025,2084,2031,2039,2031
2058,2070,2070,2050,2149,2057,2060,2043
2072,2088,2077,2069,2174,2079,2068,2051
2077,2086,2076,2067,2174,2093,2066,2053
2081,2080,2056,2056,2121,2082,2054,2049
2070,2065,2042,2034,2038,2060,2046,2041
2057,2051,2037,2008,1912,2008,2031,2039
2048,2053,2041,1994,1788,1963,2021,2044
2055,2054,2043,2001,1812,2001,2016,2052
2052,2069,2057,2019,1877,2061,2035,2058
2050,2077,2062,2028,1928,2100,2064,2062
2051,2067,2051,2033,1955,2098,2047,2065
2044,2051,2047,2019,1988,2082,2030,2066
2046,2051,2044,2044,2090,2058,2043,2076
2055,2067,2057,2078,2144,2049,2029,2070
2044,2054,2047,2067,2102,2040,2049,2070
2041,2049,2043,2052,2070,2036,2047,2075
2046,2059,2054,2056,2052,2040,2040,2076
2049,2062,2060,2057,2041,2042,2045,2068
2054,2061,2047,2061,2041,2039,2045,2068
2058,2059,2046,2058,2054,2032,2033,2061
2056,2065,2050,2060,2056,2025,2023,2056
2054,2063,2046,2052,2042,2026,2036,2049
2056,2061,2045,2054,2040,2031,2031,2040
2053,2053,2039,2048,2038,2033,2040,2032
2052,2045,2039,2046,2030,2034,2047,2028
2060,2053,2039,2069,2044,2033,2035,2021
2056,2056,2037,2083,2043,2026,2031,2018
2059,2059,2038,2100,2040,2026,2026,2014
2063,2058,2040,2105,2044,2025,1999,2020
2062,2051,2050,2120,2039,2022,1998,2018
2061,2046,2061,2130,2041,2026,2020,2004
2046,2047,2064,2124,2047,2033,2040,2013
2042,2035,2061,2108,2052,2044,2049,2016
2045,2053,2074,2114,2058,2065,2042,2025
2058,2066,2074,2102,2058,2061,2040,2027
2062,2070,2067,2094,2059,2064,2054,2026
2063,2074,2074,2085,2061,2054,2053,2025
2056,2071,2072,2076,2061,2059,2047,2028
2056,2068,2066,2064,2063,2060,2046,2028
2059,2064,2063,2057,2061,2064,2036,2031
2055,2065,2061,2050,2052,2064,2046,2034
2052,2065,2052,2028,2042,2059,2058,2044
2048,2070,2040,2001,2022,2060,2051,2054
2046,2067,2040,1997,2025,2067,2066,2061
2053,2068,2032,1994,2017,2066,2061,2067
2052,2063,2028,1986,2022,2063,2029,2070
2052,2060,2023,1983,2024,2058,2033,2070
2061,2063,2026,1996,2030,2056,2029,2073
2047,2055,2026,2012,2024,2050,2037,2064
2045,2054,2039,2016,2029,2054,2055,2078
2057,2069,2044,2018,2019,2056,2051,2076
2061,2067,2038,2017,2024,2058,2065,2063
2061,2070,2047,2017,2004,2040,2042,2063
2058,2066,2046,1997,1971,2014,2033,2057
2057,2065,2044,1978,1923,2004,2022,2055
2057,2059,2043,1980,1908,1996,2026,2041
2053,2062,2044,1978,1905,2011,2046,2028
2053,2064,2050,1996,1968,2055,2067,2037
2060,2070,2068,2035,2052,2078,2056,2040
2065,2073,2072,2050,2109,2094,2072,2038
2066,2081,2081,2054,2103,2094,2081,2041
2068,2084,2075,2049,2060,2074,2061,2038
2074,2081,2073,2053,2041,2072,2062,2029
2068,2074,2056,2047,2013,2070,2054,2013
2050,2051,2044,2034,2024,2065,2028,1998
2046,2043,2032,2029,2050,2067,2028,1996
2047,2044,2032,2042,2070,2070,2049,2013
2049,2055,2043,2056,2074,2020,2037,2024
2065,2068,2043,2053,2068,2013,2051,2041
2069,2069,2041,2042,2076,2029,2052,2043
2063,2061,2029,2028,2091,2059,2044,2040
2063,2056,2017,2031,2090,2085,2066,2041
2061,2053,2018,2034,2086,2086,2074,2037
2058,2050,2013,2035,2073,2080,2083,2041
2065,2052,2015,2038,2062,2068,2066,2044
2057,2046,2012,2040,2058,2056,2051,2046
2056,2041,2020,2047,2061,2060,2061,2048
2052,2048,2028,2067,2063,2065,2064,2063
2055,2050,2030,2064,2065,2072,2058,2062
2055,2046,2030,2061,2058,2068,2060,2064
2048,2040,2022,2060,2042,2060,2050,2063
2040,2037,2013,2038,2039,2051,2060,2064
2055,2049,2020,2037,2052,2055,2056,2070
2060,2057,2026,2041,2065,2061,2050,2065
2064,2058,2028,2044,2057,2057,2069,2067
2066,2057,2031,2045,2038,2056,2056,2054
2055,2054,2033,2046,2049,2047,2048,2047
2057,2046,2022,2046,2076,2052,2052,2036
2054,2041,2014,2046,2072,2049,2074,2022
2051,2039,2022,2048,2045,2033,2048,2016
2044,2040,2044,2065,2031,2033,2033,2018
2052,2047,2063,2086,2034,2034,2053,2017
2062,2052,2068,2104,2042,2042,2046,2018
2065,2052,2078,2125,2049,2043,2055,2016
2064,2045,2077,2115,2039,2045,2056,2014
2057,2035,2051,2097,2030,2038,2046,2018
2053,2032,2049,2091,2037,2030,2036,2007
2042,2037,2048,2072,2036,2032,2031,2002
2050,2042,2056,2075,2053,2042,2039,2007
2064,2050,2068,2078,2070,2054,2061,2009
2069,2066,2076,2078,2072,2052,2039,2014
2064,2066,2077,2069,2063,2047,2043,2014
2061,2065,2071,2049,2055,2038,2030,2019
2047,2062,2068,2039,2053,2051,2051,2016
2055,2064,2080,2025,2044,2068,2056,2021
2059,2078,2086,2006,2016,2093,2055,2027
2063,2085,2086,1990,1990,2093,2072,2035
2069,2090,2089,1975,1976,2089,2066,2045
2075,2096,2085,1972,1988,2049,2043,2058
2079,2094,2086,2018,2026,1998,2045,2074
2091,2097,2090,2052,2063,1990,2055,2076
2081,2095,2089,2052,2067,2019,2055,2069
2081,2084,2084,2039,2050,2040,2065,2056
2065,2070,2065,2022,2022,2053,2060,2050
2054,2058,2060,2010,2037,2035,2034,2039
2049,2058,2052,2007,2034,2048,2049,2042
2047,2059,2051,2008,2029,2078,2071,2050
2044,2055,2044,2002,2012,2070,2049,2039
2045,2050,2038,1999,1990,2062,2050,2030
2041,2050,2032,2002,1963,2022,2058,2031
2053,2050,2026,2019,1972,1995,2054,2043
2065,2046,2016,2030,2015,2009,2052,2047
2064,2043,2013,2051,2139,2035,2054,2036
2068,2036,1999,2067,2198,2051,2068,2033
2066,2043,2000,2072,2187,2050,2075,2029
2071,2038,1993,2072,2144,2049,2077,2029
2069,2045,2004,2078,2125,2050,2063,2019
2067,2049,2013,2079,2097,2047,2032,2022
2064,2044,2008,2050,2032,2019,2034,2015
2062,2041,2009,2028,1970,2021,2036,2010
2073,2046,2014,2032,1921,2024,2038,2002
2064,2034,2018,2044,1941,2022,2012,1990
2062,2036,2022,2066,2012,2025,2031,1998
2065,2042,2021,2071,2037,2007,2001,1998
2049,2030,2025,2073,2029,2006,2003,1992
2052,2026,2048,2091,2041,2022,2020,1981
2052,2049,2097,2106,2049,2037,2052,1991
2058,2078,2132,2112,2067,2053,2060,1985
2058,2085,2132,2106,2062,2077,2058,1978
2051,2078,2112,2094,2052,2101,2060,1987
2044,2069,2096,2085,2056,2092,2070,1963
2041,2059,2076,2088,2056,2076,2059,1949
2027,2047,2052,2069,2050,2063,2055,1955
2028,2053,2052,2056,2054,2059,2055,1952
2032,2055,2042,2044,2038,2046,2044,1961
2021,2046,2036,2032,2030,2039,2024,1966
2016,2052,2049,2031,2026,2038,2037,1972
2026,2072,2069,2021,2013,2038,2032,2003
2032,2073,2061,2005,1974,2036,2044,2024
2044,2078,2061,2004,1952,2035,2040,2036
2056,2089,2074,2027,1950,2035,2042,2026
2061,2090,2084,2032,1969,2037,2033,2036
2053,2102,2095,2043,1984,2041,2031,2017
2050,2106,2104,2036,1980,2065,2031,1992
2042,2090,2088,2019,1933,2075,2034,1982
2026,2072,2066,1999,1886,2054,2024,1961
2024,2063,2040,1973,1900,2029,2020,1963
2036,2062,2033,1958,1975,1976,2009,1963
2036,2058,2036,1964,2081,1942,2051,1984
2045,2062,2041,2031,2201,2041,2072,2011
2061,2072,2058,2083,2209,2103,2094,2013
2067,2070,2057,2075,2046,2115,2077,2010
2068,2065,2048,2062,1938,2114,2075,2017
2074,2065,2044,2065,1911,2088,2081,2018
2077,2058,2032,2056,1948,2064,2061,2006
2064,2045,2027,2056,2034,2051,2060,2008
2061,2038,2026,2067,2120,2052,2050,2014
2054,2046,2034,2068,2216,2067,2055,2022
2059,2054,2045,2076,2255,2078,2055,2034
2061,2062,2049,2071,2265,2085,2049,2039
2061,2064,2043,2061,2266,2089,2054,2051
2065,2066,2041,2052,2267,2098,2062,2062
2076,2074,2045,2057,2296,2112,2067,2072
2080,2070,2037,2043,2254,2108,2060,2071
2085,2063,2031,2027,2176,2076,2047,2055
2078,2052,2016,1985,2022,2046,2041,2051
2070,2047,2019,1967,1837,1996,2053,2059
2075,2059,2036,1975,1756,1951,2053,2079
2077,2062,2036,1987,1875,1975,2046,2081
2072,2057,2045,2021,2034,2037,2059,2081
2076,2061,2046,2042,2062,2062,2069,2080
2066,2048,2036,2030,2011,2034,2062,2067
2059,2040,2032,2031,1976,2011,2051,2065
2060,2049,2042,2039,1987,2015,2055,2061
2056,2054,2051,2047,2016,2038,2037,2053
2059,2053,2041,2054,2031,2054,2018,2044
2064,2051,2038,2043,2009,2050,2028,2037
2062,2051,2036,2038,1950,2040,2026,2030
2061,2056,2045,2038,1919,2030,2030,2030
2061,2059,2069,2058,1959,2003,2053,2028
2065,2060,2060,2062,1999,2019,2045,2030
2059,2048,2049,2057,2010,2051,2059,2020
2059,2055,2047,2048,2008,2061,2047,2016
2062,2051,2044,2047,1998,2052,2054,2018
2056,2055,2043,2034,1992,2043,2045,2015
2062,2055,2043,2017,2007,2021,2039,1998
2048,2041,2034,1994,2001,1998,2029,1997
2034,2029,2015,1957,1970,1986,1999,1990
2032,2017,2017,1983,1971,1989,2027,1985
2042,2035,2041,2016,2023,2019,2041,1998
2057,2054,2056,2038,2104,2064,2051,2001
2061,2056,2052,2036,2134,2092,2061,2007
2063,2049,2059,2044,2148,2093,2059,2005
2062,2047,2044,2040,2126,2073,2049,2005
2050,2047,2042,2041,2097,2064,2045,2005
2048,2050,2052,2048,2107,2060,2033,2006
2052,2053,2057,2057,2108,2056,2052,2018
2058,2051,2049,2054,2101,2052,2052,2026
2058,2052,2056,2063,2086,2040,2055,2038
2054,2061,2063,2075,2085,2032,2054,2041
2052,2063,2060,2071,2082,2029,2022,2049
2053,2059,2056,2060,2072,2028,2043,2046
2051,2054,2058,2064,2071,2036,2043,2050
2056,2055,2062,2062,2073,2040,2027,2045
2054,2054,2054,2061,2067,2035,2023,2045
2040,2042,2048,2059,2054,2033,2049,2047
2039,2041,2045,2053,2045,2037,2038,2046
2045,2052,2056,2053,2046,2040,2039,2034
2052,2057,2056,2049,2047,2043,2028,2037
2047,2053,2051,2046,2046,2043,2034,2030
2055,2055,2043,2032,2042,2048,2037,2032
2056,2045,2037,2024,2037,2050,2039,2020
2055,2045,2042,2017,2031,2042,2032,2026
2055,2043,2043,2030,2032,2042,2040,2022
2067,2061,2058,2056,2046,2046,2046,2011
2076,2070,2074,2065,2053,2041,2043,2018
2071,2070,2066,2066,2049,2041,2042,2005
2066,2056,2052,2065,2037,2060,2051,2000
2056,2051,2047,2062,2047,2074,2060,2008
2062,2046,2046,2072,2051,2079,2069,1989
2049,2042,2036,2064,2055,2065,2058,1998
2043,2035,2034,2064,2050,2012,2040,1995
2040,2035,2032,2066,2051,2009,2037,2000
2045,2045,2045,2069,2058,2028,2059,2003
2062,2056,2044,2059,2069,2044,2067,1999
2054,2048,2030,2046,2066,2062,2057,1992
2045,2050,2026,2041,2067,2070,2061,2006
2044,2060,2042,2042,2063,2068,2049,2003
2046,2057,2037,2023,2032,2054,2043,2003
2046,2054,2042,2018,2000,2025,2036,2010
2043,2055,2051,2016,1964,2003,2029,2006
2041,2056,2055,2024,1968,1996,2027,2015
2047,2053,2050,2016,1997,2005,2027,2031
2053,2056,2058,2049,2046,2025,2055,2039
2060,2068,2070,2074,2083,2025,2051,2050
2062,2069,2058,2070,2072,2031,2061,2046
2048,2057,2046,2060,2074,2046,2058,2043
2051,2048,2050,2049,2076,2050,2054,2028
2037,2034,2049,2047,2075,2033,2019,2037
2039,2045,2056,2055,2060,2030,2031,2044
2040,2052,2073,2064,2047,2045,2030,2037
2043,2049,2067,2062,2050,2049,2037,2036
2041,2048,2064,2063,2042,2054,2031,2026
2048,2042,2056,2054,2037,2050,2028,2021
2044,2032,2057,2058,2046,2053,2016,2018
2047,2051,2076,2074,2057,2054,2012,1998
2049,2050,2081,2087,2051,2051,2017,1999
2041,2049,2080,2087,2053,2052,2028,2002
2044,2053,2078,2095,2059,2057,2039,2001
2046,2044,2065,2083,2063,2061,2025,2002
2041,2041,2049,2071,2068,2064,2040,2000
2045,2037,2035,2063,2059,2061,2052,1992
2037,2035,2025,2057,2054,2050,2035,1999
2035,2024,2010,2042,2043,2044,2027,2002
2035,2012,2002,2029,2036,2039,2025,1995
2026,2003,1988,2008,2035,2034,2035,1994
2030,2000,1985,2009,2034,2047,2046,1988
2035,2016,2011,2016,2051,2052,2027,1986
2037,2030,2038,2031,2053,2053,2036,1986
2040,2035,2053,2036,2056,2053,2054,1989
2033,2035,2051,2024,2055,2047,2043,1996
2028,2032,2055,2032,2053,2046,2053,1994
2036,2033,2041,2028,2059,2049,2043,2008
2037,2036,2035,2018,2063,2043,2042,2025
2043,2039,2042,2017,2060,2047,2032,2027
2049,2036,2042,2022,2058,2042,2015,2021
2039,2032,2038,2023,2050,2034,2029,2026
2037,2036,2038,2027,2057,2038,2051,2020
2035,2042,2045,2039,2055,2045,2053,2027
2045,2059,2070,2052,2065,2056,2069,2045
2061,2069,2077,2058,2065,2056,2046,2048
2056,2068,2067,2055,2053,2051,2042,2050
2040,2051,2054,2048,2054,2056,2050,2047
2045,2059,2057,2056,2056,2057,2050,2047
2060,2075,2067,2057,2052,2058,2059,2047
2065,2070,2061,2056,2050,2055,2054,2035
2057,2063,2062,2053,2040,2066,2037,2026
2046,2053,2054,2046,2025,2075,2037,2028
2044,2052,2048,2034,2014,2072,2028,2016
2050,2064,2060,2038,2009,2072,2029,2014
2056,2064,2070,2033,1995,2068,2041,2013
2058,2064,2078,2037,1996,2056,2045,2009
2056,2062,2078,2034,1994,2075,2052,1996
2049,2058,2076,2036,2003,2097,2026,1998
2051,2059,2080,2054,2106,2092,2047,2008
2065,2066,2082,2072,2162,2068,2051,2013
2070,2059,2080,2070,2145,2076,2069,2008
2067,2055,2075,2062,2088,2077,2045,1995
2053,2038,2071,2057,2075,2056,2042,1993
2047,2034,2072,2055,2066,2025,2028,1997
2052,2045,2082,2066,2056,2019,2055,2011
2059,2059,2082,2065,2023,2042,2063,2016
2061,2061,2085,2081,2029,2066,2066,2011
2063,2064,2085,2082,2015,2066,2056,2009
2056,2061,2081,2083,2030,2075,2064,2005
2059,2058,2068,2085,2040,2078,2058,2015
2050,2053,2061,2071,2019,2068,2041,2011
2041,2040,2050,2058,2009,2056,2049,2015
2036,2032,2044,2051,2001,2064,2052,2014
2034,2038,2039,2031,1967,2064,2056,2025
2039,2042,2042,2041,2035,2073,2062,2028
2046,2051,2048,2055,2102,2064,2062,2043
2044,2048,2039,2035,2177,2048,2053,2047
2041,2046,2045,2041,2169,2049,2064,2051
2047,2046,2050,2041,2113,2040,2036,2045
2044,2042,2048,2028,2097,2038,2039,2041
2036,2032,2038,2016,2070,2031,2042,2040
2033,2040,2052,2017,2044,2028,2026,2034
2033,2046,2065,2018,2010,2025,2042,2022
2030,2045,2055,2011,1963,2026,2029,2016
2034,2044,2048,2018,1991,2033,2041,2023
2044,2056,2060,2038,2047,2034,2051,2021
2052,2062,2067,2036,2042,2024,2016,2028
2047,2050,2058,2027,2020,1999,2007,2028
2049,2047,2050,2019,1996,1981,2002,2015
2053,2052,2052,2023,1981,1980,2014,2009
2055,2050,2049,2015,1984,2004,2014,2000
2051,2049,2043,2020,2021,2034,2052,1997
2055,2054,2061,2041,2058,2057,2059,2004
2056,2060,2073,2055,2086,2080,2062,2007
2054,2057,2074,2048,2087,2075,2054,1999
2054,2051,2074,2039,2077,2056,2044,1990
2047,2041,2068,2051,2115,2065,2072,1994
2041,2045,2071,2060,2138,2067,2074,2003
2053,2062,2075,2064,2135,2061,2058,2009
2049,2057,2073,2066,2103,2059,2076,2006
2052,2054,2071,2057,2041,2059,2080,2008
2048,2058,2064,2046,1977,2054,2076,2009
2050,2051,2057,2040,1962,2046,2065,2015
2046,2048,2053,2036,1947,2029,2064,2015
2049,2045,2053,2040,1969,2007,2077,2032
2046,2051,2054,2065,2131,2041,2084,2043
2057,2056,2062,2086,2266,2096,2099,2045
2057,2061,2066,2083,2292,2121,2098,2045
2052,2064,2065,2073,2284,2121,2076,2053
2051,2063,2066,2046,2241,2123,2087,2046
2049,2054,2058,2051,2209,2108,2065,2040
2046,2043,2051,2042,2080,2100,2043,2035
2031,2028,2039,2023,1939,2043,1991,2028
2025,2022,2036,2019,1893,1967,2008,2030
2028,2031,2037,2025,1933,1949,2007,2028
2030,2033,2035,2012,1897,1926,2015,2039
2043,2036,2049,2042,1950,1953,2023,2043
2049,2051,2062,2070,2076,2033,2055,2040
2049,2056,2068,2070,2115,2071,2033,2028
2045,2054,2064,2072,2135,2088,2052,2018
2040,2054,2054,2070,2124,2086,2060,2012
2042,2052,2048,2072,2119,2065,2047,2012
2049,2043,2045,2073,2092,2051,2052,2017
2039,2042,2046,2063,2038,2031,2039,2016
2042,2046,2041,2071,2016,2035,2040,2006
2043,2041,2048,2053,2034,2049,2053,2007
2042,2045,2050,2043,2028,2053,2040,1998
2049,2046,2043,2033,2026,2046,2053,1991
2043,2044,2044,2025,2019,2035,2040,1991
2032,2031,2034,2022,2028,2026,2027,1989
2032,2030,2039,2032,2036,2038,2039,1998
2042,2049,2047,2040,2045,2043,2032,2002
2040,2057,2061,2046,2052,2050,2043,2006
2040,2057,2070,2046,2053,2054,2051,2011
2040,2055,2070,2046,2053,2046,2048,2020
2051,2051,2059,2039,2050,2045,2044,2022
2042,2036,2046,2034,2050,2044,2050,2020
2041,2039,2043,2034,2051,2049,2048,2027
2044,2043,2040,2059,2063,2050,2050,2031
2052,2047,2036,2061,2069,2053,2056,2036
2044,2047,2034,2068,2066,2053,2046,2035
2037,2040,2028,2059,2068,2058,2062,2044
2033,2049,2035,2054,2058,2071,2056,2041
2035,2048,2041,2048,2053,2071,2073,2040
2034,2045,2042,2032,2035,2074,2073,2036
2021,2019,2028,1999,1999,2070,2047,2032
2018,2022,2043,2014,1970,2011,2032,2043
2036,2045,2060,2017,1913,1978,1994,2046
2044,2047,2060,2000,1866,1958,2000,2046
2039,2054,2047,1993,1868,1939,2001,2039
2040,2047,2057,2009,1923,1957,2005,2022
2030,2042,2043,2028,2015,2021,2022,2022
2035,2048,2053,2091,2119,2072,2037,2033
2052,2060,2069,2112,2136,2106,2044,2035
2052,2054,2057,2101,2118,2102,2051,2026
2060,2054,2052,2095,2141,2105,2053,2017
2053,2052,2045,2075,2142,2089,2040,2007
2044,2059,2048,2060,2053,2057,2049,2006
2046,2065,2047,2050,1994,2054,2054,2007
2041,2062,2042,2052,1992,2063,2045,2005
2043,2059,2038,2056,2048,2066,2036,2011
2047,2049,2037,2058,2104,2056,2030,1998
2040,2030,2019,2035,2150,2051,2040,1999
2034,2023,2017,2027,2153,2070,2045,2003
2043,2040,2030,2017,2128,2074,2066,2005
2042,2046,2035,2006,2115,2076,2048,2008
2043,2049,2043,2021,2100,2068,2058,2004
2043,2050,2045,2029,2082,2068,2073,2007
2038,2056,2050,2026,2070,2065,2076,2013
2043,2056,2049,2025,2071,2062,2058,2011
2044,2051,2050,2032,2034,2063,2074,2017
2041,2044,2050,2035,2052,2069,2077,2025
2037,2050,2046,2048,2069,2072,2084,2036
2043,2052,2048,2051,2060,2078,2075,2036
2041,2042,2041,2042,2049,2093,2052,2044
2031,2038,2029,2033,2033,2096,2068,2049
2032,2032,2029,2030,2029,2075,2042,2047
2037,2044,2045,2036,2024,2047,2053,2054
2038,2049,2059,2046,2051,2008,2035,2053
2040,2049,2057,2049,2067,2010,2036,2054
2056,2054,2053,2046,2055,2020,2046,2050
2046,2044,2040,2040,2048,2023,2033,2036
2033,2045,2047,2050,2046,2030,2015,2040
2043,2053,2053,2050,2052,2039,2022,2034
2042,2054,2045,2048,2049,2043,2024,2026
2038,2047,2032,2047,2034,2050,2033,2021
2039,2045,2027,2042,2030,2074,2053,2015
2046,2047,2029,2044,2005,2081,2037,2013
2034,2037,2024,2053,2043,2089,2036,2009
2031,2030,2027,2070,2107,2077,2036,2011
2032,2031,2028,2092,2151,2024,2055,2011
2048,2037,2030,2096,2158,2024,2040,2012
2046,2028,2026,2074,2086,2039,2022,2003
2043,2025,2023,2060,2024,2034,2028,1990
2026,2028,2014,2044,1986,2006,2000,1986
2020,2014,2002,2010,1913,1962,1994,1984
2016,2020,2011,2025,1941,1998,2021,2012
2045,2039,2036,2072,2067,2069,2061,2023
2049,2044,2040,2091,2135,2123,2066,2025
2053,2048,2052,2079,2134,2147,2082,2026
2052,2051,2052,2065,2086,2140,2098,2028
2047,2052,2044,2045,2037,2113,2062,2033
2036,2042,2036,2022,1992,2077,2040,2032
2040,2039,2030,2011,1984,2046,2059,2046
2049,2057,2057,2031,1981,2043,2060,2059
2056,2067,2080,2045,1972,2036,2039,2056
2048,2066,2077,2032,1971,2035,2047,2047
2037,2055,2070,2033,1970,2001,2024,2054
2047,2058,2067,2046,2026,1952,2035,2073
2048,2059,2070,2057,2111,2012,2068,2081
2053,2062,2068,2063,2155,2058,2064,2074
2045,2048,2054,2059,2154,2084,2060,2067
2038,2041,2051,2058,2157,2091,2049,2069
2046,2047,2061,2072,2151,2096,2057,2075
2044,2054,2062,2062,2116,2072,2075,2067
2051,2050,2066,2056,2080,2058,2068,2064
2045,2052,2060,2051,2072,2050,2066,2057
2053,2052,2053,2054,2059,2037,2058,2053
2047,2053,2057,2061,2039,2030,2058,2041
2046,2047,2055,2054,2009,2046,2060,2041
2042,2049,2054,2037,1977,2075,2028,2036
2043,2054,2054,2035,1966,2059,2020,2025
2043,2046,2046,2029,1932,2028,2020,2024
2037,2046,2043,2024,1981,1986,2033,2024
2042,2045,2039,2031,2049,1981,2052,2017
2032,2045,2042,2034,2106,2014,2066,2020
2042,2050,2047,2041,2128,2048,2060,2016
2040,2045,2045,2044,2096,2042,2042,2007
2034,2036,2046,2038,2073,2026,2036,2004
2041,2039,2043,2055,2087,2034,2046,2004
2041,2043,2050,2066,2059,2031,2054,2012
2036,2044,2054,2062,2034,2044,2062,2010
2043,2042,2041,2045,2023,2047,2056,2011
2039,2043,2039,2030,2000,2032,2059,2017
2037,2042,2040,2024,2015,2041,2076,2032
2039,2037,2044,2024,2032,2063,2091,2035
2042,2047,2054,2023,2027,2071,2078,2037
2049,2050,2054,2029,2052,2075,2084,2044
2050,2042,2056,2024,2071,2089,2079,2041
2041,2040,2051,2017,2032,2096,2063,2034
2026,2042,2048,2003,1992,2074,2041,2039
2034,2038,2043,2008,1978,2079,2070,2043
2038,2037,2037,2015,1992,2035,2044,2054
2036,2035,2038,2018,1994,1967,2056,2065
2030,2026,2031,2032,2066,1964,2056,2067
2037,2030,2036,2043,2106,1998,2062,2056
2036,2037,2039,2050,2128,2041,2047,2040
2025,2031,2038,2031,2106,2049,2041,2032
2020,2027,2032,2052,2134,2066,2030,2032
2029,2037,2047,2085,2193,2098,2048,2038
2034,2040,2053,2060,2109,2096,2042,2032
2043,2044,2051,2055,2062,2088,2047,2022
2043,2040,2050,2051,2024,2076,2049,2018
2043,2043,2049,2024,1981,2055,2053,2018
2040,2044,2044,2017,2046,2052,2046,2014
2035,2050,2043,2033,2098,2054,2045,2010
2041,2049,2052,2047,2124,2053,2045,2013
2045,2051,2052,2063,2177,2069,2057,2014
2050,2054,2062,2068,2191,2077,2068,2020
2048,2062,2064,2066,2188,2082,2048,2016
2039,2051,2055,2063,2143,2071,2047,2010
2039,2047,2057,2058,2073,2071,2055,2012
2050,2057,2060,2043,1898,2060,2059,2012
2044,2046,2052,2034,1921,2071,2056,2007
2035,2041,2044,2042,2013,2064,2059,2006
2029,2041,2045,2041,2075,2037,2060,2014
2037,2047,2054,2056,2067,2045,2074,2037
2058,2052,2062,2063,2065,2050,2089,2055
2068,2059,2062,2062,2065,2041,2076,2063
2066,2060,2052,2055,2067,2047,2082,2056
2058,2053,2048,2032,2023,2047,2084,2055
2049,2052,2044,2007,1972,2046,2085,2051
2047,2051,2051,2010,2016,2043,2080,2059
2047,2046,2045,2012,2055,2045,2074,2064
2041,2042,2046,2022,2043,2046,2067,2068
2039,2033,2038,2015,2013,2027,2070,2060
2028,2027,2035,2020,2030,2043,2072,2064
2025,2033,2038,2036,2094,2053,2064,2071
2035,2046,2050,2045,2085,2053,2062,2064
2034,2040,2046,2040,2066,2052,2051,2059
2036,2039,2041,2037,2048,2047,2051,2044
2037,2036,2041,2034,2030,2021,2044,2037
2034,2032,2040,2033,2022,2011,2043,2032
2034,2035,2038,2033,2028,2014,2030,2032
2040,2049,2050,2037,2039,2015,2042,2025
2045,2049,2053,2038,2041,2010,2036,2020
2039,2049,2047,2036,2041,2013,2043,2022
2042,2052,2047,2030,2045,2028,2040,2023
2038,2047,2044,2028,2042,2039,2036,2023
2043,2049,2047,2028,2029,2042,2035,2017
2044,2046,2050,2029,2016,2050,2036,2016
2041,2050,2053,2024,1991,2047,2034,2019
2037,2047,2048,2016,1976,2033,2040,2016
2034,2042,2049,2023,1955,2022,2057,2022
2041,2054,2054,2023,1949,2019,2044,2031
2047,2052,2055,2019,1920,2000,2041,2026
2046,2050,2044,2009,1893,1982,2026,2014
2041,2044,2037,2014,1958,2003,2021,2025
2041,2050,2049,2049,2103,2048,2041,2027
2049,2059,2057,2064,2143,2060,2058,2025
2042,2054,2058,2059,2163,2066,2046,2036
2054,2048,2051,2047,2140,2066,2066,2047
2049,2049,2052,2049,2117,2062,2058,2051
2044,2053,2056,2048,2099,2054,2055,2054
2051,2052,2053,2048,2088,2047,2057,2057
2043,2048,2057,2047,2092,2052,2061,2060
2041,2050,2054,2046,2096,2051,2037,2062
2042,2048,2053,2045,2085,2053,2042,2064
2037,2040,2044,2036,2071,2053,2034,2066
2035,2038,2040,2034,2071,2055,2023,2054
2037,2045,2049,2038,2067,2062,2045,2062
2043,2051,2051,2038,2064,2064,2048,2057
2050,2051,2054,2039,2065,2056,2050,2058
2049,2057,2044,2036,2064,2053,2027,2055
2048,2054,2045,2035,2070,2057,2036,2044
2040,2047,2049,2038,2077,2058,2026,2038
2044,2047,2046,2038,2079,2055,2037,2024
2049,2045,2046,2035,2077,2062,2043,2026
2046,2040,2045,2038,2074,2070,2019,2024
2050,2038,2046,2039,2067,2074,2031,2027
2056,2042,2053,2034,2019,2080,2027,2035
2056,2052,2053,2034,1987,2077,2051,2035
2060,2060,2056,2032,1940,2078,2043,2025
2060,2055,2054,2020,1906,2089,2044,2022
2056,2055,2051,2019,1906,2087,2032,2023
2053,2042,2047,2019,1975,2065,2011,1994
2040,2038,2035,2021,2056,2088,2039,1978
2041,2050,2043,2035,2152,2125,2034,1968
2033,2048,2037,2049,2200,2128,2018,1958
2027,2044,2040,2066,2302,2133,2021,1953
2021,2043,2047,2088,2381,2080,2030,1963
2018,2042,2048,2080,2358,2033,2028,1961
2013,2027,2040,2052,2178,2006,2024,1971
2017,2033,2042,2037,2028,1991,2020,1979
2016,2037,2033,2009,1887,1995,2011,1998
2019,2033,2041,2013,1919,2001,2027,2020
2030,2038,2031,2018,1953,2014,2052,2044
2026,2031,2034,2017,1975,1989,2046,2058
2031,2029,2034,2027,2030,1968,2059,2065
2040,2030,2035,2035,2078,1987,2066,2058
2026,2034,2038,2028,2051,2028,2062,2031
2018,2020,2021,1996,1999,2040,2053,2030
2016,2020,2020,2018,2044,2064,2058,2038
2031,2030,2035,2033,2079,2088,2073,2051
2046,2039,2036,2034,2082,2060,2072,2056
2044,2046,2044,2053,2107,1986,2070,2060
2058,2050,2050,2046,2104,1989,2065,2062
2059,2052,2047,2043,2085,2007,2061,2055
2055,2046,2042,2037,2067,2016,2054,2037
2054,2045,2039,2032,2050,2003,2034,2030
2045,2037,2029,2028,2046,1990,2032,2036
2049,2035,2027,2032,2039,1989,2034,2031
2037,2028,2033,2027,2047,1995,2029,2023
2031,2032,2034,2030,2066,2013,2037,2031
2043,2043,2035,2029,2071,2024,2032,2032
2046,2041,2034,2035,2096,2049,2032,2036
2043,2043,2043,2033,2114,2103,2053,2042
2046,2033,2032,2032,2115,2094,2069,2045
2042,2034,2032,2034,2114,2073,2084,2057
2050,2049,2046,2043,2113,2078,2094,2064
2052,2051,2044,2028,2085,2076,2100,2069
2051,2043,2039,2014,2022,2066,2099,2064
2051,2049,2052,2017,2011,2039,2098,2069
2054,2052,2053,2030,1995,1995,2081,2062
2058,2057,2059,2034,2026,1998,2082,2064
2054,2058,2058,2044,2044,1988,2047,2060
2057,2060,2060,2050,2046,1987,2036,2060
2056,2063,2062,2052,2066,1987,2049,2085
2061,2064,2070,2049,2098,1990,2045,2095
2065,2071,2067,2059,2112,1981,2023,2090
2059,2070,2068,2067,2103,1996,2018,2083
2051,2063,2066,2067,2071,2023,2016,2072
2042,2061,2059,2061,2027,2026,2029,2059
2037,2056,2055,2040,2007,2018,2023,2045
2027,2042,2045,2025,2011,2026,2041,2048
2013,2041,2049,2040,2031,2045,2079,2074
2018,2050,2042,2027,2022,2050,2083,2085
2020,2042,2035,2003,1963,2037,2093,2098
2020,2036,2027,1986,1981,2048,2109,2111
2025,2043,2027,2002,2022,2072,2074,2134
2039,2058,2039,2011,2047,2118,2039,2150
2061,2060,2054,2034,2104,2162,2031,2152
2061,2061,2053,2063,2134,2151,1949,2152
2064,2060,2053,2050,2121,2077,1954,2164
2074,2062,2054,2040,2102,2038,1973,2158
2082,2060,2053,2038,2089,2023,1993,2139
2077,2063,2056,2042,2078,2029,2043,2129
2083,2064,2050,2051,2074,2041,2126,2102
2084,2071,2050,2048,2067,2059,2137,2077
2081,2061,2045,2040,2053,2054,2121,2032
2066,2049,2037,2026,2051,2045,2086,2006
2060,2043,2039,2023,2041,2048,2085,1963
2055,2043,2038,2028,2032,2043,2090,1906
2036,2037,2030,2023,2036,2054,2096,1897
2011,2029,2028,2024,2052,2019,2058,1909
2008,2028,2031,2029,2061,2030,2012,1930
2011,2032,2026,2030,2078,2048,1991,1976
2013,2034,2031,2033,2070,2042,1964,2005
2019,2042,2035,2026,2087,2041,1966,1994
2022,2048,2038,2042,2122,2061,1997,1995
2025,2045,2039,2051,2126,2084,2018,2013
2030,2045,2040,2057,2133,2093,2043,2039
2042,2051,2046,2062,2137,2092,2066,2037
2048,2051,2052,2060,2133,2082,2057,2058
2046,2049,2052,2048,2090,2091,2067,2069
2038,2042,2039,2041,2074,2076,2061,2059
2032,2024,2023,2009,1993,2038,2066,2050
2018,2021,2020,1990,1948,1979,2060,2059
2030,2038,2032,2008,2080,1948,2061,2082
2037,2036,2040,2027,2184,1971,2073,2101
2049,2043,2054,2060,2268,2020,2100,2111
2055,2056,2064,2072,2244,2024,2080,2112
2051,2054,2058,2052,2106,1995,2060,2104
2048,2052,2055,2039,1957,2021,2059,2073
2052,2045,2043,2031,1946,2043,2014,2035
2036,2042,2041,2020,1964,2037,1990,2031
2039,2047,2042,2002,1927,2017,2016,2033
2049,2047,2050,2009,1946,2031,2045,2029
2049,2055,2051,2020,1992,2055,2053,2016
2041,2058,2057,2035,2010,2064,2060,2012
2037,2057,2062,2036,2030,2080,2059,2016
2040,2061,2054,2032,2049,2080,2052,2027
2036,2050,2045,2031,2035,2076,2048,2024
2039,2045,2046,2030,2037,2065,2014,2026
2049,2051,2049,2022,2011,2029,2012,2034
2050,2050,2046,2012,2009,2019,1985,2022
2048,2048,2042,2004,2052,2010,2011,2015
2045,2046,2036,2009,2104,2034,2031,2017
2047,2045,2043,2033,2121,2057,2028,2009
2044,2039,2046,2038,2101,2052,2017,2000
2030,2048,2056,2040,2070,2076,2046,2014
2029,2050,2054,2047,2069,2089,2067,2025
2026,2053,2051,2037,2018,2058,2060,2031
2025,2048,2047,2025,2024,2042,2058,2040
2031,2042,2049,2018,2058,2058,2056,2040
2027,2043,2044,2023,2057,2065,2051,2043
2031,2045,2044,2001,1980,2044,2055,2052
2039,2043,2045,1969,1937,1998,2020,2045
2020,2030,2031,1966,1878,1973,2004,2038
2023,2035,2044,1972,1852,1932,2014,2048
2042,2054,2059,2000,1924,1917,2034,2073
2053,2067,2070,2022,2008,1977,2057,2075
2059,2080,2075,2030,2031,2025,2060,2073
2064,2080,2072,2023,2026,2029,2047,2062
2053,2073,2069,2023,2007,2018,2053,2055
2057,2070,2071,2035,2025,2027,2063,2040
2052,2062,2063,2027,2056,2043,2057,2039
2054,2057,2057,2028,2113,2084,2069,2038
2052,2054,2058,2040,2205,2117,2075,2028
2052,2056,2055,2040,2211,2133,2078,2025
2056,2060,2056,2051,2229,2143,2071,2035
2067,2064,2060,2065,2298,2086,2059,2037
2070,2065,2066,2058,2212,2028,2052,2041
2065,2065,2066,2000,1919,1978,2028,2023
2042,2035,2032,1939,1745,1930,1984,1995
2020,2016,2015,1938,1797,1969,2011,1986
2029,2031,2035,1974,1911,2018,2044,1988
2029,2037,2036,2005,2021,2052,2044,1980
2029,2043,2044,2017,2080,2061,2050,1999
2030,2041,2042,2013,2111,2088,2047,2012
2032,2042,2044,2006,2073,2076,2019,2015
2038,2041,2039,1996,2056,2041,2031,2011
2024,2034,2030,1987,2073,2025,2033,2013
2018,2026,2029,2002,2136,2019,2022,2020
2016,2032,2033,2017,2161,2026,2038,2028
2011,2034,2039,2020,2122,2039,2044,2030
2008,2035,2035,2006,2029,2018,2029,2038
2014,2039,2038,1996,2019,2026,2033,2051
2037,2053,2056,2015,2081,2062,2056,2069
2040,2065,2064,2034,2136,2082,2069,2076
2037,2053,2062,2028,2148,2086,2064,2073
2029,2053,2057,2018,2114,2065,2060,2073
2036,2063,2057,2016,2064,2040,2060,2062
2030,2053,2066,2010,2043,2039,2068,2061
2038,2049,2054,2001,2021,2034,2072,2057
2038,2044,2048,1996,2023,2040,2063,2056
2043,2041,2047,2000,2027,2046,2063,2050
2033,2049,2052,2008,2040,2065,2064,2040
2038,2053,2058,2017,2037,2065,2071,2039
2047,2055,2060,2020,2036,2052,2060,2033
2042,2053,2050,2021,2047,2031,2036,2019
2036,2046,2044,2021,2083,2047,2015,2018
2030,2040,2047,2042,2154,2073,2041,2012
2028,2033,2038,2038,2125,2068,2006,2005
2021,2025,2034,2025,2076,2056,2014,2006
2030,2030,2030,2022,2041,2031,2003,1994
2015,2008,2013,1997,2026,2032,1991,1978
2008,2005,2008,1987,1995,2046,2012,1973
2015,2021,2023,1997,1998,2063,1982,1993
2021,2020,2023,2002,1973,2047,2024,2014
2023,2027,2029,2024,2009,2023,2044,2033
2039,2042,2051,2052,2083,2039,2046,2038
2051,2056,2064,2070,2138,2044,2035,2050
2046,2055,2073,2084,2225,2062,2027,2059
2054,2054,2068,2093,2259,2109,2051,2059
2047,2041,2053,2084,2236,2151,2026,2046
2035,2032,2039,2074,2197,2162,2037,2049
2024,2026,2039,2062,2157,2132,2001,2046
2016,2022,2032,2021,2047,2018,1993,2042
2027,2034,2038,1992,1996,1928,2024,2072
2035,2050,2059,1981,1972,1967,2046,2080
2040,2054,2062,1985,2052,2053,2038,2084
2041,2046,2059,2000,2144,2113,2046,2085
2034,2050,2070,2009,2168,2105,2040,2089
2044,2077,2084,2019,2128,2067,2045,2086
2048,2081,2081,2013,1943,2026,2054,2078
2043,2080,2077,2000,1910,1999,2024,2067
2038,2067,2063,1975,1866,1972,2012,2061
2037,2060,2051,1972,1925,1986,2025,2055
2036,2062,2055,1980,1962,1989,2041,2053
2037,2063,2060,1984,1981,2001,2034,2049
2041,2063,2052,1989,2023,2036,2052,2042
2051,2064,2048,2002,2086,2059,2060,2041
2047,2063,2037,1999,2060,2056,2049,2032
2034,2055,2038,1990,1994,2045,2025,2030
2029,2054,2041,1992,1963,2029,2011,2026
2027,2054,2043,1998,1945,2004,2001,2028
2037,2056,2054,2010,1964,2001,2027,2029
2039,2060,2056,2003,1940,1990,2020,2018
2035,2050,2053,2000,1971,1993,2029,2017
2033,2047,2045,1984,2036,2012,2034,2026
2032,2042,2043,1993,2076,2018,2029,2029
2036,2049,2064,2034,2084,2035,2026,2031
2043,2050,2075,2061,2098,2045,2038,2036
2042,2053,2079,2056,2076,2039,2023,2038
2041,2051,2069,2055,2054,2039,2043,2039
2038,2049,2064,2059,2033,2043,2041,2041
2029,2048,2058,2065,2045,2076,2057,2051
2032,2041,2051,2062,2027,2091,2039,2049
2030,2045,2045,2052,2024,2089,2051,2064
2032,2041,2042,2052,2032,2081,2057,2069
2031,2044,2050,2051,2031,2077,2055,2079
2032,2049,2045,2060,2092,2072,2059,2082
2030,2050,2039,2081,2195,2084,2056,2087
2038,2044,2035,2072,2178,2082,2047,2083
2022,2039,2033,2059,2121,2084,2049,2071
2027,2046,2040,2051,2066,2082,2049,2066
2026,2042,2039,2025,1949,2053,2040,2062
2023,2025,2042,2006,1900,2024,2025,2046
2017,2018,2032,1986,1920,2016,2009,2029
2013,2010,2027,1966,1917,2009,2006,2020
2010,2019,2027,1986,1917,1972,2013,2027
2025,2033,2037,2002,1943,1972,2029,2027
2029,2038,2033,2035,2045,2035,2028,2028
2034,2040,2029,2061,2129,2100,2041,2032
2034,2038,2020,2066,2191,2116,2063,2034
2038,2038,2007,2064,2283,2112,2031,2029
2041,2037,1982,2043,2256,2100,2012,2031
2037,2027,1956,2013,2171,2087,2009,2027
2034,2023,1942,2001,2131,2092,2025,2026
2031,2012,1936,1976,2035,2076,2011,2018
2016,2001,1932,1924,1839,2019,1997,2015
2011,1996,1933,1860,1685,2009,2027,2013
2013,2005,1939,1852,1650,2040,2030,2024
2024,2036,1978,1896,1764,2093,2068,2035
2035,2064,2023,1932,1907,2147,2068,2034
2044,2064,2036,1948,1971,2126,2067,2049
2050,2064,2063,1967,2084,2102,2054,2053
2055,2061,2084,1980,2103,2064,2056,2047
2043,2056,2083,1960,1986,1931,2055,2061
2045,2053,2088,1961,2006,1925,2055,2064
2038,2038,2085,1965,2054,1958,2022,2061
2027,2043,2091,1997,2140,1978,2016,2075
2043,2053,2112,2045,2257,2024,2065,2095
2050,2061,2110,2057,2230,2060,2077,2096
2048,2058,2093,2046,2198,2111,2085,2088
2039,2043,2083,2024,2176,2127,2078,2086
2031,2043,2097,2023,2162,2079,2076,2077
2035,2056,2111,2022,2129,2028,2049,2072
2031,2063,2108,2017,2096,2027,2043,2072
2035,2055,2086,1997,2032,2029,2032,2061
2029,2057,2064,1975,1981,2057,2037,2054
2035,2051,2060,1977,2055,2062,2022,2039
2033,2050,2048,1986,2083,2053,2021,2040
2032,2047,2043,1991,2064,2059,2018,2036
2042,2045,2044,1992,2048,2062,2017,2025
2030,2040,2042,1990,2037,2070,2015,2026
2036,2038,2042,1988,2029,2052,2010,2019
2030,2031,2031,1982,2022,2019,2011,2019
2032,2034,2032,1978,2013,1988,2008,2020
2034,2032,2034,1986,2024,2003,2014,2021
2036,2035,2040,1987,2036,2021,2000,2021
2032,2031,2036,1984,2056,2017,2010,2021
2030,2029,2036,1994,2069,2023,2010,2026
2041,2036,2047,2008,2084,2028,2018,2034
2040,2037,2049,2008,2089,2010,2004,2030
2043,2039,2050,2015,2082,1998,1997,2034
2042,2037,2057,2017,2081,2002,2003,2034
2044,2041,2062,2014,2085,2037,2045,2033
2041,2041,2067,2011,2094,2069,2053,2038
2042,2040,2068,2016,2089,2067,2039,2038
2035,2046,2066,2021,2098,2059,2053,2054
2042,2050,2070,2027,2105,2046,2027,2056
2047,2054,2075,2021,2081,2033,2058,2060
2046,2050,2074,2015,2082,2069,2070,2058
2041,2052,2069,2010,2077,2093,2066,2071
2046,2051,2065,2015,2078,2107,2071,2080
2043,2053,2073,2014,2060,2096,2055,2083
2040,2038,2050,1995,2004,2051,2056,2077
2027,2030,2046,1992,1966,2030,2029,2066
2035,2037,2048,2001,1989,1986,2029,2060
2030,2039,2052,2008,2000,1975,2027,2057
2030,2038,2044,2004,2013,2015,2041,2050
2031,2029,2031,2001,2033,2048,2042,2042
2022,2030,2021,1998,2049,2068,2032,2042
2026,2025,2018,2009,2098,2097,2051,2040
2035,2026,2019,2025,2114,2104,2051,2049
2038,2030,2015,2007,2053,2080,2055,2050
2041,2025,2016,1985,2008,2080,2075,2042
2044,2023,2018,1985,2023,2091,2066,2044
2044,2024,2024,1988,2012,2074,2065,2034
2048,2029,2028,1983,1978,2045,2061,2026
2046,2038,2031,1984,1963,2075,2032,2014
2045,2032,2029,1978,1970,2083,2045,2006
2031,2020,2023,1961,1986,2055,2022,2000
2029,2016,2025,1966,2075,2036,2029,2018
2036,2025,2037,1990,2204,1980,2051,2047
2052,2040,2054,2013,2249,1967,2050,2044
2052,2046,2062,2025,2229,1990,2053,2041
2051,2047,2072,2036,2228,2032,2064,2050
2052,2052,2083,2040,2139,2037,2043,2059
2050,2056,2086,2025,1946,2013,2037,2056
2057,2058,2079,2015,1926,2017,2056,2057
2049,2046,2064,2009,1973,2037,2063,2053
2045,2040,2059,2002,1968,2051,2042,2058
2048,2038,2050,1994,1966,2065,2032,2057
2038,2031,2041,1967,1879,2051,2035,2061
2033,2033,2043,1964,1855,2014,2056,2088
2046,2044,2061,2008,2017,2028,2063,2092
2047,2053,2063,2029,2112,2046,2063,2084
2043,2036,2049,2018,2108,2038,2041,2078
2034,2033,2045,2016,2088,2019,2036,2075
2041,2039,2056,2013,2062,2003,2041,2073
2047,2042,2060,2006,2035,2010,2034,2073
2046,2050,2064,2006,2022,2030,2038,2067
2040,2043,2051,2010,2037,2042,2039,2056
2035,2038,2046,2004,2029,2031,2046,2057
2040,2038,2045,2005,2030,2015,2025,2057
2045,2040,2043,2001,2016,2016,2025,2042
2039,2028,2035,1994,2012,2029,2025,2028
2030,2028,2036,2002,2058,2052,2033,2025
2026,2025,2045,2021,2106,2070,2039,2031
2036,2038,2043,2027,2114,2069,2049,2029
2044,2040,2043,2025,2111,2078,2048,2030
2040,2035,2039,2009,2052,2053,2039,2029
2035,2026,2027,1984,1971,2065,2037,2025
2031,2024,2025,1994,1998,2064,2050,2024
2036,2025,2027,2013,2024,2065,2048,2015
2039,2033,2036,2024,2059,2071,2057,2019
2034,2028,2027,2016,2062,2058,2053,2022
2031,2025,2019,2009,2046,2046,2053,2015
2033,2021,2020,2003,2031,2041,2040,2027
2034,2027,2024,1999,2020,2042,2054,2036
2041,2032,2032,2004,2046,2068,2070,2043
2044,2041,2037,2015,2102,2098,2073,2056
2043,2039,2036,2030,2134,2113,2078,2065
2039,2039,2045,2032,2107,2107,2066,2063
2044,2048,2044,2034,2122,2097,2072,2066
2050,2055,2052,2037,2126,2072,2054,2067
2056,2053,2049,2025,2061,2047,2055,2078
2043,2038,2042,2013,1929,1973,2030,2072
2041,2043,2046,2030,1997,1933,2017,2086
2040,2041,2056,2053,2092,1951,2020,2083
2043,2047,2063,2029,2056,1964,2047,2084
2047,2053,2063,2019,2014,2008,2023,2078
2046,2051,2058,2034,2067,2034,2035,2070
2043,2043,2056,2042,2104,2042,2040,2065
2045,2049,2057,2038,2107,2032,2036,2065
2044,2045,2060,2036,2087,2035,2009,2056
2043,2048,2051,1994,1880,2030,2029,2055
2044,2045,2054,2004,1904,2051,2058,2048
2045,2046,2054,1997,1869,2042,2032,2047
2038,2044,2053,1984,1802,2025,2039,2041
2041,2041,2049,1973,1760,2012,2035,2037
2034,2040,2045,1980,1776,1981,2027,2034
2035,2046,2043,1994,1846,1980,2041,2043
2049,2052,2052,2023,1933,2047,2059,2049
2057,2067,2065,2040,1988,2104,2070,2043
2058,2052,2060,2035,2033,2131,2082,2040
2053,2043,2051,2036,2089,2114,2076,2037
2052,2057,2054,2061,2168,2092,2071,2028
2042,2055,2055,2043,2127,2067,2056,2032
2041,2047,2054,2036,2101,2076,2076,2042
2041,2055,2050,2035,2143,2081,2076,2045
2045,2050,2051,2037,2170,2073,2055,2040
2041,2052,2053,2039,2143,2049,2064,2047
2042,2047,2046,2038,2095,2043,2063,2049
2040,2046,2048,2030,2066,2033,2055,2057
2038,2048,2050,2019,2040,2027,2061,2061
2038,2047,2051,2019,2028,2043,2055,2072
2037,2042,2052,2035,2045,2052,2045,2071
2039,2040,2046,2045,2076,2066,2048,2079
2039,2040,2049,2046,2067,2062,2068,2083
2038,2043,2047,2038,2056,2054,2077,2088
2030,2031,2037,2031,2061,2042,2051,2083
2032,2031,2038,2026,2070,2043,2056,2084
2040,2040,2043,2031,2061,2037,2060,2082
2044,2040,2034,2031,2076,2033,2054,2083
2047,2035,2034,2024,2051,2003,2031,2077
2042,2025,2029,2009,1970,1984,2040,2064
2038,2022,2021,2002,1987,2028,2032,2054
2038,2016,2024,2010,1995,2062,2050,2054
2040,2023,2021,2020,1975,2072,2059,2045
2036,2023,2029,2022,1988,2051,2037,2031
2035,2016,2025,2023,1965,2037,2048,2018
2039,2028,2031,2039,1988,2057,2051,2011
2029,2022,2024,2036,2039,2077,2038,2007
2026,2017,2008,2028,2094,2012,2000,2000
2025,2021,2014,2047,2140,1952,2027,2024
2034,2039,2031,2050,2127,2010,2046,2028
2032,2032,2028,2029,2099,2054,2044,2022
2029,2032,2019,2012,2018,2082,2067,2030
2051,2046,2037,2037,2002,2066,2070,2034
2056,2043,2046,2046,1998,2044,2054,2042
2061,2060,2057,2053,2035,2061,2059,2055
2067,2066,2064,2057,2058,2084,2068,2055
2060,2059,2059,2057,2052,2080,2067,2064
2060,2050,2054,2050,1990,2047,2073,2064
2053,2046,2042,2037,1945,2058,2066,2053
2049,2034,2043,2020,1925,2035,2073,2060
2052,2041,2040,2009,1889,2001,2070,2069
2055,2042,2033,2027,1914,2016,2068,2077
2060,2039,2049,2073,2003,2005,2064,2097
2063,2047,2066,2100,2067,2001,2055,2109
2065,2057,2060,2093,2056,2009,2049,2112
2062,2058,2067,2077,2041,2012,2047,2094
2046,2045,2050,2044,2032,2020,2037,2075
2036,2040,2050,2042,2081,2064,2046,2078
2043,2044,2058,2053,2133,2090,2052,2061
2039,2042,2059,2059,2187,2088,2050,2058
2033,2044,2058,2053,2131,2062,2038,2049
2033,2045,2051,2039,2042,2054,2039,2060
2039,2044,2051,2045,2012,2057,2048,2064
2052,2053,2051,2040,2000,2060,2038,2057
2056,2057,2051,2042,1993,2049,2042,2054
2052,2059,2047,2038,1997,2038,2048,2052
2050,2054,2043,2027,2006,2026,2034,2053
2039,2051,2039,2025,2022,2012,2044,2043
2046,2050,2036,2017,2074,1998,2048,2045
2039,2046,2031,2032,2094,1988,2062,2042
2034,2035,2029,2051,2064,1989,2032,2043
2038,2038,2034,2051,2038,1991,2035,2032
2035,2026,2022,2041,2034,2011,2045,2042
2034,2028,2021,2040,2049,2039,2055,2050
2040,2039,2033,2045,2052,2053,2054,2054
2040,2040,2031,2033,2045,2049,2041,2054
2039,2036,2027,2034,2044,2043,2050,2054
2043,2042,2027,2027,2045,2038,2070,2060
2034,2047,2035,2029,2048,2029,2055,2059
2041,2046,2033,2038,2046,2019,2040,2069
2039,2045,2036,2027,2045,2005,2066,2071
2040,2046,2035,2037,2048,1983,2041,2067
2036,2045,2045,2044,2046,1964,2007,2078
2036,2045,2045,2049,2048,1998,2029,2083
2039,2048,2051,2056,2067,2030,2070,2089
2042,2049,2064,2060,2081,2042,2056,2094
2042,2051,2061,2060,2125,2053,2045,2093
2035,2040,2056,2061,2186,2098,2046,2084
2027,2029,2056,2073,2224,2145,2064,2097
2030,2034,2057,2076,2201,2144,2067,2085
2030,2039,2055,2060,2126,2129,2051,2078
2030,2044,2059,2047,1980,2063,2048,2073
2027,2044,2049,2028,1834,2008,2048,2067
2024,2038,2038,2017,1809,1963,2017,2061
2024,2035,2036,2019,1771,1909,2027,2074
2043,2046,2056,2057,1949,1925,2032,2078
2049,2051,2053,2060,2013,2004,2047,2072
2054,2052,2047,2068,2092,2065,2062,2061
2056,2047,2042,2055,2102,2058,2059,2039
2053,2053,2050,2041,2044,2027,2040,2048
2048,2058,2056,2047,2022,2030,2051,2044
2048,2058,2066,2055,2086,2039,2063,2048
2052,2054,2064,2049,2124,2043,2042,2044
2050,2052,2052,2045,2107,2028,2030,2036
2036,2037,2043,2036,2058,2011,2042,2035
2040,2027,2035,2026,2007,2010,2040,2051
2049,2032,2043,2039,1982,2001,2052,2049
2045,2034,2039,2021,1923,1983,2054,2051
2045,2042,2041,2015,1889,2015,2072,2057
2055,2050,2058,2054,1994,2061,2084,2060
2052,2056,2066,2087,2109,2092,2097,2067
2066,2062,2069,2101,2178,2123,2082,2081
2066,2060,2060,2096,2164,2107,2088,2080
2060,2043,2042,2068,2066,2064,2070,2081
2051,2030,2036,2046,1983,2015,2031,2064
2038,2021,2027,2037,1985,2020,2036,2074
2032,2025,2033,2046,2015,2032,2039,2084
2028,2022,2038,2047,2048,2046,2066,2096
2034,2028,2045,2049,2059,2053,2052,2100
2033,2034,2043,2042,2086,2059,2041,2096
2023,2020,2036,2048,2089,2030,2007,2080
2022,2026,2042,2049,2076,2001,2009,2080
2028,2040,2048,2044,2058,2000,2004,2071
2032,2038,2042,2030,2052,2017,2008,2068
2026,2036,2036,2012,2010,2021,2034,2068
2039,2044,2031,1993,1938,2028,2027,2063
2038,2048,2040,2006,1960,2034,2034,2060
2053,2062,2058,2026,1996,2047,2049,2057
2066,2062,2064,2040,2025,2058,2060,2069
2064,2067,2061,2042,2025,2058,2049,2056
2071,2061,2056,2039,2023,2042,2064,2053
2061,2060,2055,2037,2022,2042,2048,2052
2059,2053,2045,2034,2012,2037,2039,2050
2054,2050,2043,2036,2015,2044,2045,2045
2051,2045,2047,2039,2021,2050,2057,2045
2048,2043,2049,2046,2017,2051,2049,2043
2043,2035,2049,2047,2025,2050,2060,2048
2050,2049,2066,2053,2029,2048,2062,2056
2062,2053,2068,2069,2042,2044,2074,2057
2054,2047,2085,2074,2044,2041,2060,2064
2058,2048,2089,2087,2053,2042,2047,2062
2054,2046,2095,2098,2062,2036,2048,2064
2048,2048,2093,2106,2080,2038,2045,2065
2055,2049,2088,2116,2079,2048,2068,2070
2053,2048,2080,2103,2027,2043,2069,2067
2056,2044,2072,2095,1990,2019,2064,2074
2054,2037,2063,2095,2063,2035,2052,2072
2043,2036,2050,2092,2123,2041,2066,2070
2041,2034,2042,2076,2092,2023,2061,2090
2052,2041,2034,2061,2040,2019,2060,2089
2051,2038,2013,2032,1995,2061,2055,2084
2044,2025,1994,2000,1989,2064,2047,2078
2030,2019,1983,1992,1998,2056,2037,2074
2032,2026,1992,2008,2012,2010,2027,2069
2032,2039,1991,2020,2029,1946,2018,2072
2043,2039,1996,2020,2047,1945,2026,2076
2049,2044,1995,2023,2046,1996,2042,2077
2051,2043,2003,2007,2045,2067,2044,2071
2054,2050,2017,2001,2023,2104,2044,2062
2058,2061,2018,2004,2023,2102,2059,2061
2052,2056,2022,2009,2015,2065,2030,2050
2050,2046,2026,2010,2007,2041,2045,2051
2047,2048,2029,2020,2004,2037,2040,2046
2050,2050,2043,2025,2009,2037,2049,2042
2062,2046,2040,2032,2017,2043,2046,2043
2063,2041,2042,2052,2056,2054,2054,2042
2059,2040,2041,2057,2088,2057,2054,2040
2054,2030,2025,2032,2058,2046,2063,2036
2039,2034,2024,2033,2062,2052,2072,2047
2050,2040,2032,2042,2084,2061,2080,2053
2060,2041,2040,2034,2087,2073,2076,2054
2055,2046,2043,2037,2088,2078,2089,2056
2059,2043,2049,2039,2083,2082,2082,2054
2053,2039,2049,2045,2064,2068,2079,2045
2043,2038,2049,2040,2032,2049,2091,2048
2049,2042,2054,2056,2055,2061,2078,2060
2047,2049,2057,2066,2044,2054,2085,2063
2054,2060,2059,2069,2056,2051,2065,2073
2061,2065,2063,2061,2051,2050,2075,2074
2059,2064,2050,2060,2054,2050,2050,2082
2050,2056,2038,2052,2028,2050,2034,2078
2047,2056,2050,2056,2022,2049,2046,2085
2052,2060,2065,2046,1997,2081,2044,2076
2043,2045,2050,2034,1949,2083,2044,2062
2023,2031,2050,2022,1911,2068,2051,2070
2039,2046,2069,2032,1930,2051,2055,2078
2044,2054,2068,2024,1973,1981,2055,2083
2045,2051,2060,2035,2047,1964,2059,2086
2046,2049,2060,2056,2143,2017,2067,2075
2050,2054,2070,2062,2158,2051,2050,2071
2051,2060,2072,2054,2119,2039,2059,2072
2053,2061,2064,2040,2124,2031,2066,2068
2048,2045,2045,2026,2057,2036,2062,2063
2045,2040,2042,2035,2050,2059,2065,2066
2051,2047,2045,2050,2000,2056,2079,2063
2055,2041,2044,2038,1976,2036,2060,2054
2057,2039,2032,2029,1972,2023,2050,2053
2052,2038,2036,2031,1975,2024,2062,2054
2052,2040,2036,2033,1968,2027,2088,2047
2050,2025,2024,2025,1921,2015,2073,2044
2041,2020,2018,2029,1883,2008,2074,2042
2037,2024,2028,2036,1954,2025,2080,2032
2035,2018,2021,2031,2049,2034,2082,2035
2035,2029,2029,2054,2144,2058,2076,2041
2049,2043,2037,2090,2196,2095,2083,2044
2052,2049,2044,2091,2170,2104,2099,2043
2048,2042,2033,2074,2167,2132,2103,2048
2044,2029,2025,2059,2189,2120,2094,2045
2040,2027,2027,2051,2140,2076,2079,2059
2052,2044,2046,2055,2077,2056,2071,2060
2052,2053,2056,2042,1959,2009,2060,2063
2049,2051,2051,2022,1903,2018,2048,2064
2046,2049,2052,2015,1871,2026,2044,2071
2049,2047,2050,2013,1859,2031,2054,2064
2043,2042,2039,2013,1863,2018,2054,2080
2046,2042,2037,2014,1908,1960,2048,2080
2048,2048,2042,2032,2004,2000,2073,2086
2059,2058,2053,2062,2089,2069,2082,2089
2063,2061,2054,2089,2185,2096,2073,2098
2068,2076,2070,2113,2246,2039,2053,2110
2068,2077,2077,2097,2191,2010,2057,2101
2066,2074,2074,2085,2174,2016,2058,2089
2065,2067,2063,2069,2229,2065,2068,2057
2051,2055,2051,2056,2234,2085,2067,2041
2050,2045,2046,2057,2181,2086,2070,2041
2044,2046,2050,2047,2086,2069,2070,2041
2045,2043,2050,2033,1893,2049,2069,2046
2049,2050,2053,2028,1836,2040,2071,2048
2050,2049,2052,2044,1957,2045,2071,2039
2044,2054,2053,2052,2037,2050,2071,2043
2048,2048,2053,2058,2045,2048,2067,2036
2052,2040,2044,2068,2091,2049,2058,2029
2048,2034,2037,2069,2118,2054,2040,2029
2046,2042,2053,2085,2153,2074,2071,2037
2040,2046,2062,2089,2132,2085,2089,2042
2051,2050,2065,2083,2099,2093,2078,2049
2053,2056,2065,2076,2063,2092,2060,2056
2064,2057,2072,2056,2024,2088,2089,2072
2068,2061,2081,2059,2032,2134,2093,2074
2070,2066,2077,2088,2077,2180,2097,2075
2068,2068,2079,2100,2090,2192,2083,2077
2061,2065,2071,2089,2068,2143,2058,2076
2058,2054,2064,2070,1989,2036,2039,2077
2049,2044,2055,2025,1799,1928,2021,2072
2036,2038,2043,1994,1714,1907,2025,2083
2047,2052,2058,2022,1936,1960,2016,2093
2052,2052,2054,2025,2037,1973,2038,2086
2049,2050,2046,2040,2087,1970,2019,2082
2048,2049,2050,2059,2127,1995,2032,2086
2059,2060,2064,2068,2134,2068,2055,2084
2059,2061,2051,2068,2127,2117,2063,2081
2055,2050,2045,2048,2070,2112,2052,2059
2038,2036,2034,2044,2032,2107,2057,2045
2030,2028,2028,2044,2006,2085,2048,2040
2032,2030,2033,2039,1999,2028,2030,2048
2035,2032,2038,2052,2028,1955,2025,2055
2039,2039,2045,2059,2050,1968,2033,2049
2041,2048,2049,2066,2036,2006,2041,2045
2045,2058,2054,2062,2027,2026,2055,2049
2057,2064,2060,2062,2034,2044,2059,2049
2065,2053,2048,2047,2017,2050,2034,2042
2057,2047,2038,2053,2039,2064,2041,2041
2061,2050,2051,2079,2096,2088,2070,2046
2059,2045,2051,2086,2107,2090,2068,2036
2048,2038,2043,2079,2084,2087,2060,2038
2054,2042,2051,2086,2091,2085,2071,2039
2046,2043,2052,2083,2098,2075,2057,2044
2049,2040,2053,2093,2102,2072,2057,2042
2065,2045,2050,2088,2092,2064,2044,2047
2064,2050,2047,2089,2092,2068,2034,2044
2061,2043,2038,2096,2100,2057,2044,2050
2059,2048,2038,2084,2090,2047,2026,2046
2054,2041,2032,2075,2059,2040,2032,2044
2049,2038,2028,2071,2035,2037,2022,2053
2057,2045,2029,2051,1967,2035,2011,2061
2053,2049,2035,2054,1997,2044,2030,2074
2053,2048,2039,2058,2047,2049,2033,2074
2057,2053,2038,2056,2069,2045,2024,2081
2063,2061,2042,2059,2065,2044,2028,2084
2059,2050,2047,2044,2053,2035,2043,2088
2060,2050,2067,2057,2041,2029,2055,2089
2058,2063,2086,2063,2026,2023,2040,2082
2059,2060,2088,2064,2017,2027,2028,2070
2061,2056,2074,2066,2024,2030,2029,2059
2055,2051,2066,2070,2024,2038,2042,2059
2049,2046,2068,2075,2024,2041,2032,2070
2052,2048,2067,2073,2022,2041,2045,2068
2054,2044,2051,2067,2015,2043,2046,2061
2054,2043,2041,2074,2036,2047,2037,2058
2060,2051,2050,2083,2053,2063,2055,2059
2056,2057,2046,2083,2060,2079,2050,2048
2044,2053,2045,2074,2048,2089,2055,2031
2037,2045,2035,2069,2044,2085,2060,2046
2045,2039,2031,2067,2043,2087,2074,2045
2058,2044,2033,2072,2062,2100,2064,2039
2045,2041,2028,2054,2072,2094,2064,2036
2050,2038,2026,2045,2053,2084,2064,2035
2053,2042,2028,2029,2039,2090,2058,2037
2053,2042,2019,2016,2006,2076,2039,2042
2052,2043,2019,2003,1948,2051,2050,2047
2064,2044,2032,2016,1957,2058,2062,2055
2066,2042,2045,2040,2005,2074,2069,2058
2063,2049,2054,2062,2056,2078,2058,2064
2063,2045,2040,2068,2054,2077,2060,2065
2062,2044,2043,2072,2068,2086,2059,2069
2062,2042,2042,2076,2075,2098,2066,2067
2056,2039,2044,2088,2106,2077,2045,2067
2047,2040,2041,2092,2130,2044,2060,2078
2055,2040,2041,2085,2142,2043,2038,2079
2049,2039,2030,2080,2109,2036,2029,2076
2041,2046,2047,2067,2055,2027,2032,2068
2040,2040,2043,2054,2020,2028,2041,2058
2044,2031,2034,2047,2021,2026,2036,2052
2030,2037,2041,2053,2074,2036,2018,2060
2031,2035,2042,2059,2147,2051,2028,2066
2030,2039,2038,2055,2144,2061,2036,2074
2050,2043,2032,2029,2040,2020,2024,2072
2054,2051,2031,2025,2041,2011,2029,2068
2054,2058,2037,2029,2038,2049,2024,2064
2054,2064,2032,2030,2012,2063,2052,2049
2048,2058,2018,2022,2016,2072,2018,2030
2033,2044,2009,2000,1945,2066,2045,2030
2038,2048,2014,1990,1819,2023,2065,2055
2060,2061,2037,2021,1898,2007,2056,2055
2066,2065,2050,2046,1980,2051,2062,2054
2064,2061,2043,2059,2012,2086,2045,2045
2060,2055,2031,2054,1984,2073,2049,2033
2046,2040,2027,2051,2011,2054,2041,2038
2043,2040,2029,2046,2068,2047,2043,2037
2052,2047,2043,2049,2104,2049,2038,2033
2052,2044,2059,2073,2141,2069,2053,2032
2054,2050,2071,2089,2150,2075,2072,2040
2049,2046,2072,2098,2148,2087,2064,2034
2053,2042,2071,2098,2146,2088,2055,2039
2047,2034,2072,2098,2117,2080,2069,2050
2045,2037,2073,2098,2078,2068,2046,2054
2054,2044,2080,2100,2024,2058,2052,2059
2054,2049,2077,2101,1969,2057,2067,2062
2054,2050,2079,2098,1927,2052,2062,2073
2053,2050,2071,2099,1952,2059,2040,2079
2052,2043,2060,2099,1975,2067,2062,2081
2051,2040,2048,2088,1994,2080,2063,2089
2051,2042,2043,2093,2045,2089,2055,2082
2035,2028,2038,2086,2123,2087,2040,2080
2034,2030,2038,2075,2181,2085,2046,2083
2049,2053,2051,2071,2126,2078,2064,2081
2054,2050,2050,2070,2070,2072,2055,2076
2047,2047,2049,2058,2049,2055,2040,2067
2046,2038,2026,2034,1999,2026,2041,2063
2046,2034,2015,2003,1959,2005,2028,2062
2045,2043,2013,2001,2012,2025,2028,2052
2046,2044,2014,2020,2029,2026,2024,2051
2049,2048,2019,2039,2098,2045,2040,2050
2051,2052,2029,2047,2185,2060,2048,2047
2056,2054,2040,2045,2195,2069,2045,2045
2049,2053,2042,2049,2185,2070,2046,2042
2050,2048,2046,2052,2159,2060,2030,2040
2050,2052,2046,2042,2125,2065,2040,2036
2041,2041,2043,2014,2043,2038,2034,2024
2029,2031,2033,1980,1905,2019,2048,2020
2035,2043,2044,1999,1796,2016,2053,2028
2053,2057,2056,2020,1853,1992,2069,2039
2059,2060,2048,2029,1933,2002,2065,2046
2056,2056,2046,2029,2017,2023,2042,2049
2051,2048,2048,2039,2067,2033,2031,2039
2050,2047,2051,2035,2079,2026,2048,2038
2054,2046,2051,2047,2068,2025,2045,2046
2053,2045,2049,2052,2063,2033,2043,2049
2052,2048,2044,2051,2054,2077,2063,2056
2055,2047,2043,2046,2053,2085,2073,2068
2051,2043,2040,2051,2049,2073,2056,2073
2054,2052,2043,2047,2054,2076,2055,2082
2054,2049,2044,2051,2052,2078,2064,2083
2052,2041,2045,2047,2049,2076,2057,2083
2046,2037,2044,2039,2042,2074,2047,2075
2042,2030,2039,2036,2043,2068,2047,2069
2042,2025,2036,2040,2048,2064,2036,2067
2046,2035,2039,2042,2050,2057,2044,2056
2044,2042,2032,2046,2046,2060,2031,2050
2043,2037,2030,2040,2043,2050,2024,2042
2041,2033,2028,2041,2045,2031,2023,2044
2044,2027,2024,2038,2026,2033,2034,2040
2049,2033,2023,2040,2028,2036,2046,2042
2047,2030,2019,2040,2028,2040,2044,2043
2054,2034,2028,2042,2021,2038,2045,2041
2067,2051,2037,2058,2043,2055,2066,2045
2070,2052,2041,2060,2048,2053,2039,2044
2067,2053,2038,2049,2001,2043,2039,2033
2059,2044,2026,2028,1965,2056,2028,2021
2050,2043,2020,2019,2011,2063,2028,2018
2047,2035,2026,2020,1995,2053,2012,2013
2040,2022,2021,2019,1961,2031,2014,2015
2042,2025,2027,2036,1990,2012,2012,2035
2046,2041,2035,2063,2053,2043,2030,2036
2061,2053,2046,2091,2130,2065,2074,2049
2067,2064,2057,2108,2159,2054,2071,2056
2066,2061,2062,2098,2070,2051,2077,2052
2069,2060,2065,2059,1995,2066,2079,2050
2066,2050,2062,2036,2019,2059,2056,2050
2055,2044,2048,2015,1989,2043,2061,2039
2056,2043,2051,2041,2033,2009,2047,2054
2064,2051,2061,2064,2090,1995,2047,2058
2060,2046,2061,2064,2134,2012,2060,2070
2058,2039,2052,2060,2129,2029,2060,2062
2054,2036,2054,2054,2110,2053,2059,2068
2060,2050,2061,2060,2104,2070,2060,2073
2062,2049,2060,2052,2068,2065,2045,2068
2053,2044,2059,2039,2019,2071,2041,2076
2058,2049,2061,2030,1948,2060,2031,2075
2059,2060,2062,2023,1919,2039,2034,2070
2058,2058,2069,2020,1911,2017,2038,2073
2066,2054,2069,2043,1943,1965,2037,2078
2070,2068,2073,2070,2076,1998,2061,2078
2072,2064,2074,2084,2150,2066,2076,2070
2071,2061,2067,2083,2147,2094,2077,2055
2064,2059,2066,2075,2112,2086,2052,2044
2060,2060,2060,2059,2077,2069,2071,2035
2061,2048,2059,2049,2054,2060,2067,2039
2057,2055,2057,2056,2045,2063,2077,2032
2055,2059,2060,2044,2037,2057,2072,2032
2053,2059,2062,2046,2046,2056,2068,2032
2065,2061,2054,2047,2056,2059,2071,2032
2066,2057,2054,2048,2053,2039,2062,2020
2055,2045,2050,2044,2042,2028,2066,2027
2050,2049,2053,2049,2040,2031,2051,2031
2062,2060,2057,2054,2046,2022,2034,2032
2065,2069,2065,2057,2054,2038,2032,2033
2069,2069,2065,2068,2061,2055,2056,2030
2065,2064,2060,2066,2058,2061,2057,2041
2070,2065,2055,2062,2059,2047,2051,2042
2064,2060,2056,2049,2052,2039,2048,2054
2066,2065,2053,2048,2064,2034,2043,2059
2059,2062,2054,2044,2060,2062,2058,2053
2055,2054,2044,2039,2040,2084,2012,2057
2048,2048,2045,2041,2049,2111,2032,2057
2054,2044,2043,2051,2072,2091,2038,2069
2050,2045,2047,2052,2096,2022,2039,2077
2061,2046,2043,2054,2107,2013,2047,2081
2049,2032,2042,2048,2086,2033,2030,2062
2036,2032,2037,2052,2080,2033,2026,2064
2046,2040,2038,2052,2067,2059,2040,2064
2045,2043,2029,2042,2050,2067,2035,2067
2044,2034,2029,2047,2042,2089,2030,2064
2050,2028,2034,2044,2061,2100,2033,2059
2048,2031,2034,2045,2074,2088,2035,2045
2045,2039,2041,2052,2069,2057,2026,2028
2038,2042,2037,2045,2043,2031,2029,2024
2042,2035,2033,2046,2020,2022,2024,2017
2040,2041,2037,2039,2011,2026,2023,2014
2038,2036,2029,2031,2025,2042,2020,2020
2053,2046,2047,2057,2089,2058,2046,2030
2062,2055,2050,2060,2042,2054,2044,2036
2062,2055,2055,2057,2018,2057,2054,2039
2067,2054,2057,2057,2016,2047,2062,2037
2061,2043,2047,2043,2021,2032,2056,2025
2050,2037,2045,2038,2053,2037,2042,2030
2056,2052,2052,2056,2082,2057,2056,2031
2063,2057,2061,2064,2070,2058,2056,2030
2064,2057,2058,2053,2034,2051,2058,2039
2065,2054,2052,2053,2041,2040,2044,2036
2062,2058,2054,2061,2080,2024,2039,2042
2061,2057,2047,2069,2066,2008,2033,2040
2056,2049,2042,2050,2021,2006,2014,2044
2051,2047,2040,2052,2035,2017,2019,2040
2050,2035,2035,2053,2032,2019,2022,2047
2048,2043,2051,2061,2088,2051,2056,2055
2061,2052,2049,2064,2096,2038,2066,2068
2056,2049,2033,2052,2047,2011,2065,2072
2048,2049,2036,2049,2028,2020,2064,2068
2050,2043,2037,2054,2017,2039,2053,2072
2050,2031,2027,2047,2016,2048,2054,2060
2041,2026,2025,2051,2032,2062,2048,2066
2051,2037,2031,2061,2042,2076,2066,2069
2060,2040,2034,2060,2044,2071,2039,2069
2059,2041,2029,2052,2069,2063,2065,2071
2052,2034,2033,2042,2092,2050,2054,2071
2054,2038,2027,2035,2102,2025,2042,2063
2057,2042,2037,2030,2053,2014,2037,2057
2053,2047,2033,2034,2044,2023,2024,2047
2064,2052,2040,2047,2078,2041,2042,2049
2064,2055,2048,2056,2091,2041,2040,2047
2064,2053,2062,2064,2077,2051,2040,2049
2062,2056,2071,2064,2066,2070,2037,2045
2059,2047,2075,2063,2058,2072,2040,2033
2058,2048,2065,2056,2013,2040,2042,2025
2050,2044,2055,2044,1991,2013,2041,2020
2039,2037,2050,2045,2034,2008,2040,2010
2036,2023,2037,2051,2032,2027,2037,2010
2031,2022,2041,2055,2020,2028,2032,2018
2044,2041,2048,2055,2019,2026,2042,2013
2045,2041,2049,2060,2028,2041,2052,2016
2045,2035,2050,2063,2042,2054,2043,2035
2053,2042,2046,2066,2085,2065,2046,2025
2051,2042,2044,2059,2043,2046,2045,2032
2055,2042,2038,2037,1965,2004,2029,2042
2058,2043,2036,2033,1922,1974,2017,2040
2057,2046,2042,2030,1946,1949,2043,2062
2061,2051,2050,2033,2006,1977,2042,2054
2074,2056,2052,2032,2003,2036,2060,2071
2081,2060,2060,2055,2078,2085,2073,2070
2065,2052,2060,2067,2153,2094,2048,2059
2057,2048,2051,2076,2242,2081,2048,2060
2051,2045,2044,2095,2333,2077,2045,2061
2051,2036,2042,2098,2322,2067,2050,2067
2050,2037,2045,2091,2283,2062,2038,2078
2062,2054,2059,2090,2247,2062,2035,2078
2065,2055,2048,2081,2118,2048,2058,2072
2060,2046,2030,2062,2011,2033,2046,2061
2054,2035,2027,2050,1977,2033,2043,2058
2058,2036,2016,2040,1924,2029,2033,2047
2057,2039,2020,2038,1914,2024,2036,2042
2064,2049,2027,2045,1893,2027,2042,2043
2070,2042,2022,2048,1910,2030,2045,2042
2064,2044,2027,2047,1893,2035,2078,2047
2062,2047,2026,2053,1937,2045,2073,2046
2059,2038,2024,2049,1976,2043,2058,2032
2058,2039,2023,2039,1987,2046,2050,2026
2054,2034,2022,2031,1994,2054,2056,2022
2050,2035,2030,2033,2006,2053,2041,2022
2048,2032,2033,2031,2012,2043,2042,2019
2054,2036,2035,2030,2055,2043,2037,2020
2059,2037,2034,2031,2112,2044,2027,2016
2048,2032,2029,2025,2112,2033,2030,2026
2052,2027,2034,2026,2095,2041,2029,2033
2047,2036,2038,2028,2091,2050,2049,2039
2052,2041,2042,2044,2106,2063,2059,2039
2058,2052,2058,2061,2108,2063,2069,2043
2061,2058,2072,2064,2093,2061,2070,2047
2061,2069,2073,2053,2031,2057,2074,2060
2063,2065,2071,2047,2030,2047,2073,2072
2060,2060,2075,2057,2042,2040,2059,2087
2063,2062,2069,2062,2046,2036,2063,2076
2061,2060,2068,2052,2016,2036,2045,2079
2062,2057,2063,2037,1989,2033,2061,2086
2056,2057,2061,2042,2054,2042,2055,2085
2060,2052,2057,2036,2078,2040,2036,2077
2055,2039,2039,2039,2048,2025,2049,2080
2051,2040,2044,2044,2057,2049,2050,2080
2051,2048,2042,2052,2055,2062,2060,2072
2054,2049,2064,2072,2070,2057,2056,2054
2048,2047,2058,2082,2067,2040,2031,2041
2057,2045,2051,2070,1980,2048,2044,2049
2057,2041,2036,2043,1960,2062,2046,2054
2062,2040,2037,2049,2034,2043,2032,2050
2061,2044,2040,2058,2041,2040,2025,2045
2065,2050,2054,2071,2045,2065,2035,2045
2061,2059,2056,2086,2055,2068,2031,2032
2054,2055,2050,2084,2048,2062,2041,2031
2053,2050,2054,2074,2005,2034,2038,2030
2050,2046,2047,2058,1942,1996,2036,2025
2052,2045,2039,2045,1909,1982,2027,2019
2037,2031,2025,2028,1939,1990,2010,2011
2031,2018,2019,2044,2038,2017,2035,2013
2037,2030,2041,2069,2133,2059,2053,2028
2047,2039,2051,2077,2169,2095,2070,2027
2055,2042,2050,2070,2124,2109,2060,2031
2054,2040,2047,2047,2055,2085,2045,2022
2048,2042,2043,2031,2009,2079,2020,2017
2050,2044,2048,2030,1999,2054,2037,2029
2045,2049,2054,2025,2030,2033,2036,2032
2053,2046,2046,2034,2071,2039,2013,2050
2047,2049,2050,2041,2101,2014,2048,2064
2054,2056,2064,2052,2104,2026,2065,2073
2065,2058,2058,2040,2090,2041,2060,2077
2061,2052,2047,2025,2076,2037,2062,2075
2059,2054,2043,2029,2070,2034,2065,2086
2065,2065,2042,2030,2049,2032,2069,2084
2064,2061,2047,2028,2035,2033,2057,2072
2045,2043,2030,2031,2064,2038,2056,2067
2051,2039,2032,2035,2077,2054,2053,2069
2054,2047,2033,2036,2071,2061,2046,2067
2053,2038,2032,2030,2062,2051,2051,2060
2039,2040,2037,2033,2058,2049,2044,2062
2046,2047,2048,2040,2068,2052,2070,2066
2055,2056,2059,2047,2072,2056,2075,2055
2061,2065,2068,2049,2071,2053,2082,2047
2065,2060,2072,2046,2066,2051,2072,2040
2060,2061,2071,2046,2069,2052,2069,2044
2058,2061,2062,2047,2071,2052,2068,2038
2060,2053,2057,2051,2057,2042,2034,2028
2054,2052,2044,2046,2046,2059,2044,2023
2052,2047,2040,2041,2043,2068,2015,2020
2047,2043,2037,2037,2042,2062,2032,2016
2049,2047,2040,2038,2034,2057,2041,2018
2044,2037,2034,2048,2060,2020,2046,2024
2047,2038,2036,2062,2090,2044,2055,2034
2059,2047,2036,2058,2097,2073,2082,2041
2057,2046,2030,2050,2088,2076,2085,2040
2051,2042,2026,2040,2076,2080,2077,2037
2052,2046,2033,2049,2089,2086,2079,2043
2059,2059,2042,2060,2092,2081,2084,2040
2058,2061,2043,2057,2109,2077,2084,2047
2057,2056,2041,2055,2118,2064,2055,2047
2056,2050,2030,2055,2101,2030,2029,2046
2065,2048,2040,2056,2093,2026,2011,2050
2052,2041,2031,2060,2111,2035,2018,2049
2049,2041,2033,2060,2121,2033,2014,2053
2041,2036,2029,2031,2008,2027,2040,2068
2044,2035,2029,2015,1934,2029,2046,2073
2046,2040,2027,2035,1957,2044,2043,2069
2041,2029,2014,2019,1981,2061,2051,2078
2037,2032,2011,2035,2015,2076,2055,2083
2046,2032,2020,2040,2015,2078,2047,2068
2043,2028,2014,2037,2007,2071,2054,2066
2047,2028,2014,2037,1996,2064,2026,2056
2046,2028,2005,2034,1971,2040,2038,2052
2055,2036,2008,2040,1973,2016,2023,2047
2053,2038,2008,2040,2008,2005,2013,2038
2059,2039,2006,2039,2020,2011,2016,2034
2055,2034,2002,2046,2064,2020,2011,2029
2054,2038,2005,2075,2108,2045,2004,2015
2046,2035,2014,2061,2087,2058,2017,2021
2042,2030,2009,2048,2058,2056,2041,2012
2045,2021,2006,2039,2048,2066,2053,2013
2043,2016,2001,2031,2047,2064,2045,2003
2031,2011,2000,2031,2035,2051,2045,2012
2026,2002,2003,2024,2004,2018,2024,1999
2026,2010,2022,2032,2009,1981,2022,2018
2040,2038,2048,2034,2011,1989,2032,2032
2048,2050,2062,2030,2012,2003,2034,2027
2054,2056,2069,2032,2029,2047,2051,2031
2056,2056,2084,2040,2040,2069,2058,2033
2056,2061,2098,2055,2056,2067,2058,2027
2057,2064,2108,2062,2058,2055,2059,2033
2058,2068,2108,2070,2055,2047,2054,2040
2062,2071,2110,2073,2056,2043,2046,2050
2068,2076,2109,2072,2048,2040,2026,2048
2062,2072,2104,2074,2064,2035,2021,2057
2063,2076,2106,2073,2091,2039,2040,2068
2053,2073,2104,2074,2078,2035,2052,2072
2061,2073,2099,2075,2050,2016,2053,2069
2059,2066,2096,2067,2022,2001,2056,2074
2058,2061,2086,2058,2024,2004,2046,2068
2047,2048,2076,2055,2045,2016,2037,2066
2047,2058,2075,2067,2083,2039,2054,2076
2059,2063,2081,2068,2080,2058,2041,2075
2069,2066,2075,2064,2066,2068,2062,2068
2059,2059,2062,2046,2054,2066,2043,2060
2058,2050,2054,2031,2036,2048,2046,2044
2052,2047,2041,2031,2028,2029,2049,2033
2054,2045,2040,2035,2016,2038,2044,2037
2051,2046,2040,2034,1999,2072,2043,2036
2053,2047,2035,2025,2002,2094,2053,2032
2052,2048,2039,2037,2075,2096,2053,2020
2047,2048,2046,2037,2082,2071,2037,2018
2052,2051,2056,2048,2097,2012,2044,2033
2065,2068,2061,2063,2085,1986,2056,2036
2070,2064,2060,2067,2076,2015,2074,2034
2071,2064,2063,2056,2050,2020,2050,2018
2049,2043,2055,2038,1976,2017,2047,2010
2047,2046,2067,2047,1949,2038,2060,2014
2060,2054,2088,2066,1974,2056,2052,2020
2056,2060,2088,2073,1998,2069,2064,2025
2052,2057,2081,2085,2049,2077,2062,2027
2052,2058,2074,2086,2082,2084,2068,2024
2048,2060,2070,2084,2121,2093,2074,2037
2049,2054,2065,2084,2186,2086,2071,2038
2050,2058,2060,2090,2195,2088,2060,2046
2057,2055,2061,2086,2155,2072,2044,2053
2058,2057,2058,2087,2214,2087,2063,2053
2050,2060,2057,2091,2302,2103,2057,2065
2050,2052,2055,2098,2313,2091,2050,2066
2049,2049,2048,2095,2261,2056,2047,2065
2045,2051,2045,2076,2181,2038,2050,2073
2049,2054,2047,2049,2025,2040,2054,2078
2057,2053,2059,2036,1879,2008,2048,2072
2049,2062,2050,2032,1777,1977,2053,2070
2052,2062,2054,2026,1788,1973,2050,2060
2049,2057,2038,1990,1755,1990,2044,2057
2047,2042,2038,1985,1796,2040,2054,2052
2041,2039,2035,2006,1852,2035,2043,2044
2043,2042,2035,2001,1861,1990,2038,2032
2039,2027,2026,1983,1852,1937,1998,2019
2030,2021,2024,1997,1944,1926,2014,2027
2041,2040,2045,2057,2119,2001,2037,2044
2055,2060,2065,2096,2193,2077,2070,2044
2054,2068,2073,2105,2205,2111,2050,2041
2055,2059,2066,2088,2177,2099,2034,2037
2045,2049,2051,2069,2113,2076,2033,2035
2038,2044,2048,2057,2040,2069,2052,2029
2047,2052,2049,2060,2057,2076,2064,2035
2059,2056,2042,2062,2076,2067,2059,2021
2047,2050,2032,2059,2078,2052,2039,2025
2041,2048,2039,2064,2058,2061,2050,2021
2052,2058,2040,2048,2021,2068,2052,2026
2049,2052,2042,2030,1956,2066,2072,2030
2045,2048,2042,2013,1915,2068,2069,2032
2054,2047,2046,2019,1960,2052,2062,2038
2053,2055,2047,2034,2027,2046,2041,2034
2055,2065,2057,2038,2003,2056,2051,2034
2052,2059,2052,2033,1988,2057,2053,2042
2050,2055,2054,2030,2035,2075,2039,2049
2056,2063,2056,2037,2121,2096,2063,2052
2061,2064,2051,2041,2128,2102,2067,2062
2055,2062,2060,2044,2163,2100,2069,2066
2050,2053,2052,2047,2209,2095,2057,2064
2041,2052,2045,2047,2137,2076,2061,2061
2037,2039,2029,2014,1983,2028,2020,2053
2020,2016,2001,1965,1802,1951,2003,2047
2013,2008,2005,1983,1907,1957,2014,2065
2036,2039,2033,2046,2040,2022,2043,2075
2047,2052,2042,2068,2089,2064,2054,2068
2044,2049,2038,2075,2146,2094,2059,2067
2039,2054,2036,2059,2140,2096,2042,2056
2045,2049,2031,2040,2094,2073,2046,2051
2049,2044,2021,2031,2059,2058,2045,2041
2046,2043,2016,2026,2046,2044,2042,2034
2040,2044,2021,2022,2040,2040,2024,2033
2040,2045,2017,2029,2038,2027,2038,2029
2045,2047,2025,2036,2049,2027,2052,2024
2045,2047,2022,2049,2077,2043,2056,2020
2043,2046,2027,2044,2075,2053,2035,2011
2045,2044,2027,2040,2076,2055,2048,2013
2052,2045,2040,2042,2063,2045,2040,2016
2049,2047,2042,2039,2050,2044,2031,2011
2042,2041,2036,2037,2050,2052,2038,2014
2043,2037,2049,2049,2085,2071,2064,2019
2058,2045,2056,2052,2109,2083,2061,2020
2051,2048,2062,2061,2120,2090,2067,2031
2046,2058,2066,2062,2122,2085,2065,2030
2051,2060,2074,2065,2122,2091,2072,2027
2055,2068,2074,2067,2109,2074,2063,2030
2054,2056,2068,2056,2070,2049,2071,2039
2047,2052,2062,2045,2006,2007,2065,2037
2044,2055,2057,2043,1999,2027,2071,2045
2044,2050,2052,2044,1984,2047,2048,2039
2038,2042,2046,2038,1963,2047,2056,2043
2036,2036,2040,2023,1960,2037,2046,2048
2031,2025,2041,2023,1949,2013,2053,2053
2036,2032,2045,2034,1992,1987,2051,2064
2039,2050,2057,2056,2060,2008,2061,2064
2038,2048,2058,2059,2103,2051,2075,2065
2044,2050,2052,2059,2112,2069,2058,2069
2044,2060,2053,2058,2121,2080,2059,2071
2046,2056,2047,2058,2109,2073,2070,2060
2053,2055,2043,2054,2079,2090,2067,2057
2054,2057,2041,2061,2080,2109,2051,2056
2059,2050,2031,2065,2076,2116,2048,2052
2052,2041,2033,2058,2067,2102,2058,2048
2055,2049,2028,2053,2060,2065,2067,2043
2057,2052,2034,2043,2029,2009,2070,2033
2060,2045,2025,2009,1930,1994,2054,2028
2063,2044,2023,1998,1894,1983,2054,2030
2053,2044,2045,2011,1948,1995,2050,2024
2053,2049,2054,2042,2028,2020,2046,2015
2045,2052,2065,2065,2070,2031,2053,2011
2048,2055,2076,2067,2097,2038,2058,2010
2054,2058,2073,2080,2107,2041,2048,2001
2044,2046,2070,2071,2097,2031,2029,1996
2045,2044,2068,2068,2078,2058,2033,2008
2054,2050,2077,2062,2037,2076,2048,2008
2054,2054,2080,2057,2009,2058,2030,2021
2052,2051,2086,2063,2003,2056,2032,2023
2044,2058,2089,2062,2013,2059,2057,2025
2049,2060,2080,2056,2019,2062,2058,2030
2055,2062,2072,2055,2010,2062,2074,2034
2055,2060,2059,2046,2011,2059,2064,2035
2051,2055,2055,2050,2022,2058,2053,2036
2059,2050,2056,2058,2057,2061,2053,2039
2054,2056,2059,2075,2135,2073,2065,2048
2054,2054,2064,2074,2170,2085,2061,2046
2048,2050,2052,2064,2128,2077,2048,2043
2046,2052,2043,2055,2098,2074,2047,2050
2044,2049,2034,2046,2086,2064,2041,2050
2050,2046,2029,2026,2057,2029,2001,2048
2043,2046,2033,2034,2042,2023,2025,2049
2048,2053,2051,2047,2032,2057,2046,2052
2053,2060,2063,2057,2022,2077,2043,2045
2047,2056,2053,2057,2018,2078,2054,2038
2041,2054,2057,2062,2022,2074,2050,2033
2040,2047,2052,2057,2038,2029,2042,2038
2039,2049,2049,2064,2058,1997,2042,2029
2045,2045,2046,2064,2062,2008,2022,2027
2042,2041,2035,2066,2134,2039,2041,2019
2041,2042,2040,2066,2135,2062,2041,2018
2047,2051,2040,2055,2116,2073,2060,2015
2044,2041,2028,2032,2082,2074,2041,2007
2043,2034,2018,2021,2060,2063,2055,2001
2042,2038,2024,2021,2055,2045,2044,2006
2045,2043,2030,1992,2008,2018,2038,2005
2043,2042,2035,1987,1983,2011,2038,2010
2039,2043,2035,2000,1957,2012,2032,2009
2042,2057,2041,2017,1969,2022,2047,2016
2054,2052,2038,2039,1992,2024,2040,2012
2051,2052,2044,2042,2007,2033,2053,2020
2053,2052,2050,2048,2024,2040,2059,2028
2054,2053,2059,2056,2036,2045,2063,2031
2055,2060,2073,2059,2049,2057,2078,2043
2053,2064,2078,2073,2049,2064,2068,2046
2061,2068,2079,2077,2060,2072,2088,2047
2058,2067,2074,2080,2069,2074,2088,2050
2059,2066,2077,2083,2057,2060,2059,2045
2049,2056,2070,2078,2060,2037,2046,2043
2045,2050,2065,2077,2046,2032,2035,2051
2041,2054,2067,2081,2043,2042,2040,2051
2053,2053,2064,2085,2042,2042,2050,2064
2053,2048,2065,2082,2037,2036,2050,2059
2040,2030,2052,2076,2034,2024,2032,2058
2040,2032,2060,2083,2039,2016,2037,2060
2042,2043,2068,2084,2034,2021,2033,2057
2040,2034,2064,2064,2030,2029,2035,2054
2041,2038,2061,2062,2045,2041,2050,2049
2038,2042,2065,2057,2089,2046,2052,2046
2051,2056,2076,2064,2162,2067,2057,2034
2058,2059,2086,2070,2156,2069,2048,2040
2059,2057,2076,2066,2129,2028,2035,2032
2056,2056,2066,2058,2095,1982,2021,2028
2060,2047,2053,2048,2045,1973,2003,2008
2047,2039,2034,2045,2069,2030,2024,1998
2039,2038,2021,2042,2021,2063,2037,2006
2039,2026,2001,2019,1911,2055,2020,2001
2032,2018,1982,2009,1963,2064,2024,2002
2037,2024,1988,2021,2057,2067,2029,2001
2042,2022,1986,2029,2093,2057,2048,2001
2041,2018,1983,2022,2084,2057,2045,2016
2042,2029,1993,2031,2080,2058,2042,2016
2043,2033,1987,2026,2074,2048,2056,2021
2048,2036,1993,2018,2053,2027,2040,2022
2046,2040,1994,2001,2016,2012,2021,2025
2050,2037,1995,1986,1939,2007,2021,2032
2053,2041,2006,1997,1946,2007,2039,2033
2064,2053,2027,2028,1987,2029,2065,2041
2068,2062,2042,2045,2009,2029,2065,2051
2062,2055,2037,2049,2016,2018,2050,2054
2058,2053,2029,2038,2014,2016,2047,2052
2059,2043,2030,2040,2010,2023,2068,2063
2059,2040,2039,2035,2025,2038,2058,2074
2055,2036,2046,2043,2053,2056,2067,2072
2050,2030,2043,2043,2065,2061,2065,2076
2053,2033,2052,2044,2057,2073,2053,2067
2039,2028,2050,2046,2048,2073,2049,2066
2035,2027,2051,2047,2037,2060,2050,2053
2041,2035,2060,2047,2025,2042,2063,2052
2037,2029,2052,2046,2036,2035,2048,2050
2045,2023,2050,2050,2040,2037,2045,2048
2055,2038,2057,2053,2041,2037,2036,2043
2058,2047,2063,2060,2041,2044,2032,2032
2061,2062,2073,2064,2040,2046,2028,2032
2055,2064,2072,2050,2021,2046,2018,2026
2062,2064,2061,2041,2026,2048,2031,2032
2060,2059,2056,2045,2067,2035,2024,2029
2062,2060,2054,2060,2110,2039,2026,2024
2057,2058,2051,2067,2120,2035,2020,2022
2059,2051,2053,2066,2121,2038,2047,2025
2064,2049,2050,2067,2129,2048,2055,2028
2058,2051,2052,2068,2141,2056,2049,2023
2052,2040,2046,2063,2119,2037,2036,2019
2046,2042,2051,2054,2085,2030,2028,2010
2049,2050,2055,2022,1943,2024,2029,2014
2056,2043,2053,2008,1869,2031,2042,2008
2047,2045,2052,2017,1944,2041,2058,2015
2048,2047,2054,2031,1989,2045,2061,2018
2053,2050,2052,2043,2004,2048,2076,2022
2052,2050,2051,2044,2008,2057,2060,2016
2052,2042,2053,2038,2015,2066,2054,2033
2050,2041,2052,2048,2024,2057,2056,2033
2049,2043,2060,2051,2039,2047,2058,2032
2050,2051,2057,2054,2035,2049,2062,2045
2052,2057,2067,2059,2042,2049,2053,2050
2067,2058,2070,2063,2038,2045,2066,2062
2062,2059,2068,2062,2046,2040,2030,2064
2060,2058,2072,2060,2032,2044,2053,2065
2061,2058,2068,2055,2016,2034,2038,2064
2053,2046,2060,2055,2018,2039,2028,2061
2047,2036,2056,2048,2019,2065,2034,2056
2052,2048,2058,2046,2027,2089,2039,2052
2046,2044,2051,2040,2032,2090,2041,2048
2047,2044,2056,2035,2016,2074,2018,2037
2043,2046,2054,2034,2017,2036,2015,2044
2059,2046,2065,2054,2064,1994,2029,2040
2061,2056,2070,2061,2076,2009,2050,2034
2060,2054,2064,2060,2075,2029,2041,2030
2056,2051,2063,2053,2068,2043,2050,2025
2052,2047,2056,2056,2062,2049,2056,2017
2051,2044,2060,2055,2060,2054,2050,2024
2053,2043,2052,2052,2055,2058,2046,2021
2044,2039,2046,2045,2051,2053,2053,2013
2038,2035,2044,2044,2047,2047,2048,2014
2042,2027,2045,2048,2052,2046,2056,2018
2046,2029,2039,2045,2053,2046,2050,2022
2036,2032,2041,2045,2047,2050,2057,2020
2047,2035,2047,2064,2056,2066,2071,2034
