CH1,CH2,CH3,CH4,CH5,CH6,CH7,CH8
2046,2031,2005,2018,2047,2042,2036,2069
2038,2029,1992,2004,2042,2037,2027,2071
2041,2034,2001,2009,2033,2038,2014,2070
2038,2055,2020,2017,2049,2042,2036,2062
2043,2056,2022,2019,2075,2048,2041,2046
2050,2056,2021,2016,2078,2053,2050,2053
2056,2054,2019,2023,2073,2050,2041,2047
2050,2052,2025,2020,2073,2042,2052,2054
2061,2054,2016,2022,2058,2049,2049,2050
2062,2053,2016,2030,2060,2053,2048,2043
2060,2056,2031,2032,2072,2056,2057,2035
2056,2056,2032,2038,2077,2053,2047,2036
2057,2054,2031,2036,2069,2051,2047,2032
2046,2048,2034,2041,2069,2051,2065,2021
2045,2044,2047,2046,2041,2052,2046,2019
2043,2052,2036,2047,2058,2059,2031,2025
2047,2042,2027,2042,2090,2054,2045,2024
2047,2034,2010,2026,2072,2042,2046,2026
2038,2029,2017,2030,2062,2042,2041,2033
2046,2042,2035,2042,2055,2047,2049,2033
2041,2050,2056,2056,2065,2055,2049,2026
2040,2053,2067,2058,2077,2056,2044,2034
2046,2051,2061,2050,2039,2043,2049,2036
2041,2040,2038,2033,2037,2039,2049,2030
2042,2034,2018,2042,2069,2051,2051,2026
2031,2031,2012,2055,2066,2053,2048,2032
2021,2027,2009,2065,2063,2067,2040,2043
2032,2022,2012,2072,2070,2063,2036,2049
2028,2033,2022,2075,2069,2059,2050,2050
2035,2038,2034,2077,2067,2063,2058,2066
2043,2052,2048,2082,2076,2064,2047,2061
2050,2062,2054,2088,2076,2065,2043,2059
2046,2056,2049,2089,2076,2061,2044,2064
2044,2040,2033,2068,2054,2048,2027,2048
2030,2031,2015,2047,2040,2040,2031,2053
2029,2036,2030,2036,2041,2036,2036,2056
2042,2062,2062,2038,2040,2030,2043,2060
2054,2089,2100,2026,2046,2028,2037,2052
2059,2093,2106,2015,2038,2019,2048,2054
2061,2088,2099,2010,2040,2026,2032,2045
2057,2082,2093,2007,2034,2026,2041,2037
2056,2069,2074,1998,2039,2045,2044,2044
2064,2064,2053,2007,2049,2050,2037,2038
2057,2064,2046,2015,2054,2049,2034,2040
2058,2064,2037,2021,2058,2052,2032,2034
2051,2052,2028,2029,2054,2045,2052,2035
2054,2046,2025,2034,2055,2039,2056,2032
2055,2050,2036,2045,2055,2038,2052,2034
2060,2064,2050,2056,2061,2046,2048,2030
2064,2064,2050,2057,2059,2042,2043,2031
2050,2044,2043,2054,2053,2046,2054,2026
2048,2045,2036,2050,2061,2050,2060,2031
2054,2046,2039,2043,2063,2052,2047,2031
2057,2051,2041,2042,2046,2062,2048,2030
2060,2058,2064,2043,2038,2064,2071,2032
2055,2057,2067,2035,2022,2065,2030,2026
2044,2049,2060,2020,1997,2059,2016,2034
2050,2047,2070,2017,1990,2033,2046,2044
2047,2051,2076,2026,2020,2024,2044,2057
2054,2052,2093,2049,2052,2034,2068,2072
2064,2062,2098,2063,2090,2047,2065,2076
2057,2058,2092,2072,2102,2061,2075,2077
2060,2054,2086,2068,2108,2067,2064,2079
2054,2052,2087,2064,2077,2050,2041,2073
2037,2047,2079,2054,2049,2035,2047,2071
2044,2044,2070,2056,2092,2049,2042,2071
2034,2031,2053,2056,2146,2064,2056,2073
2038,2032,2056,2078,2156,2071,2066,2071
2056,2051,2071,2076,2109,2060,2049,2066
2055,2056,2068,2058,2020,2046,2036,2056
2055,2057,2066,2053,2031,2050,2052,2051
2051,2062,2062,2055,2019,2069,2067,2047
2053,2051,2062,2052,2008,2075,2050,2036
2052,2040,2063,2051,2047,2073,2046,2028
2054,2039,2065,2067,2112,2068,2025,2015
2048,2047,2061,2066,2099,2035,2022,2026
2048,2052,2064,2053,2053,1987,2030,2034
2053,2051,2057,2036,2020,1981,2032,2037
2044,2043,2040,2023,1985,1995,2026,2029
2036,2036,2038,2018,1994,2005,2037,2020
2047,2052,2048,2025,1998,2002,2036,2016
2057,2058,2059,2022,1989,2002,2039,2013
2046,2048,2055,2016,1936,2037,2075,2010
2046,2053,2063,2034,2042,2073,2066,2016
2049,2049,2068,2051,2078,2057,2073,2023
2040,2046,2057,2053,2074,2043,2030,2028
2050,2050,2051,2049,2081,2040,2059,2033
2051,2054,2054,2053,2080,2047,2064,2034
2049,2054,2047,2042,2081,2052,2063,2031
2043,2042,2038,2037,2078,2056,2052,2032
2042,2038,2028,2043,2080,2056,2044,2056
2044,2021,2023,2045,2091,2057,2037,2059
2050,2020,2019,2044,2085,2057,2047,2059
2052,2020,2013,2049,2082,2059,2033,2063
2045,2019,2005,2046,2075,2046,2025,2060
2038,2018,2000,2041,2040,2022,2040,2065
2035,2026,1997,2034,2014,2013,2019,2062
2026,2030,2004,2041,2018,2020,2015,2043
2026,2041,2021,2039,2009,2017,2001,2035
2027,2055,2033,2047,2010,2023,2027,2049
2044,2061,2050,2052,2009,2019,2046,2056
2053,2058,2052,2044,2015,2014,2047,2067
2056,2054,2059,2042,2016,2017,2036,2062
2049,2055,2051,2038,2021,2023,2027,2057
2043,2048,2045,2037,2041,2029,2030,2044
2038,2044,2046,2023,2062,2037,2043,2040
2047,2055,2075,2036,2082,2054,2042,2036
2051,2070,2099,2051,2130,2056,2032,2029
2051,2069,2107,2065,2163,2062,2018,2030
2045,2066,2091,2074,2172,2050,2022,2028
2048,2062,2077,2066,2167,2052,2038,2025
2046,2064,2068,2042,2133,2051,2024,2033
2048,2057,2060,2031,2052,2052,2041,2023
2054,2047,2053,2030,2039,2060,2050,2025
2046,2040,2040,2025,2028,2063,2049,2024
2041,2036,2038,2016,1912,2051,2030,2020
2046,2040,2054,2019,1846,2053,2081,2025
2052,2055,2065,2034,1914,2072,2080,2038
2054,2051,2069,2049,1973,2071,2069,2041
2046,2052,2079,2048,2028,2053,2036,2028
2033,2044,2083,2049,2075,2045,2044,2026
2028,2045,2092,2062,2082,2043,2053,2039
2041,2054,2099,2088,2084,2042,2069,2054
2041,2058,2093,2095,2081,2025,2069,2062
2044,2050,2084,2092,2088,2025,2076,2060
2051,2055,2074,2081,2107,2040,2072,2054
2048,2052,2067,2085,2116,2049,2060,2051
2041,2048,2065,2076,2118,2054,2059,2053
2044,2059,2074,2081,2126,2070,2081,2060
2058,2058,2060,2070,2105,2075,2081,2069
2051,2046,2042,2046,2015,2056,2056,2062
2043,2034,2017,2030,2026,2038,2051,2065
2045,2034,2010,2027,2069,2043,2051,2065
2056,2042,2012,2024,2067,2043,2056,2055
2052,2044,2017,2015,2053,2050,2054,2045
2057,2053,2014,2009,2045,2052,2062,2040
2053,2055,2026,1997,1997,2030,2046,2036
2052,2054,2019,1987,1990,2030,2045,2039
2057,2053,2020,2007,2026,2047,2040,2035
2057,2054,2028,2023,2043,2046,2041,2034
2050,2049,2030,2022,2049,2049,2038,2016
2047,2045,2028,2032,2046,2049,2018,2023
2041,2042,2028,2030,2037,2050,2069,2019
2037,2040,2028,2027,2035,2047,2074,2029
2054,2039,2030,2024,2029,2044,2064,2038
2061,2049,2027,2031,2026,2041,2062,2036
2068,2044,2029,2034,2017,2034,2040,2017
2053,2036,2031,2030,2027,2027,2031,2019
2048,2041,2041,2036,2036,2040,2047,2026
2056,2052,2053,2046,2049,2046,2061,2025
2054,2054,2052,2041,2066,2043,2052,2020
2043,2047,2041,2046,2075,2047,2043,2025
2046,2043,2039,2050,2080,2049,2035,2028
2033,2041,2041,2041,2066,2038,2062,2022
2027,2041,2046,2042,2047,2011,2044,2027
2027,2044,2052,2043,2057,2024,2053,2039
2026,2053,2049,2057,2080,2042,2060,2051
2042,2057,2070,2062,2058,2044,2062,2056
2048,2053,2075,2074,2069,2049,2067,2062
2051,2059,2086,2091,2065,2047,2068,2068
2050,2049,2093,2096,2046,2038,2068,2075
2044,2039,2086,2090,2035,2038,2051,2066
2038,2029,2069,2088,2058,2045,2046,2055
2026,2020,2066,2095,2080,2044,2060,2050
2033,2031,2062,2096,2065,2038,2055,2056
2032,2033,2065,2094,2045,2032,2038,2054
2034,2037,2068,2093,2037,2018,2050,2050
2039,2042,2061,2090,2023,2019,2028,2033
2038,2041,2044,2078,2018,2019,2027,2035
2032,2038,2030,2070,2019,2031,2036,2036
2049,2036,2029,2069,2042,2047,2056,2036
2049,2046,2028,2064,2082,2055,2053,2030
2043,2041,2015,2037,2072,2045,2061,2016
2048,2040,2002,2006,2058,2049,2055,2023
2032,2036,1983,1987,2042,2053,2050,2026
2043,2037,1975,1983,2023,2051,2040,2029
2045,2038,1971,1977,2024,2053,2054,2025
2043,2040,1968,1976,2028,2054,2047,2021
2044,2035,1972,1976,2021,2051,2025,2017
2039,2037,1998,1991,2041,2044,2043,2019
2052,2057,2034,2012,2049,2041,2066,2038
2069,2076,2060,2016,2039,2044,2060,2039
2069,2077,2056,2019,2031,2045,2058,2046
2067,2074,2058,2022,2042,2042,2072,2046
2063,2065,2062,2033,2079,2044,2059,2043
2061,2063,2067,2030,2086,2048,2060,2046
2058,2066,2066,2037,2113,2055,2068,2045
2057,2064,2069,2044,2110,2060,2062,2051
2058,2061,2078,2045,2109,2077,2054,2052
2054,2061,2078,2043,2083,2105,2066,2054
2054,2056,2077,2022,2028,2131,2068,2050
2050,2053,2066,2013,1969,2109,2028,2052
2045,2052,2057,1996,1925,2093,2020,2055
2043,2043,2046,1975,1827,2046,2011,2055
2043,2047,2057,1994,1854,1967,2012,2064
2052,2050,2067,2034,1974,1919,2021,2075
2055,2051,2065,2055,2060,1967,2044,2081
2056,2053,2064,2069,2124,2029,2067,2068
2037,2051,2063,2072,2157,2072,2059,2056
2041,2056,2060,2071,2174,2065,2061,2058
2048,2058,2064,2078,2144,2041,2050,2050
2056,2051,2045,2065,2089,2021,2037,2049
2056,2041,2034,2057,2048,2026,2033,2035
2048,2041,2031,2046,2035,2046,2033,2035
2048,2050,2043,2054,2043,2055,2063,2037
2053,2051,2049,2052,2044,2064,2059,2029
2050,2044,2041,2047,2043,2074,2061,2026
2050,2047,2043,2045,2053,2080,2074,2034
2057,2053,2061,2057,2068,2088,2098,2043
2069,2057,2064,2066,2118,2108,2100,2049
2066,2054,2047,2054,2107,2090,2095,2037
2058,2045,2037,2035,2047,2059,2071,2027
2057,2043,2040,2039,2049,2046,2070,2022
2064,2059,2055,2049,2061,2045,2091,2034
2068,2070,2057,2048,2068,2042,2082,2035
2070,2067,2046,2033,2069,2027,2078,2035
2068,2051,2042,2025,2067,2017,2079,2025
2058,2054,2045,2030,2074,2007,2072,2032
2056,2056,2056,2032,2080,2005,2074,2040
2056,2054,2047,2027,2065,2012,2052,2035
2052,2044,2034,2021,2056,2023,2051,2028
2042,2041,2032,2012,2049,2047,2033,2029
2038,2036,2030,2023,2052,2068,2048,2039
2036,2036,2031,2022,2045,2070,2053,2038
2041,2024,2023,2027,2051,2067,2056,2038
2035,2025,2025,2036,2081,2071,2057,2036
2051,2035,2031,2036,2094,2076,2068,2054
2046,2034,2031,2035,2084,2071,2041,2050
2038,2020,2033,2032,2080,2062,2035,2054
2033,2025,2037,2037,2070,2022,2046,2056
2047,2037,2039,2037,2060,1994,2045,2058
2058,2040,2032,2024,2031,1999,2046,2057
2059,2041,2031,2022,2001,2009,2038,2056
2051,2046,2030,2009,1895,2019,2043,2036
2046,2059,2037,2008,1873,2034,2048,2037
2048,2062,2055,2027,1957,2045,2054,2019
2051,2070,2063,2029,2004,2041,2063,2016
2043,2064,2065,2037,2042,2043,2045,2014
2038,2064,2077,2047,2073,2054,2063,2029
2053,2079,2093,2067,2093,2064,2080,2030
2059,2086,2100,2071,2081,2067,2082,2028
2067,2096,2088,2065,2046,2058,2077,2021
2067,2081,2079,2061,2081,2058,2066,2019
2061,2067,2063,2067,2106,2052,2053,2019
2052,2044,2048,2071,2131,2045,2063,2015
2055,2056,2065,2086,2135,2058,2068,2022
2068,2076,2081,2094,2129,2071,2075,2029
2066,2068,2082,2090,2122,2075,2065,2026
2057,2056,2065,2080,2102,2082,2058,2031
2052,2052,2064,2067,2073,2082,2071,2030
2055,2050,2063,2063,2073,2082,2056,2029
2046,2052,2057,2049,1947,2059,2057,2031
2040,2053,2061,2027,1840,2032,2050,2037
2036,2063,2074,2020,1863,2038,2063,2040
2053,2068,2080,2031,1996,2039,2058,2045
2055,2062,2080,2050,2107,2048,2061,2050
2051,2066,2072,2054,2181,2055,2062,2049
2050,2065,2061,2045,2145,2034,2053,2051
2043,2050,2057,2032,2054,2026,2056,2055
2050,2045,2053,2027,2018,2025,2054,2059
2040,2043,2049,2027,2015,2025,2047,2054
2036,2026,2038,2034,2043,2036,2051,2049
2030,2029,2051,2050,2083,2050,2065,2059
2039,2040,2054,2055,2091,2052,2054,2055
2039,2045,2063,2058,2066,2039,2064,2052
2038,2046,2056,2046,2045,2033,2057,2052
2039,2049,2061,2047,2045,2040,2056,2053
2051,2055,2059,2055,2056,2053,2056,2053
2062,2061,2069,2059,2059,2056,2066,2038
2059,2047,2070,2069,2058,2058,2042,2026
2056,2040,2066,2076,2055,2058,2040,2026
2051,2041,2058,2074,2054,2053,2055,2022
2043,2042,2060,2070,2058,2055,2052,2016
2033,2048,2059,2074,2061,2058,2042,2018
2033,2048,2057,2072,2057,2061,2033,2019
2036,2048,2058,2072,2054,2062,2039,2023
2050,2044,2051,2062,2044,2043,2042,2019
2049,2033,2043,2053,2016,2008,2027,2025
2057,2042,2043,2050,2027,2023,2035,2029
2056,2058,2054,2072,2072,2039,2037,2036
2054,2056,2050,2077,2071,2047,2047,2042
2049,2054,2050,2071,2054,2037,2052,2039
2041,2045,2037,2061,2046,2039,2060,2033
2048,2049,2044,2060,2047,2040,2036,2042
2055,2051,2037,2063,2046,2044,2046,2042
2053,2050,2027,2059,2044,2043,2062,2044
2051,2043,2021,2052,2050,2050,2060,2054
2050,2037,2017,2053,2059,2052,2054,2045
2055,2035,2002,2057,2065,2050,2042,2039
2045,2028,1995,2050,2083,2059,2069,2041
2038,2031,1995,2044,2084,2062,2071,2055
2041,2035,1999,2032,2072,2061,2069,2062
2041,2036,2021,2035,2068,2054,2058,2064
2034,2044,2044,2035,2050,2042,2048,2049
2020,2041,2054,2029,2031,2036,2044,2049
2035,2053,2071,2045,2028,2046,2042,2062
2050,2076,2089,2044,2016,2037,2053,2066
2061,2080,2083,2035,2010,2031,2047,2067
2063,2068,2078,2040,2004,2050,2069,2058
2065,2065,2078,2039,2002,2059,2043,2054
2070,2062,2080,2048,2003,2060,2045,2046
2061,2056,2075,2046,1994,2063,2058,2038
2050,2058,2082,2056,2007,2042,2048,2034
2052,2064,2085,2061,2032,2014,2032,2038
2056,2063,2077,2063,2062,2031,2049,2036
2063,2066,2070,2055,2047,2041,2047,2026
2066,2068,2062,2042,2036,2038,2071,2033
2066,2064,2049,2033,2062,2043,2080,2032
2057,2058,2035,2028,2075,2055,2069,2020
2053,2059,2022,2025,2052,2045,2045,2008
2035,2044,2006,2011,2037,2047,2048,2005
2029,2035,2008,2011,2056,2054,2058,2013
2054,2060,2037,2021,2057,2049,2051,2026
2062,2072,2051,2028,2053,2042,2059,2036
2067,2073,2059,2033,2076,2048,2069,2039
2069,2066,2048,2028,2084,2047,2066,2044
2064,2057,2044,2033,2069,2045,2067,2045
2058,2062,2058,2051,2052,2046,2076,2050
2060,2069,2063,2058,2021,2046,2060,2044
2062,2062,2070,2062,2009,2035,2056,2050
2061,2059,2069,2074,2029,2050,2063,2050
2058,2062,2062,2077,2054,2058,2064,2059
2056,2058,2051,2069,2055,2066,2066,2060
2050,2047,2042,2059,2051,2055,2071,2064
2048,2044,2031,2050,2054,2049,2056,2057
2056,2033,2023,2049,2059,2042,2034,2050
2046,2018,2004,2045,2056,2035,2020,2054
2043,2030,2026,2061,2076,2053,2038,2055
2056,2052,2041,2083,2099,2060,2049,2052
2061,2054,2049,2081,2096,2054,2061,2042
2056,2053,2047,2066,2080,2047,2047,2049
2047,2039,2047,2054,2081,2051,2044,2032
2044,2038,2061,2049,2082,2042,2044,2021
2035,2036,2056,2033,2076,2036,2045,2011
2032,2037,2058,2031,2088,2041,2047,2026
2041,2043,2075,2052,2102,2044,2052,2027
2052,2050,2083,2054,2092,2049,2049,2026
2042,2046,2077,2064,2075,2051,2052,2030
2050,2046,2066,2074,2067,2045,2061,2025
2055,2045,2062,2073,2055,2035,2065,2033
2056,2046,2051,2063,2049,2045,2052,2022
2047,2038,2039,2050,2022,2039,2043,2010
2035,2029,2032,2026,2007,2044,2047,2008
2035,2028,2039,2023,2001,2057,2060,2010
2043,2030,2044,2032,2027,2062,2060,2015
2046,2039,2042,2040,2064,2066,2057,2028
2053,2043,2046,2032,2084,2062,2058,2029
2052,2043,2042,2036,2095,2053,2047,2030
2043,2040,2040,2043,2107,2060,2053,2034
2033,2041,2039,2052,2109,2061,2060,2035
2041,2051,2057,2071,2130,2073,2060,2051
2053,2062,2060,2074,2124,2073,2051,2054
2046,2051,2056,2059,2082,2065,2049,2052
2037,2041,2041,2034,1981,2054,2048,2056
2039,2038,2033,2016,1910,2038,2039,2054
2033,2045,2039,2018,1968,2045,2035,2058
2037,2047,2046,2039,1992,2047,2037,2066
2035,2043,2038,2039,1998,2039,2038,2071
2036,2030,2025,2041,2009,2037,2043,2073
2043,2038,2035,2046,2019,2042,2050,2077
2049,2047,2039,2052,2026,2046,2048,2064
2057,2044,2036,2048,2019,2047,2025,2064
2053,2044,2034,2046,2028,2051,2028,2057
2052,2043,2030,2045,2026,2053,2047,2056
2053,2040,2041,2048,2024,2054,2065,2054
2055,2042,2039,2053,2024,2055,2055,2050
2054,2041,2040,2050,2023,2051,2060,2036
2053,2034,2042,2046,2031,2062,2067,2031
2049,2037,2045,2047,2029,2061,2059,2027
2039,2038,2054,2046,2032,2064,2052,2032
2046,2035,2062,2050,2039,2063,2060,2026
2043,2034,2061,2048,2038,2069,2050,2016
2031,2040,2046,2055,2035,2074,2042,2011
2026,2033,2018,2040,2023,2068,2040,2019
2030,2027,2017,2045,2029,2075,2030,2030
2060,2048,2040,2070,2048,2086,2051,2035
2065,2067,2056,2073,2056,2073,2038,2029
2067,2060,2059,2065,2041,2060,2024,2031
2062,2066,2050,2053,2018,2066,2026,2025
2057,2051,2041,2045,2001,2075,2018,2021
2050,2037,2037,2041,1982,2089,2034,2026
2044,2043,2044,2045,1977,2073,2027,2038
2049,2054,2057,2050,1990,2018,2049,2061
2058,2061,2059,2076,2021,2016,2059,2080
2063,2059,2054,2090,2109,2043,2080,2085
2064,2061,2059,2091,2167,2067,2088,2093
2061,2063,2047,2084,2162,2072,2069,2084
2058,2054,2041,2059,2134,2059,2070,2074
2050,2054,2044,2049,2102,2043,2053,2078
2044,2044,2036,2039,2084,2022,2037,2068
2032,2041,2038,2039,2073,2008,2039,2051
2040,2052,2050,2030,1988,1991,2021,2047
2043,2052,2058,2027,1877,1979,1995,2043
2049,2047,2055,2021,1848,1990,2003,2043
2039,2055,2056,2032,1884,1998,2007,2037
2036,2042,2051,2021,1893,1994,1997,2033
2030,2039,2046,2027,1941,2014,2009,2018
2035,2049,2063,2050,1995,2026,2019,2021
2049,2059,2080,2073,2036,2013,2046,2029
2047,2065,2079,2085,2094,2032,2066,2043
2055,2067,2076,2081,2111,2062,2064,2043
2053,2065,2075,2080,2095,2063,2057,2033
2056,2068,2082,2076,2071,2059,2027,2026
2041,2056,2078,2070,2058,2050,2048,2013
2042,2047,2067,2053,2046,2050,2049,2015
2036,2035,2047,2036,2043,2053,2039,2019
2034,2031,2038,2042,2057,2059,2055,2029
2052,2049,2050,2049,2067,2069,2047,2036
2051,2049,2050,2056,2078,2073,2058,2042
2052,2059,2061,2059,2087,2077,2062,2037
2058,2056,2053,2054,2086,2071,2050,2043
2055,2056,2055,2051,2076,2077,2049,2043
2048,2049,2057,2056,2083,2062,2051,2041
2046,2044,2053,2058,2074,2053,2049,2046
2044,2046,2050,2048,2070,2048,2059,2050
2052,2042,2044,2051,2070,2041,2049,2059
2047,2038,2046,2052,2068,2036,2051,2061
2051,2046,2056,2054,2066,2034,2030,2067
2052,2045,2054,2060,2066,2042,2035,2068
2041,2047,2057,2057,2070,2042,2030,2069
2038,2044,2046,2053,2058,2045,2019,2064
2034,2026,2035,2048,2050,2034,2012,2061
2028,2026,2038,2043,2047,2034,2035,2061
2035,2030,2041,2052,2057,2036,2045,2059
2042,2037,2045,2050,2058,2042,2046,2061
2041,2033,2049,2055,2055,2046,2046,2055
2047,2039,2048,2051,2045,2041,2043,2052
2041,2037,2048,2047,2045,2047,2045,2046
2043,2043,2051,2051,2050,2053,2056,2040
2050,2046,2050,2045,2050,2050,2067,2036
2042,2048,2047,2050,2045,2048,2046,2032
2048,2046,2042,2039,2048,2055,2058,2029
2047,2042,2036,2040,2052,2051,2056,2030
2045,2041,2032,2036,2049,2050,2050,2027
2050,2045,2033,2036,2046,2045,2045,2037
2049,2044,2039,2036,2056,2055,2047,2020
2042,2038,2030,2040,2047,2051,2039,2014
2035,2025,2025,2033,2043,2040,2001,2015
2042,2030,2026,2032,2042,2040,1996,2028
2047,2037,2038,2041,2052,2042,2023,2040
2051,2038,2040,2040,2052,2037,2014,2038
2045,2038,2044,2042,2052,2040,2021,2033
2052,2042,2042,2045,2051,2043,2004,2035
2051,2046,2048,2044,2055,2043,2026,2042
2058,2041,2050,2042,2057,2048,2030,2045
2050,2043,2049,2043,2064,2042,2044,2039
2045,2038,2052,2044,2060,2041,2037,2057
2049,2040,2051,2050,2057,2044,2025,2062
2051,2034,2056,2051,2059,2043,2031,2069
2051,2044,2052,2056,2060,2044,2053,2077
2055,2047,2047,2058,2052,2045,2040,2070
2054,2047,2044,2053,2050,2054,2043,2084
2049,2041,2046,2052,2046,2053,2042,2081
2039,2035,2038,2049,2039,2045,2043,2080
2046,2031,2034,2041,2041,2058,2047,2081
2043,2033,2041,2041,2047,2071,2062,2072
2036,2031,2040,2041,2051,2070,2048,2060
2034,2030,2040,2048,2047,2077,2040,2058
2046,2034,2036,2049,2042,2076,2033,2047
2045,2037,2039,2047,2053,2065,2061,2047
2047,2037,2041,2044,2045,2069,2054,2042
2051,2037,2038,2044,2039,2070,2053,2032
2041,2041,2037,2046,2044,2067,2034,2027
2047,2037,2030,2044,2042,2058,2039,2029
2042,2039,2033,2040,2040,2060,2050,2027
2037,2037,2030,2044,2045,2065,2044,2029
2045,2043,2043,2058,2062,2062,2034,2022
2054,2052,2049,2057,2062,2049,2028,2027
2054,2056,2053,2060,2054,2037,2022,2025
2050,2050,2047,2051,2047,2033,2020,2024
2039,2042,2043,2050,2047,2038,2019,2026
2049,2047,2041,2051,2049,2049,2033,2036
2047,2045,2038,2041,2051,2040,2035,2037
2037,2043,2036,2038,2043,2047,2037,2034
2040,2036,2038,2038,2050,2074,2036,2034
2049,2043,2048,2041,2054,2078,2052,2042
2042,2046,2056,2053,2053,2079,2053,2044
2046,2052,2061,2057,2060,2077,2050,2052
2037,2043,2059,2055,2063,2076,2052,2061
2048,2050,2062,2055,2067,2078,2040,2074
2050,2050,2054,2055,2065,2074,2057,2071
2048,2050,2059,2056,2067,2067,2056,2072
2050,2048,2061,2051,2064,2056,2044,2067
2044,2046,2058,2051,2057,2037,2041,2061
2040,2042,2057,2054,2062,2029,2040,2066
2044,2038,2058,2043,2059,2001,2034,2059
2033,2030,2057,2042,2046,1987,2028,2057
2031,2026,2067,2040,2041,2006,2026,2068
2035,2035,2064,2039,2049,2048,2010,2063
2039,2034,2065,2042,2043,2074,2033,2059
2037,2036,2059,2036,2037,2036,2015,2053
2042,2043,2058,2041,2041,2031,2004,2049
2038,2044,2061,2042,2047,2036,2021,2046
2044,2046,2057,2044,2040,2045,2029,2040
2052,2044,2056,2042,2048,2038,2038,2033
2056,2044,2055,2045,2052,2039,2039,2029
2058,2055,2057,2051,2050,2052,2022,2029
2054,2058,2059,2049,2049,2053,2039,2029
2050,2056,2055,2050,2049,2055,2054,2023
2045,2050,2051,2043,2055,2059,2042,2023
2041,2049,2051,2052,2047,2057,2049,2029
2053,2051,2049,2049,2049,2053,2032,2026
2046,2038,2043,2046,2044,2047,2039,2022
2039,2037,2050,2052,2048,2052,2036,2031
2052,2054,2054,2055,2050,2053,2041,2030
2049,2049,2058,2054,2041,2048,2030,2040
2047,2045,2060,2057,2046,2044,2032,2038
2051,2040,2055,2057,2047,2044,2037,2047
2042,2042,2064,2063,2056,2051,2042,2046
2044,2045,2062,2060,2058,2056,2045,2052
2041,2046,2059,2056,2067,2068,2036,2052
2038,2041,2056,2062,2067,2073,2056,2059
2041,2037,2054,2060,2072,2073,2050,2057
2035,2036,2052,2052,2067,2067,2026,2066
2039,2034,2045,2055,2061,2069,2037,2078
2043,2038,2045,2052,2054,2065,2033,2077
2041,2037,2053,2045,2042,2064,2045,2080
2041,2041,2049,2039,2031,2057,2036,2076
2035,2031,2042,2040,2033,2054,2026,2065
2024,2032,2052,2049,2044,2059,2020,2063
2040,2043,2057,2052,2051,2066,2018,2063
2039,2046,2053,2053,2055,2060,2039,2068
2038,2041,2059,2056,2050,2043,2027,2052
2041,2042,2056,2059,2053,2045,2039,2050
2049,2048,2056,2059,2057,2055,2034,2045
2041,2047,2054,2067,2055,2055,2028,2036
2037,2043,2052,2061,2056,2053,2025,2040
2050,2038,2056,2060,2058,2052,2050,2037
2049,2041,2059,2061,2056,2049,2038,2035
2049,2047,2054,2063,2061,2054,2056,2050
2055,2054,2056,2063,2071,2061,2038,2045
2057,2048,2051,2069,2075,2060,2046,2049
2052,2049,2049,2061,2071,2058,2044,2038
2048,2038,2045,2045,2051,2046,2023,2031
2041,2032,2043,2041,2034,2039,2023,2023
2043,2043,2051,2041,2038,2033,2010,2029
2050,2050,2052,2040,2026,2032,2020,2029
2044,2047,2058,2047,2031,2040,2017,2030
2044,2058,2061,2051,2039,2042,2025,2038
2049,2059,2062,2047,2039,2046,2014,2041
2060,2060,2064,2058,2047,2055,2036,2049
2052,2058,2065,2058,2055,2058,2028,2041
2052,2057,2063,2059,2057,2060,2029,2045
2046,2058,2062,2065,2064,2069,2045,2047
2039,2059,2062,2063,2056,2069,2042,2049
2035,2051,2055,2062,2061,2069,2043,2052
2024,2045,2052,2061,2061,2066,2047,2061
2016,2040,2052,2063,2056,2048,2037,2061
2017,2036,2051,2057,2046,2042,2045,2069
2017,2033,2046,2051,2040,2039,2030,2063
2014,2030,2038,2049,2032,2035,2026,2060
2054,2046,2051,2057,2044,2049,2018,2066
2072,2052,2042,2051,2049,2053,2023,2068
2052,2047,2041,2048,2044,2050,2047,2063
2041,2038,2034,2043,2043,2046,2041,2061
2031,2038,2035,2039,2038,2044,2042,2057
2036,2038,2038,2039,2041,2047,2046,2046
2038,2042,2034,2046,2049,2049,2064,2040
2037,2036,2039,2049,2045,2052,2064,2045
2040,2036,2040,2052,2053,2062,2046,2041
2039,2041,2044,2054,2057,2062,2061,2043
2043,2042,2044,2055,2061,2064,2047,2029
2043,2044,2041,2059,2066,2062,2050,2032
2042,2048,2048,2060,2068,2064,2043,2048
2041,2050,2045,2057,2061,2058,2036,2050
2046,2040,2038,2046,2047,2059,2027,2052
2046,2042,2036,2040,2042,2061,2039,2057
2053,2055,2044,2042,2048,2065,2050,2061
2058,2052,2048,2033,2036,2060,2046,2059
2057,2052,2049,2026,2033,2048,2037,2063
2046,2051,2050,2032,2042,2036,2052,2066
2052,2053,2054,2034,2040,2037,2061,2060
2059,2054,2055,2035,2049,2033,2055,2058
2057,2063,2063,2044,2054,2016,2026,2052
2051,2056,2053,2042,2050,1986,2015,2050
2044,2050,2046,2033,2043,1978,2025,2057
2038,2046,2046,2029,2040,1992,2023,2055
2036,2038,2046,2034,2045,2004,2009,2062
2029,2037,2047,2033,2040,2017,2036,2070
2028,2044,2046,2032,2039,2027,2022,2075
2036,2049,2048,2036,2043,2029,2038,2079
2036,2042,2044,2043,2042,2026,2045,2076
2040,2037,2044,2040,2049,2036,2036,2080
2047,2051,2057,2046,2064,2072,2059,2082
2064,2055,2056,2046,2072,2088,2057,2076
2057,2053,2044,2042,2063,2069,2049,2078
2060,2053,2040,2033,2048,2052,2046,2081
2062,2055,2039,2033,2043,2047,2023,2070
2057,2052,2045,2034,2043,2049,2036,2053
2048,2051,2050,2043,2043,2037,2018,2039
2047,2052,2045,2035,2041,2033,2021,2033
2040,2048,2045,2035,2046,2038,2038,2023
2036,2042,2038,2031,2044,2048,2032,2021
2041,2041,2041,2032,2051,2051,2048,2020
2040,2044,2040,2031,2046,2051,2047,2011
2036,2037,2036,2033,2041,2046,2027,2014
2041,2033,2034,2028,2030,2025,2038,1999
2028,2028,2026,2018,2023,2020,2042,1989
2018,2031,2027,2018,2029,2021,2054,1991
2027,2035,2036,2027,2040,2028,2064,2011
2036,2033,2039,2027,2043,2029,2060,2025
2042,2029,2039,2040,2040,2038,2044,2037
2037,2033,2040,2040,2048,2037,2053,2040
2044,2039,2049,2044,2049,2039,2046,2045
2049,2040,2050,2047,2058,2051,2060,2045
2053,2045,2048,2052,2056,2054,2054,2050
2053,2045,2048,2049,2057,2053,2057,2059
2050,2036,2045,2050,2055,2056,2065,2055
2044,2042,2049,2049,2067,2055,2058,2052
2034,2036,2048,2045,2057,2060,2059,2062
2033,2039,2050,2045,2060,2079,2072,2065
2028,2040,2045,2049,2060,2081,2066,2066
2025,2034,2043,2041,2057,2068,2057,2054
2019,2023,2036,2032,2048,2057,2046,2060
2025,2024,2036,2037,2048,2048,2032,2067
2036,2041,2050,2034,2047,2035,2040,2066
2042,2044,2050,2032,2047,2025,2037,2069
2047,2046,2051,2031,2050,2042,2031,2064
2049,2046,2047,2027,2047,2072,2033,2063
2057,2052,2049,2020,2043,2074,2045,2058
2064,2051,2051,2023,2037,2075,2049,2048
2055,2054,2050,2023,2032,2061,2060,2039
2051,2056,2050,2026,2048,2019,2055,2043
2052,2062,2056,2034,2062,2016,2034,2031
2050,2063,2065,2039,2061,2022,2057,2015
2051,2068,2066,2040,2069,2025,2047,2028
2053,2069,2068,2048,2062,2028,2053,2038
2057,2062,2062,2045,2060,2023,2036,2030
2052,2044,2048,2037,2045,2010,2046,2016
2046,2026,2042,2027,2034,1998,2025,2020
2049,2023,2040,2019,2016,1990,2041,2029
2048,2029,2042,2020,1986,1967,2022,2026
2040,2033,2041,2013,1969,1959,2029,2022
2035,2038,2047,2018,1972,1967,2030,2020
2032,2037,2042,2010,1980,1997,2051,2024
2027,2031,2034,2022,1998,2032,2013,2028
2029,2038,2037,2031,2017,2049,2004,2038
2041,2062,2058,2044,2042,2067,2005,2030
2042,2067,2062,2050,2074,2068,2018,2035
2046,2062,2057,2048,2089,2053,1999,2050
2051,2052,2052,2051,2093,2060,2042,2062
2056,2050,2053,2057,2100,2110,2027,2067
2064,2047,2060,2056,2107,2155,2043,2068
2060,2051,2060,2055,2101,2155,2055,2070
2053,2055,2072,2057,2090,2146,2048,2070
2041,2045,2064,2044,2057,2125,2068,2076
2047,2047,2060,2049,2062,2092,2068,2088
2053,2059,2067,2052,2066,2096,2075,2080
2043,2061,2072,2055,2060,2106,2055,2073
2039,2059,2061,2050,2060,2111,2046,2061
2035,2057,2059,2050,2070,2100,2041,2060
2035,2053,2056,2052,2068,2042,2020,2050
2037,2049,2054,2050,2076,2000,2013,2050
2040,2056,2050,2048,2076,1994,2033,2042
2039,2050,2051,2043,2072,2000,2018,2033
2036,2049,2053,2048,2071,2030,2026,2027
2047,2054,2052,2043,2073,2045,2025,2026
2043,2050,2052,2041,2066,2050,2019,2019
2041,2050,2057,2044,2064,2057,2033,2025
2040,2048,2049,2038,2069,2047,2044,2033
2046,2046,2054,2043,2066,2043,2037,2031
2039,2045,2047,2044,2047,2038,2035,2031
2039,2042,2039,2034,2036,2031,2035,2043
2050,2047,2046,2039,2036,2021,2036,2047
2055,2053,2050,2041,2038,2029,2047,2046
2049,2047,2052,2041,2048,2030,2023,2036
2045,2049,2056,2045,2052,2036,2032,2028
2045,2052,2060,2039,2049,2033,2036,2042
2056,2053,2063,2044,2043,2032,2045,2049
2060,2055,2062,2042,2040,2027,2030,2056
2056,2057,2057,2046,2038,2021,2030,2061
2046,2059,2061,2045,2040,2022,2042,2064
2048,2064,2068,2052,2038,2023,2044,2080
2053,2069,2067,2049,2044,2043,2069,2082
2051,2058,2064,2039,2044,2060,2058,2077
2043,2046,2054,2034,2035,2060,2048,2073
2043,2048,2046,2032,2035,2056,2027,2072
2032,2034,2033,2021,2046,2078,2031,2067
2025,2030,2036,2028,2055,2093,2041,2072
2034,2040,2038,2023,2049,2082,2041,2069
2040,2037,2038,2027,2027,2035,2044,2057
2039,2038,2042,2026,2030,1967,2033,2057
2042,2047,2052,2035,2029,1978,2022,2056
2044,2054,2062,2039,2035,2022,2045,2044
2050,2057,2063,2034,2037,2044,2072,2045
2054,2058,2065,2040,2039,2060,2067,2040
2047,2056,2067,2043,2032,2069,2056,2039
2048,2052,2064,2034,2029,2068,2047,2038
2049,2045,2060,2027,2027,2061,2043,2044
2041,2040,2052,2035,2040,2064,2065,2049
2051,2046,2045,2032,2045,2064,2077,2042
2045,2042,2046,2033,2068,2075,2080,2027
2046,2042,2045,2026,2063,2049,2076,2018
2042,2026,2036,2019,2051,2037,2063,2017
2029,2020,2037,2022,2045,2056,2053,2024
2028,2024,2040,2025,2056,2083,2084,2022
2031,2033,2038,2029,2055,2068,2088,2022
2036,2038,2045,2037,2049,2027,2069,2033
2030,2040,2048,2035,2053,2013,2033,2033
2032,2041,2040,2045,2058,2024,2047,2034
2047,2048,2041,2047,2060,2059,2064,2056
2051,2050,2052,2049,2048,2069,2062,2053
2048,2039,2039,2042,2045,2053,2052,2042
2041,2037,2036,2039,2035,2047,2035,2048
2039,2033,2037,2042,2041,2057,2047,2058
2049,2033,2035,2044,2034,2067,2041,2062
2043,2033,2024,2043,2028,2063,2032,2071
2044,2036,2030,2033,2023,2053,2046,2064
2044,2034,2020,2029,2010,2056,2047,2060
2041,2023,2012,2028,2019,2059,2056,2058
2036,2027,2014,2033,2014,2063,2052,2063
2047,2045,2020,2029,2007,2087,2053,2054
2048,2038,2021,2023,1998,2077,2024,2041
2042,2037,2020,2021,1994,2046,2029,2038
2038,2037,2029,2020,1998,2036,2027,2035
2034,2037,2041,2022,2013,2030,2029,2037
2030,2045,2065,2031,2046,1992,2040,2046
2045,2049,2068,2041,2066,2002,2049,2041
2047,2049,2070,2037,2064,2018,2036,2028
2053,2051,2065,2042,2054,2030,2040,2033
2048,2050,2065,2045,2050,2029,2029,2040
2048,2052,2078,2045,2049,2029,2034,2042
2053,2061,2073,2043,2047,2027,2033,2041
2058,2054,2064,2046,2045,2026,2026,2039
2051,2045,2053,2038,2037,2021,2020,2022
2037,2030,2037,2030,2033,2023,2020,2020
2034,2029,2039,2028,2041,2029,2036,2023
2034,2032,2040,2028,2046,2041,2025,2031
2032,2036,2041,2038,2052,2041,2043,2030
2032,2036,2051,2037,2051,2038,2045,2035
2033,2040,2054,2038,2047,2039,2054,2037
2038,2042,2058,2044,2048,2054,2073,2047
2037,2042,2063,2050,2062,2060,2078,2063
2042,2045,2067,2048,2065,2071,2078,2059
2046,2048,2064,2046,2066,2072,2082,2064
2054,2051,2069,2047,2066,2074,2084,2066
2053,2052,2068,2048,2062,2060,2081,2071
2046,2046,2080,2050,2061,2060,2054,2072
2043,2039,2076,2050,2050,2064,2057,2074
2045,2043,2074,2049,2045,2066,2051,2076
2047,2046,2068,2040,2025,2063,2027,2072
2038,2031,2053,2036,2018,2061,2028,2066
2035,2038,2057,2046,2023,2084,2025,2065
2044,2043,2051,2054,2037,2097,2056,2063
2044,2040,2058,2048,2032,2079,2048,2052
2039,2035,2049,2051,2034,2033,2026,2041
2033,2037,2042,2053,2046,2020,2014,2028
2032,2027,2032,2045,2042,2025,2016,2020
2038,2034,2037,2046,2034,2014,2028,2020
2039,2035,2039,2049,2042,2008,2024,2024
2038,2029,2033,2048,2024,2000,2028,2022
2034,2031,2038,2044,1997,2001,2036,2024
2030,2021,2036,2037,1981,1992,2000,2029
2029,2016,2048,2043,1978,1989,2004,2021
2027,2022,2060,2052,2010,2015,2010,2015
2033,2030,2066,2059,2026,2045,2014,2014
2040,2035,2057,2057,2036,2062,2021,2010
2046,2020,2043,2067,2047,2108,2043,2012
2040,2024,2052,2073,2038,2105,2029,2017
2040,2033,2053,2083,2024,2050,2037,2027
2053,2039,2069,2107,2057,2034,2037,2031
2063,2047,2072,2117,2097,2067,2063,2034
2056,2046,2058,2105,2107,2069,2060,2040
2056,2048,2054,2096,2076,2057,2045,2038
2057,2042,2052,2084,2054,2047,2030,2039
2061,2047,2046,2076,2046,2025,2014,2047
2050,2043,2032,2048,2041,2012,2038,2043
2039,2031,2007,2028,2028,2007,2023,2053
2037,2032,1999,2010,2022,2012,2011,2055
2036,2037,2008,2013,2012,2017,2031,2059
2036,2044,2021,2012,2015,2034,2022,2061
2045,2061,2029,2013,2016,2054,2028,2067
2053,2052,2030,2011,2018,2060,2037,2065
2038,2049,2044,2006,2009,2055,2028,2060
2047,2054,2054,1987,2010,2012,2030,2074
2045,2051,2053,1972,2010,2001,2022,2065
2044,2041,2038,1959,2055,2038,2013,2056
2033,2035,2028,1954,2098,2091,2024,2051
2045,2045,2053,1983,2143,2113,2052,2067
2063,2061,2071,2021,2157,2107,2065,2059
2059,2065,2072,2021,2124,2101,2056,2039
2050,2060,2070,2018,2095,2102,2041,2033
2040,2047,2049,2008,2073,2106,2034,2030
2037,2046,2045,2014,2008,2112,2035,2021
2047,2051,2054,1995,1851,2087,2026,2012
2051,2054,2058,1991,1877,2055,2026,2022
2047,2043,2058,2009,1957,2050,2041,2030
2043,2043,2060,2019,1968,2050,2019,2023
2037,2040,2048,2014,1975,2039,2017,2019
2030,2028,2030,2006,1990,2041,2022,2019
2036,2036,2037,2022,2021,2065,2014,2025
2049,2051,2058,2038,2036,2075,2056,2019
2049,2054,2062,2031,2043,2064,2050,2024
2041,2049,2053,2033,2051,2043,2048,2031
2040,2049,2057,2034,2056,2011,2045,2034
2046,2053,2063,2042,2056,1992,2057,2044
2048,2051,2063,2044,2062,2012,2064,2054
2045,2045,2062,2040,2044,2037,2054,2052
2031,2043,2053,2031,2021,2047,2055,2046
2036,2046,2045,2030,2012,2043,2057,2058
2041,2048,2045,2033,2015,2039,2024,2065
2043,2054,2048,2035,2018,2038,2060,2076
2040,2054,2046,2035,2030,2039,2050,2069
2040,2050,2039,2037,2041,2047,2062,2066
2042,2042,2035,2034,2035,2036,2045,2060
2038,2036,2030,2033,2028,2042,2059,2062
2044,2044,2033,2036,2033,2068,2064,2058
2038,2040,2036,2037,2029,2073,2052,2056
2031,2038,2032,2039,2035,2078,2041,2051
2033,2034,2021,2024,2031,2093,2047,2039
2021,2021,2013,2014,2011,2106,2035,2017
2028,2026,2017,2020,2001,2101,2044,2014
2036,2033,2025,2029,1990,2102,2042,2015
2030,2032,2022,2030,1996,2060,2040,2018
2031,2026,2022,2034,2006,2018,2044,2024
2033,2035,2038,2048,2046,2004,2044,2030
2046,2037,2042,2063,2073,2001,2054,2033
2048,2036,2052,2064,2073,2011,2049,2030
2045,2044,2054,2060,2061,2006,2049,2035
2047,2043,2042,2050,2059,2018,2036,2029
2043,2034,2023,2046,2077,2036,2038,2017
2044,2034,2015,2050,2087,2048,2059,2030
2046,2050,2034,2058,2083,2054,2059,2031
2052,2052,2046,2047,2066,2044,2053,2044
2052,2058,2043,2043,2058,2053,2048,2042
2061,2063,2049,2052,2060,2081,2053,2044
2060,2058,2056,2058,2055,2117,2044,2043
2055,2051,2045,2057,2042,2120,2061,2061
2055,2049,2049,2062,2038,2057,2045,2065
2047,2045,2062,2060,2000,1973,2047,2060
2048,2060,2067,2050,1951,1980,2038,2059
2047,2052,2060,2038,1964,2015,2052,2060
2043,2055,2067,2036,2000,2026,2060,2062
2044,2055,2065,2034,2020,2032,2031,2066
2044,2053,2061,2043,2075,2048,2057,2061
2032,2046,2058,2043,2079,2039,2040,2061
2028,2043,2042,2033,2074,2035,2031,2064
2021,2039,2035,2018,2071,2023,2046,2060
2030,2035,2040,2033,2076,2029,2046,2055
2036,2044,2039,2032,2073,2032,2039,2056
2039,2046,2036,2027,2066,2041,2055,2056
2043,2039,2034,2016,2056,2074,2053,2058
2052,2042,2034,2014,2058,2076,2066,2042
2047,2045,2037,2019,2062,2054,2039,2027
2037,2051,2030,2010,2058,2044,2025,2014
2026,2045,2027,2008,2052,2046,2036,2015
2031,2046,2029,2016,2048,2056,2054,2033
2042,2052,2034,2020,2059,2066,2055,2042
2036,2044,2035,2022,2061,2075,2054,2034
2041,2043,2037,2028,2045,2077,2038,2032
2044,2046,2046,2021,2034,2063,2055,2030
2045,2058,2044,2016,2008,2050,2049,2028
2038,2046,2046,2012,2001,2036,2048,2005
2038,2042,2040,2003,1998,2027,2046,2005
2032,2037,2039,2004,2021,2031,2047,2008
2031,2046,2043,2027,2058,2031,2058,2021
2045,2045,2055,2043,2088,2040,2069,2028
2055,2052,2058,2050,2088,2044,2074,2034
2052,2046,2056,2045,2083,2052,2071,2035
2047,2044,2057,2038,2075,2058,2060,2041
2043,2041,2059,2038,2073,2043,2042,2046
2054,2045,2063,2033,2062,2043,2056,2055
2058,2046,2063,2033,2062,2044,2075,2062
2051,2039,2059,2022,2060,2041,2071,2049
2041,2040,2052,2031,2053,2035,2067,2050
2036,2046,2047,2025,2048,2030,2073,2055
2029,2052,2054,2030,2039,2028,2055,2053
2039,2052,2060,2025,2031,2034,2070,2060
2039,2050,2046,2024,2022,2022,2055,2055
2025,2043,2043,2022,2026,2018,2058,2057
2030,2055,2045,2022,2025,2035,2062,2059
2036,2056,2042,2025,2016,2038,2060,2063
2046,2060,2052,2024,2017,2031,2060,2060
2054,2058,2046,2029,2022,2030,2051,2054
2049,2055,2047,2028,2021,2041,2056,2040
2045,2047,2051,2030,2022,2058,2061,2032
2041,2050,2048,2031,2023,2068,2073,2019
2041,2048,2047,2029,2023,2062,2057,2020
2040,2042,2036,2023,2045,2057,2054,2013
2041,2042,2037,2026,2059,2065,2059,2023
2046,2038,2039,2028,2061,2068,2065,2034
2051,2035,2037,2031,2065,2067,2061,2023
2053,2032,2034,2032,2063,2054,2065,2030
2055,2036,2033,2034,2076,2064,2060,2015
2036,2024,2031,2032,2070,2061,2063,2005
2015,2013,2028,2030,2066,2058,2056,2004
2013,2022,2032,2036,2065,2051,2059,2013
2012,2028,2031,2041,2065,2052,2046,2005
2024,2031,2040,2040,2067,2040,2044,2018
2036,2042,2042,2049,2063,2027,2037,2021
2042,2054,2046,2046,2057,2021,2019,2031
2044,2054,2045,2040,2056,2030,2041,2028
2041,2049,2047,2044,2055,2044,2052,2041
2050,2045,2049,2045,2053,2051,2055,2050
2052,2049,2055,2042,2064,2060,2066,2058
2058,2054,2057,2049,2064,2059,2054,2068
2047,2051,2057,2051,2058,2058,2050,2066
2039,2047,2055,2045,2057,2051,2050,2064
2044,2044,2049,2038,2036,2071,2048,2064
2046,2041,2048,2036,2043,2070,2013,2060
2040,2039,2043,2034,2037,2051,2002,2063
2035,2043,2043,2039,2033,2036,2002,2061
2040,2050,2052,2042,2038,2026,2036,2059
2051,2045,2048,2040,2019,2009,2033,2044
2042,2048,2046,2028,2012,2005,2032,2025
2041,2047,2045,2029,2020,2027,2040,2034
2049,2053,2050,2037,2034,2057,2064,2040
2056,2052,2047,2034,2037,2058,2062,2031
2056,2062,2049,2036,2037,2051,2057,2032
2052,2056,2045,2039,2044,2058,2056,2035
2057,2056,2041,2042,2048,2060,2067,2028
2060,2062,2043,2042,2045,2058,2063,2030
2058,2057,2042,2037,2044,2048,2053,2023
2052,2052,2036,2038,2044,2037,2065,2020
2051,2049,2037,2038,2040,2035,2065,2016
2049,2043,2038,2032,2032,2021,2057,2018
2048,2039,2033,2028,2026,2006,2040,2012
2041,2026,2028,2026,2017,2015,2041,2014
2035,2036,2040,2035,2030,2040,2058,2029
2048,2053,2040,2043,2041,2048,2061,2037
2050,2053,2044,2048,2044,2045,2063,2041
2049,2056,2046,2045,2044,2033,2045,2039
2054,2057,2052,2045,2025,2019,2053,2039
2048,2052,2062,2045,1990,2013,2062,2035
2045,2050,2062,2041,2018,1997,2027,2037
2046,2049,2055,2034,2018,1988,2036,2045
2045,2048,2049,2033,2021,1992,2029,2052
2048,2054,2053,2047,2046,2001,2033,2066
2053,2056,2058,2057,2064,2014,2062,2072
2052,2058,2054,2059,2081,2027,2064,2070
2054,2055,2058,2069,2089,2033,2047,2070
2053,2046,2059,2053,2035,2029,2045,2054
2038,2030,2047,2019,1948,2038,2037,2043
2029,2026,2043,2012,1963,2076,2044,2049
2029,2027,2039,2013,1991,2120,2034,2050
2037,2036,2039,2016,2002,2133,2058,2054
2043,2049,2046,2044,2056,2086,2060,2066
2049,2055,2056,2064,2079,2051,2059,2066
2056,2049,2057,2064,2088,2068,2060,2052
2052,2040,2054,2055,2071,2084,2065,2041
2049,2042,2048,2052,2061,2078,2070,2034
2057,2039,2041,2035,2040,2069,2060,2025
2052,2040,2041,2035,2051,2073,2068,2027
2047,2031,2036,2038,2053,2074,2061,2024
2040,2037,2032,2031,2046,2087,2047,2027
2049,2046,2041,2035,2050,2095,2037,2024
2052,2041,2044,2031,2053,2104,2052,2036
2058,2046,2040,2029,2059,2099,2054,2036
2066,2057,2051,2034,2098,2081,2048,2028
2056,2051,2049,2034,2121,2034,2036,2030
2057,2043,2049,2044,2144,2010,2046,2042
2064,2060,2057,2053,2152,2017,2062,2041
2063,2061,2052,2054,2157,2028,2063,2044
2059,2056,2060,2056,2149,2031,2048,2048
2060,2052,2055,2057,2130,2021,2054,2046
2060,2045,2052,2052,2103,2022,2061,2047
2054,2042,2056,2046,2073,2030,2069,2052
2055,2046,2049,2030,1963,2044,2062,2048
2049,2035,2038,2010,1850,2052,2064,2045
2037,2030,2039,2008,1860,2060,2051,2042
2036,2038,2039,2012,1885,2051,2047,2060
2039,2038,2041,2017,1924,2024,2036,2064
2039,2035,2040,2031,1970,2020,2048,2062
2034,2032,2047,2049,2028,2035,2053,2075
2033,2035,2052,2068,2044,2049,2040,2075
2036,2021,2050,2071,2054,2074,2050,2077
2039,2026,2054,2078,2053,2083,2048,2077
2045,2035,2041,2079,2048,2095,2052,2069
2051,2025,2028,2071,2017,2086,2042,2064
2041,2027,2015,2073,1990,2083,2040,2054
2038,2030,2020,2074,1995,2074,2051,2054
2036,2034,2025,2082,2007,2070,2045,2050
2035,2037,2033,2079,2012,2066,2063,2053
2041,2032,2034,2066,2001,2048,2055,2041
2043,2032,2023,2047,1989,2033,2044,2029
2043,2036,2023,2039,1962,2022,2036,2022
2047,2050,2035,2042,1972,2014,2044,2013
2054,2060,2051,2044,2010,2002,2044,2015
2060,2058,2050,2039,2029,1969,2049,2024
2061,2058,2042,2040,2051,1983,2060,2035
2065,2056,2037,2033,2072,2030,2051,2032
2044,2042,2015,2020,2065,2085,2072,2025
2045,2039,2014,2025,2113,2134,2072,2020
2044,2047,2016,2046,2159,2131,2062,2021
2049,2048,2026,2052,2169,2099,2069,2032
2055,2044,2034,2059,2118,2081,2071,2036
2058,2047,2043,2058,2092,2064,2072,2051
2067,2056,2047,2064,2138,2047,2066,2060
2057,2047,2035,2034,2056,2038,2052,2045
2050,2035,2026,2018,1975,2028,2044,2040
2049,2034,2029,2018,1989,2012,2030,2048
2044,2035,2039,2026,2000,2002,2020,2053
2045,2029,2044,2035,2018,1997,2040,2058
2045,2035,2051,2047,2053,2017,2056,2058
2043,2041,2071,2040,2022,2036,2070,2069
2056,2046,2069,2017,1959,2036,2075,2068
2064,2047,2067,2005,1970,2027,2061,2065
2050,2027,2059,2013,2005,2034,2054,2058
2042,2033,2071,2039,2063,2052,2066,2061
2045,2040,2069,2048,2125,2064,2068,2056
2046,2044,2066,2053,2152,2081,2063,2056
2043,2036,2050,2053,2159,2085,2068,2054
2046,2036,2044,2051,2178,2101,2057,2049
2050,2044,2048,2057,2180,2108,2062,2038
2045,2048,2058,2064,2186,2111,2055,2034
2043,2056,2066,2086,2209,2135,2083,2036
2045,2052,2071,2095,2203,2146,2093,2044
2049,2061,2076,2086,2118,2122,2083,2053
2061,2076,2082,2071,2025,2075,2072,2043
2067,2082,2084,2037,1932,2004,2067,2039
2052,2066,2067,2001,1797,1953,2060,2034
2052,2064,2061,2006,1842,1970,2056,2031
2052,2053,2054,2017,1908,1997,2047,2028
2041,2043,2042,2016,1953,2024,2063,2022
2042,2041,2051,2035,2004,2041,2066,2026
2050,2052,2057,2045,2031,2026,2058,2035
2058,2053,2059,2051,2027,2008,2054,2043
2065,2049,2047,2042,1996,1976,2044,2038
2058,2037,2040,2046,1983,1988,2058,2051
2058,2038,2046,2052,1982,2010,2067,2056
2061,2056,2061,2053,1992,2025,2060,2067
2072,2076,2073,2062,2039,2030,2072,2075
2078,2071,2084,2080,2064,2034,2067,2078
2067,2061,2073,2080,2057,2036,2055,2078
2062,2059,2069,2070,2022,2034,2043,2076
2052,2047,2064,2056,1982,1996,2047,2074
2055,2044,2058,2039,1973,1983,2030,2064
2050,2037,2050,2025,1924,1962,2028,2064
2046,2040,2037,2015,1910,1952,2012,2060
2029,2026,2020,2001,1919,1996,2021,2054
2036,2029,2019,2003,1942,2045,2036,2071
2049,2046,2041,2042,2003,2067,2059,2063
2045,2055,2052,2083,2142,2093,2064,2059
2048,2056,2059,2092,2197,2099,2080,2063
2056,2064,2050,2092,2180,2086,2063,2053
2060,2055,2051,2101,2145,2068,2067,2044
2054,2058,2074,2108,2120,2069,2051,2040
2044,2051,2082,2106,2086,2076,2053,2031
2047,2044,2078,2098,2036,2073,2048,2031
2048,2041,2072,2089,2036,2058,2056,2034
2052,2044,2078,2085,2089,2064,2066,2036
2066,2054,2084,2102,2124,2103,2054,2051
2060,2054,2088,2120,2123,2121,2069,2044
2060,2057,2090,2123,2102,2128,2085,2037
2062,2052,2073,2106,2065,2093,2059,2030
2051,2044,2061,2088,2003,2030,2026,2027
2043,2036,2064,2086,2009,2021,2034,2026
2054,2037,2060,2085,2032,2018,2040,2031
2055,2027,2056,2067,2081,2026,2047,2033
2041,2024,2046,2054,2096,2025,2050,2037
2028,2022,2039,2035,2034,2005,2039,2040
2034,2033,2041,2034,2008,2020,2051,2049
2037,2042,2052,2054,2025,2040,2036,2051
2037,2040,2045,2050,2018,2034,2036,2060
2042,2043,2040,2048,2043,2038,2042,2084
2055,2049,2022,2034,2068,2059,2061,2098
2069,2054,2010,2014,2014,2053,2073,2095
2060,2051,2009,1989,1891,2045,2060,2092
2047,2041,2011,1995,2009,2077,2076,2097
2052,2053,2014,1994,2068,2094,2081,2107
2063,2050,2021,1978,2037,2086,2084,2099
2056,2045,2020,1973,2080,2083,2058,2096
2056,2047,2021,1970,2074,2076,2063,2095
2059,2041,2021,1981,2115,2079,2056,2086
2051,2052,2032,2016,2166,2096,2042,2076
2057,2063,2043,2033,2139,2062,2024,2047
2054,2070,2064,2052,2107,2038,1997,2036
2067,2080,2076,2057,2103,2043,1994,2037
2064,2078,2082,2074,2072,2047,2040,2037
2062,2062,2064,2065,2063,2044,2015,2029
2047,2058,2063,2066,2068,2054,2025,2029
2048,2055,2071,2056,2016,2057,2039,2021
2049,2049,2067,2034,1964,2073,2033,2007
2027,2031,2049,2011,1998,2090,2027,1996
2020,2028,2051,2035,2061,2076,2030,2009
2040,2041,2069,2060,2052,2046,2054,2023
2044,2043,2080,2067,2016,2020,2048,2022
2051,2047,2080,2070,2010,1961,2050,2026
2054,2055,2073,2059,1990,1954,2049,2028
2052,2045,2065,2052,1988,1973,2028,2021
2054,2038,2055,2054,2041,2000,2044,2021
2048,2040,2043,2058,2067,2013,2050,2019
2043,2043,2045,2047,2050,2017,2044,2021
2051,2041,2040,2037,2042,2015,2050,2032
2047,2047,2047,2034,2060,2012,2044,2045
2046,2047,2045,2039,2090,2021,2040,2058
2052,2051,2048,2049,2111,2030,2050,2069
2055,2052,2052,2060,2126,2036,2053,2070
2050,2054,2055,2070,2127,2041,2060,2074
2045,2045,2046,2064,2107,2037,2064,2083
2048,2040,2037,2061,2069,2033,2058,2073
2046,2032,2035,2047,2036,2036,2059,2068
2032,2017,2018,2029,2014,2033,2054,2071
2039,2020,2022,2017,2005,2039,2062,2077
2054,2038,2035,2026,2025,2072,2083,2089
2069,2046,2038,2041,2034,2078,2085,2093
2069,2049,2034,2040,2016,2063,2092,2082
2061,2048,2031,2028,1981,2040,2060,2061
2054,2040,2033,2025,1978,2033,2065,2043
2043,2038,2026,2034,2021,2041,2070,2028
2031,2030,2025,2035,2028,2028,2053,2025
2036,2028,2026,2048,2047,2035,2056,2019
2044,2046,2056,2078,2083,2069,2066,2026
2054,2065,2070,2088,2108,2109,2076,2037
2064,2061,2072,2073,2080,2111,2076,2039
2058,2062,2068,2072,2097,2077,2053,2027
2050,2057,2053,2052,2088,2021,2046,2015
2049,2047,2054,2044,2044,2052,2049,2023
2050,2039,2062,2040,1989,2077,2058,2018
2036,2030,2072,2039,1974,2062,2042,2020
2038,2039,2075,2062,2019,2026,2056,2049
2065,2049,2082,2073,2063,2006,2067,2060
2062,2048,2075,2080,2105,2023,2060,2051
2062,2046,2059,2070,2116,2045,2064,2046
2047,2045,2058,2068,2103,2039,2060,2044
2047,2051,2058,2077,2123,2041,2060,2056
2043,2057,2068,2088,2134,2054,2066,2067
2058,2069,2075,2083,2068,2066,2078,2071
2065,2060,2059,2056,1966,2066,2066,2074
2056,2050,2049,2051,2028,2067,2063,2073
2060,2034,2049,2053,2059,2058,2066,2074
2058,2034,2038,2042,2037,2064,2056,2083
2053,2041,2044,2046,2056,2100,2069,2087
2060,2056,2048,2066,2178,2146,2060,2088
2067,2056,2044,2072,2239,2182,2067,2085
2082,2054,2047,2050,2189,2166,2060,2071
2068,2057,2051,2016,2104,2100,2046,2051
2043,2054,2048,2011,2123,2042,2038,2039
2037,2055,2053,2021,2160,1984,2046,2045
2047,2056,2049,2017,2012,1929,2047,2047
2048,2053,2049,2042,1991,1943,2050,2044
2062,2056,2051,2072,1984,1988,2043,2041
2069,2058,2054,2077,1929,2028,2049,2038
2067,2060,2055,2103,2040,2077,2044,2036
2061,2064,2059,2107,2080,2082,2039,2042
2058,2064,2058,2092,2089,2056,2038,2026
2041,2057,2054,2070,2083,2055,2032,2022
2037,2047,2044,2051,2022,2054,2040,2020
2040,2037,2035,2033,1961,2054,2055,2022
2044,2033,2039,2026,2006,2054,2041,2020
2041,2029,2026,2026,2016,2053,2047,2032
2054,2032,2035,2034,2029,2058,2035,2035
2058,2046,2046,2047,2022,2057,2033,2044
2062,2044,2045,2051,2024,2062,2057,2043
2067,2040,2046,2054,2016,2071,2051,2046
2074,2050,2041,2046,2002,2065,2070,2061
2081,2048,2039,2048,1973,2071,2072,2052
2068,2030,2026,2039,1941,2061,2071,2040
2052,2024,2017,2040,1950,2056,2063,2039
2037,2020,2021,2051,1966,2051,2070,2058
2044,2028,2022,2031,1955,2031,2052,2070
2041,2033,2011,1996,1979,2015,2029,2073
2042,2031,2007,2023,2111,2045,2023,2074
2037,2038,2019,2051,2139,2037,2005,2058
2032,2045,2022,2060,2112,2016,1995,2055
2046,2053,2028,2076,2134,2037,2006,2068
2044,2031,2021,2071,2140,2069,2022,2075
2049,2019,2010,2069,2149,2085,2033,2071
2045,2026,2018,2081,2151,2102,2041,2065
2036,2024,2032,2095,2166,2110,2071,2049
2028,2037,2038,2091,2138,2069,2037,2040
2037,2039,2043,2079,2075,2036,2028,2037
2033,2026,2042,2039,1958,2022,2026,2043
2033,2022,2044,2008,1867,1999,2008,2045
2048,2042,2062,2024,1946,1997,2034,2042
2041,2069,2081,2052,2043,2015,2047,2036
2055,2073,2094,2091,2147,2060,2041,2037
2052,2058,2085,2103,2189,2071,2033,2034
2043,2050,2077,2102,2200,2076,2037,2031
2050,2047,2071,2101,2208,2073,2045,2027
2040,2041,2056,2077,2157,2048,2037,2030
2038,2038,2058,2068,2094,2054,2041,2032
2041,2043,2063,2075,2079,2077,2042,2036
2050,2044,2063,2079,2060,2090,2058,2055
2057,2050,2044,2060,1988,2071,2061,2056
2053,2027,2025,2030,1910,2028,2048,2048
2048,2017,2009,2014,1864,1995,2045,2046
2044,2023,2015,2025,1848,1988,2039,2032
2030,2027,2032,2051,1899,2013,2030,2033
2022,2031,2045,2066,1986,2042,2042,2038
2031,2043,2063,2077,2051,2056,2046,2050
2034,2053,2075,2093,2103,2056,2054,2060
2048,2062,2086,2098,2089,2058,2064,2072
2053,2070,2089,2089,2131,2073,2058,2077
2056,2056,2093,2091,2224,2096,2065,2079
2048,2049,2091,2079,2185,2093,2055,2065
2040,2044,2087,2084,2197,2081,2055,2071
2045,2044,2089,2091,2201,2078,2054,2070
2053,2039,2085,2089,2153,2049,2049,2083
2063,2044,2083,2090,2059,2009,2030,2075
2038,2041,2071,2090,2037,2014,2018,2049
2017,2038,2059,2065,1999,2030,2010,2038
2018,2038,2056,2028,1881,2032,2022,2040
2029,2044,2062,2018,1860,2036,2025,2042
2040,2064,2066,2009,1868,2039,2046,2049
2068,2089,2071,2027,1953,2045,2052,2057
2070,2087,2059,2017,1970,2049,2061,2052
2065,2077,2043,2008,1939,2036,2066,2047
2064,2070,2037,2023,2081,2061,2070,2047
2065,2067,2038,2043,2243,2087,2070,2035
2060,2069,2035,2034,2244,2092,2070,2046
2066,2077,2048,2043,2168,2101,2090,2062
2074,2085,2064,2037,2068,2112,2085,2060
2073,2077,2059,2000,1895,2090,2064,2045
2056,2056,2028,1967,1873,2079,2037,2024
2045,2038,2018,2003,2039,2097,2040,2027
2051,2038,2023,2020,1908,2051,2043,2027
2046,2041,2019,2016,1895,2029,2037,2015
2037,2023,2013,2021,1941,2025,2031,2019
2045,2025,2009,2036,2022,2020,2028,2025
2060,2040,2032,2069,2168,2024,2018,2034
2071,2062,2046,2111,2254,2001,2010,2046
2071,2064,2062,2111,2224,2006,2005,2046
2058,2055,2078,2099,2145,2013,2028,2039
2056,2060,2086,2078,2062,2022,2029,2043
2049,2063,2084,2078,2039,2038,2030,2050
2043,2051,2073,2078,2050,2048,2045,2059
2027,2054,2061,2072,2070,2064,2047,2054
2006,2045,2059,2078,2104,2080,2044,2050
2007,2053,2054,2092,2124,2081,2017,2051
2026,2040,2042,2091,2145,2084,2028,2073
2052,2035,2034,2077,2125,2076,2036,2084
2063,2060,2043,2081,2118,2081,2039,2064
2059,2053,2043,2080,2079,2054,2032,2056
2048,2057,2052,2073,2027,2017,2036,2048
2031,2056,2043,2062,1990,2001,2036,2030
2024,2049,2034,2043,1974,1997,2031,2027
2032,2053,2026,2029,1976,2004,2037,2034
2033,2059,2030,2036,2025,2024,2046,2047
2051,2065,2036,2043,2090,2036,2059,2035
2053,2059,2026,2035,2115,2049,2037,2038
2052,2054,2011,2033,2114,2058,2047,2042
2047,2053,2020,2045,2078,2064,2045,2039
2056,2070,2049,2061,2036,2064,2042,2039
2057,2078,2066,2079,2085,2075,2041,2039
2056,2070,2066,2082,2106,2082,2062,2048
2051,2052,2059,2063,2086,2089,2080,2053
2048,2049,2048,2043,2065,2097,2080,2060
2056,2053,2052,2027,2024,2090,2080,2066
2061,2051,2050,2009,1963,2074,2065,2065
2059,2040,2040,1984,1874,2056,2067,2062
2063,2029,2033,1990,1906,2038,2063,2066
2056,2029,2030,2011,1976,2037,2042,2050
2052,2023,2035,2047,2101,2065,2042,2057
2047,2033,2039,2060,2102,2087,2058,2057
2051,2042,2052,2058,1979,2083,2068,2048
2031,2037,2056,2034,1864,2044,2033,2039
2013,2033,2046,1995,1809,2006,2028,2048
2035,2043,2049,1998,1877,1992,2034,2057
2036,2046,2046,2025,1974,2012,2051,2058
2038,2049,2042,2050,2025,2042,2069,2070
2032,2051,2049,2053,2027,2040,2035,2067
2034,2044,2044,2043,2025,2045,2047,2064
2027,2034,2046,2049,2094,2071,2050,2070
2036,2038,2046,2067,2171,2110,2065,2077
2043,2037,2048,2064,2156,2124,2082,2074
2052,2044,2050,2068,2130,2076,2088,2081
2057,2050,2053,2072,2102,2045,2086,2082
2057,2043,2048,2055,2059,2056,2089,2069
2048,2036,2052,2033,1957,2025,2061,2032
2035,2032,2051,2016,2024,1994,2038,2012
2022,2038,2061,2034,2073,2013,2024,2012
2035,2063,2077,2072,2060,2056,2042,2022
2043,2067,2082,2096,2118,2096,2041,2025
2043,2061,2072,2107,2216,2101,2033,2024
2032,2047,2057,2105,2312,2050,2016,2012
2024,2032,2042,2073,2237,1993,1996,2009
2018,2024,2042,2051,2022,1990,2024,2017
2027,2022,2031,2024,1865,1995,2032,2010
2024,2018,2029,2037,1944,2015,2037,2015
2023,2032,2050,2060,2043,2043,2047,2006
2029,2046,2051,2065,2091,2043,2043,2002
2030,2040,2044,2051,2108,2039,2047,2012
2039,2034,2024,2033,2099,2027,2040,2024
2049,2030,2016,2032,2131,2055,2055,2042
2060,2044,2025,2037,2130,2060,2054,2051
2064,2057,2031,2037,2098,2052,2056,2044
2051,2058,2025,2030,2010,2029,2029,2045
2041,2049,2025,2037,2024,2002,2042,2056
2043,2054,2032,2070,2132,1999,2048,2062
2048,2050,2034,2071,2143,2016,2041,2075
2065,2041,2025,2051,2114,2025,2031,2078
2057,2048,2023,2041,2077,2020,2035,2081
2070,2056,2032,2042,2055,2022,2032,2074
2074,2057,2039,2016,1929,2015,2028,2062
2073,2040,2027,2017,1956,2023,2039,2052
2050,2024,2020,2027,1979,2056,2046,2044
2032,2030,2022,2033,1979,2072,2034,2036
2011,2033,2026,2040,2016,2077,2048,2037
2003,2027,2026,2044,2078,2058,2058,2047
2021,2030,2031,2046,2094,2044,2067,2065
2042,2057,2040,2068,2150,2073,2078,2057
2047,2050,2040,2073,2144,2084,2075,2043
2038,2042,2035,2054,2090,2084,2046,2032
2030,2041,2032,2040,2027,2071,2043,2029
2046,2047,2036,2027,2002,2059,2051,2024
2038,2046,2030,2016,1907,2064,2041,2012
2026,2032,2020,2023,1942,2051,2039,2025
2034,2029,2031,2051,2056,2058,2052,2039
2042,2037,2035,2059,2056,2062,2058,2044
2047,2037,2039,2053,2101,2068,2069,2023
2046,2036,2035,2056,2134,2082,2071,2034
2054,2052,2049,2052,2110,2079,2071,2034
2060,2067,2052,2056,2054,2047,2068,2030
2048,2058,2043,2048,1968,2048,2054,2037
2044,2049,2045,2055,1952,2097,2061,2037
2045,2061,2058,2075,2007,2128,2071,2049
2055,2071,2069,2083,2042,2133,2089,2059
2056,2064,2060,2079,2051,2106,2060,2062
2067,2066,2062,2054,2005,2041,2046,2061
2058,2066,2055,2043,1960,2004,2036,2068
2056,2061,2054,2052,1937,1981,2029,2071
2043,2049,2047,2047,1913,1980,2043,2069
2042,2044,2048,2027,1957,2023,2057,2064
2054,2049,2052,2032,2005,2054,2056,2066
2059,2042,2048,2046,2051,2047,2054,2075
2057,2037,2044,2049,2005,2021,2053,2076
2050,2031,2043,2045,1980,2022,2043,2063
2038,2034,2044,2054,2066,2022,2038,2061
2041,2048,2050,2068,2149,2033,2056,2070
2045,2051,2056,2075,2181,2045,2052,2060
2040,2052,2058,2086,2166,2037,2048,2051
2026,2056,2057,2086,2172,2042,2037,2044
2037,2060,2071,2100,2231,2062,2049,2049
2043,2061,2056,2110,2311,2072,2046,2041
2039,2037,2042,2115,2365,2092,2048,2036
2033,2037,2035,2113,2340,2082,2056,2027
2033,2040,2040,2101,2213,2069,2036,2017
2024,2036,2029,2052,2014,2055,2045,2018
2024,2025,2022,2017,1891,2037,2047,2019
2022,2032,2019,2014,1953,2031,2044,2023
2038,2044,2014,1991,1787,2006,2037,2019
2046,2042,2012,1968,1698,1988,2029,2012
2044,2030,2005,1985,1810,2013,2021,2007
2024,2025,2000,2000,1886,2044,2001,2000
2028,2034,2014,2012,1889,2033,2023,2016
2038,2045,2022,2031,1918,1994,2040,2022
2032,2047,2025,2054,2032,2017,2057,2030
2031,2041,2020,2071,2145,2051,2061,2026
2034,2028,2019,2069,2193,2078,2047,2030
2045,2035,2028,2076,2182,2080,2055,2044
2048,2037,2035,2080,2179,2056,2047,2054
2066,2046,2046,2060,2133,2038,2056,2063
2070,2053,2050,2085,2140,2055,2050,2070
2064,2054,2050,2100,2137,2077,2068,2068
2046,2050,2057,2088,2100,2085,2052,2048
2019,2044,2064,2076,2055,2098,2046,2042
2015,2033,2077,2081,2051,2130,2047,2050
2020,2035,2086,2099,2129,2170,2061,2056
2037,2054,2097,2094,2156,2156,2047,2058
2031,2040,2062,2046,2046,2030,2001,2049
2025,2026,2046,2012,1996,1940,1996,2049
2014,2030,2050,2017,2036,1979,2014,2055
2025,2047,2061,2019,1968,2021,2045,2062
2045,2070,2080,2042,1925,2048,2048,2071
2055,2075,2078,2064,2008,2055,2039,2061
2050,2068,2063,2052,2063,2035,2023,2051
2048,2052,2046,2043,2106,2027,2010,2034
2031,2053,2042,2037,2099,2027,2010,2029
2041,2057,2042,2038,2077,2029,2012,2022
2036,2064,2051,2039,2089,2040,2016,2017
2046,2064,2055,2051,2152,2056,2037,2035
2052,2067,2058,2068,2177,2057,2036,2036
2050,2057,2052,2063,2170,2070,2029,2038
2046,2054,2043,2052,2144,2064,2034,2041
2050,2054,2047,2054,2126,2054,2053,2038
2043,2050,2042,2044,2069,2055,2053,2034
2044,2035,2038,2032,1960,2050,2057,2038
2044,2046,2044,2038,1962,2070,2064,2034
2040,2054,2048,2052,1978,2070,2052,2016
2032,2051,2049,2049,1991,2044,2039,2007
2012,2045,2052,2040,1997,2028,2003,1995
2008,2044,2060,2041,2002,2015,2018,2020
2019,2054,2066,2044,2011,1995,2045,2054
2039,2059,2065,2056,2050,2015,2069,2061
2051,2056,2061,2050,2038,2035,2043,2066
2062,2056,2052,2044,2040,2064,2033,2057
2046,2059,2053,2058,2074,2089,2053,2061
2045,2059,2052,2056,2075,2075,2057,2054
2037,2046,2039,2030,1995,2003,2020,2046
2031,2038,2034,2040,2043,1990,2010,2046
2027,2022,2028,2046,2083,1986,1992,2054
2016,2011,2018,2052,2077,1991,1998,2057
2010,2026,2039,2063,2043,1974,1997,2058
2024,2060,2076,2087,2035,1977,2001,2068
2038,2070,2069,2093,2047,1978,2020,2055
2036,2061,2058,2085,2060,1987,2019,2048
2034,2054,2056,2088,2075,2009,2033,2041
2037,2058,2059,2085,2074,2030,2021,2036
2035,2048,2061,2082,2086,2054,2044,2019
2038,2045,2063,2093,2095,2068,2032,2024
2039,2049,2066,2092,2093,2070,2033,2029
2043,2056,2064,2089,2090,2053,2033,2030
2044,2055,2062,2088,2074,2030,2036,2020
2046,2057,2061,2074,2065,2033,2028,2015
2059,2062,2061,2075,2064,2047,2033,2016
2049,2076,2070,2083,2080,2057,2043,2023
2042,2075,2066,2091,2088,2063,2049,2023
2034,2055,2059,2083,2069,2050,2042,2020
2045,2050,2052,2072,2129,2042,2053,2033
2057,2050,2050,2068,2171,2055,2040,2039
2069,2052,2043,2063,2195,2069,2047,2045
2063,2053,2038,2068,2205,2081,2036,2027
2045,2050,2043,2074,2204,2103,2048,2018
2033,2054,2046,2074,2182,2114,2048,2014
2028,2054,2041,2050,2101,2089,2045,2025
2024,2053,2028,2018,1989,2041,2036,2032
2026,2061,2029,2034,2035,2039,2039,2050
2044,2065,2044,2068,2085,2052,2037,2058
2045,2065,2050,2075,2081,2041,2021,2058
2038,2058,2047,2055,2005,2029,2014,2052
2037,2059,2048,2048,1989,2056,2008,2056
2038,2064,2047,2046,2024,2114,2037,2060
2040,2057,2036,2046,2059,2135,2044,2063
2036,2052,2033,2037,2050,2130,2045,2066
2040,2041,2034,2031,2030,2104,2028,2062
2051,2054,2043,2040,2031,2069,2041,2071
2049,2060,2049,2056,2058,2046,2021,2064
2044,2046,2046,2054,2038,2051,2046,2052
2043,2058,2053,2063,2037,2050,2035,2041
2046,2058,2058,2059,2027,2045,2027,2022
2033,2048,2043,2048,2025,2041,2028,2023
2022,2038,2033,2042,2011,2020,2025,2011
2019,2035,2037,2047,2027,2002,2014,2011
2024,2052,2046,2062,2060,2013,2024,2018
2036,2066,2059,2071,2061,2030,2051,2023
2044,2069,2055,2072,2025,2025,2053,2026
2046,2055,2045,2067,2014,2026,2047,2014
2042,2043,2037,2063,2013,2040,2050,2024
2040,2047,2042,2056,2026,2046,2049,2020
2041,2043,2038,2057,2028,2043,2055,2014
2045,2053,2068,2089,2064,2067,2052,2020
2055,2067,2097,2100,2054,2073,2042,2028
2058,2066,2098,2097,1998,2072,2043,2041
2068,2066,2097,2099,1992,2079,2042,2033
2049,2056,2079,2076,1941,2042,2027,2011
2039,2040,2061,2082,2058,2039,2039,2027
2043,2045,2063,2128,2187,2067,2056,2039
2052,2043,2047,2123,2115,2029,2051,2039
2051,2032,2030,2089,2035,1997,2042,2036
2041,2025,2014,2060,2002,2003,2051,2037
2032,2022,2017,2068,2097,2017,2030,2025
2022,2032,2026,2072,2075,2029,2043,2039
2039,2056,2045,2083,2059,2046,2049,2057
2051,2060,2045,2088,2091,2031,2033,2068
2046,2048,2036,2082,2088,2003,2037,2073
2037,2025,2016,2066,2065,1998,2037,2059
2010,2005,2002,2051,2059,1992,2030,2049
2016,2015,2017,2059,2064,2004,2037,2064
2034,2026,2029,2065,2052,2031,2048,2061
2044,2046,2038,2075,2083,2044,2056,2058
2060,2054,2040,2076,2125,2046,2060,2060
2053,2051,2035,2068,2082,2010,2047,2044
2052,2045,2034,2067,2021,2012,2050,2042
2056,2055,2043,2080,2003,2038,2066,2041
2058,2063,2054,2082,2027,2064,2067,2014
2045,2066,2066,2081,2036,2073,2054,2007
2035,2066,2058,2064,2040,2062,2053,2022
2038,2045,2038,2045,2031,2053,2038,2033
2048,2046,2025,2037,2030,2042,2023,2036
2049,2048,2025,2037,2022,2029,2047,2037
2053,2051,2043,2039,2006,2016,2033,2026
2051,2055,2049,2040,2001,2021,2010,2019
2051,2056,2059,2042,2020,2028,2002,2011
2052,2058,2048,2037,2035,2030,2013,2024
2056,2060,2052,2050,2065,2024,2055,2032
2071,2065,2052,2054,2083,2022,2047,2041
2062,2060,2034,2037,2081,2027,2053,2042
2060,2050,2017,2018,2037,2017,2061,2042
2054,2046,2009,2004,2006,2012,2067,2042
2049,2040,2019,2014,1995,2011,2036,2048
2059,2046,2036,2012,1994,2002,2054,2055
2056,2047,2034,2022,2005,1998,2046,2052
2046,2041,2039,2025,2013,2008,2029,2050
2043,2043,2043,2030,2037,2032,2034,2048
2038,2047,2048,2036,2043,2058,2030,2048
2036,2043,2039,2042,2055,2103,2037,2053
2024,2045,2048,2066,2089,2112,2038,2062
2024,2041,2046,2066,2087,2098,2054,2065
2022,2039,2036,2054,2072,2087,2071,2072
2041,2056,2044,2043,2047,2074,2046,2068
2061,2077,2060,2043,2029,2075,2068,2074
2065,2097,2066,2046,2026,2093,2072,2067
2060,2088,2066,2048,2046,2111,2082,2070
2057,2080,2062,2071,2103,2119,2098,2062
2056,2070,2057,2079,2102,2098,2071,2043
2047,2053,2052,2068,2047,2040,2060,2030
2051,2056,2049,2063,2027,2016,2036,2019
2054,2051,2042,2056,2050,2023,2039,2010
2040,2049,2036,2052,2057,2028,2028,2010
2051,2041,2038,2052,2061,2019,2030,2010
2058,2052,2057,2066,2059,2028,2040,2017
2055,2063,2070,2076,2058,2026,2032,2021
2054,2059,2062,2079,2084,2026,2019,2013
2038,2054,2059,2089,2120,2034,2021,2022
2054,2050,2062,2096,2123,2061,2038,2032
2066,2058,2065,2096,2126,2074,2061,2040
2064,2051,2056,2095,2115,2065,2054,2045
2058,2052,2053,2094,2100,2067,2061,2039
2043,2051,2046,2081,2062,2061,2061,2025
2032,2047,2039,2041,1846,2039,2064,2020
2033,2044,2041,2042,1886,2051,2047,2036
2046,2047,2044,2053,1919,2025,2039,2054
2061,2052,2046,2046,1926,1993,2028,2060
2060,2052,2039,2032,1963,2001,2050,2064
2060,2060,2046,2032,2030,2027,2063,2053
2045,2054,2039,2022,2039,2030,2049,2045
2036,2043,2029,2016,2068,2058,2057,2045
2037,2053,2049,2050,2139,2089,2059,2052
2044,2059,2063,2074,2150,2110,2047,2058
2030,2043,2043,2048,2080,2088,2035,2056
2035,2036,2030,2041,2037,2033,2024,2057
2040,2043,2029,2042,2037,2018,2014,2045
2044,2044,2025,2043,2027,2016,2014,2042
2058,2052,2029,2045,2037,2024,2007,2036
2045,2048,2035,2054,2086,2036,2030,2042
2052,2057,2051,2073,2101,2049,2022,2042
2041,2054,2051,2068,2085,2051,2029,2030
2037,2053,2046,2065,2061,2045,2032,2025
2037,2050,2042,2065,2083,2050,2054,2019
2036,2047,2044,2065,2115,2055,2048,2011
2029,2040,2043,2061,2115,2053,2047,2008
2036,2051,2045,2062,2105,2049,2054,2011
2041,2053,2045,2055,2096,2047,2058,2015
2041,2046,2030,2051,2080,2051,2040,2015
2036,2036,2018,2039,2041,2034,2042,2009
2031,2042,2018,2032,1923,2016,2032,2006
2042,2051,2018,2044,1935,2034,2041,2012
2056,2047,2028,2052,1963,2063,2048,2016
2047,2037,2012,2047,1975,2075,2041,2018
2037,2036,2018,2041,1955,2074,2051,2012
2037,2031,2027,2034,1955,2046,2054,2018
2045,2052,2034,2039,1975,2002,2051,2029
2053,2053,2041,2062,2032,2023,2054,2035
2042,2055,2045,2067,2032,2058,2055,2042
2050,2047,2039,2064,2029,2078,2064,2049
2047,2044,2034,2048,2017,2076,2061,2054
2039,2035,2032,2041,2007,2033,2051,2059
2046,2022,2032,2050,2052,2021,2058,2063
2046,2021,2025,2059,2089,2045,2063,2075
2058,2038,2032,2065,2105,2073,2070,2077
2052,2044,2050,2068,2123,2092,2073,2078
2057,2043,2052,2048,2107,2069,2059,2063
2039,2025,2045,2036,2076,2041,2036,2059
2035,2036,2049,2021,2060,2029,2042,2063
2026,2037,2058,2025,2080,2037,2037,2063
2029,2060,2079,2036,2062,2039,2034,2058
2047,2068,2087,2023,2006,2024,2039,2049
2055,2068,2088,2032,1973,2022,2041,2049
2057,2073,2100,2046,2021,2039,2044,2040
2060,2078,2108,2057,2054,2051,2048,2042
2060,2076,2107,2068,2060,2047,2052,2035
2057,2080,2101,2065,2061,2043,2057,2040
2065,2079,2097,2073,2036,2047,2074,2041
2073,2077,2098,2074,2041,2052,2060,2044
2078,2070,2090,2069,2052,2055,2061,2041
2077,2067,2082,2070,2061,2051,2061,2034
2073,2061,2072,2062,2047,2041,2055,2030
2059,2048,2056,2043,2014,2031,2047,2024
2052,2050,2053,2039,2013,2029,2055,2032
2062,2052,2056,2052,2029,2043,2052,2028
2054,2053,2066,2056,2023,2052,2066,2027
2045,2065,2075,2064,2030,2065,2071,2043
2062,2076,2091,2072,2039,2071,2057,2042
2070,2076,2094,2086,2078,2069,2031,2034
2064,2056,2089,2091,2101,2065,2052,2031
2060,2042,2074,2080,2097,2048,2041,2043
2063,2037,2070,2076,2120,2063,2059,2043
2046,2029,2064,2087,2119,2088,2056,2044
2033,2022,2067,2088,2092,2089,2058,2050
2028,2040,2079,2094,2114,2101,2074,2059
2018,2048,2080,2102,2140,2106,2069,2058
2020,2058,2071,2101,2126,2102,2071,2068
2043,2066,2072,2100,2062,2085,2071,2063
2044,2056,2045,2078,2044,2072,2060,2064
2040,2045,2028,2066,2032,2051,2062,2062
2043,2043,2029,2068,2040,2017,2062,2065
2046,2040,2033,2064,2040,1986,2064,2056
2037,2038,2034,2060,2030,1985,2053,2055
2034,2034,2026,2050,2017,1990,2040,2046
2025,2041,2035,2057,2035,2015,2047,2036
2031,2047,2033,2058,2055,2057,2038,2054
2047,2061,2040,2060,2067,2089,2056,2048
2059,2062,2036,2060,2069,2094,2056,2044
2055,2049,2023,2051,2065,2072,2026,2034
2052,2046,2023,2033,2051,2067,2058,2042
2056,2050,2026,2037,2048,2052,2040,2036
2056,2057,2039,2050,2043,2043,2031,2030
2066,2062,2046,2056,2044,2035,2040,2040
2062,2065,2051,2056,2044,2037,2061,2031
2055,2060,2047,2057,2032,2031,2016,2028
2036,2045,2034,2058,2018,2011,2011,2028
2035,2042,2036,2051,2014,2027,2046,2040
2051,2043,2035,2042,2023,2039,2054,2053
2063,2050,2038,2026,2015,2041,2058,2052
2074,2054,2037,2019,1993,2028,2047,2053
2072,2062,2038,2023,1972,2029,2051,2049
2065,2059,2041,2025,1976,2033,2044,2045
2061,2060,2038,2024,1984,2043,2040,2038
2051,2054,2043,2032,2005,2040,2059,2043
2043,2056,2057,2047,2011,2046,2060,2062
2047,2058,2068,2048,2009,2058,2053,2067
2051,2056,2076,2062,2055,2058,2051,2058
2045,2056,2079,2071,2111,2050,2042,2062
2033,2045,2071,2067,2154,2059,2046,2070
2042,2047,2058,2072,2168,2091,2051,2082
2044,2041,2044,2062,2142,2096,2056,2077
2040,2023,2027,2053,2120,2098,2037,2076
2029,2028,2028,2047,2111,2111,2040,2073
2034,2038,2025,2034,2143,2152,2036,2067
2043,2043,2030,2027,2124,2165,2048,2069
2052,2050,2040,2027,2079,2113,2037,2071
2068,2066,2049,2031,1970,1982,2013,2067
2073,2071,2061,2036,1934,1942,2023,2045
2060,2066,2062,2049,1977,1976,2024,2037
2054,2064,2062,2062,2040,2027,2037,2046
2046,2056,2065,2066,2095,2065,2040,2042
2053,2058,2072,2048,2034,2046,2042,2034
2044,2055,2070,2032,1965,2042,2062,2030
2047,2052,2062,2033,1951,2031,2053,2033
2050,2035,2057,2038,1988,1999,2037,2040
2038,2030,2048,2036,2009,2009,2049,2036
2033,2016,2038,2025,2038,2028,2024,2016
2021,2002,2025,2029,2055,2040,2026,2016
2033,2018,2041,2050,2064,2062,2055,2021
2046,2046,2055,2066,2076,2065,2056,2032
2051,2040,2052,2064,2065,2075,2058,2037
2051,2052,2060,2069,2030,2081,2066,2044
2055,2060,2050,2046,1956,2058,2042,2041
2048,2054,2034,2029,1920,2067,2034,2043
2050,2048,2019,2022,1889,2072,2020,2041
2052,2043,2014,2045,2000,2056,2039,2044
2051,2043,2021,2071,2110,2038,2050,2066
2063,2064,2036,2100,2122,1997,2049,2085
2063,2057,2033,2103,2081,1998,2051,2081
2063,2045,2026,2102,2111,2038,2059,2078
2056,2038,2006,2077,2066,2052,2059,2074
2041,2022,1992,2042,1971,2056,2045,2073
2037,2012,1982,2014,1890,2042,2052,2070
2037,2014,1992,2039,2006,2042,2062,2080
2041,2025,2032,2082,2081,2038,2050,2054
2026,2041,2047,2088,2071,2039,2058,2037
2028,2029,2046,2096,2095,2043,2064,2065
2044,2016,2023,2084,2079,2041,2063,2076
2058,2024,2011,2070,2065,2058,2074,2079
2066,2044,2031,2072,2082,2068,2075,2066
2068,2060,2032,2070,2106,2079,2049,2042
2068,2057,2037,2069,2094,2080,2030,2029
2059,2056,2033,2056,2030,2052,2026,2028
2061,2051,2029,2042,1996,2028,2018,2029
2051,2041,2017,2026,1989,2008,2013,2034
2049,2036,2022,2026,1999,1971,2025,2026
2058,2043,2050,2027,2020,1988,2035,2021
2055,2058,2065,2020,2050,2030,2040,2030
2057,2058,2073,2016,2068,2035,2049,2033
2041,2046,2068,2000,2056,2034,2042,2034
2038,2044,2067,2002,2059,2047,2049,2042
2054,2060,2078,2014,2063,2055,2056,2047
2061,2062,2070,2017,2067,2050,2060,2047
2062,2055,2062,2031,2054,2046,2057,2046
2078,2044,2062,2047,2052,2048,2063,2060
2076,2037,2054,2057,2044,2047,2058,2056
2066,2030,2049,2058,2042,2049,2056,2047
2064,2031,2048,2064,2033,2050,2064,2051
2059,2039,2047,2072,2023,2041,2072,2051
2045,2030,2034,2065,2024,2035,2063,2062
2050,2043,2031,2064,2009,2024,2054,2071
2062,2046,2029,2061,2038,2032,2061,2089
2063,2042,2019,2068,2063,2036,2070,2089
2068,2034,2010,2069,2102,2035,2051,2089
2059,2023,2002,2068,2107,2046,2058,2076
2055,2032,2013,2066,2101,2039,2054,2067
2050,2035,2019,2064,2101,2032,2052,2073
2052,2038,2028,2050,2097,2026,2043,2072
2052,2039,2039,2031,2082,2037,2040,2065
2055,2044,2030,2004,2047,2047,2057,2057
2051,2041,2026,1982,1900,2027,2058,2052
2055,2046,2030,2002,1915,2053,2068,2052
2063,2057,2043,2040,2015,2080,2082,2049
2075,2054,2029,2037,2050,2083,2078,2040
2070,2043,2015,2043,2058,2078,2077,2033
2061,2036,2012,2035,2057,2067,2073,2027
2043,2024,2024,2028,2037,2052,2049,2020
2026,2018,2024,2028,2018,2039,2039,2027
2032,2042,2076,2042,2023,2035,2048,2036
2053,2072,2122,2057,2032,2038,2046,2037
2055,2082,2146,2054,2039,2028,2056,2029
2053,2077,2146,2056,2031,2026,2048,2022
2051,2073,2132,2061,2037,2038,2034,2047
2064,2071,2109,2067,2083,2049,2040,2051
2077,2057,2089,2057,2095,2051,2044,2040
2070,2057,2095,2059,2104,2060,2070,2042
2067,2066,2110,2064,2131,2072,2048,2051
2064,2070,2117,2081,2126,2085,2068,2053
2073,2084,2128,2099,2120,2079,2062,2056
2071,2075,2113,2093,2081,2060,2065,2056
2067,2070,2101,2085,1965,2046,2064,2052
2057,2070,2113,2091,1934,2030,2059,2059
2052,2068,2143,2119,1978,2051,2074,2069
2054,2068,2171,2126,2031,2062,2063,2063
2053,2072,2177,2124,2056,2066,2065,2068
2052,2075,2156,2109,2074,2065,2057,2069
2052,2056,2112,2095,2060,2051,2047,2052
2036,2038,2100,2085,2034,2031,2028,2040
2036,2035,2114,2079,2018,2024,2044,2053
2053,2045,2106,2086,1996,2027,2062,2058
2052,2044,2077,2077,1973,2007,2057,2054
2058,2043,2059,2066,1959,2012,2045,2050
2058,2046,2026,2073,1958,2014,2036,2049
2055,2052,2016,2086,2010,1996,2017,2045
2051,2057,2006,2085,2049,2001,2040,2039
2044,2047,1986,2058,2052,2024,2034,2023
2032,2027,1948,2008,2046,2046,2023,2015
2030,2013,1947,1987,2068,2070,2058,2017
2042,2037,1978,1996,2079,2077,2062,2031
2053,2054,1996,1975,2072,2070,2060,2032
2059,2060,2013,1972,2062,2068,2071,2047
2074,2086,2037,1980,2048,2061,2050,2054
2076,2084,2057,1970,2023,2044,2051,2043
2059,2068,2053,1962,2010,2031,2041,2035
2058,2072,2073,1962,2014,2033,2034,2037
2065,2093,2111,1963,2011,2048,2042,2045
2080,2101,2124,1983,2011,2053,2051,2056
2073,2101,2117,2000,2033,2064,2070,2054
2073,2088,2092,2004,2053,2059,2077,2055
2076,2080,2075,2024,2056,2056,2084,2054
2072,2073,2074,2036,2056,2053,2072,2065
2075,2073,2076,2044,2048,2049,2091,2066
2075,2072,2076,2040,2045,2054,2084,2075
2069,2071,2070,2039,2050,2058,2054,2072
2072,2068,2061,2036,2050,2064,2037,2078
2060,2056,2059,2031,2028,2093,2063,2080
2064,2057,2048,2025,1990,2101,2069,2086
2065,2045,2037,2014,1961,2100,2047,2084
2053,2043,2043,2011,1939,2088,2044,2067
2045,2028,2039,2018,1927,2035,2028,2067
2043,2028,2041,2021,1949,1969,2006,2062
2040,2031,2044,2032,1980,1969,2028,2073
2049,2044,2046,2056,2056,2035,2056,2061
2045,2044,2040,2061,2102,2079,2058,2063
2063,2049,2037,2064,2141,2105,2058,2059
2064,2048,2032,2057,2105,2094,2047,2054
2054,2048,2024,2052,2070,2057,2050,2043
2054,2048,2026,2055,2041,2001,2049,2041
2046,2045,2030,2059,2034,1995,2058,2042
2048,2051,2034,2051,2046,2009,2064,2041
2055,2056,2033,2055,2055,2038,2066,2044
2053,2045,2020,2049,2056,2060,2072,2038
2053,2035,2010,2028,2016,2054,2070,2034
2054,2031,1990,2003,1981,2045,2042,2038
2044,2028,1988,1998,1987,2021,2066,2042
2053,2037,1995,2009,2034,1981,2065,2036
2054,2049,2005,2040,2102,2000,2049,2041
2054,2058,2033,2071,2135,2027,2066,2048
2065,2068,2044,2064,2061,2036,2038,2037
2070,2053,2024,2040,1997,2029,2051,2031
2070,2045,2028,2035,1951,2016,2046,2036
2076,2050,2043,2041,1924,1993,2041,2036
2076,2049,2050,2052,1940,1948,2032,2040
2069,2052,2055,2089,2029,1944,2042,2047
2077,2054,2049,2121,2108,1995,2045,2055
2072,2046,2032,2144,2156,2051,2064,2056
2049,2040,2037,2148,2178,2096,2069,2063
2040,2038,2015,2145,2166,2128,2076,2073
2048,2032,2007,2142,2134,2105,2067,2075
2040,2010,2009,2134,2117,2091,2066,2072
2037,2024,2037,2141,2111,2086,2057,2073
2037,2043,2075,2130,2086,2059,2047,2059
2035,2042,2094,2122,2065,2046,2049,2061
2027,2045,2093,2110,2041,2041,2047,2064
2035,2048,2084,2091,2021,2040,2054,2069
2037,2027,2064,2053,1980,2018,2061,2068
2042,2031,2073,2041,1966,2006,2065,2065
2046,2053,2096,2044,1950,1998,2070,2068
2047,2071,2107,2058,2011,2039,2076,2061
2061,2075,2099,2052,2062,2085,2067,2061
2062,2076,2082,2030,2033,2115,2078,2046
2055,2066,2072,2004,2002,2114,2066,2032
2055,2074,2086,2010,1998,2105,2054,2037
2054,2080,2105,1988,1988,2101,2032,2034
2058,2075,2096,1949,1944,2028,2054,2034
2062,2072,2081,1945,1969,1986,2048,2042
2066,2073,2069,1962,2035,1999,2036,2043
2062,2055,2058,1970,2046,1984,2026,2035
2048,2041,2046,1991,2069,1983,2036,2041
2061,2056,2068,2047,2108,2025,2064,2057
2073,2075,2074,2079,2135,2056,2069,2063
2074,2064,2071,2097,2168,2080,2081,2064
2068,2056,2063,2102,2174,2083,2072,2066
2058,2051,2067,2109,2206,2091,2075,2064
2058,2065,2077,2120,2203,2096,2058,2072
2068,2067,2078,2116,2205,2072,2048,2076
2081,2066,2071,2087,2146,2017,2044,2076
2077,2048,2050,2033,2017,1988,2042,2086
2070,2046,2046,2018,1968,1994,2044,2072
2056,2045,2036,2003,1895,1992,2046,2072
2049,2050,2022,1971,1868,1989,2038,2044
2028,2049,2024,1977,1903,2005,2043,2052
2039,2055,2027,1983,1925,2020,2066,2068
2051,2060,2029,1992,1956,2032,2055,2076
2047,2050,2007,2011,1981,2039,2055,2077
2054,2047,2005,2036,2029,2036,2057,2078
2068,2058,2023,2056,2071,2030,2052,2074
2056,2059,2029,2055,2076,2025,2052,2070
2044,2046,2024,2033,2001,2001,2034,2054
2037,2040,2031,2020,1969,1999,2038,2049
2042,2043,2051,2018,1970,2013,2026,2037
2042,2039,2055,2024,2012,2062,2063,2038
2050,2049,2075,2044,2061,2089,2066,2037
2053,2058,2090,2061,2084,2098,2076,2043
2051,2050,2080,2070,2074,2097,2065,2049
2059,2044,2067,2065,2046,2080,2068,2049
2062,2043,2070,2057,2033,2056,2042,2034
2067,2062,2087,2062,2042,2049,2054,2035
2069,2066,2088,2076,2054,2050,2045,2032
2052,2058,2068,2067,2060,2034,2052,2029
2040,2046,2041,2079,2067,2037,2046,2026
2048,2055,2043,2111,2078,2052,2056,2037
2056,2058,2040,2117,2098,2055,2070,2045
2055,2048,2034,2108,2075,2064,2067,2054
2049,2039,2020,2079,2055,2054,2064,2050
2044,2032,2014,2042,2056,2043,2051,2042
2042,2047,2023,2024,2061,2042,2046,2039
2036,2049,2026,2014,2046,2050,2046,2042
2042,2050,2030,2005,2033,2054,2080,2044
2042,2049,2037,2018,2036,2056,2069,2054
2054,2042,2021,2013,2027,2056,2057,2068
2062,2038,2022,2000,2025,2043,2041,2078
2066,2038,2020,2014,2032,2018,2053,2079
2074,2051,2044,2028,2038,2026,2053,2089
2074,2053,2037,2014,2041,2035,2056,2092
2069,2052,2028,2005,2043,2047,2073,2077
2050,2035,2016,1992,2034,2078,2079,2067
2039,2033,2014,1993,2029,2096,2090,2072
2038,2049,2029,2000,2028,2100,2081,2065
2041,2063,2044,2009,2033,2102,2088,2073
2068,2068,2049,2018,2042,2091,2081,2078
2067,2061,2050,2026,2045,2078,2078,2070
2054,2050,2040,2026,2040,2071,2077,2061
2042,2053,2040,2034,2041,2052,2067,2045
2037,2059,2051,2050,2053,2051,2079,2052
2051,2065,2059,2060,2063,2057,2076,2061
2066,2062,2053,2060,2068,2045,2075,2059
2065,2068,2052,2062,2072,2029,2074,2056
2062,2068,2053,2058,2069,2026,2074,2046
2059,2064,2058,2060,2071,2035,2069,2049
2056,2066,2059,2063,2075,2051,2061,2048
2044,2060,2057,2069,2076,2059,2059,2041
2042,2049,2047,2060,2065,2047,2030,2035
2044,2040,2039,2050,2058,2042,2031,2034
2059,2047,2042,2053,2059,2041,2029,2037
2051,2039,2045,2054,2064,2035,2049,2048
2063,2058,2056,2058,2062,2031,2052,2051
2068,2059,2056,2062,2063,2035,2040,2038
2056,2060,2059,2065,2064,2038,2055,2046
2059,2055,2064,2065,2066,2050,2058,2063
2056,2054,2068,2072,2063,2064,2073,2079
2056,2064,2071,2074,2065,2067,2076,2075
2055,2058,2064,2058,2055,2059,2045,2079
2052,2052,2054,2053,2051,2055,2071,2078
2044,2047,2048,2049,2044,2047,2051,2076
2041,2046,2038,2046,2033,2036,2058,2070
2042,2042,2029,2042,2032,2039,2057,2071
2041,2043,2030,2043,2040,2037,2064,2072
2041,2038,2018,2034,2036,2032,2053,2066
2047,2031,2014,2042,2043,2046,2054,2067
2062,2043,2009,2040,2045,2046,2034,2065
2064,2037,1997,2047,2043,2056,2045,2060
2059,2043,1988,2043,2042,2072,2043,2059
2049,2030,1990,2047,2043,2057,2030,2038
2038,2023,1994,2049,2046,2044,2035,2036
2038,2022,1992,2062,2051,2044,2036,2029
2034,2027,2007,2072,2056,2048,2044,2029
2036,2020,2022,2079,2058,2048,2052,2026
2032,2026,2033,2087,2068,2056,2050,2036
2039,2038,2039,2096,2065,2054,2049,2023
2043,2040,2043,2097,2067,2051,2028,2016
2039,2047,2056,2109,2071,2051,2025,2019
2047,2049,2062,2106,2065,2045,2036,2028
2043,2048,2053,2088,2057,2034,2022,2022
2035,2031,2038,2058,2041,2013,2019,2022
2028,2034,2049,2048,2030,2024,2018,2034
2044,2057,2066,2037,2010,2036,2026,2028
2041,2055,2067,2006,1947,2018,2025,2031
2040,2065,2072,1989,1907,2006,2020,2030
2044,2076,2096,1972,1889,2001,2024,2026
2048,2072,2101,1975,1946,2002,2018,2034
2049,2073,2092,1993,2058,2004,2045,2055
2065,2084,2095,2043,2145,2033,2060,2084
2067,2080,2091,2043,2194,2084,2062,2079
2064,2072,2078,2034,2203,2118,2059,2084
2061,2065,2068,2033,2173,2128,2080,2078
2062,2064,2059,2032,2125,2118,2077,2066
2051,2054,2054,2038,2054,2078,2061,2074
2051,2057,2050,2033,1948,2026,2049,2077
2044,2054,2050,2034,1963,2032,2054,2086
2046,2049,2048,2045,1996,2040,2039,2076
2047,2047,2056,2052,2033,2045,2031,2076
2051,2061,2058,2060,2046,2058,2037,2076
2051,2057,2053,2061,2047,2062,2040,2078
2058,2047,2037,2057,2063,2070,2054,2072
2053,2042,2021,2057,2065,2060,2056,2064
2061,2036,2008,2050,2055,2060,2065,2047
2054,2029,2005,2075,2094,2064,2064,2040
2058,2027,2025,2095,2088,2039,2047,2032
2047,2021,2012,2085,2075,2040,2051,2031
2049,2013,1983,2077,2057,2052,2048,2026
2060,2020,1980,2074,2037,2040,2055,2022
2060,2020,1979,2080,2037,2037,2049,2014
2058,2010,1983,2101,2036,2040,2056,2022
2053,2011,1981,2108,2037,2037,2053,2021
2054,2008,1960,2095,2030,2030,2048,2015
2041,2003,1942,2084,2020,2005,2038,2019
2047,2009,1944,2091,2014,2008,2039,2019
2055,2033,1983,2094,2026,2023,2045,2023
2051,2059,2030,2107,2043,2040,2044,2023
2061,2080,2060,2086,2028,2036,2038,2029
2052,2066,2066,2043,2002,2027,2041,2034
2044,2049,2056,2004,1991,2027,2025,2039
2039,2054,2070,1976,1996,2034,2034,2059
2053,2079,2097,1977,1983,2047,2054,2076
2069,2082,2110,1958,2029,2055,2058,2081
2069,2085,2124,1949,2044,2054,2066,2077
2073,2077,2120,1948,2028,2063,2051,2077
2064,2067,2118,1947,1999,2066,2043,2082
2053,2056,2101,1943,1992,2057,2030,2080
2041,2049,2078,1947,1998,2036,2047,2080
2047,2050,2074,1960,1984,1995,2028,2095
2044,2056,2058,1961,1976,1975,2049,2089
2045,2050,2054,1970,2012,2006,2062,2099
2049,2061,2061,2001,2067,2033,2054,2101
2063,2065,2070,2035,2115,2034,2046,2087
2055,2051,2070,2054,2128,2038,2036,2073
2048,2045,2059,2048,2098,2044,2043,2063
2044,2043,2063,2043,2086,2057,2057,2054
2050,2064,2074,2050,2088,2074,2065,2058
2058,2068,2081,2052,2086,2076,2074,2049
2054,2054,2073,2050,2065,2078,2064,2034
2052,2045,2059,2024,1968,2066,2026,2017
2049,2034,2048,2012,1931,2064,2042,2026
2053,2039,2044,2007,1940,2060,2021,2023
2048,2030,2038,2003,1942,2041,2018,2016
2041,2032,2039,2022,1968,1972,2023,2028
2049,2042,2052,2050,2071,1955,2069,2047
2064,2064,2069,2084,2137,2011,2063,2052
2067,2060,2064,2080,2158,2057,2069,2056
2069,2056,2060,2087,2165,2090,2084,2061
2067,2064,2060,2080,2126,2086,2072,2056
2072,2056,2056,2064,2090,2097,2041,2047
2069,2053,2058,2059,2058,2104,2037,2041
2067,2046,2043,2051,2038,2103,2044,2042
2059,2045,2043,2063,2036,2082,2036,2044
2056,2055,2054,2080,2039,2042,2039,2050
2059,2064,2069,2093,2054,1982,2045,2058
2062,2068,2069,2095,2055,1990,2059,2067
2062,2061,2057,2080,2037,2006,2073,2060
2053,2054,2049,2070,2020,2019,2052,2070
2056,2044,2035,2055,2017,2030,2046,2073
2054,2031,2030,2048,2041,2041,2058,2075
2048,2024,2028,2047,2070,2048,2054,2074
2044,2035,2026,2045,2059,2030,2044,2067
2040,2028,2014,2019,1996,1992,2020,2058
2027,2011,2002,2000,1983,1989,2032,2062
2032,2013,2006,2007,1995,1995,2038,2058
2040,2013,2021,2009,2008,2011,2033,2055
2041,2024,2033,2013,2045,2035,2053,2064
2057,2039,2036,2023,2096,2051,2050,2062
2055,2052,2050,2044,2123,2073,2064,2051
2056,2072,2080,2059,2148,2098,2079,2055
2066,2083,2084,2070,2153,2104,2076,2052
2058,2072,2067,2061,2118,2082,2090,2056
2059,2060,2056,2054,2075,2074,2081,2047
2055,2058,2051,2064,2071,2076,2078,2046
2052,2056,2054,2072,2087,2073,2082,2038
2063,2069,2056,2067,2038,2079,2090,2040
2070,2068,2054,2039,1957,2057,2089,2055
2075,2067,2058,2050,1940,2004,2056,2057
2068,2063,2064,2063,2005,1981,2058,2055
2060,2059,2068,2074,2056,1994,2060,2059
2060,2066,2070,2068,2064,2023,2070,2057
2058,2063,2060,2062,2075,2056,2074,2048
2052,2049,2043,2056,2118,2069,2056,2044
2055,2057,2054,2063,2141,2086,2072,2053
2066,2066,2059,2061,2145,2098,2057,2062
2064,2058,2050,2054,2126,2080,2053,2062
2061,2059,2053,2061,2114,2069,2052,2064
2067,2073,2068,2071,2134,2085,2075,2066
2068,2072,2063,2069,2129,2085,2074,2068
2060,2062,2056,2068,2119,2090,2080,2072
2049,2053,2044,2038,2090,2075,2067,2067
2046,2038,2028,2015,2050,2043,2054,2057
2037,2042,2035,2015,2016,2009,2029,2049
2034,2042,2036,2022,2045,1988,2026,2053
2040,2038,2035,2039,2093,1978,2032,2069
2057,2041,2040,2041,2124,1984,2039,2069
2045,2029,2036,2041,2115,1979,2020,2062
2043,2035,2033,2042,2089,1972,2024,2065
2046,2035,2031,2037,2017,1972,1999,2046
2035,2026,2018,2004,1877,1970,2001,2044
2045,2032,2023,2000,1888,2015,1983,2031
2043,2022,2018,2008,1971,2075,1994,2023
2033,2026,2031,2037,2057,2106,2045,2037
2045,2045,2039,2055,2102,2122,2074,2036
2052,2045,2051,2064,2114,2110,2054,2039
2054,2045,2047,2066,2124,2106,2077,2038
2064,2053,2050,2059,2107,2102,2065,2035
2061,2054,2040,2056,2092,2096,2057,2024
2065,2037,2038,2058,2096,2089,2064,2017
2060,2032,2038,2055,2098,2087,2069,2027
2055,2032,2033,2042,2042,2069,2069,2038
2057,2039,2034,2022,2001,2042,2076,2033
2036,2045,2037,2022,2040,2038,2060,2028
2032,2050,2037,2032,2078,2059,2070,2030
2043,2062,2038,2033,2086,2058,2058,2029
2046,2066,2040,2040,2098,2071,2074,2036
2051,2071,2044,2050,2120,2083,2039,2038
2052,2067,2040,2047,2097,2045,2075,2049
2066,2068,2053,2049,2059,2026,2046,2060
2073,2066,2060,2039,1969,2025,2058,2060
2076,2067,2052,2029,1854,2030,2064,2070
2073,2061,2052,2030,1904,2035,2077,2067
2073,2062,2050,2033,1948,2034,2062,2061
2063,2058,2046,2035,1963,2033,2080,2061
2058,2043,2035,2041,1984,2025,2043,2064
2037,2033,2021,2044,2006,2014,2041,2069
2043,2034,2031,2050,2046,2015,2028,2072
2056,2046,2037,2056,2071,2012,2009,2077
2058,2040,2038,2038,2042,1976,1998,2069
2053,2032,2029,2028,2031,1966,2032,2072
2054,2032,2035,2041,2039,1996,2051,2088
2061,2045,2051,2060,2054,2020,2064,2083
2067,2044,2055,2060,2060,2026,2076,2075
2060,2049,2047,2060,2054,2027,2074,2069
2054,2047,2046,2043,2034,2025,2065,2052
2044,2040,2042,2036,2020,2029,2051,2033
2053,2052,2048,2046,2025,2041,2052,2042
2058,2058,2058,2056,2021,2074,2056,2041
2061,2066,2059,2062,2046,2110,2070,2040
2063,2064,2047,2071,2049,2131,2086,2039
2059,2055,2040,2068,2046,2157,2065,2040
2059,2052,2031,2052,2005,2128,2067,2029
2050,2040,2019,2040,1991,2080,2058,2030
2048,2038,2006,2038,1976,1988,2038,2021
2046,2039,1996,2016,1965,1959,2032,2027
2051,2045,1995,2016,1973,2000,2034,2024
2056,2034,2002,2011,1974,2034,2027,2022
2054,2028,2006,2015,1974,2036,2065,2036
2066,2037,2011,2028,1996,1997,2061,2039
2066,2042,2013,2044,2052,1999,2056,2038
2061,2048,2010,2054,2095,2044,2037,2029
2054,2042,2009,2061,2112,2081,2054,2032
2057,2030,2004,2062,2103,2118,2078,2048
2055,2026,1993,2057,2094,2126,2078,2048
2042,2020,1988,2055,2070,2094,2076,2056
2040,2012,1980,2056,2050,2061,2042,2061
2034,2015,1989,2064,2028,2037,2027,2064
2050,2023,2013,2072,2014,2034,2035,2067
2040,2020,2034,2072,2005,2016,2028,2057
2023,2013,2034,2054,2017,2018,2039,2049
2020,2018,2051,2067,2066,2028,2054,2058
2035,2037,2065,2079,2093,2036,2059,2067
2047,2041,2061,2054,2088,2036,2062,2066
2041,2032,2051,2031,2078,2043,2061,2070
2048,2044,2051,2025,2055,2051,2067,2077
2058,2056,2059,2017,2031,2061,2057,2072
2061,2070,2077,2028,2013,2070,2053,2075
2064,2069,2081,2037,2010,2074,2058,2072
2059,2073,2076,2044,2007,2074,2060,2065
2059,2074,2073,2044,1996,2066,2061,2057
2064,2081,2082,2030,1969,2053,2044,2051
2069,2078,2071,2004,1946,2028,2055,2040
2057,2063,2054,1991,1949,2006,2054,2039
2056,2060,2062,1998,1971,1999,2046,2032
2062,2065,2070,2002,1996,2027,2049,2037
2061,2064,2056,1996,2010,2035,2044,2036
2067,2060,2042,1996,2035,2032,2038,2036
2062,2056,2042,2008,2033,2035,2066,2036
2060,2055,2040,2013,2056,2038,2053,2028
2050,2046,2036,2006,2050,2028,2042,2025
2050,2046,2042,2012,2069,2041,2050,2039
2064,2065,2058,2033,2082,2050,2063,2042
2071,2066,2062,2040,2074,2039,2052,2051
2072,2068,2049,2036,2032,2022,2048,2047
2063,2051,2037,2029,2010,2022,2039,2047
2059,2049,2040,2030,2006,2029,2042,2056
2051,2054,2044,2031,2006,2042,2043,2047
2060,2055,2041,2044,2031,2062,2051,2061
2065,2062,2043,2053,2056,2071,2061,2066
2071,2061,2044,2058,2080,2076,2079,2077
2068,2057,2044,2055,2084,2083,2068,2078
2054,2049,2050,2056,2081,2074,2066,2075
2041,2041,2050,2042,2064,2054,2053,2073
2034,2044,2049,2042,2050,2039,2054,2081
2038,2043,2045,2051,2061,2042,2024,2076
2042,2049,2046,2070,2105,2052,2056,2074
2045,2040,2040,2064,2124,2060,2044,2084
2039,2044,2030,2068,2122,2064,2056,2078
2046,2047,2033,2071,2115,2063,2050,2084
2050,2043,2019,2066,2113,2062,2052,2074
2043,2036,2024,2061,2114,2057,2053,2071
2047,2036,2035,2061,2066,2055,2035,2066
2047,2041,2043,2052,2028,2046,2030,2060
2049,2034,2036,2053,2037,2052,2030,2053
2055,2047,2044,2054,2064,2058,2043,2056
2059,2045,2045,2066,2067,2062,2051,2043
2056,2054,2055,2068,2047,2061,2060,2045
2058,2060,2075,2067,2021,2065,2060,2044
2051,2053,2060,2060,1992,2066,2050,2026
2050,2049,2056,2053,1986,2060,2016,2023
2047,2045,2054,2055,1981,2052,2046,2039
2052,2045,2042,2051,2001,2045,2044,2042
2050,2052,2037,2061,2042,2052,2051,2044
2056,2053,2030,2065,2067,2068,2051,2031
2042,2041,2020,2065,2055,2081,2073,2033
2044,2054,2027,2075,2039,2070,2081,2034
2049,2064,2044,2089,2056,2044,2068,2047
2050,2061,2050,2076,2079,2027,2074,2044
2041,2046,2039,2048,2084,2018,2060,2045
2046,2057,2062,2059,2122,2036,2075,2066
2052,2076,2098,2072,2095,2050,2076,2068
2052,2080,2101,2069,2045,2053,2054,2065
2056,2074,2088,2070,2073,2088,2050,2074
2070,2083,2073,2052,2096,2113,2058,2072
2063,2076,2054,2039,2083,2130,2059,2074
2056,2064,2053,2048,2120,2162,2052,2072
2051,2067,2059,2056,2147,2145,2044,2075
2049,2056,2051,2049,2121,2079,2054,2089
2049,2061,2042,2027,2062,2041,2053,2086
2045,2040,2030,1980,1908,1943,2026,2080
2037,2026,2019,1957,1921,1867,2015,2078
2039,2028,2033,1978,1998,1901,2035,2078
2048,2038,2049,2007,1994,1954,2039,2078
2055,2045,2063,2020,1987,2010,2044,2072
2059,2054,2066,2029,2035,2040,2033,2069
2066,2069,2077,2056,2115,2024,2038,2073
2061,2068,2084,2075,2152,2035,2051,2055
2048,2071,2084,2084,2156,2034,2044,2045
2054,2069,2074,2083,2145,2036,2042,2039
2054,2056,2059,2082,2138,2053,2056,2032
2054,2037,2040,2070,2107,2046,2056,2032
2041,2026,2033,2064,2101,2041,2027,2024
2031,2029,2038,2061,2106,2038,2033,2030
2037,2038,2050,2065,2063,2042,2047,2034
2051,2048,2053,2036,1933,2036,2052,2031
2053,2040,2048,2040,1948,2036,2049,2038
2043,2026,2033,2038,1986,2037,2041,2029
2043,2031,2039,2050,2025,2039,2055,2036
2054,2043,2048,2056,2051,2054,2049,2040
2055,2043,2032,2055,2065,2050,2046,2044
2051,2037,2028,2051,2067,2052,2023,2048
2051,2037,2030,2056,2055,2068,2051,2045
2051,2049,2032,2055,2054,2099,2038,2040
2050,2049,2029,2049,2056,2115,2040,2047
2046,2043,2024,2049,2062,2114,2045,2056
2049,2042,2022,2046,2051,2096,2039,2060
2051,2053,2037,2055,2065,2070,2081,2070
2056,2059,2041,2061,2069,2035,2054,2065
2042,2045,2039,2046,1996,2005,2064,2071
2038,2042,2039,2037,1970,2010,2060,2071
2038,2040,2040,2046,2006,2032,2049,2069
2042,2033,2041,2040,2036,2035,2053,2069
2040,2039,2038,2048,2046,2051,2053,2066
2032,2034,2041,2043,2045,2052,2034,2078
2050,2044,2061,2054,2056,2060,2037,2089
2052,2066,2079,2067,2059,2065,2047,2088
2056,2061,2084,2070,2063,2061,2049,2078
2056,2061,2083,2070,2061,2049,2044,2068
2046,2057,2073,2071,2061,2057,2035,2075
2050,2055,2062,2070,2067,2060,2053,2074
2060,2059,2065,2060,2070,2070,2046,2071
2060,2056,2062,2060,2067,2076,2071,2067
2050,2055,2059,2066,2065,2084,2066,2059
2054,2049,2060,2067,2073,2079,2069,2052
2046,2047,2059,2067,2078,2068,2063,2047
2039,2046,2058,2070,2077,2052,2063,2042
2040,2048,2056,2065,2077,2047,2062,2043
2037,2044,2052,2063,2072,2051,2072,2046
2040,2043,2047,2049,2034,2044,2072,2052
2037,2035,2037,2042,2029,2044,2066,2042
2033,2023,2036,2043,2034,2047,2070,2048
2037,2037,2047,2055,2043,2053,2074,2053
2053,2052,2058,2059,2053,2045,2049,2047
2054,2053,2065,2058,2045,2039,2037,2035
2045,2053,2067,2067,2058,2042,2030,2030
2050,2057,2078,2072,2056,2047,2068,2041
2060,2062,2076,2055,2037,2028,2073,2053
2054,2050,2075,2047,2025,2016,2062,2050
2060,2041,2066,2056,2029,2002,2052,2047
2052,2032,2062,2057,2032,2001,2054,2056
2043,2031,2056,2052,2017,1996,2030,2050
2034,2038,2053,2046,2024,2022,2049,2061
2038,2042,2050,2053,2049,2051,2061,2067
2050,2051,2052,2066,2070,2060,2060,2086
2055,2050,2039,2064,2075,2068,2038,2076
2039,2029,2020,2051,2052,2081,2026,2067
2035,2024,2020,2032,2038,2090,2047,2058
2045,2034,2033,2032,2030,2098,2050,2043
2039,2053,2041,2034,2013,2099,2054,2046
2046,2051,2041,2034,2027,2073,2069,2080
2043,2045,2031,2036,2060,2025,2060,2089
2044,2040,2024,2030,2070,2016,2070,2074
2040,2043,2027,2034,2076,2032,2065,2069
2043,2047,2020,2033,2061,2046,2065,2052
2043,2039,2032,2032,2030,2037,2062,2042
2047,2043,2034,2031,2000,2021,2066,2029
2031,2041,2038,2032,2023,2029,2055,2036
2035,2052,2045,2046,2054,2036,2068,2032
2048,2056,2052,2055,2058,2024,2056,2032
2046,2056,2048,2052,2063,2008,2031,2036
2049,2050,2041,2049,2066,2018,2031,2039
2044,2048,2032,2034,1992,2032,2034,2032
2040,2050,2026,2021,1958,2040,2042,2035
2043,2043,2021,2006,2020,2058,2035,2020
2042,2025,2006,2005,2059,2062,2045,2019
2046,2034,2014,2024,2063,2057,2052,2021
2043,2036,2018,2044,2092,2064,2071,2027
2045,2038,2032,2061,2122,2069,2090,2039
2042,2044,2032,2059,2114,2070,2075,2034
2046,2049,2035,2064,2116,2069,2064,2040
2048,2059,2060,2085,2131,2081,2096,2053
2051,2068,2064,2079,2118,2076,2083,2056
2050,2065,2057,2064,2114,2058,2077,2053
2052,2056,2054,2060,2099,2051,2076,2057
2042,2056,2055,2054,2073,2048,2064,2064
2052,2055,2052,2045,2047,2056,2058,2064
2046,2043,2048,2037,2037,2049,2042,2062
2036,2049,2058,2049,2044,2045,2050,2069
2041,2047,2072,2051,2068,2054,2058,2077
2043,2044,2068,2058,2080,2062,2051,2069
2038,2030,2054,2053,2084,2075,2064,2059
2037,2026,2052,2054,2088,2091,2062,2062
2044,2039,2053,2061,2085,2097,2065,2068
2043,2039,2044,2065,2072,2094,2080,2066
2047,2041,2045,2068,2039,2091,2080,2056
2047,2046,2034,2064,1995,2077,2068,2042
2042,2035,2028,2061,1981,2055,2047,2025
2031,2032,2034,2047,1937,2038,2045,2020
2039,2027,2029,2044,1901,2012,2056,2028
2049,2031,2016,2044,1906,2000,2061,2029
2057,2036,2016,2053,1985,2016,2083,2033
2058,2033,2017,2053,2012,2048,2083,2030
2062,2038,2023,2068,2053,2077,2088,2034
2069,2042,2035,2072,2048,2087,2070,2030
2059,2032,2026,2064,2055,2087,2083,2034
2064,2035,2031,2064,2082,2077,2069,2030
2045,2050,2047,2073,2112,2052,2031,2023
2033,2035,2059,2062,2106,2026,2015,2016
2027,2046,2066,2061,2111,2043,2039,2016
2036,2056,2082,2062,2089,2064,2063,2023
2035,2047,2074,2046,2046,2051,2032,2025
2037,2042,2065,2020,2038,2047,2033,2041
2034,2047,2096,2032,2049,2056,2037,2049
2045,2059,2120,2040,2053,2056,2036,2047
2038,2066,2132,2034,2059,2054,2030,2044
2037,2064,2106,2032,2053,2058,2037,2043
2043,2074,2090,2032,2060,2060,2036,2056
2051,2071,2076,2045,2079,2051,2045,2063
2052,2059,2062,2047,2106,2036,2023,2070
2055,2050,2049,2046,2114,2033,2027,2068
2049,2050,2048,2036,2083,2041,2061,2061
2048,2045,2042,2023,2056,2046,2058,2062
2043,2041,2035,2011,2035,2050,2045,2057
2030,2026,2006,2002,2032,2070,2044,2059
2027,2019,1994,1992,2036,2077,2047,2074
2034,2025,2006,2013,2051,2055,2050,2078
2041,2039,2026,2031,2062,2061,2058,2071
2042,2032,2027,2037,2060,2096,2052,2055
2036,2032,2020,2033,2051,2117,2051,2052
2039,2029,2018,2036,2051,2132,2064,2039
2027,2020,2018,2046,2045,2124,2060,2031
2020,2020,2024,2048,2055,2089,2053,2033
2026,2014,2022,2066,2087,2034,2053,2044
2042,2034,2034,2082,2125,2025,2055,2040
2049,2041,2047,2082,2154,2039,2062,2031
2045,2046,2038,2086,2185,2042,2048,2035
2046,2050,2026,2080,2172,2038,2050,2032
2047,2043,2020,2072,2170,2034,2034,2039
2051,2048,2018,2068,2152,2028,2055,2032
2038,2040,2021,2061,2149,2037,2044,2027
2036,2043,2017,2043,2096,2044,2045,2016
2036,2046,2025,2022,2044,2064,2045,2028
2054,2060,2042,2005,1966,2057,2046,2031
2055,2061,2044,1976,1851,2018,2055,2029
2048,2060,2058,1993,1892,2035,2043,2046
2050,2063,2071,2034,1940,2007,2036,2050
2058,2061,2066,2038,1957,1996,2036,2058
2058,2050,2052,2031,1962,2001,2028,2057
2050,2051,2037,2031,1959,2026,2055,2052
2044,2052,2037,2044,1957,2048,2050,2049
2030,2046,2035,2043,1982,2057,2050,2057
2028,2050,2050,2043,2009,2049,2039,2054
2034,2052,2067,2054,2063,2029,2059,2064
2041,2059,2071,2059,2094,2023,2059,2069
2045,2059,2064,2056,2080,2049,2066,2077
2043,2057,2058,2049,2058,2056,2061,2077
2043,2054,2049,2047,2038,2047,2051,2072
2032,2029,2026,2025,2012,2060,2035,2058
2018,2016,2013,2021,2011,2064,2049,2055
2024,2021,2021,2024,2008,2060,2040,2056
2025,2024,2014,2016,1985,2058,2033,2053
2028,2025,2008,2011,1979,2036,2022,2059
2044,2049,2025,2045,2046,2012,2050,2079
2065,2057,2034,2076,2124,2053,2071,2067
2057,2047,2032,2064,2134,2087,2081,2064
2055,2036,2023,2059,2131,2105,2067,2050
2045,2020,2012,2044,2098,2087,2059,2040
2038,2013,2013,2036,2065,2059,2046,2036
2040,2016,2018,2042,2047,2038,2020,2030
2047,2034,2048,2053,2044,2016,2032,2025
2049,2040,2066,2055,2045,1996,2035,2013
2038,2033,2066,2052,2048,2006,2034,2026
2046,2027,2058,2056,2049,2017,2041,2033
2047,2025,2057,2050,2040,2016,2042,2033
2046,2032,2054,2056,2042,2019,2039,2027
2038,2050,2085,2071,2054,2041,2050,2032
2048,2059,2096,2083,2060,2047,2060,2042
2052,2062,2086,2073,2048,2047,2047,2044
2052,2054,2067,2057,2037,2038,2050,2045
2046,2058,2066,2064,2049,2045,2028,2037
2044,2059,2058,2065,2054,2055,2046,2042
2040,2062,2060,2067,2056,2061,2056,2056
2047,2065,2054,2059,2060,2064,2062,2052
2040,2057,2061,2056,2057,2067,2017,2058
2044,2060,2053,2046,2059,2063,2023,2057
2047,2061,2055,2044,2055,2058,2037,2070
2050,2059,2047,2038,2054,2054,2048,2072
2042,2055,2044,2024,2053,2054,2053,2067
2043,2049,2034,2029,2053,2058,2054,2066
2038,2043,2047,2034,2056,2051,2051,2068
2034,2035,2060,2044,2046,2038,2044,2071
2028,2031,2056,2036,2043,2042,2038,2068
2041,2043,2064,2044,2048,2057,2055,2074
2051,2045,2060,2049,2047,2060,2059,2068
2047,2049,2059,2046,2035,2054,2059,2064
2055,2055,2063,2054,2031,2048,2048,2063
2051,2055,2060,2056,2033,2052,2056,2054
2041,2050,2052,2060,2029,2056,2058,2054
2043,2053,2051,2058,2039,2060,2054,2052
2045,2058,2046,2064,2043,2060,2057,2045
2046,2059,2057,2064,2044,2060,2054,2038
2050,2055,2057,2062,2045,2061,2050,2033
2044,2056,2054,2059,2044,2057,2044,2036
2037,2045,2046,2049,2043,2061,2039,2036
2040,2044,2038,2049,2048,2062,2050,2041
2042,2038,2034,2041,2040,2054,2050,2034
2041,2032,2027,2030,2033,2054,2041,2024
2032,2020,2010,2025,2032,2050,2039,2021
2032,2017,2010,2026,2037,2049,2044,2033
2045,2034,2027,2044,2052,2051,2049,2034
2043,2043,2042,2049,2055,2047,2052,2041
2047,2043,2044,2050,2052,2037,2057,2050
2044,2044,2050,2053,2044,2046,2062,2049
2049,2046,2051,2052,2049,2052,2073,2060
2056,2061,2059,2052,2043,2055,2067,2062
2062,2064,2071,2062,2040,2055,2047,2059
2060,2071,2078,2059,2035,2050,2052,2064
2070,2067,2077,2050,2020,2030,2050,2072
2052,2067,2074,2044,1987,2016,2052,2078
2050,2063,2070,2039,1978,2021,2057,2078
2055,2057,2061,2024,1962,2042,2056,2070
2044,2054,2060,2007,1961,2080,2053,2073
2049,2063,2067,2020,1973,2106,2056,2084
2058,2072,2074,2033,2003,2106,2042,2077
2047,2057,2060,2036,1984,2083,2030,2057
2049,2050,2060,2047,2015,2048,2030,2064
2062,2056,2067,2061,2079,2032,2041,2058
2049,2045,2059,2067,2108,2042,2040,2055
2046,2041,2055,2063,2109,2051,2039,2064
2046,2042,2055,2062,2116,2076,2040,2065
2047,2045,2051,2052,2078,2074,2042,2048
2036,2036,2046,2039,2013,2059,2035,2036
2030,2038,2042,2022,1987,2052,2018,2026
2031,2044,2041,2007,2002,2064,2008,2023
2037,2038,2030,1989,1978,2035,2005,2028
2041,2038,2034,1998,1956,1984,2023,2021
2042,2041,2046,2024,1962,1974,2019,2012
2043,2054,2053,2039,1997,2005,2036,2024
2054,2048,2044,2052,2092,2035,2037,2035
2035,2037,2028,2055,2164,2047,2042,2029
2039,2037,2030,2056,2166,2060,2038,2016
2042,2049,2043,2078,2152,2074,2040,2026
2054,2065,2055,2091,2148,2086,2062,2047
2060,2063,2055,2082,2135,2085,2068,2059
2057,2068,2054,2072,2116,2078,2061,2061
2053,2062,2044,2067,2088,2062,2056,2061
2054,2059,2044,2055,2052,2051,2063,2060
2056,2064,2045,2066,2051,2056,2058,2060
2053,2051,2055,2080,2061,2064,2059,2060
2049,2053,2069,2092,2065,2059,2074,2052
2046,2043,2076,2099,2081,2068,2063,2054
2043,2043,2077,2098,2088,2089,2052,2058
2035,2044,2073,2088,2088,2082,2056,2061
2044,2045,2079,2082,2082,2079,2044,2063
2041,2037,2066,2066,2056,2089,2025,2045
2030,2027,2055,2059,2030,2089,2020,2046
2031,2036,2060,2061,2022,2098,2030,2036
2025,2029,2056,2052,1990,2112,2027,2040
2027,2032,2047,2052,1981,2099,2035,2054
2046,2047,2057,2068,2001,1991,2038,2083
2056,2059,2059,2089,2054,1960,2047,2084
2058,2057,2061,2088,2060,2010,2049,2068
2054,2062,2050,2062,2061,2058,2062,2057
2047,2052,2041,2031,2033,2054,2056,2055
2046,2045,2021,1995,1978,1978,2035,2048
2050,2042,2014,1978,2011,1948,2031,2047
2055,2053,2025,1984,2134,1954,2031,2057
2067,2067,2048,2006,2182,1956,2016,2054
2062,2072,2070,2024,2177,1964,2041,2047
2054,2076,2072,2036,2152,1975,2044,2044
2056,2064,2065,2037,2146,1992,2039,2046
2056,2053,2053,2042,2125,2009,2038,2041
2053,2050,2057,2046,2076,2020,2039,2032
2052,2055,2061,2039,1941,1994,2033,2026
2050,2041,2057,2026,1918,1991,2024,2025
2050,2046,2061,2024,1916,2015,2033,2030
2054,2054,2061,2015,1845,2024,2033,2037
2052,2047,2056,2025,1907,2032,2030,2033
2044,2042,2045,2034,2007,2059,2039,2032
2044,2037,2038,2031,2083,2097,2040,2032
2044,2037,2042,2027,2084,2123,2044,2035
2053,2041,2048,2030,2041,2120,2054,2045
2053,2051,2044,2025,2019,2104,2038,2043
2046,2046,2042,2024,2032,2051,2020,2048
2042,2046,2056,2035,2066,2050,2021,2049
2046,2052,2057,2041,2060,2107,2056,2062
2053,2060,2052,2047,2052,2122,2046,2068
2059,2053,2059,2036,2029,2116,2038,2074
2055,2052,2046,2025,1989,2052,2042,2080
2051,2047,2048,2026,1981,1967,2040,2083
2061,2054,2055,2038,2021,1931,2026,2078
2056,2037,2052,2042,2062,1988,2045,2080
2053,2038,2050,2050,2070,2024,2051,2084
2051,2043,2056,2045,2065,2025,2052,2077
2050,2049,2054,2050,2046,2019,2039,2063
2047,2045,2053,2046,2053,2018,2035,2050
2038,2041,2048,2048,2054,2030,2038,2048
2039,2040,2045,2052,2054,2027,2016,2047
2044,2042,2051,2050,2049,2039,2040,2049
2059,2048,2048,2051,2060,2060,2061,2052
2061,2044,2049,2053,2058,2081,2058,2058
2068,2051,2052,2052,2068,2090,2053,2057
2067,2049,2055,2063,2070,2088,2054,2044
2062,2051,2045,2061,2061,2063,2044,2036
2052,2049,2049,2054,2050,2044,2043,2028
2053,2045,2047,2039,2027,2056,2040,2029
2042,2044,2047,2031,2005,2061,2040,2023
2040,2035,2037,2012,1991,2046,2038,2016
2038,2028,2035,2014,1995,2037,2039,2012
2044,2033,2037,2026,2003,2048,2055,2019
2043,2033,2035,2020,2015,2049,2045,2026
2043,2040,2047,2042,2050,2050,2046,2029
2052,2052,2069,2056,2070,2055,2044,2034
2050,2060,2066,2052,2070,2053,2031,2037
2046,2056,2056,2052,2068,2063,2031,2037
2045,2049,2057,2047,2065,2082,2049,2039
2041,2046,2052,2042,2056,2102,2047,2044
2045,2043,2052,2047,2057,2126,2068,2052
2050,2046,2049,2042,2056,2137,2064,2056
2049,2049,2049,2041,2052,2134,2065,2064
2046,2051,2056,2045,2067,2106,2054,2071
2046,2050,2054,2046,2077,2074,2035,2073
2050,2047,2054,2046,2076,2051,2029,2076
2052,2047,2057,2049,2057,2032,2012,2078
2049,2043,2050,2043,2034,2028,2008,2070
2049,2044,2042,2038,2027,2028,2007,2069
2052,2045,2045,2041,2032,2034,2018,2066
2054,2050,2046,2039,2029,2010,2028,2061
2047,2046,2043,2038,2027,1996,2031,2051
2049,2053,2045,2040,2035,2004,2034,2045
2046,2045,2040,2037,2031,2011,2037,2043
2050,2052,2046,2038,2034,2023,2041,2040
2056,2047,2041,2038,2035,2030,2035,2035
2058,2050,2043,2034,2034,2029,2021,2035
2051,2044,2043,2033,2035,2034,2007,2031
2051,2047,2045,2032,2056,2052,2032,2034
2043,2049,2055,2050,2070,2064,2045,2036
2041,2050,2054,2052,2069,2064,2052,2033
2044,2050,2059,2046,2056,2063,2048,2034
2043,2052,2056,2053,2062,2066,2063,2020
2032,2049,2054,2057,2085,2080,2063,2012
2020,2038,2045,2056,2104,2060,2046,2006
2012,2033,2039,2049,2133,2036,2051,2014
2016,2040,2046,2038,2103,1993,2093,2026
2009,2039,2044,2021,2043,1955,2101,2039
2013,2036,2042,2018,2017,1959,2104,2059
2024,2044,2044,2033,2039,1967,2082,2092
2038,2040,2044,2045,2048,1971,2055,2102
2056,2045,2052,2048,2045,1953,2020,2110
2054,2056,2051,2045,2036,1962,2025,2105
2064,2057,2054,2049,2052,2014,2074,2112
2062,2052,2050,2050,2062,2036,2118,2112
2073,2052,2048,2041,2047,2014,2125,2112
2107,2053,2048,2039,2043,1989,2137,2098
2105,2057,2041,2036,2038,1979,2110,2090
2091,2056,2048,2038,2037,1994,2057,2079
2070,2054,2051,2035,2037,1998,1965,2072
2062,2054,2050,2030,2041,2020,1915,2063
2045,2036,2045,2032,2048,2088,1886,2049
2033,2033,2045,2044,2065,2153,1989,2057
2041,2034,2045,2043,2066,2133,2066,2043
2029,2030,2046,2036,2068,2104,2052,2023
2019,2027,2045,2031,2038,2089,2000,2031
2018,2030,2040,2031,2009,2059,1996,2042
2016,2039,2038,2036,1982,2041,1971,2045
2024,2037,2042,2028,1982,2032,1970,2072
2026,2037,2050,2033,2010,1993,1979,2096
2026,2041,2053,2053,2052,1995,2006,2106
2035,2049,2056,2063,2105,2032,2047,2098
2031,2053,2056,2062,2104,2053,2073,2083
2017,2050,2057,2054,2086,2057,2069,2080
2034,2047,2047,2044,2063,2062,2072,2072
2033,2047,2047,2045,2047,2072,2084,2074
2043,2048,2041,2044,2049,2075,2059,2069
2040,2044,2041,2038,2034,2044,2029,2062
2046,2040,2033,2035,2025,2015,1991,2054
2057,2054,2045,2040,2029,2020,2015,2055
2072,2056,2044,2047,2049,2031,2029,2052
2066,2056,2051,2054,2053,2024,2013,2037
2061,2053,2054,2051,2049,2013,1971,2008
2044,2054,2050,2046,2046,2008,1958,1978
2032,2055,2056,2047,2043,2006,1952,1984
2040,2061,2058,2047,2039,2005,2023,1985
2028,2053,2050,2043,2032,2002,2047,1988
2031,2049,2046,2041,2017,1999,2036,1998
2029,2045,2045,2033,2021,2003,2031,2010
2034,2040,2038,2035,2021,2013,2046,2013
2037,2038,2036,2038,2011,2013,2051,2025
2041,2040,2040,2039,2006,2020,2060,2037
2040,2045,2046,2041,2017,2047,2065,2037
2043,2049,2053,2038,2025,2080,2056,2033
2033,2043,2047,2041,2042,2080,2036,2022
2037,2037,2043,2041,2059,2069,2028,2014
2039,2047,2050,2044,2067,2092,2017,2017
2053,2046,2047,2047,2088,2130,1987,2018
2051,2042,2045,2054,2076,2120,1997,2006
2044,2043,2049,2055,2058,2059,1966,2001
2044,2048,2060,2058,2098,2035,1974,2054
2055,2064,2058,2055,2088,2047,2018,2077
2053,2060,2058,2055,2070,2066,2035,2044
2047,2054,2061,2053,2042,2077,2064,2027
2040,2053,2057,2050,2026,2102,2063,2015
2042,2043,2059,2055,2032,2141,2068,2017
2041,2039,2066,2054,2037,2178,2073,2018
2043,2045,2057,2037,2015,2193,2088,2019
2046,2047,2058,2029,2024,2151,2081,2027
2057,2047,2060,2032,2030,2040,2063,2042
2063,2051,2060,2034,2010,1942,2062,2053
2056,2040,2045,2023,2007,1959,2057,2050
2047,2034,2042,2030,2031,1992,2061,2046
2054,2044,2049,2033,2035,2000,2061,2039
2060,2050,2053,2044,2033,2006,2059,2033
2066,2059,2061,2053,2045,1998,2057,2018
2059,2055,2068,2061,2062,2012,2043,2019
2045,2059,2073,2060,2060,2010,2047,2022
2039,2055,2065,2058,2068,2004,2044,2030
2042,2057,2062,2047,2047,2022,2045,2038
2042,2049,2056,2040,2013,2047,2046,2042
2030,2052,2050,2028,1969,2065,2036,2024
2019,2042,2042,2003,1963,2104,2015,2021
2016,2034,2050,2030,2010,2146,2011,2030
2013,2036,2061,2058,2073,2139,1985,2027
2008,2044,2062,2068,2119,2092,2003,2024
2009,2039,2064,2079,2150,2103,2004,2030
2014,2041,2055,2076,2160,2118,2013,2018
2012,2039,2061,2079,2149,2112,2025,2032
2019,2049,2068,2093,2185,2116,2033,2039
2032,2055,2068,2094,2200,2108,2047,2032
2029,2050,2068,2082,2165,2075,2024,2025
2021,2048,2056,2062,2138,2072,2027,2015
2023,2047,2062,2067,2135,2089,2043,2018
2042,2046,2056,2055,2070,2091,2036,2011
2038,2052,2053,2044,2052,2073,2053,2016
2050,2054,2063,2051,2019,2015,2045,2036
2055,2050,2058,2038,1982,1999,2049,2041
2062,2051,2068,2039,2006,2047,2060,2072
2070,2059,2066,2047,2051,2094,2082,2096
2072,2059,2069,2057,2075,2118,2077,2132
2096,2066,2068,2053,2081,2114,2058,2149
2102,2067,2064,2055,2085,2113,2017,2144
2086,2052,2062,2050,2077,2118,2011,2138
2077,2047,2051,2036,2052,2107,2010,2120
2085,2041,2056,2042,2042,2106,2032,2122
2104,2064,2065,2052,2070,2121,2061,2121
2116,2073,2068,2054,2100,2111,2053,2099
2114,2068,2063,2047,2116,2081,2019,2075
2089,2057,2062,2048,2098,2059,2034,2050
2071,2058,2062,2052,2099,2055,2037,2041
2056,2062,2066,2059,2091,2044,2050,2019
2051,2059,2064,2052,2072,2059,2039,2011
2034,2042,2051,2037,2034,2077,2030,2006
2027,2037,2043,2028,1981,2084,2030,2009
2023,2042,2043,2011,1881,2033,1994,1997
2016,2031,2040,1998,1831,1992,1987,2010
2013,2040,2039,2010,1928,1962,1989,2044
2026,2043,2047,2043,2036,1987,2021,2058
2037,2048,2053,2061,2079,2053,2020,2058
2038,2043,2054,2058,2078,2072,2016,2048
2035,2034,2044,2048,2083,2069,2001,2049
2041,2045,2048,2053,2097,2060,2012,2040
2043,2054,2051,2070,2104,1997,1982,2024
2039,2051,2049,2070,2128,1959,1995,2029
2035,2049,2051,2075,2135,1943,1982,2036
2037,2049,2051,2064,2100,1944,1985,2032
2038,2056,2052,2060,2066,1960,1987,2031
2054,2065,2056,2049,2019,1960,1995,2016
2056,2072,2062,2053,2015,1971,2016,1998
2048,2056,2060,2066,2033,1989,2018,1998
2036,2045,2053,2068,2033,1992,2020,1996
2022,2046,2047,2058,2018,2000,2042,2010
2027,2041,2046,2051,2020,2024,2034,2013
2027,2034,2038,2047,2030,2037,2036,2003
2029,2031,2036,2036,2027,2036,2026,1994
2022,2033,2037,2035,2025,2009,2014,1999
2023,2037,2042,2036,2021,1966,2015,2005
2017,2037,2045,2043,2058,1954,2011,2008
2015,2033,2052,2050,2062,1965,2030,2019
2026,2038,2057,2048,2041,1981,2031,2010
2017,2041,2057,2046,2032,2029,2034,2019
2012,2031,2047,2040,2016,2060,2034,2020
2009,2032,2043,2030,2010,2053,2040,2014
2012,2036,2052,2024,2013,2052,2025,2015
2024,2039,2045,2028,2015,2060,2029,2016
2079,2062,2055,2034,2006,2033,2041,2016
2094,2075,2055,2025,1992,2030,2044,2020
2076,2060,2055,2023,1999,2068,2052,2033
2064,2065,2058,2031,2034,2108,2048,2040
2065,2057,2062,2050,2070,2102,2051,2038
2062,2058,2060,2053,2093,2026,2025,2033
2054,2053,2055,2054,2080,2002,2023,2036
2049,2051,2050,2052,2061,2047,2027,2036
2048,2053,2056,2048,2056,2051,2031,2049
2051,2060,2062,2052,2059,2072,2038,2056
2056,2068,2063,2054,2072,2082,2053,2048
2058,2059,2058,2047,2062,2087,2027,2044
2056,2052,2056,2047,2062,2084,2037,2047
2045,2056,2059,2045,2056,2072,2031,2032
2046,2058,2057,2043,2056,2072,2035,2025
2050,2062,2052,2043,2048,2061,2057,2025
2056,2057,2057,2046,2056,2072,2059,2012
2048,2057,2055,2048,2063,2066,2052,1998
2042,2057,2060,2045,2066,2060,2042,1990
2036,2052,2061,2047,2070,2064,2054,1992
2039,2057,2059,2050,2062,2059,2034,1997
2044,2057,2062,2046,2046,2045,2015,1996
2051,2063,2054,2034,2016,2056,2028,2010
2049,2055,2054,2025,1977,2093,2022,2014
2052,2053,2046,2008,1920,2084,2033,2007
2043,2038,2032,1986,1896,2072,2002,1991
2040,2033,2030,1990,1907,2032,2011,2000
2062,2060,2048,2024,1974,2008,2034,2017
2068,2069,2062,2050,2060,2050,2052,2022
2061,2058,2055,2060,2101,2106,2040,2015
2053,2037,2044,2049,2109,2113,2050,2028
2046,2034,2035,2041,2120,2094,2046,2038
2042,2032,2038,2048,2108,2047,2042,2038
2042,2054,2060,2054,2102,2023,2054,2049
2050,2071,2065,2056,2114,2012,2035,2059
2053,2075,2067,2064,2117,2035,2045,2060
2050,2068,2061,2057,2098,2044,2036,2063
2051,2070,2060,2061,2085,2050,2031,2056
2039,2064,2053,2042,2075,2063,2044,2058
2036,2057,2043,2037,2077,2065,2022,2052
2035,2052,2045,2041,2086,2059,2021,2056
2039,2056,2042,2034,2079,2047,2012,2040
2030,2042,2041,2036,2066,2066,1998,2034
2030,2037,2037,2033,2068,2120,2040,2025
2038,2051,2045,2043,2066,2136,2045,2030
2044,2053,2049,2049,2051,2103,2048,2032
2035,2052,2048,2045,2029,2079,2039,2024
2036,2050,2047,2042,2026,2041,2004,2028
2037,2052,2051,2050,2036,2016,1995,2031
2041,2059,2055,2041,2016,2008,1990,2024
2050,2053,2043,2030,2017,2015,2024,2026
2042,2052,2042,2026,2040,2049,2031,2011
2046,2040,2035,2029,2050,2065,2045,2001
2043,2034,2030,2024,2048,2054,2035,2009
2040,2042,2025,2026,2050,2056,2041,2014
2052,2043,2030,2023,2058,2053,2021,2009
2044,2044,2032,2022,2049,2040,2013,2009
2032,2043,2039,2036,2069,2044,2023,2001
2038,2050,2041,2045,2098,2046,2037,2004
2034,2045,2046,2044,2085,2031,2027,2011
2034,2050,2050,2044,2049,2016,2026,2021
2042,2054,2056,2040,2017,2006,2041,2012
2048,2050,2055,2032,2008,2020,2039,2013
2042,2049,2052,2034,2011,2035,2044,2012
2047,2050,2050,2024,2018,2041,2040,2022
2052,2054,2062,2039,2022,2028,2033,2032
2050,2059,2062,2041,2016,2029,2026,2027
2051,2056,2061,2037,2000,2032,2015,2024
2044,2054,2060,2038,1999,2039,2023,2025
2039,2055,2056,2030,2016,2054,2027,2032
2041,2053,2049,2044,2041,2070,2038,2030
2039,2048,2055,2032,2102,2070,2019,2032
2035,2043,2046,2043,2133,2054,2019,2034
2038,2044,2047,2062,2124,2016,2015,2035
2040,2046,2052,2064,2109,2033,2033,2030
2039,2046,2054,2057,2113,2057,2031,2031
2042,2042,2040,2042,2077,2061,2034,2030
2044,2041,2037,2024,2000,2052,2040,2028
2034,2038,2045,2030,2042,2054,2051,2037
2041,2047,2046,2041,2086,2052,2051,2032
2050,2051,2048,2037,2109,2040,2062,2041
2043,2051,2047,2023,2069,2006,2064,2038
2039,2048,2045,2017,2018,1999,2040,2037
2044,2061,2049,2027,1994,2008,2076,2032
2050,2055,2058,2031,2019,2034,2068,2031
2042,2055,2047,2029,2042,2062,2066,2020
2028,2040,2040,2028,2057,2096,2074,2024
2033,2043,2036,2030,2057,2114,2071,2025
2037,2046,2038,2035,2045,2124,2054,2022
2037,2043,2041,2033,2052,2114,2042,2015
2040,2046,2039,2032,2045,2132,2029,2016
2038,2046,2042,2033,2048,2180,2059,1996
2034,2043,2035,2024,2055,2189,2054,1998
2029,2035,2032,2028,2054,2141,2065,1995
2035,2037,2032,2028,2038,2003,2022,1987
2027,2038,2028,2024,2029,1937,2028,1990
2024,2033,2026,2027,2044,1977,2054,2009
2026,2035,2031,2030,2071,2011,2069,2017
2027,2040,2033,2034,2087,2035,2056,2020
2031,2035,2033,2030,2090,2054,2067,2019
2027,2032,2027,2032,2069,2067,2058,2024
2031,2034,2028,2032,2055,2070,2057,2028
2027,2033,2026,2033,2052,2082,2070,2033
2034,2035,2033,2033,2043,2103,2064,2041
2032,2033,2034,2031,2015,2120,2071,2040
2037,2030,2034,2022,2002,2100,2034,2032
2023,2032,2027,2008,1984,2066,2014,2025
2027,2028,2020,2002,1980,2013,2025,2028
2028,2031,2023,2010,2026,1918,2021,2046
2033,2032,2036,2034,2096,1906,2020,2065
2048,2043,2049,2056,2145,1953,2032,2070
2053,2051,2055,2045,2095,1973,2046,2067
2049,2050,2054,2031,2033,1961,2053,2057
2050,2044,2045,2020,1952,1952,2029,2033
2047,2032,2035,1997,1882,1984,2018,2020
2034,2032,2024,1984,1904,2055,2043,2015
2039,2035,2034,2006,1969,2080,2051,2013
2041,2034,2035,2028,2004,2087,2049,2010
2044,2043,2052,2037,2046,2167,2055,2008
2047,2040,2049,2052,2103,2230,2061,2007
2042,2046,2051,2052,2124,2177,2061,2014
2047,2048,2052,2053,2096,2059,2042,1999
2055,2051,2055,2043,2072,2035,2038,1999
2046,2046,2055,2035,2049,1991,2027,1989
2035,2045,2052,2028,2041,1982,2028,1986
2032,2031,2041,2023,2039,1991,2038,1985
2033,2024,2042,2026,2054,2004,2045,1999
2033,2038,2046,2038,2076,2031,2057,2013
2036,2034,2054,2045,2075,2031,2059,2016
2038,2035,2056,2049,2082,2036,2056,2012
2039,2042,2055,2045,2080,2034,2057,2020
2041,2046,2056,2043,2080,2042,2063,2026
2041,2056,2059,2051,2088,2062,2071,2039
2051,2057,2051,2056,2095,2073,2085,2044
2046,2047,2050,2043,2080,2082,2066,2039
2041,2043,2045,2031,2061,2077,2053,2038
2034,2044,2045,2035,2058,2080,2042,2030
2035,2053,2049,2039,2069,2093,2056,2034
2036,2040,2043,2041,2070,2096,2056,2045
2036,2030,2032,2028,2053,2082,2053,2059
2037,2033,2029,2029,2043,2066,2051,2061
2033,2029,2029,2028,2049,2065,2039,2048
2027,2012,2016,2018,2057,2073,2035,2041
2028,2015,2023,2025,2074,2081,2046,2040
2033,2032,2033,2040,2084,2093,2043,2038
2035,2031,2034,2045,2078,2091,2031,2035
2042,2039,2040,2045,2079,2042,2028,2040
2042,2045,2036,2048,2081,1988,2030,2034
2037,2033,2032,2042,2077,1991,2029,2029
2040,2028,2030,2036,2061,2001,2032,2034
2052,2036,2033,2037,2017,2007,2022,2029
2043,2036,2038,2016,1939,2002,2016,2024
2045,2035,2042,2016,1946,2016,2020,2020
2053,2052,2060,2031,1977,2024,2028,2020
2048,2049,2060,2046,2007,2025,2024,2010
2039,2033,2053,2046,2034,2015,2020,2003
2037,2036,2055,2050,2054,2015,2026,2009
2053,2043,2054,2051,2085,2024,2034,2018
2049,2043,2056,2055,2081,2018,2035,2004
2034,2034,2044,2045,2074,2022,2030,1999
2034,2031,2049,2044,2069,2044,2038,2004
2034,2041,2054,2049,2063,2046,2051,2010
2039,2037,2049,2046,2067,2046,2039,2032
2041,2034,2044,2044,2054,2034,2008,2035
2042,2034,2045,2022,2016,2035,2035,2035
2042,2039,2040,2021,2006,2047,2042,2027
2048,2044,2046,2034,2025,2063,2046,2027
2043,2047,2049,2043,2034,2071,2033,2024
2049,2052,2060,2048,2050,2080,2056,2034
2049,2061,2053,2050,2053,2095,2043,2036
2047,2051,2041,2047,2044,2094,2049,2034
2039,2040,2036,2041,2038,2068,2038,2040
2035,2032,2030,2038,2041,2051,2034,2042
2028,2038,2035,2043,2046,2064,2029,2042
2026,2044,2044,2041,2046,2059,2034,2041
2027,2042,2037,2040,2045,2059,2015,2042
2021,2028,2041,2041,2050,2066,2017,2052
2025,2033,2045,2051,2058,2073,2042,2054
2038,2049,2044,2051,2048,2076,2057,2046
2043,2051,2049,2048,2044,2070,2043,2037
2038,2047,2047,2044,2030,2064,2047,2032
2038,2039,2047,2042,2011,2053,2042,2025
2021,2024,2041,2029,1987,2065,2020,2014
2023,2019,2034,2020,1979,2076,2030,2029
2033,2024,2033,2021,1988,2078,2033,2015
2019,2037,2035,2023,1987,2067,2036,2007
2017,2042,2045,2042,2023,2027,2035,2009
2022,2040,2053,2067,2082,1995,2037,2006
2019,2032,2046,2071,2085,2004,2034,2003
2019,2025,2035,2063,2078,2016,2033,2004
2034,2029,2026,2049,2043,2033,2033,2008
2046,2045,2041,2051,2047,2040,2042,2006
2041,2050,2042,2046,2059,2042,2035,2007
2044,2050,2035,2042,2043,2046,2051,2008
2040,2047,2040,2033,2058,2067,2046,2011
2038,2039,2039,2038,2078,2077,2069,2014
2036,2043,2038,2041,2080,2085,2054,2009
2036,2037,2041,2038,2072,2085,2071,2008
2030,2037,2036,2041,2071,2085,2072,2010
2027,2036,2040,2048,2078,2092,2056,2016
2036,2046,2043,2050,2072,2085,2056,2027
2036,2058,2052,2050,2050,2070,2056,2042
2044,2057,2056,2046,2038,2060,2049,2046
2046,2058,2056,2051,2036,2028,2053,2059
2046,2047,2052,2049,2044,2018,2051,2062
2038,2044,2048,2049,2041,2029,2045,2057
2048,2050,2048,2049,2041,2046,2057,2056
2045,2050,2056,2040,2036,2048,2052,2056
2036,2041,2056,2042,2031,2052,2042,2048
2031,2033,2043,2031,2035,2056,2039,2049
2033,2026,2044,2030,2040,2062,2048,2058
2041,2050,2052,2034,2034,2063,2060,2061
2047,2048,2049,2031,2034,2068,2062,2058
2050,2050,2055,2035,2033,2058,2021,2053
2049,2049,2053,2035,2024,2043,2019,2050
2047,2051,2044,2037,2032,2027,2045,2037
2043,2053,2052,2041,2044,2042,2063,2043
2050,2060,2052,2046,2046,2045,2042,2040
2056,2052,2049,2048,2040,2023,2048,2029
2057,2048,2056,2038,2027,2018,2027,2023
2051,2041,2051,2037,2018,2022,2029,2026
2049,2045,2045,2042,2027,2036,2031,2020
2042,2039,2042,2042,2066,2056,2037,2013
2046,2039,2035,2036,2070,2052,2041,2011
2038,2039,2040,2030,2030,2032,2042,2007
2045,2042,2045,2036,2020,1991,2038,2006
2040,2041,2049,2035,2009,1983,2045,2011
2040,2048,2045,2041,2033,1982,2054,2013
2046,2051,2050,2036,2052,1989,2046,2023
2048,2050,2048,2035,2067,2008,2024,2020
2043,2050,2051,2047,2067,2023,2036,2021
2050,2054,2051,2048,2051,2028,2032,2016
2047,2054,2052,2048,2051,2031,2024,2016
2044,2051,2048,2043,2052,2048,2030,2027
2038,2045,2043,2041,2055,2069,2049,2029
2038,2044,2039,2029,2045,2081,2053,2041
2045,2042,2035,2020,2035,2085,2058,2047
2043,2031,2033,2021,2028,2092,2057,2058
2037,2032,2040,2035,2031,2044,2062,2067
2045,2035,2045,2039,2042,2044,2078,2082
2059,2040,2050,2042,2068,2051,2079,2086
2059,2044,2054,2040,2068,2081,2078,2074
2056,2034,2040,2039,2061,2106,2084,2054
2030,2024,2033,2031,2055,2088,2060,2040
2021,2020,2037,2028,2043,2066,2046,2042
2027,2027,2038,2032,2040,2032,2027,2031
2025,2036,2041,2040,2034,1967,1991,2037
2034,2054,2053,2043,2055,1959,2015,2043
2047,2056,2056,2052,2062,2011,2025,2048
2050,2059,2054,2042,2052,2098,2048,2038
2042,2051,2051,2035,2042,2147,2051,2026
2041,2039,2046,2033,2049,2173,2072,2023
2042,2041,2044,2035,2053,2172,2061,2013
2046,2042,2051,2039,2077,2155,2068,2008
2036,2040,2057,2049,2084,2132,2040,2007
2042,2047,2056,2050,2068,2131,2049,2006
2044,2042,2052,2037,2058,2131,2042,2005
2049,2041,2049,2031,2015,2067,2040,1998
2039,2036,2042,2011,1966,1976,2041,1993
2027,2014,2024,1998,1939,1977,2030,1996
2017,2012,2020,1989,1936,1955,2020,2009
2022,2025,2031,2018,1991,1899,2017,2029
2039,2039,2047,2047,2060,1869,2057,2035
2046,2044,2051,2048,2083,1908,2059,2039
2045,2046,2053,2049,2086,1967,2055,2041
2045,2051,2052,2060,2070,2005,2030,2033
2050,2053,2058,2054,2063,2034,2041,2044
2047,2056,2053,2059,2064,2065,2060,2053
2049,2048,2052,2055,2071,2103,2074,2060
2050,2046,2054,2050,2072,2128,2064,2064
2049,2047,2053,2046,2066,2114,2048,2058
2044,2043,2045,2042,2075,2104,2059,2052
2038,2032,2042,2041,2098,2097,2074,2058
2048,2039,2039,2038,2113,2101,2058,2059
2038,2026,2042,2034,2105,2104,2061,2066
2037,2025,2041,2037,2086,2057,2034,2060
2031,2021,2035,2030,2056,2020,2003,2060
2022,2024,2036,2026,2038,2040,2045,2058
2038,2043,2044,2026,2030,2042,2063,2057
2039,2041,2052,2030,2035,2048,2062,2055
2040,2041,2051,2039,2030,2048,2049,2052
2041,2036,2044,2033,2021,2049,2051,2047
2040,2033,2042,2029,2007,2053,2061,2042
2040,2031,2044,2028,2016,2062,2054,2038
2034,2032,2040,2026,2032,2063,2041,2023
2034,2033,2037,2028,2043,2071,2053,2027
2036,2040,2042,2027,2055,2086,2052,2028
2040,2043,2046,2034,2068,2127,2068,2033
2053,2055,2051,2044,2076,2142,2068,2034
2059,2057,2053,2052,2073,2126,2054,2028
2057,2062,2060,2050,2072,2034,2040,2030
2055,2054,2052,2044,2067,1973,2045,2029
2056,2050,2046,2040,2057,2003,2026,2023
2043,2038,2037,2031,2033,2047,2052,2017
2045,2039,2045,2030,2024,2055,2053,2028
2048,2046,2047,2038,2030,2057,2049,2024
2043,2044,2043,2043,2045,2045,2047,2029
2046,2037,2043,2036,2030,2001,2047,2034
2049,2042,2041,2032,2034,1975,2053,2050
2056,2043,2044,2038,2057,1989,2062,2060
2053,2043,2042,2036,2054,2010,2054,2049
2052,2041,2040,2027,2070,2029,2043,2043
2049,2039,2045,2037,2099,2059,2050,2054
2053,2051,2055,2053,2120,2107,2058,2065
2060,2051,2055,2057,2124,2126,2066,2061
2058,2044,2047,2052,2089,2121,2069,2077
2053,2046,2048,2052,2022,2076,2054,2074
2054,2041,2043,2033,1925,2019,2055,2075
2055,2043,2042,2034,1954,1967,2055,2088
2058,2036,2041,2042,2023,1975,2047,2076
2053,2039,2046,2060,2074,2005,2038,2074
2055,2042,2049,2068,2096,2055,2068,2066
2054,2042,2047,2059,2095,2080,2066,2055
2047,2042,2042,2044,2067,2062,2071,2050
2045,2043,2045,2036,2035,2017,2056,2044
2042,2044,2044,2033,2040,1994,2051,2044
2044,2052,2045,2029,2031,2004,2061,2051
2052,2053,2047,2033,2030,2028,2088,2040
2056,2053,2047,2041,2027,2049,2081,2045
2056,2053,2045,2038,2022,2048,2079,2036
2057,2049,2044,2035,2013,2031,2065,2034
2057,2050,2045,2036,2018,2020,2066,2036
2050,2048,2047,2037,2027,2020,2067,2038
2051,2051,2049,2041,2029,2032,2060,2035
2049,2045,2046,2049,2030,2041,2040,2032
2052,2051,2046,2049,2024,2047,2047,2016
2048,2038,2045,2041,2016,2061,2050,2010
2042,2037,2044,2039,2011,2080,2056,2012
2051,2049,2053,2043,2026,2070,2051,2018
2053,2048,2049,2040,2036,2057,2044,2028
2044,2046,2047,2045,2050,2057,2055,2023
2046,2049,2039,2043,2063,2055,2060,2025
2045,2037,2035,2041,2080,2045,2063,2026
2045,2033,2029,2049,2096,2040,2052,2031
2042,2042,2035,2046,2063,2039,2069,2046
2046,2049,2042,2043,2017,2049,2077,2055
2046,2047,2038,2035,1989,2066,2075,2058
2050,2038,2030,2014,1996,2070,2066,2051
2034,2029,2029,2020,2003,2080,2079,2064
2042,2040,2037,2052,2043,2057,2071,2079
2045,2043,2052,2069,2108,2048,2063,2080
2042,2035,2039,2066,2114,2065,2067,2070
2035,2042,2042,2064,2099,2073,2069,2062
2038,2034,2037,2055,2073,2077,2060,2071
2041,2036,2038,2056,2064,2085,2075,2079
2060,2056,2046,2058,2116,2095,2070,2080
2056,2055,2051,2051,2114,2094,2085,2078
2059,2046,2039,2039,2103,2060,2076,2062
2052,2049,2036,2045,2095,2034,2053,2054
2052,2049,2037,2038,2023,2032,2037,2050
2049,2047,2032,2023,1968,2034,2039,2042
2043,2042,2033,2035,2003,2029,2047,2039
2041,2047,2037,2040,2038,2027,2058,2032
2035,2042,2038,2043,2033,2007,2042,2026
2039,2037,2028,2040,2012,1986,2045,2030
2036,2036,2027,2046,2041,2009,2041,2033
2042,2042,2028,2050,2068,2026,2034,2030
2048,2041,2031,2050,2098,2026,2036,2028
2054,2040,2028,2049,2118,2040,2066,2039
2059,2041,2026,2055,2127,2039,2056,2031
2048,2034,2023,2057,2123,2026,2052,2028
2045,2037,2017,2044,2064,2005,2065,2027
2044,2039,2019,2039,2019,1995,2034,2035
2047,2042,2024,2041,2010,2011,2032,2036
2050,2038,2032,2049,2029,2026,2054,2042
2055,2046,2045,2059,2049,2034,2049,2045
2067,2056,2049,2057,2042,2030,2058,2057
2069,2052,2047,2051,2020,2026,2067,2054
2062,2044,2042,2048,2027,2034,2066,2055
2056,2050,2044,2057,2055,2038,2062,2061
2060,2043,2036,2056,2064,2045,2054,2078
2064,2047,2042,2054,2067,2054,2074,2090
2069,2043,2036,2054,2048,2046,2069,2100
2075,2047,2034,2048,2019,2020,2055,2093
2070,2045,2037,2045,2005,2008,2024,2083
2057,2055,2047,2045,2012,1998,2029,2076
2057,2050,2042,2042,2003,1992,2040,2066
2041,2044,2042,2030,1982,1994,2051,2077
2053,2050,2046,2021,1959,2012,2062,2077
2055,2044,2037,2020,1963,2028,2071,2071
2057,2044,2036,2022,1982,2027,2058,2064
2055,2054,2038,2023,2014,2011,2063,2066
2062,2061,2050,2033,2037,2010,2056,2056
2061,2059,2044,2040,2033,2007,2059,2053
2068,2073,2043,2041,2033,2022,2066,2058
2070,2073,2056,2057,2065,2043,2062,2051
2070,2067,2054,2062,2069,2069,2044,2050
2060,2058,2053,2059,2062,2086,2053,2046
2044,2050,2044,2053,2058,2092,2058,2041
2048,2041,2041,2048,2053,2084,2065,2043
2045,2033,2034,2038,2063,2081,2056,2038
2052,2027,2031,2038,2075,2081,2058,2046
2038,2028,2036,2039,2111,2075,2055,2048
2029,2022,2026,2041,2101,2069,2060,2055
2038,2019,2030,2047,2081,2073,2072,2063
2046,2045,2042,2052,2068,2069,2072,2061
2052,2053,2044,2048,2037,2045,2056,2051
2045,2048,2048,2042,2020,2043,2070,2053
2050,2044,2044,2035,2040,2031,2075,2058
2053,2052,2047,2038,2066,2000,2064,2064
2062,2061,2054,2056,2090,2020,2067,2069
2063,2061,2061,2067,2092,2042,2085,2071
2061,2067,2064,2061,2076,2036,2082,2070
2060,2054,2055,2050,2065,2036,2080,2072
2060,2048,2054,2045,2052,2026,2045,2084
2061,2047,2053,2047,2050,2026,2035,2090
2056,2045,2044,2040,2057,2045,2049,2099
2053,2050,2052,2041,2054,2086,2060,2097
2059,2057,2058,2052,2067,2137,2062,2093
2067,2063,2058,2052,2069,2155,2054,2087
2053,2049,2050,2052,2066,2099,2042,2077
2046,2042,2046,2046,2050,1993,2030,2082
2048,2048,2047,2049,2049,2001,2035,2079
2052,2055,2053,2054,2059,2061,2040,2083
2056,2054,2045,2048,2061,2098,2032,2072
2058,2052,2050,2050,2056,2096,2051,2076
2061,2051,2048,2043,2045,2073,2066,2077
2060,2045,2044,2036,2039,2019,2062,2074
2062,2048,2050,2048,2043,2025,2096,2069
2075,2052,2046,2040,2042,2041,2094,2070
2078,2055,2048,2046,2036,2051,2095,2069
2077,2054,2047,2042,2037,2052,2097,2061
2068,2048,2048,2043,2037,2039,2092,2055
2071,2055,2048,2043,2032,2029,2082,2053
2071,2052,2047,2044,2026,2017,2075,2042
2062,2045,2047,2043,2051,2011,2064,2035
2055,2038,2036,2041,2077,2026,2038,2024
2032,2026,2037,2040,2080,2038,2014,2028
2041,2038,2038,2050,2086,2049,2046,2039
2057,2048,2047,2056,2088,2039,2057,2049
2066,2047,2048,2055,2088,2037,2064,2065
2064,2047,2043,2050,2081,2032,2062,2066
2066,2047,2048,2054,2089,2038,2044,2060
2059,2049,2053,2057,2092,2019,2039,2057
2060,2049,2050,2059,2086,2000,2044,2063
2062,2045,2047,2051,2075,2025,2066,2063
