CH1,CH2,CH3,CH4,CH5,CH6,CH7,CH8
2044,2046,2058,2047,2102,2041,2047,2048
2052,2061,2074,2057,2108,2037,2045,2049
2058,2056,2079,2063,2142,2039,2036,2041
2052,2047,2079,2062,2155,2033,2031,2031
2052,2043,2070,2059,2125,2035,2040,2028
2041,2041,2060,2042,2010,2019,2054,2029
2040,2019,2040,2016,1852,1995,2008,2006
2020,2008,2033,2034,1898,2021,2010,2006
2036,2034,2070,2087,2048,2075,2046,2033
2057,2054,2081,2094,2103,2077,2050,2030
2057,2069,2101,2091,2097,2065,2060,2033
2064,2077,2113,2090,2087,2060,2064,2042
2071,2085,2112,2095,2072,2066,2060,2046
2075,2078,2098,2070,2026,2051,2072,2048
2062,2064,2065,2055,2039,2054,2048,2049
2055,2047,2050,2056,2107,2063,2048,2047
2047,2040,2050,2060,2104,2052,2042,2059
2051,2038,2064,2063,2094,2050,2058,2065
2053,2044,2064,2065,2092,2058,2058,2078
2047,2040,2056,2059,2065,2058,2060,2093
2050,2042,2053,2052,2028,2052,2061,2096
2053,2050,2056,2069,2059,2054,2067,2109
2060,2049,2059,2074,2066,2025,2031,2083
2038,2036,2046,2074,2079,2025,2018,2088
2040,2042,2046,2080,2089,2046,2044,2110
2059,2067,2051,2078,2066,2052,2049,2103
2053,2056,2048,2081,2081,2060,2036,2092
2040,2052,2046,2073,2048,2057,2048,2085
2040,2058,2052,2045,1951,2043,2037,2084
2043,2058,2049,1981,1824,2022,2042,2077
2053,2058,2046,1960,1848,2015,2037,2073
2059,2055,2043,1975,1949,2032,2042,2075
2056,2058,2037,1994,1980,2048,2038,2065
2057,2050,2028,1996,1973,2047,2030,2052
2052,2050,2027,2003,1986,2039,2029,2038
2054,2048,2044,2015,2054,2053,2044,2032
2054,2057,2061,2039,2153,2076,2046,2033
2059,2056,2064,2061,2186,2087,2039,2028
2049,2043,2050,2041,2112,2057,1996,2005
2017,2021,2043,2039,2056,2037,2002,2004
2020,2032,2055,2041,2032,2062,2044,2039
2057,2050,2056,2030,1996,2025,2037,2032
2051,2046,2053,2025,1970,2013,2035,2028
2050,2051,2058,2050,2019,2052,2045,2032
2056,2059,2072,2058,2059,2077,2058,2037
2066,2065,2076,2075,2114,2086,2074,2056
2064,2068,2074,2076,2151,2091,2085,2063
2063,2064,2068,2064,2111,2100,2078,2054
2062,2059,2050,2052,2076,2093,2080,2061
2049,2053,2045,2042,1974,2050,2065,2064
2049,2046,2034,2016,1911,2029,2053,2060
2046,2047,2037,2017,1959,2006,2029,2076
2051,2055,2041,2030,2045,1983,2043,2088
2056,2067,2057,2053,2150,2014,2060,2094
2056,2050,2049,2030,2125,2003,2032,2075
2028,2012,2026,1997,2031,1996,2027,2077
2018,2012,2030,1975,1974,2011,2047,2094
2040,2049,2040,1979,1892,2006,2033,2096
2049,2041,2035,1981,1848,1993,2036,2078
2038,2034,2030,1975,1893,1998,2031,2061
2034,2032,2018,1964,1888,2010,2021,2064
2034,2035,2038,2009,1946,2005,2047,2074
2058,2062,2057,2066,2029,2014,2068,2082
2060,2063,2064,2072,2096,2053,2069,2073
2062,2065,2064,2067,2152,2093,2072,2060
2056,2055,2046,2056,2153,2105,2061,2047
2051,2053,2043,2049,2158,2098,2063,2042
2049,2047,2041,2050,2148,2067,2030,2030
2044,2045,2038,2042,2109,2051,2023,2026
2041,2046,2046,2044,2086,2053,2029,2023
2052,2041,2042,2039,2060,2035,1996,1995
2017,2007,2013,2023,2050,2017,1982,1992
2012,2006,2013,2022,2055,2032,2012,2017
2043,2044,2048,2047,2069,2039,2036,2019
2043,2045,2047,2043,2070,2044,2049,2023
2048,2047,2048,2038,2066,2053,2051,2027
2051,2050,2043,2046,2076,2059,2047,2028
2048,2048,2044,2046,2067,2056,2045,2033
2050,2046,2037,2046,2072,2057,2057,2046
2046,2039,2029,2047,2077,2060,2047,2042
2041,2030,2034,2051,2071,2059,2062,2047
2041,2032,2025,2049,2072,2058,2058,2052
2043,2030,2019,2044,2073,2056,2049,2066
2038,2029,2017,2046,2072,2052,2056,2074
2039,2024,2013,2046,2070,2052,2045,2084
2044,2038,2013,2049,2066,2056,2024,2087
2046,2038,2006,2044,2053,2036,2022,2083
2015,1996,1984,2026,2040,2025,2016,2072
2017,1993,1983,2020,2049,2041,2040,2094
2046,2037,2016,2041,2056,2051,2031,2091
2049,2031,2019,2040,2057,2049,2053,2093
2053,2041,2024,2040,2056,2046,2054,2081
2052,2035,2029,2043,2051,2044,2044,2074
2052,2040,2036,2040,2039,2042,2043,2069
2049,2031,2052,2044,2039,2038,2038,2055
2047,2037,2062,2048,2039,2042,2048,2053
2051,2045,2068,2050,2041,2039,2044,2045
2049,2049,2076,2054,2048,2040,2046,2036
2055,2058,2078,2053,2045,2039,2041,2042
2053,2058,2072,2049,2046,2040,2027,2031
2047,2056,2071,2042,2044,2035,2036,2026
2057,2059,2075,2050,2045,2047,2039,2031
2063,2066,2070,2048,2053,2036,2022,2009
2034,2033,2046,2031,2035,2020,2018,2005
2037,2028,2036,2026,2028,2030,2039,2017
2062,2065,2060,2046,2058,2048,2066,2020
2069,2067,2051,2047,2063,2049,2055,2025
2064,2068,2048,2046,2065,2056,2037,2024
2065,2073,2054,2046,2061,2055,2037,2028
2065,2066,2052,2054,2066,2052,2033,2041
2063,2062,2051,2060,2072,2057,2046,2042
2059,2061,2043,2056,2065,2057,2025,2051
2056,2051,2040,2056,2067,2051,2023,2057
2054,2048,2033,2059,2069,2051,2013,2060
2054,2044,2031,2059,2068,2050,2056,2061
2053,2046,2033,2058,2059,2047,2050,2072
2049,2039,2036,2056,2080,2044,2031,2082
2049,2034,2028,2061,2101,2045,2020,2080
2047,2035,2037,2060,2097,2040,2011,2073
2024,2002,2016,2039,2082,2021,1998,2064
2023,2002,2019,2045,2081,2023,2037,2093
2046,2038,2064,2064,2087,2046,2044,2090
2058,2058,2063,2062,2087,2049,2037,2086
2051,2057,2064,2054,2043,2044,2067,2084
2054,2062,2064,2030,1932,2038,2068,2076
2057,2063,2067,2033,1986,2048,2056,2076
2059,2060,2064,2046,2039,2055,2057,2068
2060,2067,2077,2064,2069,2061,2059,2055
2059,2059,2082,2070,2053,2056,2058,2052
2055,2061,2082,2063,2035,2049,2046,2043
2057,2047,2059,2063,2047,2047,2046,2029
2047,2040,2048,2069,2070,2056,2050,2020
2042,2029,2039,2075,2071,2055,2013,2021
2039,2038,2031,2077,2060,2052,2046,2023
2047,2034,2030,2074,2054,2049,2047,2017
2042,2018,2007,2057,2026,2023,2027,1994
2023,2012,2004,2052,2010,2033,2029,1994
2026,2023,2014,2065,2033,2050,2047,2022
2051,2041,2028,2062,2007,2043,2050,2015
2047,2040,2031,2033,1936,2024,2044,2013
2043,2052,2040,2019,1911,2003,2022,2009
2049,2057,2047,2019,1940,2013,2028,1996
2042,2053,2048,2017,2014,2022,2026,2005
2036,2043,2046,2035,2095,2025,2052,2026
2048,2056,2064,2064,2158,2051,2067,2046
2069,2081,2087,2075,2158,2070,2070,2069
2071,2094,2105,2068,2144,2081,2064,2073
2067,2094,2102,2068,2142,2082,2075,2082
2061,2092,2089,2056,2114,2073,2075,2087
2062,2092,2091,2052,2081,2063,2073,2087
2065,2092,2098,2060,2101,2073,2063,2092
2061,2084,2075,2038,2077,2057,2036,2077
2026,2032,2022,1997,2059,2035,2026,2075
2022,2026,2011,1985,2069,2035,2046,2092
2052,2066,2040,2015,2104,2048,2066,2096
2055,2070,2042,2003,2067,2021,2036,2088
2052,2066,2046,2009,1987,2008,2044,2085
2055,2064,2060,2017,1962,2008,2048,2079
2056,2075,2069,2033,2036,2026,2054,2069
2052,2080,2076,2058,2125,2047,2059,2054
2053,2071,2077,2070,2174,2053,2056,2053
2054,2065,2073,2066,2184,2062,2042,2056
2064,2060,2063,2069,2190,2067,2052,2051
2049,2056,2058,2075,2175,2066,2048,2045
2053,2061,2061,2079,2122,2066,2030,2043
2053,2071,2060,2065,1970,2037,2054,2031
2047,2059,2046,2047,1943,2034,2063,2024
2049,2043,2041,2047,1993,2042,2049,2018
2030,2017,2007,2018,2005,2020,2018,1995
2009,1999,2000,2014,2010,2024,2034,1998
2013,2018,2022,2034,2037,2056,2052,2023
2040,2041,2035,2042,2034,2057,2055,2025
2057,2054,2058,2056,2016,2048,2067,2028
2056,2062,2066,2058,2013,2044,2068,2039
2060,2060,2058,2048,2028,2048,2051,2036
2048,2052,2036,2035,2031,2044,2067,2038
2054,2048,2016,2036,2050,2051,2058,2038
2046,2048,2024,2053,2070,2061,2064,2042
2051,2046,2028,2063,2087,2061,2062,2050
2044,2042,2021,2061,2086,2060,2050,2056
2050,2039,2014,2061,2054,2048,2048,2061
2046,2039,2015,2059,1981,2049,2058,2067
2043,2042,2013,2058,2011,2060,2054,2068
2040,2031,2017,2051,2068,2065,2048,2067
2032,2035,2024,2061,2083,2061,2026,2053
2006,2003,2013,2063,2071,2055,2020,2060
2007,2010,2022,2074,2081,2056,2047,2088
2046,2054,2058,2095,2046,2031,2056,2085
2051,2064,2077,2098,2050,2039,2062,2081
2056,2068,2101,2072,1998,2044,2054,2077
2054,2071,2129,2039,1887,2035,2059,2065
2054,2074,2136,2019,1854,2025,2056,2062
2057,2071,2140,2034,1921,2019,2049,2059
2060,2089,2156,2059,1980,2030,2062,2058
2072,2108,2157,2056,1998,2034,2057,2055
2076,2111,2144,2051,2003,2044,2063,2055
2078,2107,2133,2065,2056,2046,2069,2043
2064,2096,2113,2065,2152,2049,2064,2035
2062,2080,2089,2061,2203,2053,2062,2013
2049,2075,2082,2031,2111,2032,2040,2011
2056,2075,2071,2009,2033,2035,2034,1999
2038,2041,2039,1980,2030,2019,2034,2000
2028,2031,2027,1957,1972,2002,2040,2006
2044,2057,2037,1981,1952,2022,2052,2012
2052,2066,2043,1994,1998,2030,2055,2017
2053,2068,2039,2005,2027,2038,2020,2024
2060,2056,2027,2001,2018,2040,2042,2029
2050,2053,2028,1997,1995,2043,2052,2028
2050,2056,2022,1998,1998,2043,2054,2037
2052,2052,2028,2026,2066,2066,2051,2037
2053,2047,2033,2046,2095,2074,2057,2043
2053,2043,2033,2043,2111,2068,2067,2043
2050,2045,2036,2061,2162,2042,2046,2052
2045,2038,2032,2057,2141,2041,2043,2054
2042,2032,2030,2045,2097,2046,2032,2051
2036,2032,2028,2049,2086,2055,2048,2065
2042,2039,2038,2051,2082,2062,2038,2074
2049,2037,2036,2042,2061,2036,2042,2062
2015,2006,2012,2032,2056,2031,2039,2057
2007,2002,2008,2047,2059,2048,2041,2077
2031,2035,2032,2058,2063,2050,2032,2063
2034,2047,2039,2051,2054,2045,2041,2064
2044,2052,2030,2048,2053,2043,2030,2070
2046,2049,2031,2039,2048,2038,2049,2065
2047,2056,2032,2031,2051,2030,2043,2063
2053,2052,2039,2035,2053,2036,2043,2050
2056,2058,2043,2038,2049,2040,2045,2042
2042,2056,2030,2013,2037,2044,2030,2029
2040,2052,2024,2009,2045,2044,2031,2028
2042,2059,2044,2024,2045,2053,2038,2037
2046,2067,2061,2045,2054,2052,2050,2032
2048,2073,2074,2056,2059,2058,2060,2030
2060,2079,2084,2064,2050,2061,2069,2026
2062,2072,2085,2064,2046,2054,2049,2022
2044,2039,2062,2055,2031,2029,1994,1998
2030,2030,2055,2052,2046,2030,1997,1996
2041,2055,2062,2074,2067,2061,2061,2024
2060,2062,2059,2074,2063,2060,2070,2024
2059,2060,2048,2062,2060,2061,2060,2027
2061,2054,2045,2060,2049,2061,2043,2025
2058,2055,2039,2062,2061,2064,2072,2028
2055,2052,2034,2056,2063,2065,2051,2035
2053,2046,2036,2050,2066,2061,2067,2041
2046,2043,2031,2053,2065,2058,2053,2043
2047,2041,2043,2052,2051,2057,2074,2052
2044,2051,2050,2052,2052,2052,2075,2062
2057,2059,2058,2051,2059,2059,2051,2066
2057,2058,2060,2052,2055,2063,2057,2079
2052,2062,2046,2037,2046,2064,2060,2087
2050,2048,2033,2031,2044,2053,2045,2092
2054,2047,2025,2026,2034,2034,2005,2073
2028,2017,2005,2020,2019,2015,2009,2076
2024,2027,2021,2019,2027,2017,2048,2092
2056,2078,2077,2045,2028,2023,2045,2090
2070,2085,2066,2029,2002,2025,2061,2077
2053,2069,2050,2022,1998,2024,2034,2080
2054,2059,2033,2014,2000,2022,2050,2073
2052,2045,2020,1992,2001,2030,2039,2066
2051,2036,2013,1996,2028,2054,2062,2056
2049,2040,2020,2001,2062,2068,2053,2054
2049,2047,2033,2008,2088,2076,2053,2052
2057,2056,2036,2016,2100,2084,2072,2052
2056,2058,2037,2024,2084,2078,2067,2050
2068,2067,2050,2030,2065,2065,2069,2049
2063,2058,2050,2030,2052,2052,2042,2037
2056,2060,2056,2037,2056,2052,2046,2034
2062,2064,2064,2039,2058,2052,2036,2026
2060,2048,2053,2030,2037,2034,2014,2008
2033,2021,2029,2020,2032,2032,2012,2005
2030,2022,2033,2029,2042,2052,2056,2028
2058,2057,2052,2042,2053,2062,2029,2033
2061,2060,2060,2037,2058,2067,2058,2032
2058,2058,2060,2036,2056,2067,2065,2042
2063,2059,2058,2036,2050,2061,2072,2040
2064,2058,2057,2031,2052,2061,2073,2040
2057,2059,2059,2031,2052,2058,2043,2044
2066,2060,2060,2041,2056,2059,2042,2051
2066,2065,2062,2047,2063,2061,2071,2049
2064,2061,2063,2049,2069,2068,2075,2056
2053,2049,2053,2044,2066,2066,2069,2075
2049,2044,2045,2048,2070,2065,2070,2076
2056,2044,2051,2054,2074,2065,2080,2080
2047,2039,2043,2059,2065,2059,2072,2095
2054,2043,2032,2057,2065,2059,2046,2077
2032,2017,2007,2039,2044,2036,2029,2074
2024,2015,2005,2040,2033,2043,2047,2086
2056,2051,2033,2060,2055,2064,2074,2093
2062,2048,2028,2054,2050,2062,2062,2086
2053,2040,2008,2044,2037,2061,2056,2082
2047,2027,1989,2041,2032,2052,2061,2073
2042,2026,1985,2038,2030,2052,2059,2060
2045,2026,1987,2050,2045,2046,2042,2051
2049,2034,1995,2060,2057,2058,2053,2049
2046,2032,1980,2055,2065,2061,2052,2050
2044,2030,1965,2054,2061,2057,2049,2042
2046,2025,1967,2036,2048,2057,2044,2047
2046,2029,1977,2033,2035,2049,2042,2038
2043,2022,1976,2029,2030,2037,2046,2026
2046,2028,1989,2021,2021,2038,2040,2030
2056,2045,2028,2028,2025,2040,2038,2020
2034,2040,2038,2018,2012,2017,2021,2014
2026,2035,2056,2024,2013,2019,2027,2015
2048,2063,2074,2031,2031,2043,2053,2029
2058,2059,2072,2023,2035,2044,2054,2025
2054,2058,2082,2010,2031,2042,2056,2034
2058,2063,2092,2003,2028,2044,2033,2032
2063,2068,2103,2014,2038,2038,2026,2040
2057,2070,2103,2027,2060,2050,2046,2047
2064,2079,2097,2044,2067,2059,2067,2053
2063,2074,2096,2057,2067,2060,2076,2064
2061,2075,2095,2056,2060,2060,2079,2066
2059,2069,2096,2065,2056,2055,2060,2063
2053,2065,2100,2062,2064,2056,2068,2076
2053,2064,2095,2059,2061,2058,2064,2073
2057,2068,2085,2058,2058,2053,2068,2088
2054,2073,2092,2062,2053,2056,2056,2094
2050,2042,2063,2039,2029,2028,2036,2072
2034,2036,2064,2038,2032,2033,2038,2084
2053,2069,2098,2058,2049,2056,2072,2097
2063,2078,2094,2068,2050,2056,2068,2093
2064,2074,2088,2063,2047,2060,2057,2087
2063,2070,2073,2058,2048,2054,2055,2080
2065,2064,2063,2050,2047,2050,2053,2071
2062,2064,2052,2040,2046,2054,2049,2064
2062,2056,2053,2036,2050,2050,2045,2058
2066,2058,2041,2027,2049,2045,2056,2056
2059,2053,2038,2027,2051,2039,2047,2053
2063,2051,2041,2033,2049,2038,2040,2047
2062,2050,2035,2034,2052,2038,2046,2039
2060,2047,2040,2035,2041,2039,2043,2033
2060,2043,2031,2035,2034,2040,2034,2039
2060,2042,2019,2034,2025,2045,2032,2021
2042,2005,1996,2003,1987,2021,2005,2002
2030,1998,1988,1999,1982,2026,2025,2012
2045,2035,2012,2026,2013,2062,2064,2027
2054,2044,2019,2032,2012,2057,2065,2029
2054,2042,2026,2040,2012,2067,2053,2034
2056,2039,2026,2036,2016,2057,2057,2030
2064,2035,2014,2035,2031,2050,2052,2029
2058,2038,2019,2048,2053,2052,2070,2037
2062,2039,2017,2052,2071,2054,2050,2037
2052,2036,2026,2053,2090,2063,2071,2042
2052,2032,2026,2054,2096,2063,2063,2047
2042,2030,2023,2053,2096,2055,2052,2054
2043,2025,2027,2057,2096,2056,2066,2064
2044,2040,2042,2068,2090,2064,2058,2075
2058,2066,2077,2075,2091,2068,2049,2086
2063,2072,2067,2071,2082,2062,2058,2085
2046,2042,2019,2049,2015,2032,2035,2070
2021,2011,1986,2038,2002,2032,2034,2053
2025,2030,2016,2051,2028,2044,2040,2069
2048,2047,2038,2049,2039,2040,2047,2076
2048,2045,2037,2042,2037,2041,2048,2070
2045,2042,2046,2045,2034,2042,2053,2062
2038,2039,2053,2060,2031,2042,2050,2063
2043,2034,2053,2062,2031,2047,2033,2051
2048,2037,2052,2057,2028,2042,2043,2048
2046,2035,2062,2048,2036,2037,2050,2039
2044,2048,2074,2061,2051,2046,2042,2031
2056,2058,2100,2083,2070,2051,2040,2033
2054,2053,2086,2069,2073,2056,2048,2021
2050,2042,2056,2040,2042,2044,2045,2017
2044,2028,2050,2042,2040,2039,2054,2014
2042,2031,2067,2056,2036,2040,2067,2016
2035,2015,2055,2035,2018,2018,2040,1998
2018,2000,2040,2013,2004,2018,2005,1994
2021,2024,2052,2028,2034,2046,2067,2020
2045,2049,2061,2031,2041,2054,2066,2024
2056,2050,2058,2034,2054,2053,2056,2029
2057,2054,2053,2033,2053,2049,2060,2029
2055,2060,2047,2047,2052,2049,2041,2041
2056,2060,2050,2052,2058,2050,2060,2034
2054,2061,2050,2058,2055,2050,2046,2045
2056,2061,2051,2050,2058,2052,2048,2055
2059,2063,2054,2055,2054,2054,2049,2071
2059,2069,2056,2050,2056,2058,2049,2074
2062,2076,2058,2042,2060,2054,2044,2081
2067,2068,2061,2038,2053,2052,2050,2082
2055,2069,2056,2032,2046,2050,2050,2089
2055,2069,2052,2032,2051,2053,2045,2086
2057,2056,2021,2007,2029,2033,2015,2073
2029,2025,2013,2008,2023,2034,2024,2078
2030,2037,2032,2029,2045,2058,2043,2097
2057,2060,2050,2041,2051,2060,2074,2089
2055,2061,2046,2045,2047,2065,2060,2084
2060,2060,2047,2045,2041,2061,2066,2080
2054,2065,2053,2053,2038,2058,2067,2078
2059,2055,2048,2052,2060,2065,2066,2069
2060,2054,2043,2054,2100,2067,2049,2058
2055,2049,2040,2049,2114,2057,2039,2055
2061,2041,2040,2048,2124,2052,2058,2048
2054,2043,2039,2051,2120,2059,2062,2044
2050,2040,2043,2056,2095,2069,2062,2043
2057,2050,2039,2059,2103,2082,2058,2031
2052,2054,2042,2056,2046,2091,2054,2023
2054,2052,2035,2054,1959,2076,2050,2014
2045,2041,2020,2029,1875,2042,2000,1989
2023,2006,1995,2021,1889,2022,1999,1987
2013,2004,2009,2047,1997,2023,2047,2013
2043,2037,2035,2063,2050,2018,2050,2019
2058,2043,2039,2064,2095,2037,2065,2028
2066,2046,2032,2070,2131,2054,2051,2029
2064,2046,2032,2075,2132,2056,2048,2033
2062,2061,2043,2069,2102,2061,2049,2036
2074,2062,2057,2059,2070,2058,2045,2039
2066,2061,2054,2064,2066,2054,2057,2042
2064,2051,2056,2054,2049,2052,2058,2056
2059,2057,2056,2039,2043,2050,2064,2067
2057,2051,2049,2042,2042,2052,2043,2072
2052,2053,2042,2032,2046,2048,2070,2078
2054,2052,2033,2028,2047,2047,2074,2084
2063,2057,2033,2021,2047,2045,2056,2084
2057,2058,2029,2009,2033,2025,2016,2071
2019,2010,1989,1985,2022,2014,2009,2068
2014,2004,1979,1968,2024,2026,2039,2089
2046,2039,2008,1974,2020,2030,2052,2088
2048,2036,2017,1992,2034,2035,2034,2084
2043,2039,2048,2011,2040,2036,2026,2077
2047,2056,2082,2029,2044,2043,2031,2080
2049,2061,2090,2039,2046,2042,2039,2071
2051,2058,2087,2041,2045,2048,2041,2062
2052,2060,2090,2048,2053,2058,2041,2063
2052,2069,2092,2055,2050,2058,2059,2055
2054,2073,2095,2056,2058,2065,2066,2050
2057,2081,2095,2066,2066,2062,2066,2049
2060,2092,2098,2064,2066,2066,2054,2042
2066,2081,2089,2059,2065,2059,2064,2038
2068,2077,2082,2057,2049,2058,2060,2041
2060,2074,2080,2050,2035,2050,2026,2019
2038,2038,2043,2026,2014,2028,2030,2007
2031,2030,2037,2028,2017,2045,2045,2027
2058,2062,2062,2048,2040,2066,2074,2034
2064,2069,2067,2053,2033,2062,2059,2038
2063,2058,2066,2054,2041,2064,2077,2032
2062,2060,2064,2053,2058,2062,2070,2034
2060,2065,2054,2055,2064,2065,2059,2040
2060,2065,2060,2062,2079,2070,2067,2047
2058,2061,2059,2059,2092,2072,2068,2052
2056,2058,2047,2059,2088,2063,2053,2061
2058,2063,2055,2059,2067,2057,2033,2068
2056,2059,2050,2055,2057,2058,2054,2072
2059,2062,2043,2051,2064,2058,2024,2083
2056,2057,2040,2053,2081,2059,2045,2083
2060,2060,2035,2052,2077,2058,2039,2083
2055,2052,2037,2055,2078,2059,2040,2090
2039,2023,2015,2037,2047,2039,2020,2073
2025,2015,2018,2030,2046,2034,2015,2070
2037,2042,2038,2052,2066,2060,2052,2087
2041,2053,2039,2052,2062,2062,2039,2082
2047,2050,2046,2050,2049,2051,2044,2080
2053,2050,2048,2050,2045,2057,2034,2079
2058,2063,2056,2046,2044,2061,2056,2076
2059,2067,2066,2059,2048,2055,2030,2067
2056,2070,2077,2060,2051,2054,2042,2061
2056,2071,2072,2064,2058,2060,2067,2051
2062,2062,2057,2058,2060,2065,2068,2048
2058,2056,2052,2056,2055,2066,2074,2040
2051,2057,2049,2054,2053,2064,2055,2037
2051,2051,2040,2049,2042,2049,2052,2031
2048,2046,2034,2042,2040,2047,2049,2027
2050,2055,2035,2041,2038,2048,2026,2025
2056,2058,2036,2047,2030,2036,2028,2006
2025,2025,2015,2030,2017,2029,2032,1999
2027,2018,2012,2022,2022,2045,2053,2012
2058,2053,2037,2053,2049,2056,2045,2021
2060,2051,2042,2049,2050,2051,2056,2022
2059,2054,2043,2054,2061,2051,2058,2025
2061,2056,2046,2062,2074,2058,2055,2031
2060,2060,2048,2064,2081,2061,2049,2035
2056,2060,2052,2062,2071,2060,2052,2043
2062,2059,2049,2054,2064,2059,2053,2051
2063,2056,2040,2052,2065,2053,2048,2054
2055,2052,2049,2053,2060,2057,2054,2056
2055,2058,2052,2054,2064,2053,2043,2071
2050,2058,2048,2054,2057,2051,2055,2079
2056,2055,2050,2057,2052,2057,2057,2083
2057,2062,2057,2052,2058,2056,2063,2089
2053,2058,2048,2052,2057,2051,2042,2078
2029,2023,2024,2033,2030,2028,2028,2076
2025,2024,2024,2036,2032,2031,2046,2092
2049,2062,2053,2053,2050,2055,2046,2093
2051,2064,2050,2059,2051,2052,2052,2090
2059,2057,2054,2056,2045,2053,2047,2082
2045,2065,2058,2060,2054,2053,2064,2088
2058,2066,2058,2055,2054,2052,2056,2081
2059,2065,2059,2054,2051,2049,2045,2070
2053,2061,2062,2055,2050,2053,2054,2062
2055,2061,2060,2057,2041,2049,2048,2052
2050,2058,2055,2055,2049,2050,2058,2046
2050,2055,2055,2056,2057,2049,2053,2041
2052,2057,2064,2059,2055,2053,2040,2038
2050,2051,2055,2054,2051,2049,2033,2035
2044,2047,2052,2053,2051,2052,2037,2030
2050,2044,2043,2057,2051,2051,2048,2023
2035,2018,2012,2024,2027,2027,2006,2007
2011,2001,2000,2023,2021,2023,2012,1999
2019,2019,2012,2036,2040,2041,2046,2021
2038,2044,2024,2042,2042,2047,2030,2028
2046,2044,2026,2046,2052,2047,2058,2032
2046,2044,2028,2043,2054,2049,2031,2036
2050,2045,2030,2049,2057,2053,2057,2040
2053,2048,2027,2053,2060,2050,2070,2041
2052,2041,2020,2045,2052,2033,2057,2046
2049,2039,2026,2052,2055,2029,2046,2055
2056,2056,2069,2079,2063,2039,2044,2068
2055,2074,2091,2096,2069,2047,2052,2075
2066,2084,2094,2098,2084,2058,2067,2082
2054,2069,2084,2100,2070,2064,2047,2083
2051,2056,2065,2102,2060,2064,2028,2099
2042,2049,2058,2101,2063,2056,2034,2096
2038,2036,2035,2082,2040,2031,2025,2071
2012,2006,2010,2077,2034,2026,2018,2072
2008,2022,2018,2086,2058,2056,2045,2094
2042,2045,2016,2089,2059,2058,2032,2095
2046,2045,2016,2089,2061,2054,2046,2086
2046,2051,2009,2077,2049,2050,2067,2085
2050,2053,1997,2056,2049,2047,2065,2080
2043,2045,1994,2023,2036,2043,2052,2080
2045,2039,1985,1999,2024,2040,2042,2065
2050,2045,2008,1993,2026,2043,2047,2055
2050,2057,2051,1992,2033,2042,2055,2055
2047,2064,2082,2018,2040,2041,2022,2056
2050,2067,2084,2026,2035,2045,2039,2047
2057,2066,2077,2028,2035,2042,2049,2039
2053,2066,2069,2025,2035,2047,2054,2036
2057,2064,2065,2033,2040,2051,2031,2033
2048,2063,2070,2032,2021,2032,2007,2018
2030,2039,2048,2025,2024,2027,2007,2020
2025,2033,2049,2040,2049,2052,2057,2032
2057,2066,2062,2051,2059,2058,2060,2039
2052,2068,2054,2045,2060,2058,2065,2040
2050,2060,2050,2037,2066,2063,2049,2043
2052,2069,2053,2042,2067,2069,2052,2043
2054,2073,2051,2036,2067,2064,2049,2040
2056,2071,2050,2029,2060,2055,2050,2049
2057,2071,2054,2021,2062,2046,2063,2063
2066,2072,2050,2022,2060,2043,2076,2064
2060,2067,2055,2029,2064,2043,2070,2073
2053,2069,2065,2032,2058,2043,2036,2080
2056,2063,2075,2036,2057,2041,2071,2079
2051,2060,2068,2034,2051,2043,2047,2096
2050,2053,2057,2037,2048,2038,2046,2100
2045,2048,2050,2036,2050,2038,2043,2094
2023,2019,2021,2015,2028,2018,2018,2084
2020,2015,2010,2012,2026,2019,2016,2092
2039,2042,2037,2040,2056,2045,2042,2104
2057,2054,2043,2037,2056,2047,2064,2106
2062,2054,2046,2040,2050,2042,2050,2105
2053,2054,2044,2040,2049,2044,2052,2100
2053,2054,2050,2048,2041,2049,2059,2097
2052,2050,2058,2044,2043,2051,2054,2084
2055,2058,2059,2046,2042,2056,2042,2077
2057,2060,2063,2048,2040,2069,2041,2075
2052,2055,2066,2050,2047,2077,2044,2065
2061,2058,2066,2052,2047,2094,2065,2062
2059,2058,2062,2049,2055,2099,2076,2051
2055,2059,2057,2046,2044,2095,2065,2044
2051,2049,2050,2041,2040,2076,2050,2037
2047,2052,2045,2044,2041,2037,2046,2031
2048,2051,2044,2043,2030,2008,2015,2009
2023,2014,2021,2021,2017,2004,2003,1997
2017,2007,2013,2018,2015,2014,2034,2017
2040,2040,2039,2034,2042,2035,2040,2023
2045,2038,2035,2035,2037,2042,2048,2033
2047,2041,2033,2035,2034,2045,2030,2030
2050,2046,2044,2037,2038,2053,2044,2038
2053,2054,2058,2051,2039,2056,2064,2041
2062,2061,2058,2045,2044,2055,2050,2050
2061,2061,2056,2040,2045,2056,2058,2054
2056,2055,2046,2046,2060,2054,2078,2060
2051,2054,2040,2050,2058,2053,2080,2068
2048,2047,2035,2047,2055,2046,2071,2071
2044,2051,2037,2044,2058,2042,2057,2074
2045,2044,2036,2048,2058,2053,2045,2089
2042,2048,2036,2054,2058,2049,2069,2084
2041,2045,2045,2053,2051,2045,2069,2093
2046,2047,2043,2047,2044,2019,2016,2082
2019,2014,2018,2039,2035,2012,2004,2077
2023,2012,2018,2047,2049,2033,2035,2097
2049,2045,2039,2059,2061,2050,2033,2103
2048,2047,2036,2058,2064,2056,2055,2101
2050,2043,2037,2054,2050,2055,2048,2098
2050,2045,2035,2053,2043,2049,2070,2094
2046,2042,2040,2054,2028,2043,2056,2079
2046,2046,2046,2054,2013,2030,2055,2072
2052,2050,2047,2062,2013,2035,2060,2069
2049,2039,2051,2061,2023,2032,2053,2068
2042,2037,2046,2057,2022,2035,2051,2053
2046,2041,2042,2051,2012,2029,2049,2043
2044,2034,2040,2041,2001,2028,2033,2033
2042,2033,2030,2038,2010,2036,2015,2034
2042,2044,2047,2043,2041,2048,2035,2033
2045,2052,2053,2044,2059,2056,2037,2029
2039,2029,2032,2032,2047,2024,2026,2008
2021,2016,2020,2024,2033,2024,2004,2007
2016,2025,2033,2041,2041,2045,2050,2028
2052,2057,2050,2050,2040,2051,2042,2034
2057,2054,2045,2047,2047,2057,2052,2046
2058,2058,2049,2050,2060,2064,2063,2052
2055,2056,2046,2046,2051,2071,2065,2058
2053,2059,2043,2038,2045,2066,2055,2053
2052,2056,2047,2045,2046,2059,2050,2055
2050,2056,2047,2040,2040,2053,2056,2060
2050,2059,2045,2041,2045,2049,2050,2067
2054,2062,2040,2051,2049,2054,2059,2084
2052,2064,2041,2053,2051,2051,2057,2096
2052,2059,2042,2046,2040,2044,2057,2102
2053,2061,2047,2052,2041,2040,2068,2104
2049,2051,2039,2044,2028,2031,2064,2109
2043,2049,2036,2037,2012,2021,2040,2093
2021,2019,2013,2008,1993,2003,2019,2083
2016,2015,2017,2020,2037,2020,2006,2092
2030,2044,2048,2046,2052,2057,2046,2108
2048,2053,2052,2052,2046,2060,2043,2100
2049,2057,2056,2049,2066,2059,2059,2097
2046,2058,2056,2054,2079,2064,2061,2093
2044,2058,2050,2060,2078,2067,2061,2084
2047,2058,2048,2058,2074,2062,2049,2077
2045,2055,2042,2049,2042,2063,2048,2071
2046,2059,2039,2052,2024,2060,2062,2066
2042,2059,2041,2054,2032,2066,2049,2060
2043,2050,2044,2050,2063,2058,2055,2057
2041,2044,2037,2031,2036,2041,2052,2054
2039,2045,2033,2028,2054,2047,2038,2042
2037,2034,2028,2031,2077,2058,2051,2042
2037,2038,2034,2044,2103,2061,2061,2034
2043,2039,2027,2036,2089,2036,2018,2013
2008,2000,1997,2018,2061,2030,2043,2010
2005,1987,1991,2028,2074,2046,2045,2029
2032,2032,2016,2054,2085,2064,2059,2029
2042,2031,2005,2046,2007,2053,2034,2033
2038,2031,2004,2034,1942,2049,2065,2031
2036,2036,1998,2045,1995,2054,2077,2036
2032,2032,1994,2050,2029,2062,2059,2044
2031,2030,1990,2055,2038,2062,2068,2049
2025,2019,1989,2046,2049,2071,2046,2054
2028,2021,1988,2050,2053,2081,2029,2059
2027,2023,1993,2049,2040,2082,2046,2065
2032,2016,1979,2045,2039,2075,2047,2071
2025,2012,1974,2027,2020,2054,2046,2079
2017,2009,1972,2013,1981,2013,2044,2087
2018,2018,1988,2025,2006,2013,2058,2096
2020,2024,2012,2040,2029,2032,2030,2084
2002,2002,1998,2023,2011,2025,2019,2076
1998,1995,1989,2023,2023,2029,2028,2087
2019,2018,2019,2038,2045,2056,2055,2092
2034,2030,2046,2048,2036,2044,2056,2093
2035,2034,2045,2046,2018,2037,2046,2092
2042,2042,2056,2049,2006,2034,2050,2095
2048,2056,2060,2046,2003,2039,2062,2094
2050,2057,2065,2056,2008,2042,2052,2090
2057,2065,2071,2059,2009,2060,2052,2093
2064,2072,2089,2069,2010,2065,2047,2085
2068,2078,2091,2062,2009,2065,2024,2078
2072,2082,2094,2056,2000,2061,2019,2070
2065,2081,2099,2054,2004,2057,2021,2064
2062,2086,2104,2055,2013,2039,2014,2053
2051,2077,2101,2060,2014,2049,2017,2046
2059,2082,2096,2056,2035,2073,2047,2042
2053,2074,2081,2046,2052,2058,2037,2020
2022,2033,2051,2031,2039,2051,2008,2015
2016,2029,2042,2036,2029,2069,2063,2033
2046,2061,2065,2053,2033,2074,2068,2035
2050,2057,2063,2045,2049,2063,2053,2039
2052,2061,2061,2057,2072,2061,2050,2041
2052,2063,2063,2062,2081,2054,2060,2049
2058,2060,2064,2060,2062,2039,2067,2059
2052,2060,2064,2056,2067,2032,2072,2073
2057,2064,2069,2062,2090,2040,2074,2079
2059,2059,2070,2068,2106,2062,2078,2089
2064,2067,2071,2066,2110,2054,2058,2088
2059,2057,2060,2058,2099,2057,2076,2093
2050,2052,2059,2054,2101,2061,2056,2104
2047,2052,2062,2051,2077,2052,2058,2110
2047,2065,2064,2036,2008,2048,2019,2106
2051,2061,2063,2025,1982,2032,2001,2084
2018,2022,2032,2008,1989,2006,1996,2081
2017,2017,2029,2017,2026,2030,2022,2107
2054,2058,2064,2057,2066,2057,2047,2109
2059,2064,2061,2049,2052,2049,2045,2108
2057,2066,2056,2040,2039,2060,2033,2106
2058,2067,2060,2051,2036,2064,2062,2100
2058,2069,2066,2052,2036,2060,2067,2096
2055,2070,2057,2055,2040,2067,2050,2081
2060,2069,2058,2058,2028,2065,2051,2078
2051,2066,2057,2055,2010,2056,2037,2077
2059,2068,2053,2046,2024,2061,2032,2073
2059,2057,2058,2046,2025,2063,2031,2057
2057,2057,2055,2043,2032,2061,2036,2058
2056,2054,2052,2042,2035,2058,2039,2048
2047,2056,2049,2041,2052,2052,2024,2036
2049,2049,2046,2041,2075,2045,2029,2017
2023,2016,2014,2014,2051,2021,1993,2000
2011,2006,2010,2023,2039,2026,2007,2006
2030,2028,2034,2044,2050,2052,2037,2026
2037,2031,2037,2050,2040,2043,2058,2031
2039,2036,2040,2054,2043,2044,2068,2037
2047,2037,2042,2063,2053,2046,2074,2042
2053,2051,2052,2067,2066,2054,2079,2051
2050,2044,2059,2075,2072,2063,2080,2058
2056,2053,2064,2072,2080,2061,2086,2062
2048,2056,2054,2075,2078,2073,2072,2067
2049,2056,2063,2087,2057,2081,2081,2076
2047,2047,2060,2088,2045,2084,2067,2080
2046,2049,2061,2083,2024,2074,2052,2086
2038,2048,2062,2080,2013,2065,2043,2088
2039,2045,2065,2076,2053,2068,2046,2098
2042,2048,2055,2077,2126,2091,2031,2101
2041,2039,2031,2049,2132,2079,2026,2082
2012,2003,2004,2034,2114,2055,1990,2090
2007,2006,2012,2054,2109,2059,2029,2103
2043,2046,2031,2061,2139,2055,2049,2108
2053,2050,2033,2052,2161,2064,2059,2110
2053,2053,2032,2055,2147,2078,2071,2102
2058,2053,2034,2043,2095,2073,2037,2095
2054,2049,2030,2021,2038,2072,2043,2080
2047,2049,2031,2005,2021,2063,2033,2061
2044,2057,2044,1994,2007,2060,2044,2049
2046,2057,2052,1995,2011,2055,2040,2041
2045,2063,2057,2000,2023,2043,2021,2046
2045,2049,2059,1995,1973,2000,2018,2046
2039,2058,2052,1998,1951,1994,2029,2045
2048,2051,2054,2024,2034,2008,2034,2036
2055,2051,2052,2035,2085,2025,2029,2035
2058,2051,2052,2037,2112,2044,2026,2022
2029,2016,2028,2014,2091,2028,2013,2012
2019,2017,2030,2016,2106,2032,2015,2019
2044,2066,2081,2053,2136,2072,2047,2035
2062,2080,2099,2059,2111,2064,2052,2036
2064,2085,2091,2058,2080,2049,2049,2038
2064,2081,2080,2046,2054,2044,2049,2049
2060,2077,2070,2040,2022,2037,2053,2049
2056,2063,2062,2020,1878,2011,2051,2044
2053,2064,2057,2003,1783,2006,2043,2045
2050,2060,2052,1997,1820,2016,2036,2054
2046,2058,2047,2017,1930,2039,2030,2052
2035,2053,2045,2033,2034,2048,2042,2059
2037,2048,2040,2046,2068,2052,2050,2066
2037,2049,2038,2039,2073,2053,2055,2074
2034,2048,2040,2043,2070,2052,2038,2081
2043,2056,2042,2044,2056,2054,2056,2088
2045,2055,2037,2025,2032,2027,1989,2068
2013,2020,2011,2016,2012,2019,2010,2070
2011,2014,2018,2029,2026,2041,2035,2093
2041,2048,2027,2045,2037,2049,2027,2090
2041,2047,2023,2050,2041,2056,2038,2083
2041,2042,2027,2054,2036,2046,2054,2089
2043,2045,2031,2060,2021,2043,2031,2078
2044,2044,2039,2064,2005,2043,2023,2071
2042,2051,2041,2065,1984,2043,2044,2065
2053,2045,2050,2068,1993,2048,2037,2058
2052,2047,2048,2079,1996,2052,2014,2058
2050,2054,2066,2084,1998,2056,2055,2053
2048,2050,2075,2094,1978,2048,2062,2046
2049,2052,2075,2095,1994,2051,2053,2041
2040,2043,2077,2088,1978,2045,2032,2024
2039,2040,2073,2089,1987,2054,2029,2038
2039,2038,2061,2074,1997,2058,2029,2021
2017,2000,2021,2021,1958,2027,2001,2005
2006,1992,2009,2000,1949,2022,2003,2012
2022,2034,2033,2024,2001,2048,2042,2025
2032,2041,2040,2014,1984,2045,2034,2028
2040,2046,2042,2014,1989,2058,2043,2031
2036,2050,2037,2006,1998,2055,2044,2029
2044,2054,2032,2013,2029,2069,2031,2036
2049,2060,2017,2014,2069,2079,2063,2042
2042,2049,2016,2015,2098,2057,2066,2046
2040,2053,2010,2024,2119,2017,2044,2047
2039,2050,2014,2014,2128,2019,2046,2044
2042,2051,2001,2020,2187,2061,2059,2058
2042,2043,1992,2036,2245,2104,2052,2065
2035,2041,1984,2026,2193,2094,2044,2078
2038,2044,1986,2014,2163,2096,2047,2079
2043,2046,1987,2015,2170,2114,2054,2084
2049,2049,1994,2018,2149,2100,2030,2071
2025,2015,1983,1995,2098,2067,2011,2076
2020,2013,1986,1980,2020,2058,2045,2098
2048,2044,2022,1980,1906,2040,2047,2098
2038,2032,2022,1967,1821,1993,2030,2078
2033,2017,2012,1952,1851,1952,2022,2070
2018,2001,2014,1966,1966,1963,2021,2065
2019,2014,2026,2023,2066,2005,2039,2070
2038,2034,2038,2078,2080,2064,2041,2065
2051,2045,2058,2095,2117,2081,2037,2062
2051,2051,2076,2087,2142,2083,2031,2038
2043,2044,2076,2078,2190,2098,2061,2033
2035,2042,2079,2093,2242,2126,2060,2036
2038,2047,2087,2101,2278,2107,2055,2032
2038,2049,2086,2104,2261,2085,2060,2030
2035,2052,2084,2100,2252,2079,2064,2018
2036,2053,2077,2068,2162,2052,2053,2002
2009,2021,2035,1981,1949,1989,2018,1987
1988,2001,2013,1944,1733,1957,2012,1992
2017,2034,2040,1969,1706,1987,2029,1997
2028,2041,2049,1976,1772,2007,2053,1999
2029,2038,2056,2010,1921,2035,2043,2001
2037,2044,2062,2020,1960,2045,2063,2010
2047,2045,2060,2025,1956,2048,2063,2019
2042,2047,2058,2026,1975,2044,2065,2025
2038,2056,2059,2031,1992,2037,2053,2029
2036,2056,2059,2035,2004,2034,2036,2031
2031,2054,2054,2033,2030,2023,2032,2038
2030,2050,2052,2040,2068,2032,2031,2042
2033,2050,2050,2034,2091,2042,2048,2057
2031,2047,2050,2033,2094,2041,2048,2066
2036,2056,2052,2036,2102,2052,2049,2077
2040,2071,2058,2044,2101,2062,2043,2077
2034,2054,2043,2036,2084,2054,2015,2051
2024,2034,2042,2036,2089,2068,2029,2064
2036,2059,2062,2064,2116,2089,2054,2085
2062,2070,2065,2059,2079,2083,2060,2081
2056,2070,2058,2047,2039,2047,2059,2085
2055,2073,2059,2047,2038,2011,2041,2085
2062,2080,2056,2059,2078,2013,2042,2078
2056,2072,2043,2058,2038,2036,2032,2074
2054,2060,2037,2042,1972,2052,2040,2057
2047,2060,2038,2036,1955,2060,2009,2045
2045,2061,2037,2040,1947,2058,2051,2048
2047,2061,2034,2047,1963,2057,2057,2035
2040,2062,2028,2045,1933,2042,2056,2030
2050,2056,2021,2021,1857,2030,2038,2020
2038,2042,2020,2018,1889,2021,2009,2014
2046,2041,2014,2016,1948,2013,2017,2009
2042,2026,2000,2005,2004,2009,2005,1980
2011,1982,1978,1998,2106,2026,2001,1978
2007,1988,1993,2032,2231,2074,2038,2003
2045,2060,2060,2093,2327,2125,2066,2009
2060,2084,2079,2107,2283,2166,2082,2010
2062,2088,2085,2068,2139,2156,2074,2010
2061,2088,2088,2069,2172,2148,2070,2017
2059,2083,2085,2066,2170,2140,2055,2016
2061,2087,2080,2060,2162,2109,2055,2026
2061,2083,2072,2045,2117,2080,2042,2032
2061,2077,2067,2051,2128,2070,2058,2037
2055,2068,2067,2075,2170,2073,2051,2037
2047,2063,2067,2077,2132,2045,2055,2037
2034,2047,2054,2058,2058,2011,2027,2045
2035,2051,2047,2037,1944,1990,2027,2046
2042,2051,2051,2035,1970,2000,2032,2055
2048,2056,2055,2042,1998,2008,2011,2041
2019,2021,2031,2018,1988,1987,1985,2032
2013,2008,2023,2025,1992,2018,2030,2045
2037,2045,2051,2054,2005,2056,2047,2051
2041,2049,2057,2048,1978,2063,2053,2055
2046,2048,2057,2044,2023,2068,2025,2050
2045,2046,2048,2028,2009,2046,2037,2031
2032,2039,2044,2009,1962,2003,2037,2032
2039,2047,2055,2012,1973,1990,2051,2034
2045,2051,2056,2025,2038,2026,2060,2035
2047,2052,2057,2039,2118,2052,2061,2022
2037,2049,2050,2046,2175,2069,2056,2014
2039,2052,2052,2071,2220,2098,2067,2006
2046,2056,2064,2086,2200,2100,2072,2005
2046,2054,2061,2070,2139,2072,2060,1996
2042,2048,2067,2056,2079,2041,2053,1993
2045,2055,2062,2045,2033,2040,2052,1988
2025,2023,2026,2012,1959,2010,2012,1965
2009,2002,2014,1988,1916,2018,2012,1972
2026,2038,2045,2030,2007,2068,2055,1999
2040,2050,2052,2042,2044,2077,2047,1998
2043,2049,2054,2049,2064,2074,2065,1999
2039,2053,2056,2051,2101,2070,2062,2003
2051,2059,2066,2064,2155,2076,2074,2007
2061,2060,2077,2090,2192,2078,2059,2020
2057,2054,2072,2088,2169,2063,2048,2027
2052,2046,2076,2087,2158,2065,2057,2027
2049,2052,2077,2091,2137,2066,2066,2036
2051,2053,2080,2086,2096,2056,2052,2040
2047,2053,2073,2071,2088,2045,2049,2047
2046,2042,2055,2057,2063,2034,2065,2053
2041,2034,2042,2030,1900,2012,2055,2046
2034,2024,2026,2017,1853,2000,2030,2052
2031,2008,1999,1990,1855,1973,2018,2028
2005,1976,1973,1985,1910,1972,2005,2027
2003,1981,1980,2005,1982,2003,2036,2056
2034,2013,2000,2021,2034,2013,2026,2054
2037,2019,2005,2028,2034,2017,2015,2051
2023,2010,1999,2020,2014,2016,2027,2025
2013,2010,2008,2010,2006,2024,2022,2017
2018,2023,2016,2000,1999,2033,2027,2008
2020,2024,2000,1986,1987,2039,2020,2000
2016,2020,2003,1977,1987,2042,2045,2006
2033,2034,2016,1988,1992,2055,2059,2005
2039,2036,2036,2004,1999,2074,2060,2011
2046,2060,2060,2021,2027,2076,2070,2014
2054,2058,2050,2025,2029,2070,2056,2004
2045,2043,2034,2018,2044,2069,2032,1992
2034,2033,2026,2013,2058,2072,2034,1990
2035,2039,2029,2015,2074,2071,2023,1972
2012,2003,2007,2003,2037,2069,2038,1976
2016,2006,2005,2013,2022,2090,2052,2004
2050,2056,2048,2029,1979,2082,2064,2008
2059,2054,2042,2026,1939,2059,2069,2004
2054,2053,2042,2023,1926,2051,2055,2001
2050,2055,2050,2038,2002,2062,2068,2012
2047,2059,2055,2053,2028,2066,2062,2018
2061,2070,2072,2045,1974,2056,2065,2028
2060,2068,2074,2035,1870,2052,2064,2027
2062,2067,2080,2037,1861,2040,2062,2029
2057,2064,2081,2046,1908,2042,2065,2035
2057,2058,2079,2052,1974,2061,2062,2044
2052,2052,2070,2052,2022,2058,2066,2056
2051,2053,2064,2041,2036,2047,2058,2062
2053,2056,2059,2050,2057,2035,2077,2065
2049,2055,2059,2058,2070,2030,2067,2056
2018,2020,2038,2054,2103,1999,2032,2041
2006,2007,2034,2044,2125,2001,2039,2051
2027,2029,2061,2082,2214,2038,2044,2050
2035,2030,2051,2074,2184,2026,2031,2047
2033,2021,2024,2061,2164,2038,2026,2037
2033,2019,2004,2069,2276,2079,2018,2040
2036,2022,2002,2083,2356,2101,2031,2026
2036,2021,2011,2086,2315,2089,2038,2014
2041,2032,2018,2103,2270,2077,2038,2018
2038,2034,2002,2103,2285,2074,2038,2015
2041,2035,1996,2112,2270,2079,2037,2010
2037,2023,2008,2120,2215,2074,2046,2000
2026,2011,2010,2108,2157,2067,2053,1994
2028,2008,1993,2086,2132,2066,2051,1995
2021,1997,1985,2076,2151,2081,2063,1984
2016,1998,1975,2070,2175,2080,2038,1982
2010,1984,1950,2032,2035,2059,2006,1976
2005,1983,1958,2050,2114,2071,2034,1970
2011,2017,1998,2048,2098,2100,2040,1994
2046,2047,2023,2026,2082,2089,2055,1998
2050,2050,2050,2027,2112,2062,2062,2000
2056,2059,2071,2020,2061,2033,2045,1995
2058,2051,2066,1977,1903,1984,2033,1994
2048,2054,2061,1952,1784,1968,2022,2005
2043,2058,2046,1970,1877,1991,2023,2007
2046,2059,2040,2003,2011,2022,2041,2016
2045,2061,2049,2009,2071,2037,2046,2023
2046,2060,2057,1997,2061,2046,2047,2028
2049,2061,2071,1978,2021,2037,2033,2030
2027,2061,2073,1963,1952,2028,2036,2036
2032,2063,2107,1982,2001,2018,2031,2046
2039,2073,2122,1992,2035,2010,2034,2054
2042,2066,2108,1997,2004,1998,2005,2040
2011,2022,2076,2004,2022,2008,2004,2042
2021,2032,2086,2022,2090,2045,2035,2068
2055,2070,2091,2033,2111,2053,2052,2067
2052,2063,2080,2032,2142,2051,2068,2057
2047,2054,2065,2026,2125,2042,2051,2056
2045,2056,2068,2029,2101,2043,2036,2058
2052,2064,2090,2036,2105,2040,2034,2046
2055,2067,2093,2034,2105,2039,2034,2037
2054,2064,2088,2020,2038,2027,2025,2033
2057,2068,2085,2027,2042,2042,2034,2030
2060,2061,2084,2041,2047,2044,2038,2018
2055,2055,2075,2033,1961,2023,2031,2012
2049,2053,2062,2009,1844,2006,2039,2004
2035,2046,2055,2007,1862,2006,2030,1996
2044,2044,2056,2018,1882,2010,2035,1999
2039,2045,2044,2001,1869,2003,2005,1974
2006,1996,2004,1969,1849,1999,1999,1970
2011,2005,2015,1973,1851,2023,2035,1990
2047,2050,2060,2000,1916,2044,2034,1996
2056,2068,2069,2012,1990,2081,2059,2008
2056,2067,2069,2029,2020,2107,2080,2008
2054,2057,2060,2033,2030,2119,2078,2009
2051,2054,2055,2035,2045,2123,2067,2017
2048,2049,2043,2038,2047,2091,2046,2014
2051,2052,2038,2047,2045,2034,2051,2020
2058,2050,2044,2072,2110,2032,2057,2034
2051,2049,2053,2091,2166,2048,2071,2035
2046,2043,2053,2088,2181,2058,2059,2038
2044,2043,2058,2111,2232,2080,2056,2047
2042,2051,2068,2146,2294,2097,2067,2055
2046,2057,2075,2158,2291,2104,2065,2062
2050,2059,2076,2155,2282,2101,2056,2049
2034,2028,2047,2121,2240,2072,2023,2040
2028,2022,2041,2113,2258,2061,2040,2057
2049,2044,2052,2123,2243,2052,2044,2066
2055,2048,2048,2101,2149,2015,2047,2050
2049,2055,2061,2078,2094,2013,2045,2039
2050,2064,2062,2061,2016,2007,2068,2035
2055,2068,2069,1997,1940,2017,2045,2031
2055,2066,2061,1982,1960,2020,2012,2028
2056,2064,2046,1998,1981,2023,2027,2024
2055,2054,2030,1974,1920,1999,2032,2011
2052,2045,2012,1946,1887,1986,2025,1999
2049,2042,2007,1951,1926,2021,2029,1993
2052,2050,2010,1976,2043,2060,2021,1979
2045,2044,2012,1987,2049,2054,2029,1969
2036,2040,2013,2003,2042,2044,2033,1969
2032,2033,2009,2006,2037,2049,2037,1965
2022,2007,1987,1972,1985,2031,2022,1949
2005,1993,1991,1951,1952,2019,1999,1947
2016,2017,2034,1965,1981,2042,2025,1982
2038,2039,2045,1979,2014,2050,2038,1985
2035,2043,2049,2010,1987,2057,2030,1992
2036,2043,2056,2037,1992,2059,2046,1997
2045,2052,2055,2052,2033,2095,2085,2005
2048,2052,2065,2072,2075,2137,2069,2004
2046,2049,2054,2076,2137,2159,2079,2005
2046,2037,2036,2084,2213,2167,2064,2012
2045,2032,2035,2099,2278,2152,2065,2010
2045,2031,2032,2095,2284,2118,2070,2027
2045,2037,2033,2096,2261,2105,2051,2043
2048,2039,2047,2108,2187,2089,2046,2043
2044,2033,2035,2068,1998,2041,2040,2039
2033,2016,2016,2049,1925,1983,2006,2031
2020,1999,1991,1998,1797,1911,1997,2011
1999,1980,1990,1995,1842,1919,2013,2013
2008,2002,2016,2041,1999,1975,2046,2030
2032,2025,2039,2040,2054,1996,2024,2025
2033,2027,2043,2028,2073,2014,2022,2026
2030,2043,2053,2019,2081,2032,2030,2022
2050,2049,2064,2017,2065,2039,2041,2024
2055,2056,2064,2007,2047,2030,2054,2014
2053,2064,2072,1995,2026,2037,2053,2010
2049,2063,2076,1993,2029,2035,2044,2006
2048,2068,2070,1993,2022,2034,2048,2004
2043,2057,2065,2002,2001,2035,2032,1993
2045,2054,2053,1999,1975,2042,2041,1987
2045,2052,2039,2004,1978,2058,2060,1983
2053,2051,2035,2011,2057,2068,2045,1979
2051,2046,2031,2000,2074,2061,2026,1968
2047,2036,2026,1984,2054,2001,2006,1948
2026,2015,2036,2003,2070,1988,2008,1951
2028,2022,2062,2034,2082,2026,2024,1969
2051,2060,2079,2042,2078,2035,2030,1979
2054,2060,2069,2038,2073,2037,2044,1976
2050,2063,2075,2052,2074,2041,2056,1982
2056,2060,2094,2062,2079,2047,2048,1986
2055,2064,2103,2061,2089,2046,2042,1997
2059,2067,2091,2054,2088,2040,2049,2004
2056,2069,2083,2062,2085,2036,2026,2007
2057,2065,2071,2062,2081,2041,2032,2011
2058,2067,2052,2072,2081,2042,2032,2020
2055,2062,2034,2077,2083,2046,2056,2020
2050,2055,2020,2083,2070,2046,2032,2028
2045,2047,2003,2064,2058,2045,2039,2039
2050,2037,1996,2049,2029,2056,2029,2040
2042,2041,1993,2040,1992,2034,2003,2028
2026,2000,1980,2043,1970,2011,1995,2023
2020,2004,1984,2063,1983,2026,2024,2037
2046,2046,2016,2085,1965,2019,2021,2039
2047,2045,2015,2098,2011,1994,2026,2040
2051,2042,2011,2084,2076,2003,2036,2037
2047,2047,2020,2073,2101,2038,2048,2038
2053,2051,2040,2069,2131,2062,2069,2040
2062,2060,2055,2086,2151,2080,2066,2031
2063,2065,2066,2083,2144,2069,2061,2018
2055,2061,2062,2060,2094,2054,2051,2007
2047,2058,2067,2035,2027,2031,2049,2004
2050,2058,2073,2030,2033,2029,2051,2001
2048,2055,2092,2023,2094,2040,2046,1995
2045,2061,2102,2008,2119,2045,2050,1992
2043,2058,2106,2019,2116,2059,2024,1995
2045,2064,2115,2029,2109,2051,2035,1979
2024,2037,2091,2016,2094,2051,2036,1979
2034,2043,2090,2023,2072,2073,2042,2000
2059,2070,2106,2057,2136,2102,2050,2015
2062,2064,2090,2076,2212,2101,2066,2008
2061,2060,2079,2056,2085,2066,2052,2012
2059,2054,2068,2025,1965,2040,2042,2010
2059,2055,2069,2039,1974,2041,2070,2007
2060,2057,2072,2061,1995,2040,2065,2014
2058,2058,2069,2063,2052,2042,2053,2018
2063,2060,2076,2067,2107,2054,2071,2019
2062,2058,2077,2054,2020,2030,2063,2028
2053,2055,2063,2035,1883,2006,2052,2039
2046,2045,2057,2033,1900,2020,2061,2049
2045,2036,2059,2038,1957,2034,2061,2052
2042,2041,2051,2032,1977,2043,2070,2050
2044,2039,2047,2010,2024,2026,2048,2038
2020,2004,2020,1954,1942,1992,2027,2033
2026,2010,2024,1975,1986,2038,2058,2059
2061,2055,2068,2046,2076,2086,2084,2064
2066,2055,2063,2058,2084,2096,2087,2066
2063,2057,2062,2058,2072,2077,2082,2061
2064,2058,2062,2060,2015,2035,2045,2058
2068,2056,2063,2064,2004,2000,2047,2043
2068,2061,2067,2085,1992,2008,2073,2039
2073,2065,2071,2104,1994,2050,2075,2035
2074,2065,2075,2111,2000,2098,2067,2012
2064,2049,2057,2101,2071,2111,2072,2002
2059,2048,2047,2071,2086,2112,2072,2001
2057,2034,2032,2023,2017,2076,2056,1990
2046,2023,2021,2017,2002,2008,2046,1993
2041,2019,2031,2027,2060,1974,2011,1987
2040,2020,2019,2020,1996,1964,1985,1946
2012,1991,2004,2017,2088,1979,1984,1941
2013,2002,2016,2043,2217,2029,2033,1972
2049,2038,2048,2080,2253,2077,2065,1977
2049,2042,2050,2081,2119,2063,2081,1984
2054,2050,2049,2046,1981,2044,2079,1985
2059,2057,2051,2040,1975,2040,2084,1996
2057,2053,2054,2050,1983,2043,2067,2002
2062,2057,2058,2064,2000,2038,2065,2012
2062,2062,2060,2071,2026,2045,2067,2021
2060,2064,2059,2074,2006,2050,2086,2024
2057,2053,2054,2059,1958,2042,2071,2015
2047,2049,2041,2024,1880,2018,2060,2021
2046,2041,2035,2028,1962,1989,2048,2037
2046,2040,2039,2052,2087,2008,2067,2035
2047,2041,2034,2056,2100,2036,2073,2048
2053,2043,2042,2057,2144,2051,2049,2036
2032,2009,2017,2052,2142,2059,2026,2036
2026,2015,2028,2062,2116,2072,2039,2054
2050,2052,2051,2073,2095,2056,2064,2052
2051,2047,2052,2074,2093,2046,2063,2047
2048,2056,2063,2085,2102,2050,2060,2039
2055,2062,2066,2086,2083,2044,2036,2028
2049,2058,2065,2076,2056,2046,2058,2021
2049,2059,2058,2066,2045,2052,2059,2018
2049,2056,2054,2064,2044,2043,2061,2017
2058,2054,2053,2056,2027,2039,2051,2016
2061,2053,2054,2060,2039,2035,2054,2018
2052,2050,2044,2042,2025,2029,2066,2011
2049,2048,2049,2022,2008,2031,2064,2005
2060,2052,2047,2028,2023,2039,2068,2003
2073,2064,2050,2045,2040,2050,2070,1997
2072,2058,2053,2045,2030,2029,2051,1972
2042,2020,2018,2031,2005,2022,2012,1968
2033,2009,2015,2043,2027,2053,2037,1983
2059,2040,2034,2050,2061,2075,2046,1995
2064,2041,2036,2058,2088,2078,2041,1991
2058,2050,2042,2056,2097,2081,2056,1983
2055,2054,2048,2063,2076,2070,2058,1995
2058,2063,2048,2060,2051,2067,2054,2001
2055,2067,2052,2061,2038,2060,2032,2004
2055,2060,2049,2065,2088,2077,2056,1998
2050,2056,2046,2065,2107,2066,2047,2001
2052,2043,2040,2056,2073,2042,2040,2004
2045,2039,2041,2058,2090,2049,2054,2010
2051,2044,2055,2068,2108,2064,2049,2021
2054,2058,2060,2073,2148,2089,2046,2033
2057,2066,2062,2065,2157,2071,2065,2047
2058,2056,2049,2040,2037,2010,2016,2032
2029,2031,2026,2012,1863,1965,2012,2038
2026,2023,2032,2037,1899,1998,2041,2056
2065,2063,2059,2052,1980,2062,2057,2051
2065,2064,2062,2066,2020,2089,2048,2041
2060,2064,2067,2068,2030,2092,2041,2032
2056,2045,2065,2070,2073,2097,2069,2025
2046,2040,2059,2069,2075,2088,2058,2018
2045,2037,2060,2075,2049,2043,2058,2002
2038,2032,2056,2075,2054,2008,2056,1983
2039,2037,2054,2076,2062,2012,2059,1989
2046,2042,2053,2082,2077,2039,2064,1986
2050,2046,2052,2075,2079,2047,2065,1995
2054,2043,2040,2067,2066,2043,2048,1990
2052,2046,2036,2055,2057,2046,2050,1982
2053,2040,2030,2050,2051,2051,2031,1961
2051,2034,2023,2042,2031,2026,2009,1937
2019,1991,1990,2020,2027,2014,2017,1954
2020,1991,1986,2018,2043,2037,2054,1968
2055,2027,2016,2044,2061,2054,2070,1977
2060,2044,2020,2048,2068,2064,2062,1980
2063,2046,2020,2049,2057,2062,2081,1981
2058,2043,2011,2039,2066,2059,2065,1986
2064,2048,2018,2039,2068,2062,2072,1981
2053,2045,2028,2051,2066,2058,2067,1996
2050,2052,2045,2060,2073,2062,2058,2008
2050,2057,2051,2063,2073,2062,2062,2021
2046,2054,2055,2061,2073,2065,2063,2030
2056,2057,2056,2059,2064,2065,2065,2032
2053,2055,2059,2062,2066,2059,2059,2040
2047,2055,2063,2061,2066,2057,2049,2031
2042,2056,2060,2056,2065,2054,2060,2035
2034,2061,2047,2050,2051,2037,2018,2018
2009,2022,2022,2024,2033,2028,2007,2006
2013,2028,2031,2030,2046,2049,2033,2018
2046,2068,2060,2057,2056,2057,2025,2014
2044,2064,2052,2057,2056,2056,2014,2014
2041,2059,2049,2057,2054,2053,2031,2009
2041,2059,2035,2049,2053,2052,2038,2010
2045,2049,2030,2050,2048,2049,2022,2013
2050,2051,2032,2052,2046,2050,2021,2006
2054,2050,2032,2053,2040,2050,2036,2001
2062,2052,2035,2062,2046,2054,2062,2006
2069,2055,2048,2064,2052,2052,2047,2006
2071,2058,2041,2064,2047,2047,2048,2007
2068,2057,2031,2065,2052,2047,2032,2023
2070,2050,2032,2066,2043,2044,2038,2024
2072,2052,2050,2084,2057,2047,2037,2040
2084,2055,2060,2089,2045,2030,2033,2024
2054,2030,2045,2072,2023,2019,2019,2017
2046,2034,2057,2070,2029,2037,2042,2033
2071,2060,2084,2090,2021,2059,2057,2047
2074,2059,2082,2081,1993,2066,2077,2050
2085,2072,2077,2079,1999,2070,2076,2067
2082,2073,2076,2076,1998,2072,2065,2072
2085,2075,2076,2075,2028,2076,2072,2067
2081,2084,2086,2084,2064,2087,2079,2072
2087,2094,2100,2087,2113,2088,2060,2067
2086,2085,2084,2076,2131,2077,2044,2066
2073,2076,2076,2061,2150,2072,2058,2060
2075,2072,2080,2072,2140,2069,2052,2064
2063,2069,2084,2071,2116,2072,2057,2066
2061,2065,2081,2087,2132,2085,2046,2078
2069,2069,2099,2093,2171,2096,2048,2086
2073,2070,2089,2074,2080,2073,2036,2079
2046,2039,2051,2010,1901,2028,2000,2070
2035,2027,2039,1994,1961,2034,2041,2089
2064,2065,2061,2029,2098,2056,2047,2082
2063,2061,2062,2035,2081,2043,2042,2072
2058,2064,2067,2035,2041,2033,2034,2068
2058,2067,2072,2045,2058,2043,2054,2056
2062,2067,2074,2041,2023,2024,2033,2044
2063,2062,2057,2019,1960,2015,2030,2020
2055,2053,2053,2021,1953,2043,2042,2006
2056,2042,2056,2025,1948,2049,2023,2003
2048,2046,2052,2037,1991,2038,2043,2014
2061,2052,2061,2055,2058,2042,2051,2011
2061,2055,2062,2069,2090,2061,2047,2013
2061,2047,2060,2073,2146,2060,2045,2027
2063,2053,2065,2097,2238,2085,2055,2022
2069,2054,2066,2097,2208,2065,2038,1986
2025,2008,2023,2029,2065,2013,2030,1967
2012,1996,2015,2011,2028,2037,2041,1982
2036,2030,2048,2021,1948,2051,2047,1974
2044,2044,2054,2054,2017,2072,2056,1999
2060,2048,2052,2070,2035,2039,2040,1995
2050,2042,2040,2032,1899,1962,2013,1992
2041,2038,2046,2030,1896,1959,2029,2010
2048,2041,2058,2054,1935,1987,2036,2024
2053,2033,2055,2069,1977,2012,2050,2029
2055,2038,2046,2059,1965,2024,2060,2041
2060,2033,2045,2042,1931,2034,2051,2051
2063,2047,2052,2067,2037,2083,2076,2066
2070,2060,2068,2105,2209,2116,2084,2087
2082,2067,2072,2132,2318,2144,2092,2100
2081,2069,2066,2147,2352,2151,2092,2108
2080,2069,2073,2147,2368,2099,2056,2092
2051,2037,2046,2134,2363,2044,2039,2099
2049,2031,2038,2118,2260,2014,2023,2116
2075,2055,2055,2085,2137,1966,2018,2107
2071,2051,2048,2036,1872,1942,2016,2103
2068,2048,2031,1956,1524,1936,2003,2087
2065,2047,2040,1978,1689,2010,2045,2080
2073,2063,2063,2086,2063,2088,2061,2082
2089,2076,2073,2129,2197,2106,2060,2068
2083,2067,2066,2121,2173,2087,2070,2060
2076,2066,2066,2116,2111,2070,2049,2043
2074,2059,2056,2097,2080,2061,2059,2037
2067,2051,2047,2089,2062,2050,2061,2040
2069,2050,2042,2080,2050,2056,2057,2029
2062,2047,2035,2070,2062,2053,2053,2026
2062,2049,2038,2062,2070,2056,2058,2030
2061,2049,2042,2058,2058,2042,2027,2012
2034,2014,2032,2037,2057,2037,2024,2007
2037,2023,2032,2042,2068,2064,2049,2019
2072,2058,2054,2055,2074,2074,2066,2022
2070,2055,2055,2057,2073,2070,2057,2030
2067,2061,2061,2062,2077,2076,2068,2033
2069,2068,2060,2066,2074,2067,2058,2034
2068,2066,2067,2055,2052,2049,2044,2044
2070,2063,2066,2046,2045,2044,2058,2043
2069,2057,2060,2048,2029,2043,2043,2058
2068,2059,2062,2039,2027,2039,2047,2064
2074,2058,2063,2042,2049,2044,2055,2078
2076,2071,2074,2048,2065,2030,2043,2083
2068,2063,2066,2047,2063,2021,2042,2085
2072,2066,2070,2052,2070,2025,2028,2089
2065,2063,2069,2055,2069,2028,2044,2092
2061,2058,2055,2040,2045,2012,2010,2072
2023,2016,2017,2032,2063,2015,2008,2069
2024,2016,2027,2056,2098,2044,2039,2100
2056,2047,2040,2067,2078,2048,2051,2098
2057,2052,2041,2064,2068,2061,2056,2100
2058,2059,2052,2057,2037,2067,2059,2088
2063,2057,2042,2058,2033,2072,2060,2079
2058,2050,2042,2055,2043,2074,2078,2070
2058,2050,2040,2056,2043,2080,2080,2065
2058,2046,2046,2050,2016,2056,2093,2055
2054,2049,2048,2051,2012,2041,2069,2043
2053,2051,2065,2068,2036,2049,2070,2037
2058,2058,2069,2081,2051,2046,2066,2034
2066,2047,2058,2078,2047,2044,2056,2028
2058,2038,2048,2072,2063,2032,2041,2020
2052,2033,2038,2074,2078,2033,2048,2012
2054,2032,2031,2072,2059,2008,2038,1994
2035,2015,2023,2064,2044,2007,2028,1995
2037,2021,2032,2076,2058,2033,2063,2022
2072,2052,2039,2081,2066,2035,2061,2018
2062,2046,2033,2084,2057,2035,2065,2023
2056,2038,2037,2089,2052,2037,2058,2024
2053,2035,2045,2099,2051,2032,2048,2030
2050,2032,2050,2102,2044,2036,2051,2034
2049,2031,2046,2096,2049,2044,2069,2042
2053,2026,2036,2086,2042,2064,2075,2054
2055,2030,2033,2081,2052,2070,2079,2071
2057,2036,2047,2081,2058,2073,2073,2069
2055,2048,2055,2087,2057,2063,2077,2074
2058,2043,2035,2075,2047,2066,2084,2081
2052,2039,2013,2051,2036,2064,2056,2088
2048,2033,2007,2038,2036,2064,2059,2088
2047,2033,2014,2015,2017,2032,2018,2077
2022,2018,2025,2015,2024,2037,2015,2084
2028,2036,2036,2024,2025,2067,2058,2096
2050,2057,2031,2008,2000,2068,2047,2083
2047,2053,2024,1997,1983,2056,2047,2077
2041,2053,2015,1993,1974,2046,2049,2069
2050,2051,2004,1987,1980,2021,2057,2077
2059,2064,2010,1997,1994,2009,2065,2079
2072,2081,2040,2033,2052,2010,2076,2078
2077,2087,2054,2051,2091,2019,2079,2075
2070,2081,2052,2056,2079,2046,2072,2059
2073,2077,2061,2064,2073,2058,2083,2059
2072,2070,2058,2061,2052,2058,2077,2048
2071,2064,2045,2060,2080,2059,2071,2046
2065,2054,2039,2066,2072,2056,2039,2041
2068,2063,2044,2060,2047,2065,2049,2039
2070,2069,2047,2070,2030,2079,2038,2012
2045,2046,2051,2090,2075,2102,2061,2018
2048,2046,2068,2112,2106,2131,2076,2036
2077,2078,2087,2133,2147,2156,2082,2029
2073,2074,2074,2125,2124,2131,2072,2029
2066,2064,2068,2092,2029,2056,2040,2029
2052,2054,2076,2072,2031,2004,2019,2031
2047,2047,2083,2071,2036,1986,2027,2029
2051,2050,2091,2080,2038,1986,2055,2042
2052,2049,2095,2091,2122,2004,2058,2047
2052,2042,2081,2091,2105,1998,2053,2041
2041,2035,2059,2033,1957,1983,2045,2052
2046,2036,2043,1998,1886,1994,2039,2066
2042,2041,2059,2001,1902,2006,2041,2074
2045,2060,2096,2017,1948,2010,2035,2080
2046,2064,2108,2032,2004,2011,2029,2083
2052,2065,2097,2028,2037,2012,2027,2075
2026,2030,2059,2017,2041,2005,2033,2075
2031,2030,2055,2022,1981,2025,2061,2093
2062,2068,2076,2034,1991,2028,2064,2094
2058,2055,2072,2036,2060,2037,2042,2091
2062,2063,2074,2044,2122,2056,2043,2092
2065,2067,2070,2063,2183,2072,2070,2086
2064,2057,2069,2077,2206,2097,2083,2080
2059,2063,2078,2088,2225,2093,2076,2069
2065,2060,2074,2059,2129,2035,2050,2062
2057,2053,2063,2036,2051,2006,2057,2047
2059,2049,2053,2041,2059,2043,2063,2039
2046,2035,2038,2024,1943,2054,2041,2022
2036,2030,2032,2000,1747,2023,2046,2004
2037,2022,2032,1998,1750,1999,2056,1996
2031,2030,2043,2017,1906,2007,2069,2007
2044,2042,2056,2044,2075,2034,2058,1991
2030,2014,2023,2026,2079,2026,2025,1991
2028,2015,2036,2030,2045,2029,2043,2006
2052,2061,2065,2055,2045,2041,2055,2016
2066,2066,2070,2043,2002,2016,2067,2021
2063,2060,2061,2037,2021,2020,2073,2025
2058,2052,2060,2045,2106,2051,2079,2025
2058,2044,2054,2060,2180,2076,2065,2028
2054,2041,2050,2068,2194,2077,2076,2031
2049,2047,2058,2075,2165,2070,2064,2039
2051,2058,2067,2080,2117,2069,2059,2050
2049,2057,2064,2072,2094,2062,2084,2068
2054,2060,2059,2062,2052,2049,2079,2067
2058,2057,2055,2044,1950,2025,2070,2071
2055,2050,2051,2043,1973,2042,2078,2076
2063,2048,2050,2061,2035,2080,2084,2089
2055,2046,2058,2057,2020,2081,2070,2080
2041,2016,2032,2029,1992,2051,2040,2062
2014,2000,2019,2016,1993,2037,2033,2070
2029,2020,2033,2032,2011,2037,2054,2097
2051,2043,2042,2053,2053,2006,2077,2100
2051,2039,2040,2046,2043,2030,2068,2083
2047,2039,2042,2038,2023,2058,2064,2078
2046,2037,2038,2031,2013,2064,2078,2068
2044,2039,2036,2033,1995,2057,2066,2055
2044,2036,2034,2035,2000,2016,2052,2062
2046,2044,2044,2053,2006,1999,2068,2054
2046,2049,2052,2048,2004,2007,2056,2046
2053,2061,2064,2053,2006,2021,2062,2045
2060,2067,2074,2053,2024,2030,2060,2042
2067,2074,2076,2059,2035,2033,2053,2037
2067,2071,2070,2058,2027,2032,2061,2042
2066,2067,2069,2056,2005,2037,2067,2037
2061,2060,2055,2046,2006,2030,2034,2010
2036,2027,2044,2038,2010,2026,2049,2011
2030,2020,2059,2052,2041,2055,2070,2024
2053,2050,2081,2066,2073,2056,2080,2029
2053,2055,2077,2063,2075,2052,2074,2034
2049,2052,2083,2074,2109,2057,2047,2038
2061,2050,2077,2075,2108,2064,2044,2036
2056,2046,2082,2078,2092,2057,2049,2042
2068,2052,2080,2076,2059,2043,2050,2050
2061,2053,2073,2068,2008,2030,2056,2046
2063,2045,2064,2064,1980,2017,2055,2047
2051,2041,2062,2052,1994,2018,2038,2053
2043,2038,2061,2064,2022,2040,2045,2067
2050,2047,2061,2064,2055,2049,2055,2080
2050,2047,2049,2062,2074,2054,2054,2082
2047,2044,2041,2053,2085,2060,2042,2083
2054,2050,2040,2039,2068,2043,2036,2059
2020,2010,2013,2025,2060,2032,2025,2076
2015,2007,2016,2030,2068,2046,2060,2100
2046,2047,2048,2049,2062,2057,2046,2105
2051,2051,2053,2053,2055,2054,2046,2104
2055,2047,2057,2051,2047,2055,2051,2097
2058,2058,2056,2049,2046,2053,2050,2094
2060,2065,2056,2059,2051,2057,2037,2085
2064,2063,2046,2064,2066,2056,2029,2073
2063,2056,2040,2062,2065,2051,2040,2057
2052,2049,2042,2062,2049,2051,2042,2046
2063,2054,2050,2060,2057,2055,2036,2046
2065,2057,2054,2066,2061,2048,2053,2055
2058,2060,2056,2067,2052,2039,2029,2044
2054,2048,2049,2066,2054,2037,2045,2036
2057,2054,2046,2065,2056,2044,2041,2029
2055,2049,2049,2071,2055,2036,2030,2010
2025,2017,2016,2047,2032,2017,2043,1999
2026,2012,2012,2041,2032,2027,2036,2022
2052,2045,2030,2066,2056,2044,2056,2027
2053,2046,2031,2061,2042,2036,2053,2025
2060,2046,2037,2068,2059,2049,2058,2033
2059,2044,2038,2073,2065,2056,2054,2036
2066,2048,2041,2070,2061,2058,2057,2036
2058,2042,2040,2067,2060,2056,2056,2042
2061,2040,2032,2065,2055,2057,2050,2050
2059,2047,2029,2071,2063,2066,2065,2060
2060,2041,2026,2064,2058,2073,2057,2069
2058,2032,2008,2057,2055,2076,2062,2069
2046,2022,1993,2033,2046,2066,2035,2069
2038,2009,1973,2031,2030,2072,2033,2074
2029,2009,1967,2042,2033,2062,2031,2081
2040,2010,1994,2064,2063,2025,2021,2080
2018,1989,1993,2048,2057,1995,2009,2084
2024,1999,2014,2048,2045,2018,2022,2098
2042,2036,2046,2060,2034,2041,2038,2094
2045,2042,2052,2052,2017,2041,2044,2087
2045,2035,2054,2050,2015,2046,2050,2083
2051,2042,2062,2050,2001,2043,2053,2080
2051,2046,2062,2059,2012,2034,2063,2083
2047,2047,2064,2058,2029,2046,2037,2063
2053,2052,2066,2060,2002,2055,2056,2058
2052,2060,2072,2062,1984,2063,2067,2049
2045,2059,2066,2058,1981,2064,2058,2042
2047,2054,2060,2050,1984,2044,2051,2042
2047,2053,2053,2049,2021,2007,2064,2038
2049,2054,2056,2040,2034,2014,2048,2045
2057,2062,2058,2058,2077,2050,2080,2043
2047,2067,2064,2055,2083,2054,2040,2027
2025,2026,2039,2025,2051,2044,2018,2012
2023,2025,2020,2024,2045,2057,2039,2034
2058,2062,2042,2040,2037,2062,2037,2042
2062,2062,2034,2029,2020,2067,2032,2049
2066,2063,2034,2029,2034,2080,2048,2046
2058,2066,2045,2043,2049,2086,2072,2045
2057,2061,2052,2054,2092,2106,2078,2056
2059,2062,2063,2073,2136,2106,2076,2062
2065,2069,2068,2081,2183,2098,2076,2063
2059,2065,2064,2070,2158,2077,2066,2064
2054,2061,2055,2056,2088,2069,2067,2068
2052,2047,2047,2034,2009,2035,2039,2066
2039,2036,2042,2034,2017,2032,2046,2078
2042,2041,2051,2042,2057,2039,2044,2086
2041,2040,2043,2042,2090,2018,2042,2090
2041,2040,2040,2038,2068,1996,2013,2083
2019,2014,2049,2054,2071,2023,2011,2089
2022,2025,2071,2098,2137,2072,2050,2107
2052,2063,2080,2094,2119,2077,2062,2106
2057,2056,2066,2064,2050,2049,2073,2095
2051,2048,2044,2030,1916,2008,2061,2086
2049,2040,2037,2018,1881,1993,2042,2081
2049,2037,2037,2024,1967,2005,2053,2065
2049,2035,2042,2038,2023,2032,2059,2063
2045,2033,2050,2051,2047,2060,2069,2060
2049,2038,2065,2059,2034,2060,2065,2055
2055,2042,2070,2062,2030,2063,2062,2049
2051,2035,2062,2058,1990,2033,2060,2043
2045,2036,2049,2053,1946,2014,2035,2038
2044,2024,2046,2059,1985,2010,2032,2028
2039,2016,2042,2072,2085,2027,2038,2028
2050,2018,2051,2092,2164,2028,2024,2006
2027,2003,2038,2071,2192,2025,2023,2013
2020,1998,2044,2070,2175,2030,2042,2027
2044,2034,2076,2072,2141,2040,2049,2032
2041,2027,2061,2055,2133,2028,2041,2039
2041,2023,2058,2055,2197,2030,2038,2027
2038,2031,2056,2047,2164,2047,2036,2022
2033,2028,2053,2049,2070,2061,2047,2039
2041,2040,2057,2058,1992,2066,2042,2046
2039,2040,2037,2006,1785,2046,2036,2054
2046,2042,2031,2020,1871,2085,2037,2070
2058,2059,2051,2056,1989,2105,2052,2077
2065,2072,2063,2062,2027,2083,2057,2085
2061,2066,2062,2039,1988,2014,2047,2082
2054,2056,2049,2021,1911,1974,2046,2081
2049,2047,2032,2002,1865,1996,2047,2088
2052,2047,2024,1983,1820,2007,2041,2074
2029,2025,2005,1966,1804,2020,2053,2083
2036,2034,2025,1987,1870,2055,2079,2114
2076,2080,2068,2016,1949,2071,2083,2113
2070,2076,2066,2017,2000,2064,2061,2100
2062,2068,2067,2041,2128,2077,2068,2099
2065,2065,2074,2051,2185,2075,2056,2087
2054,2064,2072,2048,2194,2064,2054,2067
2059,2062,2072,2044,2114,2040,2035,2059
2058,2055,2088,2055,2083,2031,2033,2052
2055,2053,2077,2076,2108,2050,2060,2049
2059,2052,2088,2078,2117,2058,2062,2040
2053,2049,2080,2074,2101,2048,2046,2037
2055,2050,2076,2060,2073,2041,2046,2030
2058,2049,2070,2054,2063,2046,2037,2029
2058,2049,2068,2057,2067,2043,2051,2026
2066,2058,2064,2048,2052,2021,2024,2003
2029,2012,2030,2027,2041,2009,2008,1985
2019,2006,2026,2025,2058,2036,2042,1998
2046,2042,2046,2055,2089,2048,2062,2011
2049,2050,2045,2054,2077,2041,2059,2020
2048,2049,2040,2053,2081,2057,2062,2026
2052,2045,2031,2046,2077,2079,2058,2030
2044,2042,2026,2047,2045,2068,2066,2034
2048,2038,2017,2040,2011,2054,2075,2042
2050,2036,2017,2042,2011,2046,2059,2044
2048,2027,2010,2048,2038,2030,2071,2049
2059,2041,2021,2064,2082,2052,2090,2061
2060,2052,2023,2077,2081,2072,2094,2070
2058,2046,2020,2080,2120,2082,2099,2079
2062,2052,2023,2089,2140,2082,2089,2088
2068,2054,2034,2088,2102,2070,2078,2099
2065,2059,2028,2080,2059,2054,2078,2100
2057,2037,2010,2052,2054,2014,2052,2082
2034,2012,1998,2051,2096,2002,2030,2081
2034,2031,2023,2067,2140,2030,2054,2105
2048,2049,2038,2054,2136,2046,2053,2101
2044,2048,2050,2057,2110,2062,2064,2096
2049,2059,2053,2050,2058,2061,2054,2088
2055,2052,2051,2028,2045,2063,2032,2077
2048,2047,2054,2009,2019,2055,2014,2064
2047,2045,2072,2008,1998,2051,2050,2063
2051,2057,2085,2034,2054,2058,2058,2068
2061,2070,2097,2028,2039,2043,2036,2064
2059,2061,2086,2023,2014,2027,2048,2060
2057,2055,2067,2015,2013,2021,2044,2051
2052,2046,2064,2014,2013,2026,2060,2038
2038,2042,2060,2022,2028,2035,2057,2034
2044,2043,2064,2032,2033,2042,2063,2029
2044,2042,2061,2038,2040,2041,2042,2011
2018,2013,2041,2017,2018,2025,2015,2000
2017,2019,2041,2013,2027,2038,2015,2021
2043,2051,2065,2037,2061,2058,2055,2027
2047,2057,2072,2049,2064,2060,2058,2039
2049,2050,2075,2051,2069,2059,2073,2040
2055,2056,2074,2052,2068,2064,2066,2039
2057,2056,2069,2055,2068,2072,2066,2048
2053,2047,2068,2063,2089,2078,2064,2054
2050,2052,2068,2067,2099,2079,2074,2057
2057,2048,2066,2069,2104,2085,2068,2065
2052,2050,2070,2079,2148,2090,2088,2073
2052,2053,2069,2084,2188,2094,2079,2083
2057,2054,2072,2088,2204,2092,2080,2087
2062,2057,2070,2074,2195,2066,2069,2098
2060,2053,2075,2057,2125,2046,2063,2106
2071,2060,2076,2054,2006,2046,2074,2123
2069,2059,2072,2040,1971,2021,2035,2096
2033,2022,2045,2017,1961,2000,2027,2078
2025,2012,2044,2001,1837,1991,2036,2092
2042,2038,2046,1966,1707,1977,2033,2075
2038,2031,2040,1992,1871,2005,2012,2076
2039,2034,2040,2038,2074,2049,2032,2075
2044,2034,2045,2058,2169,2068,2066,2072
2039,2032,2049,2065,2127,2045,2044,2058
2045,2037,2051,2056,2095,2025,2047,2052
2041,2043,2060,2048,2095,2031,2052,2051
2042,2050,2057,2046,2065,2040,2056,2051
2055,2053,2056,2042,2044,2053,2050,2057
2056,2056,2061,2046,2051,2069,2054,2051
2059,2059,2063,2052,2054,2070,2040,2034
2056,2051,2059,2047,2042,2056,2036,2028
2059,2051,2054,2047,2046,2052,2033,2030
2048,2046,2053,2056,2085,2063,2040,2018
2033,2018,2026,2041,2080,2038,2019,2006
2027,2017,2027,2036,2044,2016,2027,2008
2040,2039,2045,2050,2029,2020,2045,2019
2050,2044,2049,2048,2021,2023,2044,2021
2047,2044,2049,2054,2027,2035,2033,2023
2050,2050,2051,2058,2026,2045,2045,2029
2051,2055,2055,2058,2039,2049,2070,2046
2054,2051,2051,2053,2047,2057,2064,2045
2056,2051,2058,2059,2066,2060,2073,2049
2056,2051,2054,2064,2106,2063,2065,2050
2059,2052,2049,2064,2129,2062,2073,2059
2054,2049,2050,2062,2121,2068,2060,2069
2056,2044,2053,2064,2125,2074,2072,2086
2055,2038,2045,2061,2107,2073,2074,2092
2058,2042,2050,2062,2101,2065,2067,2088
2052,2047,2056,2064,2076,2055,2059,2093
2048,2052,2065,2058,1968,2016,2030,2077
2023,2016,2039,2020,1851,1995,2007,2078
2027,2017,2040,2025,1884,2021,2050,2099
2056,2060,2068,2057,1948,2031,2050,2100
2057,2057,2060,2054,1994,2019,2052,2087
2054,2053,2059,2059,2013,2020,2060,2088
2049,2047,2056,2071,2026,2012,2045,2076
2047,2043,2057,2078,2045,2033,2024,2054
2035,2028,2042,2076,2064,2062,2013,2045
2041,2034,2042,2094,2090,2094,2029,2043
2042,2031,2030,2090,2105,2095,2039,2035
2038,2031,2027,2085,2108,2067,2048,2038
2037,2033,2018,2082,2127,2040,2042,2045
2042,2028,2001,2064,2069,2019,2051,2044
2039,2017,1987,2034,1952,2021,2060,2038
2037,2016,1984,2046,2010,2042,2038,2028
2041,2029,1995,2056,2047,2042,2041,2012
2023,1998,1972,2024,2007,2035,2013,2004
2014,1994,1970,2012,1997,2057,2021,2010
2034,2019,1999,2033,2011,2088,2021,2013
2044,2014,1992,2022,1996,2075,2041,2013
2041,2019,1988,2015,1981,2038,2050,2027
2040,2028,1986,2025,1997,1996,2034,2042
2055,2032,1986,2034,2072,2006,2058,2044
2055,2040,1994,2032,2119,2052,2074,2050
2052,2044,2025,2042,2134,2085,2065,2052
2054,2055,2060,2057,2130,2113,2064,2056
2054,2059,2075,2055,2124,2125,2072,2062
2052,2060,2074,2054,2112,2135,2080,2075
2059,2066,2082,2060,2116,2139,2074,2078
2060,2071,2085,2064,2082,2094,2076,2092
2060,2081,2108,2071,2050,2010,2069,2108
2074,2087,2119,2085,2072,2008,2072,2111
2065,2066,2100,2070,2058,2016,2055,2097
2039,2037,2074,2037,1944,2002,2044,2090
2038,2044,2086,2023,1893,2003,2057,2098
2054,2059,2079,2019,1910,2022,2077,2091
2066,2067,2087,2055,1999,2064,2073,2091
2064,2069,2080,2058,1988,2064,2068,2087
2062,2063,2072,2047,2032,2070,2072,2076
2056,2057,2070,2055,2127,2101,2076,2073
2054,2060,2069,2069,2123,2103,2049,2073
2060,2060,2064,2060,2054,2080,2069,2062
2057,2062,2059,2037,1989,2062,2043,2046
2059,2054,2058,2031,1983,2051,2039,2044
2051,2050,2055,2040,1993,2055,2047,2030
2050,2046,2050,2045,2034,2056,2036,2016
2049,2045,2059,2075,2128,2085,2050,2014
2051,2052,2062,2086,2117,2081,2054,2013
2053,2048,2055,2061,2093,2040,2012,1993
2022,2004,2028,2050,2102,2014,1982,1989
2018,2005,2025,2066,2144,2005,2012,2016
2051,2041,2050,2074,2113,2012,2045,2018
2053,2044,2051,2074,2110,2029,2046,2023
2058,2047,2056,2049,2042,2009,2045,2024
2050,2040,2047,2025,1953,2007,2040,2028
2054,2047,2060,2064,2041,2038,2046,2027
2052,2047,2062,2071,2052,2037,2053,2032
2046,2039,2056,2052,2024,2027,2039,2034
2041,2039,2054,2053,2023,2033,2046,2042
2041,2045,2051,2054,2041,2042,2058,2059
2044,2042,2047,2053,2047,2045,2039,2057
2045,2042,2041,2053,2051,2044,2049,2066
2044,2032,2046,2064,2056,2044,2043,2073
2045,2032,2056,2072,2045,2040,2044,2079
2051,2032,2064,2084,2031,2043,2031,2077
2031,2009,2038,2058,1993,2012,2010,2054
2018,2000,2020,2041,1979,2006,2005,2058
2028,2026,2032,2052,2015,2038,2037,2084
2044,2037,2048,2066,2062,2058,2041,2091
2046,2048,2062,2075,2074,2060,2041,2082
2051,2047,2046,2075,2072,2057,2057,2072
2049,2047,2031,2056,2053,2057,2054,2073
2050,2040,2028,2052,2054,2063,2055,2060
2059,2047,2034,2057,2069,2069,2054,2053
2055,2043,2029,2049,2081,2074,2041,2050
2057,2041,2033,2043,2068,2069,2037,2045
2064,2039,2026,2033,2057,2072,2052,2036
2054,2029,2012,2021,2046,2068,2069,2029
2047,2024,2014,2010,2028,2066,2055,2031
2043,2026,2030,2020,2026,2070,2056,2025
2042,2046,2037,2024,2009,2065,2061,2018
2044,2049,2038,2030,2037,2047,2024,2001
2021,2019,2023,2046,2080,2034,2021,2002
2025,2018,2034,2056,2066,2046,2045,2026
2065,2066,2066,2075,2095,2057,2058,2030
2065,2061,2071,2086,2124,2070,2048,2041
2057,2060,2075,2069,2056,2066,2060,2031
2052,2050,2064,2033,2024,2055,2035,2025
2050,2046,2063,2028,2026,2035,2028,2026
2048,2050,2058,2021,1960,2034,2040,2031
2047,2053,2063,2031,2006,2044,2048,2045
2056,2055,2067,2047,2053,2058,2046,2055
2055,2062,2074,2060,2113,2054,2039,2058
2047,2061,2068,2045,2099,2019,2037,2059
2047,2056,2056,2029,2128,2010,2045,2068
2050,2060,2068,2043,2140,2027,2043,2079
2052,2058,2070,2046,2052,2026,2049,2089
2056,2064,2067,2033,1904,2011,2030,2077
2035,2029,2041,2004,1894,1996,2027,2062
2024,2022,2035,2025,1993,2029,2032,2081
2048,2057,2067,2066,2050,2065,2046,2083
2052,2069,2070,2055,2035,2061,2040,2082
2055,2066,2064,2053,2077,2078,2051,2076
2058,2060,2062,2052,2105,2086,2046,2079
2059,2060,2065,2053,2050,2065,2050,2076
2054,2062,2062,2040,1971,2046,2043,2056
2049,2059,2059,2039,2030,2052,2045,2048
2035,2058,2054,2054,2108,2075,2046,2044
2059,2061,2058,2060,2121,2110,2056,2042
2057,2061,2062,2057,2085,2128,2067,2035
2051,2065,2054,2031,2001,2077,2057,2025
2045,2056,2038,2007,1951,2030,2038,2014
2041,2046,2034,2010,2006,2017,2034,2008
2041,2049,2034,1990,1923,1970,2026,2011
2036,2038,2027,1950,1774,1950,2002,1990
2010,2001,2002,1965,1915,1992,2004,1984
2010,2000,2017,2025,2142,2058,2041,2010
2044,2046,2048,2053,2199,2081,2047,2018
2045,2051,2050,2050,2152,2064,2030,2024
2045,2052,2056,2043,2117,2049,2042,2015
2046,2060,2053,2046,2127,2046,2037,2023
2050,2053,2055,2051,2122,2053,2057,2032
2053,2055,2055,2060,2117,2065,2064,2049
2054,2063,2059,2073,2125,2083,2069,2060
2056,2062,2064,2082,2157,2098,2072,2068
2056,2059,2063,2085,2164,2108,2072,2068
2043,2048,2049,2065,2143,2118,2051,2056
2036,2046,2049,2053,2134,2119,2062,2065
2037,2049,2050,2039,2065,2086,2065,2075
2045,2050,2046,2002,2061,2060,2059,2075
2038,2049,2043,1984,2041,1992,2019,2073
2017,2014,2022,1950,1882,1860,1978,2063
2008,2007,2016,1957,1900,1878,2013,2082
2040,2052,2058,2035,2111,1984,2046,2087
2055,2059,2066,2068,2167,2037,2043,2085
2049,2052,2050,2048,2035,2043,2029,2065
2042,2047,2042,2006,1876,2052,2043,2057
2047,2053,2038,2026,1950,2065,2058,2058
2055,2057,2039,2022,1982,2060,2061,2051
2045,2052,2030,2014,1996,2072,2073,2046
2049,2048,2027,2011,2024,2085,2075,2040
2052,2050,2033,2008,1998,2065,2066,2039
2046,2048,2026,2001,1982,2056,2055,2035
2046,2042,2023,1991,1984,2075,2064,2032
2043,2038,2015,1996,1993,2093,2061,2036
2050,2044,2019,2013,2022,2107,2083,2037
2053,2048,2018,2012,2024,2091,2062,2032
2050,2041,2007,2000,2034,2036,2023,2018
2025,2015,2000,2004,2045,2043,2027,2003
2023,2013,2010,2024,2070,2088,2040,2014
2044,2044,2029,2037,2064,2102,2047,2006
2038,2040,2029,2034,2039,2086,2047,1999
2033,2037,2030,2017,1973,2047,2018,1997
2031,2042,2033,2025,1991,1995,2024,2016
2035,2054,2050,2045,2060,2004,2035,2033
2039,2051,2053,2050,2107,2038,2031,2047
2037,2057,2053,2053,2113,2072,2049,2044
2046,2048,2060,2040,2086,2087,2067,2051
2041,2042,2062,2033,2060,2087,2074,2057
2041,2046,2054,2028,2035,2078,2066,2065
2038,2035,2051,2027,2024,2063,2045,2062
2036,2038,2046,2034,2044,2069,2037,2070
2034,2034,2044,2033,2060,2069,2069,2074
2033,2040,2038,2029,2045,2058,2040,2057
2002,2005,2014,2015,2023,2026,2037,2061
2004,2001,2014,2021,2015,2031,2056,2080
2040,2043,2049,2055,2048,2052,2062,2082
2048,2052,2049,2049,2029,2052,2066,2078
2049,2046,2053,2043,2015,2049,2056,2081
2045,2051,2048,2041,2011,2060,2066,2069
2044,2051,2049,2039,2025,2083,2058,2061
2037,2051,2046,2042,2028,2087,2061,2059
2045,2058,2047,2033,1987,2061,2058,2062
2050,2055,2051,2026,1954,2040,2051,2050
2046,2051,2044,2026,1948,2003,2039,2043
2052,2057,2049,2037,1938,1980,2017,2042
2041,2055,2052,2033,1961,2011,2028,2039
2047,2056,2049,2040,2005,2043,2042,2034
2047,2055,2052,2048,2082,2052,2059,2033
2044,2059,2054,2051,2122,2056,2044,2040
2047,2058,2040,2035,2075,2038,2021,2016
2019,2022,2027,2014,2058,2029,2031,2003
2018,2018,2025,2024,2105,2056,2046,2025
2046,2054,2053,2038,2113,2058,2049,2029
2045,2050,2043,2035,2074,2048,2054,2029
2044,2057,2053,2040,2056,2046,2048,2032
2041,2048,2051,2031,2046,2042,2047,2029
2042,2052,2043,2036,2048,2042,2038,2037
2037,2042,2043,2038,2064,2042,2029,2037
2036,2041,2032,2043,2038,2045,2040,2037
2038,2042,2035,2049,2058,2056,2053,2047
2039,2039,2035,2050,2084,2060,2061,2059
2048,2035,2031,2051,2069,2063,2053,2072
2044,2036,2030,2054,2087,2064,2059,2073
2034,2030,2034,2054,2066,2060,2055,2079
2039,2034,2028,2052,2046,2056,2054,2080
2038,2034,2032,2050,2046,2055,2060,2074
2016,2006,2008,2022,2031,2023,2019,2059
2002,1991,2003,2011,2036,2015,2016,2065
2029,2030,2032,2037,2074,2044,2056,2079
2042,2051,2044,2045,2067,2046,2054,2075
2051,2046,2046,2040,2057,2052,2039,2077
2049,2048,2049,2040,2061,2053,2036,2072
2050,2047,2046,2035,2057,2053,2044,2072
2053,2055,2046,2037,2044,2049,2052,2066
2058,2061,2056,2043,2036,2044,2043,2061
2057,2068,2061,2049,2031,2042,2047,2060
2061,2072,2072,2053,2047,2055,2053,2051
2060,2066,2071,2049,2054,2066,2063,2051
2060,2065,2068,2052,2061,2066,2071,2040
2054,2059,2060,2044,2043,2064,2044,2034
2048,2060,2056,2043,2053,2060,2047,2023
2048,2063,2063,2051,2052,2047,2054,2022
2049,2062,2064,2039,2040,2021,2007,2005
2020,2026,2039,2017,2022,2009,2018,2006
2026,2029,2036,2014,2021,2009,2034,2019
2053,2057,2064,2038,2053,2036,2056,2026
2058,2067,2063,2042,2047,2041,2063,2028
2064,2063,2068,2046,2040,2044,2072,2036
2068,2070,2064,2045,2044,2042,2079,2037
2068,2068,2061,2050,2057,2050,2062,2038
2067,2066,2064,2056,2053,2054,2064,2040
2069,2072,2072,2057,2051,2054,2061,2040
2064,2068,2065,2062,2045,2055,2068,2050
2058,2068,2065,2059,2042,2059,2061,2057
2059,2066,2060,2051,2048,2058,2059,2060
2058,2064,2061,2055,2049,2072,2028,2072
2059,2061,2061,2047,2057,2076,2053,2071
2053,2062,2058,2050,2098,2085,2060,2072
2052,2056,2052,2049,2120,2080,2033,2077
2046,2053,2052,2041,2092,2023,1997,2062
2016,2021,2022,2023,2091,1984,1995,2060
2027,2018,2027,2035,2099,2007,2042,2083
2059,2056,2055,2050,2105,2031,2036,2086
2052,2058,2055,2045,2071,2038,2044,2081
2057,2055,2050,2033,1995,2032,2036,2082
2050,2053,2050,2022,1884,2016,2035,2072
2053,2052,2049,2026,1942,2026,2035,2058
2048,2042,2042,2021,2014,2033,2047,2048
2047,2039,2044,2034,2092,2052,2046,2044
2050,2038,2041,2043,2094,2061,2055,2046
2045,2040,2042,2048,2037,2072,2058,2037
2047,2040,2037,2054,2071,2072,2047,2025
2043,2044,2037,2055,2062,2070,2056,2017
2035,2044,2035,2055,2029,2065,2037,2021
2038,2041,2030,2038,1945,2062,2037,2022
2044,2041,2026,2052,1983,2051,2043,2020
2037,2018,2007,2042,2024,2035,2026,1994
2023,2007,2002,2020,2003,2008,2003,1991
2022,2030,2031,2025,2017,2038,2031,2015
2051,2049,2048,2047,2042,2049,2041,2006
2050,2056,2057,2046,2048,2036,2043,2008
2052,2049,2058,2043,2037,2020,2025,2010
2049,2052,2061,2046,2020,2018,2021,2013
2049,2049,2064,2046,2032,2032,2031,2024
2050,2056,2069,2055,2041,2044,2036,2030
2053,2060,2077,2062,2069,2059,2026,2036
2051,2062,2081,2060,2074,2052,2046,2042
2053,2067,2080,2062,2070,2045,2033,2046
2051,2060,2081,2058,2066,2050,2040,2056
2046,2053,2072,2038,2048,2044,2026,2062
2046,2044,2065,2027,2005,2026,2026,2064
2037,2036,2059,2020,2003,2026,2029,2070
2041,2027,2047,2015,2017,2023,2004,2060
2018,1995,2018,1998,1995,2009,2003,2055
2013,2003,2015,2001,1998,2020,2008,2075
2039,2042,2051,2032,2026,2036,2022,2084
2046,2047,2053,2034,2028,2045,2029,2076
2044,2047,2044,2033,2032,2045,2043,2071
2046,2054,2048,2030,2045,2039,2045,2069
2048,2056,2057,2026,2070,2047,2054,2061
2047,2057,2055,2025,2069,2056,2075,2056
2054,2060,2062,2026,2060,2063,2061,2053
2060,2065,2065,2026,2053,2055,2053,2042
2067,2060,2063,2028,2045,2054,2051,2037
2060,2057,2067,2027,2046,2055,2054,2035
2060,2061,2065,2029,2031,2044,2040,2031
2064,2066,2056,2027,2016,2035,2029,2024
2057,2062,2054,2018,2025,2033,2045,2024
2050,2051,2048,2019,2042,2041,2034,2014
2052,2043,2037,2015,2036,2028,2008,1989
2018,2009,2017,2008,2027,2024,2000,1988
2018,2007,2014,2015,2034,2051,2018,2011
2043,2050,2038,2030,2049,2057,2047,2018
2045,2052,2041,2032,2068,2057,2032,2018
2039,2046,2038,2041,2117,2067,2056,2019
2049,2037,2037,2047,2100,2061,2055,2014
2043,2040,2036,2025,1980,2042,2049,2017
2047,2039,2034,2011,1968,2036,2039,2022
2044,2045,2032,2020,2041,2038,2031,2030
2044,2042,2028,2034,2068,2047,2036,2038
2048,2039,2020,2039,2062,2051,2054,2041
2045,2038,2005,2041,2053,2060,2063,2056
2043,2037,1993,2043,2051,2048,2061,2056
2042,2034,1990,2049,2059,2039,2056,2058
2036,2034,1981,2046,2063,2039,2059,2062
2036,2032,1977,2048,2077,2042,2018,2047
2013,2003,1958,2028,2058,2024,1989,2045
2001,1994,1951,2026,2049,2023,2035,2063
2031,2028,1988,2042,2058,2054,2043,2072
2040,2041,1994,2040,2055,2044,2047,2073
2049,2046,2008,2035,2052,2040,2048,2076
2049,2048,2023,2033,2051,2043,2064,2071
2046,2052,2036,2027,2037,2039,2052,2064
2052,2057,2059,2023,2034,2042,2067,2057
2050,2059,2063,2017,2034,2045,2066,2035
2044,2053,2076,2013,2031,2040,2052,2029
2057,2060,2089,2018,2034,2046,2052,2029
2049,2062,2103,2022,2036,2056,2047,2026
2050,2065,2102,2018,2027,2050,2057,2019
2040,2062,2106,2008,2009,2046,2044,2006
2042,2068,2114,2016,2018,2038,2042,2011
2049,2074,2113,2020,2018,2034,2042,2006
2044,2071,2096,2019,1999,2003,2003,1984
2017,2032,2062,2013,1995,1997,1990,1986
2016,2037,2058,2026,2020,2026,2023,2002
2043,2072,2082,2046,2030,2041,2001,2011
2046,2070,2078,2040,2023,2048,2014,2016
2050,2069,2072,2034,2026,2047,2048,2017
2048,2065,2071,2035,2036,2058,2037,2032
2053,2068,2070,2032,2034,2059,2025,2029
2050,2064,2069,2036,2050,2059,2035,2035
2056,2061,2069,2040,2098,2066,2031,2036
2046,2061,2067,2047,2101,2067,2021,2038
2050,2067,2068,2044,2074,2070,2025,2050
2053,2063,2069,2039,2074,2074,2019,2060
2046,2061,2062,2039,2079,2071,2058,2060
2045,2052,2061,2042,2082,2072,2047,2061
2050,2053,2057,2040,2077,2073,2053,2066
2052,2054,2058,2042,2069,2070,2018,2055
2023,2022,2029,2017,2040,2049,1999,2051
2019,2017,2037,2024,2039,2051,2017,2073
2044,2056,2062,2041,2056,2088,2038,2086
2047,2058,2061,2042,2054,2082,2050,2077
2052,2059,2062,2039,2043,2055,2027,2072
2044,2055,2057,2040,2049,2050,2041,2064
2046,2053,2050,2040,2048,2047,2037,2060
2045,2049,2048,2030,2043,2047,2036,2042
2042,2045,2042,2031,2036,2050,2038,2043
2044,2045,2042,2028,2045,2046,2036,2036
2038,2050,2036,2031,2048,2043,2040,2034
2050,2048,2029,2030,2056,2048,2047,2025
2050,2044,2026,2037,2060,2046,2037,2018
2044,2042,2025,2029,2057,2043,2046,2009
2044,2044,2022,2031,2044,2046,2044,2014
2045,2042,2022,2034,2042,2055,2053,2007
2044,2023,2006,2021,2026,2026,2007,1979
2022,2012,1992,2008,2021,2026,1995,1979
2026,2022,2012,2035,2040,2050,2031,2002
2042,2042,2026,2044,2038,2052,2029,2004
2044,2039,2026,2042,2046,2053,2050,2010
2041,2038,2028,2039,2037,2052,2029,2009
2038,2036,2038,2046,2047,2063,2046,2011
2040,2030,2041,2038,2045,2080,2045,2023
2038,2037,2048,2045,2045,2080,2050,2025
2035,2041,2062,2043,2044,2078,2068,2040
2043,2048,2070,2043,2044,2078,2083,2048
2047,2053,2073,2052,2050,2085,2085,2053
2051,2053,2076,2049,2054,2081,2083,2060
2048,2057,2070,2040,2051,2049,2061,2060
2050,2067,2074,2045,2044,2039,2057,2073
2054,2072,2083,2050,2050,2041,2066,2086
2053,2079,2076,2040,2048,2016,2032,2064
2028,2036,2049,2031,2057,2021,2032,2074
2026,2034,2049,2044,2082,2050,2063,2080
2049,2069,2068,2057,2099,2053,2057,2079
2050,2069,2068,2057,2082,2045,2060,2071
2053,2067,2066,2042,2046,2038,2059,2076
2053,2065,2067,2040,2024,2044,2061,2078
2056,2068,2064,2032,2012,2047,2050,2066
2054,2073,2063,2031,2023,2053,2058,2057
2055,2074,2069,2033,2032,2048,2037,2045
2057,2076,2072,2041,2037,2045,2038,2037
2057,2072,2073,2042,2039,2045,2030,2036
2056,2076,2067,2035,2041,2036,2034,2037
2052,2074,2067,2039,2037,2021,2020,2034
2048,2066,2060,2036,2039,2014,2007,2036
2048,2069,2057,2039,2046,2015,2025,2028
2057,2066,2057,2039,2040,2009,2007,2002
2025,2028,2028,2019,2013,1990,1980,1992
2015,2017,2024,2010,2011,1997,1996,1996
2036,2044,2046,2038,2027,2036,2016,2007
2039,2049,2052,2037,2043,2049,2058,2021
2043,2051,2052,2043,2058,2070,2057,2036
2057,2060,2055,2046,2054,2075,2054,2023
2047,2058,2047,2042,2054,2066,2069,2030
2050,2057,2050,2047,2051,2063,2072,2036
2044,2055,2052,2043,2058,2068,2072,2043
2052,2050,2052,2044,2056,2074,2067,2043
2045,2054,2056,2042,2055,2058,2070,2052
2046,2054,2052,2039,2059,2060,2069,2055
2041,2059,2049,2041,2062,2057,2071,2075
2038,2052,2045,2046,2061,2062,2068,2081
2039,2052,2049,2044,2064,2062,2085,2083
2053,2049,2046,2041,2049,2062,2080,2089
2033,2032,2024,2023,2021,2043,2043,2068
2004,2014,2015,2027,2028,2046,2043,2072
2025,2039,2040,2039,2046,2059,2073,2103
2054,2056,2048,2038,2047,2062,2060,2098
2050,2053,2050,2045,2041,2052,2059,2090
2047,2057,2047,2043,2044,2046,2038,2077
2052,2058,2046,2048,2039,2046,2022,2061
2049,2058,2047,2043,2013,2050,2021,2051
2043,2056,2049,2033,1992,2062,2034,2043
2048,2053,2047,2038,2012,2076,2028,2042
2046,2051,2047,2040,2015,2060,2042,2031
2045,2047,2048,2056,2006,2032,2037,2036
2049,2051,2051,2087,2115,2041,2040,2041
2055,2058,2054,2103,2209,2070,2048,2035
2053,2056,2053,2095,2202,2097,2055,2029
2049,2055,2051,2090,2182,2082,2052,2029
2051,2056,2039,2052,2179,2045,2043,1995
2015,2014,2015,2033,2196,2055,2020,1998
2016,2018,2021,2045,2182,2111,2049,2011
2047,2061,2046,2029,2087,2109,2063,2007
2047,2059,2037,1997,1829,2069,2051,2005
2041,2058,2046,1999,1824,2070,2051,2018
2046,2061,2054,2043,2036,2051,2069,2016
2050,2058,2049,2066,2167,2045,2033,2016
2049,2054,2049,2070,2147,2023,2020,2018
2040,2048,2034,2035,2015,1977,1990,2022
2036,2040,2028,2008,1935,1957,1986,2026
2038,2044,2036,2030,1976,1993,2005,2034
2040,2049,2039,2058,2025,2021,2027,2048
2045,2048,2047,2058,2034,2037,2041,2064
2039,2051,2048,2052,2038,2046,2041,2067
2038,2048,2037,2037,2033,2033,2036,2060
2034,2043,2030,2034,2020,2020,2008,2052
2006,2006,2006,2008,1983,1985,2004,2042
1996,1999,2003,2010,1988,2023,2022,2072
2025,2040,2030,2030,2023,2070,2047,2077
2037,2041,2031,2029,2025,2075,2045,2068
2027,2040,2029,2028,2017,2063,2052,2069
2029,2044,2033,2032,2022,2057,2031,2056
2040,2043,2034,2042,2023,2049,2040,2049
2041,2055,2039,2039,2032,2056,2029,2039
2039,2050,2040,2041,2043,2072,2029,2015
2032,2047,2041,2042,2052,2080,2029,2004
2026,2042,2033,2043,2068,2089,2015,2000
2030,2044,2039,2046,2070,2083,2026,1998
2040,2051,2045,2052,2072,2070,2017,2005
2043,2054,2039,2060,2076,2056,2019,2005
2039,2049,2039,2051,2056,2039,2003,2010
2046,2050,2039,2049,2034,2030,2043,2015
2043,2033,2026,2032,2023,2017,2022,1992
2029,2013,2014,2029,2008,2007,2017,1985
2029,2029,2033,2048,2032,2034,2017,2004
2049,2053,2039,2048,2042,2041,2015,2003
2050,2048,2043,2051,2042,2042,2030,2000
2040,2051,2042,2050,2041,2045,2015,2003
2041,2050,2045,2051,2042,2050,2036,2005
2037,2050,2039,2042,2049,2053,2052,2020
2039,2046,2033,2036,2049,2052,2039,2026
2044,2052,2030,2040,2041,2048,2055,2035
2041,2057,2033,2038,2052,2052,2041,2040
2039,2060,2039,2050,2064,2057,2041,2047
2040,2060,2047,2055,2084,2057,2050,2045
2036,2053,2043,2057,2085,2058,2030,2050
2030,2042,2044,2047,2073,2054,2054,2049
2028,2037,2036,2043,2062,2056,2052,2056
2024,2040,2040,2043,2057,2029,2020,2043
1999,2011,2021,2038,2054,2021,2006,2037
2001,2013,2022,2030,2038,2021,2005,2057
2027,2052,2043,2037,2043,2038,2035,2062
2036,2060,2045,2045,2054,2049,2039,2066
2043,2070,2065,2058,2053,2058,2020,2069
2052,2075,2065,2063,2055,2062,2043,2064
2055,2080,2071,2062,2049,2063,2052,2052
2045,2071,2062,2057,2045,2065,2055,2043
2045,2080,2057,2054,2053,2060,2051,2032
2040,2067,2061,2049,2046,2056,2040,2020
2034,2064,2060,2052,2028,2048,2044,2014
2033,2062,2056,2044,2021,2052,2040,2011
2040,2057,2057,2043,2015,2045,2031,2006
2032,2053,2052,2031,2018,2033,2022,1997
2028,2050,2047,2034,2033,2024,2039,1982
2028,2050,2046,2044,2039,2020,2014,1966
2002,2013,2022,2026,2021,2007,2006,1962
1997,2008,2016,2020,2024,2015,2033,1982
2029,2046,2047,2044,2057,2037,2040,1984
2030,2050,2049,2045,2074,2053,2041,1986
2032,2042,2031,2040,2088,2068,2040,1990
2036,2046,2029,2038,2089,2073,2021,1982
2028,2034,2029,2041,2083,2076,2038,1987
2031,2041,2035,2047,2083,2077,2039,2004
2035,2042,2033,2047,2075,2069,2032,2014
2031,2042,2031,2041,2062,2054,2040,2033
2039,2041,2027,2040,2048,2050,2040,2038
2032,2040,2026,2039,2045,2056,2036,2054
2036,2034,2022,2032,2050,2056,2023,2059
2031,2034,2024,2033,2047,2057,2026,2069
2031,2037,2024,2036,2055,2063,2029,2074
2030,2043,2036,2037,2061,2055,2010,2069
2013,2009,2013,2025,2041,2052,2010,2072
2012,2016,2011,2035,2058,2075,2031,2088
2044,2058,2053,2052,2059,2077,2053,2082
2037,2061,2054,2049,2055,2076,2061,2070
2023,2052,2058,2043,2042,2068,2052,2061
2026,2056,2058,2049,2036,2054,2033,2038
2025,2061,2057,2049,2027,2050,2014,2020
2023,2060,2056,2051,2030,2053,2014,2013
2025,2061,2058,2051,2031,2061,2035,2000
2029,2056,2053,2052,2046,2059,2036,1985
2015,2054,2052,2047,2044,2036,2010,1966
2004,2051,2046,2037,2044,2041,2016,1958
2003,2044,2044,2048,2070,2054,2029,1947
1990,2040,2036,2040,2053,2034,2008,1925
1984,2033,2038,2035,2045,2016,2014,1901
1983,2039,2044,2040,2033,2013,1983,1871
1957,2003,2025,2021,2036,2026,1977,1862
1938,1999,2029,2032,2057,2066,2015,1876
1959,2039,2059,2057,2073,2081,2025,1860
1949,2038,2061,2056,2074,2075,2004,1857
1956,2040,2057,2059,2079,2073,2013,1868
1952,2034,2054,2057,2077,2087,2031,1882
1966,2043,2056,2049,2076,2096,2032,1917
1986,2042,2054,2049,2070,2100,2056,1947
1996,2050,2060,2045,2056,2082,2055,1981
2016,2050,2061,2051,2062,2067,2061,2001
2027,2049,2054,2046,2056,2053,2058,2014
2041,2054,2062,2050,2058,2066,2074,2028
2050,2046,2056,2053,2068,2072,2071,2041
2052,2049,2053,2050,2071,2071,2064,2050
2054,2046,2046,2054,2067,2058,2062,2048
2063,2049,2048,2050,2052,2065,2039,2030
2031,2006,2012,2021,2027,2022,2016,2035
2025,2007,2006,2020,2034,2006,2036,2067
2059,2041,2033,2043,2041,2010,2051,2094
2064,2046,2031,2047,2035,2025,2064,2120
2072,2049,2025,2048,2037,2038,2074,2143
2078,2054,2025,2046,2032,2053,2052,2163
2085,2051,2018,2040,2007,2048,2063,2167
2086,2047,1999,2040,2009,2051,2066,2158
2084,2041,1990,2036,2045,2067,2072,2135
2074,2033,1979,2041,2041,2076,2058,2102
2070,2030,1978,2059,2049,2079,2049,2085
2072,2031,1991,2083,2043,2075,2047,2070
2063,2034,1998,2099,2063,2058,2041,2062
2062,2032,2002,2100,2075,2027,2031,2047
2057,2032,1998,2088,2046,2013,2038,2039
2050,2025,1998,2080,2038,2012,2016,2012
2027,1992,1977,2072,2031,2014,1998,2012
2027,1999,1977,2070,2032,2040,2045,2035
2057,2038,2014,2089,2040,2056,2059,2047
2062,2042,2028,2081,2001,2036,2057,2044
2058,2048,2042,2075,1977,2024,2065,2052
2064,2050,2059,2073,1970,2023,2061,2050
2064,2054,2058,2067,1968,2026,2069,2066
2067,2058,2067,2066,1970,2036,2089,2064
2060,2058,2071,2050,2015,2037,2091,2065
2064,2058,2083,2040,2075,2050,2078,2068
2060,2059,2091,2024,2129,2049,2081,2079
2052,2048,2084,1996,2161,2048,2062,2078
2045,2048,2101,1989,2205,2061,2056,2070
2039,2076,2140,2018,2216,2083,2043,2065
2042,2093,2141,2018,2142,2088,2027,2063
2033,2084,2111,2015,2050,2075,2004,2048
2001,2035,2060,1981,1904,2023,1970,2049
1999,2022,2045,1976,1887,2029,2001,2058
2012,2053,2061,2007,1936,2063,2011,2056
2019,2048,2064,2014,1974,2072,1975,2051
2014,2047,2061,2013,1996,2074,2013,2043
2020,2044,2062,2003,1966,2045,2029,2056
2029,2050,2069,2028,1976,2029,2048,2062
2023,2058,2079,2051,2019,2055,2047,2064
2041,2060,2086,2059,2071,2055,2049,2066
2052,2064,2087,2061,2084,2041,2078,2084
2066,2062,2080,2058,2077,2046,2081,2066
2068,2063,2072,2052,2078,2055,2080,2042
2062,2059,2072,2056,2074,2056,2078,2019
2050,2052,2064,2053,2079,2061,2063,1996
2041,2047,2056,2050,2057,2059,2046,1995
2036,2049,2056,2047,2053,2059,2044,1975
2012,2023,2031,2033,2032,2040,2031,1962
2003,2014,2026,2022,2036,2044,2032,1968
2028,2052,2051,2045,2048,2069,2049,1973
2034,2060,2061,2047,2051,2075,2052,1980
2038,2061,2056,2052,2060,2079,2059,1986
2038,2056,2054,2058,2059,2058,2042,1980
2042,2057,2053,2062,2060,2036,2064,1980
2043,2058,2060,2067,2066,2032,2068,1987
2047,2051,2074,2077,2067,2035,2048,2004
2050,2053,2073,2082,2071,2041,2068,2018
2049,2057,2074,2091,2078,2054,2064,2036
2060,2066,2076,2097,2073,2056,2074,2043
2063,2057,2071,2098,2070,2057,2068,2059
2060,2055,2066,2099,2063,2052,2066,2052
2051,2049,2063,2090,2048,2034,2042,2057
2051,2049,2066,2085,2038,2034,2050,2065
2044,2024,2033,2054,2008,2009,2016,2053
2026,2015,2021,2044,1999,1994,1990,2074
2051,2048,2052,2067,2012,2015,2018,2103
2058,2061,2056,2070,2007,2024,2043,2101
2072,2066,2049,2069,1996,2026,2057,2097
2070,2063,2043,2059,1981,2022,2055,2073
2062,2062,2036,2048,1994,2033,2056,2058
2056,2057,2026,2049,2026,2056,2076,2054
2056,2054,2017,2039,2020,2059,2058,2045
2054,2047,2014,2016,2006,2051,2054,2039
2049,2040,2005,1996,1981,2035,2052,2034
2044,2035,2010,1992,1974,2030,2053,2032
2048,2043,2020,1994,1998,2045,2061,2024
2049,2043,2024,1990,2006,2048,2054,2021
2049,2051,2034,1991,2039,2056,2057,2028
2055,2061,2048,2013,2067,2070,2065,2019
2044,2041,2037,2004,2060,2055,2022,1992
2021,2020,2034,2011,2045,2051,2018,1986
2025,2041,2054,2029,2059,2081,2049,2005
2044,2054,2062,2032,2050,2057,2064,2011
2043,2049,2054,2033,2067,2036,2066,2012
2053,2051,2050,2046,2094,2038,2056,2021
2047,2047,2044,2050,2101,2040,2062,2014
2042,2047,2037,2039,2105,2055,2067,2015
2036,2039,2039,2044,2098,2061,2069,2015
2032,2037,2040,2041,2081,2049,2040,2021
2025,2039,2035,2042,2068,2049,2057,2022
2025,2037,2031,2036,2064,2049,2054,2023
2030,2040,2038,2038,2072,2050,2051,2042
2027,2044,2035,2048,2075,2053,2063,2053
2035,2042,2034,2052,2074,2061,2076,2060
2032,2039,2035,2045,2068,2066,2087,2067
2031,2026,2022,2026,2034,2031,2043,2041
2015,2008,2025,2023,2033,2018,2027,2041
2028,2041,2057,2045,2051,2045,2074,2066
2048,2062,2071,2051,2052,2047,2047,2067
2056,2063,2066,2047,2040,2063,2043,2062
2048,2054,2060,2040,2036,2053,2060,2066
2044,2056,2053,2042,2036,2032,2046,2058
2045,2056,2057,2040,2034,2035,2062,2053
2051,2060,2062,2045,2044,2040,2055,2053
2053,2064,2068,2048,2055,2047,2055,2059
2059,2065,2070,2047,2056,2050,2065,2041
2054,2061,2071,2051,2056,2041,2052,2035
2048,2063,2071,2055,2051,2040,2056,2026
2048,2059,2066,2045,2046,2034,2050,2016
2042,2055,2064,2049,2053,2036,2053,2012
2046,2061,2062,2051,2052,2040,2051,1997
2048,2047,2037,2034,2033,2016,2028,1974
2024,2019,2022,2030,2030,2021,2034,1962
2013,2032,2043,2051,2054,2052,2068,1986
2040,2056,2064,2058,2057,2054,2076,1978
2045,2054,2057,2065,2045,2051,2076,1985
2041,2046,2055,2064,2052,2056,2074,1999
2048,2045,2050,2060,2060,2071,2078,2019
2058,2045,2053,2074,2064,2078,2083,2043
2060,2050,2056,2075,2058,2078,2079,2064
2067,2050,2060,2072,2056,2071,2091,2072
2062,2049,2044,2069,2064,2065,2088,2072
2057,2045,2048,2069,2066,2068,2079,2081
2060,2047,2042,2061,2060,2068,2096,2085
2055,2046,2037,2051,2046,2056,2085,2083
2053,2044,2026,2046,2026,2049,2093,2088
2054,2051,2022,2032,2018,2044,2073,2085
2041,2045,2014,2003,1994,2012,2040,2060
2015,2012,2002,1984,1987,2029,2032,2058
2015,2023,2030,2009,2037,2062,2055,2089
2051,2062,2056,2023,2047,2056,2067,2083
2053,2051,2047,2003,2030,2049,2055,2077
2041,2046,2038,1995,2030,2045,2058,2068
2045,2045,2045,1993,2031,2037,2056,2071
2045,2058,2058,1997,2024,2040,2042,2066
2052,2072,2069,2004,2031,2047,2056,2058
2062,2072,2073,2003,2035,2066,2074,2055
2056,2071,2074,2005,2037,2069,2075,2043
2055,2068,2083,2014,2051,2074,2075,2040
2054,2067,2080,2024,2051,2074,2067,2040
2052,2072,2087,2022,2042,2071,2064,2036
2051,2064,2090,2027,2042,2066,2063,2038
2056,2065,2087,2031,2048,2067,2072,2029
2053,2057,2073,2020,2032,2038,2047,2004
2033,2021,2042,2007,2019,2033,2018,2001
2027,2024,2044,2022,2035,2049,2042,2021
2046,2061,2065,2033,2049,2049,2045,2022
2047,2055,2061,2030,2045,2043,2052,2021
2047,2049,2060,2029,2045,2053,2052,2032
2046,2053,2054,2033,2047,2052,2057,2029
2049,2055,2067,2037,2049,2059,2056,2036
2051,2060,2061,2035,2047,2059,2063,2031
2047,2059,2064,2033,2044,2059,2061,2038
2047,2058,2054,2033,2043,2051,2061,2055
2051,2059,2054,2030,2040,2052,2071,2067
2053,2055,2053,2041,2052,2051,2073,2075
2052,2059,2052,2041,2053,2053,2073,2073
2052,2057,2054,2039,2052,2059,2071,2079
2057,2054,2058,2039,2058,2053,2069,2082
2058,2055,2056,2036,2049,2030,2031,2059
2025,2026,2035,2024,2022,2016,2042,2060
2025,2026,2042,2040,2071,2034,2064,2085
2059,2065,2062,2060,2103,2042,2052,2089
2062,2069,2058,2053,2091,2061,2055,2083
2058,2064,2048,2060,2077,2063,2041,2075
2055,2061,2045,2061,2055,2072,2043,2075
2059,2061,2048,2070,2049,2068,2049,2074
2057,2057,2038,2064,2042,2067,2039,2060
2058,2054,2032,2040,1983,2037,2012,2041
2057,2059,2028,2041,2020,2045,2043,2036
2057,2053,2029,2056,2055,2062,2064,2032
2055,2056,2025,2059,2071,2062,2060,2024
2056,2061,2029,2057,2062,2062,2036,2023
2054,2056,2022,2051,2054,2056,2040,2016
2055,2056,2014,2054,2058,2056,2037,2014
2055,2058,2010,2051,2039,2041,2015,1996
2027,2016,1987,2034,2020,2026,1994,1986
2022,2016,1985,2025,1980,2021,2017,2009
2043,2055,2020,2028,1890,1995,2018,2000
2043,2051,2022,2031,1940,2004,2023,2001
2044,2049,2040,2053,2022,2013,2028,2002
2039,2041,2049,2056,2036,2038,2022,1997
2026,2030,2039,2029,2030,2061,2038,2001
2021,2019,2038,2031,2067,2088,2053,2012
2025,2020,2041,2035,2068,2091,2051,2023
2028,2023,2040,2037,2062,2067,2060,2041
2041,2031,2033,2045,2060,2033,2073,2057
2050,2037,2028,2054,2070,2049,2074,2058
2043,2036,2034,2054,2070,2058,2067,2076
2047,2037,2040,2050,2061,2072,2058,2063
2038,2038,2039,2038,2041,2058,2047,2063
2033,2037,2046,2028,2026,2045,2010,2049
2016,2005,2031,2019,2025,2036,2013,2061
2023,2017,2053,2032,2035,2035,2023,2094
2051,2061,2086,2052,2033,2021,2031,2105
2051,2054,2070,2043,2027,2031,2033,2103
2045,2042,2056,2018,2044,2046,2048,2080
2033,2040,2048,2011,2051,2050,2041,2078
2035,2039,2052,2018,2055,2045,2027,2069
2032,2039,2052,2027,2048,2044,2017,2054
2038,2036,2044,2030,2046,2049,2037,2046
2041,2036,2044,2036,2043,2048,2053,2050
2049,2041,2052,2050,2041,2049,2050,2053
2056,2047,2056,2051,2051,2046,2048,2055
2055,2054,2056,2054,2044,2041,2052,2046
2053,2048,2047,2051,2047,2037,2033,2039
2055,2046,2045,2054,2053,2043,2051,2029
2058,2050,2048,2055,2043,2042,2024,2007
2035,2016,2024,2036,2034,2021,2021,1998
2029,2014,2017,2045,2083,2043,2046,2027
2056,2047,2044,2067,2132,2070,2047,2028
2064,2057,2039,2070,2133,2073,2070,2041
2060,2063,2039,2066,2138,2077,2066,2052
2060,2064,2038,2068,2127,2077,2075,2070
2066,2060,2041,2058,2102,2065,2075,2075
2062,2060,2033,2049,2078,2050,2047,2089
2069,2057,2033,2054,2079,2056,2042,2089
2065,2057,2042,2042,1967,2041,2046,2095
2069,2052,2042,2024,1898,2033,2060,2105
2065,2057,2050,2017,1913,2040,2065,2101
2066,2061,2048,2027,2006,2070,2071,2107
2067,2059,2064,2044,2072,2076,2071,2110
2069,2064,2066,2047,2066,2061,2062,2110
2066,2058,2065,2056,2070,2052,2045,2104
2032,2028,2030,2032,2046,2030,2029,2104
2032,2019,2027,2035,2043,2043,2047,2117
2057,2053,2042,2052,2055,2064,2082,2131
2063,2053,2046,2046,2039,2062,2065,2125
2062,2055,2040,2040,2012,2048,2058,2120
2066,2058,2040,2041,1991,2038,2064,2117
2065,2056,2044,2038,1981,2040,2055,2098
2068,2055,2044,2034,1986,2037,2064,2089
2067,2058,2039,2031,1981,2041,2064,2085
2064,2059,2037,2034,1974,2037,2060,2077
2061,2052,2029,2023,1979,2027,2037,2073
2061,2046,2023,2023,1969,2018,2020,2062
2057,2045,2025,2024,1989,2018,2029,2056
2054,2041,2008,2032,2014,2032,2031,2051
2058,2042,2018,2048,2049,2052,2056,2053
2053,2040,2018,2044,2052,2055,2051,2041
2037,2012,1987,2021,2032,2031,2031,2030
2026,1995,1979,2028,2049,2035,2051,2028
2043,2030,2007,2062,2090,2070,2048,2048
2053,2035,2011,2069,2079,2067,2046,2045
2046,2031,2021,2069,2070,2065,2076,2048
2050,2032,2024,2069,2062,2053,2063,2051
2045,2030,2030,2072,2049,2034,2048,2051
2050,2036,2033,2078,2047,2028,2048,2058
2047,2041,2032,2080,2048,2008,2042,2061
2049,2040,2032,2074,2049,2007,2041,2070
2047,2032,2027,2079,2052,2022,2046,2082
2050,2037,2029,2074,2057,2029,2051,2086
2051,2036,2034,2068,2065,2049,2061,2097
2048,2045,2037,2056,2067,2052,2054,2114
2051,2049,2063,2059,2066,2060,2055,2118
2050,2052,2080,2061,2061,2063,2051,2117
2039,2037,2068,2035,2045,2040,2037,2111
2030,2032,2061,2031,2037,2051,2033,2112
2043,2064,2092,2049,2052,2085,2075,2112
2050,2073,2100,2050,2041,2100,2077,2103
2045,2077,2096,2053,2033,2117,2078,2114
2052,2070,2083,2045,2019,2110,2074,2082
2049,2066,2072,2034,1980,2063,2061,2077
2053,2059,2063,2025,1946,1989,2059,2069
2059,2062,2057,2032,1947,1933,2060,2071
2055,2061,2051,2035,1956,1951,2069,2059
2058,2068,2059,2043,1975,1998,2088,2079
2070,2072,2072,2063,2017,2048,2089,2084
2087,2071,2074,2075,2061,2072,2092,2081
2077,2063,2064,2073,2064,2084,2085,2085
2074,2058,2052,2061,2020,2075,2055,2080
2076,2054,2049,2048,2013,2043,2051,2066
2056,2024,2018,2029,2043,2006,2016,2043
2041,2012,2018,2028,2074,2010,2027,2056
2064,2039,2045,2058,2108,2043,2058,2087
2083,2057,2053,2062,2092,2046,2054,2083
2086,2054,2054,2066,2085,2046,2055,2079
2078,2055,2056,2067,2106,2043,2049,2085
2069,2058,2049,2073,2110,2040,2053,2080
2070,2052,2052,2054,2078,2032,2055,2085
2072,2050,2047,2055,2092,2044,2056,2090
2065,2045,2046,2069,2111,2067,2059,2089
2064,2045,2045,2073,2141,2080,2061,2088
2054,2038,2038,2066,2138,2086,2047,2098
2055,2036,2046,2068,2117,2073,2059,2113
2053,2045,2054,2061,2099,2060,2042,2124
2060,2049,2054,2065,2095,2059,2053,2129
2065,2056,2055,2049,2012,2052,2050,2136
2056,2031,2027,2009,1906,2016,2037,2116
2039,2013,2020,2014,1938,2032,2011,2129
2049,2035,2039,2040,1965,2066,2028,2149
2068,2049,2044,2040,1972,2057,2031,2134
2065,2047,2056,2043,1971,2037,2021,2118
2062,2040,2058,2055,1979,2009,2035,2108
2064,2045,2062,2072,2024,2005,2053,2116
2071,2051,2068,2088,2072,2037,2064,2113
2075,2053,2069,2101,2082,2051,2065,2106
2070,2050,2070,2099,2085,2068,2064,2100
2075,2049,2073,2097,2077,2061,2061,2095
2074,2055,2075,2097,2059,2059,2040,2093
2074,2053,2070,2098,2059,2063,2054,2083
2064,2049,2062,2088,2051,2056,2054,2080
2061,2048,2054,2081,2046,2053,2049,2075
2065,2050,2051,2089,2042,2039,2041,2073
2062,2030,2046,2065,2014,2011,2014,2045
2033,2011,2036,2061,2001,2005,2014,2041
2032,2020,2052,2070,2020,2021,2045,2068
2063,2045,2059,2068,2026,2024,2050,2060
2061,2048,2050,2058,2032,2032,2008,2060
2067,2050,2041,2058,2041,2051,2052,2071
2068,2053,2038,2055,2045,2065,2075,2076
2069,2045,2026,2046,2044,2058,2064,2077
2066,2042,2021,2034,2046,2057,2067,2080
2059,2041,2021,2035,2051,2070,2073,2096
2066,2044,2025,2042,2053,2073,2072,2109
2069,2059,2028,2038,2057,2078,2074,2127
2072,2054,2026,2040,2052,2076,2089,2138
2069,2046,2028,2036,2022,2078,2081,2145
2076,2050,2026,2038,1998,2079,2081,2149
2066,2050,2027,2024,1994,2071,2074,2153
2065,2039,2019,2003,1952,2021,2039,2127
2035,2004,2007,1994,1955,2010,2041,2133
2036,2016,2028,2011,2003,2049,2060,2161
2069,2049,2049,2031,2040,2055,2058,2156
2074,2059,2049,2040,2028,2054,2052,2145
2074,2064,2056,2046,2023,2058,2050,2133
2074,2064,2061,2057,2036,2048,2044,2123
2064,2058,2057,2041,2063,2022,2016,2096
2056,2053,2054,2041,2046,2010,2010,2080
2050,2045,2052,2037,2015,1992,2002,2074
2046,2044,2043,2031,2009,1999,2016,2076
2046,2040,2046,2048,2082,2034,2038,2069
2057,2048,2050,2082,2115,2064,2058,2070
2056,2043,2047,2073,2104,2070,2050,2068
2051,2039,2042,2069,2089,2068,2035,2064
2054,2046,2043,2062,2074,2061,2054,2058
2054,2038,2033,2049,2045,2034,2015,2035
2025,2008,2018,2035,2035,2020,2023,2032
2027,2008,2029,2052,2052,2043,2058,2062
2062,2045,2049,2062,2056,2046,2068,2061
2061,2049,2058,2061,2050,2053,2050,2062
2064,2058,2056,2061,2061,2053,2052,2062
2057,2059,2056,2062,2066,2056,2041,2065
2061,2059,2057,2068,2062,2057,2046,2077
2064,2059,2056,2065,2065,2053,2064,2083
2065,2060,2059,2065,2067,2053,2066,2084
2064,2058,2060,2065,2062,2055,2069,2098
2068,2060,2050,2061,2066,2052,2080,2099
2060,2056,2051,2058,2058,2051,2074,2106
2059,2048,2045,2053,2058,2045,2068,2110
2052,2050,2044,2055,2063,2047,2040,2116
2049,2043,2042,2060,2052,2048,2052,2118
2050,2043,2035,2055,2021,2026,2028,2107
2024,2005,2009,2042,1995,2018,2029,2099
2020,2009,2007,2050,2023,2042,2062,2129
2054,2046,2031,2065,2037,2050,2060,2122
2056,2046,2026,2067,2052,2052,2061,2124
2059,2043,2021,2064,2077,2055,2059,2112
2050,2044,2012,2060,2072,2070,2057,2100
2047,2037,2005,2049,2052,2064,2037,2101
2047,2031,2001,2053,2064,2066,2024,2086
2050,2032,1993,2042,2075,2062,2015,2079
2045,2025,2000,2044,2088,2043,2035,2081
2052,2034,2008,2064,2136,2022,2056,2093
2058,2050,2021,2073,2180,2053,2072,2086
2068,2053,2018,2070,2168,2080,2070,2079
2061,2048,2009,2052,2118,2083,2076,2070
2058,2039,2006,2040,2110,2071,2053,2058
2059,2035,2000,2022,2055,2029,2040,2041
2032,2001,1990,2007,2015,2026,2029,2030
2028,2004,2008,2028,2109,2058,2048,2051
2062,2045,2042,2057,2166,2056,2047,2060
2063,2045,2038,2055,2155,2035,2052,2060
2061,2046,2033,2054,2128,2037,2038,2052
2056,2045,2034,2065,2145,2039,2059,2055
2056,2047,2045,2061,2073,2046,2065,2066
2067,2050,2051,2045,1951,2044,2065,2075
2062,2042,2055,2052,1977,2051,2071,2083
2060,2038,2052,2036,1937,2032,2073,2086
2053,2034,2041,2016,1893,2018,2051,2088
2060,2042,2064,2040,1958,2036,2071,2102
2064,2053,2071,2064,2013,2050,2074,2108
2064,2055,2089,2080,2033,2052,2074,2110
2063,2058,2101,2086,2052,2056,2065,2119
2065,2069,2102,2090,2065,2050,2056,2108
2044,2037,2076,2073,2056,2032,2032,2112
2045,2036,2073,2063,2042,2033,2061,2130
2068,2070,2093,2074,2028,2035,2065,2133
2067,2073,2088,2068,2034,2051,2053,2122
2064,2069,2085,2067,2040,2046,2069,2114
2067,2074,2073,2062,2038,2049,2062,2108
2062,2065,2070,2043,2043,2050,2068,2105
2064,2060,2057,2047,2049,2057,2077,2095
2064,2056,2052,2045,2051,2067,2080,2088
2063,2057,2056,2053,2048,2072,2056,2076
2065,2060,2056,2047,2045,2078,2047,2078
2063,2067,2054,2049,2030,2086,2050,2073
2069,2069,2054,2035,2015,2076,2053,2071
2067,2065,2058,2035,2022,2078,2039,2063
2066,2068,2068,2045,2044,2088,2050,2056
2066,2065,2070,2049,2040,2061,2031,2039
2042,2032,2050,2022,2018,2037,2032,2028
2037,2025,2049,2015,1987,2042,2057,2046
2068,2062,2080,2042,1999,2068,2039,2060
2078,2069,2087,2051,2037,2073,2053,2056
2074,2071,2086,2061,2050,2056,2065,2053
2073,2066,2081,2048,2027,2021,2039,2048
2064,2058,2076,2037,2034,2000,2026,2044
2058,2062,2067,2042,2046,2014,2034,2046
2057,2054,2063,2054,2045,2045,2057,2048
2050,2046,2058,2055,2076,2073,2055,2052
2046,2047,2048,2053,2073,2066,2081,2064
2052,2044,2043,2046,2071,2042,2070,2081
2052,2037,2040,2051,2083,2013,2071,2089
2042,2037,2036,2047,2104,2017,2057,2093
2041,2028,2026,2031,2093,2021,2057,2093
2039,2031,2029,2014,2069,2024,2042,2097
2023,2007,2024,1995,2032,2001,2005,2095
2023,2009,2045,2008,2044,2012,2030,2105
2053,2054,2080,2046,2074,2044,2043,2123
2066,2058,2082,2049,2074,2052,2079,2126
2067,2056,2074,2039,2060,2044,2079,2120
2068,2054,2059,2033,2052,2041,2076,2109
2067,2046,2052,2027,2049,2042,2067,2104
2060,2043,2048,2037,2036,2040,2081,2092
2062,2043,2040,2026,2017,2034,2070,2085
2062,2045,2036,2025,2010,2026,2080,2082
2066,2046,2032,2034,2053,2038,2088,2075
2067,2043,2031,2039,2085,2053,2092,2067
2063,2045,2030,2039,2095,2057,2053,2058
2053,2042,2027,2035,2078,2058,2043,2054
2059,2040,2031,2041,2086,2082,2047,2043
2063,2044,2032,2033,2102,2105,2055,2030
2034,2011,2005,2013,2092,2120,2045,2022
2022,2002,1998,2008,2102,2119,2026,2031
2051,2034,2019,2030,2154,2140,2036,2046
2056,2042,2037,2040,2140,2121,2052,2044
2068,2042,2054,2044,2100,2065,2048,2051
2061,2049,2063,2046,2104,2045,2045,2044
2055,2043,2052,2035,2071,2034,2054,2044
2052,2036,2040,2022,2046,2021,2027,2043
2047,2039,2042,2013,2060,2017,2038,2050
2049,2045,2042,2022,2075,2018,2027,2058
2051,2046,2048,2027,2074,2035,2047,2074
2051,2052,2050,2035,2070,2043,2073,2081
2055,2050,2041,2031,2064,2036,2054,2087
2055,2053,2049,2040,2062,2033,2050,2101
2053,2058,2061,2042,2064,2050,2071,2108
2057,2064,2065,2051,2067,2065,2073,2103
2036,2033,2045,2025,2037,2042,2044,2094
2025,2022,2043,2024,2035,2034,2044,2101
2046,2060,2074,2048,2051,2056,2069,2112
2063,2066,2084,2052,2055,2054,2052,2119
2060,2066,2083,2051,2048,2064,2066,2119
2064,2069,2090,2055,2047,2073,2069,2111
2061,2065,2085,2052,2037,2070,2065,2105
2057,2061,2081,2050,2028,2056,2068,2092
2063,2058,2077,2052,2027,2052,2059,2081
2060,2061,2067,2043,2024,2056,2066,2072
2062,2050,2062,2047,2030,2056,2060,2068
2060,2052,2066,2042,2036,2067,2064,2066
2064,2059,2069,2054,2047,2071,2073,2059
2066,2060,2072,2059,2044,2065,2073,2054
2067,2055,2069,2054,2054,2059,2064,2052
2060,2056,2071,2057,2061,2058,2063,2046
2052,2028,2046,2033,2044,2024,2029,2019
2033,2018,2038,2029,2048,2022,2036,2022
2052,2045,2060,2057,2066,2044,2064,2035
2069,2063,2070,2064,2069,2046,2050,2041
2068,2065,2074,2074,2080,2057,2059,2038
2066,2066,2072,2069,2088,2079,2046,2034
2063,2064,2064,2060,2075,2066,2050,2044
2060,2053,2053,2057,2066,2066,2052,2057
2053,2053,2046,2057,2042,2070,2041,2066
2057,2049,2039,2061,2076,2052,2051,2070
2060,2046,2041,2063,2145,2043,2071,2078
2055,2051,2041,2073,2188,2063,2074,2082
2060,2051,2053,2083,2186,2086,2064,2086
2052,2052,2058,2069,2111,2086,2078,2093
2056,2045,2051,2048,2019,2070,2060,2098
2050,2045,2054,2038,2000,2040,2054,2095
2043,2025,2018,2007,1971,1988,2026,2078
2019,1997,2006,2000,1989,1986,2007,2074
2033,2029,2029,2036,2070,2024,2033,2100
2054,2044,2044,2056,2110,2038,2040,2105
2057,2043,2038,2064,2128,2049,2032,2103
2058,2049,2042,2066,2135,2052,2037,2089
2061,2048,2036,2061,2125,2054,2039,2088
2050,2045,2033,2058,2104,2051,2049,2072
2053,2052,2037,2060,2079,2049,2024,2069
2053,2044,2040,2053,2008,2039,2044,2052
2050,2048,2041,2036,1901,2026,2037,2051
2054,2044,2043,2029,1913,2025,2034,2047
2054,2051,2043,2029,1962,2037,2036,2046
2057,2056,2042,2019,1989,2029,2018,2030
2058,2045,2038,2016,1999,2034,2025,2028
2057,2051,2045,2019,2011,2039,2025,2028
2061,2047,2040,2017,1998,2019,2018,2002
2033,2028,2037,2024,2005,2017,2026,2006
2037,2051,2068,2050,2034,2045,2042,2029
2073,2081,2082,2059,2055,2052,2049,2033
2070,2076,2068,2060,2070,2047,2024,2029
2065,2068,2065,2058,2072,2046,2046,2026
2064,2061,2060,2062,2070,2052,2039,2028
2058,2058,2061,2065,2068,2058,2031,2033
2056,2054,2051,2059,2055,2057,2028,2041
2055,2050,2046,2059,2061,2059,2039,2045
2052,2046,2048,2056,2056,2054,2059,2053
2053,2052,2045,2054,2054,2051,2027,2061
2057,2057,2045,2053,2050,2052,2037,2069
2053,2053,2042,2052,2059,2063,2031,2072
2051,2048,2038,2048,2055,2069,2025,2079
2053,2045,2038,2043,2048,2072,2050,2090
2057,2043,2023,2024,2032,2040,2016,2077
2020,2003,2013,2010,2028,2034,2021,2074
2015,2003,2027,2031,2051,2058,2036,2099
2044,2045,2047,2036,2051,2056,2056,2092
2050,2049,2044,2039,2045,2051,2031,2086
2049,2048,2045,2037,2038,2051,2031,2090
2055,2054,2036,2040,2048,2055,2029,2082
2054,2058,2038,2045,2039,2053,2044,2081
2058,2062,2037,2046,2045,2056,2040,2073
2065,2066,2039,2048,2055,2057,2036,2069
2066,2072,2040,2052,2045,2053,2038,2054
2062,2060,2040,2053,2049,2055,2026,2048
2061,2062,2044,2055,2050,2057,2054,2047
2059,2062,2049,2055,2054,2052,2053,2043
2056,2052,2053,2055,2045,2048,2055,2040
2054,2058,2053,2052,2036,2047,2052,2036
2050,2050,2044,2040,2014,2027,2046,2006
2025,2016,2022,2031,2018,2033,2019,2007
2027,2019,2032,2046,2032,2050,2052,2030
2056,2052,2058,2055,2017,2041,2060,2032
2058,2052,2055,2057,1995,2033,2038,2031
2053,2049,2041,2053,1989,2032,2041,2032
2059,2053,2045,2054,1993,2041,2037,2042
2061,2061,2049,2058,2020,2055,2045,2050
2069,2065,2062,2073,2066,2063,2045,2053
2075,2066,2062,2078,2100,2076,2064,2067
2072,2060,2061,2072,2126,2098,2066,2070
2061,2063,2054,2072,2110,2093,2068,2075
2060,2064,2056,2069,2082,2073,2061,2082
2060,2050,2059,2054,2039,2035,2030,2084
2056,2053,2062,2048,2002,2005,2013,2085
2055,2050,2071,2049,2003,2007,2022,2087
2058,2049,2072,2046,2000,2007,2016,2070
2027,2016,2047,2021,1974,2013,2007,2071
2028,2016,2035,2020,1981,2027,2042,2090
2050,2047,2062,2034,2022,2036,2046,2091
2049,2045,2059,2041,2060,2051,2051,2086
2049,2032,2050,2046,2070,2052,2027,2083
2045,2035,2045,2047,2047,2052,2021,2076
2049,2035,2041,2051,2045,2064,2030,2076
2045,2031,2039,2052,2045,2062,2010,2067
2045,2038,2041,2056,2042,2063,2012,2064
2040,2036,2041,2052,2062,2072,2015,2053
2045,2033,2043,2059,2090,2078,2048,2046
2048,2033,2053,2068,2135,2082,2053,2042
2048,2044,2063,2067,2138,2066,2057,2028
2049,2047,2064,2055,2107,2043,2038,2021
2046,2051,2071,2050,2044,2032,2023,2024
2046,2051,2072,2042,1968,2023,2021,1999
2021,2019,2053,2027,1972,2013,1981,1996
2020,2027,2052,2036,1998,2034,2020,2009
2062,2074,2090,2069,2036,2050,2037,2020
2057,2075,2085,2064,2058,2044,2039,2032
2059,2071,2080,2064,2061,2053,2049,2028
2060,2075,2082,2059,2053,2054,2033,2039
2067,2075,2079,2059,2049,2049,2050,2036
2067,2073,2080,2060,2054,2043,2067,2042
2062,2077,2076,2057,2057,2040,2068,2045
2059,2072,2076,2060,2059,2046,2056,2051
2054,2074,2078,2059,2076,2050,2058,2066
2050,2070,2077,2068,2089,2050,2053,2077
2044,2061,2074,2062,2092,2054,2062,2101
2052,2071,2072,2068,2096,2061,2049,2104
2054,2066,2073,2069,2091,2065,2038,2107
2051,2070,2072,2066,2072,2049,2039,2090
2028,2027,2041,2037,2041,2031,1990,2085
2021,2027,2041,2044,2050,2040,2044,2100
2052,2064,2064,2057,2051,2040,2042,2096
2044,2065,2066,2061,2048,2050,2035,2095
2055,2064,2065,2060,2045,2048,2044,2094
2063,2061,2060,2058,2040,2048,2052,2089
2063,2064,2060,2051,2036,2040,2047,2084
2065,2063,2058,2054,2032,2047,2043,2070
2068,2065,2063,2053,2028,2054,2049,2058
2062,2064,2059,2055,2041,2059,2062,2058
2055,2059,2060,2044,2025,2041,2029,2050
2057,2052,2057,2044,2025,2031,2040,2043
2052,2054,2052,2043,2018,2038,2024,2033
2048,2048,2049,2046,2030,2047,2044,2036
2052,2051,2046,2056,2056,2062,2042,2031
2052,2047,2046,2049,2073,2043,2021,2015
2030,2014,2019,2037,2059,2038,2026,2000
2024,2011,2029,2052,2061,2057,2037,2028
2055,2054,2057,2062,2062,2056,2039,2027
2058,2060,2057,2057,2071,2049,2060,2024
2068,2067,2059,2064,2072,2055,2042,2018
2066,2064,2058,2068,2075,2066,2066,2033
2062,2056,2053,2057,2069,2083,2047,2034
2060,2051,2043,2052,2062,2059,2053,2044
2059,2052,2043,2056,2063,2055,2046,2052
2060,2054,2042,2051,2052,2056,2060,2064
2052,2044,2043,2053,2036,2058,2066,2067
2044,2036,2037,2050,2031,2054,2056,2072
2039,2025,2028,2049,2038,2055,2049,2070
2030,2021,2026,2056,2082,2066,2065,2076
2033,2032,2039,2058,2110,2074,2081,2090
2041,2042,2034,2051,2092,2054,2037,2081
2025,2014,2023,2043,2071,2054,2035,2078
2025,2023,2035,2059,2059,2076,2068,2100
2058,2061,2060,2069,2065,2079,2050,2099
2058,2062,2068,2062,2046,2076,2046,2092
2059,2053,2064,2038,2009,2058,2051,2079
2052,2052,2058,2042,2026,2064,2053,2073
2053,2051,2051,2045,1998,2061,2055,2067
2047,2037,2046,2036,2000,2047,2061,2056
2044,2042,2040,2032,1993,2042,2028,2035
2040,2038,2038,2035,1978,2045,2019,2016
2040,2031,2037,2045,2030,2074,2027,2015
2042,2039,2047,2062,2081,2088,2032,2018
2046,2044,2042,2044,2045,2050,2025,2014
2046,2036,2041,2030,2032,2046,2039,2015
2048,2038,2038,2032,2049,2060,2025,2014
2047,2029,2022,2014,2047,2008,2003,1993
2027,2009,2010,2011,2040,1970,2011,1996
2025,2014,2022,2033,2058,2009,2024,2018
2059,2056,2044,2044,2051,2023,2036,2018
2062,2058,2041,2042,2045,2038,2044,2020
2056,2057,2052,2042,2070,2047,2049,2026
2060,2063,2056,2043,2074,2050,2044,2030
2054,2062,2064,2050,2072,2056,2046,2040
2062,2065,2070,2054,2072,2057,2071,2039
2054,2064,2076,2048,2075,2063,2053,2051
2056,2061,2077,2058,2083,2063,2043,2056
2054,2057,2069,2060,2088,2067,2052,2063
2055,2058,2065,2050,2102,2067,2054,2069
2057,2053,2057,2056,2124,2060,2033,2079
2053,2057,2054,2049,2134,2049,2035,2081
2052,2060,2052,2050,2119,2046,2031,2090
2053,2049,2039,2023,2096,2029,2023,2073
2028,2017,2033,2021,2099,2028,2032,2066
2025,2035,2061,2046,2120,2057,2045,2088
2049,2057,2065,2046,2095,2051,2072,2084
2051,2052,2065,2045,2060,2044,2044,2080
2050,2050,2060,2036,1949,2036,2059,2073
2059,2041,2060,2025,1912,2035,2050,2075
2055,2052,2060,2030,1970,2036,2046,2064
2062,2056,2053,2035,2015,2040,2028,2050
2060,2054,2057,2029,2046,2030,2036,2045
2062,2057,2053,2030,2035,2030,2050,2041
2065,2052,2055,2025,1998,2035,2047,2036
2063,2054,2054,2017,2012,2028,2052,2035
2058,2051,2046,2021,2014,2037,2034,2028
2058,2046,2045,2024,2026,2046,2037,2023
2051,2049,2048,2022,2030,2047,2030,2016
2050,2035,2022,2006,2041,2023,2002,1998
2026,2008,2014,2009,2076,2033,2010,1999
2032,2025,2037,2041,2121,2068,2060,2014
2058,2048,2048,2048,2123,2073,2046,2024
2058,2052,2054,2052,2123,2073,2020,2026
2055,2048,2052,2056,2124,2094,2042,2022
2059,2046,2051,2056,2121,2104,2047,2026
2057,2044,2049,2056,2113,2097,2066,2029
2053,2046,2049,2043,2061,2070,2058,2030
2060,2045,2050,2017,1929,2029,2058,2051
2057,2050,2051,2031,1979,2030,2037,2057
2064,2057,2053,2047,2022,2019,2040,2068
2063,2056,2057,2048,2039,2004,2040,2072
2060,2053,2057,2050,2067,2008,2024,2079
2065,2060,2065,2045,2056,2017,2005,2082
2065,2060,2062,2042,2040,2017,2025,2082
2047,2031,2032,2008,2001,1986,1996,2060
2022,2015,2014,1990,1998,2002,2018,2069
2043,2040,2034,2008,2020,2040,2064,2087
2052,2051,2038,2011,2026,2042,2072,2077
2054,2046,2039,2012,2037,2045,2064,2068
2052,2045,2030,2012,2046,2045,2060,2068
2058,2055,2026,2018,2046,2048,2056,2071
2053,2056,2035,2021,2046,2046,2055,2060
2057,2056,2043,2027,2046,2052,2060,2051
2053,2048,2041,2023,2039,2073,2048,2038
2056,2050,2045,2018,2040,2078,2059,2036
2051,2050,2050,2021,2030,2071,2058,2028
2047,2050,2049,2021,2026,2054,2056,2026
2045,2048,2046,2026,2035,2015,2035,2023
2045,2051,2052,2044,2066,2012,2048,2027
2054,2047,2060,2043,2065,2025,2026,2016
2037,2020,2028,2025,2033,2013,2005,1991
2024,2010,2022,2022,2027,2021,2010,1998
2037,2036,2044,2045,2054,2058,2037,2014
2046,2041,2053,2045,2047,2057,2037,2010
2041,2043,2054,2041,2046,2049,2040,2011
2034,2037,2049,2036,2034,2035,2039,2013
2037,2028,2040,2036,2053,2047,2034,2024
2035,2032,2039,2052,2100,2061,2039,2027
2043,2030,2036,2056,2091,2060,2044,2045
2044,2041,2046,2049,2071,2056,2040,2051
2042,2042,2047,2051,2057,2059,2024,2054
2037,2036,2044,2045,2052,2050,2044,2060
2038,2037,2037,2043,2049,2040,2053,2067
2037,2037,2041,2041,2044,2040,2046,2072
2037,2037,2043,2043,2049,2043,2058,2080
2039,2042,2042,2043,2064,2055,2055,2078
2016,2013,2016,2011,2034,2031,2023,2055
2007,2009,2014,2009,2018,2026,2025,2064
2034,2041,2045,2023,2034,2054,2064,2081
2049,2054,2053,2024,2038,2058,2062,2090
2064,2056,2053,2030,2028,2060,2062,2084
2060,2061,2048,2032,2019,2044,2058,2072
2061,2057,2055,2029,2015,2030,2057,2070
2062,2058,2050,2031,2011,2034,2055,2060
2057,2065,2062,2037,2010,2048,2063,2046
2067,2069,2066,2040,2009,2055,2041,2049
2054,2072,2059,2032,2001,2052,2030,2037
2057,2067,2055,2034,1997,2050,2038,2029
2057,2068,2061,2037,1990,2052,2025,2028
2049,2062,2055,2034,2015,2051,2040,2022
2046,2064,2059,2038,2042,2056,2033,2020
2056,2066,2061,2050,2055,2060,2033,2005
2028,2034,2035,2035,2061,2043,2001,2001
2026,2032,2037,2038,2081,2048,2008,2009
2044,2060,2057,2061,2109,2072,2043,2024
2052,2064,2057,2054,2104,2068,2051,2023
2050,2056,2050,2057,2104,2069,2065,2020
2049,2056,2048,2058,2102,2067,2062,2027
2048,2059,2047,2060,2119,2071,2052,2024
2046,2056,2043,2064,2118,2060,2050,2031
2036,2044,2033,2055,2108,2058,2032,2026
2035,2039,2032,2052,2080,2061,2044,2040
2037,2039,2031,2049,2072,2065,2063,2049
2040,2044,2031,2057,2075,2072,2072,2061
2037,2034,2028,2059,2076,2069,2085,2073
2041,2037,2027,2055,2066,2067,2071,2083
2040,2036,2030,2054,2061,2061,2074,2088
2043,2041,2033,2052,2043,2045,2053,2071
2020,2008,2014,2030,2013,2028,2027,2069
2015,2002,2018,2030,2028,2040,2063,2089
2045,2037,2058,2059,2046,2063,2068,2094
2052,2043,2072,2060,2036,2053,2048,2083
2053,2050,2075,2054,2037,2045,2043,2085
2055,2055,2083,2056,2031,2040,2038,2070
2058,2056,2082,2060,2042,2040,2046,2069
2056,2062,2077,2058,2035,2038,2036,2060
2060,2056,2072,2058,2039,2041,2041,2051
2060,2058,2072,2054,2043,2048,2055,2048
2058,2058,2067,2048,2056,2048,2051,2038
2052,2054,2064,2050,2056,2046,2041,2039
2051,2055,2066,2049,2036,2038,2057,2030
2049,2051,2053,2040,2064,2042,2042,2022
2043,2041,2040,2045,2095,2047,2033,2025
2047,2044,2032,2045,2089,2046,2028,2001
2022,2007,2008,2022,2050,2017,2003,1991
2014,2007,2016,2029,2025,2027,2011,2000
2045,2049,2053,2055,2056,2052,2038,2020
2045,2050,2055,2060,2064,2055,2045,2016
2049,2053,2061,2050,2029,2047,2016,2024
2054,2045,2062,2038,2020,2049,2038,2025
2052,2049,2072,2044,2042,2061,2050,2030
2053,2054,2076,2053,2055,2061,2043,2036
2050,2056,2082,2051,2066,2064,2037,2044
2057,2054,2079,2055,2070,2058,2048,2050
2060,2055,2080,2048,2069,2061,2054,2058
2056,2052,2069,2044,2078,2066,2053,2068
2061,2045,2060,2042,2077,2062,2075,2074
2061,2043,2055,2041,2058,2054,2072,2076
2057,2041,2051,2040,2056,2055,2053,2084
2056,2040,2047,2043,2054,2041,2045,2068
2028,2007,2018,2017,2035,2026,2020,2063
2021,2001,2021,2016,2039,2044,2038,2084
2049,2039,2047,2034,2056,2056,2053,2083
2052,2048,2056,2034,2046,2055,2048,2088
2052,2046,2052,2037,2034,2048,2071,2082
2054,2039,2050,2035,2029,2043,2060,2076
2052,2034,2052,2030,2027,2038,2029,2071
2047,2035,2046,2034,2027,2044,2068,2066
2056,2040,2056,2050,2033,2058,2071,2057
2056,2042,2070,2067,2039,2064,2069,2057
2062,2045,2076,2076,2050,2070,2068,2056
2059,2054,2082,2078,2053,2078,2072,2052
2062,2058,2086,2079,2062,2072,2070,2038
2053,2059,2091,2072,2061,2068,2055,2023
2059,2059,2097,2066,2046,2057,2049,2010
2051,2059,2092,2047,1978,2006,1999,1991
2015,2016,2044,2012,1975,1965,1988,1976
2006,2000,2029,1991,1958,1973,2018,1990
2027,2043,2057,2037,2024,2002,2003,2006
2049,2055,2067,2068,2096,2034,2047,2015
2049,2056,2068,2085,2118,2050,2062,2028
2048,2059,2062,2096,2130,2076,2068,2034
2055,2058,2065,2090,2108,2068,2053,2033
2056,2054,2052,2071,2080,2060,2051,2043
2054,2052,2044,2062,2062,2054,2045,2045
2054,2048,2047,2062,2061,2053,2050,2050
2053,2050,2041,2046,2073,2057,2070,2057
2049,2050,2038,2040,2064,2057,2065,2064
2047,2051,2041,2034,2056,2057,2051,2077
2050,2052,2048,2043,2058,2060,2047,2077
2047,2055,2055,2053,2056,2051,2037,2085
2045,2054,2055,2049,2043,2030,2026,2069
2021,2022,2035,2029,2034,2025,2031,2063
2018,2013,2031,2034,2064,2059,2063,2094
2054,2055,2065,2056,2117,2080,2066,2085
2052,2058,2063,2049,2129,2062,2056,2085
2049,2054,2059,2041,2123,2055,2044,2083
2063,2051,2068,2046,2152,2068,2051,2077
2057,2059,2066,2040,2108,2064,2046,2069
2057,2056,2050,2031,2084,2058,2063,2064
2048,2046,2039,2030,2085,2056,2057,2060
2050,2045,2036,2042,2058,2055,2061,2052
2045,2042,2030,2029,1932,2039,2037,2045
2041,2042,2034,2027,1917,2034,2036,2042
2047,2045,2041,2038,1964,2035,2046,2037
2054,2045,2038,2040,1995,2040,2042,2028
2052,2042,2041,2045,2012,2052,2048,2026
2052,2039,2045,2039,2003,2041,2027,1999
2028,2003,2014,2018,1984,2021,2015,1994
2020,2006,2016,2014,2001,2036,2032,2012
2053,2041,2056,2044,2055,2053,2058,2013
2059,2047,2064,2042,2062,2073,2064,2017
2056,2047,2066,2050,2053,2076,2065,2027
2065,2055,2072,2057,2055,2085,2070,2023
2062,2065,2081,2059,2042,2069,2050,2024
2065,2069,2078,2060,2042,2026,2056,2036
2062,2064,2071,2051,2042,2014,2049,2040
2062,2062,2077,2053,2039,2024,2056,2047
2062,2058,2073,2064,2054,2044,2040,2060
2063,2062,2071,2070,2065,2051,2062,2071
2060,2061,2071,2066,2060,2045,2033,2073
2059,2056,2071,2060,2056,2042,2059,2073
2055,2055,2068,2060,2048,2039,2061,2087
2054,2059,2067,2061,2047,2036,2045,2074
2028,2020,2042,2038,2024,2021,2012,2065
2026,2018,2041,2041,2035,2034,2033,2085
2054,2053,2056,2063,2053,2046,2054,2090
2052,2055,2054,2057,2051,2045,2060,2083
2053,2045,2050,2047,2046,2045,2029,2071
2053,2041,2043,2045,2047,2052,2060,2076
2051,2046,2043,2046,2046,2051,2050,2065
2049,2046,2043,2044,2046,2051,2038,2052
2045,2043,2034,2044,2043,2053,2034,2038
2047,2035,2029,2038,2042,2049,2025,2028
2046,2032,2035,2041,2047,2052,2039,2034
2050,2032,2039,2046,2035,2052,2050,2029
2042,2036,2037,2048,2034,2047,2054,2023
2044,2032,2040,2048,2026,2049,2052,2022
2048,2029,2037,2053,2018,2052,2053,2017
2044,2032,2040,2056,2024,2050,2049,1996
2022,2013,2019,2035,1995,2028,2022,1993
2025,2011,2012,2035,2009,2037,2050,2013
2057,2047,2041,2058,2034,2057,2053,2022
2060,2054,2047,2065,2034,2045,2065,2026
2064,2052,2051,2064,2044,2037,2055,2034
2071,2054,2050,2069,2055,2043,2064,2033
2063,2058,2053,2065,2059,2049,2080,2041
2063,2059,2047,2074,2086,2050,2063,2038
2058,2056,2053,2074,2091,2050,2065,2038
2062,2048,2058,2075,2077,2051,2066,2048
2058,2048,2055,2068,2074,2057,2048,2052
2054,2053,2052,2058,2075,2058,2048,2061
2059,2052,2050,2057,2070,2061,2064,2070
2050,2042,2048,2050,2062,2052,2062,2075
2052,2039,2044,2051,2055,2052,2071,2083
2046,2042,2044,2052,2051,2044,2045,2079
2027,2008,2023,2033,2033,2020,2031,2066
2021,2004,2025,2037,2037,2023,2035,2084
2049,2044,2051,2057,2061,2052,2060,2091
2050,2048,2052,2064,2055,2051,2045,2083
2050,2051,2046,2054,2051,2048,2041,2078
2055,2047,2043,2056,2042,2042,2027,2076
2049,2042,2040,2041,2024,2028,2013,2064
2051,2039,2046,2035,2011,2035,2027,2059
2061,2046,2052,2038,2003,2048,2043,2059
2063,2059,2069,2053,2043,2044,2040,2049
2062,2055,2065,2056,2061,2049,2036,2052
2058,2055,2061,2049,2054,2058,2065,2057
2070,2052,2057,2054,2041,2056,2051,2046
2072,2052,2057,2046,2017,2040,2032,2038
2063,2047,2053,2044,2017,2032,2047,2022
2059,2043,2051,2043,2019,2031,2060,2006
2036,2010,2028,1998,1956,1983,2012,1980
2020,2004,2020,1993,1976,1993,2016,1991
2042,2033,2046,2032,2024,2035,2061,2016
2054,2047,2049,2035,2028,2039,2078,2016
2052,2042,2043,2029,2030,2047,2072,2015
2051,2045,2046,2041,2056,2066,2078,2022
2058,2049,2047,2052,2072,2089,2074,2029
2060,2050,2043,2048,2060,2084,2079,2029
2063,2049,2043,2042,2041,2072,2060,2039
2059,2048,2039,2037,2036,2070,2072,2045
2062,2050,2042,2040,2028,2067,2068,2055
2059,2052,2045,2043,2026,2067,2072,2064
2055,2053,2042,2046,2037,2074,2072,2072
2050,2047,2036,2044,2034,2076,2075,2074
2057,2045,2038,2042,2048,2078,2056,2079
2050,2044,2033,2041,2047,2071,2053,2079
2036,2019,2005,2016,2020,2038,2027,2064
2017,1998,1993,2012,2035,2039,2034,2070
2027,2019,2018,2032,2060,2067,2048,2096
2046,2036,2020,2034,2058,2057,2049,2087
2051,2031,2017,2030,2047,2038,2062,2078
2052,2030,2012,2031,2059,2030,2068,2066
2046,2026,2008,2038,2082,2041,2041,2054
2044,2028,2005,2043,2080,2046,2050,2038
2042,2020,2006,2041,2073,2044,2059,2028
2042,2022,2006,2043,2076,2038,2041,2032
2051,2032,2009,2051,2084,2049,2063,2031
2049,2029,1999,2043,2067,2060,2066,2029
2044,2021,1998,2036,2046,2065,2082,2024
2045,2016,1998,2039,2037,2061,2064,2009
2033,2012,2007,2037,2030,2048,2057,2002
2036,2012,2010,2046,2036,2023,2060,2003
2035,2005,2004,2046,2046,1985,2036,1995
2017,1990,2005,2058,2075,2001,2041,1999
2033,2024,2039,2067,2082,2038,2083,2023
2053,2044,2055,2059,2052,2048,2078,2021
2055,2052,2074,2045,2051,2055,2075,2026
2061,2064,2091,2050,2058,2061,2081,2027
2067,2076,2094,2055,2066,2060,2072,2036
2069,2081,2095,2052,2054,2051,2081,2037
2072,2079,2090,2050,2036,2046,2075,2043
2064,2084,2099,2056,2041,2045,2082,2045
2067,2080,2102,2058,2027,2034,2073,2049
2064,2072,2104,2057,2020,2032,2068,2063
2063,2068,2101,2055,2042,2038,2070,2062
2056,2060,2088,2060,2040,2040,2063,2072
2057,2062,2079,2058,2056,2046,2054,2076
2059,2068,2077,2059,2068,2049,2070,2077
2042,2043,2057,2042,2050,2032,2048,2069
2032,2028,2042,2039,2042,2041,2050,2075
2048,2051,2072,2060,2064,2065,2080,2091
2062,2064,2061,2054,2059,2066,2088,2090
2055,2056,2056,2051,2049,2061,2087,2088
2059,2058,2050,2052,2048,2057,2090,2085
2059,2055,2050,2051,2039,2058,2088,2071
2062,2057,2047,2052,2040,2060,2091,2062
2065,2057,2052,2057,2040,2068,2088,2055
2056,2053,2048,2057,2042,2073,2091,2042
2057,2053,2055,2051,2035,2060,2083,2037
2056,2046,2058,2053,2046,2057,2082,2034
2057,2055,2061,2055,2040,2041,2077,2026
2051,2046,2061,2054,2023,2019,2050,2022
2049,2050,2058,2052,2043,2012,2042,2018
2053,2057,2060,2065,2062,2022,2052,2006
2037,2038,2050,2033,2039,2012,2026,1991
2027,2030,2050,2032,2031,2011,2013,1994
2046,2051,2069,2052,2066,2039,2047,2014
2054,2062,2074,2053,2058,2035,2058,2020
2061,2066,2070,2052,2050,2024,2050,2020
2059,2067,2060,2056,2054,2028,2041,2020
2063,2064,2062,2054,2054,2032,2066,2029
2066,2066,2060,2053,2059,2035,2078,2032
2070,2064,2052,2056,2057,2037,2072,2036
2064,2057,2053,2055,2064,2052,2091,2044
2059,2061,2053,2056,2071,2054,2068,2047
2058,2060,2051,2054,2061,2057,2061,2053
2057,2056,2049,2051,2057,2064,2063,2062
2064,2061,2050,2051,2057,2057,2073,2070
2053,2055,2053,2046,2058,2056,2068,2068
2052,2049,2052,2049,2049,2052,2059,2065
2036,2020,2020,2027,2026,2026,2032,2051
2020,2008,2016,2026,2025,2016,2030,2073
2049,2042,2046,2043,2038,2044,2049,2080
2054,2043,2042,2044,2036,2042,2050,2071
2045,2043,2038,2040,2037,2042,2019,2059
2048,2036,2034,2041,2040,2046,2029,2058
2046,2035,2034,2047,2057,2058,2033,2062
2057,2037,2038,2048,2062,2050,2036,2052
2058,2036,2035,2054,2060,2052,2061,2046
2057,2028,2036,2054,2052,2051,2072,2041
2056,2030,2045,2057,2043,2047,2042,2035
2056,2037,2049,2058,2034,2050,2050,2025
2054,2035,2045,2056,2007,2038,2051,2015
2049,2030,2040,2055,2007,2035,2049,2005
2053,2033,2028,2050,2012,2060,2058,1997
2048,2033,2025,2054,2015,2085,2076,1988
2033,2003,1997,2030,2000,2035,2029,1969
2022,1995,1986,2017,2004,2031,2039,1982
2044,2021,2010,2046,2074,2056,2068,1997
2052,2030,1996,2051,2130,2061,2044,1998
2053,2035,2002,2059,2178,2076,2056,2009
2057,2038,2009,2065,2184,2071,2052,2013
2059,2036,2008,2063,2189,2067,2046,2016
2054,2035,2007,2044,2168,2069,2050,2021
2053,2030,1998,2026,2112,2072,2036,2014
2050,2037,2004,2027,2084,2079,2069,2022
2050,2036,2011,2029,2019,2081,2058,2033
2047,2037,2013,2018,1897,2053,2063,2052
2056,2042,2011,2025,1921,2012,2063,2068
2056,2044,2020,2037,1991,2010,2077,2077
2050,2043,2032,2038,2018,2018,2062,2073
2051,2037,2036,2034,2031,2030,2059,2071
2039,2011,2026,2020,2031,2015,2041,2050
2016,2010,2043,2023,2040,2023,2028,2061
2034,2039,2082,2052,2050,2049,2068,2079
2058,2058,2089,2056,2045,2046,2071,2078
2054,2072,2096,2062,2048,2048,2079,2079
2063,2080,2093,2064,2046,2050,2068,2076
2067,2076,2088,2066,2042,2050,2078,2069
2064,2076,2094,2068,2014,2042,2063,2058
2066,2072,2094,2070,2053,2044,2066,2042
2065,2063,2094,2076,2068,2049,2073,2037
2061,2065,2083,2068,2068,2052,2066,2031
2065,2062,2083,2066,2055,2045,2081,2028
2061,2062,2075,2055,2036,2044,2072,2030
2061,2054,2066,2054,2033,2031,2045,2018
2059,2050,2058,2056,2047,2031,2062,2021
2059,2051,2063,2049,2007,2011,2061,2014
2056,2043,2056,2019,1980,2001,2034,1994
2033,2024,2041,2025,2009,2022,2039,1993
2035,2028,2049,2047,2072,2056,2057,2010
2055,2049,2062,2040,2079,2060,2070,2020
2061,2058,2058,2036,2062,2061,2072,2014
2064,2059,2058,2040,2050,2067,2064,2021
2062,2060,2054,2031,2045,2064,2071,2028
2062,2064,2054,2027,2037,2059,2076,2029
2060,2068,2056,2023,2037,2058,2071,2036
2061,2065,2052,2024,2075,2084,2080,2046
2058,2061,2041,2022,2098,2096,2085,2057
2061,2054,2038,2022,2086,2081,2059,2064
2056,2048,2036,2026,2067,2040,2047,2056
2052,2049,2041,2029,2060,2013,2054,2063
2053,2052,2049,2045,2055,2034,2049,2069
2055,2059,2054,2048,2057,2056,2040,2074
2046,2031,2027,2032,2037,2031,2027,2050
2024,2014,2016,2025,2040,2033,2048,2062
2036,2041,2045,2046,2063,2052,2056,2075
2055,2048,2047,2050,2061,2054,2056,2075
2047,2047,2049,2051,2045,2059,2051,2076
2050,2048,2051,2054,2038,2046,2047,2072
2052,2048,2060,2056,2037,2041,2058,2069
2056,2048,2059,2052,2045,2035,2044,2061
2058,2054,2056,2049,2044,2037,2081,2060
2056,2057,2057,2052,2042,2044,2071,2046
2062,2057,2052,2048,2033,2036,2052,2038
2060,2056,2056,2048,2025,2032,2038,2031
2061,2052,2058,2051,2022,2030,2035,2027
2056,2047,2054,2044,2018,2026,2029,2019
2052,2045,2054,2042,2015,2041,2027,2016
2049,2043,2051,2037,2034,2052,2032,2010
2043,2021,2031,2022,2051,2034,2014,1994
2026,2010,2024,2017,2057,2035,2010,2003
2037,2037,2047,2035,2059,2074,2061,2016
2061,2054,2048,2037,2055,2077,2051,2021
2056,2055,2046,2037,2038,2082,2053,2029
2059,2054,2038,2028,1994,2079,2056,2018
2058,2047,2043,2040,2030,2054,2052,2021
2060,2048,2050,2054,2072,2026,2063,2027
2057,2048,2054,2054,2081,2028,2040,2027
2059,2041,2044,2045,2073,2040,2060,2035
2052,2044,2043,2042,2064,2038,2045,2042
2060,2045,2046,2044,2061,2041,2047,2053
2058,2046,2052,2047,2058,2038,2044,2056
2055,2044,2045,2039,2049,2026,2035,2067
2060,2045,2048,2036,2052,2018,2038,2071
2065,2054,2051,2034,2064,2025,2061,2080
2065,2043,2038,2013,2046,2005,2008,2069
2040,2018,2029,2013,2043,2007,2016,2052
2039,2034,2049,2028,2049,2032,2040,2079
2064,2056,2062,2034,2046,2034,2038,2083
2064,2060,2071,2038,2043,2038,2044,2075
2071,2064,2069,2041,2044,2042,2070,2078
2069,2067,2069,2041,2039,2039,2055,2070
2072,2066,2060,2037,2036,2033,2046,2056
2064,2060,2058,2045,2033,2038,2046,2049
2063,2059,2060,2051,2043,2045,2060,2046
2058,2062,2059,2057,2052,2055,2052,2040
2061,2059,2064,2060,2060,2047,2066,2039
2056,2069,2074,2070,2057,2051,2063,2034
2062,2062,2068,2063,2051,2037,2058,2025
2057,2054,2058,2052,2021,2023,2058,2029
2049,2052,2053,2045,1999,2009,2060,2027
2040,2044,2030,2019,1981,1984,2018,1998
2010,1997,2002,2000,1983,1981,1984,1995
2013,2002,2022,2026,2031,2031,2056,2023
2049,2046,2050,2055,2070,2057,2074,2028
2056,2054,2053,2063,2093,2072,2066,2033
2052,2056,2051,2055,2104,2081,2070,2041
2053,2057,2052,2057,2117,2081,2066,2037
2052,2054,2052,2058,2098,2076,2081,2030
2052,2051,2049,2052,2088,2068,2073,2038
2052,2052,2048,2048,2093,2064,2068,2045
2051,2045,2055,2056,2101,2065,2064,2054
2055,2049,2058,2055,2093,2077,2062,2069
2051,2047,2062,2057,2084,2070,2077,2069
2051,2047,2056,2046,2053,2058,2071,2071
2047,2046,2052,2041,2053,2050,2057,2074
2051,2045,2052,2051,2065,2051,2054,2080
2053,2046,2048,2038,2052,2028,2023,2059
2021,2009,2017,2019,2032,2002,2014,2061
2018,2006,2024,2030,2043,2017,2037,2089
2047,2048,2047,2042,2066,2037,2051,2084
2053,2051,2050,2047,2075,2045,2053,2078
2056,2052,2055,2045,2058,2045,2043,2076
2055,2051,2055,2046,2061,2042,2043,2073
2054,2055,2055,2047,2062,2044,2053,2064
2057,2047,2054,2039,2060,2048,2044,2055
2062,2049,2042,2043,2063,2054,2042,2048
2054,2044,2048,2042,2071,2061,2031,2047
2056,2048,2052,2045,2064,2063,2046,2047
2059,2052,2057,2042,2058,2060,2034,2044
2052,2057,2052,2035,2053,2043,2034,2030
2052,2058,2046,2037,2046,2038,2032,2027
2051,2054,2041,2039,2053,2044,2020,2028
2053,2057,2046,2034,2050,2022,2003,2009
2025,2018,2022,2016,2040,2013,1987,1999
2024,2013,2015,2024,2050,2027,2028,2020
2047,2052,2038,2037,2059,2043,2030,2015
2049,2053,2041,2034,2059,2047,2036,2023
2047,2056,2040,2037,2061,2046,2037,2026
2048,2056,2040,2034,2064,2046,2057,2025
2047,2051,2044,2038,2061,2044,2047,2030
2042,2051,2044,2032,2049,2034,2030,2040
2049,2049,2041,2036,2050,2031,2017,2041
2051,2046,2045,2041,2049,2036,2055,2054
2046,2052,2051,2037,2067,2045,2048,2061
2050,2049,2058,2040,2064,2046,2051,2063
2049,2053,2065,2040,2050,2040,2053,2071
2046,2051,2057,2030,2048,2031,2020,2073
2043,2045,2052,2020,2039,2023,2011,2069
2037,2038,2049,2012,2012,1995,1971,2053
2009,2008,2013,1996,2002,1992,1973,2058
2009,2005,2017,2006,2023,2029,2036,2087
2041,2042,2047,2035,2042,2048,2067,2093
2044,2043,2049,2037,2047,2059,2054,2087
2042,2039,2044,2032,2057,2054,2049,2074
2044,2044,2046,2036,2061,2073,2041,2063
2045,2049,2054,2041,2040,2088,2031,2062
2050,2049,2046,2038,1987,2072,2046,2059
2049,2048,2050,2038,2001,2068,2038,2047
2041,2048,2044,2042,2058,2052,2051,2040
2044,2047,2046,2054,2112,2034,2056,2041
2049,2054,2055,2067,2149,2028,2049,2040
2048,2059,2053,2068,2148,2038,2027,2031
2047,2051,2047,2048,2148,2053,2041,2031
2045,2056,2046,2040,2134,2058,2041,2028
2045,2060,2047,2032,2099,2037,2021,2005
2015,2023,2016,2001,2055,2013,2006,1999
2022,2022,2015,2003,2001,2027,2020,2016
2047,2056,2045,2025,1916,2040,2035,2029
2054,2060,2045,2020,1936,2041,2062,2024
2057,2063,2048,2031,1999,2036,2061,2027
2048,2059,2051,2032,2015,2028,2056,2026
2047,2060,2049,2029,2040,2035,2046,2028
2050,2056,2050,2037,2086,2045,2047,2032
2056,2060,2055,2041,2092,2049,2051,2039
2051,2061,2055,2034,2075,2046,2043,2044
2048,2061,2052,2044,2071,2045,2046,2048
2046,2060,2061,2036,2072,2065,2050,2050
2041,2051,2053,2032,2062,2076,2040,2062
2037,2045,2048,2036,2050,2056,2038,2063
2035,2044,2044,2030,2055,2043,2046,2072
2037,2039,2046,2031,2042,2034,2023,2060
2004,2007,2019,2003,2017,2015,2006,2049
2002,2000,2021,2000,2019,2038,2015,2076
2031,2038,2037,2022,2043,2063,2040,2069
2036,2038,2035,2021,2046,2064,2034,2062
2036,2037,2030,2019,2045,2063,2028,2063
2047,2037,2027,2017,2044,2059,2042,2052
2042,2036,2026,2020,2051,2054,2034,2047
2038,2029,2023,2020,2045,2054,2029,2044
2042,2031,2020,2019,2036,2058,2030,2042
2044,2035,2019,2017,2037,2057,2043,2039
2041,2031,2021,2021,2034,2062,2041,2030
2043,2037,2030,2019,2034,2060,2039,2032
2048,2044,2030,2019,2028,2055,2055,2033
2046,2042,2026,2019,2025,2053,2049,2026
2050,2046,2029,2018,2024,2053,2042,2032
2053,2042,2032,2022,2022,2047,2037,2004
2021,2008,2005,1997,1996,2008,1993,1997
2018,2004,2005,2001,2001,2003,2012,2001
2041,2036,2036,2031,2041,2018,2014,2005
2044,2039,2042,2032,2054,2024,2008,2007
2045,2040,2043,2038,2060,2034,2004,2005
2043,2041,2042,2045,2085,2048,2018,2013
2048,2050,2051,2049,2091,2059,2049,2017
2047,2060,2062,2049,2092,2063,2056,2028
2054,2058,2052,2048,2089,2066,2043,2034
2048,2058,2049,2044,2080,2060,2040,2036
2049,2047,2039,2041,2077,2058,2043,2040
2050,2046,2031,2036,2068,2054,2055,2059
2046,2042,2032,2031,2069,2056,2062,2071
2045,2048,2047,2030,2066,2049,2026,2083
2053,2060,2046,2031,2060,2051,2038,2088
2055,2068,2066,2036,2068,2055,2047,2075
2041,2036,2042,2013,2041,2027,2033,2076
2033,2026,2033,2010,2027,2028,2044,2089
2045,2061,2060,2032,2049,2051,2052,2089
2056,2063,2062,2032,2041,2045,2060,2088
2056,2056,2073,2035,2033,2041,2039,2077
2056,2062,2071,2037,2032,2033,2030,2074
2055,2058,2068,2037,2035,2034,2052,2066
2055,2055,2064,2033,2039,2044,2028,2057
2057,2052,2067,2040,2050,2054,2046,2059
2052,2052,2069,2041,2044,2057,2034,2052
2054,2058,2069,2040,2044,2056,2060,2039
2057,2061,2073,2039,2044,2059,2033,2036
2057,2067,2072,2040,2055,2054,2030,2016
2050,2057,2066,2029,2052,2043,2027,2011
2049,2049,2062,2026,2047,2047,2027,2006
2043,2055,2064,2033,2043,2042,2017,1998
2036,2023,2038,2012,2024,2012,2013,1982
2021,2006,2032,2005,2021,2017,2007,1984
2033,2035,2050,2027,2046,2052,2054,2000
2041,2049,2065,2031,2048,2050,2064,2001
2045,2049,2071,2037,2054,2056,2059,2014
2044,2046,2062,2035,2066,2055,2058,2015
2049,2047,2058,2034,2063,2056,2060,2022
2048,2049,2057,2034,2060,2051,2055,2028
2043,2051,2052,2036,2060,2052,2056,2036
2044,2051,2052,2029,2062,2058,2064,2043
2044,2056,2055,2027,2064,2056,2070,2055
2050,2054,2056,2031,2059,2055,2052,2056
2045,2051,2057,2031,2058,2051,2059,2061
2051,2047,2052,2028,2055,2047,2060,2075
2052,2057,2057,2033,2058,2051,2066,2075
2052,2058,2053,2027,2059,2054,2059,2085
2055,2056,2039,2010,2049,2033,2024,2062
2027,2024,2018,2004,2042,2032,2015,2064
2019,2027,2037,2014,2055,2048,2040,2076
2051,2059,2049,2021,2055,2052,2046,2075
2058,2060,2048,2018,2052,2047,2049,2074
2057,2059,2047,2022,2057,2045,2055,2075
2059,2064,2045,2022,2053,2054,2065,2068
2061,2064,2053,2023,2055,2053,2049,2055
2058,2062,2047,2026,2055,2043,2046,2053
2054,2060,2050,2026,2055,2045,2044,2051
2056,2054,2046,2025,2051,2054,2055,2039
2057,2054,2041,2024,2052,2059,2053,2033
2052,2049,2037,2017,2055,2068,2049,2034
2052,2048,2042,2018,2055,2068,2054,2029
2055,2046,2043,2018,2046,2070,2048,2024
2049,2044,2041,2021,2043,2071,2061,2020
2056,2046,2044,2024,2044,2075,2043,2012
2032,2009,2011,1998,2021,2056,2038,2006
2020,1992,2013,2005,2043,2058,2041,2017
2039,2031,2035,2031,2073,2086,2065,2021
2056,2038,2036,2034,2069,2082,2067,2017
2051,2040,2035,2028,2061,2039,2064,2022
2052,2046,2050,2027,2066,2023,2064,2019
2051,2047,2048,2023,2051,2040,2068,2025
2046,2050,2049,2026,2054,2059,2073,2030
2049,2050,2060,2027,2058,2064,2065,2038
2046,2057,2063,2033,2052,2055,2060,2045
2059,2061,2068,2042,2046,2045,2045,2043
2056,2057,2070,2041,2040,2042,2036,2049
2052,2061,2068,2034,2022,2020,2016,2057
2049,2067,2070,2030,2019,2010,2004,2072
2058,2071,2067,2025,2030,2015,2010,2078
2049,2067,2062,2012,2039,2018,2025,2085
2052,2059,2044,1994,2034,2003,2009,2068
2019,2026,2023,1990,2038,2013,1997,2074
2021,2027,2033,2004,2044,2050,2032,2098
2050,2062,2055,2016,2049,2058,2041,2092
2055,2066,2051,2014,2040,2053,2046,2083
2058,2068,2058,2022,2032,2050,2049,2078
2059,2064,2056,2017,2024,2049,2051,2071
2054,2066,2062,2024,2026,2042,2053,2068
2056,2063,2059,2013,2017,2041,2042,2055
2055,2059,2051,2005,2029,2042,2044,2047
2049,2057,2042,1998,2025,2043,2036,2042
2044,2053,2039,1991,2024,2044,2034,2035
2048,2046,2039,1994,2023,2045,2048,2028
2053,2058,2051,1998,2042,2045,2034,2023
2051,2061,2050,2002,2047,2042,2036,2024
2052,2062,2056,2010,2035,2036,2032,2022
2053,2069,2058,2018,2041,2041,2016,2014
2030,2043,2038,2002,2041,2029,2017,1994
2029,2029,2035,2008,2043,2034,2023,2006
2046,2063,2063,2025,2058,2063,2058,2029
2064,2068,2060,2028,2067,2062,2055,2026
2060,2069,2056,2023,2073,2063,2047,2018
2061,2061,2056,2021,2096,2061,2042,2025
2055,2064,2057,2024,2084,2062,2041,2031
2055,2066,2058,2013,2063,2047,2043,2037
2054,2069,2056,2007,2033,2043,2044,2045
2056,2064,2055,2003,2028,2046,2049,2051
2065,2067,2056,2014,2046,2055,2048,2059
2061,2068,2056,2016,2045,2048,2036,2070
2066,2067,2058,2013,2056,2047,2052,2075
2058,2064,2052,2009,2061,2045,2059,2084
2057,2065,2055,2014,2051,2046,2042,2085
2062,2067,2056,2021,2041,2050,2052,2088
2056,2067,2055,2019,2076,2033,2025,2071
2031,2031,2029,2000,2076,2022,2014,2071
2024,2023,2028,2000,2061,2035,2049,2090
2050,2062,2052,2018,2060,2051,2051,2089
2054,2059,2052,2019,2051,2065,2041,2084
2056,2061,2044,2027,2061,2066,2049,2073
2056,2058,2049,2029,2085,2069,2038,2068
2055,2055,2050,2032,2093,2054,2040,2060
2052,2050,2048,2017,2109,2051,2018,2058
2056,2057,2050,2022,2142,2060,2041,2056
2059,2052,2049,2016,2101,2049,2042,2045
2057,2056,2049,2012,2062,2039,2040,2045
2057,2060,2050,2021,2109,2045,2026,2039
2053,2060,2046,2019,2139,2040,2018,2037
2055,2057,2042,2008,2087,2021,2023,2026
2042,2058,2039,1998,2027,2014,2019,2021
2044,2054,2041,1988,1990,2013,2014,2011
2046,2038,2030,1958,1857,1984,1987,1986
2020,2016,2012,1953,1848,1993,1981,1987
2015,2007,2021,1978,1926,2028,2035,2013
2053,2046,2043,1993,1982,2042,2043,2013
2054,2051,2042,1992,2011,2053,2051,2022
2054,2057,2045,1999,2031,2068,2058,2021
2051,2056,2053,2001,2032,2069,2070,2026
2057,2058,2056,2006,2038,2075,2067,2029
2054,2059,2068,2009,2055,2079,2065,2030
2055,2064,2072,2010,2052,2069,2065,2032
2050,2063,2073,2011,2049,2068,2050,2045
2057,2066,2069,2012,2040,2067,2058,2054
2052,2059,2068,2012,2042,2071,2053,2065
2058,2060,2072,2006,2041,2063,2044,2076
2058,2060,2066,2010,2038,2059,2046,2080
2051,2056,2058,2004,2032,2060,2049,2084
2048,2053,2056,2002,2038,2057,2053,2078
2033,2026,2028,1985,2030,2029,2012,2060
2016,2014,2017,1981,2021,2027,2000,2067
2032,2032,2035,2003,2047,2060,2047,2085
2054,2046,2039,2003,2050,2063,2049,2085
2052,2051,2043,2003,2054,2057,2043,2080
2047,2052,2045,2008,2050,2050,2045,2075
2049,2049,2040,2006,2054,2059,2039,2069
2052,2053,2038,1999,2056,2056,2030,2054
2053,2055,2038,1996,2055,2054,2031,2055
2053,2052,2038,1996,2057,2060,2025,2042
2053,2053,2036,1996,2046,2057,2049,2038
2055,2057,2036,1988,2028,2047,2058,2029
2050,2058,2034,1990,2016,2039,2037,2029
2057,2055,2041,1984,2009,2034,2033,2016
2051,2050,2038,1984,2016,2034,2037,2008
2047,2046,2037,1982,2022,2033,2028,1998
2048,2047,2048,1982,2026,2029,2011,1985
2021,2018,2024,1965,2005,2003,2014,1976
2020,2023,2029,1966,2012,2022,2026,1990
2042,2059,2071,2003,2043,2052,2051,2002
2054,2067,2071,2004,2049,2050,2062,2003
2053,2068,2067,2002,2044,2051,2057,2015
2045,2066,2065,2004,2050,2051,2056,2014
2057,2069,2069,2008,2058,2050,2052,2022
2056,2068,2075,2007,2051,2055,2048,2022
2047,2066,2071,2006,2054,2051,2046,2032
2049,2065,2072,2008,2052,2052,2052,2039
2047,2068,2071,2012,2062,2061,2046,2047
2044,2069,2073,2010,2064,2073,2058,2051
2045,2060,2067,2009,2065,2085,2051,2061
2047,2050,2063,1996,2044,2093,2050,2067
2041,2047,2053,1985,2020,2084,2041,2071
2034,2048,2047,1986,2011,2083,2034,2080
2039,2053,2045,1979,1999,2053,2022,2069
2023,2019,2020,1965,1994,2021,2028,2078
2021,2021,2022,1972,2029,2018,2058,2104
2048,2059,2060,2008,2075,2036,2070,2103
2054,2060,2059,2010,2080,2056,2081,2092
2053,2052,2055,2007,2081,2070,2058,2090
2050,2052,2054,2001,2062,2073,2077,2086
2047,2057,2058,1997,2050,2066,2053,2075
2052,2059,2056,1992,2044,2065,2047,2069
2057,2060,2054,1994,2040,2055,2046,2058
2057,2060,2053,1993,2034,2063,2062,2048
2056,2060,2047,1995,2032,2066,2054,2052
2061,2061,2049,2004,2037,2066,2061,2045
2054,2057,2045,2008,2065,2064,2043,2029
2044,2049,2040,1994,2064,2052,2040,2018
2038,2051,2034,1996,2060,2048,2031,2016
2039,2053,2035,2003,2055,2041,2046,2012
2044,2044,2013,1978,2033,2008,2005,1995
2019,2016,1990,1972,2028,2015,2007,1983
2020,2016,2003,1993,2048,2044,2036,2007
2047,2053,2025,2007,2061,2060,2032,2009
2049,2051,2033,2004,2061,2058,2055,2018
2051,2053,2027,2006,2060,2059,2042,2011
2054,2053,2028,2008,2057,2059,2041,2017
2050,2055,2026,2006,2053,2044,2047,2019
2046,2054,2028,2005,2052,2044,2051,2029
2057,2057,2035,2010,2052,2044,2041,2031
2050,2057,2045,1999,2040,2050,2021,2041
2051,2057,2041,2001,2035,2045,2039,2058
2044,2062,2048,2003,2026,2030,2037,2060
2047,2055,2048,1993,2027,2028,2014,2067
2044,2053,2037,1993,2030,2034,2029,2063
2042,2049,2041,1994,2046,2040,2043,2069
2037,2046,2041,1998,2043,2046,2040,2074
2026,2016,2013,1985,2020,2023,2013,2065
2013,1998,2005,1982,2024,2021,2008,2061
2026,2025,2024,1994,2048,2045,2050,2085
2046,2040,2032,1996,2052,2047,2044,2077
2044,2044,2064,2002,2047,2048,2048,2072
2054,2066,2082,2010,2028,2046,2031,2078
2060,2068,2089,2019,2029,2046,2054,2075
