CH1,CH2,CH3,CH4,CH5,CH6,CH7,CH8
2041,2056,2059,2042,2035,2040,2052,2055
2049,2062,2066,2048,2040,2039,2046,2053
2046,2063,2072,2060,2045,2041,2044,2043
2039,2055,2084,2076,2047,2042,2055,2035
2043,2061,2096,2085,2058,2047,2041,2037
2053,2066,2097,2094,2072,2054,2051,2043
2056,2073,2088,2098,2067,2045,2056,2043
2050,2068,2075,2086,2072,2041,2048,2045
2049,2066,2067,2077,2095,2044,2049,2036
2044,2060,2046,2078,2145,2045,2035,2020
2038,2057,2045,2081,2157,2052,2014,2009
2032,2050,2042,2081,2159,2061,2038,2014
2040,2048,2045,2076,2149,2061,2033,2014
2034,2044,2044,2069,2140,2066,2061,2018
2040,2040,2035,2057,2122,2075,2059,2020
2047,2044,2027,2041,2100,2071,2069,2021
2052,2057,2044,2037,2056,2074,2053,2029
2059,2071,2066,2027,1940,2060,2041,2036
2060,2071,2064,1999,1842,2050,2047,2030
2056,2073,2060,2007,1909,2048,2065,2039
2051,2066,2064,2017,1957,2053,2064,2035
2047,2066,2062,2034,2006,2054,2053,2032
2041,2065,2066,2039,2040,2063,2053,2041
2034,2062,2068,2037,2044,2069,2070,2051
2035,2057,2066,2046,2074,2075,2067,2058
2031,2056,2067,2053,2078,2078,2059,2066
2039,2057,2065,2046,2083,2069,2066,2068
2038,2056,2061,2037,2067,2060,2043,2064
2039,2049,2060,2037,2036,2040,2036,2064
2029,2035,2045,2032,2049,2034,2030,2067
2035,2045,2051,2057,2052,2026,2040,2062
2041,2061,2062,2061,2038,2039,2040,2071
2039,2057,2046,2061,2035,2047,2056,2069
2040,2054,2042,2048,1968,2044,2047,2060
2037,2053,2038,2041,1991,2051,2041,2053
2030,2041,2022,2036,2038,2053,2041,2055
2026,2038,2027,2034,2043,2062,2045,2046
2034,2036,2038,2043,2056,2064,2050,2039
2042,2047,2046,2040,2069,2061,2038,2035
2044,2042,2038,2039,2064,2064,2053,2036
2052,2044,2048,2052,2054,2059,2059,2032
2042,2042,2048,2056,2040,2052,2054,2024
2034,2046,2054,2063,2042,2053,2057,2028
2039,2052,2043,2069,2062,2060,2042,2017
2044,2055,2025,2070,2056,2045,2035,2013
2036,2041,2009,2062,2055,2040,2024,1999
2030,2040,2012,2062,2063,2058,2048,2013
2038,2056,2012,2070,2070,2064,2040,2014
2046,2054,2012,2061,2065,2056,2024,2013
2043,2044,1999,2053,2059,2039,2007,2010
2035,2044,1993,2041,2046,2031,2016,2020
2042,2040,1992,2030,2037,2034,2029,2029
2039,2037,1997,2017,2020,2038,2038,2034
2038,2041,1995,2002,2008,2048,2041,2041
2046,2030,2000,1994,2025,2061,2049,2047
2038,2027,1996,1990,2032,2062,2049,2046
2035,2028,2018,2006,2042,2062,2053,2050
2030,2037,2034,2025,2049,2066,2034,2056
2032,2040,2058,2030,2058,2060,2039,2061
2032,2049,2072,2040,2049,2056,2040,2065
2035,2040,2068,2043,2043,2042,2026,2069
2034,2041,2053,2040,2046,2020,2017,2071
2034,2040,2057,2052,2043,2030,2029,2075
2061,2077,2088,2074,2058,2044,2027,2068
2065,2080,2110,2088,2058,2044,2040,2076
2057,2080,2130,2093,2057,2051,2026,2070
2057,2085,2146,2091,2049,2047,2034,2047
2056,2071,2127,2072,2039,2040,2031,2046
2052,2062,2100,2060,2025,2032,2029,2042
2052,2053,2078,2052,2026,2035,2038,2036
2048,2054,2062,2060,2029,2040,2032,2027
2038,2067,2068,2072,2047,2049,2040,2028
2046,2079,2079,2087,2059,2065,2043,2030
2063,2083,2080,2078,2057,2060,2044,2038
2062,2075,2065,2039,2035,2058,2047,2030
2057,2057,2038,1988,2030,2057,2062,2034
2045,2053,2022,1979,2029,2053,2064,2023
2034,2036,1999,1982,2034,2048,2036,2024
2036,2043,2006,2005,2051,2050,2050,2025
2055,2053,2017,2019,2053,2059,2056,2026
2062,2054,2016,2010,2050,2056,2061,2029
2057,2050,2019,2012,2037,2057,2071,2039
2060,2054,2030,2019,2037,2059,2061,2042
2054,2054,2036,2017,2044,2065,2068,2036
2048,2056,2042,2020,2038,2058,2070,2042
2044,2053,2047,2022,2034,2063,2062,2050
2044,2053,2058,2026,2047,2074,2077,2061
2051,2058,2060,2030,2052,2072,2072,2063
2053,2062,2053,2033,2046,2070,2066,2072
2060,2056,2051,2028,2041,2059,2026,2068
2057,2053,2054,2026,2046,2060,2028,2072
2055,2046,2048,2037,2045,2050,2028,2070
2038,2028,2037,2032,2035,2035,2018,2062
2033,2014,2024,2030,2038,2016,2008,2061
2030,2022,2037,2042,2039,2010,2012,2071
2035,2045,2080,2052,2038,2019,2028,2075
2037,2056,2089,2056,2035,2026,2017,2064
2032,2059,2088,2055,2030,2034,2044,2069
2044,2056,2079,2044,2032,2037,2066,2071
2049,2059,2069,2039,2021,2036,2067,2060
2052,2055,2060,2029,2009,2027,2034,2033
2036,2051,2057,2025,2003,2024,2041,2028
2036,2048,2052,2025,2019,2026,2027,2026
2034,2043,2046,2026,2029,2038,2052,2020
2030,2038,2038,2030,2042,2033,2049,2024
2041,2046,2040,2030,2035,2039,2028,2018
2039,2047,2043,2034,2028,2040,2038,2016
2034,2046,2033,2042,2025,2043,2041,2019
2036,2039,2026,2049,2031,2046,2032,2012
2037,2041,2022,2048,2048,2038,2020,2007
2032,2024,2017,2048,2084,2047,2005,2000
2032,2025,2023,2060,2107,2066,2046,2013
2042,2038,2028,2063,2083,2061,2042,2013
2041,2034,2028,2060,2080,2052,2017,2014
2037,2036,2030,2055,2074,2050,2035,2022
2036,2044,2041,2048,2081,2056,2055,2022
2048,2042,2041,2052,2088,2062,2066,2028
2038,2040,2040,2058,2083,2062,2047,2031
2039,2035,2048,2056,2064,2053,2051,2042
2042,2039,2055,2057,2052,2046,2052,2049
2044,2043,2061,2051,2044,2045,2042,2058
2042,2046,2068,2052,2052,2049,2050,2059
2046,2054,2070,2059,2053,2048,2050,2072
2054,2056,2070,2062,2055,2053,2058,2082
2054,2058,2071,2057,2054,2047,2058,2085
2057,2051,2067,2050,2045,2046,2033,2079
2045,2043,2058,2041,2030,2041,2031,2080
2040,2045,2059,2043,2040,2042,2037,2079
2056,2058,2064,2052,2051,2053,2014,2077
2059,2059,2066,2061,2052,2052,2028,2074
2056,2062,2064,2054,2054,2049,2031,2072
2060,2064,2066,2057,2052,2048,2031,2067
2059,2059,2065,2058,2049,2050,2025,2062
2060,2058,2059,2054,2050,2049,2041,2055
2058,2055,2054,2048,2048,2048,2022,2045
2059,2054,2058,2049,2045,2047,2034,2042
2064,2046,2049,2051,2045,2051,2037,2038
2059,2044,2045,2053,2047,2054,2020,2029
2058,2039,2039,2044,2050,2049,2037,2035
2047,2037,2036,2046,2045,2051,2050,2032
2041,2028,2031,2045,2055,2057,2040,2029
2044,2035,2029,2050,2061,2061,2051,2026
2039,2039,2027,2053,2036,2058,2049,2022
2041,2023,2015,2052,2060,2053,2032,2029
2042,2030,2011,2063,2092,2062,2049,2033
2046,2031,2004,2060,2086,2061,2044,2033
2047,2029,1998,2062,2088,2056,2047,2031
2042,2028,1992,2064,2065,2052,2040,2037
2044,2033,2001,2057,2055,2044,2019,2034
2050,2045,2006,2066,2047,2037,2048,2046
2052,2053,2017,2064,2029,2029,2047,2050
2054,2045,2015,2043,1978,2009,2051,2051
2050,2041,2013,2033,2001,2016,2036,2061
2050,2033,2020,2029,1985,2024,2041,2064
2044,2035,2028,2022,1957,2025,2032,2071
2048,2035,2053,2032,1984,2026,2037,2066
2049,2042,2055,2022,2027,2022,2031,2060
2050,2043,2071,2018,2023,2016,2027,2062
2046,2047,2088,2014,1990,1999,2019,2069
2033,2036,2089,2001,1972,1994,2004,2074
2033,2033,2092,2012,1983,2002,2030,2069
2044,2050,2084,2023,1994,2028,2020,2067
2046,2047,2082,2045,2036,2054,2040,2072
2052,2063,2074,2053,2074,2068,2055,2065
2060,2066,2068,2054,2107,2085,2046,2068
2054,2056,2060,2052,2120,2099,2044,2065
2054,2059,2054,2048,2097,2087,2060,2046
2049,2056,2058,2049,2064,2063,2058,2039
2044,2052,2053,2046,2037,2048,2045,2041
2051,2052,2049,2044,2012,2042,2042,2041
2053,2046,2046,2040,2002,2033,2037,2029
2043,2043,2044,2037,2003,2043,2029,2018
2049,2044,2045,2042,2020,2049,2046,2017
2050,2054,2059,2070,2052,2069,2050,2027
2058,2070,2081,2078,2066,2064,2038,2026
2061,2058,2075,2064,2068,2060,2037,2016
2044,2058,2072,2061,2076,2076,2037,2023
2053,2062,2067,2054,2080,2069,2027,2017
2043,2057,2060,2054,2085,2064,2035,2026
2047,2059,2061,2053,2110,2065,2044,2031
2052,2059,2068,2062,2131,2050,2047,2041
2052,2053,2064,2066,2141,2050,2040,2040
2059,2053,2062,2061,2148,2045,2050,2050
2054,2050,2055,2070,2143,2041,2039,2057
2061,2047,2054,2068,2139,2044,2045,2055
2064,2052,2058,2072,2131,2061,2032,2061
2054,2049,2050,2067,2104,2065,2039,2066
2055,2045,2054,2061,2059,2051,2029,2070
2062,2044,2050,2049,1952,2027,2034,2072
2055,2041,2047,2034,1916,2020,2040,2075
2052,2041,2050,2044,1967,2027,2022,2064
2042,2027,2040,2038,2001,2022,2024,2072
2044,2034,2039,2040,2018,2030,2023,2075
2046,2038,2043,2044,2033,2041,2036,2073
2044,2048,2042,2047,2036,2057,2027,2069
2042,2049,2041,2048,2039,2061,2033,2062
2043,2047,2036,2048,2023,2057,2052,2067
2046,2053,2040,2050,2031,2052,2051,2053
2051,2051,2031,2043,2031,2053,2045,2048
2054,2052,2041,2044,2035,2050,2050,2037
2055,2062,2050,2047,2029,2043,2032,2028
2053,2064,2054,2051,2043,2050,2036,2033
2056,2055,2044,2046,2044,2046,2036,2026
2051,2049,2042,2045,2040,2039,2050,2021
2046,2042,2043,2045,2035,2050,2036,2012
2042,2047,2048,2050,2035,2055,2058,2011
2041,2056,2057,2056,2054,2059,2071,2013
2041,2041,2050,2050,2065,2055,2071,2011
2038,2041,2045,2052,2053,2051,2051,2015
2048,2050,2047,2060,2056,2067,2065,2025
2060,2051,2054,2064,2064,2068,2083,2036
2056,2048,2050,2059,2055,2064,2084,2022
2055,2048,2056,2059,2054,2068,2069,2021
2052,2047,2046,2064,2061,2068,2071,2024
2042,2047,2044,2058,2065,2072,2055,2035
2044,2038,2039,2061,2056,2070,2055,2041
2040,2038,2040,2047,2027,2075,2057,2033
2041,2036,2033,2044,1987,2079,2055,2038
2040,2036,2033,2042,2005,2078,2059,2045
2048,2048,2038,2040,2037,2088,2056,2061
2052,2050,2040,2051,2065,2099,2047,2062
2046,2045,2045,2053,2072,2091,2050,2069
2048,2047,2039,2048,2059,2044,2035,2068
2040,2036,2026,2043,2031,2000,2042,2073
2037,2031,2027,2040,2027,2004,2044,2068
2037,2037,2035,2042,2033,2016,2060,2074
2043,2042,2040,2039,2037,2023,2072,2068
2043,2032,2044,2046,2038,2038,2066,2065
2045,2029,2048,2041,2041,2045,2065,2067
2047,2030,2048,2043,2040,2051,2066,2064
2049,2033,2049,2040,2044,2054,2079,2044
2049,2039,2041,2037,2049,2059,2053,2043
2054,2038,2041,2039,2052,2061,2051,2049
2057,2042,2047,2047,2059,2065,2056,2046
2060,2045,2041,2046,2061,2073,2051,2044
2052,2051,2052,2047,2064,2069,2068,2041
2070,2068,2053,2050,2056,2067,2066,2035
2074,2060,2053,2054,2056,2071,2056,2029
2072,2061,2053,2052,2045,2070,2050,2008
2056,2037,2028,2031,2017,2056,2004,1988
2032,2003,2003,2021,2003,2038,2009,1980
2022,2010,2028,2029,2005,2051,2023,1995
2045,2043,2060,2044,1983,2057,2038,2009
2060,2061,2070,2049,1963,2025,2030,2011
2054,2065,2071,2053,1967,2010,2023,2016
2052,2061,2067,2059,1991,2023,2029,2021
2044,2058,2069,2059,2014,2020,2030,2031
2051,2057,2062,2070,2068,2027,2055,2038
2046,2054,2062,2079,2125,2043,2058,2048
2064,2060,2064,2085,2130,2068,2080,2056
2064,2065,2058,2085,2118,2079,2067,2058
2066,2058,2056,2077,2093,2076,2073,2060
2054,2056,2051,2067,2077,2042,2068,2064
2055,2059,2054,2073,2075,2021,2062,2074
2054,2056,2053,2069,2061,2028,2052,2070
2056,2051,2046,2051,2056,2019,2026,2062
2052,2032,2032,2049,2053,2010,2021,2061
2043,2034,2034,2050,2045,2012,2025,2068
2053,2047,2048,2053,2010,2014,2036,2067
2050,2052,2048,2054,2002,2020,2046,2056
2053,2054,2051,2058,2026,2032,2067,2059
2050,2057,2050,2059,2038,2038,2065,2064
2047,2054,2049,2063,2050,2040,2058,2049
2053,2055,2048,2059,2041,2039,2061,2045
2048,2053,2044,2052,2034,2037,2064,2035
2045,2053,2041,2055,2031,2039,2061,2035
2057,2049,2040,2050,2026,2054,2056,2038
2067,2047,2037,2049,2041,2059,2059,2039
2064,2050,2041,2046,2054,2065,2057,2026
2059,2050,2038,2057,2079,2070,2056,2014
2047,2051,2036,2054,2091,2069,2052,2010
2048,2047,2036,2044,2086,2063,2052,2000
2041,2034,2031,2032,2050,2052,2050,2000
2034,2032,2031,2038,2047,2059,2050,2007
2042,2046,2039,2046,2032,2052,2060,2013
2049,2046,2043,2053,2031,2052,2065,2016
2053,2050,2042,2057,2020,2056,2057,2023
2052,2048,2051,2054,2020,2039,2069,2021
2060,2050,2050,2056,2019,2025,2057,2026
2052,2046,2049,2055,2035,2024,2038,2033
2051,2050,2049,2057,2033,2026,2065,2039
2051,2046,2043,2054,2039,2038,2066,2036
2040,2045,2043,2048,2063,2051,2054,2034
2038,2042,2038,2050,2079,2052,2049,2050
2043,2046,2039,2056,2068,2056,2045,2062
2051,2045,2042,2067,2112,2058,2052,2070
2045,2049,2037,2076,2148,2068,2050,2068
2037,2050,2036,2076,2128,2064,2050,2065
2034,2043,2034,2064,2096,2053,2052,2064
2035,2043,2031,2051,2057,2044,2043,2075
2037,2050,2040,2049,2031,2045,2041,2069
2039,2050,2037,2054,2032,2044,2032,2064
2031,2043,2036,2049,2018,2033,2054,2055
2035,2046,2034,2023,1974,2018,2039,2053
2041,2051,2040,2033,2005,2030,2046,2046
2048,2060,2047,2040,2044,2043,2054,2041
2051,2061,2049,2045,2055,2042,2028,2032
2052,2063,2049,2047,2062,2038,2057,2032
2050,2061,2049,2050,2053,2038,2038,2030
2049,2055,2038,2057,2064,2039,2025,2023
2043,2052,2040,2057,2071,2041,2050,2021
2046,2048,2036,2051,2074,2044,2039,2019
2048,2047,2035,2045,2061,2033,2023,2014
2045,2041,2037,2044,2028,2025,2047,2005
2037,2043,2032,2018,1946,2022,2052,2010
2044,2044,2038,2025,1947,2050,2036,2019
2064,2059,2054,2043,2003,2064,2057,2016
2061,2062,2057,2055,2045,2075,2072,2015
2049,2060,2060,2051,2087,2084,2065,2024
2049,2060,2061,2058,2104,2085,2076,2032
2050,2062,2052,2058,2083,2086,2050,2037
2052,2055,2049,2061,2104,2078,2059,2036
2049,2050,2045,2051,2109,2078,2069,2033
2046,2054,2043,2059,2115,2090,2070,2048
2050,2059,2048,2066,2114,2089,2090,2065
2056,2061,2054,2058,2047,2058,2063,2069
2051,2058,2048,2042,1911,2001,2062,2063
2043,2052,2038,2023,1873,1982,2045,2058
2046,2048,2038,2034,1962,1999,2037,2064
2042,2054,2048,2053,2027,2010,2035,2070
2049,2042,2051,2057,2058,2018,2032,2073
2040,2043,2045,2064,2096,2039,2050,2070
2045,2048,2039,2066,2097,2059,2059,2072
2041,2046,2036,2063,2092,2069,2065,2065
2040,2052,2040,2068,2096,2071,2058,2061
2047,2043,2040,2060,2087,2071,2069,2058
2046,2045,2039,2057,2074,2058,2052,2046
2048,2045,2037,2042,2036,2045,2036,2041
2044,2042,2030,2031,2013,2048,2041,2033
2039,2041,2027,2025,2017,2051,2059,2032
2042,2037,2023,2033,2037,2057,2051,2027
2046,2041,2029,2036,2037,2055,2045,2020
2048,2047,2036,2045,2049,2055,2065,2029
2053,2050,2037,2047,2056,2050,2034,2029
2057,2049,2038,2052,2063,2035,2042,2021
2040,2044,2031,2053,2052,2018,2022,2011
2036,2029,2022,2041,2032,2013,2012,2009
2038,2028,2027,2036,2036,2021,2045,2016
2036,2042,2037,2044,2048,2038,2054,2023
2049,2050,2038,2048,2048,2048,2056,2022
2048,2047,2042,2042,2053,2059,2049,2028
2048,2052,2042,2049,2056,2061,2054,2034
2054,2053,2042,2041,2061,2059,2042,2031
2058,2053,2046,2047,2054,2051,2027,2041
2051,2052,2042,2043,2047,2045,2042,2032
2047,2052,2051,2047,2047,2054,2035,2029
2048,2052,2054,2047,2059,2067,2041,2037
2045,2056,2056,2048,2058,2066,2043,2050
2049,2064,2057,2054,2073,2079,2065,2074
2052,2066,2062,2058,2077,2082,2075,2074
2042,2056,2059,2055,2081,2093,2069,2083
2050,2059,2051,2054,2069,2093,2085,2087
2048,2054,2048,2044,2069,2084,2056,2074
2040,2034,2032,2042,2061,2070,2058,2072
2034,2032,2035,2041,2060,2083,2057,2078
2047,2047,2040,2043,2054,2082,2041,2074
2045,2049,2040,2041,2057,2087,2061,2072
2052,2057,2046,2048,2062,2088,2076,2070
2057,2058,2049,2042,2061,2059,2063,2068
2052,2055,2050,2045,2051,2043,2051,2060
2056,2058,2050,2043,2046,2040,2049,2049
2056,2055,2046,2043,2040,2036,2053,2039
2052,2048,2046,2045,2047,2042,2051,2037
2050,2044,2049,2044,2053,2047,2065,2043
2042,2040,2044,2045,2052,2034,2057,2033
2038,2038,2037,2045,2045,2012,2041,2031
2034,2031,2040,2039,2038,2004,2039,2021
2027,2027,2031,2036,2042,2004,2054,2016
2024,2025,2036,2033,2046,2006,2053,2021
2011,2013,2024,2025,2030,1989,2043,2012
2009,2003,2022,2019,2026,1992,2050,2012
2021,2018,2027,2034,2035,2024,2072,2022
2036,2036,2037,2039,2045,2023,2062,2039
2042,2040,2039,2038,2054,2017,2062,2030
2050,2046,2039,2042,2058,2011,2056,2030
2046,2049,2045,2044,2068,2029,2059,2025
2052,2055,2042,2047,2065,2029,2054,2026
2057,2061,2050,2042,2053,2007,2030,2029
2050,2060,2054,2047,2053,1989,2026,2034
2057,2062,2056,2049,2030,1956,2033,2053
2050,2060,2060,2043,2014,1967,2040,2060
2055,2060,2052,2041,2014,1987,2056,2064
2053,2053,2054,2034,2014,2016,2029,2070
2056,2044,2050,2037,2001,2072,2043,2068
2050,2042,2049,2039,1999,2111,2031,2074
2050,2041,2042,2039,1993,2090,2027,2075
2046,2033,2034,2031,1997,2010,2022,2065
2033,2027,2032,2039,2026,2000,2055,2084
2052,2049,2051,2057,2073,2060,2060,2090
2063,2055,2055,2074,2111,2088,2072,2083
2070,2057,2063,2079,2128,2113,2068,2066
2057,2057,2058,2075,2127,2116,2054,2053
2049,2049,2042,2057,2104,2096,2031,2041
2038,2028,2028,2047,2076,2082,2038,2034
2032,2028,2029,2034,2042,2081,2053,2029
2029,2032,2033,2033,1989,2072,2058,2021
2032,2048,2035,2030,2001,2057,2057,2019
2035,2051,2033,2034,2016,2045,2050,2017
2030,2044,2031,2038,2027,2039,2037,2011
2036,2044,2032,2048,2030,2042,2033,2013
2041,2040,2028,2047,2040,2059,2040,2019
2041,2044,2032,2044,2044,2077,2032,2014
2037,2039,2020,2040,2040,2078,2042,2006
2031,2030,2013,2037,2031,2074,2033,2012
2032,2032,2022,2040,2043,2081,2042,2012
2043,2032,2020,2034,2035,2080,2031,2011
2038,2031,2016,2030,2047,2085,2044,2009
2033,2033,2025,2043,2068,2097,2041,2024
2036,2030,2038,2051,2074,2097,2030,2025
2045,2037,2038,2050,2056,2076,2034,2023
2041,2037,2032,2041,2023,2056,2041,2034
2051,2043,2035,2034,2001,2044,2041,2046
2051,2047,2030,2035,2002,2051,2051,2052
2057,2042,2018,2031,2017,2052,2040,2053
2045,2034,2008,2021,2036,2063,2043,2053
2036,2032,2013,2032,2072,2061,2058,2064
2048,2050,2029,2042,2077,2064,2062,2073
2053,2054,2043,2050,2078,2066,2081,2087
2053,2054,2040,2052,2072,2056,2051,2085
2034,2039,2027,2041,2061,2032,2033,2070
2028,2033,2030,2040,2053,2024,2047,2067
2038,2050,2058,2060,2063,2021,2037,2061
2049,2047,2052,2063,2070,2028,2040,2067
2054,2056,2052,2084,2078,2040,2036,2065
2056,2048,2052,2087,2074,2043,2028,2045
2049,2044,2064,2093,2073,2039,2036,2034
2041,2050,2065,2086,2044,2040,2031,2030
2049,2049,2066,2080,2026,2035,2026,2032
2055,2054,2066,2079,2014,2037,2032,2032
2051,2060,2066,2077,2007,2045,2039,2033
2056,2064,2071,2080,2014,2053,2045,2032
2040,2060,2064,2074,2027,2060,2028,2016
2047,2057,2059,2063,2036,2058,2023,2018
2047,2054,2064,2060,2039,2060,2044,2020
2053,2061,2076,2063,2041,2058,2028,2018
2038,2053,2072,2051,2042,2047,2025,2021
2042,2049,2062,2025,2047,2038,2018,2025
2039,2051,2050,2012,2056,2041,2044,2024
2044,2058,2053,2003,2053,2039,2058,2028
2054,2066,2072,2012,2051,2038,2055,2032
2058,2074,2094,2010,2053,2048,2076,2032
2063,2074,2098,2012,2055,2061,2071,2037
2062,2069,2070,2014,2064,2057,2073,2040
2052,2054,2053,2016,2075,2065,2060,2041
2054,2050,2044,2019,2078,2066,2061,2040
2042,2041,2042,2022,2062,2066,2057,2045
2042,2038,2048,2033,2043,2061,2046,2052
2041,2045,2040,2037,2027,2063,2046,2064
2042,2048,2038,2040,2010,2060,2060,2071
2037,2046,2034,2037,2005,2068,2056,2065
2042,2039,2019,2027,2004,2064,2064,2073
2034,2028,2003,2019,1987,2048,2053,2072
2027,2023,1994,2026,1999,2045,2046,2075
2043,2030,1995,2037,2010,2053,2039,2080
2052,2038,1990,2048,2023,2041,2026,2069
2048,2038,1993,2051,2034,2006,2010,2066
2040,2033,2002,2056,2080,2009,2029,2050
2043,2035,2005,2069,2109,2045,2046,2051
2035,2030,2007,2073,2102,2062,2044,2041
2039,2033,2018,2070,2078,2069,2049,2028
2037,2032,2015,2052,2049,2075,2044,2018
2040,2030,2016,2030,2028,2077,2042,2008
2033,2030,2023,2029,2010,2082,2034,2014
2038,2036,2036,2028,2003,2075,2035,2015
2033,2052,2055,2035,1990,2062,2042,2007
2039,2054,2068,2029,1983,2039,2042,2015
2039,2048,2066,2036,1989,2035,2054,2014
2033,2042,2068,2042,2042,2043,2056,2009
2035,2036,2078,2036,2050,2053,2058,2021
2048,2054,2099,2055,2051,2058,2054,2031
2049,2071,2125,2065,2039,2052,2057,2039
2060,2079,2120,2061,2031,2050,2052,2032
2063,2074,2096,2052,2040,2057,2048,2038
2049,2068,2086,2049,2051,2061,2037,2038
2051,2058,2080,2044,2027,2052,2048,2038
2045,2060,2072,2050,2068,2058,2049,2044
2060,2069,2078,2068,2123,2076,2077,2054
2062,2080,2074,2073,2102,2071,2073,2059
2063,2072,2057,2067,2069,2063,2043,2068
2058,2054,2041,2057,2054,2060,2074,2078
2050,2047,2021,2046,2074,2064,2049,2069
2044,2037,2014,2035,2129,2069,2037,2066
2040,2041,2040,2042,2159,2074,2050,2066
2042,2044,2071,2044,2153,2068,2049,2062
2045,2048,2087,2036,2145,2081,2052,2066
2044,2056,2087,2045,2139,2094,2020,2063
2046,2054,2072,2032,2112,2113,2021,2062
2041,2048,2053,2018,2084,2107,2044,2054
2030,2038,2050,2016,2053,2097,2035,2050
2036,2039,2057,2015,1986,2080,2037,2040
2040,2040,2056,2015,1915,2060,2036,2039
2050,2050,2058,2027,1972,2053,2044,2046
2053,2059,2065,2045,2018,2067,2050,2049
2054,2056,2059,2043,2034,2061,2050,2037
2058,2059,2056,2041,2040,2050,2049,2030
2046,2049,2054,2034,2040,2043,2037,2024
2041,2043,2051,2034,2042,2029,2049,2027
2049,2047,2062,2043,2043,2031,2059,2030
2048,2052,2053,2045,2045,2033,2046,2016
2045,2035,2044,2046,2058,2043,2042,2016
2038,2029,2049,2048,2058,2056,2048,2022
2049,2042,2053,2048,2050,2078,2047,2021
2037,2048,2053,2046,2043,2089,2043,2022
2041,2049,2047,2039,2038,2082,2040,2019
2045,2053,2054,2042,2029,2086,2044,2030
2053,2059,2049,2042,2037,2074,2045,2025
2055,2063,2056,2047,2047,2040,2038,2039
2063,2067,2056,2056,2070,2047,2049,2049
2060,2063,2056,2060,2075,2050,2053,2047
2054,2055,2042,2056,2065,2040,2033,2048
2045,2050,2038,2047,2053,2030,2021,2047
2049,2038,2034,2046,2052,2030,2017,2046
2042,2041,2041,2040,2067,2038,2034,2051
2042,2038,2039,2042,2063,2043,2025,2060
2041,2040,2035,2041,2055,2030,2038,2056
2033,2029,2028,2037,2050,2029,2024,2062
2036,2037,2035,2043,2046,2037,2025,2073
2040,2043,2030,2035,2042,2040,2030,2062
2041,2036,2020,2035,2038,2046,2020,2048
2034,2023,2019,2031,2034,2047,2010,2036
2034,2027,2021,2032,2029,2046,2015,2033
2028,2030,2020,2037,2027,2054,2016,2031
2026,2016,2004,2038,2046,2067,2041,2029
2031,2011,1979,2035,2057,2091,2042,2022
2042,2009,1968,2037,2067,2113,2057,2015
2037,1999,1946,2032,2068,2125,2053,2034
2040,1999,1950,2039,2069,2138,2061,2026
2041,2005,1956,2042,2073,2150,2059,2019
2043,2002,1952,2034,2065,2086,2033,2005
2040,1993,1944,2024,2038,2023,2031,1999
2030,1998,1949,2012,2028,2026,2014,1991
2017,1994,1952,2013,2030,2036,2021,1999
2022,2006,1967,2022,2021,2032,2032,2005
2040,2015,1981,2017,2001,2008,2019,1997
2034,2016,1995,2017,2002,1998,2021,2004
2041,2033,2030,2020,2014,2003,2036,2006
2040,2056,2062,2029,2020,2008,2030,2026
2052,2069,2105,2035,2022,2013,2028,2036
2064,2086,2134,2040,2030,2016,2036,2044
2076,2101,2142,2049,2029,2028,2020,2051
2076,2103,2140,2052,2039,2029,2026,2056
2073,2098,2134,2058,2043,2034,2039,2057
2074,2098,2134,2065,2047,2039,2045,2059
2071,2076,2108,2060,2044,2031,2038,2054
2055,2057,2096,2049,2028,2029,2052,2067
2062,2066,2101,2062,2012,2031,2031,2068
2060,2076,2098,2056,2001,2029,2021,2061
2051,2060,2069,2044,1989,2027,2035,2060
2037,2051,2056,2032,2006,2044,2043,2057
2050,2064,2078,2057,2044,2076,2031,2069
2059,2070,2085,2076,2084,2086,2032,2065
2066,2076,2087,2078,2099,2094,2049,2064
2070,2066,2083,2071,2097,2111,2051,2049
2058,2060,2080,2068,2086,2109,2057,2054
2061,2067,2079,2069,2070,2085,2058,2046
2057,2061,2071,2058,2046,2073,2047,2038
2058,2060,2063,2050,2038,2070,2033,2033
2050,2060,2061,2048,2040,2051,2054,2031
2051,2063,2061,2046,2034,2039,2022,2030
2055,2059,2056,2045,2038,2031,1999,2028
2053,2054,2056,2041,2039,2031,2021,2017
2046,2050,2054,2055,2039,2035,2040,2022
2049,2050,2066,2067,2056,2057,2042,2013
2045,2038,2056,2066,2060,2059,2034,2005
2043,2034,2047,2060,2060,2065,2033,2004
2050,2052,2054,2067,2076,2078,2048,2011
2052,2049,2051,2070,2077,2084,2049,2019
2049,2048,2046,2074,2068,2075,2051,2010
2047,2034,2043,2067,2056,2060,2066,2013
2042,2031,2040,2067,2061,2060,2067,2023
2044,2034,2045,2065,2062,2058,2048,2027
2050,2040,2047,2075,2057,2060,2035,2032
2048,2046,2054,2076,2052,2057,2042,2050
2052,2053,2059,2078,2042,2050,2039,2049
2047,2053,2057,2069,2037,2050,2017,2042
2039,2048,2064,2062,2041,2049,2041,2041
2033,2046,2066,2054,2052,2065,2043,2049
2034,2041,2058,2064,2079,2073,2064,2057
2047,2040,2055,2057,2069,2058,2052,2064
2042,2028,2034,2040,2062,2051,2036,2071
2047,2025,2031,2027,2063,2064,2043,2075
2054,2038,2040,2040,2060,2076,2062,2071
2056,2041,2044,2039,2068,2072,2051,2064
2053,2054,2061,2044,2066,2061,2052,2047
2051,2050,2057,2033,2047,2048,2052,2036
2045,2034,2041,2018,2029,2029,2058,2042
2047,2033,2037,2018,2026,2034,2045,2036
2044,2035,2041,2020,2035,2042,2054,2033
2043,2047,2054,2024,2054,2050,2053,2036
2043,2050,2051,2027,2049,2058,2070,2029
2055,2051,2049,2038,2049,2054,2064,2024
2056,2044,2046,2042,2039,2053,2066,2023
2050,2044,2047,2048,2032,2060,2058,2020
2047,2044,2044,2048,2050,2064,2052,2028
2049,2040,2047,2056,2065,2057,2041,2012
2048,2033,2031,2053,2067,2042,2045,2012
2038,2033,2035,2057,2058,2020,2047,2017
2050,2046,2049,2062,2062,2006,2053,2026
2055,2058,2047,2051,2055,2014,2029,2016
2051,2048,2042,2039,2053,2053,2036,2023
2053,2051,2047,2044,2063,2076,2036,2025
2050,2052,2049,2044,2084,2076,2035,2025
2050,2046,2050,2049,2091,2069,2048,2028
2040,2042,2042,2049,2076,2057,2059,2030
2040,2039,2035,2043,2075,2056,2046,2040
2046,2043,2035,2039,2076,2056,2055,2047
2047,2049,2044,2032,2081,2056,2034,2049
2049,2047,2041,2030,2075,2060,2068,2065
2049,2050,2041,2038,2071,2062,2044,2072
2057,2049,2037,2033,2066,2057,2043,2070
2046,2044,2025,2038,2056,2057,2036,2064
2040,2028,2020,2044,2018,2044,2028,2069
2036,2027,2034,2060,2016,2034,2048,2076
2047,2040,2042,2079,2050,2053,2054,2081
2050,2042,2045,2084,2054,2061,2057,2072
2057,2037,2051,2086,2040,2061,2056,2065
2056,2038,2042,2081,2032,2064,2056,2063
2055,2034,2032,2077,2028,2074,2062,2052
2058,2035,2027,2070,2019,2066,2070,2047
2048,2034,2034,2058,1998,2056,2069,2037
2049,2042,2045,2066,2023,2073,2066,2036
2058,2044,2056,2083,2033,2081,2067,2030
2051,2044,2066,2097,2052,2083,2076,2025
2049,2040,2056,2099,2104,2077,2062,2014
2028,2031,2038,2090,2130,2071,2047,2010
2034,2032,2031,2083,2128,2054,2060,2006
2044,2043,2052,2088,2111,2031,2050,2016
2043,2038,2047,2069,2090,2018,2043,2009
2042,2031,2025,2040,2074,2010,2031,2002
2032,2020,2006,2010,2044,2004,2023,1997
2028,2024,2017,1996,2007,2009,2038,2001
2038,2046,2055,1993,2020,2030,2049,2018
2046,2060,2068,1992,2008,2034,2047,2017
2044,2064,2051,1987,1984,2033,2051,2020
2046,2066,2046,1982,1995,2044,2049,2032
2051,2069,2057,1999,2013,2042,2049,2045
2058,2067,2065,2018,2023,2045,2048,2050
2061,2057,2060,2015,2013,2046,2052,2051
2052,2050,2058,2012,2006,2038,2062,2056
2050,2037,2052,2018,2008,2036,2052,2056
2036,2030,2042,2018,2046,2041,2038,2061
2033,2034,2048,2028,2102,2055,2049,2074
2035,2045,2062,2046,2119,2071,2032,2074
2029,2032,2050,2041,2108,2074,2046,2069
2034,2039,2050,2035,2099,2081,2051,2075
2039,2036,2043,2028,2087,2080,2040,2071
2042,2029,2028,2035,2075,2055,2038,2070
2048,2030,2031,2057,2075,2043,2045,2072
2055,2034,2045,2072,2039,2042,2050,2065
2058,2038,2041,2058,1946,2029,2042,2062
2050,2039,2029,2040,1913,2052,2034,2056
2053,2039,2018,2040,1918,2054,2055,2053
2055,2037,2006,2060,1962,2049,2048,2041
2055,2036,2004,2052,2000,2038,2044,2044
2053,2042,2000,2049,2032,2037,2051,2040
2056,2045,1996,2047,2051,2036,2045,2024
2044,2042,2005,2058,2061,2036,2025,2022
2038,2037,2024,2063,2073,2028,2032,2018
2043,2050,2045,2067,2085,2020,2031,2013
2040,2044,2048,2044,2096,2014,2021,2017
2040,2053,2046,2005,2090,2014,2038,2024
2052,2060,2053,1976,2080,2028,2035,2025
2049,2057,2041,1969,2004,2049,2047,2027
2052,2050,2051,1994,1993,2062,2037,2023
2042,2043,2049,2033,2035,2072,2056,2021
2036,2045,2051,2056,2042,2077,2060,2034
2050,2064,2042,2087,2064,2073,2067,2048
2063,2073,2047,2104,2061,2062,2055,2059
2066,2055,2013,2089,2038,2044,2047,2053
2058,2043,1998,2071,2046,2042,2024,2054
2053,2040,1999,2059,2048,2046,2030,2063
2050,2042,2018,2063,2070,2056,2045,2074
2056,2054,2032,2066,2085,2077,2053,2081
2055,2051,2029,2061,2104,2083,2034,2087
2056,2040,2012,2049,2108,2076,2050,2080
2049,2017,1993,2033,2082,2055,2018,2066
2028,2011,2004,2028,2085,2060,2026,2062
2036,2034,2047,2044,2089,2071,2043,2062
2041,2037,2060,2037,2068,2065,2028,2063
2049,2054,2079,2022,2009,2044,2040,2057
2046,2049,2081,1995,1971,2029,2039,2058
2040,2036,2081,1986,1964,2039,2012,2049
2046,2049,2116,2018,1970,2052,2040,2046
2045,2075,2136,2029,1973,2068,2020,2034
2044,2069,2114,2028,2017,2093,2036,2029
2032,2048,2081,2030,2088,2105,2042,2029
2028,2032,2059,2043,2111,2089,2048,2028
2032,2044,2085,2057,2093,2067,2039,2031
2056,2062,2110,2074,2120,2053,2045,2034
2060,2067,2117,2083,2145,2061,2052,2030
2059,2057,2107,2069,2103,2054,2060,2021
2051,2034,2094,2048,2056,2030,2047,2023
2046,2036,2087,2034,2027,2008,2043,2028
2060,2058,2095,2034,2032,2018,2064,2030
2055,2060,2083,2062,2079,2063,2067,2033
2066,2067,2078,2079,2113,2075,2062,2040
2072,2066,2081,2088,2122,2073,2060,2037
2062,2056,2065,2068,2097,2050,2037,2039
2059,2051,2054,2040,2030,2022,2043,2048
2053,2054,2043,2009,1889,2002,2034,2049
2053,2036,2030,2008,1884,2014,2013,2045
2044,2022,2021,2006,1913,2063,2036,2045
2031,2023,2024,2006,1915,2079,2029,2056
2043,2038,2027,2002,1933,2089,2038,2064
2052,2049,2020,1991,1944,2093,2040,2072
2055,2052,2026,1990,1968,2067,2028,2081
2060,2050,2027,2006,2011,1971,2039,2096
2049,2035,2012,1986,2023,1944,2034,2086
2046,2032,2013,1989,2088,1989,2060,2087
2054,2051,2049,2040,2214,2052,2062,2077
2046,2064,2072,2059,2207,2059,2046,2077
2043,2061,2078,2050,2167,2057,2057,2075
2048,2057,2058,2052,2186,2056,2042,2069
2047,2053,2040,2042,2161,2059,2060,2066
2049,2057,2041,2054,2083,2062,2060,2058
2052,2053,2042,2039,1966,2064,2045,2056
2053,2053,2043,2035,1960,2055,2047,2040
2050,2057,2044,2039,2010,2048,2045,2040
2052,2062,2046,2038,2013,2036,2039,2040
2054,2055,2051,2038,2025,2015,2030,2039
2048,2040,2042,2028,1983,1981,2027,2027
2042,2039,2047,2015,1888,1969,2017,2030
2042,2045,2046,2014,1939,1993,2013,2020
2036,2036,2044,2039,2058,2029,2039,2022
2043,2043,2066,2073,2148,2065,2053,2040
2054,2061,2071,2082,2193,2072,2057,2041
2059,2056,2068,2075,2201,2096,2059,2053
2071,2062,2072,2077,2189,2107,2068,2052
2076,2059,2057,2040,2028,2073,2038,2055
2062,2053,2049,2018,1961,2053,2041,2039
2041,2045,2047,2038,2053,2051,2030,2035
2035,2034,2045,2056,2098,2065,2047,2044
2039,2041,2050,2070,2109,2083,2053,2058
2054,2049,2057,2061,2075,2085,2050,2063
2055,2045,2047,2041,2018,2072,2050,2076
2058,2048,2044,1984,1849,2065,2031,2083
2045,2037,2029,1952,1818,2063,2045,2068
2038,2035,2035,1966,1890,2086,2034,2071
2044,2050,2052,2012,1995,2101,2035,2069
2049,2051,2061,2062,2044,2091,2038,2081
2058,2063,2073,2094,2164,2062,2049,2107
2077,2076,2089,2103,2214,1999,2044,2119
2080,2074,2082,2064,2161,1952,2037,2107
2070,2062,2066,2024,2044,1909,2007,2099
2068,2049,2041,2018,2062,1928,2010,2069
2062,2040,2033,2068,2224,1995,2034,2055
2051,2036,2044,2100,2291,2044,2061,2030
2031,2028,2039,2078,2231,2053,2055,2013
2025,2023,2031,2034,2105,2054,2053,2025
2032,2022,2028,2010,1892,2079,2049,2038
2035,2028,2038,2049,1994,2112,2054,2035
2050,2051,2059,2066,2001,2108,2062,2035
2056,2054,2057,2077,1998,2074,2023,2040
2074,2050,2050,2069,2014,2017,2019,2038
2073,2037,2034,2014,1863,1960,2023,2019
2059,2022,2010,1981,1787,1986,2036,2023
2037,2016,2014,2025,1971,2044,2042,2013
2029,2031,2023,2071,2047,2066,2049,2004
2038,2052,2053,2091,2112,2074,2062,2021
2065,2077,2078,2097,2129,2060,2065,2036
2063,2069,2067,2028,1960,2005,2038,2036
2056,2060,2054,1990,1925,2011,2045,2037
2050,2049,2040,2017,2059,2042,2044,2030
2046,2041,2047,2042,2114,2059,2046,2027
2048,2036,2038,2064,2138,2079,2057,2034
2049,2035,2038,2087,2193,2081,2047,2046
2041,2028,2044,2087,2208,2062,2049,2052
2030,2026,2038,2067,2112,2030,2052,2054
2026,2022,2035,2036,1982,2006,2034,2061
2022,2028,2036,2034,1951,2016,2049,2073
2043,2037,2045,2056,1986,2032,2034,2080
2043,2030,2032,2060,1988,2030,2033,2072
2030,2014,2021,2053,1990,2042,2035,2073
2036,2029,2039,2057,1992,2061,2045,2073
2056,2045,2045,2056,1992,2065,2045,2086
2067,2062,2049,2045,2005,2070,2047,2088
2075,2061,2051,2041,2010,2061,2052,2076
2071,2061,2046,2055,2056,2062,2033,2069
2062,2061,2049,2067,2064,2058,2024,2066
2065,2067,2056,2075,2056,2059,2042,2060
2065,2075,2062,2076,2015,2063,2057,2056
2076,2070,2058,2058,2019,2049,2042,2037
2077,2057,2048,2042,2007,2035,2040,2038
2068,2064,2062,2045,1982,2052,2050,2046
2070,2073,2075,2040,1987,2073,2067,2057
2067,2077,2080,2038,1997,2094,2087,2057
2070,2084,2088,2048,1966,2095,2086,2049
2061,2074,2081,2054,1902,2087,2080,2047
2064,2072,2084,2084,1976,2080,2069,2043
2080,2086,2091,2114,2108,2068,2068,2043
2078,2080,2075,2098,2152,2065,2037,2039
2067,2062,2051,2022,1970,2014,2021,2004
2044,2045,2032,1998,1892,1991,2007,1993
2038,2028,2029,2025,1730,1995,2013,1986
2021,2021,2029,2030,1711,1958,2008,1991
2011,2018,2029,2070,1866,1924,2027,2029
2033,2033,2045,2116,2135,1958,2041,2062
2048,2035,2041,2096,2257,2033,2054,2069
2064,2025,2031,2054,2234,2069,2086,2067
2052,2022,2025,2049,2233,2067,2078,2069
2047,2017,2036,2072,2264,2041,2073,2062
2047,2036,2044,2066,2241,2035,2063,2077
2043,2043,2049,2073,2266,2059,2063,2095
2058,2042,2044,2088,2283,2072,2066,2120
2074,2034,2041,2106,2293,2071,2067,2116
2072,2043,2041,2116,2272,2071,2058,2094
2059,2050,2047,2091,2212,2066,2039,2067
2043,2051,2043,2046,2087,2055,2039,2058
2040,2034,2035,1997,1947,2046,2034,2052
2036,2019,2022,1973,1831,2057,2049,2052
2035,2013,2019,1998,2032,2088,2048,2054
2044,2014,2025,2017,2154,2093,2061,2046
2038,2018,2027,2000,2077,2080,2049,2040
2030,2008,2012,1960,1908,2025,2028,2017
2018,2012,2014,1951,1804,2010,2010,2007
2029,2044,2043,1988,1880,2017,2022,2026
2061,2046,2049,2009,1953,1978,2036,2042
2082,2053,2042,2005,1959,1939,2035,2038
2095,2057,2050,2024,2030,1982,2046,2035
2110,2058,2057,2043,2087,2026,2041,2035
2113,2044,2058,2052,2140,2048,2043,2042
2107,2030,2050,2049,2065,2037,2040,2015
2068,2021,2043,2038,2005,2035,2030,2000
2039,2016,2057,2058,2081,2046,2033,2010
2034,2032,2064,2084,2140,2061,2059,2023
2039,2042,2076,2083,2093,2072,2068,2041
2042,2049,2083,2098,2103,2105,2075,2055
2034,2062,2101,2122,2181,2136,2074,2060
2048,2074,2100,2116,2160,2141,2081,2062
2047,2062,2080,2066,1982,2115,2062,2060
2045,2049,2064,2065,2001,2103,2059,2077
2054,2052,2066,2086,2056,2107,2061,2090
2065,2058,2066,2095,2038,2096,2058,2084
2061,2047,2057,2074,1893,2047,2045,2079
2045,2041,2042,2025,1834,1982,2034,2073
2034,2033,2030,2018,1986,1997,2034,2075
2029,2025,2025,2054,2275,2062,2062,2086
2033,2030,2026,2084,2331,2088,2075,2086
2042,2030,2024,2075,2259,2095,2094,2092
2061,2046,2039,2084,2190,2121,2097,2100
2076,2055,2047,2084,2144,2148,2095,2080
2064,2047,2039,2069,2053,2126,2084,2063
2058,2036,2019,2053,2026,2076,2066,2045
2061,2031,2014,2071,1989,2045,2061,2034
2068,2015,2003,2046,1790,1991,2024,2033
2071,2013,2010,2072,1865,1985,2026,2023
2042,2017,2039,2136,2192,2016,2031,2033
2037,2032,2047,2130,2261,2016,2028,2026
2036,2030,2035,2079,2070,1975,2012,2019
2046,2033,2033,2071,2112,2017,2010,2024
2069,2049,2050,2135,2308,2087,2023,2017
2060,2042,2045,2154,2329,2095,2009,2010
2038,2038,2037,2104,2157,2087,2045,2012
2046,2056,2040,2064,2131,2053,2037,2018
2059,2051,2036,2024,2073,2043,2042,2036
2070,2056,2047,1986,1881,2053,2040,2054
2074,2059,2055,1972,1769,2055,2050,2057
2086,2059,2061,2002,1892,2056,2059,2070
2083,2056,2058,2017,1982,2079,2073,2034
2056,2056,2054,1994,1936,2093,2056,2022
2038,2036,2028,1975,1892,2070,2033,2049
2032,2011,2010,1945,1930,2034,1998,2060
2032,2015,2015,1958,1936,2029,2033,2047
2021,2025,2031,1997,1956,2004,2036,2052
2029,2039,2039,2013,1969,1943,2030,2068
2037,2041,2043,2034,2096,1971,2048,2069
2030,2042,2044,2062,2221,2029,2036,2077
2031,2036,2042,2067,2259,2065,2062,2083
2028,2026,2038,2047,2167,2051,2042,2085
2048,2037,2042,2038,2110,2043,2052,2091
2066,2056,2047,2041,2074,2050,2047,2093
2071,2072,2053,2039,2017,2060,2054,2085
2081,2071,2058,2043,1921,2055,2037,2079
2073,2061,2061,2031,1739,2033,2050,2064
2057,2073,2067,2070,1831,2049,2047,2061
2055,2071,2072,2058,1813,2053,2048,2071
2061,2059,2064,2026,1728,2023,2045,2057
2044,2053,2049,2002,1721,2022,2036,2034
2039,2037,2034,1983,1807,2039,2025,2038
2042,2030,2029,2001,2065,2053,2030,2042
2057,2032,2029,2016,2212,2051,2032,2033
2052,2027,2024,2014,2246,2070,2029,2018
2045,2023,2030,2028,2138,2062,2031,2020
2044,2013,2019,2021,2076,2045,2025,2007
2040,2002,2027,2048,2222,2032,2011,2008
2036,1996,2037,2061,2267,1985,1997,2024
2041,2003,2041,2049,2141,1969,2001,2016
2034,2011,2036,2063,2107,2035,2042,2011
2011,2016,2041,2088,2203,2074,2039,2006
2013,2019,2043,2115,2257,2085,2036,2013
2032,2033,2059,2152,2344,2109,2080,2040
2048,2043,2060,2156,2302,2091,2076,2050
2038,2044,2055,2127,2227,2044,2040,2060
2049,2045,2054,2077,2030,1961,2036,2052
2056,2062,2060,1998,1749,1892,2026,2052
2061,2068,2060,1994,1712,1900,2022,2066
2048,2053,2051,2006,1781,1912,2015,2064
2040,2039,2041,2001,1842,1921,2005,2070
2049,2056,2059,2048,2000,1958,2024,2080
2049,2055,2068,2070,2045,1972,2007,2081
2047,2049,2065,2059,2056,1972,2002,2080
2050,2054,2064,2069,2116,1996,2024,2081
2056,2058,2064,2080,2185,2024,2037,2086
2060,2060,2069,2113,2211,2067,2045,2083
2060,2062,2067,2141,2207,2083,2068,2085
2060,2059,2069,2130,2109,2071,2061,2077
2067,2051,2064,2107,2088,2074,2058,2070
2063,2041,2065,2112,2110,2104,2059,2053
2058,2036,2056,2098,2159,2150,2060,2046
2049,2035,2045,2083,2169,2118,2028,2021
2026,2027,2033,2039,2074,2083,2042,2007
2020,2028,2041,2051,1963,2078,2056,2018
2029,2033,2050,2071,1867,2079,2067,2017
2024,2034,2043,2023,1797,2054,2024,2001
2027,2032,2040,2014,1902,2063,2006,1998
2034,2040,2044,2045,2082,2121,2046,2007
2033,2036,2056,2096,2216,2182,2062,2008
2029,2036,2056,2104,2289,2190,2067,2007
2031,2033,2044,2073,2214,2093,2051,1999
2034,2037,2037,2052,2118,2057,2045,2021
2058,2050,2051,2029,2044,2058,2032,2033
2075,2058,2053,2018,1947,2022,2061,2036
2079,2057,2067,2071,2043,2066,2079,2055
2077,2067,2076,2110,2152,2123,2063,2051
2069,2063,2067,2081,2120,2133,2069,2050
2048,2054,2057,2051,1993,2113,2055,2040
2046,2046,2053,2025,1781,2054,2054,2048
2036,2041,2031,1989,1837,1996,2017,2044
2031,2029,2019,2005,2031,1985,1995,2046
2021,2019,2020,2064,2226,2077,2028,2045
2025,2030,2036,2088,2164,2149,2051,2050
2039,2049,2045,2051,1947,2109,1999,2037
2034,2034,2033,2010,1841,1998,1975,2036
2025,2030,2040,2005,1841,1917,1998,2060
2043,2055,2050,2038,1991,1928,2024,2078
2060,2064,2061,2083,2138,1997,2054,2074
2060,2060,2051,2090,2161,2040,2074,2059
2059,2054,2049,2092,2144,2059,2078,2062
2056,2054,2052,2083,2110,2052,2064,2059
2050,2057,2052,2078,2080,2030,2053,2051
2046,2050,2051,2072,2070,2025,2016,2041
2042,2048,2042,2072,2062,2017,2002,2019
2033,2043,2037,2067,2051,2021,2002,2010
2028,2042,2041,2057,2032,1989,1994,2007
2027,2035,2041,2046,2015,1952,1985,2004
2037,2045,2046,2051,2017,1954,2001,2003
2034,2047,2041,2052,2023,1997,2025,2003
2029,2045,2046,2056,2045,2035,2052,1998
2031,2038,2038,2065,2052,2055,2065,1999
2036,2037,2045,2066,2052,2062,2076,1998
2036,2050,2053,2072,2059,2068,2077,2001
2035,2048,2049,2074,2053,2072,2065,1994
2034,2043,2056,2067,2051,2077,2070,2000
2034,2046,2055,2077,2051,2056,2064,2009
2034,2041,2063,2079,2063,2049,2055,2022
2032,2054,2067,2081,2062,2039,2045,2021
2036,2048,2062,2073,2053,2053,2070,2031
2044,2047,2060,2067,2046,2057,2055,2035
2044,2043,2056,2061,2028,2055,2064,2039
2036,2044,2055,2063,2033,2050,2068,2045
2031,2042,2053,2062,2022,2048,2048,2043
2028,2038,2056,2064,2007,2044,2070,2059
2028,2037,2049,2062,2016,2041,2064,2077
2040,2046,2052,2064,2035,2052,2058,2076
2037,2033,2040,2055,2050,2045,2048,2070
2032,2023,2029,2048,2040,2038,2072,2072
2037,2032,2027,2065,2089,2052,2068,2080
2047,2043,2037,2080,2172,2060,2074,2077
2049,2050,2045,2079,2154,2058,2074,2068
2060,2064,2046,2063,2156,2031,2052,2066
2056,2061,2032,2061,2205,2023,2051,2045
2042,2049,2026,2072,2228,2040,2038,2032
2042,2041,2016,2093,2293,2034,2039,2030
2042,2036,2011,2091,2278,2020,2036,2030
2042,2039,2011,2095,2247,2042,2031,2028
2046,2040,2018,2112,2265,2060,2062,2030
2043,2045,2026,2098,2091,2052,2060,2022
2044,2046,2034,2046,1805,2020,2064,2015
2048,2038,2025,2045,1828,2025,2061,2003
2046,2036,2028,2040,1859,2027,2042,2000
2040,2020,2020,1990,1788,2008,2030,1984
2027,2011,2014,1971,1800,2012,2032,1996
2032,2019,2023,2012,1954,2053,2039,2011
2045,2039,2053,2044,2012,2046,2044,2008
2046,2044,2067,2058,1968,1997,2034,2014
2045,2039,2060,2053,1920,1993,2040,2020
2043,2044,2066,2056,1901,2038,2054,2025
2054,2049,2073,2041,1901,2073,2065,2028
2048,2047,2063,2034,1899,2084,2027,2019
2040,2032,2051,2042,1961,2092,2065,2019
2041,2040,2057,2080,2013,2098,2072,2033
2053,2056,2080,2092,2052,2067,2040,2050
2053,2062,2080,2081,2135,2061,2031,2049
2043,2061,2085,2088,2156,2064,2034,2059
2035,2061,2075,2080,2103,2078,2041,2050
2033,2052,2072,2088,2123,2104,2071,2049
2032,2039,2068,2100,2158,2116,2066,2052
2029,2034,2058,2068,2076,2093,2044,2051
2033,2031,2052,2044,2073,2065,2041,2058
2031,2038,2060,2047,2078,2056,2042,2057
2030,2048,2061,2061,2121,2086,2039,2056
2034,2061,2074,2081,2114,2096,2035,2052
2034,2069,2074,2083,2091,2091,2050,2047
2036,2060,2067,2074,2079,2079,2042,2037
2033,2051,2049,2063,2098,2074,2033,2031
2036,2048,2055,2082,2158,2085,2046,2026
2037,2050,2066,2100,2162,2078,2053,2013
2037,2053,2068,2086,2096,2039,2032,2013
2031,2046,2059,2072,2064,2002,2037,2008
2033,2035,2048,2072,2062,2004,2032,2009
2028,2040,2051,2069,2069,2012,2036,2001
2040,2037,2053,2074,2088,2032,2050,2007
2042,2040,2064,2078,2099,2055,2049,2017
2042,2042,2060,2080,2100,2061,2045,2018
2034,2039,2060,2077,2089,2057,2047,2011
2030,2039,2071,2078,2080,2058,2037,2018
2037,2048,2067,2080,2072,2064,2064,2021
2041,2047,2061,2077,2076,2073,2068,2014
2028,2036,2056,2070,2068,2081,2074,2014
2027,2034,2043,2077,2075,2090,2060,2019
2028,2030,2022,2072,2080,2102,2066,2018
2024,2023,2022,2072,2076,2094,2069,2018
2017,2019,2015,2061,2067,2080,2041,2024
2012,2024,2016,2066,2074,2064,2049,2025
2021,2031,2019,2083,2108,2058,2042,2025
2027,2029,2016,2083,2117,2039,2048,2035
2016,2020,2000,2061,2053,1997,2049,2054
2026,2014,1999,2044,2001,1983,2045,2066
2024,2027,2007,2050,1991,1989,2035,2065
2031,2027,2015,2047,1997,1996,2019,2052
2020,2023,2015,2050,2022,2010,2035,2045
2026,2037,2033,2083,2069,2038,2058,2047
2040,2041,2043,2100,2117,2037,2060,2050
2043,2035,2045,2104,2123,2003,2055,2041
2035,2033,2043,2102,2110,1988,2044,2038
2038,2036,2053,2097,2088,1981,2018,2035
2038,2044,2053,2092,2086,1998,2015,2037
2042,2045,2056,2089,2086,2035,2044,2037
2048,2056,2060,2081,2096,2065,2038,2032
2052,2045,2053,2072,2097,2101,2059,2019
2040,2049,2059,2073,2097,2098,2054,2013
2046,2052,2056,2070,2092,2087,2049,2016
2052,2059,2061,2069,2087,2081,2051,2018
2046,2063,2066,2059,2085,2068,2056,2015
2055,2058,2063,2041,2087,2062,2044,2009
2040,2052,2060,2046,2080,2060,2041,1993
2035,2051,2086,2061,2086,2066,2016,1992
2038,2064,2105,2078,2101,2072,2062,2018
2056,2093,2117,2084,2115,2080,2057,2026
2060,2092,2099,2073,2111,2093,2047,2021
2059,2088,2085,2064,2100,2096,2049,2023
2057,2071,2078,2066,2108,2094,2057,2031
2051,2062,2078,2074,2101,2077,2052,2026
2044,2055,2076,2073,2090,2080,2041,2028
2036,2060,2085,2082,2086,2084,2025,2035
2048,2073,2104,2089,2076,2092,2047,2040
2046,2078,2114,2083,2069,2080,2037,2051
2051,2079,2111,2075,2054,2040,2043,2065
2048,2070,2106,2071,2056,2020,2046,2065
2047,2069,2112,2074,2049,2025,2042,2066
2044,2066,2108,2072,2064,2034,2040,2062
2039,2056,2082,2051,2077,2037,2041,2059
2030,2036,2064,2044,2100,2054,2050,2056
2031,2039,2060,2064,2144,2092,2069,2068
2044,2053,2051,2067,2119,2082,2074,2062
2036,2043,2035,2055,2084,2071,2042,2056
2036,2040,2031,2055,2069,2060,2054,2050
2043,2047,2033,2052,2043,2055,2051,2050
2041,2042,2028,2054,2029,2048,2055,2040
2038,2039,2027,2050,2034,2052,2058,2042
2041,2036,2020,2045,2038,2077,2034,2033
2041,2035,2020,2041,2064,2112,2040,2028
2043,2047,2033,2055,2095,2150,2049,2031
2040,2048,2039,2054,2095,2156,2061,2033
2043,2051,2041,2053,2093,2135,2046,2026
2041,2051,2044,2054,2092,2065,2065,2027
2052,2048,2042,2049,2094,2005,2063,2034
2055,2041,2047,2046,2079,1913,2036,2013
2026,2032,2053,2045,2074,1919,2032,2005
2028,2041,2078,2061,2092,1985,2045,2011
2040,2053,2085,2064,2088,2014,2029,2010
2035,2049,2074,2056,2078,2020,2025,2016
2041,2049,2069,2061,2082,2031,2032,2023
2045,2051,2063,2068,2093,2044,2047,2027
2049,2053,2066,2068,2098,2072,2081,2036
2051,2049,2057,2069,2101,2092,2084,2038
2043,2041,2048,2056,2090,2115,2074,2041
2047,2037,2049,2054,2082,2118,2081,2044
2041,2033,2045,2050,2078,2118,2078,2042
2045,2036,2043,2047,2074,2111,2078,2054
2038,2032,2046,2053,2088,2074,2088,2074
2043,2041,2066,2070,2107,2021,2083,2086
2049,2048,2076,2077,2109,2009,2084,2090
2048,2053,2072,2074,2093,2009,2068,2076
2041,2053,2079,2072,2086,2016,2066,2076
2045,2061,2076,2071,2087,2029,2074,2075
2046,2046,2059,2064,2085,2042,2077,2077
2043,2046,2045,2058,2090,2059,2077,2076
2051,2037,2038,2052,2084,2064,2093,2067
2043,2036,2019,2042,2067,2053,2074,2056
2047,2025,2023,2036,2062,2038,2057,2047
2053,2035,2020,2046,2069,2053,2049,2037
2054,2045,2034,2056,2077,2068,2059,2033
2058,2056,2036,2060,2094,2100,2071,2034
2048,2059,2035,2059,2096,2094,2068,2021
2033,2041,2028,2047,2098,2083,2054,2010
2016,2026,2022,2052,2139,2090,2054,2012
2022,2026,2024,2049,2155,2107,2050,2005
2029,2030,2026,2052,2158,2083,2044,1993
2037,2021,2011,2043,2141,2040,2029,1990
2019,2017,2025,2047,2114,2008,2005,1995
2037,2045,2044,2064,2103,2017,2037,2001
2042,2054,2052,2063,1997,2011,2039,1995
2043,2053,2058,2067,1982,2026,2054,2010
2043,2061,2058,2061,2021,2062,2039,2012
2047,2063,2063,2056,2029,2067,2058,2022
2055,2066,2073,2064,2030,2032,2031,2041
2065,2074,2079,2073,2043,2017,2048,2050
2065,2073,2080,2057,2059,2053,2065,2057
2067,2071,2074,2059,2082,2089,2064,2062
2070,2068,2082,2060,2079,2088,2084,2077
2057,2056,2074,2067,2083,2074,2068,2070
2059,2054,2071,2068,2082,2050,2029,2070
2055,2057,2068,2060,2041,2029,2052,2077
2052,2053,2070,2048,2021,1997,2026,2073
2045,2042,2059,2047,2024,1972,2024,2070
2040,2039,2054,2045,2040,1991,2009,2070
2043,2052,2061,2057,2054,2026,2025,2064
2039,2051,2057,2053,2057,2017,2022,2046
2038,2050,2062,2062,2050,2034,2020,2041
2036,2056,2059,2053,2081,2057,2025,2032
2033,2043,2050,2053,2111,2045,2014,2034
2030,2047,2052,2064,2110,2020,2032,2037
2039,2058,2061,2058,2074,2018,2032,2039
2048,2056,2057,2047,2034,2008,2006,2036
2051,2058,2061,2051,2036,2017,2014,2028
2053,2058,2054,2043,2040,2017,2021,2018
2053,2054,2046,2036,2044,2039,2032,2017
2048,2051,2046,2043,2056,2089,2045,2005
2042,2050,2045,2025,2011,2128,2029,1988
2038,2046,2043,2016,1962,2112,1998,1986
2039,2034,2031,2000,1970,2101,2004,1987
2036,2034,2029,2001,1963,2076,2020,2015
2048,2053,2049,2045,2011,2009,2028,2033
2056,2068,2068,2089,2142,2012,2043,2035
2062,2067,2070,2112,2190,2073,2046,2032
2050,2057,2064,2100,2192,2119,2056,2034
2048,2050,2048,2076,2184,2119,2045,2031
2045,2051,2052,2084,2158,2082,2038,2042
2054,2048,2055,2089,2153,2028,2045,2048
2048,2036,2048,2044,1968,1957,2039,2048
2043,2035,2044,2026,1849,1954,2050,2060
2046,2042,2043,2023,1870,1950,2041,2055
2038,2030,2034,2012,1942,1962,2042,2044
2032,2031,2039,2038,2080,2023,2026,2059
2046,2045,2056,2063,2156,2085,2063,2073
2053,2059,2063,2081,2221,2118,2076,2085
2049,2045,2062,2078,2211,2119,2070,2093
2051,2041,2060,2071,2196,2152,2066,2098
2056,2050,2061,2069,2186,2185,2076,2089
2049,2045,2049,2061,2180,2239,2087,2068
2040,2042,2040,2051,2152,2263,2081,2058
2045,2045,2049,2048,2126,2232,2081,2067
2050,2054,2050,2052,2117,2150,2069,2067
2047,2049,2047,2037,2056,1977,2048,2060
2048,2047,2042,2040,2056,1912,2029,2060
2054,2047,2044,2056,2089,1923,2045,2052
2053,2048,2047,2058,2066,1938,2055,2047
2057,2049,2053,2053,2034,1946,2044,2036
2052,2048,2048,2046,2047,1972,2021,2034
2049,2043,2042,2051,2080,2002,2031,2031
2049,2039,2051,2056,2092,2022,2052,2034
2062,2052,2056,2058,2089,2025,2020,2032
2053,2046,2045,2047,2072,2001,2020,2021
2043,2036,2036,2040,2056,1993,2018,2015
2047,2047,2046,2044,2050,2007,2020,2016
2052,2050,2054,2049,2061,2034,2012,2023
2058,2056,2049,2037,2059,2045,2017,2030
2060,2056,2056,2039,2054,2072,2037,2033
2061,2054,2054,2044,2060,2102,2046,2025
2057,2059,2056,2051,2064,2114,2053,2033
2053,2058,2059,2045,2053,2072,2053,2031
2059,2060,2052,2045,2064,2055,2071,2037
2054,2049,2045,2050,2083,2087,2084,2048
2047,2047,2047,2044,2090,2095,2074,2046
2037,2039,2045,2043,2084,2084,2080,2052
2035,2036,2043,2035,2079,2082,2065,2056
2033,2033,2038,2039,2067,2086,2072,2069
2034,2034,2037,2034,2064,2086,2052,2079
2029,2026,2030,2026,2066,2071,2060,2082
2028,2023,2026,2030,2069,2070,2054,2094
2032,2029,2030,2030,2067,2074,2066,2096
2044,2030,2033,2029,2072,2094,2077,2089
2049,2037,2039,2031,2062,2094,2088,2083
2052,2030,2027,2022,2042,2060,2080,2063
2041,2030,2025,2030,2032,2046,2066,2057
2045,2035,2035,2030,2039,2062,2071,2054
2056,2042,2045,2035,2044,2070,2059,2047
2047,2040,2046,2031,2035,2074,2053,2041
2038,2042,2046,2029,2024,2057,2030,2050
2031,2055,2048,2028,2042,2058,2037,2050
2048,2062,2042,2031,2058,2064,2032,2050
2042,2055,2035,2023,2048,2065,2037,2040
2042,2040,2034,2033,2068,2078,2059,2041
2055,2052,2047,2047,2107,2067,2053,2031
2047,2048,2047,2039,2108,2052,2046,2031
2054,2049,2044,2045,2117,2073,2064,2043
2074,2059,2046,2040,2073,2076,2044,2043
2062,2046,2026,2003,1924,2098,2026,2030
2044,2040,2034,2021,1980,2195,2050,2027
2046,2048,2045,2048,2069,2211,2078,2015
2038,2045,2048,2060,2066,2108,2059,2017
2036,2045,2047,2056,2043,1984,2049,2030
2043,2044,2042,2052,2021,1971,2053,2048
2045,2044,2038,2026,1921,2001,2062,2052
2030,2046,2049,2034,1936,2025,2066,2062
2034,2053,2048,2033,1975,2029,2061,2070
2029,2046,2039,2025,1999,2029,2052,2072
2038,2033,2031,2044,2112,2053,2072,2080
2039,2033,2041,2079,2205,2067,2081,2085
2041,2040,2047,2067,2146,2046,2031,2082
2037,2029,2034,2043,2059,2031,2045,2084
2032,2027,2031,2038,2043,2046,2053,2079
2035,2039,2042,2049,2091,2069,2054,2071
2035,2044,2038,2059,2129,2082,2065,2071
2037,2050,2042,2052,2123,2079,2050,2065
2041,2042,2046,2026,2000,2084,2059,2062
2037,2045,2043,2005,1973,2078,2069,2059
2043,2043,2035,2005,2000,2034,2054,2048
2042,2034,2035,2014,1987,2008,2038,2043
2047,2036,2046,2026,2003,2018,2024,2037
2048,2040,2045,2028,2007,2015,2018,2046
2054,2045,2046,2032,2017,2019,2047,2037
2056,2045,2044,2032,2030,2027,2064,2040
2059,2057,2043,2034,2037,2043,2039,2042
2063,2061,2051,2036,2041,2053,2056,2040
2058,2059,2048,2035,2050,2048,2058,2043
2056,2052,2042,2031,2033,2027,2038,2035
2042,2050,2047,2034,2031,2026,2025,2037
2059,2068,2053,2042,2036,2045,2054,2047
2066,2067,2055,2036,2035,2057,2052,2052
2068,2069,2055,2042,2037,2057,2057,2053
2072,2069,2055,2041,2040,2065,2045,2044
2064,2065,2049,2044,2033,2077,2058,2050
2058,2060,2047,2048,2044,2085,2058,2050
2057,2057,2045,2052,2057,2084,2057,2057
2059,2056,2046,2052,2049,2081,2059,2065
2051,2052,2047,2051,2045,2057,2034,2062
2048,2049,2044,2050,2035,2040,2032,2064
2047,2044,2041,2046,2034,2037,2046,2071
2043,2037,2038,2043,2033,2028,2038,2070
2035,2032,2032,2048,2045,2051,2061,2082
2043,2035,2042,2056,2052,2065,2062,2084
2044,2032,2029,2049,2060,2072,2044,2086
2038,2025,2018,2033,2034,2088,2030,2078
2043,2035,2027,2033,2025,2090,2051,2076
2044,2033,2016,2028,2010,2072,2041,2072
2044,2034,2016,2028,2000,2056,2037,2067
2040,2031,2012,2026,2008,2040,2030,2071
2048,2038,2015,2044,2038,2023,2038,2070
2052,2036,2016,2046,2064,2035,2038,2063
2055,2043,2015,2046,2072,2057,2058,2058
2055,2049,2017,2041,2077,2069,2051,2041
2051,2044,2020,2039,2063,2074,2029,2037
2052,2050,2024,2034,2053,2073,2042,2044
2053,2046,2030,2029,2038,2073,2036,2034
2043,2045,2033,2028,2039,2075,2067,2032
2046,2043,2034,2029,2032,2073,2064,2033
2044,2047,2026,2024,2036,2071,2057,2028
2049,2037,2021,2015,2030,2055,2030,2020
2042,2031,2030,2016,2028,2036,2034,2024
2046,2038,2036,2024,2030,2036,2041,2031
2049,2042,2034,2019,2033,2010,2047,2029
2050,2053,2047,2020,2035,1997,2044,2041
2060,2064,2059,2028,2040,2015,2053,2040
2064,2073,2074,2042,2048,2040,2062,2053
2068,2074,2072,2042,2049,2042,2034,2058
2068,2073,2057,2038,2044,2050,2064,2059
2065,2060,2051,2037,2045,2067,2050,2068
2063,2051,2051,2036,2062,2075,2048,2071
2066,2055,2055,2037,2051,2074,2054,2065
2061,2060,2061,2025,2028,2079,2041,2068
2058,2061,2062,2018,2004,2080,2039,2076
2049,2059,2063,2015,1994,2077,2026,2072
2051,2053,2066,2009,1977,2064,2040,2079
2050,2055,2067,2011,1996,2033,2024,2083
2043,2055,2071,2032,2069,2005,2022,2093
2053,2059,2074,2042,2092,2020,2051,2093
2063,2064,2069,2035,2070,2036,2054,2090
2062,2057,2052,2033,2036,2043,2043,2080
2056,2057,2051,2018,2016,2033,2052,2074
2056,2057,2055,2016,1995,1975,2046,2078
2063,2059,2059,2023,1992,1927,2035,2073
2065,2063,2063,2028,1885,1929,2025,2064
2059,2062,2065,2029,1872,1983,2036,2055
2061,2062,2060,2040,1982,2032,2058,2046
2056,2054,2052,2041,2006,2065,2060,2042
2052,2050,2040,2038,2029,2077,2054,2039
2041,2041,2028,2039,2044,2078,2050,2033
2049,2036,2017,2033,2031,2073,2054,2040
2050,2040,2028,2040,2039,2054,2056,2036
2051,2042,2040,2037,2022,2012,2046,2043
2057,2032,2036,2043,2065,2010,2036,2039
2051,2028,2036,2062,2058,2010,2068,2038
2060,2032,2039,2068,2032,2008,2071,2049
2060,2038,2033,2067,1996,1999,2067,2052
2067,2033,2027,2070,1974,1995,2069,2046
2068,2042,2048,2096,1999,1996,2049,2041
2079,2048,2057,2096,2007,1979,2061,2038
2070,2035,2035,2097,2028,1994,2024,2039
2062,2028,2024,2117,2089,2056,2023,2033
2062,2025,2011,2131,2153,2118,2046,2037
2055,2018,2004,2136,2183,2154,2073,2039
2041,2021,1995,2135,2170,2157,2052,2034
2036,2021,1983,2106,2144,2135,2057,2045
2035,2019,1970,2084,2111,2123,2062,2072
2046,2021,1959,2074,2097,2109,2077,2072
2043,2018,1955,2057,2073,2082,2076,2080
2048,2020,1951,2026,2025,2044,2047,2075
2034,2007,1940,1997,2015,2033,2036,2082
2038,2001,1936,1976,2010,2034,2034,2080
2040,2008,1938,1958,2000,2017,2033,2071
2036,2005,1958,1950,2009,2010,2026,2060
2031,2001,1980,1948,2021,2025,2028,2052
2030,2005,2006,1955,1985,2043,2034,2051
2038,2020,2041,1943,1928,2065,2025,2061
2055,2044,2071,1936,1944,2072,2044,2068
2065,2068,2086,1952,1983,2057,2055,2062
2063,2072,2105,1977,1996,2042,2071,2060
2062,2076,2118,2016,2000,2030,2058,2061
2078,2075,2115,2041,2009,2037,2059,2058
2076,2062,2120,2055,2013,2042,2051,2052
2065,2051,2091,2052,2013,2038,2052,2042
2053,2040,2072,2040,2009,2048,2052,2041
2046,2031,2065,2037,2024,2048,2051,2032
2047,2023,2044,2032,2014,2037,2047,2012
2039,2029,2041,2043,2035,2049,2038,2012
2040,2039,2038,2052,2065,2059,2050,2022
2041,2044,2034,2048,2063,2045,2042,2019
2044,2044,2031,2054,2062,2055,2049,2024
2047,2045,2019,2056,2059,2072,2050,2026
2045,2052,2028,2066,2053,2081,2055,2022
2048,2044,2022,2063,2043,2076,2046,2037
2051,2052,2030,2051,2026,2052,2047,2043
2054,2062,2044,2028,2018,1983,2053,2053
2060,2068,2051,2014,2023,1969,2046,2061
2057,2071,2067,1993,2024,2014,2056,2063
2061,2074,2079,1996,2037,2050,2053,2066
2069,2081,2086,2007,2037,2053,2047,2076
2064,2079,2089,2007,2037,2056,2028,2082
2062,2074,2089,2017,2036,2057,2031,2092
2064,2070,2092,2022,2039,2064,2045,2090
2056,2049,2084,2022,2036,2063,2048,2093
2055,2056,2106,2030,2025,2052,2068,2092
2055,2066,2128,2021,1982,2045,2056,2081
2059,2068,2130,2015,1927,2021,2038,2063
2063,2072,2113,2002,1884,1999,2046,2070
2068,2058,2106,1993,1863,1979,2044,2067
2061,2063,2095,2003,1888,1946,2045,2075
2076,2075,2094,2052,1986,1950,2054,2075
2079,2079,2096,2079,2061,2006,2077,2065
2076,2084,2109,2100,2111,2067,2073,2050
2074,2085,2111,2121,2150,2107,2069,2050
2069,2074,2101,2116,2130,2093,2063,2048
2067,2071,2092,2096,2089,2069,2061,2045
2071,2067,2082,2076,2067,2059,2040,2038
2061,2058,2069,2068,2054,2050,2049,2036
2068,2056,2067,2069,2046,2050,2057,2034
2062,2055,2050,2053,2039,2042,2051,2026
2056,2047,2043,2039,2029,2039,2040,2020
2053,2048,2038,2037,2032,2046,2043,2035
2069,2058,2039,2038,2026,2045,2024,2031
2066,2038,2037,2016,2021,2038,2031,2020
2058,2044,2040,2006,2017,2042,2029,2018
2055,2045,2040,1994,2009,2043,2028,2028
2057,2042,2028,1972,2006,2037,2044,2031
2044,2048,2024,1980,2020,2038,2061,2043
2051,2057,2028,1977,2021,2040,2041,2052
2055,2066,2026,1977,2031,2046,2059,2048
2054,2063,2006,1986,2039,2055,2073,2060
2048,2047,1986,1994,2046,2056,2068,2068
2049,2021,1994,2017,2050,2065,2071,2075
2053,2023,2015,2038,2055,2069,2074,2072
2055,2033,2028,2053,2056,2063,2061,2078
2046,2010,2015,2043,2035,2046,2048,2073
2025,1988,2002,2036,2032,2037,2025,2064
2039,2009,2010,2047,2035,2053,2049,2072
2061,2025,2029,2056,2040,2060,2073,2065
2060,2032,2035,2060,2040,2057,2043,2062
2040,2032,2048,2064,2028,2051,2024,2052
2026,2036,2055,2056,2023,2049,2043,2058
2045,2040,2064,2066,2027,2044,2029,2063
2054,2057,2070,2071,2031,2040,2009,2050
2060,2054,2048,2069,2027,2044,2040,2047
2060,2044,2006,2045,2019,2052,2056,2035
2054,2032,1999,2035,2010,2043,2042,2027
2048,2021,1978,2012,2004,2039,2036,2033
2042,2006,1962,2001,1992,2032,2031,2027
2044,2001,1944,1986,1981,2023,2055,2025
2043,2002,1942,1987,1976,2014,2060,2032
2046,2017,1953,1994,1996,2028,2089,2042
2054,2025,1944,1982,2003,2041,2098,2048
2064,2025,1941,1973,2001,2033,2111,2044
2059,2037,1961,1977,2004,2038,2101,2041
2058,2040,1976,1983,1999,2033,2089,2037
2056,2046,2003,1998,2011,2039,2066,2029
2047,2043,2008,2004,2024,2030,2073,2033
2051,2034,2006,2015,2032,2028,2075,2035
2044,2027,1999,2031,2049,2043,2064,2039
2040,2023,2015,2035,2037,2045,2053,2043
2043,2016,2020,2035,2026,2026,2047,2052
2039,2024,2034,2033,2025,2007,2030,2055
2045,2029,2060,2055,2031,2004,2046,2058
2047,2035,2106,2098,2050,2034,2049,2069
2059,2055,2141,2141,2058,2068,2074,2088
2068,2063,2144,2161,2065,2088,2085,2098
2080,2070,2131,2172,2062,2082,2079,2088
2069,2060,2114,2167,2054,2062,2062,2077
2055,2055,2120,2163,2051,2055,2037,2080
2049,2061,2114,2160,2060,2052,2029,2077
2061,2063,2109,2150,2057,2064,2056,2065
2058,2059,2094,2125,2050,2070,2067,2064
2056,2056,2070,2101,2033,2057,2046,2060
2066,2074,2086,2097,2026,2051,2064,2054
2065,2097,2137,2117,2033,2053,2050,2056
2072,2109,2146,2121,2030,2053,2051,2058
2064,2100,2117,2088,2019,2044,2046,2046
2060,2078,2075,2040,1989,2029,2043,2032
2051,2059,2049,1994,1980,2025,2036,2032
2037,2058,2046,1967,1977,2012,2035,2029
2034,2066,2075,1948,1977,2024,2025,2039
2046,2091,2108,1940,1995,2037,2051,2056
2065,2098,2102,1953,2008,2046,2066,2048
2066,2074,2074,1959,1994,2051,2052,2041
2068,2061,2068,1986,2000,2052,2056,2038
2074,2063,2074,2014,2002,2057,2057,2046
2072,2058,2076,2036,1985,2059,2077,2052
2076,2060,2074,2054,1982,2070,2074,2062
2076,2067,2066,2080,2011,2072,2086,2066
2074,2065,2039,2090,2028,2071,2065,2056
2068,2056,2007,2101,2036,2066,2074,2058
2065,2048,1970,2108,2048,2054,2072,2058
2065,2039,1948,2116,2063,2049,2038,2058
2058,2036,1933,2116,2074,2055,2028,2061
2052,2029,1908,2114,2101,2066,2042,2060
2049,2016,1900,2110,2130,2084,2055,2060
2053,2007,1886,2095,2114,2086,2063,2082
2058,1995,1860,2055,2072,2070,2062,2094
2062,1980,1846,2020,2030,2048,2061,2100
2058,1970,1881,1989,1980,2032,2040,2088
2031,1954,1898,1973,1999,2030,2040,2063
2010,1956,1930,1981,2001,2032,2028,2046
1998,1973,1965,1995,1997,2030,2026,2052
2011,2003,2016,2005,1991,2047,2052,2063
2025,2025,2037,2011,1971,2038,2056,2062
2028,2019,2030,2002,1964,2028,2060,2065
2024,2024,2037,2005,1941,2013,2024,2065
2033,2026,2061,1999,1976,2011,2021,2056
2043,2050,2089,2036,2048,2030,2042,2050
2050,2072,2117,2045,2051,2032,2049,2050
2052,2083,2142,2042,2052,2034,2056,2048
2058,2095,2146,2041,2052,2039,2057,2049
2065,2098,2149,2045,2049,2041,2061,2049
2072,2097,2122,2051,2059,2045,2053,2055
2064,2084,2095,2055,2070,2040,2064,2046
2060,2065,2052,2040,2069,2041,2050,2041
2054,2045,2044,2055,2062,2038,2065,2044
2050,2043,2070,2075,2062,2054,2067,2056
2071,2066,2104,2104,2057,2059,2087,2065
2076,2076,2111,2120,2056,2062,2086,2066
2081,2081,2122,2143,2057,2063,2063,2054
2078,2092,2121,2151,2064,2061,2067,2052
2073,2081,2111,2136,2075,2064,2074,2045
2058,2074,2088,2091,2051,2052,2063,2047
2052,2061,2080,2043,2026,2053,2065,2060
2047,2054,2060,2016,2013,2064,2069,2064
2052,2046,2045,2014,2009,2058,2040,2062
2050,2039,2040,2024,1997,2043,2045,2058
2047,2047,2043,2026,1992,2037,2033,2064
2056,2061,2051,2030,1982,2052,2048,2071
2063,2058,2025,1991,1967,2026,2040,2074
2056,2052,2006,1970,1976,1994,2042,2074
2045,2048,2007,1983,2001,1997,2033,2086
2051,2055,2012,1987,2033,2031,2049,2090
2056,2077,2001,1974,2039,2066,2066,2090
2064,2070,1965,1955,2038,2085,2074,2090
2064,2066,1948,1960,2028,2082,2067,2090
2075,2078,1968,1972,2033,2063,2051,2088
2081,2084,1990,1989,2038,2032,2079,2086
2085,2097,2010,1991,2026,2062,2079,2083
2081,2088,2020,1981,1985,2061,2062,2047
2052,2064,2030,1967,1946,2047,2042,2032
2037,2036,2038,1956,1923,2033,2026,2032
2033,2043,2082,1966,1917,2003,2032,2043
2049,2073,2164,2012,1962,1993,2056,2059
2072,2102,2199,2038,1979,2030,2072,2053
2065,2094,2164,2020,1935,2050,2056,2042
2049,2064,2118,2000,1920,2069,2033,2021
2047,2049,2092,1994,1919,2062,2029,2006
2048,2044,2088,2006,1944,2026,2026,2017
2057,2061,2112,2050,2025,1987,2049,2049
2056,2064,2111,2075,2117,2049,2072,2054
2053,2067,2105,2080,2145,2118,2085,2052
2061,2075,2093,2079,2142,2118,2072,2065
2062,2070,2082,2070,2096,2045,2065,2077
2069,2072,2074,2066,2076,1996,2065,2083
2080,2073,2080,2073,2071,2008,2075,2083
2092,2077,2085,2075,2088,2052,2066,2075
2080,2071,2078,2068,2078,2075,2065,2084
2073,2060,2054,2059,2057,2075,2067,2079
2070,2044,2033,2037,2040,2064,2040,2072
2060,2033,2027,2014,2019,2043,2039,2065
2047,2019,2019,2000,2002,2021,2026,2062
2033,2024,2052,2014,1995,2018,2035,2078
2030,2030,2080,2029,2005,2012,2047,2087
2051,2055,2114,2055,2020,2014,2026,2098
2066,2070,2134,2075,2031,2029,2045,2070
2051,2060,2136,2091,2044,2056,2045,2064
2048,2053,2142,2105,2051,2064,2060,2062
2047,2060,2153,2108,2052,2071,2059,2061
2046,2061,2154,2112,2050,2070,2065,2063
2045,2060,2133,2110,2043,2076,2056,2053
2043,2061,2121,2113,2040,2078,2056,2044
2043,2076,2116,2122,2046,2089,2062,2049
2055,2088,2104,2114,2045,2097,2057,2059
2057,2079,2083,2108,2041,2124,2067,2072
2066,2074,2078,2108,2042,2122,2068,2065
2070,2077,2078,2100,2041,2074,2063,2052
2062,2078,2072,2097,2028,1960,2040,2041
2052,2071,2060,2075,2014,1940,2039,2032
2040,2046,2005,2035,2011,1995,2038,2028
2033,2026,1969,2010,2012,2032,2025,2025
2034,2029,1939,2000,2006,2053,2033,2024
2036,2035,1946,2003,2019,2070,2047,2028
2051,2030,1963,2013,2033,2086,2040,2036
2054,2041,1971,2035,2043,2097,2029,2045
2058,2040,1988,2055,2049,2084,2023,2039
2056,2047,2012,2076,2052,2039,2042,2038
2056,2054,2018,2098,2060,2004,2037,2043
2060,2061,2018,2111,2072,2011,2045,2049
2061,2064,2023,2116,2075,2040,2034,2052
2049,2059,2010,2123,2078,2044,2043,2069
2058,2064,2030,2155,2084,2047,2057,2086
2060,2065,2052,2162,2077,2034,2046,2084
2065,2053,2050,2153,2069,2039,2044,2084
2045,2046,2036,2135,2064,2034,2051,2085
2032,2036,2029,2113,2050,2021,2053,2089
2033,2027,2030,2099,2031,2016,2032,2080
2031,2027,2040,2075,2021,2016,2046,2082
2029,2033,2049,2043,2017,2015,2047,2076
2035,2028,2055,2011,2014,2034,2046,2081
2032,2035,2061,2010,2027,2052,2066,2081
2037,2043,2055,2030,2001,2073,2051,2076
2039,2047,2064,2010,1943,2054,2035,2071
2045,2047,2067,1991,1878,2036,2039,2062
2036,2050,2072,1974,1853,2013,2023,2051
2039,2049,2066,1960,1849,1948,2025,2052
2041,2047,2060,1967,1917,1936,2020,2052
2048,2051,2073,2001,2014,1987,2030,2053
2051,2065,2089,2049,2064,2027,2046,2050
2056,2077,2110,2069,2066,2032,2051,2048
2059,2082,2120,2054,2050,2025,2046,2043
2058,2083,2109,2038,2031,2024,2044,2022
2042,2059,2093,2036,2028,2026,2044,2019
2040,2060,2088,2035,2037,2046,2047,2033
2050,2069,2087,2031,2053,2053,2053,2039
2046,2064,2071,2032,2072,2068,2074,2036
2048,2063,2068,2036,2088,2077,2063,2044
2053,2060,2051,2033,2081,2063,2060,2049
2051,2049,2031,2014,2061,2049,2046,2059
2045,2036,1999,2014,2037,2047,2042,2057
2042,2029,1986,2013,2061,2059,2054,2060
2040,2031,1984,2033,2101,2083,2072,2067
2032,2034,1996,2051,2121,2092,2069,2066
2033,2039,1998,2055,2128,2094,2063,2077
2035,2047,1995,2047,2124,2090,2054,2077
2046,2045,2016,2072,2126,2099,2063,2087
2054,2052,2053,2092,2122,2096,2086,2096
2064,2059,2065,2103,2095,2084,2055,2095
2055,2042,2048,2104,2049,2066,2057,2094
2051,2043,2039,2090,1939,2035,2055,2094
2058,2041,2016,2079,1944,2004,2043,2084
2057,2041,2014,2101,1978,2007,2032,2084
2055,2043,2027,2157,2000,2026,2059,2078
2063,2048,2044,2199,2022,2031,2061,2065
2060,2049,2049,2223,2028,2044,2056,2059
2054,2036,2041,2212,2018,2041,2060,2055
2048,2025,2045,2201,2010,2041,2060,2049
2038,2016,2053,2172,2012,2028,2056,2036
2030,2009,2044,2137,2014,2028,2048,2032
2023,2008,2035,2115,2013,2020,2040,2035
2020,2000,2009,2070,2007,2016,2049,2045
2029,2011,2001,2037,2017,2029,2056,2042
2046,2044,2048,2040,2042,2046,2078,2042
2053,2071,2065,2010,2027,2047,2070,2036
2050,2053,2051,1948,1992,2037,2046,2029
2036,2035,2044,1920,1976,2044,2052,2041
2040,2050,2071,1914,1962,2036,2063,2041
2049,2075,2122,1934,1956,2033,2033,2041
2051,2094,2160,1963,1955,2033,2031,2040
2053,2103,2165,1980,1967,2044,2049,2037
2059,2101,2136,1973,1968,2052,2063,2053
2056,2090,2106,1945,1987,2057,2069,2060
2055,2062,2081,1915,2016,2046,2068,2074
2062,2065,2066,1897,2022,2007,2068,2085
2056,2066,2063,1911,2016,1994,2073,2095
2058,2059,2061,1965,2016,2031,2065,2086
2048,2047,2057,2005,1997,2059,2073,2070
2028,2032,2045,2004,2003,2078,2046,2072
2038,2031,2039,2003,1983,2062,2057,2086
2042,2024,2032,1990,1947,1999,2047,2090
2037,2016,2033,2005,2009,1989,2052,2105
2057,2040,2051,2029,2074,2003,2067,2102
2059,2039,2044,2026,2084,2023,2049,2096
2048,2028,2029,2016,2052,2059,2019,2071
2028,2020,2033,2021,2028,2068,2005,2057
2028,2029,2044,2024,2003,2057,2018,2048
2040,2040,2038,2021,1978,2067,2041,2050
2047,2049,2044,2024,1978,2078,2048,2054
2041,2051,2042,2019,1959,2088,2063,2051
2037,2035,2026,2007,1929,2083,2057,2049
2030,2028,2015,2006,1908,2065,2034,2052
2026,2026,2011,2010,1873,2046,2033,2037
2035,2019,2010,2006,1870,2023,2021,2023
2027,2022,2017,2007,1894,1965,2038,2016
2027,2039,2023,2017,1959,1939,2046,2028
2037,2030,2012,2039,2036,1956,2023,2043
2054,2035,2024,2065,2054,1969,2036,2058
2077,2047,2030,2087,2082,2017,2083,2074
2081,2054,2012,2078,2064,2084,2071,2070
2081,2050,1998,2049,1989,2055,2032,2050
2061,2045,1996,2034,2023,1973,2018,2051
2049,2046,2018,2061,2100,1974,2045,2047
2054,2063,2048,2092,2149,2029,2059,2051
2058,2066,2063,2095,2150,2072,2065,2058
2060,2073,2075,2085,2110,2070,2073,2061
2058,2081,2086,2076,2075,2061,2065,2052
2047,2067,2088,2073,2095,2054,2048,2064
2043,2061,2095,2047,2019,2028,2060,2072
2061,2066,2109,2030,1939,2022,2056,2100
2081,2086,2131,2042,1926,2020,2078,2118
2085,2085,2134,2041,1953,1999,2070,2120
2083,2065,2117,2033,1983,1980,2051,2103
2049,2041,2100,2030,2030,1993,2036,2089
2053,2046,2107,2061,2136,2034,2067,2089
2051,2050,2100,2073,2138,2046,2061,2084
2052,2045,2088,2071,2033,2048,2062,2071
2043,2046,2080,2086,2039,2070,2075,2073
2035,2054,2086,2116,2089,2091,2072,2065
2030,2064,2076,2122,2103,2105,2062,2061
2042,2056,2068,2111,2093,2123,2081,2062
2044,2052,2047,2090,2083,2118,2057,2054
2031,2046,2037,2062,2061,2060,2030,2040
2028,2046,2046,2032,2044,2009,2026,2026
2041,2060,2058,2014,2023,1988,2013,2026
2038,2050,2040,2000,1997,1971,2010,2018
2034,2032,2028,2009,1986,1969,2017,2019
2035,2030,2034,2025,2001,1996,2020,2029
2044,2027,2025,2019,2005,2007,2024,2025
2023,2016,2024,2025,2011,2011,2026,2025
2020,2023,2029,2036,2024,2025,2043,2028
2034,2046,2046,2046,2027,2027,2054,2037
2051,2063,2058,2073,2035,2033,2047,2028
2040,2067,2069,2097,2030,2039,2032,2034
2038,2064,2069,2115,2042,2047,2045,2038
2039,2059,2073,2117,2044,2046,2057,2050
2038,2054,2076,2118,2045,2059,2059,2052
2044,2057,2075,2113,2048,2066,2067,2058
2038,2053,2077,2117,2056,2070,2059,2057
2040,2061,2076,2141,2075,2067,2036,2060
2044,2059,2072,2149,2075,2068,2048,2075
2046,2068,2068,2143,2059,2072,2071,2087
2053,2060,2069,2126,2068,2070,2070,2096
2054,2059,2062,2113,2048,2055,2043,2094
2045,2063,2063,2087,2027,2037,2036,2093
2034,2054,2048,2065,2010,2008,2021,2084
2037,2056,2038,2056,2021,1995,2035,2080
2047,2065,2026,2045,2021,2016,2032,2092
2050,2062,2010,2039,2022,2022,2047,2088
2058,2061,1997,2037,2017,2031,2042,2085
2058,2048,1997,2045,2019,2035,2045,2076
2062,2042,1979,2049,2024,2042,2044,2067
2062,2032,1968,2049,2029,2047,2054,2063
2064,2030,1954,2017,2020,2051,2049,2050
2063,2032,1949,1997,2014,2056,2057,2043
2059,2022,1949,2001,2011,2050,2051,2033
2057,2024,1951,2019,2057,2048,2048,2018
2047,2025,1960,2028,2086,2043,2036,2018
2050,2016,1966,2024,2103,2042,2042,2016
2058,2013,1952,1992,2084,2038,2037,2019
2043,1999,1935,1971,2071,2019,2033,2004
2012,1983,1926,1962,2049,2009,2023,2003
2002,1991,1951,1976,2042,2018,2016,2018
2028,2034,2012,2004,2029,2028,2049,2028
2041,2068,2052,2018,2020,2033,2050,2039
2050,2091,2072,2028,1966,2025,2043,2042
2059,2098,2089,2018,1890,2017,2050,2045
2054,2096,2107,2013,1901,2014,2043,2046
2042,2068,2101,2006,1936,2009,2049,2051
2028,2065,2118,2012,1964,2012,2022,2059
2035,2077,2152,2031,1989,2025,2055,2075
2054,2102,2181,2048,2017,2028,2071,2086
2070,2118,2191,2057,2018,2022,2051,2083
2065,2111,2173,2048,2021,2022,2032,2082
2053,2093,2144,2041,2021,2029,2031,2092
2051,2089,2132,2052,2042,2042,2064,2099
2060,2093,2126,2062,2060,2044,2070,2100
2052,2078,2103,2049,2046,2045,2070,2101
2048,2068,2081,2040,2043,2049,2061,2094
2054,2070,2078,2044,2040,2048,2056,2101
2055,2073,2073,2046,2041,2046,2062,2088
2053,2072,2071,2047,2040,2039,2063,2082
2054,2070,2073,2048,2044,2042,2046,2070
2054,2075,2075,2054,2047,2050,2039,2067
2054,2078,2060,2057,2046,2052,2047,2067
2057,2080,2058,2061,2042,2057,2058,2059
2055,2067,2054,2060,2046,2058,2047,2052
2053,2061,2054,2062,2047,2078,2081,2046
2053,2066,2051,2064,2059,2099,2079,2051
2055,2062,2051,2067,2065,2118,2064,2049
2056,2066,2054,2066,2071,2128,2090,2055
2064,2069,2062,2071,2055,2109,2098,2056
2064,2070,2059,2070,2041,2053,2088,2042
2065,2080,2067,2064,2026,2001,2071,2029
2046,2068,2057,2057,2016,1994,2075,2034
2040,2056,2056,2047,2003,1994,2083,2041
2050,2066,2060,2052,1997,1996,2063,2038
2052,2061,2066,2043,1985,1995,2054,2032
2050,2059,2063,2034,1972,2000,2046,2036
2048,2059,2058,2038,1984,2036,2054,2031
2054,2069,2064,2054,1999,2069,2053,2049
2064,2074,2068,2050,1984,2052,2043,2047
2056,2069,2064,2041,1961,2041,2048,2042
2054,2067,2060,2041,1967,2018,2017,2056
2054,2065,2064,2059,2006,1960,2031,2080
2058,2075,2071,2080,2079,1976,2057,2089
2054,2070,2066,2081,2101,2007,2058,2090
2067,2068,2064,2071,2092,2036,2045,2096
2061,2069,2062,2068,2071,2050,2068,2098
2063,2064,2043,2063,2047,2048,2057,2088
2051,2047,2018,2045,2037,2058,2052,2077
2040,2035,2021,2058,2060,2074,2056,2079
2045,2052,2036,2084,2066,2083,2053,2083
2052,2058,2047,2091,2064,2082,2062,2082
2057,2058,2056,2084,2055,2077,2050,2072
2052,2059,2057,2084,2060,2083,2041,2062
2049,2056,2044,2085,2059,2083,2034,2057
2047,2043,2029,2087,2059,2068,2052,2053
2050,2041,2021,2097,2059,2028,2035,2052
2053,2039,2021,2104,2062,2018,2034,2045
2049,2034,2009,2114,2062,2013,2039,2044
2047,2028,2001,2131,2084,2036,2050,2028
2043,2017,1978,2129,2091,2046,2059,2023
2029,2007,1954,2105,2079,2048,2018,2020
2032,2005,1940,2069,2065,2038,2041,2014
2033,2011,1950,2049,2041,2047,2049,2017
2033,2012,1966,2030,2024,2044,2045,2023
2037,2006,1965,2009,2006,2045,2044,2022
2033,2002,1963,1994,2021,2040,2041,2018
2045,2026,1997,1999,2012,2031,2033,2034
2061,2055,2051,1999,1967,2010,2040,2044
2058,2078,2102,2000,1901,1987,2035,2058
2061,2094,2145,2000,1854,2013,2042,2052
2066,2101,2169,2022,1914,2059,2059,2056
2067,2097,2155,2048,1987,2092,2076,2057
2064,2088,2122,2046,2018,2098,2071,2061
2060,2063,2080,2024,2007,2074,2056,2069
2048,2048,2050,2018,2070,2070,2047,2066
2044,2052,2049,2050,2112,2084,2060,2073
2055,2058,2056,2055,2116,2092,2055,2080
2057,2059,2049,2064,2114,2058,2037,2086
2060,2054,2054,2072,2099,1993,2042,2092
2058,2061,2064,2075,2068,1963,2030,2104
2066,2064,2050,2070,2028,1973,2013,2098
2052,2048,2029,2034,1973,2020,2021,2079
2047,2048,2024,2015,1934,2065,2014,2060
2048,2052,2031,2008,1902,2074,2007,2049
2032,2043,2019,1979,1880,2059,1982,2038
2021,2040,2018,1983,1887,1984,2007,2068
2036,2059,2057,2038,1996,1889,2042,2097
2057,2082,2077,2068,2080,1926,2053,2092
2064,2077,2084,2068,2108,2002,2065,2074
2070,2070,2071,2066,2132,2044,2059,2058
2067,2059,2069,2070,2124,2059,2063,2053
2061,2062,2081,2070,2101,2054,2059,2048
2057,2060,2086,2074,2080,2054,2063,2026
2056,2056,2087,2082,2093,2044,2048,2026
2057,2049,2072,2074,2103,2038,2035,2021
2053,2038,2052,2052,2084,2053,2042,2010
2033,2036,2025,2046,2061,2058,2033,2003
2024,2028,2009,2031,2031,2060,2017,2022
2024,2031,1999,2034,2022,2065,2032,2024
2039,2044,2009,2042,2004,2034,2064,2030
2040,2051,2007,2044,2033,2008,2033,2034
2046,2058,2010,2065,2072,2014,2077,2047
2053,2068,2017,2073,2087,2038,2053,2053
2061,2071,2017,2085,2093,2079,2063,2059
2050,2065,2014,2081,2075,2108,2057,2060
2057,2057,2013,2068,2044,2117,2067,2062
2059,2065,2036,2046,2021,2085,2040,2060
2064,2074,2055,2020,1991,1987,2033,2058
2047,2064,2056,1985,1958,1953,2035,2061
2044,2060,2059,1976,1990,2010,2050,2073
2046,2067,2084,2017,2065,2076,2070,2088
2044,2072,2090,2038,2072,2094,2075,2095
2047,2065,2083,2041,2057,2076,2045,2089
2044,2049,2070,2039,2045,2060,2050,2086
2051,2048,2068,2036,2057,2048,2050,2080
2048,2053,2083,2056,2096,2058,2056,2065
2043,2062,2093,2071,2149,2053,2063,2074
2053,2064,2084,2076,2170,2045,2061,2083
2060,2064,2080,2087,2214,2030,2062,2075
2052,2062,2072,2095,2245,2021,2067,2070
2049,2067,2062,2100,2227,2029,2054,2062
2055,2071,2061,2096,2202,2028,2049,2061
2055,2070,2064,2090,2155,2041,2072,2049
2054,2078,2067,2088,2094,2044,2059,2038
2046,2074,2069,2067,2019,2026,2046,2030
2042,2075,2065,2033,1888,1996,2040,2027
2044,2061,2060,2018,1905,1984,2024,2031
2048,2051,2042,2010,1909,1981,2042,2028
2050,2048,2038,2007,1896,1984,2045,2021
2041,2034,2017,2009,1942,1982,2037,2014
2037,2037,2023,2021,1971,1987,2032,2026
2052,2061,2050,2043,2015,2021,2040,2042
2060,2070,2052,2054,2053,2039,2056,2029
2058,2064,2054,2068,2070,2047,2060,2029
2059,2066,2060,2075,2055,2040,2049,2038
2068,2065,2059,2076,2061,2040,2045,2054
2067,2060,2053,2065,2053,2038,2053,2053
2070,2064,2048,2058,2041,2020,2048,2047
2063,2060,2054,2062,2047,2011,2047,2055
2069,2066,2060,2061,2075,2013,2051,2062
2060,2065,2055,2060,2101,2027,2051,2060
2047,2060,2059,2067,2142,2044,2046,2070
2049,2050,2055,2056,2133,2059,2046,2079
2036,2045,2044,2044,2062,2047,2033,2076
2038,2043,2049,2055,2047,2035,2044,2084
2037,2043,2040,2046,2040,2034,2032,2083
2040,2035,2021,2057,2047,2048,2044,2087
2047,2049,2031,2076,2071,2067,2035,2077
2047,2062,2043,2109,2083,2050,2051,2064
2050,2075,2053,2106,2074,2056,2043,2062
2051,2064,2039,2082,2060,2078,2053,2054
2049,2056,2019,2066,2039,2058,2050,2050
2044,2034,2009,2049,2006,2035,2007,2034
2048,2044,2028,2060,1999,2044,2024,2033
2043,2055,2038,2061,1999,2044,2037,2028
2044,2050,2034,2056,2017,2046,2045,2032
2048,2046,2044,2058,2046,2049,2037,2027
2048,2052,2066,2066,2054,2042,2037,2027
2043,2057,2070,2066,2050,2043,2050,2028
2045,2059,2055,2065,2065,2057,2040,2028
2045,2042,2040,2063,2057,2056,2022,2024
2037,2030,2042,2051,2049,2053,2044,2026
2044,2049,2052,2064,2065,2060,2033,2031
2048,2068,2070,2093,2072,2061,2035,2033
2058,2069,2062,2082,2060,2064,2043,2035
2053,2062,2044,2067,2056,2065,2030,2041
2051,2054,2031,2061,2063,2053,2047,2037
2050,2059,2019,2049,2054,2039,2042,2049
2059,2063,2016,2037,2040,2031,2050,2048
2062,2062,2006,2030,2040,2038,2064,2056
2054,2054,1997,2023,2034,2035,2029,2067
2054,2057,2017,2022,2041,2025,2031,2067
2049,2060,2024,2002,2026,2008,2037,2064
2048,2052,2020,1988,2005,1987,2037,2075
2037,2046,2013,1968,1987,1987,2036,2076
2039,2036,1996,1959,1991,1993,2032,2075
2037,2024,1987,1955,1986,2017,2029,2064
2035,2020,2007,1974,2022,2043,2043,2069
2045,2044,2044,2022,2049,2069,2043,2088
2065,2077,2075,2036,2010,2084,2047,2089
2064,2083,2088,2036,2017,2094,2064,2077
2065,2082,2094,2023,2030,2084,2065,2065
2058,2078,2096,2029,2049,2079,2071,2060
2060,2072,2100,2048,2075,2084,2058,2050
2053,2071,2099,2076,2090,2105,2060,2045
2057,2071,2096,2082,2092,2115,2059,2036
2054,2068,2077,2076,2109,2107,2030,2034
2045,2057,2062,2073,2098,2076,2045,2030
2043,2051,2049,2050,2051,2046,2018,2030
2044,2048,2037,2035,2062,2010,2015,2029
2040,2047,2030,2034,2081,1979,2034,2020
2045,2050,2032,2013,1992,1983,2029,2013
2050,2053,2040,2017,1960,2020,2037,2008
2047,2046,2032,2035,2012,2046,2042,2010
2041,2044,2029,2036,2038,2058,2049,2024
2046,2050,2029,2033,2030,2064,2061,2029
2053,2052,2032,2032,2031,2054,2053,2032
2049,2053,2042,2038,2033,2047,2060,2031
2047,2046,2040,2035,2025,2039,2051,2019
2043,2034,2050,2046,2042,2018,2056,2028
2044,2044,2070,2079,2083,2020,2075,2041
2052,2059,2076,2108,2088,2018,2060,2053
2055,2065,2064,2111,2058,2026,2062,2058
2051,2052,2044,2099,2012,2052,2031,2049
2048,2046,2048,2096,1974,2058,2050,2049
2051,2053,2059,2098,1948,2050,2041,2053
2042,2046,2053,2069,1918,2026,2049,2047
2034,2047,2050,2061,1916,1969,2049,2074
2045,2060,2067,2077,2010,1964,2042,2074
2047,2049,2056,2082,2092,1998,2064,2078
2043,2044,2043,2090,2172,2058,2039,2081
2051,2042,2031,2081,2159,2063,2060,2073
2040,2037,2010,2050,2099,2042,2040,2064
2038,2036,2014,2019,2065,2039,2056,2070
2047,2050,2026,2012,2048,2058,2059,2069
2049,2056,2029,1992,2035,2060,2051,2051
2046,2055,2026,1985,2018,2051,2055,2045
2045,2053,2028,1966,2017,2069,2061,2050
2052,2064,2044,1983,2035,2070,2054,2047
2058,2082,2066,2010,2061,2047,2054,2055
2070,2079,2053,2020,2068,2039,2048,2039
2074,2076,2029,2018,2056,2056,2046,2037
2061,2069,2019,2009,2041,2076,2042,2032
2062,2059,2030,2005,2036,2082,2055,2028
2056,2057,2041,2008,2025,2076,2027,2019
2055,2056,2066,2029,2032,2040,2057,2026
2053,2065,2082,2057,2064,2039,2072,2031
2063,2078,2077,2060,2069,2037,2053,2028
2060,2079,2058,2053,2070,2028,2043,2024
2066,2068,2053,2043,2055,2026,2033,2027
2057,2059,2056,2040,2050,2033,2030,2024
2053,2066,2073,2050,2059,2043,2051,2026
2051,2056,2081,2049,2049,2041,2056,2037
2049,2053,2077,2042,2049,2042,2052,2041
2050,2056,2084,2045,2062,2046,2029,2055
2056,2055,2080,2044,2069,2053,2030,2057
2055,2052,2079,2050,2073,2054,2045,2056
2040,2045,2068,2045,2074,2060,2047,2053
2046,2052,2069,2041,2072,2056,2050,2055
2047,2053,2070,2049,2074,2055,2050,2071
2039,2054,2066,2050,2068,2050,2047,2069
2035,2042,2054,2046,2066,2052,2031,2066
2035,2037,2048,2077,2064,2049,2045,2072
2044,2042,2052,2100,2060,2041,2046,2072
2042,2036,2051,2110,2054,2042,2041,2066
2043,2036,2049,2118,2068,2046,2049,2058
2040,2043,2044,2124,2070,2046,2044,2059
2050,2042,2038,2130,2062,2039,2034,2046
2055,2042,2035,2116,2049,2031,2040,2045
2048,2044,2029,2111,2062,2039,2037,2040
2046,2041,2041,2109,2057,2041,2042,2027
2045,2044,2047,2082,2062,2039,2057,2017
2040,2042,2038,2048,2052,2042,2018,2010
2029,2041,2030,2004,2041,2032,2032,2010
2036,2049,2040,1983,2034,2026,2026,2015
2040,2064,2050,1989,2028,2023,2023,2021
2049,2064,2047,1993,2022,2017,2042,2020
2048,2049,2031,1990,2014,2012,2034,2008
2048,2043,2029,1994,2013,2015,2037,2005
2046,2053,2043,2025,2026,2021,2039,2007
2048,2059,2046,2066,2043,2032,2017,2016
2050,2061,2057,2073,2054,2035,2034,2018
2060,2057,2058,2055,2040,2062,2016,2016
2046,2055,2058,2032,2019,2100,2044,2023
2047,2057,2059,2020,1976,2117,2037,2019
2043,2059,2073,2022,1945,2118,2039,2024
2046,2066,2064,2019,1934,2123,2032,2015
2043,2057,2049,2007,1915,2092,2013,2021
2042,2049,2037,2018,1946,2040,2034,2043
2045,2053,2041,2028,2016,2072,2064,2043
2049,2053,2034,2034,2042,2074,2060,2064
2059,2068,2046,2062,2087,1996,2042,2102
2076,2074,2064,2090,2139,1982,2055,2113
2087,2075,2060,2096,2165,2021,2068,2102
2070,2060,2043,2081,2154,2065,2062,2099
2061,2055,2038,2068,2141,2095,2080,2096
2057,2064,2053,2077,2128,2109,2080,2103
2062,2069,2061,2076,2125,2107,2077,2094
2055,2063,2065,2077,2102,2074,2080,2090
2053,2054,2073,2070,2075,2032,2041,2076
2055,2061,2076,2076,2063,2011,2059,2062
2064,2077,2088,2084,2054,2013,2059,2063
2071,2077,2092,2078,2046,2020,2044,2055
2057,2067,2072,2054,2040,2025,2033,2045
2054,2050,2067,2038,2046,2040,2037,2035
2057,2041,2065,2034,2091,2052,2033,2030
2065,2056,2070,2027,2128,2056,2048,2020
2056,2046,2067,2043,2163,2058,2045,2018
2051,2047,2065,2052,2157,2055,2046,2016
2050,2049,2062,2066,2144,2053,2024,2015
2046,2044,2049,2048,2100,2042,2028,2009
2036,2035,2042,2042,2091,2046,2026,2013
2038,2046,2049,2046,2073,2061,2030,2019
2048,2057,2051,2041,2056,2056,2050,2022
2058,2063,2053,2041,1997,2046,2075,2037
2073,2067,2047,2030,1900,2014,2057,2038
2061,2059,2049,2031,1922,2010,2056,2031
2052,2059,2068,2046,1961,2022,2060,2031
2039,2056,2065,2047,1975,2027,2068,2039
2032,2051,2058,2034,1973,2020,2056,2046
2031,2056,2058,2042,1996,2034,2080,2049
2044,2068,2064,2046,1997,2028,2061,2059
2049,2058,2057,2033,1979,1998,2038,2058
2043,2046,2045,2022,1992,2005,2016,2066
2045,2054,2048,2045,2056,2027,2046,2072
2051,2050,2057,2062,2090,2035,2051,2068
2041,2053,2052,2070,2101,2053,2072,2064
2039,2049,2046,2069,2098,2066,2060,2064
2036,2036,2032,2058,2079,2060,2051,2070
2037,2041,2036,2054,2078,2074,2049,2059
2035,2043,2032,2045,2080,2070,2031,2052
2042,2056,2044,2061,2083,2060,2026,2050
2051,2068,2061,2061,2065,2065,2048,2056
2052,2066,2047,2058,2065,2065,2030,2057
2048,2063,2049,2060,2066,2071,2022,2046
2044,2054,2048,2056,2065,2077,2043,2037
2038,2051,2049,2058,2056,2083,2042,2025
2038,2054,2048,2067,2060,2090,2062,2026
2041,2050,2052,2073,2068,2058,2057,2018
2042,2057,2052,2077,2054,1966,2014,2011
2041,2060,2053,2074,2050,1909,2027,2013
2044,2062,2050,2072,2065,1956,2035,2022
2048,2058,2050,2073,2041,1991,2053,2029
2050,2058,2045,2068,2050,1992,2049,2023
2041,2037,2034,2060,2071,1995,2032,2019
2038,2036,2036,2063,2089,2030,2051,2021
2043,2046,2044,2070,2131,2084,2052,2032
2048,2054,2050,2068,2131,2093,2070,2034
2044,2043,2041,2060,2102,2086,2046,2029
2040,2047,2032,2056,2095,2089,2074,2030
2046,2043,2031,2047,2097,2084,2090,2027
2045,2046,2042,2035,2079,2067,2064,2028
2040,2042,2039,2020,2032,2043,2051,2030
2039,2036,2045,2022,2060,2054,2039,2039
2043,2045,2055,2037,2045,2058,2052,2045
2046,2052,2065,2043,2027,2066,2047,2059
2043,2054,2075,2044,2005,2059,2041,2063
2044,2055,2076,2057,2038,2046,2049,2067
2042,2043,2066,2064,2047,2040,2031,2062
2033,2043,2063,2069,2046,2040,2045,2061
2035,2039,2052,2061,2044,2028,2028,2052
2033,2033,2052,2063,2044,2035,2018,2052
2028,2040,2062,2069,2042,2026,2038,2068
2041,2052,2060,2073,2052,2021,2014,2072
2043,2052,2061,2066,2054,2021,2011,2068
2038,2041,2048,2049,2049,2050,2024,2062
2045,2034,2051,2040,2053,2082,2062,2046
2035,2030,2038,2015,2046,2081,2030,2043
2026,2022,2003,1987,2040,2085,2032,2037
2026,2018,1992,1980,2036,2080,2034,2039
2033,2030,2007,1995,2043,2084,2063,2036
2042,2058,2040,2014,2051,2071,2063,2037
2044,2066,2057,2012,2057,2063,2052,2034
2051,2059,2042,2022,2060,2049,2053,2039
2044,2053,2044,2029,2066,2043,2057,2035
2048,2050,2050,2034,2067,2028,2047,2042
2054,2052,2042,2040,2067,1996,2045,2035
2049,2041,2037,2039,2060,1981,2036,2030
2048,2035,2034,2042,2065,1972,2045,2034
2044,2038,2032,2043,2061,1973,2053,2031
2044,2044,2039,2047,2065,1990,2064,2040
2055,2053,2047,2047,2061,2014,2046,2041
2054,2053,2044,2043,2052,2024,2030,2035
2043,2058,2053,2044,2055,2027,2043,2033
2040,2054,2050,2044,2054,2028,2044,2041
2041,2053,2047,2044,2060,2041,2040,2051
2052,2063,2056,2052,2066,2054,2050,2060
2050,2062,2056,2051,2058,2062,2045,2060
2052,2060,2050,2053,2062,2077,2043,2066
2047,2056,2049,2047,2057,2086,2049,2069
2046,2056,2043,2042,2050,2100,2041,2077
2047,2056,2047,2038,2049,2117,2057,2079
2050,2046,2044,2036,2047,2079,2044,2057
2035,2041,2034,2027,2037,2035,2047,2071
2036,2040,2034,2032,2043,2046,2054,2082
2045,2056,2048,2041,2053,2054,2069,2079
2050,2059,2046,2041,2056,2061,2056,2071
2048,2051,2046,2038,2050,2058,2047,2066
2045,2051,2038,2042,2046,2058,2056,2058
2043,2049,2036,2044,2045,2059,2052,2043
2044,2043,2032,2038,2049,2065,2058,2045
2056,2043,2036,2040,2054,2074,2054,2045
2052,2049,2034,2046,2064,2084,2068,2050
2053,2046,2043,2060,2062,2085,2065,2049
2051,2047,2032,2065,2034,2082,2060,2036
2038,2046,2031,2076,1970,2066,2032,2017
2024,2041,2038,2086,1939,2046,2046,2015
2024,2035,2040,2090,1930,2026,2035,2013
2028,2033,2024,2088,1957,1989,2031,2017
2045,2030,2024,2121,2062,1992,2020,2024
2047,2039,2019,2141,2147,2049,2037,2024
2047,2035,2006,2135,2146,2095,2055,2033
2048,2037,2000,2126,2138,2108,2066,2030
2040,2036,1993,2114,2116,2077,2065,2036
2048,2044,1998,2110,2114,2064,2079,2022
2045,2048,2004,2094,2102,2064,2062,2031
2044,2050,2010,2080,2095,2033,2057,2035
2050,2044,2009,2040,2063,2018,2032,2037
2039,2031,2002,1999,2038,2006,2029,2038
2034,2022,2002,1957,2022,2008,2034,2041
2034,2023,2007,1941,2022,2018,2041,2048
2035,2034,2043,1957,2034,2032,2035,2058
2045,2062,2090,1988,2065,2042,2047,2073
2050,2076,2112,2008,2079,2054,2057,2089
2046,2068,2108,2021,2076,2057,2047,2091
2040,2060,2103,2037,2074,2056,2043,2084
2039,2052,2089,2044,2075,2052,2050,2084
2054,2060,2090,2053,2077,2060,2047,2090
2053,2063,2088,2056,2077,2062,2037,2088
2044,2053,2070,2054,2070,2054,2042,2075
2036,2043,2047,2057,2061,2045,2037,2065
2033,2044,2040,2056,2064,2048,2037,2061
2028,2038,2038,2050,2063,2055,2042,2066
2026,2040,2039,2055,2056,2058,2049,2053
2041,2047,2033,2059,2049,2065,2049,2056
2046,2038,2025,2058,2038,2059,2051,2059
2046,2031,2009,2054,2044,2052,2050,2051
2038,2026,2005,2038,2049,2052,2053,2036
2039,2034,2004,2038,2048,2052,2057,2044
2052,2049,2022,2030,2053,2047,2048,2041
2047,2047,2035,2025,2048,2047,2064,2025
2042,2043,2047,2023,2054,2043,2062,2022
2044,2040,2047,2021,2041,2032,2043,2017
2024,2028,2021,2019,2042,2034,2040,2019
2030,2030,2010,2012,2043,2037,2052,2025
2038,2028,1999,2009,2030,2034,2048,2026
2030,2015,2003,2003,2017,2027,2034,2026
2034,2031,2024,2020,2034,2036,2042,2027
2033,2050,2040,2031,2046,2035,2027,2025
2039,2051,2055,2031,2045,2048,2017,2032
2043,2061,2074,2040,2050,2050,2047,2040
2045,2062,2081,2043,2059,2050,2052,2048
2044,2057,2078,2043,2058,2055,2049,2054
2042,2055,2081,2055,2065,2061,2040,2059
2046,2060,2090,2061,2073,2066,2053,2065
2054,2069,2086,2064,2075,2062,2057,2076
2058,2066,2085,2058,2071,2060,2064,2081
2047,2066,2089,2046,2051,2067,2051,2081
2052,2059,2077,2035,2015,2065,2045,2083
2047,2060,2070,2021,1988,2059,2035,2076
2047,2048,2072,2023,1991,2054,2044,2076
2050,2074,2096,2051,2014,2035,2056,2090
2066,2098,2110,2073,2063,2024,2053,2090
2070,2100,2104,2074,2083,2052,2061,2088
2064,2092,2084,2078,2097,2077,2057,2081
2061,2084,2068,2065,2090,2093,2069,2084
2059,2076,2055,2067,2084,2101,2053,2063
2054,2066,2049,2056,2071,2118,2057,2044
2047,2060,2050,2049,2044,2096,2040,2039
2050,2063,2053,2055,2016,2080,2054,2038
2053,2066,2062,2059,2003,2085,2055,2036
2060,2066,2049,2065,2000,2042,2036,2035
2058,2064,2047,2077,2044,1989,2047,2051
2064,2074,2056,2109,2113,1984,2057,2062
2069,2082,2066,2109,2128,2032,2083,2054
2065,2065,2051,2082,2074,2058,2077,2034
2049,2045,2035,2074,1989,2043,2070,2022
2039,2041,2023,2066,1984,2033,2061,2019
2029,2033,2016,2051,2059,2053,2074,2019
2025,2027,2005,2029,2094,2070,2060,2013
2031,2027,2005,2023,2094,2079,2061,2016
2032,2037,2012,2025,2063,2084,2067,2016
2035,2037,1998,2006,2003,2060,2059,2033
2036,2034,1980,2000,2012,2022,2077,2046
2047,2045,1990,2041,2084,2009,2078,2053
2050,2044,1996,2057,2098,1999,2070,2059
2052,2039,1984,2039,2056,2007,2041,2063
2043,2039,1993,2027,1952,2023,2052,2067
2045,2048,2028,2041,1992,2053,2068,2072
2048,2053,2068,2081,2090,2071,2047,2073
2051,2073,2098,2108,2136,2086,2078,2087
2058,2087,2117,2108,2125,2076,2072,2092
2065,2096,2129,2108,2112,2068,2058,2089
2056,2085,2113,2088,2069,2061,2056,2094
2056,2082,2104,2071,1981,2046,2050,2087
2054,2090,2118,2076,1962,2029,2053,2080
2050,2085,2114,2084,2008,2023,2042,2069
2042,2074,2098,2082,2051,2032,2038,2060
2037,2052,2089,2089,2097,2057,2052,2058
2032,2052,2083,2109,2152,2073,2069,2056
2037,2046,2066,2117,2159,2088,2077,2061
2039,2052,2060,2121,2149,2073,2077,2057
2053,2062,2062,2113,2127,2026,2046,2058
2051,2068,2054,2064,2126,2015,2042,2049
2057,2068,2044,2025,2114,2017,2043,2045
2051,2062,2034,1985,2050,2027,2068,2038
2054,2057,2024,1934,1994,2032,2062,2025
2050,2052,2019,1936,1998,2030,2057,2022
2044,2047,2020,1956,2021,2026,2069,2027
2035,2047,2031,1992,2039,2024,2044,2017
2028,2038,2024,2008,2050,2032,2047,2018
2033,2032,2026,2016,2002,2032,2046,2030
2045,2045,2032,2020,1975,2032,2048,2025
2047,2043,2033,2039,2006,2041,2052,2032
2049,2050,2038,2045,2034,2043,2060,2033
2044,2048,2047,2037,2031,2030,2040,2027
2042,2048,2052,2022,2023,2049,2042,2033
2046,2047,2057,2040,1954,2061,2046,2034
2047,2054,2056,2029,1885,2058,2056,2030
2048,2052,2044,2018,1895,2093,2048,2033
2045,2052,2039,2039,1976,2100,2064,2053
2047,2046,2033,2049,2015,2070,2063,2060
2038,2036,2028,2039,2002,2055,2058,2064
2039,2032,2043,2026,1969,2008,2061,2068
2033,2042,2066,2025,1979,1974,2065,2082
2040,2042,2058,2023,2105,2041,2072,2090
2047,2036,2044,2039,2208,2091,2073,2094
2052,2045,2044,2046,2218,2109,2080,2095
2055,2061,2049,2043,2181,2101,2076,2096
2065,2061,2035,2034,2149,2075,2069,2094
2060,2049,2014,2007,2010,2042,2060,2074
2054,2033,1996,2005,1924,2012,2026,2073
2043,2019,1988,2012,1950,1964,2035,2053
2047,2018,1991,2017,1923,1958,2031,2027
2038,2022,2001,2039,1975,1992,2023,2020
2039,2032,2021,2038,2032,2029,2047,2024
2049,2047,2026,2026,2032,2037,2060,2039
2041,2040,2026,2009,1999,2037,2061,2040
2040,2041,2024,1996,1959,2007,2052,2037
2044,2051,2044,2009,1992,1978,2036,2041
2054,2073,2052,1995,1925,1964,2047,2034
2055,2070,2044,1985,1922,1977,2053,2038
2051,2067,2052,2009,2017,2022,2048,2034
2052,2072,2072,2042,2085,2057,2058,2029
2043,2066,2073,2067,2131,2098,2072,2043
2058,2081,2092,2104,2178,2141,2106,2052
2055,2074,2083,2112,2177,2137,2087,2054
2056,2062,2067,2102,2213,2123,2079,2038
2045,2057,2053,2085,2176,2092,2079,2033
2039,2045,2037,2035,1998,2036,2060,2034
2039,2040,2026,2022,2000,2046,2058,2049
2044,2035,2027,2037,2094,2102,2070,2054
2034,2028,2016,2048,2184,2133,2060,2044
2032,2022,2014,2064,2272,2119,2072,2052
2034,2026,2021,2053,2176,2090,2075,2050
2039,2031,2037,2050,2148,2064,2072,2062
2048,2032,2051,2059,2168,2076,2068,2074
2041,2036,2043,2044,2100,2075,2044,2066
2038,2032,2036,2040,2139,2082,2044,2061
2029,2029,2035,2052,2139,2057,2046,2047
2009,2011,2035,2027,2003,2017,2026,2035
2009,2002,2014,1995,1867,2014,2023,2047
2029,2010,1999,2012,1851,2043,2035,2058
2033,2009,1989,2026,1877,2102,2040,2049
2038,2006,1991,2032,1871,2150,2054,2046
2039,2022,2010,2049,1938,2149,2058,2040
2039,2035,2023,2049,1975,2138,2055,2044
2041,2043,2027,2072,2105,2150,2086,2068
2055,2063,2048,2100,2134,2126,2083,2070
2061,2070,2057,2091,2086,2100,2077,2058
2044,2061,2041,2053,2069,2065,2044,2032
2025,2048,2016,2042,2034,2072,2027,2022
2035,2050,2020,2055,1962,2081,2030,2016
2034,2041,2019,2036,1902,2010,2013,2004
2030,2022,2003,2041,2051,1970,2029,1995
2019,2011,1994,2040,2160,1959,2026,2002
2017,2009,1996,2006,2051,1918,2027,2018
2023,2028,2013,1992,1981,1904,2042,2038
2048,2050,2025,2017,1978,1927,2047,2048
2068,2081,2049,2037,2039,1959,2056,2042
2074,2077,2040,2041,2109,1977,2048,2028
2050,2060,2020,2049,2145,1975,2041,2008
2048,2056,2020,2074,2062,1995,2048,2038
2067,2061,2021,2094,2007,2004,2057,2043
2072,2053,2012,2073,2098,2023,2063,2057
2065,2064,2024,2095,2272,2085,2087,2066
2070,2062,2031,2112,2312,2128,2109,2077
2065,2062,2043,2112,2296,2152,2114,2088
2052,2051,2041,2094,2257,2143,2115,2085
2047,2040,2022,2042,2198,2100,2085,2074
2043,2033,2013,1976,1988,2036,2061,2062
2039,2035,2019,1974,1899,2011,2049,2071
2048,2040,2034,1997,1871,2016,2063,2080
2044,2042,2044,2002,1897,2024,2066,2066
2039,2046,2072,2023,2006,2050,2058,2076
2046,2061,2109,2069,2145,2060,2061,2091
2073,2072,2115,2112,2275,2077,2074,2094
2067,2062,2104,2136,2280,2091,2061,2079
2050,2044,2074,2150,2297,2136,2066,2068
2044,2041,2077,2151,2398,2221,2097,2068
2047,2063,2087,2134,2474,2262,2103,2070
2056,2066,2100,2112,2317,2199,2071,2065
2050,2062,2096,2051,2026,2085,2039,2056
2054,2061,2101,2004,1853,2037,2053,2055
2064,2086,2121,2059,1970,2074,2069,2067
2086,2109,2136,2103,1885,2112,2092,2067
2096,2111,2128,2085,1807,2085,2070,2059
2081,2097,2089,2019,1743,2009,2032,2043
2065,2088,2060,1949,1643,1927,2002,2026
2054,2071,2041,1923,1616,1868,1990,2009
2022,2031,2000,1936,1752,1871,1980,1978
2006,2006,1985,1999,1934,1888,1981,1970
2019,2011,1996,2050,2017,1935,1995,1980
2029,2020,2002,2083,2214,2001,2001,1983
2027,2025,2002,2076,2195,2052,2017,1997
2034,2026,2004,2055,2053,2065,2027,1996
2033,2031,2002,2011,1983,2051,2026,2000
2035,2029,2000,1997,2055,2047,2030,2011
2029,2026,1999,2035,2218,2069,2047,2016
2027,2020,2005,2060,2256,2048,2021,2014
2020,2017,2004,2042,2136,2037,2018,2029
2026,2032,2020,2030,2001,2026,2012,2042
2032,2039,2042,2007,1971,2045,2022,2048
2034,2057,2069,1985,1954,2024,2012,2046
2045,2068,2083,1977,2015,2020,2018,2062
2056,2074,2095,2001,2046,2027,2016,2076
2058,2069,2091,1988,1909,1977,2008,2084
2056,2067,2087,1981,1808,1947,2025,2088
2064,2075,2089,1997,1916,2027,2062,2088
2070,2083,2083,2010,2003,2084,2056,2078
2064,2071,2058,1989,2054,2112,2056,2071
2051,2064,2046,1998,2047,2114,2050,2059
2057,2059,2053,2015,2018,2091,2047,2063
2054,2061,2056,2043,2094,2019,2040,2059
2053,2050,2050,2052,2115,1978,2019,2046
2054,2046,2036,2038,2077,1988,2011,2033
2052,2045,2038,2020,2046,1999,2035,2028
2057,2043,2028,2023,2023,1993,2027,2027
2054,2033,2007,2034,2078,1997,2020,2022
2035,2019,1997,2059,2131,2009,2028,2006
2025,2027,1998,2060,2160,2023,2005,2006
2031,2040,2001,2071,2156,2052,2028,2014
2045,2055,2015,2080,2164,2081,2030,2021
2066,2051,2020,2089,2158,2075,2058,2018
2069,2045,2007,2070,2097,2052,2025,2019
2072,2036,2012,2056,2062,2051,2043,2027
2076,2038,2025,2055,2046,2047,2057,2026
2076,2026,2033,2054,2044,2039,2040,2020
2066,2017,2050,2054,2053,2041,2040,2015
2051,2024,2063,2063,2068,2052,2040,2013
2044,2042,2097,2090,2086,2061,2060,2016
2035,2066,2107,2109,2097,2065,2051,2024
2047,2079,2118,2116,2090,2060,2056,2038
2064,2081,2114,2116,2062,2051,2037,2051
2050,2070,2108,2114,1963,2051,2049,2060
2048,2075,2102,2123,2017,2080,2051,2072
2054,2071,2107,2136,2106,2127,2064,2077
2048,2068,2104,2124,2148,2148,2069,2085
2038,2056,2084,2092,2089,2154,2063,2083
2025,2050,2057,2074,2030,2143,2075,2082
2032,2043,2056,2115,2041,2109,2093,2104
2054,2044,2056,2142,2058,2112,2111,2118
2061,2052,2052,2129,2106,2174,2124,2112
2057,2050,2028,2125,2162,2184,2116,2092
2033,2037,2017,2083,2080,2153,2073,2051
2010,2024,1988,2008,1930,2096,2045,2044
2020,2021,1965,1949,1808,2020,2041,2035
2021,2021,1981,1911,1691,1956,2016,2020
2016,2016,1991,1920,1882,1918,2001,2021
2021,2025,2015,1978,2120,1904,2010,2023
2030,2042,2042,2030,2206,1948,1999,2024
2045,2056,2046,2013,2122,1973,1999,2028
2043,2066,2051,2006,2096,1990,1993,2030
2053,2085,2080,2014,2085,2002,2018,2036
2064,2090,2085,2024,2046,2012,2023,2019
2058,2085,2063,2036,2009,2016,2015,2028
2071,2075,2046,2038,1998,2020,2024,2021
2058,2051,2028,2031,1998,2016,2022,2011
2040,2039,2021,2045,2022,2032,2034,2003
2029,2040,2034,2048,2027,2034,2025,2004
2025,2033,2038,2027,2000,2028,2030,2003
2038,2035,2051,2017,2059,2024,2033,2014
2037,2038,2067,2006,2062,2025,2050,2021
2027,2043,2072,2001,2040,2030,2032,2033
2036,2057,2081,2024,2099,2048,2027,2039
2043,2058,2067,2061,2126,2058,2045,2045
2051,2048,2049,2052,2087,2061,2061,2037
2045,2039,2043,2027,2065,2073,2056,2040
2032,2042,2050,2021,2012,2086,2027,2043
2033,2042,2053,2011,1874,2071,2029,2054
2041,2047,2051,2010,1926,2072,2030,2064
2046,2050,2054,2012,2021,2062,2025,2081
2047,2062,2051,2041,2087,2022,2039,2088
2046,2054,2052,2044,2046,1991,2015,2088
2034,2039,2039,2034,2012,1992,2020,2079
2035,2035,2038,2035,2010,2025,2037,2073
2044,2040,2032,2046,2063,2046,2047,2073
2044,2034,2028,2051,2102,2043,2044,2067
2041,2034,2037,2060,2081,2034,2026,2053
2046,2038,2045,2061,2065,2032,2038,2051
2042,2050,2042,2066,2047,2036,2016,2059
2047,2048,2042,2067,2061,2050,2023,2057
2053,2051,2047,2086,2101,2068,2035,2052
2055,2054,2043,2069,2085,2088,2040,2034
2056,2047,2039,2050,2055,2093,2037,2038
2064,2047,2035,2032,2031,2082,2037,2034
2058,2044,2029,2017,2007,2060,2036,2030
2060,2037,2026,2014,1988,2026,2040,2026
2059,2038,2030,2041,2046,2011,2057,2024
2047,2035,2048,2073,2126,2024,2053,2008
2032,2030,2055,2083,2125,2029,2033,2005
2020,2024,2039,2091,2115,2032,2020,1998
2022,2021,2024,2085,2095,2037,2014,2001
2032,2029,2024,2085,2106,2059,2017,2012
2045,2033,2023,2103,2181,2081,2037,2022
2044,2037,2025,2106,2198,2073,2042,2030
2053,2039,2030,2091,2162,2063,2037,2034
2056,2053,2032,2064,2053,2029,2026,2031
2052,2044,2029,2054,2002,2025,2029,2037
2052,2039,2040,2082,2033,2051,2050,2032
2040,2035,2040,2089,2051,2069,2063,2037
2034,2034,2042,2076,2064,2068,2064,2047
2035,2028,2015,2074,2071,2063,2050,2044
2037,2028,2010,2071,2088,2064,2044,2057
2037,2033,2027,2069,2106,2060,2036,2069
2049,2036,2033,2039,2089,2056,2039,2079
2056,2047,2049,2010,2013,2021,2015,2092
2056,2047,2054,2002,1979,1976,2022,2085
2053,2051,2053,2008,1991,1988,2027,2090
2054,2049,2058,2023,2008,2009,2034,2086
2053,2052,2054,2035,2012,2037,2044,2081
2054,2043,2044,2026,1947,2052,2055,2074
2057,2033,2042,2039,1903,2066,2050,2068
2055,2032,2042,2054,1933,2060,2030,2060
2054,2029,2040,2044,1934,2054,2021,2041
2044,2034,2044,2042,1891,2043,2033,2025
2040,2037,2039,2052,1856,2045,2031,2024
2040,2037,2036,2040,1815,2030,2052,2020
2043,2030,2035,2024,1828,2026,2047,2020
2038,2032,2020,2013,1883,2039,2044,2014
2042,2036,2013,2018,1989,2064,2019,2017
2043,2031,2006,2014,2052,2053,2007,2008
2046,2027,2008,2022,2104,2019,2011,2009
2050,2039,2025,2059,2190,1983,2023,2015
2047,2031,2031,2060,2215,2002,2031,2018
2043,2024,2021,2026,2140,2032,2030,2025
2052,2042,2033,2033,2123,2080,2028,2033
2055,2043,2031,2039,2173,2091,2029,2033
2055,2052,2040,2059,2251,2098,2069,2035
2061,2056,2059,2076,2255,2094,2068,2038
2056,2057,2084,2071,2216,2083,2042,2047
2061,2062,2094,2075,2194,2057,2046,2051
2059,2063,2090,2067,2168,2044,2025,2057
2054,2058,2077,2066,2141,2041,2010,2059
2060,2059,2075,2060,2121,2029,2043,2065
2061,2057,2069,2066,2153,2023,2053,2065
2055,2036,2050,2047,2138,2018,2040,2066
2045,2033,2057,2043,2085,2037,2041,2074
2043,2041,2058,2074,2073,2059,2048,2077
2052,2044,2066,2092,2095,2056,2050,2077
2051,2044,2069,2094,2126,2051,2027,2072
2042,2032,2073,2085,2123,2047,2024,2069
2038,2029,2071,2081,2133,2064,2031,2066
2042,2032,2068,2072,2091,2062,2034,2048
2031,2025,2047,2026,1938,2031,2026,2043
2023,2017,2041,1970,1752,2003,2018,2049
2041,2025,2046,1988,1888,2021,2015,2053
2048,2031,2044,2027,2026,2054,2037,2051
2043,2031,2040,2041,2081,2069,2058,2048
2043,2022,2032,2043,2077,2074,2052,2041
2047,2013,2023,2033,2049,2067,2052,2021
2044,2014,2011,2025,2031,2066,2054,2024
2045,2008,2010,2034,2058,2086,2044,2019
2047,2013,2011,2042,2056,2096,2050,2011
2042,2019,2010,2039,2012,2083,2030,2008
2041,2014,2003,2024,1970,2048,2027,2000
2028,2009,1996,2018,1955,2005,2024,2009
2036,2006,1987,2025,1980,1952,2010,2024
2038,2015,2010,2045,2043,1970,2020,2024
2055,2044,2039,2060,2093,2020,2021,2034
2065,2056,2046,2065,2105,2048,2054,2022
2062,2058,2041,2057,2086,2060,2037,2025
2050,2055,2032,2046,2048,2051,2042,2029
2052,2041,2023,2049,2036,2037,2049,2024
2049,2034,2011,2040,2026,2035,2036,2026
2048,2026,2012,2045,2049,2040,2041,2028
2048,2033,2027,2058,2074,2042,2039,2031
2044,2024,2025,2057,2067,2027,2024,2038
2049,2031,2048,2069,2065,2014,2040,2053
2058,2053,2067,2080,2063,2018,2027,2067
2065,2060,2083,2092,2081,2032,2038,2060
2057,2054,2100,2100,2088,2041,2048,2067
2054,2057,2110,2103,2080,2054,2053,2067
2052,2056,2118,2100,2048,2042,2059,2057
2040,2043,2091,2083,2008,2015,2048,2063
2041,2041,2082,2086,1993,2005,2058,2078
2055,2061,2092,2101,2038,2028,2046,2086
2065,2060,2089,2108,2087,2073,2060,2086
2060,2056,2085,2119,2107,2109,2065,2077
2052,2042,2068,2105,2146,2116,2059,2062
2041,2038,2057,2096,2187,2109,2070,2046
2038,2018,2031,2066,2169,2120,2046,2015
2023,2001,2009,2037,2101,2118,2021,1998
2015,1996,2017,2028,2028,2121,2022,1999
2021,2009,2031,2017,1890,2112,2022,2001
2036,2028,2046,2017,1888,2115,2035,2009
2054,2040,2044,2029,1966,2093,2049,2023
2062,2042,2038,2044,2035,2082,2041,2013
2053,2033,2021,2033,2048,2071,2048,2012
2057,2027,2015,2035,2055,2046,2040,2027
2062,2028,2025,2044,2079,2028,2042,2017
2056,2027,2035,2048,2125,2050,2044,2021
2061,2043,2072,2064,2165,2072,2067,2036
2075,2080,2114,2081,2199,2048,2066,2027
2077,2095,2126,2098,2239,2032,2068,2036
2076,2099,2126,2117,2240,2040,2074,2032
2077,2080,2100,2107,2257,2051,2053,2027
2075,2064,2082,2101,2237,2068,2047,2034
2064,2056,2075,2068,2108,2079,2039,2032
2059,2049,2064,2029,1920,2120,2045,2043
2056,2041,2056,2032,1934,2171,2068,2049
2054,2044,2061,2043,1946,2172,2082,2054
2059,2044,2062,2020,1878,2134,2056,2059
2062,2042,2057,1982,1727,2009,2046,2064
2059,2044,2061,1982,1763,1972,2057,2064
2063,2044,2072,2044,1955,2033,2056,2067
2064,2047,2084,2059,2033,2060,2053,2081
2058,2041,2073,2057,2099,2062,2021,2069
2041,2022,2061,2051,2072,2044,2005,2067
2029,2021,2063,2049,2035,1999,2031,2071
2040,2041,2068,2058,2035,1962,2033,2071
2042,2042,2065,2060,2018,1975,2020,2063
2035,2039,2056,2046,2000,2004,2040,2063
2038,2035,2054,2051,2017,2025,2050,2055
2047,2045,2051,2068,2041,2044,2062,2040
2046,2059,2066,2089,2059,2060,2063,2037
2045,2049,2073,2094,2064,2049,2047,2025
2043,2045,2071,2079,2041,2029,2037,2027
2045,2038,2075,2080,2069,2041,2041,2016
2046,2039,2078,2088,2124,2061,2043,2005
2046,2043,2088,2109,2141,2084,2045,2009
2038,2039,2095,2115,2098,2064,2037,2005
2036,2039,2101,2110,2046,2041,2042,2005
2039,2037,2098,2111,2021,2028,2040,1996
2037,2040,2089,2105,2025,2021,2031,1996
2028,2035,2073,2110,2078,2036,2039,1998
2038,2045,2078,2112,2053,2017,2040,2010
2050,2055,2069,2095,1988,1990,2043,2016
2052,2056,2051,2080,2014,2006,2014,2024
2053,2047,2033,2073,2083,2032,2037,2022
2044,2036,2016,2053,2107,2056,2053,2017
2043,2035,2012,2025,2111,2076,2045,2026
2038,2032,2003,1997,2045,2051,2070,2030
2038,2020,1992,1972,1931,2036,2049,2030
2034,2022,1991,1983,1875,2054,2057,2043
2044,2032,2009,2024,1972,2043,2055,2061
2059,2047,2023,2046,2081,2022,2061,2075
2064,2039,2018,2032,2032,2013,2046,2072
2051,2035,2000,2028,2021,2030,2048,2073
2044,2029,1994,2056,2091,2036,2053,2066
2037,2027,2004,2076,2098,2047,2047,2055
2035,2020,2014,2080,2103,2043,2031,2051
2033,2021,2012,2080,2156,2064,2049,2056
2036,2020,2011,2092,2198,2079,2050,2066
2043,2026,2021,2100,2171,2061,2042,2059
2047,2040,2044,2080,2098,2030,2038,2059
2051,2047,2061,2078,2010,2026,2062,2055
2050,2054,2065,2084,1990,2040,2029,2049
2051,2046,2061,2084,1992,2042,2043,2041
2056,2043,2068,2087,2040,2060,2054,2049
2055,2044,2085,2089,2068,2070,2059,2039
2054,2050,2076,2069,2026,2030,2036,2036
2054,2045,2059,2040,1970,1980,2024,2032
2053,2047,2058,2014,1914,1976,2006,2021
2051,2038,2061,2003,1894,1984,2006,2009
2042,2039,2061,1995,1949,2006,2014,2002
2047,2038,2062,2000,2034,2040,2024,2019
2064,2044,2071,2008,2098,2064,2047,2020
2058,2036,2060,2009,2113,2057,2052,2020
2057,2034,2055,2022,2132,2074,2063,2025
2064,2040,2055,2039,2133,2078,2047,2019
2053,2031,2046,2035,2133,2075,2041,2019
2046,2030,2048,2032,2122,2077,2041,2029
2050,2036,2044,2042,2116,2080,2057,2032
2058,2036,2049,2054,2122,2077,2070,2030
2052,2036,2042,2052,2124,2075,2062,2030
2059,2031,2038,2058,2104,2073,2055,2035
2051,2021,2037,2050,2080,2052,2057,2042
2048,2011,2031,2039,2045,2024,2056,2044
2034,2011,2024,2031,2028,2017,2034,2052
2037,2008,2031,2037,2033,2027,2049,2058
2036,2013,2028,2045,2029,2028,2050,2062
2038,2020,2038,2042,2038,2036,2061,2062
2037,2031,2039,2046,2041,2039,2057,2072
2035,2018,2023,2032,2037,2024,2026,2064
2030,2007,2018,2032,2033,2029,2032,2064
2025,2024,2040,2042,2034,2038,2036,2062
2044,2045,2069,2052,2045,2044,2054,2067
2049,2055,2079,2045,2039,2044,2058,2070
2054,2060,2068,2044,2038,2044,2060,2073
2051,2054,2067,2046,2067,2043,2046,2074
2063,2061,2074,2060,2087,2050,2026,2061
2059,2071,2077,2065,2061,2068,2024,2030
2043,2068,2067,2054,2015,2064,2032,2026
2046,2063,2060,2043,1987,2048,2023,2025
2045,2049,2055,2034,1977,2029,2024,2024
2045,2054,2055,2047,2005,1983,2014,2040
2051,2055,2060,2067,2058,1985,2044,2035
2058,2053,2053,2077,2051,2024,2060,2029
2056,2045,2050,2074,2079,2072,2046,2013
2050,2037,2048,2076,2101,2104,2051,2012
2044,2028,2041,2069,2078,2095,2058,2012
2039,2035,2032,2075,2075,2086,2044,2017
2047,2048,2040,2093,2080,2055,2047,2036
2058,2058,2044,2111,2113,2031,2063,2044
2065,2069,2052,2139,2143,2053,2085,2042
2067,2066,2049,2131,2104,2070,2083,2038
2055,2059,2029,2102,2056,2084,2075,2035
2053,2052,2011,2078,2021,2077,2062,2033
2052,2036,2003,2046,1990,2049,2054,2034
2049,2036,2005,2007,1944,2032,2056,2046
2048,2029,2017,1970,1891,2027,2057,2049
2046,2034,2027,1973,1951,2026,2056,2055
2041,2028,2035,1998,2030,2034,2051,2049
2038,2023,2045,2024,2083,2037,2058,2057
2034,2023,2051,2029,2129,2034,2055,2061
2029,2015,2049,2023,2121,2024,2045,2058
2022,2011,2041,2022,2068,2017,2038,2056
2021,2003,2038,2037,2049,2016,2029,2064
2026,2010,2036,2047,2023,2035,2025,2076
2030,2018,2033,2043,2022,2053,2043,2069
2021,2022,2024,2038,2022,2052,2035,2067
2031,2024,2020,2030,2035,2057,2019,2062
2030,2024,2022,2032,2052,2051,2033,2060
2033,2030,2018,2029,2107,2049,2038,2055
2042,2030,2010,2035,2179,2033,2035,2054
2043,2033,2031,2051,2235,2030,2020,2048
2046,2054,2066,2069,2194,2033,2039,2045
2053,2074,2099,2069,2103,2057,2049,2037
2056,2073,2086,2067,2111,2080,2057,2038
2050,2068,2077,2070,2088,2091,2059,2031
2054,2066,2078,2068,2006,2097,2059,2024
2055,2061,2063,2051,1906,2098,2056,2019
2054,2051,2058,2045,1930,2105,2052,2016
2062,2052,2053,2048,1965,2100,2037,2014
2046,2041,2045,2034,1976,2068,2036,2005
2040,2033,2039,2013,1984,2017,2018,2015
2042,2043,2051,2014,1977,2021,2043,2018
2043,2048,2067,2029,1960,2049,2021,2019
2048,2047,2067,2026,1957,2048,2038,2016
2044,2044,2064,2039,1995,2028,2059,2028
2049,2044,2066,2061,2066,2014,2060,2032
2053,2050,2095,2090,2114,2019,2065,2038
2051,2052,2108,2086,2133,2029,2044,2028
2042,2042,2114,2083,2186,2052,2055,2030
2033,2039,2113,2110,2259,2071,2050,2044
2036,2034,2104,2106,2238,2077,2058,2046
2028,2018,2079,2074,2165,2040,2040,2066
2023,2035,2086,2049,1981,1994,2059,2075
2032,2042,2092,2069,1952,1988,2059,2074
2037,2052,2093,2093,1983,2023,2064,2080
2046,2046,2079,2086,2017,2026,2046,2086
2035,2036,2074,2071,2026,2023,2047,2090
2036,2032,2072,2054,2015,2036,2072,2083
2041,2045,2071,2052,2004,2042,2063,2082
2048,2050,2065,2050,1998,2036,2056,2076
2047,2042,2056,2040,2011,2033,2047,2069
2040,2037,2043,2027,2032,2038,2051,2058
2044,2032,2032,2027,2079,2041,2024,2051
2046,2034,2030,2035,2140,2055,2042,2041
2039,2035,2032,2048,2174,2084,2040,2030
2045,2041,2033,2050,2139,2086,2042,2025
2043,2034,2040,2048,2109,2085,2058,2032
2044,2038,2043,2049,2079,2086,2039,2028
2044,2040,2050,2050,2063,2077,2057,2026
2054,2038,2047,2049,2038,2080,2029,2028
2052,2034,2046,2052,2009,2071,2056,2027
2052,2039,2045,2043,1954,2034,2062,2030
2052,2030,2031,2044,1986,2013,2066,2032
2051,2032,2027,2050,2057,2017,2059,2033
2043,2035,2021,2062,2107,2040,2066,2028
2049,2036,2020,2063,2111,2043,2065,2023
2049,2042,2025,2063,2083,2045,2033,2004
2040,2047,2033,2070,2098,2056,2060,2020
2054,2058,2029,2078,2155,2071,2060,2034
2063,2056,2026,2070,2156,2073,2064,2038
2069,2049,2014,2040,2008,2068,2060,2041
2062,2038,2003,2039,2049,2088,2042,2037
2051,2024,2001,2063,2156,2105,2042,2032
2041,2018,2004,2090,2228,2104,2040,2042
2038,2025,2010,2077,2160,2072,2052,2051
2041,2027,2014,2044,2042,2023,2045,2059
2043,2030,2019,2025,2014,2011,2043,2065
2040,2038,2023,2013,1984,2014,2060,2068
2034,2030,2025,2011,1961,2037,2047,2069
2036,2033,2029,2021,1981,2055,2037,2073
2050,2038,2047,2043,2006,2048,2045,2075
2050,2044,2050,2035,2003,2019,2043,2069
2048,2036,2046,2026,1997,2012,2033,2054
2037,2026,2049,2017,1988,1994,2008,2045
2020,2030,2038,2008,1937,1983,2016,2031
2018,2036,2029,2031,1961,2015,1994,2037
2030,2050,2040,2060,2028,2057,2028,2048
2052,2068,2052,2084,2054,2065,2021,2043
2055,2062,2044,2067,2025,2030,2027,2041
2057,2055,2042,2064,2028,2016,2044,2044
2061,2061,2044,2064,2045,2027,2039,2044
2059,2058,2037,2060,2027,2032,2040,2042
2051,2057,2037,2060,2007,2033,2056,2030
2044,2048,2040,2051,1991,2010,2016,2018
2036,2043,2034,2038,1980,1998,2022,2009
2028,2041,2040,2039,2018,1989,2021,1996
2025,2026,2038,2056,2072,2011,2043,2003
2035,2033,2033,2069,2096,2039,2061,2015
2047,2044,2051,2078,2105,2054,2067,2021
2051,2048,2067,2074,2097,2064,2051,2026
2057,2055,2084,2073,2070,2019,2045,2033
2063,2067,2095,2097,2067,1995,2043,2038
2071,2067,2103,2104,2064,2005,2038,2046
2057,2060,2097,2098,2072,2034,2054,2034
2053,2055,2094,2094,2082,2065,2063,2022
2043,2046,2094,2090,2094,2079,2062,2021
2042,2042,2088,2090,2112,2090,2078,2025
2044,2041,2081,2091,2091,2079,2061,2038
2038,2040,2096,2086,2060,2063,2056,2052
2034,2040,2099,2074,2043,2067,2025,2044
2030,2041,2097,2071,2032,2085,2057,2054
2035,2043,2089,2057,2022,2096,2033,2055
2027,2027,2062,2053,2034,2071,2016,2054
2029,2035,2067,2086,2087,2041,2031,2069
2047,2059,2091,2119,2129,2036,2067,2080
2068,2066,2099,2119,2116,2050,2070,2079
2066,2056,2082,2106,2087,2038,2047,2073
2058,2045,2065,2072,2035,2011,2041,2057
2052,2038,2045,2045,2035,2018,2037,2048
2039,2034,2041,2034,2040,2030,2055,2049
2047,2045,2033,2041,2081,2034,2073,2053
2046,2038,2003,2032,2066,2023,2067,2045
2052,2042,2008,2022,1990,2018,2085,2036
2050,2052,2028,2029,2046,2011,2090,2039
2059,2058,2026,2042,2117,2004,2082,2042
2061,2055,2025,2041,2097,1997,2098,2040
2065,2060,2026,2043,2079,2001,2076,2034
2065,2060,2031,2035,2047,2005,2069,2026
2067,2058,2032,2048,2067,2018,2061,2016
2050,2051,2035,2050,2066,2006,2049,2010
2046,2044,2032,2041,2006,2014,2046,2028
2053,2066,2033,2042,1969,2039,2053,2029
2060,2072,2038,2058,1976,2081,2056,2010
2052,2062,2040,2061,2026,2118,2064,2008
2040,2057,2048,2064,2055,2102,2033,2020
2041,2055,2051,2055,2056,2078,2042,2027
2048,2050,2039,2043,2084,2065,2043,2026
2042,2039,2021,2041,2093,2043,2014,2028
2037,2031,2023,2035,2092,2071,2029,2030
2039,2032,2017,2041,2128,2108,2041,2040
2049,2035,2014,2034,2096,2096,2022,2040
2034,2038,2015,2022,1940,2056,2031,2048
2037,2039,2030,2025,1882,1988,2010,2062
2043,2050,2042,2059,2005,1970,2041,2072
2042,2047,2037,2073,2091,2036,2065,2075
2042,2038,2018,2056,2094,2072,2052,2058
2026,2012,1988,2040,2107,2077,2039,2054
2024,2015,1986,2034,2100,2055,2043,2065
2031,2024,1993,2040,2096,2023,2054,2074
2039,2033,2012,2041,2102,2008,2030,2068
2043,2050,2026,2035,2117,2018,2042,2065
2049,2046,2027,2035,2128,2036,2056,2058
2051,2051,2044,2038,2109,2043,2056,2059
2059,2062,2062,2036,2039,2050,2060,2054
2057,2059,2057,2022,1942,2058,2063,2048
2055,2058,2063,2040,1978,2061,2063,2043
2050,2056,2063,2045,2018,2054,2071,2042
2058,2056,2064,2053,2038,2059,2052,2036
2058,2057,2052,2054,2070,2066,2041,2025
2055,2055,2036,2055,2086,2081,2024,2025
2053,2049,2030,2042,2100,2087,2020,2024
2044,2045,2032,2036,2073,2051,2035,2016
2050,2045,2033,2026,1998,2011,2014,2009
2042,2040,2041,2038,1953,2015,2016,2018
2049,2046,2057,2053,1971,2052,2046,2019
2052,2052,2068,2057,2000,2072,2055,2014
2048,2047,2058,2042,2013,2064,2044,2019
2046,2050,2043,2018,2008,2053,2038,2025
2046,2050,2042,2011,1992,2046,2049,2025
2050,2044,2038,2017,2005,2047,2066,2034
2049,2041,2036,2019,2001,2042,2040,2036
2052,2043,2031,2045,2041,2056,2056,2035
2049,2034,2034,2055,2069,2054,2061,2044
2044,2037,2035,2050,2047,2054,2061,2052
2042,2033,2041,2052,2035,2058,2072,2058
2039,2042,2047,2048,2045,2052,2030,2058
2039,2039,2051,2045,2023,2042,2022,2065
2041,2047,2057,2048,2032,2036,2026,2068
2048,2048,2061,2057,2076,2038,2040,2068
2045,2050,2054,2066,2113,2040,2036,2064
2047,2052,2047,2060,2103,2052,2030,2078
2051,2048,2044,2056,2094,2060,2042,2080
2065,2052,2032,2054,2113,2069,2048,2071
2069,2056,2030,2072,2128,2083,2052,2057
2065,2045,2028,2078,2142,2098,2046,2052
2055,2037,2025,2078,2159,2101,2018,2039
2050,2036,2036,2084,2154,2091,2025,2032
2055,2035,2045,2080,2128,2091,2046,2026
2053,2032,2049,2067,2063,2094,2054,2022
2045,2025,2048,2072,2079,2087,2046,2023
2042,2038,2061,2092,2076,2080,2062,2022
2029,2049,2072,2095,2009,2066,2018,2014
2031,2050,2086,2092,1995,2052,2038,2022
2038,2049,2083,2087,2013,2050,2060,2024
2047,2055,2086,2091,2007,2039,2058,2025
2047,2044,2080,2099,1986,2027,2042,2023
2038,2024,2063,2085,1982,2030,2046,2011
2031,2016,2050,2073,1996,2032,2034,2021
2042,2041,2082,2093,2025,2025,2050,2025
2046,2059,2096,2079,2043,2023,2059,2023
2055,2066,2096,2069,2084,2044,2064,2034
2061,2068,2087,2064,2108,2063,2063,2039
2068,2063,2066,2059,2094,2080,2072,2039
2070,2064,2044,2042,2055,2076,2063,2044
2065,2057,2020,2028,2021,2071,2051,2053
2062,2051,2001,2020,1985,2071,2054,2068
2070,2052,2010,2025,1967,2070,2062,2068
2071,2052,2013,2005,1909,2046,2053,2065
2057,2048,2005,1990,1874,2023,2044,2060
2050,2045,1999,1976,1880,1983,2053,2055
2047,2034,1988,1979,1997,1992,2038,2044
2029,2018,1991,1992,2081,2044,2049,2044
2021,2030,2010,1999,2073,2055,2031,2050
2025,2036,2025,2004,2046,2073,2034,2069
2036,2051,2038,2022,2084,2096,2032,2073
2036,2063,2038,2035,2096,2066,2047,2073
2039,2055,2023,2049,2089,2032,2042,2074
2043,2039,2008,2054,2079,2050,2053,2062
2040,2034,1999,2042,2031,2031,2053,2053
2038,2045,2013,2061,2061,2008,2050,2056
2051,2055,2033,2088,2089,2013,2055,2051
2046,2061,2037,2094,2096,2027,2045,2046
2046,2056,2043,2094,2095,2032,2032,2048
2047,2059,2043,2092,2087,2023,2045,2057
2053,2055,2041,2087,2071,2024,2027,2046
2049,2047,2045,2055,2053,2042,2047,2029
2044,2038,2066,2032,2038,2053,2034,2017
2041,2049,2102,2034,2033,2054,2057,2016
2044,2063,2135,2058,2090,2062,2068,2022
2054,2073,2140,2073,2115,2046,2044,2012
2043,2062,2131,2083,2114,2026,2042,2023
2048,2068,2133,2086,2106,2032,2044,2035
2055,2077,2115,2091,2105,2039,2036,2033
2058,2062,2089,2084,2084,2050,2052,2031
2055,2055,2062,2074,2058,2055,2043,2024
2046,2047,2037,2059,2045,2040,2046,2027
2042,2049,2033,2057,2049,2043,2049,2032
2045,2052,2032,2052,2037,2052,2060,2040
2047,2049,2029,2044,2034,2055,2033,2049
2051,2042,2028,2032,2026,2051,2073,2053
2044,2044,2019,2027,2023,2045,2065,2059
2043,2042,2032,2020,2007,2045,2050,2063
2039,2043,2035,2026,2028,2042,2058,2073
2041,2036,2034,2020,2039,2042,2052,2074
2048,2039,2035,2026,2034,2041,2052,2080
2047,2044,2037,2031,2046,2049,2054,2076
2039,2035,2031,2034,2025,2037,2041,2072
2041,2030,2025,2035,2034,2040,2028,2074
2043,2039,2042,2048,2045,2049,2047,2070
2052,2048,2053,2057,2053,2048,2049,2066
2042,2051,2058,2061,2022,2037,2052,2061
2035,2043,2048,2060,2024,2035,2050,2049
2034,2038,2046,2055,2045,2039,2037,2046
2039,2037,2060,2053,2043,2030,2039,2044
2038,2041,2070,2050,2068,2023,2063,2046
2037,2034,2061,2065,2076,2039,2032,2043
2049,2039,2054,2080,2122,2045,2045,2032
2053,2054,2063,2089,2111,2060,2031,2031
2051,2060,2074,2108,2143,2104,2053,2023
2054,2066,2074,2126,2165,2120,2082,2025
2057,2074,2062,2108,2112,2104,2069,2033
2065,2077,2061,2096,2111,2088,2063,2033
2068,2076,2061,2063,2016,2048,2026,2022
2057,2067,2059,2016,1932,1997,2016,2016
2052,2065,2061,2021,2071,2025,2029,2017
2058,2068,2062,2040,2086,2015,2026,2014
2051,2047,2043,2022,1963,1986,2008,2014
2043,2046,2034,2023,1986,2005,2025,2027
2041,2051,2039,2046,2056,2004,2042,2030
2036,2055,2029,2041,2100,1999,2049,2036
2046,2052,2037,2053,2153,2035,2073,2047
2057,2069,2057,2083,2173,2061,2093,2061
2059,2069,2071,2103,2192,2064,2082,2065
2064,2070,2087,2104,2212,2088,2096,2069
2057,2070,2090,2079,2152,2086,2087,2065
2049,2049,2071,2029,2000,2087,2076,2071
2045,2046,2062,2029,1966,2084,2076,2092
2056,2052,2058,2025,1987,2054,2058,2091
2046,2041,2044,2000,2021,2049,2041,2078
2042,2056,2064,2000,2046,2054,2034,2072
2040,2057,2069,2005,1931,2041,2037,2073
2042,2050,2063,1995,1856,2038,2035,2078
2041,2054,2062,1998,1859,2041,2039,2073
2036,2052,2050,1990,1806,2025,2038,2072
2042,2059,2056,2015,1856,2024,2031,2066
2032,2055,2054,2041,1944,2003,2015,2061
2041,2053,2059,2046,1997,2008,2017,2056
2043,2058,2068,2079,2099,2043,2038,2072
2066,2071,2075,2099,2164,2071,2059,2067
2070,2068,2068,2082,2148,2081,2079,2046
2056,2051,2038,2057,2114,2071,2073,2030
2048,2040,2026,2062,2150,2068,2050,2026
2053,2042,2027,2079,2176,2071,2043,2030
2050,2045,2033,2091,2136,2072,2049,2019
2046,2038,2025,2083,2093,2070,2064,2023
2041,2043,2022,2077,2054,2062,2071,2014
2037,2035,2012,2062,2010,2037,2076,2002
2025,2029,2008,2052,2016,2040,2056,2006
2029,2030,2022,2076,2092,2075,2068,2018
2035,2043,2024,2089,2130,2094,2071,2025
2046,2036,2019,2068,2094,2079,2061,2026
2039,2039,2011,2041,2062,2070,2057,2022
2040,2028,2001,2025,2032,2057,2057,2020
2042,2026,2005,2030,2036,2036,2057,2033
2046,2031,2025,2046,2038,2038,2054,2032
2045,2032,2025,2047,2047,2050,2063,2034
2042,2029,2027,2048,2044,2066,2053,2043
2042,2038,2039,2057,2054,2081,2073,2046
2031,2035,2037,2054,2065,2081,2076,2042
2028,2032,2040,2053,2065,2077,2084,2051
2024,2029,2053,2055,2067,2059,2063,2064
2028,2031,2054,2048,2112,2052,2050,2071
2035,2035,2056,2055,2122,2056,2067,2073
2036,2036,2049,2054,2091,2047,2059,2070
2044,2041,2041,2052,2062,2044,2036,2075
2049,2053,2045,2064,2095,2064,2056,2077
2062,2066,2056,2076,2127,2078,2054,2085
2063,2077,2079,2083,2129,2083,2054,2077
2065,2080,2087,2084,2106,2065,2060,2070
2070,2071,2081,2092,2105,2073,2055,2059
2058,2062,2066,2080,2036,2070,2060,2046
2038,2058,2056,2054,1964,2066,2038,2037
2035,2053,2047,2052,1964,2064,2033,2032
2043,2054,2056,2050,1940,2020,2030,2035
2045,2048,2062,2048,1900,1961,2036,2032
2047,2051,2068,2058,1948,1967,2044,2026
2055,2052,2066,2059,1995,1998,2049,2023
2049,2045,2055,2053,2037,2021,2057,2023
2045,2043,2055,2057,2084,2025,2051,2020
2046,2047,2053,2047,2058,2017,2042,2019
2032,2036,2052,2030,2061,2022,2054,2014
2029,2036,2054,2036,2041,2038,2055,2025
2042,2044,2072,2052,2023,2051,2064,2024
2052,2045,2073,2054,2005,2061,2059,2030
2057,2049,2079,2062,2014,2066,2069,2035
2056,2052,2076,2066,2030,2066,2051,2037
2053,2054,2071,2063,2035,2061,2049,2037
2050,2059,2071,2063,2012,2061,2066,2030
2047,2047,2059,2054,1995,2070,2063,2035
2044,2028,2041,2033,2011,2075,2068,2046
2040,2028,2031,2008,1985,2095,2062,2052
2038,2036,2039,2007,1990,2092,2064,2058
2040,2045,2056,2024,2008,2047,2047,2064
2038,2045,2056,2027,2002,2007,2045,2074
2034,2035,2052,2025,1976,1966,2045,2077
2032,2044,2057,2041,2047,1974,2061,2091
2041,2045,2060,2051,2103,2008,2060,2089
2039,2032,2050,2048,2119,2045,2060,2078
2035,2030,2042,2052,2138,2084,2062,2074
2038,2034,2038,2056,2101,2088,2058,2064
2032,2032,2025,2062,2071,2075,2059,2063
2034,2026,2024,2062,2056,2080,2042,2064
2040,2034,2031,2072,2065,2089,2048,2055
2042,2039,2030,2069,2072,2077,2032,2041
2034,2040,2032,2064,2080,2057,2032,2037
2041,2046,2036,2052,2076,2041,2021,2030
2051,2048,2029,2030,2028,2042,2029,2032
2053,2029,2011,2008,2053,2043,2024,2034
2047,2028,2005,2012,2060,2052,2043,2045
2050,2041,2016,2025,2059,2060,2067,2054
2058,2052,2027,2032,2040,2062,2051,2036
2060,2059,2038,2039,2038,2062,2041,2028
2044,2057,2042,2055,2022,2052,2049,2019
2041,2048,2042,2039,1984,2023,2041,2019
2044,2036,2036,2028,1978,1999,2039,2028
2042,2039,2042,2041,2023,2022,2054,2035
2056,2049,2040,2053,2042,2033,2054,2034
2056,2047,2040,2059,2058,2036,2042,2029
2050,2051,2045,2067,2078,2047,2038,2041
2060,2048,2047,2075,2118,2067,2047,2043
2058,2050,2042,2080,2149,2085,2056,2038
2049,2046,2038,2092,2148,2088,2043,2044
2053,2046,2050,2091,2134,2082,2050,2044
2050,2042,2047,2094,2111,2060,2053,2049
2052,2039,2051,2087,2086,2021,2049,2063
2049,2034,2043,2076,2056,2008,2030,2068
2050,2032,2047,2076,2034,2009,2042,2074
2051,2037,2057,2065,2016,2010,2033,2075
2047,2042,2053,2035,2006,2012,2031,2073
2049,2037,2045,2024,1989,2023,2039,2075
2035,2022,2026,2023,1974,2020,2042,2071
2035,2011,2025,2033,1988,2023,2042,2067
2041,2018,2041,2056,2005,2039,2070,2075
2041,2016,2048,2057,2044,2049,2067,2069
2053,2029,2054,2070,2100,2055,2060,2066
2043,2037,2052,2072,2091,2048,2049,2064
2054,2045,2039,2064,2070,2039,2043,2058
2058,2052,2034,2060,2067,2049,2051,2056
2061,2057,2028,2073,2089,2067,2059,2046
2070,2058,2017,2076,2092,2073,2054,2041
2069,2052,2010,2064,2076,2067,2035,2036
2069,2051,1999,2055,2054,2045,2036,2028
2060,2043,1995,2062,2057,2056,2044,2028
2049,2040,1997,2069,2072,2061,2050,2018
2045,2047,2000,2074,2082,2061,2028,2016
2047,2050,2014,2070,2086,2056,2048,2018
2051,2045,2021,2062,2079,2042,2033,2004
2033,2027,2004,2035,2060,2032,2009,1997
2036,2023,1992,2025,2058,2034,2016,2014
2046,2029,1996,2021,2060,2035,2027,2016
2041,2014,1997,2008,2064,2036,2036,2025
2040,2010,2000,2010,2071,2040,2039,2027
2038,2021,2025,2018,2017,2039,2032,2028
2033,2039,2053,2028,1997,2033,2026,2033
2047,2062,2078,2033,2022,2033,2041,2041
2048,2068,2095,2051,2087,2062,2055,2052
2047,2067,2094,2051,2114,2086,2060,2065
2052,2062,2081,2040,2088,2093,2053,2064
2057,2060,2071,2025,2062,2091,2046,2067
2058,2048,2064,2025,2060,2096,2051,2070
2042,2041,2059,2034,2064,2083,2045,2080
2039,2044,2072,2040,2051,2064,2042,2082
2040,2050,2075,2031,2029,2024,2037,2087
2042,2049,2062,2009,2003,1998,2020,2076
2032,2034,2058,2000,2014,2008,2041,2077
2036,2042,2063,2010,2042,2035,2038,2084
2048,2052,2062,2009,2073,2040,2046,2080
2054,2059,2051,2021,2120,2041,2045,2078
2066,2062,2054,2029,2148,2026,2063,2071
2061,2066,2060,2036,2169,1987,2053,2078
2062,2060,2058,2045,2152,1961,2050,2061
2053,2054,2056,2036,2136,1980,2051,2056
2054,2047,2052,2029,2089,2018,2063,2040
2049,2054,2054,2026,2022,2063,2071,2032
2052,2061,2052,2020,1949,2103,2070,2027
2057,2061,2054,2001,1912,2113,2080,2031
2053,2056,2044,2000,1894,2093,2078,2026
2054,2065,2060,2026,1970,2089,2087,2022
2055,2073,2074,2043,2003,2070,2084,2020
2058,2065,2073,2062,2018,2056,2052,2021
2055,2052,2065,2058,2024,2027,2054,2005
2045,2046,2059,2048,2017,2032,2061,2010
2045,2045,2058,2051,2004,2037,2065,2015
2043,2040,2059,2041,1992,2041,2042,2023
2045,2044,2059,2042,2001,2049,2057,2025
2053,2046,2053,2049,2013,2060,2068,2031
2052,2053,2059,2056,2030,2067,2052,2032
2055,2051,2055,2062,2108,2076,2067,2037
2052,2053,2054,2079,2129,2091,2081,2043
2062,2052,2056,2091,2161,2087,2065,2045
2056,2051,2048,2088,2157,2093,2058,2048
2062,2052,2035,2088,2158,2084,2071,2060
2052,2050,2018,2097,2160,2076,2068,2071
2048,2043,2015,2087,2088,2059,2065,2072
2051,2041,2019,2077,2026,2058,2074,2081
2055,2046,2019,2053,1908,2048,2068,2080
2052,2050,2016,2016,1823,2026,2067,2074
2048,2039,2012,1979,1841,2032,2031,2070
2040,2028,1997,1979,1862,2064,2051,2061
2037,2032,2002,1994,1915,2081,2047,2048
2034,2026,1997,2013,2037,2088,2028,2048
2040,2036,2009,2053,2128,2092,2028,2053
2047,2042,2016,2070,2156,2044,2042,2063
2051,2047,2020,2061,2139,2042,2046,2049
2047,2042,2015,2043,2051,2037,2038,2033
2047,2048,2024,2034,1989,2036,2043,2029
2048,2047,2021,2020,1935,2018,2025,2027
2048,2037,2018,2023,1996,1991,2025,2036
2052,2040,2034,2048,2059,1991,2054,2042
2055,2041,2030,2039,2070,2006,2065,2039
2050,2034,2018,2017,2079,2035,2040,2026
2042,2026,2025,2017,2117,2089,2053,2019
2052,2043,2050,2044,2153,2125,2042,2020
2060,2056,2070,2055,2148,2120,2041,2012
2047,2039,2063,2036,2096,2061,2042,2010
2046,2038,2056,2008,1935,1991,2055,2033
2057,2056,2067,2030,1937,2007,2073,2038
2063,2057,2075,2055,2049,2029,2071,2038
2063,2055,2073,2066,2087,2055,2070,2034
2060,2053,2068,2076,2112,2066,2064,2033
2055,2057,2052,2075,2098,2051,2051,2028
2049,2050,2049,2059,2041,2047,2028,2036
2052,2052,2057,2075,2060,2042,2018,2038
2058,2060,2065,2095,2037,2043,2019,2050
2059,2054,2061,2080,1970,2033,2030,2049
2050,2052,2061,2071,1954,2025,2035,2056
2048,2051,2056,2082,1978,2032,2046,2064
2045,2048,2044,2068,1959,2026,2033,2058
2045,2046,2049,2072,1998,2029,2037,2065
2046,2052,2078,2080,2061,2044,2068,2076
2054,2047,2084,2076,2121,2062,2056,2075
2052,2040,2081,2074,2168,2080,2067,2069
2048,2046,2097,2093,2185,2087,2066,2074
2059,2058,2100,2096,2135,2087,2051,2078
2054,2062,2102,2080,2095,2068,2051,2074
2057,2065,2095,2057,2043,2048,2037,2065
2052,2061,2090,2047,2022,2043,2044,2060
2051,2061,2090,2038,1992,2036,2053,2050
2054,2058,2081,2032,1965,2025,2043,2036
2054,2056,2076,2030,1950,2012,2044,2032
2052,2052,2067,2024,1970,1988,2022,2037
2055,2052,2061,2019,1979,1994,2010,2032
2059,2054,2059,2018,2049,2036,2029,2025
2051,2043,2051,2039,2108,2070,2034,2014
2051,2047,2037,2055,2122,2090,2068,2016
2056,2056,2037,2049,2086,2084,2080,2021
2052,2049,2031,2031,2067,2084,2054,2014
2050,2038,2016,2011,2060,2074,2037,2008
2043,2029,2018,2019,2063,2067,2023,2010
2048,2033,2024,2029,2071,2072,2047,2015
2059,2038,2030,2034,2067,2024,2048,2030
2063,2035,2036,2026,2045,2012,2046,2030
2055,2031,2038,2038,2050,2025,2041,2028
2058,2046,2059,2051,2066,2032,2049,2033
2054,2059,2085,2059,2087,2061,2053,2025
2057,2062,2081,2048,2077,2059,2055,2025
2053,2059,2073,2046,2075,2060,2064,2038
2052,2054,2060,2043,2071,2058,2069,2049
2048,2050,2054,2046,2069,2058,2050,2054
2046,2047,2053,2041,2065,2055,2062,2067
2050,2046,2054,2043,2064,2056,2061,2066
2050,2045,2053,2037,2059,2054,2053,2075
2043,2045,2051,2031,2050,2048,2040,2066
2039,2041,2048,2033,2045,2044,2045,2069
2036,2036,2040,2026,2040,2042,2050,2067
2039,2034,2035,2028,2032,2047,2056,2066
2041,2045,2041,2028,2036,2052,2050,2066
2044,2039,2042,2031,2035,2044,2044,2067
2034,2038,2034,2028,2034,2048,2044,2059
2036,2038,2039,2031,2042,2050,2054,2057
2040,2041,2039,2037,2048,2046,2066,2055
2040,2047,2042,2031,2035,2040,2059,2051
2049,2053,2046,2027,2004,2030,2046,2048
2058,2047,2044,2024,2004,2022,2061,2044
2051,2051,2041,2018,2012,2031,2053,2027
2044,2041,2032,2027,2050,2055,2060,2023
2048,2044,2046,2053,2079,2076,2061,2020
2052,2050,2055,2056,2090,2086,2061,2020
2049,2038,2044,2044,2072,2099,2070,2014
2046,2033,2036,2028,2017,2110,2058,2011
2050,2035,2032,2015,1949,2090,2033,2000
2036,2024,2024,2003,1918,2074,2029,2007
2032,2022,2023,2028,1983,2052,2040,2028
2050,2036,2054,2057,2034,1985,2033,2049
2063,2034,2069,2087,2068,1979,2032,2053
2067,2044,2072,2114,2145,2037,2049,2048
2065,2043,2081,2120,2164,2091,2059,2031
2043,2038,2069,2119,2163,2113,2071,2027
2028,2027,2051,2115,2237,2117,2061,2028
2037,2025,2037,2119,2301,2121,2056,2036
2045,2025,2032,2139,2310,2125,2052,2058
2059,2024,2022,2144,2271,2122,2067,2053
2054,2042,2037,2147,2224,2106,2069,2057
2042,2029,2025,2137,2189,2090,2060,2058
2041,2023,2019,2128,2149,2070,2059,2050
2037,2022,1998,2111,2051,2031,2060,2044
2024,2014,1980,2062,1817,1968,2040,2058
2014,2003,1957,2036,1826,1970,2016,2054
1996,1988,1947,2033,1900,2004,2014,2060
2011,1990,1956,2034,1969,2048,2064,2067
2034,2024,1987,2045,2058,2081,2062,2061
2048,2045,2006,2030,2103,2091,2056,2046
2036,2037,1994,1999,2038,2081,2062,2046
2028,2028,1981,1981,2014,2080,2062,2045
2016,2018,1995,1980,1992,2080,2068,2052
2019,2028,2009,1964,1975,2059,2067,2054
2030,2045,2039,1966,1983,2065,2069,2061
2052,2060,2068,1972,2017,2079,2085,2068
2064,2076,2098,1981,2000,2081,2094,2068
2072,2082,2108,1970,1924,2053,2084,2052
2068,2080,2103,1952,1874,1991,2042,2035
2064,2073,2101,1963,1944,1967,2048,2026
2051,2053,2084,1992,2011,2005,2044,2021
2049,2047,2096,2016,2053,2033,2046,2010
2043,2045,2095,2046,2121,2036,2060,2012
2043,2055,2094,2057,2124,2030,2051,2017
2047,2060,2095,2056,2087,2035,2066,2028
2051,2058,2073,2029,2058,2031,2032,2026
2050,2056,2055,2009,2021,2024,2048,2023
2053,2057,2056,2011,2016,2021,2042,2028
2054,2064,2071,2038,2050,2039,2052,2037
2054,2061,2072,2039,2050,2054,2067,2033
2058,2068,2072,2027,2017,2064,2063,2039
2058,2062,2071,2020,1982,2057,2050,2043
2062,2064,2066,2010,1987,2040,2036,2040
2052,2064,2064,2008,1985,2002,2031,2049
2061,2064,2062,2032,2026,1969,2056,2064
2056,2061,2075,2048,2088,2014,2064,2081
2057,2051,2061,2050,2092,2049,2069,2092
2049,2047,2060,2050,2100,2074,2054,2090
2052,2055,2061,2045,2081,2069,2060,2085
2045,2047,2046,2026,2056,2064,2040,2085
2047,2042,2045,2028,2049,2062,2044,2098
2050,2047,2049,2032,2035,2063,2046,2088
2056,2047,2051,2038,2039,2058,2046,2083
2054,2051,2053,2037,2040,2064,2035,2076
2053,2048,2056,2042,2040,2070,2056,2069
2052,2043,2052,2048,2035,2064,2052,2066
2048,2050,2060,2048,2033,2061,2063,2053
2056,2050,2068,2051,2031,2046,2060,2049
2048,2054,2073,2043,2039,2033,2050,2043
2059,2057,2075,2043,2040,2039,2051,2038
2054,2057,2069,2045,2046,2054,2054,2040
2058,2054,2058,2043,2050,2064,2059,2029
2053,2054,2055,2044,2046,2059,2050,2016
2047,2052,2058,2042,2038,2044,2045,2023
2047,2052,2052,2040,2040,2037,2040,2018
2039,2046,2050,2031,2032,2030,2032,2014
2034,2035,2041,2034,2035,2034,2021,2018
2040,2039,2049,2042,2049,2038,2035,2025
2049,2050,2053,2049,2042,2035,2021,2030
2051,2047,2051,2040,2036,2022,2035,2028
2055,2051,2051,2042,2031,2029,2031,2032
2050,2048,2049,2042,2038,2033,2039,2033
2045,2047,2053,2048,2052,2041,2046,2029
2044,2046,2050,2040,2034,2041,2052,2031
2043,2048,2051,2038,2029,2035,2058,2039
2051,2054,2052,2033,2030,2039,2052,2049
2047,2042,2055,2030,2034,2044,2043,2054
2045,2046,2053,2030,2041,2050,2051,2058
2044,2046,2049,2036,2042,2057,2073,2065
2039,2042,2049,2044,2054,2055,2066,2078
2046,2045,2054,2044,2061,2054,2062,2075
2039,2041,2054,2046,2056,2051,2059,2075
2037,2027,2041,2031,2045,2043,2061,2073
2027,2024,2033,2027,2055,2041,2059,2072
2038,2037,2043,2032,2063,2047,2052,2072
2041,2046,2049,2037,2063,2046,2068,2070
2045,2046,2055,2043,2064,2056,2063,2064
2049,2049,2050,2045,2061,2058,2037,2065
2048,2042,2049,2040,2071,2061,2047,2073
2057,2048,2046,2040,2068,2056,2062,2053
2050,2040,2042,2041,2025,2044,2046,2046
2056,2044,2047,2047,1994,2046,2043,2043
2051,2042,2048,2059,2053,2053,2038,2034
2051,2040,2046,2064,2089,2072,2046,2033
2051,2035,2045,2062,2103,2086,2046,2032
2051,2044,2047,2068,2117,2090,2071,2030
2062,2048,2051,2060,2113,2108,2060,2027
2058,2036,2048,2040,2067,2121,2058,2026
2038,2019,2020,1998,1938,2095,2040,2007
2034,2003,1996,1942,1808,2065,2022,2000
2033,2000,1987,1931,1789,2038,2038,2005
2045,2021,2014,1981,1840,1989,2030,2028
2053,2032,2038,2029,1851,1970,2068,2033
2059,2037,2064,2063,1840,1976,2066,2037
2062,2050,2072,2053,1813,1971,2065,2037
2062,2037,2042,2029,1840,1961,2040,2031
2064,2035,2033,2031,1910,1983,2061,2046
2073,2033,2021,2053,1981,1997,2064,2050
2068,2028,2005,2081,2138,2049,2071,2066
2067,2029,1997,2136,2348,2113,2075,2057
2055,2035,1995,2177,2434,2129,2079,2047
2046,2041,1991,2155,2326,2106,2047,2050
2039,2044,1974,2108,2151,2059,2045,2046
2021,2025,1965,2068,2063,2044,2043,2055
2035,2045,1988,2067,2073,2038,2016,2060
2047,2057,2012,2068,2075,2023,2019,2048
2044,2047,2026,2050,2033,2020,2007,2055
2045,2049,2056,2043,2042,2035,2010,2062
2046,2058,2072,2009,2052,2046,2039,2057
2043,2051,2076,1980,2062,2054,2030,2060
2047,2060,2077,1970,2071,2048,2028,2062
2047,2062,2067,1973,2081,2054,2036,2058
2048,2059,2079,1999,2101,2066,2053,2056
2052,2073,2085,2017,2111,2065,2036,2039
2056,2076,2080,2012,2107,2058,2044,2038
2058,2074,2085,2014,2135,2079,2054,2045
2057,2066,2088,2026,2126,2111,2092,2050
2062,2069,2080,2039,2096,2109,2077,2046
2066,2068,2069,2032,2055,2074,2072,2053
2065,2059,2058,2028,2010,2027,2062,2040
2062,2060,2058,2031,2054,1976,2054,2041
2064,2073,2077,2066,2102,1964,2059,2031
2059,2065,2073,2057,2099,1982,2041,2018
2056,2050,2065,2035,2082,2026,2060,2024
2054,2049,2059,2030,2114,2061,2080,2041
2066,2060,2068,2043,2191,2068,2075,2035
2068,2053,2078,2056,2207,2058,2074,2034
2064,2058,2084,2058,2187,2061,2075,2033
2063,2052,2088,2022,2053,2057,2052,2033
2057,2056,2087,2013,2033,2068,2066,2045
2063,2058,2095,2030,2042,2062,2070,2047
2060,2058,2096,2036,2039,2081,2076,2046
2062,2056,2093,2025,1938,2065,2081,2052
2054,2050,2070,2017,1910,2057,2075,2057
2050,2042,2055,2019,1980,2055,2076,2062
2052,2037,2046,2019,2024,2042,2063,2069
2042,2036,2036,2009,2039,2033,2047,2073
2043,2034,2038,2006,1997,2020,2051,2077
2041,2031,2037,2007,1983,2027,2038,2072
2036,2025,2037,2017,1999,2030,2020,2076
2048,2030,2044,2019,2012,2037,2036,2081
2054,2041,2051,2020,1978,2033,2043,2082
2058,2049,2047,2015,1941,2033,2059,2073
2049,2042,2050,2014,1953,2035,2060,2066
2052,2044,2046,2027,1984,2037,2052,2057
2052,2041,2045,2028,1997,2051,2060,2056
2052,2043,2046,2033,2012,2054,2068,2050
2050,2045,2048,2026,2010,2045,2068,2047
2057,2045,2044,2024,2033,2052,2073,2046
2052,2045,2043,2035,2062,2056,2060,2042
2045,2043,2042,2036,2057,2060,2065,2034
2049,2043,2045,2036,2041,2058,2061,2033
2056,2039,2036,2031,2030,2047,2054,2030
2060,2033,2034,2029,2024,2041,2052,2032
2050,2029,2033,2027,2022,2028,2050,2029
2047,2040,2036,2032,2023,2025,2035,2024
2048,2035,2030,2028,2022,2027,2034,2025
