CH1,CH2,CH3,CH4,CH5,CH6,CH7,CH8
2041,2051,2067,2083,2023,2053,2044,2049
2043,2051,2072,2089,2021,2064,2072,2044
2048,2059,2082,2083,2020,2068,2072,2034
2045,2056,2067,2070,2029,2070,2084,2031
2047,2050,2060,2062,2029,2069,2072,2024
2046,2049,2052,2047,2016,2054,2034,2014
2029,2034,2041,2044,2001,2048,2039,2022
2033,2042,2052,2053,2032,2055,2068,2040
2056,2068,2068,2056,2026,2032,2051,2036
2055,2061,2058,2045,2020,2019,2036,2041
2053,2050,2053,2025,1992,1998,2024,2039
2055,2062,2053,2027,1992,2011,2037,2040
2060,2072,2051,2035,2024,2025,2048,2040
2054,2066,2045,2035,2028,2032,2043,2043
2053,2057,2041,2020,1984,2016,2058,2050
2056,2062,2046,2019,1988,2032,2045,2068
2060,2055,2070,2042,2030,2048,2051,2079
2067,2065,2083,2057,2070,2058,2044,2078
2055,2059,2078,2060,2088,2055,2054,2077
2056,2057,2078,2067,2107,2057,2044,2079
2050,2053,2066,2064,2160,2076,2048,2076
2047,2048,2061,2058,2200,2064,2029,2065
2022,2024,2049,2051,2217,2029,2024,2055
2024,2032,2058,2063,2215,2025,2035,2070
2037,2056,2065,2072,2184,2050,2020,2066
2038,2047,2053,2051,2140,2054,2023,2068
2035,2047,2041,2039,2110,2038,2045,2064
2039,2042,2031,2033,2108,2037,2032,2068
2038,2040,2031,2016,2070,2033,2050,2062
2043,2044,2024,1998,1984,2032,2055,2056
2047,2039,2009,1984,1878,2026,2059,2057
2049,2035,2007,1991,1902,2026,2045,2047
2049,2037,2011,2005,1963,2020,2032,2050
2049,2042,2017,2016,2006,2023,2036,2042
2054,2047,2026,2033,2046,2028,2031,2026
2047,2046,2034,2042,2050,2032,2040,2026
2043,2047,2033,2032,2008,2048,2031,2023
2049,2045,2027,2027,1997,2046,1993,2010
2028,2023,2018,2013,1999,2056,1998,2008
2026,2021,2022,2025,2005,2066,2039,2016
2040,2047,2050,2036,2033,2045,2030,2014
2047,2053,2061,2055,2048,2026,2034,2024
2048,2054,2067,2051,2066,2032,2040,2019
2045,2051,2059,2053,2062,2044,2048,2028
2038,2049,2061,2049,2054,2053,2061,2034
2043,2051,2058,2050,2056,2054,2065,2046
2043,2054,2060,2059,2052,2057,2078,2060
2050,2059,2055,2064,2066,2064,2085,2067
2052,2057,2060,2069,2061,2065,2083,2071
2058,2056,2054,2068,2062,2061,2059,2079
2058,2048,2048,2056,2057,2059,2062,2080
2050,2041,2039,2045,2053,2056,2058,2087
2050,2042,2035,2038,2044,2054,2060,2091
2049,2043,2040,2040,2043,2044,2030,2076
2034,2020,2028,2025,2043,2038,2016,2074
2024,2014,2026,2026,2041,2047,2048,2085
2043,2039,2040,2047,2052,2054,2053,2082
2041,2043,2033,2044,2044,2055,2047,2080
2051,2047,2039,2046,2044,2040,2047,2077
2045,2051,2049,2052,2049,2035,2035,2059
2048,2057,2064,2051,2035,2024,2051,2058
2046,2060,2065,2047,2031,2030,2050,2054
2049,2056,2058,2045,2034,2033,2058,2051
2052,2056,2052,2039,2032,2032,2052,2049
2043,2051,2044,2029,2018,2037,2042,2043
2042,2049,2036,2027,2035,2063,2054,2042
2049,2049,2029,2036,2043,2070,2045,2035
2047,2039,2017,2033,2036,2070,2061,2030
2045,2039,2004,2029,2042,2067,2053,2027
2044,2036,2002,2032,2043,2068,2046,2006
2020,2008,1970,2008,2030,2051,2032,2004
2008,1996,1964,2003,2029,2040,2020,2013
2024,2021,1985,2020,2050,2063,2050,2009
2027,2025,1990,2027,2062,2076,2037,2017
2032,2026,1990,2038,2067,2069,2040,2022
2039,2023,1989,2042,2082,2080,2064,2017
2038,2022,1983,2037,2081,2058,2054,2020
2037,2026,1980,2040,2060,2032,2040,2035
2041,2029,1987,2035,2039,2018,2028,2033
2043,2031,1997,2033,2053,2029,2032,2039
2041,2030,2007,2039,2062,2046,2039,2058
2052,2032,2021,2029,2054,2042,2054,2067
2052,2034,2030,2029,2041,2027,2048,2070
2049,2042,2058,2035,2037,2028,2045,2066
2044,2055,2085,2043,2035,2030,2053,2061
2043,2066,2099,2045,2014,2029,2054,2062
2038,2055,2089,2025,1967,2023,2042,2069
2034,2049,2091,2030,2014,2033,2053,2077
2053,2082,2115,2060,2081,2071,2080,2088
2072,2096,2121,2067,2095,2075,2055,2088
2069,2089,2107,2069,2089,2067,2062,2081
2062,2074,2092,2071,2082,2064,2084,2068
2057,2072,2076,2070,2044,2053,2074,2064
2058,2077,2074,2067,2034,2054,2064,2056
2062,2083,2082,2067,2040,2060,2055,2060
2066,2087,2081,2063,2026,2060,2058,2049
2065,2076,2063,2048,1980,2036,2055,2045
2060,2065,2052,2031,1947,2029,2055,2037
2054,2063,2045,2035,1957,2022,2056,2029
2056,2055,2045,2040,2002,2028,2054,2025
2049,2055,2050,2054,2035,2040,2039,2025
2040,2046,2036,2066,2044,2046,2053,2021
2037,2028,2016,2054,2028,2033,2038,2000
2025,2026,2020,2057,2052,2040,2034,2009
2036,2047,2050,2085,2095,2067,2060,2030
2052,2066,2055,2088,2103,2065,2048,2029
2050,2055,2059,2077,2141,2062,2050,2034
2049,2049,2065,2082,2167,2064,2062,2034
2051,2051,2065,2080,2131,2050,2070,2043
2056,2054,2069,2082,2096,2042,2057,2040
2061,2056,2060,2077,2095,2035,2050,2046
2057,2056,2064,2066,2054,2029,2032,2050
2058,2056,2073,2044,1937,2025,2044,2055
2052,2060,2079,2059,1968,2035,2039,2064
2056,2063,2079,2069,1994,2034,2049,2067
2053,2060,2077,2065,2011,2038,2030,2067
2045,2059,2077,2055,2021,2041,2035,2065
2046,2062,2086,2047,2028,2048,2038,2064
2050,2060,2077,2034,2016,2033,2026,2049
2027,2034,2056,2036,2017,2033,2029,2049
2033,2042,2058,2062,2045,2055,2062,2065
2047,2054,2066,2074,2060,2054,2056,2070
2049,2060,2075,2082,2053,2050,2044,2075
2055,2063,2076,2078,2060,2050,2056,2064
2060,2062,2052,2072,2055,2049,2060,2058
2060,2064,2046,2066,2053,2052,2073,2050
2064,2062,2050,2067,2056,2054,2067,2048
2061,2052,2050,2077,2038,2051,2041,2034
2054,2046,2045,2079,2035,2042,2028,2030
2051,2052,2050,2083,2031,2038,2048,2033
2054,2050,2054,2089,2032,2041,2056,2025
2050,2050,2053,2093,2024,2039,2039,2018
2049,2045,2045,2089,2016,2040,2063,2024
2046,2034,2024,2073,2014,2042,2067,2030
2053,2026,2013,2055,1997,2023,2054,2026
2041,2027,2026,2054,1995,2033,2053,2013
2053,2049,2043,2061,2014,2051,2077,2032
2060,2056,2045,2049,1990,2052,2055,2039
2059,2056,2050,2043,2014,2053,2032,2040
2066,2058,2057,2041,2028,2048,2034,2028
2051,2052,2060,2041,2069,2052,2040,2028
2046,2044,2064,2032,2070,2063,2057,2036
2047,2042,2055,2015,2043,2057,2053,2051
2051,2039,2041,2004,2045,2065,2051,2064
2052,2044,2042,2002,2064,2066,2066,2064
2055,2043,2038,1993,2022,2047,2051,2067
2055,2047,2034,1986,2011,2046,2051,2069
2061,2054,2055,2015,2015,2050,2035,2078
2061,2067,2076,2042,2043,2060,2041,2076
2065,2076,2085,2043,2070,2067,2040,2071
2046,2054,2057,2022,2069,2047,2007,2061
2030,2034,2038,2006,2089,2035,2011,2067
2053,2047,2038,2010,2134,2051,2036,2075
2061,2046,2030,2002,2145,2052,2041,2080
2062,2044,2012,1992,2135,2055,2044,2072
2060,2039,2006,1991,2137,2065,2039,2066
2058,2039,2012,2006,2130,2057,2053,2060
2056,2039,2020,2020,2139,2057,2058,2054
2062,2046,2037,2042,2151,2062,2056,2045
2064,2058,2053,2043,2120,2064,2041,2041
2066,2062,2065,2038,2001,2054,2046,2041
2064,2059,2061,2040,2003,2058,2027,2033
2058,2068,2063,2052,2066,2066,2048,2032
2059,2061,2054,2060,2080,2057,2068,2033
2062,2059,2050,2056,2046,2046,2042,2033
2060,2055,2046,2046,2012,2029,2043,2018
2045,2035,2025,2006,1917,2008,2025,2010
2034,2026,2017,1976,1847,2007,2043,2015
2053,2045,2041,1993,1906,2041,2063,2024
2056,2050,2038,2005,1952,2042,2054,2027
2053,2048,2037,2022,1987,2039,2060,2027
2052,2046,2055,2035,2016,2035,2036,2032
2057,2058,2071,2051,2034,2047,2034,2042
2058,2056,2068,2060,2053,2054,2056,2045
2058,2050,2062,2050,2049,2056,2052,2051
2053,2051,2056,2056,2065,2075,2058,2055
2055,2057,2054,2063,2102,2089,2080,2053
2053,2057,2055,2071,2104,2089,2072,2063
2060,2053,2046,2060,2089,2082,2071,2064
2051,2048,2049,2062,2077,2070,2059,2066
2049,2050,2063,2064,2050,2055,2055,2067
2051,2054,2076,2066,2033,2050,2012,2050
2036,2041,2063,2044,2020,2032,2000,2052
2029,2032,2064,2032,2020,2026,2021,2069
2050,2052,2070,2040,2014,2017,2024,2068
2048,2047,2065,2039,2031,2033,2041,2059
2051,2048,2047,2036,2059,2048,2033,2061
2052,2046,2043,2040,2078,2059,2044,2054
2049,2040,2032,2054,2078,2055,2038,2046
2050,2053,2035,2054,2077,2055,2036,2042
2050,2058,2030,2052,2083,2064,2042,2032
2053,2044,2024,2052,2076,2065,2045,2031
2058,2043,2019,2050,2070,2061,2053,2036
2048,2037,2011,2047,2068,2061,2050,2028
2046,2038,1993,2040,2062,2057,2037,2027
2047,2034,1980,2020,2024,2046,2046,2020
2044,2037,1978,2019,1978,2041,2039,2020
2044,2037,1980,2008,1975,2030,2026,2006
2024,2015,1972,2008,1989,2022,2022,1998
2032,2016,1985,2013,2008,2044,2030,2024
2054,2042,2027,2038,2035,2055,2062,2027
2056,2048,2032,2038,2037,2058,2042,2025
2058,2041,2026,2033,2038,2058,2057,2029
2052,2037,2028,2036,2032,2054,2042,2020
2042,2029,2031,2025,2028,2049,2032,2023
2036,2042,2042,2026,2040,2066,2044,2033
2041,2053,2061,2041,2055,2081,2064,2041
2046,2070,2085,2052,2064,2082,2070,2055
2058,2071,2096,2056,2066,2078,2060,2061
2061,2071,2095,2049,2074,2072,2049,2068
2061,2064,2083,2045,2072,2060,2042,2066
2056,2052,2076,2040,2054,2063,2024,2069
2054,2054,2071,2031,2034,2065,2023,2071
2050,2052,2073,2029,2008,2048,2030,2059
2030,2022,2053,2013,1972,2010,2013,2057
2029,2025,2052,2021,1972,1990,2022,2071
2042,2054,2062,2036,2002,1976,2044,2076
2049,2053,2062,2042,2037,1982,2040,2073
2048,2050,2060,2046,2047,2018,2034,2069
2056,2055,2074,2065,2082,2055,2059,2079
2066,2076,2091,2073,2094,2064,2068,2074
2071,2072,2084,2067,2084,2047,2073,2069
2068,2065,2075,2060,2067,2048,2078,2056
2064,2067,2069,2060,2054,2048,2058,2047
2054,2060,2062,2058,2026,2029,2043,2050
2054,2059,2064,2050,2009,2018,2054,2041
2059,2051,2070,2041,1994,2005,2061,2035
2054,2053,2063,2047,1996,2011,2063,2030
2052,2049,2058,2046,2009,2014,2056,2031
2049,2047,2060,2047,2023,2008,2040,2007
2031,2020,2038,2037,2033,1992,2006,2004
2026,2015,2035,2038,2036,2007,2035,2012
2045,2045,2062,2060,2066,2025,2031,2008
2053,2045,2069,2070,2093,2028,2006,2010
2048,2043,2068,2064,2092,2039,2025,2018
2050,2040,2065,2070,2103,2062,2042,2026
2053,2040,2050,2068,2104,2114,2061,2037
2052,2034,2040,2056,2086,2143,2055,2035
2051,2032,2026,2038,2082,2160,2037,2028
2047,2033,2025,2047,2089,2148,2025,2029
2049,2037,2034,2045,2086,2104,2035,2024
2050,2038,2026,2046,2072,2053,2043,2035
2045,2045,2026,2037,2071,2048,2029,2044
2037,2041,2026,2040,2049,2058,2027,2062
2036,2042,2025,2037,2048,2059,2033,2072
2042,2049,2026,2043,2050,2041,2045,2064
2031,2024,2008,2030,2035,2015,2016,2055
2023,2022,2008,2032,2040,2020,2034,2064
2037,2041,2030,2063,2054,2021,2058,2064
2041,2041,2024,2055,2040,2014,2053,2069
2043,2037,2033,2047,2029,2001,2050,2062
2051,2038,2033,2049,2016,1999,2048,2060
2046,2041,2024,2041,1990,1997,2020,2052
2038,2037,2022,2038,1996,2007,2025,2050
2044,2041,2011,2037,2043,2031,2014,2052
2058,2057,2022,2052,2064,2041,2019,2048
2066,2064,2052,2076,2092,2056,2034,2045
2066,2079,2076,2096,2092,2053,2025,2044
2064,2069,2070,2093,2072,2043,2027,2031
2055,2068,2073,2090,2060,2035,2035,2020
2054,2064,2069,2081,2043,2028,2028,2013
2055,2057,2060,2054,1979,2001,2019,2008
2036,2043,2054,2034,1961,1983,1998,1995
2025,2041,2057,2047,1972,1999,2021,2006
2041,2062,2067,2077,2015,2055,2044,2016
2055,2072,2074,2098,2068,2084,2069,2026
2057,2075,2063,2104,2081,2085,2059,2024
2058,2068,2044,2096,2066,2069,2041,2033
2056,2062,2029,2080,2072,2050,2043,2029
2056,2054,2019,2077,2100,2041,2058,2035
2049,2051,2002,2051,2110,2049,2061,2041
2046,2034,1981,2023,2109,2052,2061,2050
2038,2029,1969,1998,2117,2063,2068,2060
2043,2036,1986,2004,2113,2063,2036,2066
2048,2049,2016,2016,2133,2075,2064,2069
2045,2060,2049,2019,2114,2079,2065,2075
2056,2060,2056,2024,2067,2083,2075,2083
2057,2062,2062,2022,1951,2078,2059,2091
2052,2055,2062,2019,1943,2061,2048,2079
2036,2049,2072,2031,2014,2058,2046,2073
2046,2066,2101,2058,2084,2088,2062,2080
2059,2073,2100,2053,2078,2083,2055,2070
2061,2070,2095,2046,2053,2070,2050,2070
2053,2061,2071,2024,1963,2059,2036,2067
2052,2055,2062,2009,1923,2040,2047,2060
2048,2055,2059,2020,1934,1988,2033,2067
2059,2056,2060,2036,1939,1950,2047,2064
2063,2061,2057,2034,1948,1940,2056,2055
2060,2052,2044,2016,1900,1963,2051,2036
2044,2053,2042,2007,1880,1983,2053,2035
2053,2059,2054,2020,1959,2019,2062,2039
2064,2057,2050,2033,2012,2045,2055,2036
2048,2047,2042,2036,2070,2057,2062,2029
2052,2044,2050,2047,2104,2060,2059,2028
2053,2050,2044,2048,2101,2056,2062,2011
2033,2032,2052,2057,2088,2070,2049,2001
2037,2048,2080,2087,2089,2090,2060,2008
2044,2059,2092,2093,2073,2074,2054,2014
2049,2051,2084,2089,2060,2089,2048,2011
2048,2040,2065,2080,2031,2066,2049,2019
2034,2038,2059,2080,2009,2012,2041,2018
2036,2035,2057,2072,2007,1996,2036,2024
2038,2032,2030,2064,2012,2003,2036,2026
2038,2027,2023,2077,2057,2042,2043,2038
2047,2043,2033,2098,2096,2068,2073,2047
2054,2047,2027,2092,2114,2082,2071,2050
2051,2043,2000,2090,2126,2089,2059,2057
2043,2029,1974,2073,2099,2074,2061,2060
2043,2028,1965,2054,2099,2056,2053,2060
2043,2028,1969,2046,2091,2054,2047,2054
2043,2030,1977,2031,2073,2040,2034,2046
2022,1994,1953,1997,2046,2024,2014,2038
2012,1986,1941,1990,2046,2033,2028,2060
2034,2015,1968,1999,2054,2037,2026,2061
2040,2037,2005,2016,2051,2040,2052,2058
2050,2053,2032,2025,2049,2041,2046,2058
2043,2054,2035,2031,2034,2045,2049,2056
2040,2046,2041,2029,2029,2040,2043,2051
2045,2058,2053,2039,2032,2041,2046,2044
2052,2069,2084,2051,2047,2048,2067,2044
2050,2073,2097,2060,2057,2054,2062,2050
2050,2075,2097,2065,2052,2056,2067,2052
2062,2074,2098,2068,2046,2057,2052,2052
2057,2069,2097,2074,2035,2045,2056,2051
2063,2064,2098,2064,2038,2049,2053,2044
2066,2065,2089,2059,2045,2056,2058,2051
2064,2069,2082,2052,2049,2056,2060,2040
2057,2049,2054,2030,2040,2036,2041,2025
2047,2041,2048,2022,2032,2030,2054,2029
2059,2070,2073,2045,2051,2054,2053,2027
2054,2068,2075,2049,2052,2056,2069,2017
2052,2068,2069,2059,2054,2049,2072,2030
2055,2059,2062,2057,2050,2045,2040,2032
2049,2054,2060,2065,2046,2048,2047,2038
2058,2057,2059,2066,2046,2058,2064,2048
2058,2057,2052,2073,2041,2066,2037,2035
2053,2051,2056,2068,2041,2071,2064,2038
2047,2044,2049,2056,2035,2071,2067,2051
2044,2049,2050,2055,2026,2070,2049,2057
2051,2040,2052,2052,2030,2064,2064,2052
2049,2047,2052,2047,2029,2061,2059,2064
2044,2048,2053,2052,2032,2046,2056,2065
2040,2051,2054,2061,2049,2015,2025,2061
2022,2036,2041,2044,2037,1990,1998,2047
2012,2013,2031,2036,2020,1978,2001,2061
2014,2016,2038,2037,2003,1987,2026,2072
2039,2039,2044,2039,2008,1996,2035,2070
2046,2041,2039,2043,2022,2004,2010,2062
2039,2042,2036,2048,2038,2024,2039,2053
2041,2045,2047,2064,2067,2049,2062,2064
2054,2056,2051,2083,2086,2061,2045,2061
2047,2062,2055,2082,2075,2062,2035,2050
2045,2064,2061,2078,2069,2062,2047,2049
2052,2063,2060,2076,2060,2055,2056,2045
2042,2061,2058,2070,2039,2051,2053,2037
2044,2058,2058,2063,2029,2039,2041,2042
2049,2068,2063,2063,2013,2031,2029,2032
2045,2062,2057,2061,1994,2025,2029,2029
2047,2059,2055,2051,1990,2028,2047,2033
2036,2051,2049,2046,1995,2033,2036,2009
2021,2021,2024,2024,1974,2029,2018,2004
2017,2016,2020,2032,2018,2050,2042,2011
2036,2033,2024,2055,2089,2080,2053,2022
2036,2030,2017,2048,2087,2068,2056,2021
2042,2030,2018,2056,2106,2072,2045,2020
2042,2041,2020,2053,2100,2072,2049,2023
2052,2046,2033,2065,2088,2065,2061,2023
2054,2045,2042,2074,2077,2065,2040,2033
2048,2035,2030,2074,2069,2056,2034,2028
2050,2036,2039,2085,2077,2058,2056,2035
2052,2049,2041,2082,2075,2065,2056,2046
2050,2040,2029,2071,2058,2051,2060,2050
2032,2037,2025,2073,2057,2057,2067,2052
2041,2039,2033,2075,2045,2052,2049,2064
2042,2035,2031,2070,2046,2042,2050,2068
2036,2034,2033,2070,2050,2039,2036,2070
2037,2031,2022,2057,2037,2025,2033,2056
2018,2013,2021,2049,2045,2030,2020,2054
2022,2026,2045,2058,2046,2050,2051,2065
2042,2040,2064,2053,2040,2048,2059,2056
2031,2038,2068,2040,2038,2042,2052,2055
2031,2032,2055,2022,2040,2037,2025,2051
2033,2031,2054,2010,2038,2040,2041,2050
2035,2039,2063,2019,2046,2039,2026,2047
2042,2054,2078,2030,2043,2045,2051,2040
2048,2050,2078,2028,2022,2060,2055,2033
2045,2046,2075,2036,2007,2068,2052,2029
2043,2051,2093,2051,2002,2071,2058,2025
2049,2049,2097,2058,1995,2061,2046,2018
2040,2047,2093,2062,2007,2042,2050,2012
2041,2047,2085,2068,2044,2022,2045,2016
2044,2052,2093,2091,2082,2034,2053,2030
2049,2053,2090,2089,2099,2040,2044,2012
2037,2036,2074,2084,2111,2060,2044,2011
2034,2035,2067,2093,2114,2085,2055,2020
2049,2058,2061,2082,2101,2077,2064,2028
2043,2055,2059,2081,2094,2081,2075,2028
2056,2062,2054,2076,2089,2078,2066,2030
2054,2053,2055,2067,2086,2071,2067,2037
2053,2048,2052,2056,2077,2066,2082,2041
2049,2049,2047,2045,2072,2062,2072,2046
2053,2049,2040,2023,2066,2056,2075,2057
2061,2052,2039,2019,2070,2050,2077,2059
2054,2054,2039,2017,2069,2046,2072,2070
2058,2056,2049,2027,2066,2042,2071,2069
2048,2057,2052,2029,2054,2027,2064,2073
2053,2058,2054,2034,2052,2018,2048,2086
2053,2048,2052,2043,2045,2021,2050,2082
2052,2040,2040,2036,2028,2017,2049,2070
2027,2020,2031,2030,2020,2011,2038,2070
2035,2029,2041,2044,2036,2034,2051,2083
2050,2047,2052,2052,2038,2035,2065,2083
2052,2044,2050,2046,2036,2030,2053,2079
2049,2050,2047,2048,2036,2035,2063,2068
2045,2045,2038,2051,2038,2034,2062,2065
2046,2036,2034,2051,2044,2038,2064,2057
2040,2031,2024,2047,2027,2041,2063,2051
2039,2030,2019,2049,2047,2041,2063,2043
2040,2031,2012,2048,2078,2040,2054,2041
2042,2028,2017,2055,2088,2054,2068,2038
2050,2036,2023,2056,2086,2083,2064,2033
2045,2042,2029,2053,2059,2092,2071,2023
2034,2040,2031,2047,2042,2095,2067,2020
2033,2035,2043,2053,2045,2092,2066,2029
2041,2041,2045,2035,2021,2074,2026,2003
2025,2024,2027,2012,1987,2045,2036,2008
2026,2035,2026,2024,2021,2009,2051,2033
2049,2038,2028,2024,2023,1999,2062,2031
2046,2045,2041,2031,2029,2019,2063,2034
2054,2065,2075,2044,2047,2040,2062,2045
2058,2072,2095,2052,2058,2045,2061,2055
2065,2073,2099,2056,2072,2062,2058,2059
2061,2068,2094,2063,2082,2060,2060,2055
2057,2068,2075,2059,2076,2067,2067,2054
2054,2057,2069,2063,2077,2068,2070,2068
2055,2065,2063,2056,2067,2067,2067,2068
2049,2064,2065,2052,2068,2066,2073,2065
2046,2063,2059,2054,2056,2062,2068,2072
2044,2060,2063,2070,2055,2074,2068,2082
2050,2066,2079,2072,2046,2059,2066,2083
2050,2060,2066,2063,2029,2026,2045,2070
2038,2044,2050,2067,2018,2019,2034,2067
2045,2063,2065,2082,2037,2044,2064,2077
2059,2069,2060,2079,2041,2046,2059,2080
2055,2062,2048,2069,2037,2058,2059,2067
2051,2054,2055,2062,2030,2061,2055,2057
2044,2050,2060,2053,2007,2039,2030,2054
2046,2053,2058,2054,2011,2035,2028,2045
2047,2056,2071,2064,2030,2023,2019,2055
2050,2060,2072,2077,2046,2001,2014,2049
2047,2053,2056,2064,2044,2020,2024,2035
2045,2054,2048,2051,2035,2030,2015,2030
2046,2051,2035,2040,2029,2041,2030,2028
2038,2041,2020,2021,2018,2037,2038,2030
2036,2040,2000,2010,2027,2047,2039,2036
2037,2032,1990,1997,2025,2035,2056,2028
2037,2025,1986,1990,2006,2014,2045,2012
2022,2016,1995,1993,2007,2012,2032,2017
2028,2046,2032,2015,2024,2040,2059,2034
2060,2081,2051,2022,2046,2055,2071,2040
2067,2078,2053,2035,2063,2072,2075,2050
2069,2072,2042,2038,2082,2084,2098,2050
2062,2061,2029,2047,2082,2086,2096,2049
2060,2049,2022,2050,2070,2065,2079,2046
2049,2041,2026,2040,2052,2052,2063,2046
2043,2042,2028,2048,2051,2054,2072,2048
2050,2051,2038,2044,2047,2060,2063,2057
2056,2058,2036,2056,2049,2059,2056,2055
2054,2050,2037,2056,2055,2029,2055,2062
2055,2052,2053,2054,2064,1986,2047,2076
2051,2068,2072,2074,2078,1985,2046,2079
2049,2069,2089,2076,2073,1992,2049,2085
2056,2070,2093,2065,2052,1992,2027,2075
2034,2046,2075,2050,2042,1999,2020,2073
2029,2035,2071,2049,2043,2022,2038,2086
2046,2053,2066,2051,2047,2054,2047,2084
2043,2049,2059,2051,2037,2068,2054,2079
2044,2054,2049,2045,2044,2068,2067,2077
2048,2059,2053,2046,2065,2076,2076,2070
2057,2062,2052,2047,2100,2077,2065,2068
2057,2061,2053,2045,2114,2075,2048,2060
2051,2052,2043,2042,2114,2054,2034,2051
2044,2056,2041,2041,2118,2048,2027,2038
2038,2053,2040,2047,2113,2060,2057,2039
2047,2053,2038,2055,2113,2066,2054,2043
2044,2054,2036,2048,2088,2069,2074,2033
2049,2051,2024,2045,2053,2069,2065,2037
2042,2045,2021,2033,1940,2048,2056,2026
2039,2044,2030,2021,1892,2020,2038,2015
2021,2025,2023,2014,1931,2015,2029,2008
2022,2020,2027,2030,1973,2043,2054,2021
2042,2040,2040,2039,1998,2055,2052,2024
2032,2032,2036,2033,2007,2059,2052,2032
2031,2043,2051,2047,2044,2074,2050,2034
2046,2065,2084,2066,2089,2084,2049,2036
2052,2075,2105,2074,2094,2090,2041,2058
2063,2093,2114,2081,2088,2086,2040,2061
2074,2088,2097,2079,2089,2087,2063,2070
2062,2075,2081,2081,2087,2065,2060,2068
2056,2069,2073,2070,2076,2044,2041,2070
2057,2065,2064,2061,2071,2030,2010,2075
2049,2058,2056,2055,2055,2013,2030,2066
2047,2060,2049,2052,2037,1999,2013,2073
2047,2050,2044,2050,2037,2005,2029,2076
2052,2053,2045,2047,2036,2008,2019,2072
2030,2026,2023,2033,2034,2023,2018,2064
2031,2026,2031,2040,2035,2044,2052,2071
2042,2050,2052,2050,2031,2062,2043,2063
2047,2050,2051,2051,2025,2052,2033,2066
2047,2047,2049,2047,2028,2045,2039,2051
2036,2038,2056,2054,2026,2042,2031,2038
2041,2043,2057,2053,2035,2043,2038,2050
2040,2054,2067,2062,2039,2041,2043,2039
2032,2055,2068,2064,2044,2040,2028,2034
2035,2055,2061,2067,2046,2037,2028,2033
2030,2051,2068,2071,2042,2034,2047,2028
2036,2062,2076,2075,2047,2040,2050,2019
2039,2054,2071,2073,2039,2029,2043,2016
2034,2046,2056,2064,2045,2020,2040,2015
2027,2040,2048,2065,2046,2016,2042,2015
2030,2043,2040,2048,2031,2010,2023,2000
2007,2017,2023,2037,2027,2014,2025,2004
2012,2027,2035,2062,2057,2042,2057,2025
2039,2049,2046,2069,2067,2053,2039,2020
2034,2052,2041,2069,2058,2066,2046,2019
2044,2051,2047,2068,2059,2076,2061,2024
2044,2048,2064,2058,2057,2075,2050,2029
2038,2046,2056,2045,2051,2071,2069,2038
2038,2050,2057,2040,2049,2072,2066,2039
2045,2055,2067,2041,2048,2067,2061,2054
2057,2069,2070,2047,2053,2068,2073,2063
2059,2069,2072,2047,2052,2066,2061,2075
2065,2068,2064,2045,2058,2065,2076,2076
2054,2064,2051,2046,2056,2072,2069,2079
2052,2067,2034,2045,2055,2069,2061,2084
2054,2064,2032,2043,2053,2056,2051,2077
2045,2055,2022,2033,2048,2041,2023,2064
2023,2033,2010,2021,2035,2051,2045,2065
2023,2041,2018,2021,2051,2077,2061,2080
2042,2053,2031,2017,2038,2073,2052,2073
2045,2053,2028,2008,2027,2074,2053,2075
2052,2052,2032,2006,2026,2076,2036,2073
2054,2054,2042,2017,2014,2054,2062,2069
2047,2057,2046,2023,2008,2035,2046,2065
2044,2055,2059,2029,2007,2046,2055,2060
2050,2064,2062,2040,2020,2053,2058,2058
2046,2060,2058,2035,2027,2063,2049,2051
2050,2052,2056,2035,2033,2061,2056,2050
2048,2063,2058,2038,2046,2051,2032,2049
2050,2064,2063,2040,2058,2057,2037,2035
2049,2056,2054,2047,2096,2052,2043,2038
2051,2051,2056,2054,2121,2066,2035,2030
2049,2050,2050,2043,2116,2053,2005,2011
2033,2028,2032,2034,2106,2058,2011,2003
2031,2034,2048,2050,2118,2069,2035,2023
2052,2056,2050,2050,2100,2046,2024,2029
2061,2057,2054,2048,2078,2030,2026,2035
2053,2051,2045,2052,2069,2025,2036,2037
2051,2055,2054,2059,2059,2030,2038,2050
2059,2059,2065,2056,2053,2022,2031,2049
2056,2054,2063,2052,2049,2019,2040,2047
2048,2052,2055,2049,2036,2025,2010,2043
2049,2050,2051,2045,2039,2027,2027,2045
2042,2043,2044,2047,2037,2023,2036,2053
2045,2047,2046,2043,2034,2020,2044,2061
2047,2046,2037,2049,2033,2017,2045,2074
2044,2038,2034,2039,2045,2025,2035,2077
2039,2036,2026,2033,2047,2036,2043,2072
2036,2032,2010,2025,2033,2022,2022,2057
2020,2002,1989,2023,2016,2022,2024,2058
2026,2010,2010,2034,2016,2038,2041,2079
2056,2039,2023,2038,2005,2032,2016,2070
2045,2036,2014,2032,1982,2007,2029,2056
2037,2026,2004,2020,1967,2011,2021,2056
2047,2042,2015,2033,1995,2022,2032,2057
2051,2046,2027,2041,2005,2019,2032,2050
2052,2055,2027,2039,2016,2038,2035,2048
2053,2061,2041,2060,2058,2065,2051,2055
2055,2063,2040,2080,2101,2076,2049,2055
2058,2051,2036,2082,2111,2086,2057,2053
2052,2046,2037,2074,2107,2087,2054,2039
2050,2042,2031,2054,2080,2071,2031,2028
2048,2042,2045,2036,2064,2065,2027,2031
2049,2057,2071,2039,2057,2068,2030,2030
2054,2066,2085,2028,2050,2051,2025,2016
2036,2043,2062,2009,2041,2046,2036,2011
2029,2032,2049,2005,2054,2054,2039,2032
2052,2070,2067,2020,2058,2056,2037,2036
2060,2070,2064,2032,2056,2052,2045,2032
2061,2065,2055,2039,2057,2052,2032,2037
2056,2058,2050,2055,2056,2044,2037,2028
2049,2058,2047,2056,2051,2033,2053,2033
2047,2052,2051,2059,2058,2039,2038,2038
2050,2057,2052,2053,2054,2047,2034,2049
2055,2063,2055,2054,2058,2043,2045,2056
2057,2061,2057,2053,2057,2046,2040,2069
2054,2063,2064,2056,2060,2047,2062,2077
2060,2061,2078,2067,2063,2047,2058,2079
2057,2063,2085,2070,2054,2052,2060,2086
2051,2058,2090,2074,2064,2055,2045,2085
2048,2046,2083,2076,2054,2049,2030,2074
2029,2018,2061,2060,2034,2040,2019,2060
2027,2014,2051,2061,2046,2064,2047,2074
2037,2047,2064,2077,2049,2079,2064,2080
2039,2042,2050,2075,2051,2091,2055,2073
2040,2047,2041,2074,2059,2090,2064,2069
2044,2040,2023,2072,2056,2093,2066,2068
2044,2033,2009,2068,2048,2091,2068,2065
2046,2036,1995,2060,2041,2089,2056,2055
2048,2037,1983,2060,2042,2049,2054,2047
2040,2031,1972,2051,2039,2011,2030,2036
2038,2029,1963,2026,2033,2009,2048,2040
2027,2019,1956,1998,2029,2014,2041,2030
2029,2021,1962,1982,2011,2028,2050,2031
2034,2027,1986,1983,1998,2038,2044,2025
2037,2039,1996,1982,1993,2042,2027,2023
2039,2035,1999,1989,1997,2031,2012,2005
2018,2009,1982,1975,1987,1988,2009,2007
2018,2011,1996,2000,2025,1994,2039,2023
2048,2052,2045,2050,2084,2024,2071,2033
2055,2058,2064,2057,2097,2049,2069,2038
2060,2070,2078,2068,2103,2067,2057,2032
2062,2081,2108,2069,2093,2077,2067,2032
2057,2078,2114,2065,2081,2093,2067,2030
2056,2075,2101,2057,2072,2080,2041,2034
2048,2065,2077,2049,2062,2068,2042,2031
2048,2057,2059,2041,2059,2069,2036,2039
2050,2050,2042,2036,2054,2076,2035,2046
2050,2050,2034,2034,2049,2075,2026,2058
2052,2039,2031,2037,2043,2059,2058,2066
2047,2038,2034,2033,2042,2038,2055,2069
2052,2044,2039,2028,2035,2028,2037,2071
2052,2061,2057,2040,2036,2030,2023,2058
2036,2042,2045,2029,2015,2013,2017,2046
2022,2036,2055,2031,2018,2022,2029,2064
2049,2065,2077,2046,2037,2048,2053,2075
2056,2066,2082,2051,2051,2053,2026,2077
2055,2076,2093,2053,2055,2047,2034,2075
2058,2076,2095,2057,2068,2049,2042,2063
2052,2073,2084,2049,2056,2049,2024,2056
2057,2062,2081,2051,2054,2049,2019,2047
2045,2064,2087,2057,2056,2055,2038,2045
2044,2060,2086,2054,2063,2060,2049,2046
2052,2064,2082,2060,2055,2060,2065,2043
2049,2063,2074,2055,2053,2056,2058,2045
2052,2065,2065,2055,2046,2048,2064,2037
2056,2053,2064,2051,2038,2043,2035,2034
2054,2053,2057,2046,2046,2037,2046,2034
2052,2049,2052,2044,2045,2033,2051,2016
2040,2024,2036,2029,2034,2022,2024,2003
2027,2019,2027,2029,2036,2022,2016,1998
2041,2043,2049,2057,2073,2054,2054,2017
2041,2052,2054,2055,2070,2049,2043,2017
2038,2053,2061,2056,2043,2052,2056,2022
2045,2059,2061,2052,2042,2046,2022,2029
2047,2059,2059,2049,2042,2049,2045,2036
2053,2056,2058,2049,2045,2048,2054,2044
2048,2054,2049,2049,2057,2056,2058,2042
2048,2049,2051,2062,2060,2058,2050,2042
2045,2048,2058,2068,2063,2062,2056,2051
2050,2048,2071,2077,2059,2063,2064,2063
2049,2050,2078,2083,2063,2060,2077,2073
2050,2049,2077,2083,2058,2063,2056,2072
2039,2043,2069,2081,2058,2047,2059,2078
2047,2045,2066,2077,2058,2050,2049,2081
2044,2032,2050,2064,2038,2038,2042,2067
2026,2023,2039,2060,2034,2034,2021,2072
2036,2040,2050,2079,2048,2057,2044,2076
2050,2051,2053,2086,2055,2052,2060,2074
2054,2054,2052,2086,2058,2055,2060,2068
2053,2056,2045,2081,2057,2047,2073,2060
2052,2054,2042,2059,2041,2040,2058,2057
2048,2043,2018,2034,2026,2025,2053,2045
2043,2036,2002,2017,2029,2015,2046,2040
2046,2041,2010,2021,2035,2012,2046,2031
2047,2041,2019,2021,2028,2010,2038,2029
2042,2041,2016,2011,2041,2017,2040,2027
2042,2037,2016,2011,2040,2021,2041,2026
2038,2030,2015,2016,2032,2022,2047,2026
2037,2026,2021,2027,2040,2028,2049,2016
2039,2035,2031,2032,2041,2046,2059,2024
2050,2034,2028,2023,2029,2036,2047,2016
2035,2016,2016,2021,2026,2033,2038,2011
2036,2023,2028,2032,2045,2051,2069,2035
2053,2040,2030,2033,2040,2072,2073,2035
2054,2037,2030,2033,2038,2083,2049,2032
2053,2035,2035,2042,2042,2093,2065,2036
2046,2038,2036,2042,2036,2098,2060,2039
2052,2042,2046,2048,2037,2082,2069,2040
2054,2049,2056,2053,2052,2053,2078,2052
2057,2057,2069,2056,2059,2071,2063,2056
2056,2055,2077,2057,2053,2081,2073,2049
2054,2049,2066,2052,2040,2075,2033,2045
2054,2051,2058,2046,2040,2080,2057,2047
2056,2047,2058,2045,2038,2063,2046,2055
2045,2043,2052,2041,2044,2022,2036,2067
2047,2040,2053,2054,2055,2009,2051,2069
2049,2042,2053,2051,2043,1990,2020,2062
2027,2013,2032,2028,2028,1992,2021,2058
2027,2016,2026,2031,2024,2008,2026,2075
2047,2036,2051,2049,2039,2025,2036,2066
2052,2040,2049,2048,2039,2024,2028,2064
2053,2048,2053,2048,2043,2030,2027,2066
2050,2046,2063,2054,2045,2034,2052,2065
2051,2053,2063,2057,2046,2039,2044,2064
2053,2049,2058,2052,2035,2034,2021,2045
2045,2048,2051,2044,2024,2033,2019,2042
2042,2041,2047,2040,2027,2027,2008,2032
2047,2036,2048,2037,2037,2030,2018,2037
2042,2040,2045,2040,2057,2042,2021,2037
2044,2044,2054,2054,2068,2056,2024,2036
2051,2045,2052,2049,2060,2050,2015,2034
2051,2043,2045,2046,2058,2050,2028,2035
2050,2039,2048,2046,2054,2048,2040,2027
2044,2024,2035,2030,2039,2025,2030,2002
2028,2016,2022,2025,2033,2019,2028,2001
2035,2020,2037,2043,2048,2036,2068,2018
2053,2041,2045,2044,2053,2024,2068,2017
2052,2040,2042,2037,2042,2018,2062,2018
2048,2035,2041,2042,2040,2027,2064,2022
2056,2045,2039,2045,2044,2024,2049,2029
2054,2047,2044,2045,2055,2033,2072,2037
2057,2050,2046,2051,2048,2034,2050,2036
2059,2050,2057,2057,2063,2042,2060,2045
2056,2053,2064,2050,2079,2047,2059,2055
2059,2053,2070,2056,2084,2057,2050,2059
2048,2048,2063,2050,2064,2054,2049,2069
2040,2038,2050,2040,2050,2041,2050,2068
2043,2038,2039,2035,2049,2053,2048,2073
2045,2044,2036,2040,2047,2057,2053,2079
2053,2041,2033,2044,2047,2047,2032,2068
2028,2016,2016,2028,2034,2042,2029,2072
2027,2015,2015,2032,2042,2063,2029,2081
2047,2045,2037,2038,2042,2066,2043,2076
2047,2044,2038,2043,2039,2056,2057,2080
2051,2049,2048,2047,2032,2050,2053,2078
2056,2050,2050,2045,2032,2049,2049,2064
2052,2054,2061,2048,2033,2053,2046,2055
2057,2060,2064,2051,2035,2065,2058,2051
2062,2058,2068,2060,2046,2065,2050,2044
2058,2059,2074,2054,2043,2061,2057,2038
2054,2054,2060,2049,2044,2058,2040,2034
2056,2048,2057,2050,2041,2072,2040,2030
2056,2051,2052,2050,2050,2092,2024,2026
2048,2046,2047,2046,2046,2110,2070,2018
2053,2050,2047,2047,2039,2111,2070,2013
2046,2048,2044,2044,2047,2090,2070,2000
2027,2020,2022,2024,2028,2054,2031,1990
2022,2010,2021,2020,2024,2039,2036,2001
2032,2041,2047,2038,2043,2018,2039,2012
2044,2046,2057,2042,2043,2013,2031,2023
2049,2057,2060,2042,2035,1999,2027,2025
2054,2061,2061,2043,2033,1997,2048,2026
2054,2061,2065,2042,2025,2015,2043,2035
2053,2062,2062,2038,2036,2025,2041,2034
2057,2068,2066,2045,2043,2032,2046,2046
2060,2067,2067,2055,2048,2040,2043,2053
2061,2068,2068,2054,2054,2054,2053,2063
2062,2057,2056,2055,2059,2067,2046,2056
2055,2045,2049,2048,2051,2066,2054,2061
2052,2044,2052,2043,2048,2060,2027,2061
2047,2040,2052,2044,2042,2065,2039,2069
2050,2042,2042,2040,2031,2063,2032,2059
2037,2021,2030,2021,2021,2054,2029,2055
2030,2017,2028,2022,2018,2063,2039,2079
2053,2047,2056,2044,2039,2065,2034,2077
2060,2046,2049,2043,2033,2058,2033,2073
2059,2049,2045,2049,2032,2054,2065,2062
2053,2043,2049,2044,2042,2053,2041,2055
2059,2049,2054,2041,2039,2048,2032,2050
2060,2048,2058,2037,2040,2043,2031,2045
2060,2057,2061,2044,2036,2045,2036,2043
2060,2055,2054,2040,2043,2046,2037,2041
2050,2053,2054,2041,2043,2042,2031,2039
2051,2051,2051,2041,2040,2042,2031,2027
2054,2051,2052,2035,2038,2042,2048,2012
2053,2046,2050,2039,2037,2030,2028,2014
2052,2048,2055,2038,2033,2022,2037,2021
2055,2051,2055,2040,2039,2022,2032,2020
2037,2037,2035,2023,2019,2004,2007,2005
2034,2021,2033,2021,2014,2000,2020,2019
2047,2048,2055,2044,2028,2020,2024,2023
2059,2049,2059,2044,2028,2023,2025,2024
2052,2050,2057,2035,2027,2037,2039,2013
2057,2048,2042,2033,2046,2048,2041,2023
2051,2048,2054,2049,2086,2074,2049,2032
2047,2059,2060,2053,2100,2073,2066,2041
2050,2058,2059,2052,2088,2080,2064,2049
2065,2053,2056,2050,2093,2089,2072,2050
2055,2045,2047,2044,2078,2101,2064,2053
2047,2041,2044,2034,2069,2108,2074,2060
2055,2047,2049,2040,2066,2109,2081,2069
2055,2055,2052,2040,2063,2104,2065,2069
2054,2046,2047,2038,2055,2106,2054,2081
2057,2052,2046,2041,2044,2099,2059,2077
2043,2036,2033,2028,2027,2077,2038,2064
2035,2036,2038,2028,2024,2057,2023,2069
2046,2054,2050,2039,2033,2061,2038,2071
2049,2055,2057,2038,2036,2038,2024,2072
2051,2051,2050,2036,2038,2007,2030,2058
2049,2048,2041,2038,2040,2021,2002,2057
2049,2054,2046,2035,2049,2045,2041,2055
2051,2055,2045,2035,2049,2066,2039,2039
2048,2056,2046,2043,2052,2066,2031,2039
2053,2056,2049,2043,2049,2052,2034,2033
2056,2051,2046,2036,2050,2042,2043,2031
2061,2055,2050,2039,2050,2043,2035,2040
2059,2051,2050,2038,2049,2033,2049,2028
2052,2044,2048,2035,2046,2033,2028,2024
2052,2045,2043,2033,2049,2037,2043,2013
2045,2050,2045,2040,2050,2045,2043,2010
2034,2030,2028,2022,2026,2030,2013,1988
2024,2017,2019,2016,2022,2026,2008,1999
2038,2037,2039,2036,2037,2054,2040,2021
2054,2051,2044,2043,2046,2064,2056,2030
2058,2051,2050,2047,2054,2069,2061,2031
2051,2053,2049,2049,2055,2073,2063,2037
2050,2056,2046,2053,2063,2073,2070,2040
2051,2052,2048,2047,2060,2070,2062,2044
2052,2052,2044,2051,2057,2065,2055,2048
2048,2046,2049,2050,2041,2059,2068,2047
2042,2040,2043,2046,2053,2061,2080,2055
2045,2041,2040,2044,2052,2056,2069,2055
2044,2041,2037,2044,2055,2051,2069,2059
2045,2042,2032,2049,2050,2055,2073,2068
2042,2037,2027,2045,2058,2048,2071,2072
2046,2038,2035,2047,2053,2058,2070,2076
2043,2023,2021,2024,2043,2033,2036,2055
2026,2012,2014,2018,2035,2026,2043,2062
2033,2026,2027,2038,2040,2035,2066,2066
2037,2037,2031,2036,2011,2023,2057,2054
2030,2036,2026,2027,1990,2009,2059,2055
2041,2045,2036,2033,1987,1996,2050,2056
2040,2043,2028,2031,1984,2002,2051,2047
2044,2041,2026,2032,2009,2019,2064,2045
2052,2053,2038,2054,2054,2030,2061,2050
2054,2053,2044,2056,2082,2052,2049,2036
2053,2056,2044,2060,2104,2065,2057,2029
2046,2052,2048,2050,2093,2083,2059,2015
2038,2049,2051,2047,2068,2086,2062,2008
2034,2050,2047,2039,2049,2055,2049,2011
2035,2050,2054,2039,2044,2040,2038,2005
2038,2058,2064,2050,2050,2042,2045,2020
2047,2060,2073,2043,2041,2034,2031,2003
2034,2034,2064,2034,2038,2022,2014,1993
2026,2040,2071,2040,2053,2052,2065,2019
2052,2067,2075,2046,2059,2061,2066,2022
2058,2067,2072,2032,2058,2050,2063,2026
2056,2065,2072,2031,2055,2050,2053,2030
2059,2074,2074,2042,2073,2055,2068,2033
2058,2073,2069,2046,2075,2047,2065,2037
2059,2067,2069,2044,2076,2049,2066,2035
2058,2067,2072,2048,2079,2058,2068,2040
2060,2062,2072,2046,2079,2058,2074,2051
2054,2060,2075,2051,2082,2059,2080,2051
2050,2058,2074,2053,2080,2073,2075,2054
2045,2047,2059,2047,2070,2063,2068,2051
2029,2043,2054,2045,2057,2051,2055,2065
2040,2044,2055,2038,2054,2052,2061,2075
2053,2052,2057,2035,2052,2040,2043,2063
2028,2032,2040,2023,2042,2035,2036,2064
2033,2025,2035,2029,2034,2053,2050,2079
2054,2050,2051,2028,2013,2074,2059,2072
2049,2041,2047,2022,1998,2085,2037,2056
2040,2037,2043,2016,1987,2093,2045,2047
2036,2035,2042,2013,1984,2072,2040,2044
2034,2041,2049,2020,2013,2053,2061,2053
2036,2050,2053,2037,2054,2025,2065,2056
2047,2048,2057,2059,2084,2030,2078,2057
2041,2048,2059,2054,2094,2037,2062,2042
2040,2046,2053,2050,2085,2042,2069,2044
2035,2034,2049,2047,2073,2050,2067,2040
2035,2034,2046,2043,2064,2054,2061,2033
2034,2034,2046,2039,2056,2064,2065,2032
2036,2035,2048,2042,2058,2069,2072,2030
2034,2036,2050,2037,2058,2088,2069,2026
2022,2012,2032,2033,2037,2076,2058,2009
2012,2015,2031,2026,2035,2056,2049,2014
2035,2043,2058,2049,2055,2072,2064,2032
2044,2058,2067,2047,2053,2072,2054,2030
2055,2062,2068,2052,2059,2056,2055,2032
2054,2065,2068,2050,2062,2032,2049,2033
2055,2066,2062,2051,2062,2032,2045,2040
2060,2067,2063,2056,2062,2029,2047,2044
2055,2066,2068,2057,2063,2024,2048,2045
2058,2064,2066,2048,2049,2024,2043,2050
2054,2057,2057,2045,2050,2022,2043,2055
2054,2051,2052,2039,2043,2021,2035,2059
2053,2046,2048,2035,2045,2031,2028,2065
2050,2045,2048,2031,2053,2035,2022,2068
2046,2046,2057,2031,2039,2023,2016,2061
2035,2041,2055,2030,2031,2019,2020,2073
2037,2042,2056,2024,2015,2001,2019,2072
2019,2025,2038,2018,2005,1998,2004,2079
2024,2022,2040,2021,2009,2015,2024,2086
2046,2058,2061,2034,2018,2017,2028,2069
2041,2051,2051,2031,2023,2019,2019,2061
2040,2058,2053,2040,2032,2022,2033,2057
2046,2056,2054,2044,2043,2037,2039,2049
2050,2059,2055,2042,2043,2060,2053,2057
2053,2066,2054,2050,2046,2084,2074,2054
2054,2063,2055,2051,2054,2099,2086,2065
2057,2063,2058,2047,2047,2089,2085,2060
2058,2063,2058,2054,2051,2080,2071,2048
2053,2061,2052,2044,2030,2056,2047,2048
2050,2056,2045,2036,2010,2016,2026,2038
2037,2046,2041,2029,1986,2003,2015,2025
2035,2046,2039,2016,1980,2003,2037,2018
2033,2044,2029,2015,1990,2007,2019,1993
2014,2016,2008,2002,2005,1977,2017,1993
2016,2018,2025,2019,2046,1989,2044,2012
2048,2052,2050,2054,2073,2002,2074,2026
2054,2059,2051,2062,2082,2009,2067,2025
2049,2060,2057,2066,2082,2018,2067,2019
2047,2058,2047,2064,2063,2017,2074,2027
2047,2058,2050,2063,2059,2033,2087,2039
2047,2059,2054,2064,2063,2052,2099,2036
2050,2060,2052,2066,2074,2076,2089,2045
2046,2054,2053,2070,2082,2095,2084,2044
2045,2046,2053,2066,2087,2103,2077,2048
2043,2053,2050,2063,2088,2098,2079,2054
2042,2050,2051,2071,2096,2090,2080,2070
2046,2045,2048,2067,2084,2092,2071,2080
2037,2043,2042,2057,2077,2088,2084,2080
2039,2038,2034,2042,2070,2096,2078,2084
2040,2025,2018,2022,2044,2096,2046,2058
2012,2005,2006,2010,2021,2103,2036,2056
2020,2017,2019,2023,2030,2124,2069,2075
2037,2029,2035,2026,2026,2122,2061,2067
2037,2040,2044,2036,2032,2118,2063,2069
2045,2044,2046,2036,2039,2116,2050,2067
2050,2046,2051,2045,2042,2061,2044,2065
2043,2054,2052,2041,2034,1992,2038,2054
2040,2050,2056,2039,2030,2015,2040,2048
2044,2058,2057,2047,2036,2042,2032,2038
2045,2054,2063,2040,2041,2059,2034,2040
2044,2052,2063,2045,2042,2065,2031,2046
2053,2061,2063,2044,2048,2072,2053,2044
2056,2061,2066,2045,2048,2074,2045,2039
2053,2058,2062,2040,2051,2080,2050,2038
2049,2056,2059,2037,2053,2067,2050,2040
2049,2057,2052,2040,2046,2029,2030,2022
2032,2027,2036,2024,2026,2016,2024,2018
2027,2026,2033,2025,2023,2033,2058,2024
2051,2048,2061,2043,2036,2052,2067,2025
2050,2050,2061,2043,2030,2052,2064,2025
2049,2051,2060,2045,2032,2045,2059,2033
2055,2056,2067,2046,2031,2041,2042,2038
2050,2056,2062,2046,2034,2012,2057,2050
2060,2060,2061,2050,2038,2007,2054,2057
2059,2054,2064,2049,2049,2038,2052,2058
2054,2050,2059,2049,2057,2060,2050,2058
2052,2048,2056,2045,2063,2072,2057,2050
2046,2049,2048,2043,2065,2080,2030,2055
2048,2045,2045,2044,2061,2076,2051,2057
2042,2033,2042,2042,2046,2066,2053,2057
2043,2029,2039,2037,2037,2056,2031,2059
2039,2029,2036,2038,2042,2051,2032,2066
2030,2022,2025,2024,2034,2032,2013,2060
2010,2006,2012,2028,2030,2012,1999,2067
2017,2016,2026,2041,2046,2012,2031,2085
2035,2033,2023,2042,2047,2010,2030,2086
2037,2038,2028,2046,2048,1998,2019,2072
2040,2051,2034,2042,2048,2009,2026,2066
2044,2049,2031,2046,2051,2012,2036,2064
2048,2049,2031,2040,2038,2006,2039,2057
2049,2051,2026,2040,2035,2013,2037,2049
2049,2045,2021,2044,2036,2017,2032,2045
2045,2052,2016,2044,2040,2029,2010,2042
2042,2051,2024,2045,2038,2036,2008,2030
2036,2049,2024,2039,2034,2046,2019,2020
2029,2037,2029,2040,2041,2057,2025,2021
2031,2036,2033,2042,2045,2078,2035,2021
2030,2039,2039,2043,2045,2092,2033,2010
2029,2038,2038,2046,2025,2088,2017,2000
2023,2010,2028,2024,2005,2071,2051,2006
2017,2009,2041,2028,2007,2071,2039,2025
2037,2045,2073,2044,2019,2057,2043,2035
2046,2047,2070,2046,2019,2013,2045,2050
2054,2062,2086,2068,2045,2013,2051,2051
2057,2066,2091,2062,2062,2037,2066,2049
2062,2063,2086,2058,2059,2056,2054,2052
2046,2059,2077,2057,2062,2066,2034,2044
2046,2061,2071,2049,2060,2058,2046,2054
2049,2056,2066,2061,2070,2058,2041,2052
2043,2055,2066,2063,2069,2037,2033,2055
2041,2054,2065,2061,2058,2015,2027,2061
2037,2055,2068,2062,2066,2028,2046,2063
2042,2054,2065,2067,2072,2044,2042,2068
2037,2051,2060,2064,2068,2075,2036,2075
2039,2047,2054,2056,2059,2067,2030,2066
2019,2019,2035,2034,2036,2033,2013,2062
2014,2010,2026,2034,2020,2019,2020,2080
2034,2044,2057,2053,2036,2030,2038,2075
2040,2057,2071,2063,2040,2027,2032,2072
2046,2059,2074,2060,2029,2023,2007,2076
2044,2055,2063,2057,2023,2028,2018,2064
2043,2057,2054,2054,2029,2033,2012,2053
2034,2047,2036,2051,2025,2038,2009,2049
2044,2044,2028,2042,2026,2045,2013,2042
2038,2039,2023,2031,2032,2050,2028,2033
2041,2044,2028,2031,2039,2053,2042,2029
2042,2045,2034,2034,2046,2054,2037,2030
2036,2043,2032,2036,2048,2059,2042,2031
2043,2040,2029,2034,2040,2050,2040,2018
2042,2040,2031,2040,2047,2038,2020,2020
2041,2048,2040,2055,2047,2028,2006,2010
2021,2027,2030,2033,2026,2004,2017,2007
2023,2028,2037,2028,2030,2014,2006,2028
2045,2060,2065,2056,2041,2014,2033,2031
2052,2060,2073,2052,2021,1995,2026,2030
2046,2061,2073,2048,1999,1998,2015,2037
2057,2064,2073,2043,1990,2003,2060,2045
2053,2057,2064,2032,1982,2011,2060,2050
2053,2052,2055,2028,1992,2026,2053,2054
2051,2053,2061,2046,2033,2029,2063,2054
2056,2059,2071,2067,2092,2066,2073,2060
2061,2070,2080,2082,2115,2103,2085,2082
2065,2071,2076,2077,2124,2136,2107,2089
2061,2071,2068,2071,2098,2135,2101,2096
2054,2060,2059,2055,2083,2116,2090,2089
2044,2050,2049,2047,2056,2077,2062,2092
2052,2043,2044,2043,2039,2031,2039,2074
2028,2013,2020,2021,2021,2029,2010,2062
2030,2013,2018,2027,2043,2064,2027,2073
2049,2053,2047,2047,2063,2068,2032,2066
2051,2056,2051,2046,2052,2052,2009,2063
2052,2049,2050,2038,2048,2047,2009,2062
2049,2044,2032,2036,2027,2076,2028,2050
2049,2036,2026,2023,1992,2109,2017,2040
2047,2030,2022,2010,1958,2113,2005,2028
2037,2031,2021,2002,1926,2084,1998,2018
2026,2034,2019,2004,1920,2030,2015,2022
2038,2035,2030,2027,1980,1992,2034,2042
2046,2049,2043,2066,2073,1983,2057,2052
2053,2060,2063,2088,2134,2024,2074,2043
2054,2051,2063,2087,2139,2052,2054,2036
2055,2056,2069,2088,2120,2077,2062,2034
2062,2055,2068,2078,2092,2070,2037,2011
2039,2033,2044,2052,2055,2049,2027,2010
2035,2025,2038,2038,2024,2041,2043,2023
2055,2051,2051,2047,2013,2034,2042,2030
2054,2055,2051,2035,2009,2034,2045,2029
2059,2049,2049,2029,2010,2037,2051,2029
2052,2042,2042,2025,2028,2051,2044,2029
2057,2044,2055,2039,2061,2065,2055,2033
2047,2052,2054,2050,2076,2048,2035,2040
2051,2056,2056,2054,2103,2048,2036,2032
2051,2052,2053,2056,2135,2078,2055,2044
2044,2046,2050,2062,2148,2094,2052,2053
2050,2049,2055,2068,2140,2093,2045,2063
2041,2049,2053,2062,2114,2093,2064,2063
2042,2045,2053,2061,2085,2086,2065,2065
2035,2042,2050,2050,2071,2071,2045,2066
2040,2042,2045,2049,2064,2053,2030,2054
2020,2015,2017,2037,2052,2048,2019,2053
2020,2010,2020,2033,2057,2051,2052,2071
2040,2037,2038,2051,2062,2048,2067,2069
2041,2040,2040,2053,2067,2028,2045,2067
2042,2045,2040,2052,2066,1998,2030,2067
2040,2041,2043,2051,2069,1984,2038,2054
2040,2043,2042,2051,2062,1976,2044,2039
2040,2037,2039,2046,2063,1976,2054,2044
2044,2037,2033,2040,2073,2009,2072,2041
2042,2037,2029,2044,2120,2045,2081,2043
2045,2042,2043,2040,2130,2048,2066,2051
2051,2047,2038,2030,2126,2051,2056,2050
2047,2051,2041,2034,2114,2017,2044,2043
2046,2053,2045,2047,2119,2021,2030,2039
2061,2058,2048,2054,2113,2037,2019,2033
2056,2056,2049,2054,2101,2053,2016,2010
2030,2025,2025,2036,2081,2086,2015,2005
2024,2019,2026,2036,2090,2140,2050,2023
2042,2048,2040,2044,2023,2141,2062,2016
2038,2045,2039,2025,1933,2115,2057,2011
2037,2043,2040,2037,1954,2072,2069,2014
2034,2037,2041,2044,1972,2038,2043,2015
2027,2034,2040,2048,2008,2044,2062,2017
2030,2035,2046,2048,2033,2060,2070,2030
2044,2043,2041,2048,2033,2065,2058,2037
2047,2045,2040,2041,2011,2078,2046,2041
2041,2041,2044,2039,2001,2096,2054,2057
2045,2048,2045,2037,1996,2100,2062,2067
2044,2051,2042,2038,2002,2096,2051,2074
2043,2056,2039,2038,2000,2068,2031,2074
2048,2049,2032,2036,2008,1999,2034,2080
2047,2051,2027,2027,2009,1989,2022,2072
2032,2026,2013,2018,2013,1991,2012,2070
2029,2026,2022,2026,2038,2016,2040,2076
2055,2056,2048,2047,2057,2040,2036,2077
2053,2058,2046,2043,2073,2045,2040,2062
2040,2047,2037,2037,2077,2040,2042,2052
2039,2046,2046,2035,2083,2052,2054,2053
2038,2049,2044,2036,2078,2063,2074,2053
2043,2047,2055,2039,2072,2056,2080,2043
2047,2053,2062,2047,2055,2034,2080,2054
2055,2055,2066,2051,2033,2022,2078,2056
2057,2060,2062,2056,2062,2012,2052,2044
2057,2058,2061,2056,2074,2020,2056,2040
2058,2057,2054,2053,2077,2045,2060,2030
2053,2057,2049,2054,2098,2064,2052,2025
2055,2058,2050,2052,2096,2047,2037,2013
2057,2057,2049,2045,2059,2032,2013,1994
2029,2026,2034,2030,2056,2042,2016,1995
2026,2021,2031,2038,2080,2081,2060,2020
2051,2044,2051,2051,2087,2117,2068,2028
2055,2043,2044,2042,2031,2128,2054,2022
2053,2049,2049,2048,2051,2124,2043,2021
2057,2051,2051,2053,2059,2076,2019,2022
2057,2055,2045,2047,2031,2021,2038,2026
2061,2053,2043,2044,2024,2030,2039,2044
2056,2057,2046,2041,2037,2062,2061,2062
2063,2065,2046,2048,2057,2080,2094,2063
2067,2067,2056,2051,2050,2074,2084,2068
2055,2080,2067,2038,2008,2053,2059,2072
2050,2082,2072,2024,1943,2020,2043,2078
2050,2084,2075,2015,1927,2004,2055,2080
2052,2082,2070,2017,1952,1996,2050,2089
2053,2082,2080,2028,1960,1993,2034,2079
2036,2058,2062,2014,1956,1981,2020,2061
2023,2047,2052,2008,1958,1962,2002,2061
2040,2071,2066,2026,1969,1985,2005,2057
2044,2064,2061,2021,1943,2013,1998,2057
2046,2054,2040,2007,1945,2023,2030,2057
2039,2042,2037,2026,2034,2051,2051,2060
2045,2043,2048,2058,2122,2087,2086,2052
2046,2040,2045,2055,2123,2114,2068,2041
2046,2031,2038,2057,2101,2131,2079,2038
2047,2026,2035,2050,2068,2141,2075,2031
2045,2026,2038,2038,2049,2128,2071,2030
2050,2023,2040,2044,2030,2034,2050,2026
2049,2031,2048,2042,2029,1974,2037,2021
2041,2031,2037,2039,2030,1957,2030,2018
2048,2036,2037,2052,2047,1971,2035,2029
2051,2031,2041,2062,2071,2012,2050,2019
2035,2010,2019,2037,2057,2044,2041,1998
2022,2000,2000,2023,2010,2055,2028,2007
2029,2024,2019,2021,1969,2060,2022,1998
2027,2018,2020,2034,2022,2092,2020,1997
2033,2024,2024,2061,2108,2094,2025,2001
2033,2040,2033,2073,2123,2041,2035,2016
2044,2047,2044,2080,2121,2028,2046,2026
2046,2043,2053,2070,2113,2055,2036,2037
2049,2045,2045,2059,2076,2045,2050,2044
2051,2052,2039,2044,2072,2021,2054,2059
2061,2056,2045,2051,2074,2013,2069,2066
2069,2053,2043,2058,2097,2029,2101,2077
2067,2056,2047,2060,2089,2044,2086,2080
2056,2046,2044,2056,2074,2027,2080,2070
2042,2042,2044,2048,2071,2021,2052,2065
2031,2040,2045,2044,2058,2023,2032,2050
2014,2024,2027,2009,1984,2019,2020,2045
2012,2025,2029,2013,1978,2056,2050,2066
2032,2058,2059,2048,2062,2125,2080,2079
2042,2062,2059,2067,2109,2140,2088,2082
2051,2061,2056,2074,2194,2147,2074,2081
2054,2048,2055,2086,2253,2160,2084,2068
2050,2033,2042,2072,2265,2198,2084,2062
2043,2033,2034,2066,2258,2183,2089,2053
2047,2039,2034,2064,2228,2148,2097,2049
2045,2040,2028,2061,2194,2123,2089,2045
2045,2040,2031,2061,2148,2103,2091,2042
2056,2051,2045,2059,2084,2074,2089,2040
2057,2052,2052,2031,1981,2028,2072,2029
2054,2052,2060,1998,1794,1986,2045,2017
2058,2058,2074,2026,1892,2020,2071,2024
2059,2058,2079,2050,1958,2028,2066,2004
2038,2032,2054,2025,1950,2017,2036,1989
2022,2015,2038,2003,1924,2029,2044,1985
2030,2033,2050,1991,1842,2012,2029,1996
2038,2036,2037,1979,1754,1990,2027,2010
2040,2039,2048,2034,1941,2006,2044,2035
2055,2049,2062,2074,2090,2043,2048,2053
2070,2050,2069,2082,2109,2066,2064,2053
2067,2045,2058,2078,2118,2072,2057,2033
2048,2030,2058,2061,2071,2042,2051,2028
2045,2038,2063,2045,2003,2017,2028,2024
2040,2044,2062,2021,1953,1993,2025,2039
2040,2039,2060,2029,2004,2010,2028,2058
2045,2040,2055,2043,2039,2028,2039,2066
2046,2042,2058,2052,2053,2041,2056,2069
2041,2043,2057,2041,2057,2055,2048,2080
2046,2042,2059,2050,2038,2071,2047,2070
2029,2028,2043,2030,2013,2064,2025,2061
2022,2022,2035,2020,2037,2070,2058,2071
2039,2042,2046,2032,2072,2080,2065,2074
2039,2041,2045,2031,2051,2071,2082,2072
2037,2043,2048,2028,2039,2049,2069,2068
2046,2055,2057,2035,2064,2036,2067,2070
2052,2051,2053,2040,2054,1998,2040,2050
2055,2051,2048,2017,1974,1945,2001,2040
2051,2047,2040,2004,1931,1944,2012,2032
2048,2043,2040,2007,1923,1942,2037,2029
2052,2042,2034,2001,1914,1935,2035,2017
2054,2042,2036,2014,1918,1924,2023,2016
2049,2038,2038,2038,1995,1899,2038,2027
2059,2038,2049,2091,2125,1960,2058,2027
2068,2041,2048,2103,2142,2023,2042,2004
2049,2033,2032,2079,2079,2049,2033,1990
2022,2004,2020,2039,2023,2057,2043,2001
2015,1999,2007,2017,1997,2093,2054,2035
2049,2025,2024,2039,2014,2122,2070,2042
2059,2027,2023,2040,2024,2125,2076,2033
2056,2034,2023,2040,2039,2130,2073,2026
2054,2034,2023,2043,2038,2128,2088,2005
2032,2038,2028,2047,2057,2105,2087,2003
2026,2033,2020,2045,2048,2080,2064,2034
2051,2034,2022,2036,2013,2066,2058,2061
2075,2035,2020,2026,2035,2064,2038,2060
2061,2027,2019,2028,2064,2064,2046,2048
2050,2038,2032,2047,2138,2054,2046,2047
2055,2047,2048,2068,2174,2075,2048,2053
2066,2056,2059,2078,2186,2093,2053,2055
2058,2048,2051,2060,2157,2079,2061,2050
2044,2038,2049,2044,2111,2045,2034,2041
2012,2009,2024,2020,2083,2032,2018,2037
2000,1998,2021,2016,2130,2044,2045,2053
2023,2037,2052,2044,2170,2065,2046,2058
2030,2047,2058,2047,2147,2072,2061,2059
2047,2064,2074,2053,2131,2086,2083,2069
2068,2074,2074,2051,2077,2083,2057,2072
2072,2063,2060,2035,2006,2058,2050,2054
2057,2065,2064,2045,2062,2058,2054,2048
2047,2061,2085,2062,2108,2053,2056,2024
2031,2062,2090,2065,2092,2037,2054,2020
2035,2064,2092,2068,2090,2036,2056,2027
2040,2063,2084,2058,2028,2026,2058,2025
2037,2058,2074,2050,1987,2017,2033,2032
2045,2066,2075,2059,2042,2017,2045,2034
2054,2062,2065,2075,2088,2026,2039,2029
2042,2052,2051,2066,2102,2013,2016,2002
2020,2025,2022,2047,2074,2014,2024,1999
2013,2012,2018,2060,2141,2057,2050,2007
2032,2041,2036,2097,2210,2113,2055,2008
2035,2035,2038,2099,2224,2166,2067,1998
2034,2032,2044,2096,2196,2203,2067,1987
2038,2043,2063,2084,2136,2260,2066,2001
2034,2044,2066,2061,2002,2246,2076,2018
2041,2043,2079,2064,2015,2142,2050,2031
2049,2055,2092,2081,2067,1988,2040,2046
2050,2052,2093,2079,2061,1972,2045,2061
2050,2041,2067,2048,2001,1992,2038,2058
2037,2022,2035,2002,1867,2015,2046,2059
2029,2015,2042,2025,1925,2045,2062,2076
2041,2031,2046,2046,1989,2061,2034,2068
2044,2041,2046,2049,1994,2092,2038,2061
2042,2039,2028,2036,1998,2102,2032,2034
2005,2015,1993,1992,1987,2076,2005,2024
1995,2008,1991,1994,2010,2095,2060,2056
2015,2038,2018,2014,2009,2088,2070,2082
2030,2055,2046,2040,2065,2068,2083,2081
2045,2076,2047,2044,2074,2047,2076,2083
2056,2074,2033,2033,2064,2023,2067,2072
2058,2071,2026,2024,2049,2014,2052,2066
2074,2078,2029,2025,2050,2004,2025,2047
2070,2067,2035,2018,2040,2001,2028,2037
2066,2057,2047,2029,2049,2019,2044,2044
2071,2045,2044,2026,2022,2037,2066,2042
2078,2023,2036,2009,1989,2032,2062,2031
2053,2013,2034,2014,2004,2035,2074,2026
2042,2020,2041,2027,2027,2062,2095,2042
2048,2033,2051,2037,2035,2082,2088,2050
2041,2056,2057,2026,2006,2086,2068,2018
2010,2024,2026,1986,1930,2058,2012,1993
2016,2031,2029,1994,1947,2068,2041,2008
2061,2084,2056,2028,1981,2072,2031,2043
2086,2082,2060,2034,2033,2057,2035,2047
2092,2104,2075,2060,2146,2035,2047,2043
2094,2093,2080,2064,2182,2020,2040,2037
2077,2074,2066,2034,2061,1984,2041,2049
2076,2053,2047,2005,2009,1949,2016,2040
2058,2033,2023,1998,1991,1943,2016,2037
2029,2027,2017,1983,1934,1942,2027,2041
2029,2026,2015,1998,1998,1988,2051,2045
2052,2047,2034,2060,2116,2068,2058,2051
2034,2057,2052,2100,2187,2108,2064,2049
2052,2063,2061,2099,2167,2113,2060,2053
2055,2048,2054,2074,2111,2103,2044,2056
2054,2034,2041,2053,2071,2074,2052,2063
2043,2019,2028,2027,2039,2041,2028,2072
2042,2023,2028,2014,2042,2047,2039,2090
2055,2047,2037,2022,2072,2057,2059,2088
2048,2039,2022,2015,2083,2037,2048,2056
2016,2026,2025,2021,2098,2043,2049,2041
2014,2033,2035,2028,2094,2049,2079,2049
2038,2029,2043,2033,2054,2062,2089,2054
2053,2036,2051,2046,2077,2075,2088,2053
2062,2044,2051,2070,2134,2121,2107,2061
2058,2043,2051,2091,2167,2120,2095,2034
2025,2020,2035,2076,2155,2117,2054,2016
2012,2029,2047,2087,2193,2141,2063,2030
2044,2066,2067,2105,2196,2100,2043,2034
2053,2067,2064,2076,2097,2058,2010,2026
2044,2058,2043,2059,2062,2078,2037,2025
2040,2060,2044,2072,2090,2091,2061,2018
2031,2053,2015,2057,2076,2086,2022,2015
2016,2040,2014,2051,2053,2093,2031,2005
2033,2065,2043,2057,2023,2098,2066,2016
2053,2079,2058,2058,2001,2067,2056,2012
2063,2083,2064,2071,2044,2051,2060,2031
2075,2079,2055,2077,2140,2042,2061,2046
2070,2067,2048,2085,2237,2037,2058,2060
2089,2070,2056,2097,2285,2051,2078,2078
2092,2075,2057,2100,2318,2072,2077,2067
2080,2064,2046,2082,2349,2088,2069,2047
2044,2051,2031,2058,2308,2097,2066,2061
2049,2033,2014,2006,2130,2084,2064,2075
2052,2018,2017,1988,2008,2074,2067,2062
2026,2019,2013,1998,2034,2044,2051,2050
2001,2002,1996,1992,1973,1959,2054,2059
2019,2006,1996,1926,1615,1917,2024,2057
2018,1993,1978,1904,1540,1945,1987,2045
2022,2009,1996,1966,1694,2007,2017,2053
2042,2072,2065,2073,1996,2007,2022,2057
2058,2103,2088,2119,2173,2019,2022,2051
2056,2088,2080,2110,2189,2028,2023,2043
2047,2064,2061,2074,2121,2040,2004,2025
2038,2048,2048,2063,2111,2077,1994,2024
2029,2043,2040,2045,2080,2112,1994,2006
2013,2020,2013,2030,2059,2115,2000,2000
1999,2005,2006,2032,2047,2106,2037,2011
2008,2008,2018,2051,2066,2116,2070,2033
2028,2037,2033,2065,2080,2118,2088,2040
2038,2050,2035,2072,2088,2087,2091,2026
2049,2044,2029,2059,2074,2050,2078,2012
2051,2036,2019,2043,2056,2020,2055,1992
2022,2013,1998,2026,2044,2023,2054,2006
2035,1990,1989,2016,2046,2015,2044,2007
2031,1995,1992,2023,2064,2033,2035,2009
2066,2041,2022,2063,2099,2071,2076,2034
2084,2057,2036,2060,2096,2072,2050,2025
2062,2040,2020,2046,2082,2065,2042,2023
2039,2038,2024,2042,2094,2063,2049,2032
2040,2042,2031,2059,2099,2060,2061,2032
2029,2055,2044,2066,2099,2052,2066,2041
2032,2055,2046,2067,2085,2040,2085,2039
2037,2067,2044,2055,2049,2021,2090,2058
2051,2049,2032,2046,2018,2019,2102,2082
2060,2040,2029,2046,2021,2059,2080,2062
2050,2044,2041,2053,2016,2068,2089,2057
2042,2042,2030,2042,2015,2029,2090,2061
2040,2005,2003,2029,2024,1984,2074,2072
2036,1991,2000,2034,2018,2011,2078,2081
2048,2006,2008,2038,1977,2010,2055,2060
2012,1995,2002,2022,1948,2008,2041,2042
2005,2008,2013,2023,1932,2034,2065,2054
2029,2029,2023,2036,1964,2016,2080,2083
2068,2046,2042,2057,2056,2035,2072,2082
2078,2044,2032,2067,2112,2053,2044,2058
2082,2045,2022,2072,2111,2069,2028,2053
2098,2052,2036,2070,2080,2083,2042,2066
2102,2076,2045,2075,2095,2146,2040,2050
2093,2088,2044,2084,2143,2187,2071,2066
2099,2084,2028,2074,2140,2177,2069,2056
2077,2080,2016,2072,2143,2161,2053,2026
2013,2061,2019,2086,2157,2157,2059,1990
1981,2063,2044,2087,2168,2155,2053,1984
2015,2069,2046,2089,2161,2120,2086,2004
2035,2076,2050,2085,2149,2038,2063,2033
2035,2070,2048,2075,2117,1983,2044,2025
2022,2059,2052,2069,2099,1952,2041,2021
2044,2076,2066,2085,2101,1979,2060,2026
2062,2090,2085,2097,2103,2040,2070,2004
2040,2064,2069,2073,2035,2053,2072,2004
2012,2046,2073,2052,1898,2051,2056,1994
2020,2062,2088,2055,1913,2056,2054,2002
2032,2068,2092,2074,1978,2067,2064,2014
2038,2066,2081,2061,1920,2051,2043,2017
2031,2057,2058,2057,1899,2040,2041,2040
2037,2047,2039,2049,1960,1985,2075,2075
2047,2050,2041,2055,2088,2023,2084,2071
2037,2053,2055,2071,2108,2107,2107,2058
2036,2051,2069,2092,2117,2197,2115,2066
2049,2063,2069,2091,2143,2176,2104,2077
2047,2060,2055,2069,2140,2069,2070,2083
2043,2062,2031,2048,2104,1986,2022,2075
2032,2050,2015,2015,2080,2013,2025,2068
2037,2047,2017,1996,2072,2058,2028,2079
2059,2069,2033,2006,2068,2050,2026,2071
2046,2060,2034,2030,2146,2022,2001,2057
2038,2052,2032,2048,2167,2028,2018,2053
2030,2045,2037,2061,2152,2019,2012,2056
2032,2039,2048,2061,2126,2023,2025,2049
2035,2034,2058,2064,2096,2025,2035,2030
2024,2038,2064,2063,2091,2048,2053,2022
2022,2042,2064,2070,2096,2078,2075,2029
2041,2065,2075,2074,2123,2098,2092,2044
2068,2068,2064,2084,2141,2114,2099,2043
2079,2078,2057,2081,2142,2117,2082,2032
2078,2065,2048,2069,2153,2112,2056,2017
2070,2065,2047,2072,2168,2102,2050,2009
2058,2070,2043,2077,2122,2037,2030,1991
2033,2047,2040,2074,2098,1968,2034,1993
2021,2052,2039,2080,2101,1979,2052,2006
2030,2064,2041,2083,2077,1992,2042,2011
2033,2051,2018,2026,1999,1971,2023,2016
2045,2055,2018,2018,1988,1985,2007,2034
2057,2077,2047,2044,2122,2031,2030,2045
2064,2070,2056,2076,2280,2101,2082,2062
2049,2056,2050,2074,2288,2140,2102,2061
2043,2050,2045,2072,2269,2136,2093,2076
2051,2050,2045,2068,2178,2106,2075,2063
2039,2047,2063,2075,2112,2091,2078,2065
2028,2052,2078,2049,1918,2050,2072,2056
2029,2064,2094,2036,1797,2028,2059,2039
2011,2064,2090,2030,1883,2049,2066,2064
2027,2055,2075,2039,1903,2068,2073,2086
2030,2035,2049,2029,1866,2052,2031,2066
2020,2021,2026,1989,1817,2029,2002,2040
1998,2006,2012,1978,1836,2024,1997,2049
2005,2027,2021,1970,1805,2013,2015,2042
2005,2029,2013,1974,1871,1954,1962,2036
2041,2057,2036,2027,2056,1930,1974,2063
2099,2081,2082,2120,2221,2002,2037,2080
2101,2084,2102,2163,2270,2074,2042,2058
2066,2074,2106,2171,2318,2134,2028,2056
2069,2061,2085,2154,2345,2166,2039,2028
2056,2054,2060,2114,2287,2166,2054,2013
2044,2047,2050,2093,2237,2165,2079,2016
2045,2038,2039,2078,2170,2174,2092,2018
2037,2042,2045,2091,2111,2108,2066,2030
2029,2063,2054,2100,2077,2052,2028,2029
2035,2072,2048,2097,2003,2010,2006,2013
2041,2080,2045,2092,1932,1953,1977,1980
2020,2051,2018,2063,1918,1931,2013,1986
2028,2043,2025,2075,1975,1979,2056,2003
2030,2052,2027,2080,2049,2018,2058,2008
2021,2040,2019,2064,2075,2042,2055,2006
2008,2042,2011,2045,2063,2061,2050,2000
1974,2031,2002,2036,2070,2076,2042,2020
2007,2050,2015,2043,2089,2091,2062,2045
2036,2078,2044,2062,2133,2108,2062,2038
2049,2080,2048,2068,2138,2099,2081,2050
2050,2076,2053,2089,2137,2076,2064,2055
2043,2066,2056,2087,2123,2061,2065,2075
2049,2065,2060,2076,2104,2060,2064,2085
2050,2073,2060,2078,2084,2054,2058,2090
2042,2072,2064,2076,2060,2061,2058,2092
2066,2084,2071,2094,2086,2069,2057,2074
2054,2072,2071,2095,2066,2054,2015,2047
2020,2046,2043,2070,2034,2032,2007,2032
2008,2040,2035,2060,2036,2032,2042,2062
2036,2062,2045,2064,2045,2017,1998,2075
2036,2048,2029,2059,2099,2013,2036,2079
2042,2047,2040,2059,2160,2012,2040,2077
2043,2049,2045,2050,2163,2008,2046,2073
2046,2050,2041,2038,2155,2011,2029,2068
2050,2054,2023,2034,2123,2007,2019,2063
2054,2028,1994,2044,2160,2019,2016,2050
2054,2037,2009,2068,2235,2049,2033,2028
2047,2053,2028,2083,2250,2092,2062,2025
2040,2059,2043,2104,2228,2120,2045,2023
2038,2059,2034,2091,2127,2132,2054,2016
2022,2038,2036,2064,1990,2120,2036,2008
2030,2041,2053,2079,2022,2142,2037,1991
2029,2034,2051,2078,2041,2119,2005,1965
2020,2007,2031,2060,2044,2020,1998,1985
2024,2023,2038,2066,2005,2006,2022,2013
2040,2072,2075,2117,2099,2008,2034,2011
2034,2084,2068,2121,2163,2003,2035,2010
2026,2069,2055,2092,2147,2034,2040,2022
2045,2059,2040,2090,2117,2049,2049,2027
2043,2066,2044,2069,2058,2043,2048,2037
2041,2076,2043,2050,2044,2026,2052,2033
2033,2060,2034,2036,2038,2015,2039,2034
2029,2050,2038,2030,2026,2012,2036,2033
2029,2039,2031,2013,2024,2010,2026,2044
2033,2038,2022,2002,2025,2010,2009,2044
2016,2045,2019,2003,2023,2042,2024,2046
2031,2066,2033,2008,1992,2059,2008,2058
2055,2073,2033,1989,1962,2079,2020,2076
2046,2065,2022,1982,1954,2106,2033,2074
2024,2035,2001,1964,1956,2033,2018,2067
2017,2041,2013,1996,2025,2013,2058,2097
2043,2085,2047,2047,2103,2058,2059,2101
2060,2093,2064,2070,2126,2099,2073,2106
2062,2085,2046,2069,2102,2087,2070,2097
2054,2068,2025,2055,2055,2048,2058,2064
2025,2056,2014,2054,2016,2013,2044,2047
2010,2049,1992,2056,2044,1988,2031,2034
2007,2021,1972,2063,2080,2009,2005,2032
2011,2013,1959,2046,2044,2007,2027,2015
2024,2026,1980,2047,2030,2027,2042,2036
2052,2046,1998,2058,2066,2058,2057,2050
2048,2064,2006,2074,2109,2083,2064,2049
2051,2073,2036,2093,2150,2103,2068,2038
2062,2070,2070,2118,2199,2104,2060,2034
2061,2073,2083,2133,2160,2088,2054,2028
2024,2011,2044,2094,2100,2086,2029,1992
1994,1992,2047,2077,2098,2098,2015,1995
2053,2065,2092,2098,2087,2109,2012,2021
2077,2077,2076,2084,2067,2102,2056,2020
2070,2053,2068,2075,2070,2072,2054,2018
2073,2064,2069,2084,2101,2029,2064,2025
2062,2064,2056,2072,2119,2034,2053,2023
2042,2061,2049,2099,2167,2071,2072,2026
2042,2075,2064,2121,2200,2089,2054,2038
2030,2093,2070,2119,2188,2090,2054,2047
2025,2090,2063,2125,2206,2081,2054,2059
2030,2083,2055,2123,2187,2057,2036,2052
2027,2062,2037,2096,2155,2036,2035,2056
2032,2045,2012,2071,2125,2035,2033,2060
2036,2041,2015,2068,2095,2033,2034,2062
2045,2060,2044,2059,2092,2038,2033,2049
2024,2048,2052,2049,2084,2033,2026,2059
2015,2038,2037,2034,2075,2055,2026,2075
2024,2070,2074,2068,2082,2077,2064,2076
2034,2088,2105,2102,2074,2077,2063,2082
2045,2098,2129,2100,2003,2041,2053,2067
2036,2078,2134,2094,2023,2019,2067,2069
2042,2068,2134,2093,2109,2032,2060,2065
2043,2069,2130,2098,2160,2049,2054,2044
2041,2077,2139,2123,2196,2088,2058,2060
2051,2086,2151,2130,2184,2130,2074,2051
2080,2091,2142,2126,2150,2131,2053,2045
2077,2071,2108,2105,2176,2125,2058,2042
2059,2053,2069,2070,2159,2096,2061,2030
2040,2046,2055,2035,2009,2032,2048,2036
2046,2051,2051,2061,2023,1996,2055,2035
2033,2060,2039,2069,2080,1990,2023,2023
2014,2038,2023,2055,2073,1971,2022,2005
1994,2034,1994,1988,1953,1964,1994,1992
1987,2036,1977,1949,1892,1991,1999,2028
2027,2053,1983,1961,1906,2029,2020,2043
2048,2079,2018,2017,2039,2069,2050,2051
2044,2080,2033,2052,2112,2082,2041,2067
2047,2073,2031,2068,2131,2097,2061,2060
2047,2058,2022,2090,2133,2108,2091,2070
2066,2063,2037,2101,2091,2094,2070,2054
2047,2052,2054,2125,2078,2079,2040,2053
2048,2044,2066,2130,2042,2064,2020,2059
2065,2046,2122,2157,2045,2046,2034,2050
2052,2074,2182,2189,2112,2048,2035,2053
2048,2083,2205,2187,2105,2067,2063,2072
2046,2092,2190,2190,2114,2062,2052,2074
2016,2085,2158,2205,2162,2058,2078,2071
2015,2070,2119,2176,2144,2027,2029,2066
2013,2055,2088,2161,2064,2008,2014,2056
2014,2066,2077,2168,2025,2017,2045,2075
2036,2077,2067,2168,1997,2028,2033,2064
2038,2074,2052,2127,1981,2050,2026,2057
2034,2063,2031,2101,1968,2058,2030,2053
2033,2060,2018,2066,1974,2072,2035,2048
2044,2058,2006,2063,2018,2078,2029,2054
2055,2062,1997,2039,2092,2076,2026,2053
2051,2052,1971,2006,2130,2050,2026,2022
2019,2045,1969,1995,2170,2064,2060,2018
2033,2065,1979,1989,2134,2046,2032,2025
2046,2064,1977,1972,2088,2018,2009,2045
2073,2054,1970,1951,2095,2014,2033,2040
2060,2029,1959,1952,2122,2024,2050,2043
2054,2025,1952,1974,2130,2028,2042,2036
2042,2018,1954,1980,2096,2012,2002,2013
2019,2003,1960,1999,2072,2022,2009,2005
2013,2022,2016,2042,2089,2047,2047,2021
2047,2090,2079,2078,2115,2062,2067,2039
2057,2104,2086,2068,2122,2050,2070,2043
2072,2106,2078,2042,2086,2042,2068,2049
2076,2094,2045,2008,2054,2030,2041,2028
2043,2057,2022,1985,2026,2024,2027,2031
2026,2053,2029,2007,2055,2022,2004,2024
2020,2064,2051,2041,2089,2035,2004,2042
2030,2076,2060,2066,2109,2067,2039,2058
2061,2096,2071,2094,2136,2091,2055,2063
2068,2093,2063,2123,2163,2114,2075,2074
2070,2097,2077,2142,2167,2104,2062,2076
2068,2079,2076,2154,2161,2095,2073,2073
2047,2070,2068,2181,2148,2094,2056,2072
2040,2070,2073,2195,2124,2082,2029,2058
2010,2035,2042,2185,2109,2074,2033,2055
2016,2043,2056,2182,2112,2079,2041,2059
2044,2069,2066,2190,2097,2074,2041,2055
2042,2055,2054,2165,2076,2051,2004,2043
2038,2053,2055,2145,2054,2043,2033,2047
2036,2060,2060,2105,2041,2040,2044,2056
2035,2072,2078,2084,2048,2019,2041,2065
2053,2091,2092,2066,2044,1993,2027,2056
2051,2093,2110,2061,2062,1988,2031,2046
2040,2090,2123,2044,2077,2023,2028,2030
2024,2077,2101,2006,2077,2058,2029,2029
2045,2070,2087,2007,2075,2067,2033,2030
2063,2071,2056,1994,2061,2059,2033,2038
2077,2068,2038,1983,2035,2050,2023,2029
2070,2063,2026,1994,2055,2042,2039,2038
2094,2074,2024,2001,2063,2030,2041,2033
2085,2042,1999,1978,2061,2027,2022,2002
2053,2027,1977,1981,2072,2046,2029,2020
2054,2056,1990,1967,2095,2068,2049,2033
2049,2063,1985,1949,2092,2074,2046,2039
2046,2070,1997,1972,2083,2063,2049,2036
2055,2066,2013,2010,2087,2058,2040,2044
2071,2058,1998,2019,2085,2052,2063,2043
2046,2040,1980,2028,2081,2048,2036,2040
2038,2019,1971,2038,2073,2043,2031,2037
2026,2022,2002,2050,2073,2052,2058,2045
2027,2027,2020,2058,2064,2047,2060,2062
2044,2041,2031,2106,2061,2048,2042,2066
2044,2049,2042,2134,2060,2037,2044,2064
2044,2055,2068,2121,2077,2052,2049,2082
2067,2061,2081,2105,2076,2055,2038,2077
2078,2047,2082,2079,2066,2043,2043,2057
2026,2028,2061,2055,2044,2032,2022,2061
2020,2016,2060,2043,2034,2044,2046,2069
2026,2059,2084,2051,2042,2042,2045,2077
2044,2068,2082,2045,2038,2029,2046,2099
2064,2075,2092,2029,2035,2028,2037,2094
2060,2077,2077,2012,2021,2023,2044,2078
2031,2081,2078,2001,2025,2022,2045,2069
2034,2089,2080,2007,2039,2030,2056,2081
2050,2094,2104,2031,2042,2036,2047,2073
2063,2107,2148,2065,2056,2045,2043,2072
2077,2122,2178,2081,2068,2056,2062,2069
2074,2125,2169,2094,2078,2062,2066,2064
2072,2114,2159,2102,2084,2073,2051,2052
2070,2102,2142,2096,2072,2077,2034,2056
2072,2105,2124,2089,2062,2100,2069,2058
2082,2094,2110,2097,2064,2102,2036,2041
2057,2061,2083,2086,2048,2081,2052,2030
2050,2056,2075,2088,2059,2084,2077,2045
2065,2088,2088,2111,2088,2125,2082,2053
2075,2094,2071,2114,2093,2117,2079,2034
2059,2083,2058,2098,2082,2052,2027,1997
2042,2068,2044,2091,2072,2006,2021,2002
2041,2068,2035,2077,2074,1970,2019,2020
2052,2065,2025,2072,2077,1985,2043,2033
2056,2073,2025,2055,2079,2013,2064,2039
2054,2063,2026,2047,2086,2035,2070,2045
2054,2058,2021,2034,2086,2054,2075,2058
2064,2057,2017,2035,2084,2068,2065,2092
2092,2066,2022,2031,2081,2058,2052,2099
2084,2054,2029,2021,2064,2026,2036,2073
2030,2034,2047,2033,2065,2030,2045,2067
2041,2070,2095,2056,2082,2044,2042,2052
2022,2056,2085,2043,2056,2042,2040,2055
2031,2054,2077,2053,2054,2050,2058,2082
2062,2062,2087,2074,2063,2064,2072,2098
2069,2068,2085,2081,2071,2073,2055,2096
2072,2067,2082,2081,2070,2070,2041,2088
2059,2070,2066,2075,2064,2053,2037,2078
2057,2069,2048,2065,2054,2041,2033,2064
2059,2061,2031,2061,2046,2035,2025,2052
2062,2058,2028,2058,2053,2036,2033,2053
2062,2071,2028,2067,2064,2057,2033,2043
2061,2070,2039,2064,2064,2060,2054,2031
2058,2065,2033,2060,2052,2048,2023,2026
2055,2052,2016,2038,2038,2045,2026,2024
2054,2049,2000,2021,2044,2040,2009,2026
2055,2045,1985,2017,2039,2032,2017,2028
2050,2040,1958,2011,2028,2035,2021,2028
2037,2014,1923,1991,2008,2009,1986,2011
2027,2023,1946,2005,2015,2018,2003,2011
2048,2064,1997,2041,2051,2054,2061,2021
2066,2084,2020,2056,2049,2063,2061,2027
2071,2086,2020,2065,2045,2050,2034,2032
2062,2074,2029,2074,2050,2031,2032,2024
2050,2062,2041,2074,2033,2001,2025,2034
2043,2060,2077,2089,2048,1990,2024,2045
2056,2085,2114,2104,2049,2000,2043,2045
2058,2082,2126,2107,2038,2006,2030,2046
2046,2076,2123,2110,2050,2032,2029,2056
2053,2087,2120,2117,2068,2055,2032,2066
2068,2092,2118,2118,2066,2048,2042,2073
2058,2083,2099,2120,2040,2029,2043,2069
2056,2080,2096,2117,2033,1996,2031,2078
2050,2079,2088,2114,2030,1981,2007,2080
2041,2065,2078,2085,2023,1976,2003,2069
2034,2052,2072,2082,2052,2021,2034,2086
2058,2063,2071,2071,2072,2065,2074,2094
2059,2045,2052,2027,2050,2070,2070,2086
2049,2038,2068,2003,2037,2054,2056,2083
2051,2056,2098,2022,2036,2044,2055,2085
2070,2072,2103,2046,2053,2041,2077,2083
2072,2061,2092,2064,2047,2044,2060,2081
2056,2047,2069,2075,2048,2047,2047,2056
2041,2042,2061,2079,2046,2053,2059,2040
2051,2050,2055,2096,2054,2077,2079,2048
2072,2063,2044,2105,2052,2073,2066,2051
2075,2056,2036,2098,2050,2077,2051,2039
2072,2080,2034,2093,2053,2076,2056,2016
2057,2066,2028,2082,2048,2074,2061,2012
2048,2074,2042,2086,2053,2076,2054,2022
2033,2058,2029,2055,2025,2017,2019,1994
1982,2031,2016,2040,2013,1981,1978,1999
1997,2049,2042,2044,2029,2006,2005,2033
2036,2068,2051,2039,2040,2020,2014,2036
2052,2076,2052,2029,2039,2052,2033,2037
2058,2076,2059,2024,2035,2066,2047,2042
2062,2080,2066,2017,2035,2060,2060,2042
2065,2091,2062,2015,2046,2029,2060,2053
2063,2076,2034,2007,2042,1994,2055,2056
2068,2073,2020,2014,2043,2001,2062,2059
2069,2069,2000,2019,2046,2016,2056,2068
2062,2061,1984,2031,2052,2023,2060,2073
2060,2065,1980,2050,2048,2041,2052,2072
2068,2073,1976,2049,2062,2058,2048,2076
2064,2064,1970,2046,2065,2074,2055,2086
2047,2055,1962,2041,2057,2075,2056,2084
2040,2034,1951,2027,2044,2054,2024,2068
2022,2023,1955,2029,2039,2053,2028,2081
2031,2034,1986,2043,2051,2096,2068,2102
2051,2036,2006,2049,2047,2090,2060,2095
2058,2047,2043,2069,2065,2030,2045,2087
2065,2060,2080,2078,2061,1932,2025,2066
2047,2047,2098,2087,2056,1915,2024,2038
2024,2040,2113,2088,2050,1926,2025,2048
2032,2034,2126,2081,2035,1936,2025,2061
2048,2054,2142,2084,2031,1947,2025,2063
2061,2080,2165,2094,2030,1978,2040,2065
2078,2109,2181,2113,2041,2017,2058,2055
2100,2106,2153,2099,2020,2022,2042,2044
2065,2082,2134,2086,2012,2022,2026,2028
2053,2066,2128,2084,2013,2031,2055,2010
2030,2061,2126,2078,2001,2028,2046,2012
2030,2064,2111,2055,1989,2028,2012,2010
2033,2050,2080,2050,1989,2050,2009,2017
2047,2061,2081,2065,2012,2108,2049,2040
2063,2086,2084,2067,2022,2101,2055,2037
2065,2077,2058,2054,2021,2070,2010,2022
2052,2058,2032,2041,2020,2046,2018,2044
2063,2060,2041,2053,2016,2060,2029,2049
2071,2084,2066,2057,1992,2081,2037,2057
2074,2087,2065,2048,1960,2069,2027,2055
2058,2072,2048,2034,1946,2051,2019,2051
2059,2072,2052,2031,1944,2017,2017,2061
2077,2072,2057,2041,1984,1976,2043,2084
2087,2084,2075,2053,2054,2014,2081,2097
2080,2088,2078,2059,2076,2039,2073,2104
2070,2095,2067,2057,2081,2056,2058,2098
2056,2080,2058,2068,2064,2049,2054,2086
2044,2068,2053,2064,2043,2030,2056,2076
2035,2054,2045,2055,2023,2014,2056,2076
2045,2058,2056,2053,2021,2022,2034,2083
2053,2077,2065,2045,2019,2025,2046,2088
2045,2074,2061,2044,2018,2027,2052,2082
2056,2072,2062,2052,2031,2043,2055,2086
2055,2082,2058,2083,2040,2040,2061,2086
2061,2082,2059,2093,2034,2038,2057,2075
2062,2074,2060,2108,2031,2029,2058,2056
2061,2063,2063,2110,2040,2045,2061,2044
2052,2068,2058,2111,2035,2046,2070,2045
2049,2065,2053,2122,2040,2054,2048,2055
2057,2065,2050,2120,2043,2059,2066,2056
2061,2059,2047,2115,2038,2043,2071,2045
2053,2048,2036,2096,2027,2038,2071,2037
2041,2046,2036,2074,2025,2035,2054,2033
2045,2053,2034,2062,2031,2038,2037,2030
2042,2040,2024,2049,2026,2037,2032,2018
2040,2046,2023,2083,2041,2054,2081,2029
2058,2062,2036,2099,2044,2068,2089,2025
2052,2053,2039,2084,2033,2070,2077,2023
2050,2049,2033,2057,2007,2054,2059,2021
2038,2043,2039,2035,1983,2037,2052,2023
2045,2050,2051,2040,1996,2006,2048,2032
2053,2068,2080,2069,2016,2016,2052,2044
2060,2075,2105,2084,2043,2036,2053,2051
2062,2082,2113,2082,2047,2042,2067,2058
2069,2076,2114,2066,2029,2044,2068,2065
2057,2066,2102,2049,2012,2016,2056,2063
2037,2042,2072,2024,2006,2009,2040,2072
2038,2057,2093,2042,2035,2035,2063,2077
2063,2083,2095,2038,2038,2044,2083,2082
2061,2076,2074,2041,2021,2033,2058,2075
2042,2039,2027,2009,2000,2008,2029,2061
2025,2013,2010,2025,1994,2015,2054,2076
2046,2041,2064,2054,2009,2027,2060,2077
2051,2056,2092,2069,2019,2036,2068,2081
2058,2070,2106,2069,2025,2039,2084,2077
2067,2075,2104,2069,2035,2061,2086,2076
2060,2070,2093,2073,2036,2076,2062,2059
2047,2055,2071,2057,2020,2072,2066,2057
2047,2044,2051,2048,2007,2062,2047,2061
2046,2040,2055,2040,2003,2064,2062,2055
2056,2055,2061,2038,2012,2060,2056,2052
2055,2056,2050,2050,2016,2046,2075,2053
2060,2061,2048,2062,2020,2046,2066,2046
2055,2062,2049,2069,2028,2036,2064,2034
2046,2067,2055,2073,2026,2029,2055,2029
2049,2073,2051,2058,2015,2032,2042,2024
2051,2056,2041,2030,1976,2007,2040,2024
2054,2059,2038,2014,1965,2001,2049,2041
2075,2072,2046,2026,1975,2001,2047,2046
2085,2066,2054,2042,1993,1989,2053,2058
2080,2082,2074,2057,2019,1998,2060,2052
2076,2080,2075,2071,2013,2031,2064,2044
2074,2061,2068,2068,2019,2042,2064,2050
2078,2062,2063,2058,2017,2059,2061,2052
2070,2065,2049,2050,2013,2082,2053,2042
2061,2060,2050,2034,1997,2094,2052,2041
2056,2055,2052,2046,1993,2087,2044,2042
2045,2056,2059,2059,1992,2075,2035,2046
2039,2054,2062,2055,1986,2027,2055,2064
2037,2057,2067,2053,1983,1970,2053,2084
2040,2058,2066,2032,1997,1969,2052,2086
2052,2054,2061,2021,2000,2000,2040,2082
2041,2031,2042,2008,2019,2024,2047,2080
2045,2031,2035,2015,2042,2034,2064,2088
2067,2054,2056,2039,2074,2035,2064,2096
2060,2068,2055,2047,2080,2049,2057,2103
2055,2066,2043,2059,2066,2023,2038,2106
2066,2066,2045,2072,2057,2015,2062,2102
2064,2060,2036,2074,2054,2015,2070,2102
2068,2063,2030,2080,2046,2023,2079,2085
2062,2049,2041,2069,2039,2042,2081,2069
2055,2040,2042,2071,2036,2050,2100,2058
2048,2038,2050,2078,2038,2055,2068,2058
2056,2040,2060,2081,2046,2059,2090,2061
2060,2040,2059,2083,2050,2054,2076,2049
2047,2040,2062,2093,2047,2050,2078,2031
2041,2045,2082,2101,2046,2059,2063,2036
2045,2050,2082,2104,2045,2094,2079,2034
2039,2042,2055,2093,2044,2086,2067,2025
2031,2031,2048,2107,2045,2061,2057,2030
2056,2062,2060,2131,2062,2070,2086,2040
2082,2089,2081,2157,2076,2064,2071,2055
2095,2091,2090,2158,2066,2031,2056,2059
2091,2080,2081,2161,2061,2012,2039,2057
2090,2088,2074,2139,2040,2011,2040,2060
2083,2079,2052,2074,2007,1996,2037,2064
2070,2066,2027,2004,1971,1961,2036,2063
2047,2038,2004,1938,1960,1953,2034,2059
2054,2047,2028,1910,1959,1967,2038,2058
2055,2050,2059,1909,1970,2004,2065,2067
2066,2075,2092,1946,1997,2027,2062,2076
2069,2085,2098,1976,2005,2040,2057,2086
2064,2082,2091,1988,2025,2038,2040,2083
2058,2069,2076,2003,2023,2023,2015,2083
2045,2049,2048,1996,2004,2017,2000,2072
2043,2042,2043,2001,2007,2015,2028,2091
2059,2066,2055,2029,2028,2045,2053,2100
2060,2062,2057,2044,2038,2031,2054,2099
2060,2063,2060,2048,2034,2029,2044,2096
2065,2055,2056,2046,2017,2025,2030,2090
2066,2062,2066,2049,2004,2024,2029,2072
2065,2059,2076,2045,1984,2030,2027,2060
2059,2060,2074,2043,1978,2033,2033,2052
2058,2060,2068,2048,1984,2033,2032,2039
2050,2055,2056,2045,1983,2041,2048,2028
2052,2054,2051,2047,1981,2055,2046,2040
2050,2049,2053,2051,1987,2061,2052,2038
2055,2048,2047,2046,1997,2061,2052,2036
2061,2050,2041,2050,2004,2060,2051,2033
2060,2046,2033,2042,1994,2045,2042,2033
2055,2032,2016,2026,1979,2029,2025,2030
2043,2027,2011,2022,1980,2034,2034,2026
2042,2043,2019,2031,1997,2049,2053,2032
2045,2041,2018,2015,1993,2041,2032,2028
2049,2038,2030,2005,1987,2043,2033,2026
2050,2050,2051,2006,1994,2038,2056,2044
2054,2064,2068,2019,2020,2047,2057,2046
2067,2075,2084,2037,2034,2056,2072,2052
2075,2084,2086,2058,2041,2063,2091,2063
2073,2083,2082,2060,2046,2062,2042,2071
2069,2066,2076,2059,2020,2073,2056,2059
2057,2060,2069,2047,1989,2078,2041,2064
2052,2057,2068,2043,1976,2066,2043,2065
2046,2051,2066,2041,1962,2054,2042,2073
2061,2048,2072,2058,1988,2009,2043,2081
2065,2057,2092,2078,2032,1998,2054,2094
2058,2054,2081,2075,2034,2010,2025,2084
2047,2038,2061,2065,2023,2030,2008,2079
2050,2037,2058,2064,2015,2060,2058,2084
2057,2045,2057,2059,2016,2066,2058,2086
2056,2050,2059,2056,2002,2051,2042,2072
2063,2062,2064,2049,2003,2052,2034,2077
2060,2057,2052,2049,2012,2046,2026,2075
2076,2064,2064,2041,2006,2041,2018,2066
2071,2060,2053,2034,2008,2045,2026,2062
2065,2055,2055,2024,2007,2035,2025,2056
2069,2054,2058,2021,1997,2025,2035,2060
2077,2055,2050,2016,1997,2037,2072,2062
2073,2059,2042,2016,2006,2052,2075,2062
2070,2068,2044,2029,2010,2052,2073,2054
2060,2059,2048,2033,2003,2053,2041,2052
2060,2060,2048,2032,1993,2052,2034,2049
2061,2053,2034,2012,1966,2021,2007,2029
2044,2031,2033,1995,1936,2002,2008,2026
2048,2033,2043,2016,1963,1983,2014,2044
2059,2052,2048,2027,1985,1956,2008,2029
2052,2042,2050,2033,2004,1968,2021,2031
2050,2044,2068,2049,2035,1988,2029,2042
2052,2049,2083,2074,2055,2001,2044,2058
2062,2050,2090,2084,2057,1999,2047,2054
2065,2054,2097,2089,2055,1992,2062,2057
2064,2056,2096,2089,2038,1985,2073,2056
2069,2059,2103,2086,2039,2001,2042,2064
2058,2055,2093,2073,2034,2025,2039,2065
2063,2048,2078,2065,2022,2019,2060,2065
2056,2050,2068,2058,2014,2025,2049,2063
2046,2041,2050,2054,2012,2055,2029,2060
2042,2037,2044,2046,2020,2098,2066,2066
2053,2039,2041,2036,2013,2092,2062,2065
2038,2022,2024,2028,2016,2090,2072,2068
2038,2026,2027,2038,2017,2100,2083,2079
2062,2042,2028,2035,2013,2093,2066,2077
2055,2042,2025,2018,2000,2071,2059,2071
2046,2037,2005,2009,1991,2061,2050,2067
2049,2035,2006,2000,1991,2065,2042,2060
2067,2039,2011,1999,2005,2066,2051,2066
2077,2052,1995,2001,2013,2069,2058,2066
2075,2050,2000,2007,2020,2074,2065,2056
2066,2049,2003,2018,2020,2065,2060,2048
2056,2045,1994,2026,2023,2032,2063,2049
2054,2052,2011,2048,2020,2019,2054,2047
2062,2076,2037,2057,2015,2019,2046,2038
2056,2082,2039,2062,2011,2030,2044,2036
2060,2074,2046,2064,2012,2032,2055,2039
2060,2071,2038,2057,2000,2025,2031,2022
2048,2036,2009,2032,1993,2026,2036,2020
2040,2031,2016,2047,2021,2045,2055,2024
2059,2049,2044,2051,2021,2056,2057,2023
2057,2057,2056,2039,2010,2057,2049,2028
2063,2058,2057,2034,2003,2057,2050,2033
2052,2045,2044,2033,2000,2043,2049,2028
2049,2031,2022,2031,1994,2035,2048,2033
2044,2022,2007,2030,1993,2036,2056,2044
2043,2017,2002,2026,1983,2035,2042,2050
2052,2020,2036,2029,1989,2034,2059,2051
2057,2033,2062,2049,1988,2036,2062,2065
2070,2043,2070,2036,2002,2044,2060,2066
2065,2032,2052,2017,1999,2036,2065,2078
2061,2024,2040,2015,1983,2035,2055,2082
2056,2018,2044,2015,1975,2034,2057,2100
2065,2018,2033,2008,1976,2027,2046,2090
2055,2012,2035,2011,1977,2022,2040,2087
2050,2037,2058,2034,1995,2047,2049,2094
2070,2065,2072,2045,1997,2052,2061,2096
2056,2056,2069,2043,1996,2053,2048,2088
2060,2052,2065,2042,1996,2047,2050,2087
2069,2054,2074,2045,1998,2049,2050,2090
2082,2060,2079,2047,2002,2049,2058,2088
2085,2047,2086,2050,1999,2045,2046,2082
2070,2056,2097,2048,1995,2037,2037,2064
2071,2066,2099,2047,2003,2038,2039,2049
2059,2053,2078,2038,2009,2036,2040,2043
2059,2054,2060,2028,2009,2043,2019,2045
2059,2062,2064,2033,2016,2046,2050,2036
2066,2060,2061,2039,2011,2048,2035,2040
2068,2072,2064,2043,2007,2044,2030,2042
2060,2065,2061,2051,1988,2027,2005,2020
2029,2028,2029,2061,2001,2035,2012,2021
2032,2028,2038,2085,2031,2058,2049,2041
2056,2051,2067,2109,2030,2065,2029,2043
2051,2042,2062,2104,2034,2058,2046,2043
2058,2041,2054,2113,2030,2056,2056,2041
2054,2037,2047,2124,2044,2042,2058,2050
2064,2044,2039,2134,2046,2027,2065,2051
2065,2043,2027,2124,2051,2027,2044,2059
2067,2039,2012,2114,2043,2022,2038,2062
2058,2039,1996,2101,2038,2018,2045,2054
2048,2037,2003,2097,2042,2020,2045,2045
2040,2040,2008,2086,2039,2024,2045,2056
2036,2027,1993,2059,2033,2017,2036,2069
2039,2024,1998,2026,2011,2013,2037,2082
2042,2023,2011,1991,1988,2014,2039,2091
2056,2043,2050,1979,1988,2007,2040,2090
2044,2031,2061,1965,1972,1990,2012,2095
2037,2028,2045,1965,1979,1993,2024,2101
2057,2041,2039,1983,2001,2026,2049,2102
2059,2054,2042,2001,2006,2037,2052,2103
2059,2068,2049,2016,2008,2050,2053,2094
2070,2071,2066,2021,2001,2050,2058,2089
2065,2077,2078,2028,1994,2046,2047,2089
2071,2084,2082,2028,2000,2045,2038,2086
2072,2075,2089,2017,2001,2049,2044,2077
2077,2107,2097,2025,2008,2050,2063,2080
2079,2136,2102,2014,2002,2035,2060,2070
2080,2142,2103,2005,2008,2034,2059,2063
2072,2139,2111,2013,2018,2044,2063,2076
2086,2150,2114,2022,2032,2044,2046,2059
2082,2133,2093,2028,2036,2039,2047,2038
2071,2116,2076,2033,2036,2032,2036,2043
2077,2096,2058,2026,2027,2019,2022,2031
2059,2065,2031,2015,2023,2018,2020,2028
2054,2057,2026,2030,2036,2028,2037,2037
2078,2073,2039,2040,2027,2033,2031,2045
2076,2062,2036,2037,2021,2031,2057,2045
2069,2040,2030,2037,2021,2034,2064,2044
2072,2021,2020,2045,2025,2028,2047,2045
2065,2012,2025,2058,2026,2028,2028,2040
2065,2015,2035,2086,2033,2032,2062,2047
2071,2026,2063,2099,2042,2049,2072,2057
2068,2019,2080,2095,2042,2063,2076,2057
2064,2014,2088,2080,2024,2061,2075,2063
2056,2006,2084,2060,2018,2060,2079,2071
2049,2009,2078,2055,2026,2064,2075,2073
2049,2017,2097,2055,2020,2072,2076,2080
2056,2028,2097,2076,2031,2086,2081,2082
2057,2026,2084,2093,2025,2097,2079,2080
2049,1996,2030,2096,2015,2108,2060,2072
2035,1986,2007,2095,2016,2121,2038,2080
2058,2005,2003,2099,2024,2115,2074,2084
2071,2008,1994,2099,2021,2039,2067,2086
2071,2026,1994,2095,2023,1986,2061,2081
2067,2020,2003,2120,2023,2009,2065,2078
2061,2032,2013,2143,2024,2024,2069,2078
2060,2026,1998,2121,2019,2024,2060,2073
2043,2010,1994,2088,2006,2024,2041,2057
2032,1997,1992,2060,2002,2033,2036,2050
2043,2012,2013,2041,2006,2037,2055,2049
2042,2026,2029,2030,2013,2044,2056,2047
2049,2033,2033,2012,2003,2042,2064,2049
2047,2039,2033,2000,1989,2045,2048,2054
2049,2042,2027,1996,1975,2041,2045,2049
2054,2047,2053,1996,1965,2042,2063,2054
2052,2066,2084,2006,1965,2031,2037,2040
2049,2055,2086,2003,1977,2035,2037,2036
2053,2057,2074,1997,1997,2047,2056,2054
2074,2083,2107,2015,2011,2037,2057,2064
2077,2074,2101,2015,2004,2014,2054,2049
2073,2068,2095,2014,2000,2031,2053,2045
2084,2070,2098,2015,2018,2059,2069,2036
2089,2068,2102,2029,2030,2062,2051,2029
2075,2052,2091,2014,2034,2063,2045,2034
2062,2062,2090,2003,2053,2076,2049,2038
2066,2072,2089,2021,2067,2058,2048,2036
2055,2072,2084,2038,2087,2052,2053,2049
2055,2060,2066,2045,2073,2064,2060,2064
2045,2063,2056,2042,2053,2065,2058,2069
2050,2056,2053,2029,2026,2060,2050,2084
2062,2062,2041,2013,2019,2039,2044,2084
2062,2046,2026,1996,2030,2042,2028,2078
2062,2038,2016,1987,2041,2022,1991,2068
2040,2022,2005,1984,2013,1998,1999,2068
2031,2037,2022,2004,1996,2001,2027,2082
2052,2064,2035,2018,2002,2010,2028,2079
2061,2073,2046,2025,2002,2015,2023,2085
2067,2085,2058,2026,2004,2008,2036,2081
2062,2070,2047,2009,2001,2027,2031,2074
2056,2058,2026,2004,1985,2040,2034,2058
2050,2041,2017,1999,1987,2043,2051,2059
2047,2055,2024,2010,2021,2054,2054,2059
2058,2071,2041,2030,2035,2060,2058,2057
2059,2065,2037,2047,2048,2052,2054,2044
2059,2064,2026,2052,2052,2047,2055,2046
2058,2056,2020,2054,2053,2054,2053,2046
2052,2049,2021,2069,2049,2046,2049,2048
2048,2042,2028,2090,2051,2042,2034,2043
2046,2032,2038,2085,2050,2036,2042,2031
2036,2011,2033,2067,2045,2019,2032,2015
2024,2012,2046,2073,2050,2020,2032,2023
2038,2049,2081,2096,2107,2054,2047,2038
2052,2053,2084,2097,2117,2051,2055,2043
2062,2055,2062,2097,2131,2050,2051,2040
2059,2049,2035,2091,2138,2057,2062,2051
2067,2050,2035,2097,2134,2054,2084,2049
2074,2054,2039,2097,2119,2049,2056,2051
2067,2044,2033,2081,2093,2045,2043,2055
2055,2043,2042,2085,2080,2053,2042,2057
2053,2057,2064,2086,2048,2084,2046,2048
2050,2063,2078,2076,1989,2098,2046,2052
2057,2061,2072,2018,1857,2081,2023,2060
2052,2049,2062,1965,1758,2055,2038,2069
2051,2058,2064,1948,1796,2003,2041,2089
2058,2067,2078,1946,1890,1918,2034,2105
2064,2064,2077,1944,1942,1917,2036,2090
2037,2035,2044,1921,1953,1972,2020,2084
2035,2040,2048,1942,1962,2034,2071,2102
2059,2081,2085,1987,1970,2074,2094,2105
2060,2083,2080,2011,1948,2093,2107,2098
2062,2078,2063,2018,1985,2070,2062,2092
2062,2067,2052,2030,2074,2057,2046,2093
2070,2066,2054,2045,2094,2051,2039,2082
2069,2074,2063,2056,2078,2037,2030,2069
2061,2069,2060,2052,2092,2052,2054,2053
2061,2060,2056,2047,2089,2067,2070,2041
2060,2060,2039,2046,2072,2051,2055,2042
2059,2065,2042,2023,2055,2029,2049,2044
2060,2072,2045,2006,2038,2014,2055,2032
2056,2068,2038,2017,2030,1997,2047,2031
2057,2060,2047,2026,2030,1983,2035,2039
2059,2066,2054,2057,2037,2003,2041,2034
2062,2054,2045,2061,2032,2009,2032,2023
2037,2026,2022,2057,2011,2016,2027,2014
2030,2016,2010,2057,2057,2043,2049,2027
2048,2046,2025,2061,2089,2054,2044,2028
2056,2054,2026,2058,2091,2062,2051,2031
2055,2054,2030,2057,2088,2056,2046,2033
2057,2058,2042,2059,2078,2052,2053,2036
2054,2063,2045,2058,2058,2054,2039,2035
2049,2056,2046,2044,2057,2043,2044,2036
2041,2052,2042,2033,2062,2051,2033,2041
2032,2040,2038,2021,2048,2047,2050,2048
2040,2036,2058,2020,1994,2042,2028,2056
2037,2028,2065,2015,2000,2042,2047,2072
2042,2025,2063,2018,2034,2054,2059,2082
2048,2034,2058,2029,2063,2058,2069,2084
2057,2046,2074,2050,2080,2067,2062,2091
2070,2062,2082,2066,2073,2058,2071,2095
2061,2057,2067,2070,2058,2036,2037,2084
2053,2054,2061,2078,2069,2033,2041,2080
2044,2057,2057,2097,2070,2043,2052,2090
2059,2059,2042,2102,2062,2038,2047,2084
2052,2039,2012,2080,2036,2033,2046,2074
2048,2037,2003,2057,2005,2022,2027,2064
2045,2041,1987,2024,1950,2014,2024,2059
2045,2040,1979,2005,1909,2015,2034,2055
2039,2037,1975,1998,1925,2021,2031,2051
2045,2040,1983,1990,1944,2030,2037,2052
2063,2056,2012,1988,1966,2037,2049,2044
2067,2062,2026,1984,1980,2038,2055,2037
2058,2055,2023,1940,1970,2033,2051,2026
2044,2040,2008,1903,1969,2029,2038,2023
2044,2038,2016,1918,1983,2032,2063,2034
2050,2037,2032,1961,2008,2044,2055,2037
2058,2055,2048,2000,2029,2050,2052,2027
2047,2036,2035,1998,2028,2031,2017,2014
2044,2032,2052,2007,2034,2026,2019,2017
2053,2047,2083,2029,2052,2047,2030,2028
2054,2051,2091,2016,2045,2050,2032,2023
2045,2046,2087,2008,2041,2056,2036,2027
2045,2046,2091,2001,2022,2051,2044,2041
2042,2052,2096,2007,2015,2044,2056,2049
2048,2063,2091,2011,1996,2035,2059,2053
2045,2056,2075,2016,1975,2029,2038,2060
2039,2050,2069,2022,1984,2030,2042,2063
2038,2043,2076,2025,1993,2041,2050,2063
2033,2037,2070,2030,2021,2063,2056,2070
2041,2040,2072,2042,2055,2075,2062,2079
2038,2044,2075,2053,2060,2072,2043,2077
2047,2047,2076,2047,2048,2066,2036,2078
2039,2052,2074,2049,2050,2086,2060,2078
2047,2053,2063,2043,2034,2076,2033,2064
2034,2019,2038,2026,2025,2032,2042,2069
2029,2017,2025,2035,2047,2007,2035,2083
2052,2040,2038,2054,2068,2024,2073,2081
2054,2054,2038,2050,2064,2037,2051,2072
2057,2058,2040,2048,2052,2049,2052,2072
2058,2055,2037,2052,2044,2051,2047,2061
2055,2058,2028,2053,2039,2045,2048,2055
2056,2050,2014,2067,2045,2048,2049,2060
2054,2043,2000,2059,2040,2043,2052,2054
2047,2038,1988,2055,2038,2035,2036,2047
2049,2028,1983,2061,2035,2033,2035,2035
2050,2030,1988,2068,2037,2043,2060,2035
2053,2041,1998,2072,2038,2046,2034,2030
2047,2033,2000,2066,2033,2058,2024,2029
2041,2033,2013,2068,2039,2072,2052,2033
2051,2052,2037,2078,2038,2079,2054,2035
2048,2050,2035,2072,2027,2061,2031,2010
2020,2027,2022,2052,2019,2006,2000,2009
2021,2030,2038,2036,2019,1995,2018,2036
2056,2066,2072,2020,2024,2012,2051,2030
2053,2080,2114,2013,2031,2022,2052,2034
2061,2085,2146,1999,2037,2041,2058,2040
2062,2093,2143,1993,2040,2044,2052,2048
2066,2088,2132,1980,2040,2042,2047,2051
2064,2087,2129,1997,2045,2046,2059,2063
2067,2088,2124,2014,2049,2057,2066,2068
2082,2080,2108,2032,2056,2061,2080,2076
2080,2074,2100,2051,2064,2063,2063,2077
2072,2060,2085,2046,2037,2066,2055,2075
2064,2061,2074,2037,2014,2068,2049,2084
2068,2050,2067,2055,1992,2065,2038,2078
2055,2039,2051,2069,1988,2056,2046,2067
2045,2030,2040,2075,1999,2043,2035,2074
2039,2013,2026,2071,2019,1995,2021,2071
2026,2015,2028,2058,2069,2006,2046,2083
2038,2036,2038,2034,2100,2053,2075,2093
2053,2043,2037,2004,2079,2080,2041,2083
2053,2040,2039,1997,2031,2093,2054,2073
2041,2033,2036,1994,1978,2068,2034,2055
2017,2019,2031,1990,1918,2038,2034,2050
2022,2014,2025,1988,1908,2009,2023,2051
2028,2020,2019,2018,1974,1975,2038,2064
2046,2020,2009,2027,2007,1994,2070,2054
2045,2015,2000,2041,1993,2038,2068,2043
2045,2012,2020,2075,2080,2084,2038,2037
2049,2022,2034,2080,2099,2088,2055,2034
2045,2033,2045,2097,2080,2072,2066,2026
2046,2047,2074,2114,2079,2055,2036,2015
2050,2050,2090,2117,2077,2044,2045,2015
2043,2039,2074,2124,2067,2041,2032,1999
2039,2009,2031,2124,2047,2025,2038,1991
2024,1995,2007,2138,2052,2026,2019,2000
2037,2007,1997,2147,2064,2043,2006,2003
2028,1996,1978,2121,2040,2042,2022,1997
2029,2013,1988,2100,2026,2036,2039,2001
2045,2042,2010,2080,2029,2049,2057,2023
2055,2060,2029,2044,2034,2041,2060,2032
2056,2057,2021,2017,2018,2034,2043,2032
2049,2048,2022,1982,1988,2024,2036,2040
2050,2053,2035,1947,1957,2022,2063,2045
2057,2064,2060,1926,1949,2027,2062,2063
2058,2085,2092,1953,1972,2048,2069,2085
2072,2100,2111,1973,1989,2057,2069,2102
2077,2114,2118,1970,1999,2051,2081,2112
2079,2101,2089,1970,2015,2047,2082,2127
2079,2089,2074,1992,2043,2042,2085,2124
2085,2094,2102,2032,2062,2026,2046,2106
2063,2076,2104,2056,2066,2028,2029,2104
2062,2076,2117,2070,2074,2051,2063,2101
2073,2094,2138,2087,2110,2067,2069,2089
2066,2092,2117,2080,2157,2070,2070,2091
2060,2081,2101,2080,2204,2087,2053,2086
2053,2070,2090,2064,2209,2094,2058,2077
2056,2058,2068,2034,2190,2089,2060,2073
2055,2061,2061,2013,2082,2075,2054,2072
2057,2061,2061,1995,1971,2062,2066,2068
2049,2067,2056,1996,1987,2062,2056,2058
2061,2068,2054,1993,2010,2054,2047,2047
2056,2052,2035,1985,2009,2040,2044,2048
2050,2045,2031,1975,1969,2018,2032,2038
2041,2046,2038,1971,1941,2017,2028,2038
2048,2049,2042,1985,1939,2022,2028,2042
2061,2053,2045,1988,1960,2019,2024,2045
2052,2039,2030,1978,1950,1993,2015,2022
2032,2012,2011,1983,1951,1985,2014,2011
2014,2003,2004,1987,1985,2017,2032,2023
2039,2028,2026,2010,1995,2052,2042,2028
2051,2044,2036,2038,2022,2061,2042,2032
2051,2045,2039,2047,2046,2076,2042,2033
2045,2038,2027,2043,2048,2079,2046,2034
2047,2037,2022,2031,2048,2078,2031,2026
2045,2037,2028,2043,2068,2073,2036,2029
2049,2036,2026,2063,2105,2091,2055,2042
2053,2044,2037,2078,2101,2094,2059,2045
2050,2046,2029,2075,2076,2082,2050,2048
2049,2049,2020,2061,2057,2079,2052,2047
2054,2044,2001,2058,2040,2079,2061,2058
2053,2035,1998,2055,2038,2054,2041,2063
2049,2030,2004,2064,2035,2038,2051,2077
2054,2044,2021,2072,2035,2032,2045,2082
2056,2031,2010,2043,2015,2036,2034,2061
2038,2017,2002,2036,2018,2054,2038,2061
2041,2030,2016,2038,2029,2073,2063,2080
2048,2029,2015,2027,2039,2067,2062,2076
2049,2034,2025,2024,2066,2053,2050,2076
2052,2036,2039,2033,2083,2046,2058,2072
2055,2040,2035,2034,2070,2027,2061,2059
2048,2043,2036,2012,2042,2009,2039,2049
2046,2039,2038,1997,2029,2009,2045,2052
2047,2053,2072,2016,2037,2022,2057,2053
2058,2075,2110,2036,2048,2030,2055,2051
2062,2070,2094,2028,2047,2032,2057,2045
2054,2052,2060,2007,2018,2038,2052,2041
2049,2038,2046,2001,1981,2052,2051,2028
2049,2044,2072,2015,2000,2078,2050,2025
2049,2050,2091,2024,2027,2100,2045,2023
2052,2054,2094,2042,2044,2071,2062,2021
2043,2035,2069,2048,2050,1996,2049,2028
2047,2030,2064,2068,2078,1952,2060,2056
2074,2055,2083,2100,2099,1949,2051,2068
2069,2066,2085,2097,2098,1968,2043,2072
2078,2062,2075,2088,2097,2004,2060,2065
2070,2057,2075,2079,2081,2047,2080,2050
2056,2047,2064,2045,2027,2077,2072,2039
2051,2042,2056,2018,2002,2086,2047,2038
2045,2056,2070,2028,2019,2109,2035,2028
2055,2078,2074,2047,2042,2098,2025,2041
2059,2088,2079,2058,2047,2082,2037,2055
2054,2083,2083,2056,2047,2084,2026,2051
2049,2077,2079,2053,2049,2083,2049,2055
2054,2074,2086,2056,2027,2075,2051,2068
2050,2069,2080,2056,2012,2069,2058,2076
2054,2063,2072,2040,2004,2049,2041,2075
2053,2055,2061,2015,1980,2014,1985,2053
2019,2015,2017,1996,1982,2009,1975,2048
2016,2004,2030,2037,2045,2065,2021,2073
2050,2037,2058,2096,2106,2098,2063,2081
2058,2028,2072,2116,2113,2095,2064,2080
2055,2027,2058,2123,2119,2089,2065,2074
2050,2008,2030,2117,2116,2086,2051,2052
2045,2000,2006,2110,2102,2083,2041,2039
2045,2002,2009,2103,2100,2070,2031,2040
2035,2006,2010,2080,2078,2032,2029,2035
2041,2012,2007,2065,2054,2030,2033,2027
2037,2011,2006,2057,2032,2032,2032,2030
2043,2016,2009,2048,2000,2023,2044,2028
2041,2015,1994,2012,1923,2013,2036,2027
2039,2009,1986,1978,1871,2011,2034,2023
2036,2009,1987,1960,1885,2022,2034,2015
2036,2007,1999,1969,1928,2027,2044,2022
2042,2005,1996,1978,1967,2013,2011,2014
2025,1992,1986,1972,1962,2006,2007,2014
2015,1996,2003,1981,1992,2040,2044,2035
2044,2030,2041,2008,2029,2070,2058,2045
2052,2038,2065,2014,2052,2078,2051,2045
2061,2051,2086,2027,2062,2074,2055,2048
2059,2056,2087,2032,2085,2078,2058,2052
2053,2061,2101,2028,2086,2082,2057,2046
2054,2065,2111,2023,2075,2082,2050,2048
2057,2070,2109,2022,2060,2068,2068,2057
2064,2069,2105,2022,2059,2070,2053,2062
2064,2057,2080,2028,2082,2072,2057,2072
2056,2063,2090,2045,2113,2068,2057,2070
2054,2060,2082,2050,2140,2064,2037,2077
2052,2046,2066,2045,2148,2055,2051,2089
2046,2030,2047,2042,2133,2059,2051,2088
2045,2029,2035,2038,2107,2072,2057,2078
2028,2005,2013,2033,2102,2069,2048,2069
2019,2000,2012,2054,2140,2068,2049,2076
2029,2023,2042,2074,2175,2096,2069,2087
2043,2040,2050,2073,2186,2111,2066,2082
2050,2046,2060,2064,2155,2108,2069,2079
2047,2048,2059,2034,2022,2089,2068,2073
2052,2046,2054,2024,1993,2086,2070,2074
2056,2043,2055,2021,1961,2080,2067,2063
2063,2050,2047,2028,1907,2071,2071,2056
2054,2037,2035,2013,1865,2056,2042,2038
2037,2023,2031,1983,1784,2015,2015,2022
2031,2016,2022,1960,1737,2003,2003,2023
2037,2018,2028,1998,1877,2034,2032,2021
2040,2025,2028,2030,2012,2034,2039,2014
2043,2025,2021,2044,2085,1988,2017,2015
2036,2026,2023,2061,2101,1996,2036,2015
2039,2032,2024,2064,2076,2010,2019,2016
2019,2009,2010,2043,2050,2006,1998,2012
2013,2017,2014,2050,2066,2017,2024,2029
2033,2051,2037,2072,2107,2059,2054,2036
2043,2051,2040,2071,2142,2075,2060,2035
2043,2049,2040,2063,2132,2076,2078,2041
2043,2045,2043,2041,2084,2073,2052,2043
2044,2041,2051,2035,2098,2074,2064,2037
2049,2040,2061,2047,2116,2087,2057,2052
2054,2039,2062,2044,2135,2101,2058,2058
2064,2044,2056,2048,2138,2111,2052,2072
2058,2040,2050,2062,2162,2115,2044,2074
2063,2038,2029,2055,2154,2111,2037,2078
2058,2033,2013,2046,2071,2097,2044,2073
2051,2014,2008,2020,1950,2073,2052,2074
2041,2009,1998,2018,1953,2067,2052,2074
2034,2013,2014,2048,2029,2077,2051,2073
2033,2028,2029,2072,2029,2032,2023,2046
2014,2012,2022,2086,2022,1990,1995,2044
2010,1997,2023,2103,2031,1988,2021,2058
2022,2016,2026,2108,2049,1991,2027,2045
2019,2018,2026,2107,2054,1992,2040,2055
2024,2027,2024,2107,2109,2019,2083,2060
2029,2029,2026,2087,2094,2048,2086,2051
2033,2027,2033,2058,2030,2063,2070,2041
2033,2034,2038,2045,2010,2059,2064,2036
2036,2033,2052,2015,2004,2048,2058,2042
2043,2041,2056,1998,1997,2031,2067,2043
2051,2048,2066,2004,2023,1986,2071,2055
2069,2066,2082,2021,2090,1982,2057,2063
2074,2062,2068,2027,2107,2027,2078,2050
2071,2053,2051,2037,2082,2065,2077,2041
2056,2040,2044,2034,2039,2083,2037,2021
2042,2026,2046,2036,1987,2063,2040,2003
2034,2033,2038,2013,1906,2039,2000,1989
2022,2026,2037,2009,1945,2038,2000,1993
2031,2046,2052,2059,2065,2043,2064,2029
2065,2061,2064,2081,2114,2053,2057,2036
2071,2056,2063,2092,2132,2067,2091,2051
2064,2046,2045,2088,2106,2059,2094,2053
2067,2038,2031,2086,2081,2058,2091,2052
2066,2037,2025,2092,2073,2052,2081,2041
2058,2029,2016,2087,2086,2053,2064,2024
2058,2018,2012,2083,2116,2079,2072,2036
2064,2023,2005,2086,2141,2106,2093,2062
2076,2031,2021,2085,2165,2136,2071,2073
2065,2049,2042,2101,2182,2172,2083,2088
2053,2057,2079,2107,2195,2211,2084,2080
2034,2072,2098,2102,2163,2228,2074,2076
2033,2072,2104,2102,2149,2248,2077,2086
2038,2068,2105,2086,2085,2180,2054,2074
2029,2040,2059,2022,1938,1976,2002,2053
2011,2019,2032,2005,1950,1896,2012,2067
2028,2024,2041,2037,1977,1959,2032,2072
2036,2026,2033,2037,2006,2020,2037,2069
2042,2028,2036,2034,2033,2047,2048,2062
2047,2022,2022,2043,2049,2064,2064,2067
2045,2021,2015,2056,2063,2066,2069,2061
2042,2020,2003,2063,2061,2060,2065,2052
2038,2015,1994,2056,2053,2053,2045,2045
2026,2010,1982,2040,2047,2026,2040,2044
2039,2008,1981,2029,2051,2018,2044,2033
2040,2017,1982,2010,2046,1985,2042,2022
2046,2018,1982,1993,2040,1949,2034,2018
2040,2011,1988,1982,2037,1947,2043,2009
2029,2002,1975,1965,2027,1967,2047,2012
2031,1998,1968,1967,2013,1975,2026,2014
2023,2006,1978,1982,2010,1988,2001,2008
2017,2005,2003,1995,2025,2005,2028,2002
2022,2026,2038,2021,2053,2038,2069,2022
2057,2064,2063,2055,2076,2055,2076,2031
2057,2064,2060,2052,2079,2051,2085,2034
2055,2068,2070,2057,2088,2046,2066,2031
2050,2062,2080,2067,2114,2049,2072,2031
2056,2062,2073,2070,2101,2047,2062,2042
2064,2063,2068,2057,2080,2066,2055,2041
2062,2061,2060,2037,2053,2058,2048,2041
2049,2041,2045,2016,2023,2068,2045,2043
2050,2039,2069,2011,1971,2058,2029,2053
2052,2056,2093,2033,2007,2042,2040,2066
2056,2061,2087,2051,2072,2029,2030,2086
2059,2060,2077,2057,2082,2033,2054,2095
2058,2056,2068,2048,2013,2038,2049,2085
2051,2056,2061,2039,2000,2066,2052,2084
2057,2050,2056,2030,2043,2064,2013,2069
2027,2026,2041,2031,2068,2069,2024,2079
2032,2032,2052,2060,2104,2083,2057,2092
2055,2056,2063,2081,2107,2046,2042,2105
2052,2060,2070,2086,2111,2035,2032,2097
2055,2050,2064,2073,2029,2044,2050,2087
2047,2049,2061,2071,1999,2068,2060,2077
2049,2049,2058,2072,2061,2097,2068,2072
2053,2049,2060,2072,2117,2116,2067,2064
2056,2056,2072,2071,2152,2121,2051,2070
2064,2064,2072,2067,2138,2107,2064,2053
2068,2059,2067,2080,2131,2070,2067,2071
2071,2064,2073,2080,2124,2041,2082,2070
2063,2063,2071,2063,2105,2029,2069,2060
2063,2059,2055,2035,2092,2016,2059,2041
2052,2050,2045,2019,2067,1997,2041,2035
2042,2034,2041,2034,2050,1993,2045,2020
2029,2017,2019,2030,1980,1959,2001,2008
2026,2007,2014,2031,1841,1952,2017,2025
2046,2029,2037,2058,1846,1991,2059,2041
2057,2051,2056,2082,1883,2012,2058,2040
2056,2049,2062,2080,1902,2017,2026,2039
2058,2044,2052,2062,1860,2014,2026,2040
2047,2044,2050,2046,1822,1965,2023,2044
2052,2044,2061,2043,1876,1961,2035,2039
2049,2045,2070,2054,1941,2009,2070,2053
2052,2048,2069,2071,1990,2042,2084,2066
2060,2043,2057,2067,2022,2066,2077,2062
2051,2038,2047,2062,2085,2081,2075,2063
2051,2036,2030,2070,2167,2126,2071,2064
2051,2035,2006,2079,2200,2132,2058,2065
2038,2029,1989,2063,2175,2118,2041,2075
2034,2028,1990,2067,2162,2098,2035,2080
2045,2033,2001,2054,2175,2081,2045,2080
2031,2009,1985,2017,2122,2068,2047,2081
2026,2010,1975,2001,2066,2062,2058,2093
2042,2026,1981,2012,2068,2063,2064,2087
2041,2018,1972,2007,2048,2054,2070,2089
2042,2014,1984,2015,2036,2042,2074,2082
2039,2016,1998,2022,2010,2048,2069,2073
2046,2023,2010,2022,1964,2044,2058,2070
2054,2033,2037,2006,1914,2020,2051,2062
2055,2053,2076,2022,1916,2025,2054,2061
2066,2068,2124,2058,1960,2039,2076,2068
2071,2081,2149,2080,2000,2039,2069,2056
2061,2078,2146,2095,2039,2029,2040,2042
2058,2060,2132,2103,2047,2013,2039,2031
2051,2052,2112,2091,2104,2010,2037,2020
2040,2037,2089,2100,2168,2009,2025,2016
2032,2028,2067,2119,2137,1983,2025,2016
2037,2022,2044,2110,2106,1956,2026,2001
2017,1998,2011,2090,2116,1958,2012,2010
2020,2008,2019,2076,2123,1981,2024,2028
2049,2046,2056,2062,2109,1990,2046,2030
2059,2057,2065,2041,2077,2014,2045,2034
2065,2053,2068,2029,2064,2046,2052,2024
2056,2044,2060,2022,2070,2066,2066,2027
2050,2032,2054,2027,2080,2069,2048,2024
2042,2034,2061,2022,2072,2067,2052,2033
2052,2037,2062,2012,2063,2072,2063,2047
2050,2036,2059,1998,2057,2075,2067,2052
2043,2032,2043,1991,2044,2073,2056,2058
2047,2031,2035,1995,2058,2072,2084,2069
2057,2031,2036,1993,2071,2079,2102,2073
2052,2032,2041,1996,2060,2080,2099,2080
2050,2032,2047,2003,2054,2065,2080,2087
2045,2036,2050,2029,2059,2056,2080,2084
2040,2027,2030,2018,2045,2038,2068,2070
2013,2004,2016,2014,2048,2031,2053,2072
2017,2014,2036,2025,2048,2058,2067,2086
2043,2040,2041,2040,2058,2070,2086,2091
2050,2039,2038,2040,2073,2076,2085,2084
2052,2036,2033,2039,2071,2067,2092,2079
2050,2030,2028,2039,2087,2074,2080,2066
2052,2029,2035,2044,2084,2063,2067,2064
2051,2039,2051,2047,2064,2038,2052,2053
2049,2053,2057,2054,2067,2032,2056,2040
2052,2047,2049,2052,2075,2074,2057,2022
2036,2029,2041,2054,2082,2121,2057,2016
2033,2018,2035,2045,2081,2126,2052,2018
2029,2012,2025,2030,2013,2075,2033,2018
2030,2013,2022,2027,1992,1985,2026,2029
2032,2023,2037,2054,2044,1948,2045,2037
2044,2033,2041,2064,2077,1989,2056,2032
2029,2005,2022,2035,2072,2043,2042,2006
2025,2000,2018,2041,2076,2100,2053,2008
2042,2024,2033,2063,2093,2138,2073,2021
2045,2033,2035,2061,2071,2128,2066,2027
2045,2033,2036,2061,2055,2115,2055,2023
2047,2025,2033,2043,1986,2084,2033,2021
2037,2024,2018,2034,1971,2102,2040,2028
2042,2024,2023,2029,2040,2133,2052,2026
2043,2025,2017,2033,2094,2135,2052,2033
2040,2022,2021,2045,2130,2062,2046,2046
2047,2030,2028,2066,2143,2039,2051,2048
2051,2042,2036,2071,2116,2055,2056,2059
2057,2045,2032,2046,2070,2036,2058,2059
2049,2027,2003,2007,2001,2034,2052,2058
2044,2027,2014,1981,1959,2035,2068,2065
2046,2029,2031,1960,1937,2034,2046,2068
2050,2035,2029,1972,1927,2003,2023,2055
2023,2009,2004,1990,1965,1944,2029,2072
2029,2016,2021,2050,2085,1994,2050,2082
2051,2048,2050,2083,2222,2062,2059,2082
2049,2055,2053,2084,2270,2115,2088,2082
2058,2054,2051,2084,2274,2130,2082,2077
2054,2053,2056,2075,2249,2139,2078,2057
2048,2060,2057,2060,2239,2125,2053,2049
2041,2053,2055,2057,2207,2120,2041,2038
2042,2047,2038,2053,2181,2121,2061,2041
2044,2043,2036,2049,2138,2092,2051,2037
2046,2034,2032,2053,2108,2050,2061,2044
2047,2034,2034,2053,2037,2033,2046,2042
2040,2032,2038,2040,1963,2036,2064,2046
2040,2032,2037,2046,2058,2055,2064,2043
2043,2030,2040,2063,2097,2065,2060,2028
2045,2032,2035,2064,2086,2064,2065,2026
2047,2034,2034,2049,2060,2030,2057,2014
2031,2010,2016,2035,1992,2013,2051,2012
2022,2017,2026,2029,1908,2028,2076,2023
2051,2039,2036,2049,1964,2051,2074,2029
2044,2029,2039,2051,2002,2063,2080,2034
2046,2027,2039,2049,2011,2073,2087,2033
2039,2023,2024,2037,2020,2095,2069,2032
2036,2013,2010,2027,2014,2106,2062,2035
2034,2007,1997,2027,2008,2092,2054,2034
2032,2020,2001,2040,2009,2078,2049,2032
2033,2039,2022,2059,2025,2028,2047,2041
2047,2050,2038,2070,2051,1998,2068,2051
2054,2054,2042,2056,2076,2030,2066,2052
2055,2040,2036,2049,2073,2059,2072,2050
2050,2035,2036,2052,2072,2064,2062,2056
2045,2030,2039,2057,2065,2050,2047,2071
2047,2033,2054,2053,2051,2014,2053,2077
2042,2025,2053,2045,2029,1991,2011,2061
2030,2025,2054,2034,2022,1992,2009,2071
2036,2046,2066,2056,2028,2017,2019,2075
2044,2054,2063,2054,2024,2022,2015,2072
2043,2051,2061,2054,2020,2004,2024,2064
2045,2041,2053,2055,2018,2008,2031,2061
2046,2047,2067,2070,2021,2042,2047,2063
2058,2059,2081,2071,2004,2062,2070,2060
2062,2058,2077,2066,1980,2069,2062,2058
2063,2052,2060,2067,2031,2056,2051,2052
2062,2053,2048,2068,2079,2030,2068,2051
2063,2057,2038,2075,2150,2036,2062,2049
2062,2049,2031,2069,2187,2064,2075,2047
2061,2044,2028,2062,2156,2083,2087,2034
2050,2030,2025,2048,2059,2084,2065,2031
2053,2035,2037,2060,2070,2081,2069,2025
2052,2044,2043,2084,2098,2066,2037,2010
2027,2017,2025,2098,2051,2030,2034,2004
2034,2010,2019,2109,2008,2017,2028,2018
2053,2038,2037,2138,1980,2010,1995,2020
2055,2043,2047,2156,2005,2039,2013,2020
2055,2047,2060,2157,2028,2078,2009,2023
2058,2054,2068,2127,2045,2111,2057,2026
2056,2054,2075,2079,2024,2129,2059,2025
2057,2050,2073,2001,1998,2123,2060,2038
2051,2039,2064,1964,2020,2070,2055,2041
2056,2037,2051,1948,2007,1980,2056,2056
2046,2031,2035,1931,1978,1906,2038,2059
2045,2030,2033,1949,1992,1955,2052,2057
2046,2026,2035,1993,2054,2016,2073,2069
2045,2030,2034,2007,2046,2040,2068,2080
2048,2027,2033,2007,2042,2055,2080,2088
2045,2029,2035,2012,2042,2062,2080,2083
2037,2009,2021,2010,2027,2044,2077,2077
2035,2009,2020,2006,2009,2031,2065,2068
2038,2025,2038,2023,2013,2031,2060,2070
2047,2025,2049,2024,2034,2019,2051,2059
2037,2024,2040,2044,2069,2003,2022,2050
2039,2021,2037,2050,2063,1977,2012,2051
2045,2022,2038,2053,2047,1985,2017,2052
2046,2015,2028,2055,2017,1981,1999,2046
2046,2015,2023,2061,1982,1974,1996,2042
2043,2020,2026,2052,1982,1992,2003,2029
2035,2017,2036,2058,2006,2009,2031,2020
2038,2028,2051,2064,2019,2010,2033,2025
2043,2035,2050,2058,2025,2034,2043,2016
2041,2029,2036,2042,2057,2058,2035,2012
2043,2031,2031,2027,2101,2107,2007,2008
2046,2033,2042,2023,2161,2127,2020,2013
2049,2039,2047,2025,2169,2119,2023,1999
2027,2008,2020,2021,2176,2123,2022,2005
2026,1989,2003,2024,2178,2152,2042,2019
2041,2011,2013,2044,2169,2130,2035,2020
2038,2009,2027,2053,2153,2108,2036,2019
2051,2039,2061,2067,2136,2086,2056,2030
2054,2056,2067,2065,2117,2067,2054,2027
2057,2046,2057,2061,2072,2033,2045,2033
2050,2049,2052,2037,1992,2010,2055,2037
2057,2051,2056,2023,1965,2009,2019,2039
2052,2046,2054,2011,1965,2015,2025,2035
2044,2042,2052,2006,1976,2037,2048,2044
2048,2054,2076,2036,2044,2068,2081,2056
2062,2067,2095,2065,2094,2092,2095,2062
2058,2065,2093,2050,2084,2087,2079,2066
2052,2059,2083,2037,2040,2069,2080,2068
2056,2052,2078,2025,1985,2046,2077,2069
2046,2045,2066,2009,1946,2028,2042,2046
2042,2034,2055,2008,1959,2023,2041,2051
2044,2054,2067,2030,2016,2047,2070,2074
2056,2057,2073,2046,2058,2056,2068,2071
2061,2062,2068,2049,2090,2057,2040,2068
2057,2054,2067,2066,2151,2060,2041,2064
2058,2047,2062,2084,2183,2063,2042,2062
2054,2046,2053,2088,2190,2071,2057,2050
2052,2040,2049,2089,2184,2061,2063,2048
2058,2034,2054,2081,2171,2046,2050,2042
2056,2029,2049,2069,2131,2030,2047,2036
2045,2033,2052,2061,2092,2026,2048,2031
2060,2040,2062,2044,2008,2014,2040,2039
2061,2056,2067,2047,2085,2012,2042,2037
2059,2057,2076,2053,2157,2023,2043,2028
2057,2049,2072,2050,2167,2051,2038,2008
2041,2034,2064,2034,2069,2068,2031,1992
2025,2007,2035,2010,1988,2066,2027,1992
2025,2003,2035,2000,1957,2075,2055,2013
2042,2030,2053,2015,1952,2061,2057,2013
2043,2045,2066,2040,1985,2024,2063,2040
2063,2059,2080,2064,2065,2018,2073,2051
2064,2054,2073,2063,1999,2053,2080,2043
2059,2035,2057,2043,1999,2072,2069,2028
2050,2033,2044,2049,2068,2067,2061,2029
2040,2035,2048,2068,2163,2050,2038,2033
2045,2037,2054,2079,2228,2044,2041,2035
2043,2034,2064,2089,2239,2074,2043,2055
2045,2038,2063,2093,2208,2078,2065,2062
2052,2042,2068,2089,2151,2073,2036,2071
2045,2047,2067,2078,2142,2099,2046,2070
2048,2033,2059,2076,2159,2135,2072,2072
2047,2035,2050,2053,2110,2128,2053,2060
2032,2004,2020,1999,1994,2076,2007,2048
2018,1993,2010,1988,1986,2087,2012,2048
2024,2009,2022,1985,1912,2124,2033,2062
2042,2021,2027,1992,1857,2123,2031,2059
2043,2017,2028,2011,1945,2039,2008,2048
2040,2018,2041,2048,2054,1981,2004,2044
2043,2028,2054,2065,2044,2010,2012,2044
2038,2027,2059,2052,1992,2042,2009,2031
2031,2029,2055,2039,1959,2054,2022,2021
2034,2033,2054,2042,1950,2037,2038,2018
2028,2029,2046,2036,1951,1984,2020,2023
2029,2030,2049,2056,2038,1976,2033,2025
2040,2033,2052,2076,2141,2057,2058,2020
2040,2025,2048,2078,2168,2118,2068,2013
2028,2021,2037,2066,2151,2099,2048,2003
2024,2019,2043,2064,2118,2020,2024,2004
2021,2026,2050,2070,2085,1968,2018,1995
2015,2005,2028,2045,2043,1968,1997,1996
2020,2004,2026,2037,2031,1996,2009,2010
2043,2036,2051,2053,2051,2034,2023,2017
2057,2041,2049,2040,2055,2043,2035,2027
2052,2039,2051,2037,2053,2053,2042,2022
2055,2038,2051,2027,2047,2056,2044,2024
2056,2036,2040,2021,2041,2065,2046,2035
2056,2029,2042,2031,2045,2072,2052,2047
2060,2029,2040,2046,2052,2075,2032,2051
2053,2030,2041,2043,2065,2068,2044,2053
2049,2037,2046,2043,2072,2062,2036,2050
2047,2042,2052,2054,2084,2077,2032,2050
2053,2042,2058,2061,2077,2075,2016,2057
2038,2037,2056,2062,2067,2067,2034,2063
2047,2040,2055,2065,2073,2054,2042,2063
2045,2033,2056,2061,2082,2046,2031,2060
2034,2017,2036,2044,2068,2028,2011,2055
2024,2008,2032,2042,2070,2030,1999,2061
2039,2022,2043,2054,2079,2050,2031,2064
2038,2032,2049,2051,2082,2058,2046,2064
2040,2031,2046,2051,2073,2054,2055,2069
2039,2034,2054,2047,2073,2057,2057,2066
2049,2037,2052,2043,2081,2070,2058,2063
2052,2045,2062,2048,2089,2094,2079,2062
2062,2051,2064,2052,2114,2101,2083,2064
2060,2050,2062,2041,2108,2111,2092,2060
2048,2042,2050,2030,2042,2122,2095,2052
2059,2048,2060,2052,2071,2142,2092,2051
2058,2054,2068,2068,2091,2147,2107,2046
2062,2056,2075,2065,2066,2142,2094,2037
2061,2057,2076,2057,2045,2121,2081,2036
2059,2055,2072,2048,2010,2090,2063,2022
2049,2033,2043,2009,1982,2068,2047,1994
2024,2011,2029,2005,2003,2075,2020,1991
2021,2027,2047,2034,1996,2059,2030,2006
2049,2043,2059,2045,2009,2045,2044,2015
2052,2047,2065,2055,2043,1993,2026,2022
2046,2041,2071,2066,2051,1971,2000,2020
2043,2034,2054,2060,2024,1970,1987,2020
2037,2030,2052,2041,1958,1979,1993,2014
2030,2027,2045,2026,2001,2010,2022,2007
2030,2012,2045,2033,2076,2039,2033,2020
2034,2019,2043,2043,2159,2056,2043,2030
2037,2024,2046,2055,2165,2049,2043,2040
2038,2021,2050,2060,2131,2051,2059,2058
2040,2022,2050,2057,2088,2051,2037,2067
2042,2024,2038,2051,2089,2050,2017,2067
2042,2021,2037,2050,2076,2015,2019,2061
2038,2020,2021,2033,2026,2004,1994,2045
2002,1986,2012,2028,2016,2004,2006,2040
2000,1989,2024,2030,2010,2019,2024,2058
2024,2017,2027,2029,2021,2026,2020,2061
2029,2018,2032,2028,2025,2041,2042,2064
2036,2018,2028,2030,2039,2065,2073,2066
2042,2021,2030,2038,2042,2079,2064,2063
2041,2024,2035,2036,2038,2065,2050,2047
2035,2024,2037,2037,2037,2048,2041,2044
2038,2034,2050,2044,2031,2041,2048,2032
2040,2042,2067,2059,2042,2050,2051,2024
2038,2045,2076,2058,2058,2048,2054,2022
2041,2047,2073,2065,2056,2056,2060,2024
2044,2053,2070,2060,2057,2063,2037,2015
2045,2044,2058,2053,2051,2043,2026,2016
2046,2046,2058,2056,2057,2028,2033,2019
2048,2045,2048,2051,2045,2009,2009,2003
2037,2022,2034,2043,2036,1995,2007,2004
2035,2021,2027,2052,2056,2014,2031,2025
2047,2041,2041,2064,2071,2040,2016,2024
2046,2041,2043,2063,2067,2057,2024,2029
2045,2040,2035,2055,2060,2065,2039,2030
2051,2040,2026,2042,2057,2044,2033,2031
2048,2040,2029,2023,2016,2016,1998,2031
2041,2029,2016,2008,1997,2003,2000,2036
2042,2029,2018,2009,2000,1999,2008,2026
2034,2021,2008,2001,2000,2000,2022,2029
2025,2017,2008,2029,2041,2029,2031,2040
2041,2015,2022,2051,2078,2053,2044,2056
2049,2012,2023,2070,2109,2073,2046,2056
2045,2013,2022,2075,2117,2077,2061,2063
2046,2012,2014,2063,2097,2083,2052,2065
2040,2008,2002,2042,2064,2077,2038,2050
2021,1989,1974,2029,2050,2074,2019,2044
2022,1989,1977,2042,2056,2080,2029,2052
2048,2023,1992,2045,2047,2058,2017,2056
2048,2024,2007,2043,2038,2010,2012,2062
2050,2039,2027,2045,2031,2003,2005,2065
2049,2039,2025,2037,2025,2041,2014,2056
2043,2032,2015,2023,2011,2057,2018,2036
2036,2028,2006,2014,1974,2048,2020,2027
2029,2029,2021,2013,1956,2048,2041,2019
2031,2040,2060,2025,1943,2035,2047,2014
2042,2053,2106,2028,1935,2010,2054,2006
2038,2071,2134,2057,2015,2007,2086,2025
2055,2077,2137,2098,2107,2040,2088,2034
2057,2073,2117,2105,2114,2074,2091,2029
2056,2066,2100,2091,2104,2118,2111,2031
2062,2060,2080,2078,2087,2117,2079,2021
2033,2032,2062,2070,2080,2102,2078,2011
2030,2038,2070,2092,2106,2118,2092,2033
2053,2058,2088,2100,2138,2113,2078,2022
2052,2052,2088,2096,2139,2110,2059,2019
2046,2055,2088,2091,2122,2121,2053,2019
2050,2055,2096,2088,2110,2119,2058,2028
2046,2058,2092,2078,2102,2110,2058,2039
2044,2056,2099,2068,2092,2088,2049,2041
2047,2062,2103,2058,2099,2082,2048,2050
2051,2066,2094,2063,2121,2076,2043,2056
2054,2067,2083,2062,2117,2074,2056,2059
2054,2058,2068,2046,2121,2065,2049,2061
2046,2051,2055,2036,2117,2037,2057,2059
2044,2052,2057,2039,2045,2026,2044,2062
2038,2048,2060,2029,1998,2016,2044,2065
2032,2048,2055,2032,1995,2009,2033,2058
2020,2029,2048,2024,2015,2015,2032,2065
2026,2037,2051,2039,2033,2029,2059,2072
2047,2064,2063,2043,2039,2034,2060,2071
2046,2052,2050,2047,2038,2046,2062,2062
2046,2041,2046,2057,2041,2051,2051,2055
2039,2041,2046,2064,2055,2062,2058,2051
2043,2034,2053,2067,2055,2084,2058,2052
2042,2028,2045,2057,2057,2095,2052,2048
2030,2018,2040,2057,2029,2080,2055,2033
2028,2019,2039,2066,2051,2080,2058,2015
2034,2024,2046,2072,2064,2089,2040,2017
2028,2022,2038,2073,2030,2101,2042,2016
2028,2022,2042,2068,1992,2094,2030,2007
2027,2017,2034,2055,1943,2080,2009,2005
2022,2013,2024,2045,1938,2034,2021,2012
2023,2008,2032,2061,2011,1965,2023,2006
2018,1997,2008,2057,2113,1948,2023,2015
2013,1999,1994,2027,2121,2002,2049,2024
2038,2029,2019,2038,2157,2081,2069,2029
2044,2054,2045,2046,2136,2090,2075,2027
2049,2071,2059,2036,2081,2087,2075,2031
2051,2074,2063,2028,2031,2057,2074,2037
2061,2073,2064,2029,2027,2047,2081,2050
2059,2065,2053,2019,1978,2066,2072,2043
2058,2054,2040,2008,1865,2060,2053,2048
2047,2045,2024,1995,1824,2074,2054,2047
2042,2040,2016,2021,1912,2089,2072,2051
2040,2045,2038,2044,1975,2047,2052,2058
2041,2051,2056,2053,2002,2016,2024,2060
2041,2055,2054,2050,2039,2028,2018,2060
2031,2043,2041,2041,2099,2046,2036,2051
2021,2034,2032,2049,2150,2072,2047,2057
2027,2032,2044,2063,2160,2065,2030,2049
2012,2014,2044,2057,2136,2020,2032,2058
2010,2021,2054,2060,2124,2030,2040,2073
2044,2050,2063,2066,2114,2033,2047,2075
2042,2045,2060,2052,2080,2023,2023,2068
2036,2043,2053,2047,2067,2029,2025,2053
2038,2039,2055,2052,2063,2026,2027,2046
2039,2043,2061,2052,2038,2019,2038,2038
2040,2042,2065,2049,2023,2000,2031,2038
2040,2038,2070,2043,2005,2002,2031,2030
2035,2038,2059,2034,2006,2023,2023,2022
2040,2038,2060,2029,2044,2039,2024,2025
2042,2054,2069,2054,2094,2056,2054,2023
2051,2053,2070,2055,2113,2056,2061,2020
2045,2054,2069,2052,2140,2062,2036,2020
2043,2047,2064,2059,2160,2069,2035,2007
2041,2040,2054,2055,2128,2091,2043,1995
2020,2022,2030,2024,2069,2066,2020,1979
2012,2012,2021,2009,2016,2060,2015,1993
2021,2026,2035,2028,2002,2055,2046,2004
2026,2026,2029,2053,2001,2002,2072,2029
2042,2040,2042,2080,2005,2034,2083,2032
2043,2038,2034,2087,2027,2097,2080,2029
2035,2035,2035,2100,2088,2152,2066,2033
2044,2036,2044,2101,2090,2151,2053,2031
2046,2042,2044,2095,2073,2075,2041,2025
2044,2040,2041,2085,2071,1949,2038,2035
2048,2047,2039,2086,2068,1930,2021,2045
2049,2044,2039,2077,2059,2000,2015,2049
2046,2038,2030,2058,2061,2066,2043,2048
2039,2033,2021,2040,2063,2081,2045,2048
2032,2035,2026,2030,2046,2065,2044,2052
2036,2036,2031,2028,2040,2042,2022,2057
2038,2058,2039,2015,2012,2012,2011,2051
2021,2055,2047,2008,2028,2010,2011,2045
2034,2067,2074,2022,2062,2043,2040,2069
2049,2086,2086,2040,2069,2043,2052,2071
2051,2085,2086,2053,2109,2053,2039,2065
2044,2085,2091,2063,2151,2069,2044,2066
2055,2085,2090,2075,2141,2077,2034,2068
2056,2082,2087,2078,2115,2085,2062,2056
2055,2076,2083,2084,2100,2078,2057,2052
2056,2067,2074,2079,2087,2042,2053,2046
2048,2060,2063,2049,2009,2006,2039,2041
2044,2050,2059,2039,2007,2031,2047,2033
2039,2042,2048,2033,1972,2053,2051,2036
2041,2033,2036,2018,1913,2064,2029,2016
2040,2020,2030,2003,1944,2050,2025,2007
2035,2013,2021,2007,2030,2011,2009,1998
2033,2002,2011,2007,2014,1993,1993,1985
2010,1974,1992,2012,2018,2013,2010,1986
2010,1968,2002,2043,2041,2071,2025,2000
2034,2015,2023,2049,1976,2093,2054,2000
2035,2020,2022,2039,1991,2096,2049,2010
2040,2029,2025,2035,2050,2116,2061,2023
2047,2035,2028,2016,2047,2138,2064,2033
2050,2039,2041,2006,2012,2120,2070,2042
2047,2040,2052,2022,1996,2099,2048,2041
2048,2033,2040,2035,1987,2116,2040,2047
2052,2041,2041,2036,2002,2077,2047,2051
2052,2039,2030,2030,2026,2017,2019,2053
2047,2040,2034,2028,2030,2030,2022,2054
2045,2037,2033,2033,2044,2038,2024,2057
2048,2036,2028,2051,2075,2029,2062,2060
2041,2032,2033,2057,2106,2027,2066,2064
2038,2027,2028,2058,2098,2001,2019,2054
2018,2002,2004,2038,2082,1994,1996,2048
2010,1988,1996,2026,2060,1997,1980,2050
2028,2022,2025,2044,2072,2012,1995,2043
2035,2034,2034,2048,2071,2043,2027,2047
2040,2038,2039,2049,2074,2050,2034,2048
2041,2040,2033,2051,2066,2042,2021,2047
2043,2035,2028,2054,2060,2040,2022,2044
2037,2028,2018,2047,2057,2045,2015,2036
2036,2017,2021,2044,2050,2049,2003,2026
2034,2014,2020,2047,2055,2056,2027,2024
2045,2014,2023,2046,2051,2072,2034,2030
2046,2025,2030,2044,2053,2083,2073,2030
2052,2033,2036,2044,2046,2098,2067,2035
2053,2030,2048,2043,2052,2094,2070,2038
2054,2041,2042,2045,2055,2082,2076,2030
2053,2039,2031,2045,2053,2070,2059,2017
2032,2020,2011,2030,2027,2019,2025,1999
2029,2014,2008,2030,2018,2016,2039,2016
2050,2040,2034,2056,2033,2029,2053,2020
2052,2037,2042,2061,2002,2008,2042,2021
2058,2035,2039,2057,1965,1999,2036,2016
2050,2031,2042,2059,1957,2002,2041,2011
2051,2023,2027,2057,1992,2021,2034,2007
2047,2024,2024,2074,2046,2059,2038,2011
2053,2038,2032,2100,2094,2082,2058,2019
2048,2044,2030,2114,2106,2092,2055,2029
2045,2040,2019,2099,2083,2090,2048,2035
2049,2033,2013,2078,2054,2086,2034,2037
2038,2024,2009,2070,2032,2070,2031,2037
2030,2013,2005,2044,1991,2025,2018,2038
2025,2014,2012,2045,2027,2047,2033,2042
2032,2017,2029,2048,2076,2073,2029,2044
2024,2005,2022,2023,2059,2043,2021,2037
2014,2000,2020,2006,2036,2040,2026,2056
2036,2025,2045,2008,2051,2065,2058,2072
2047,2038,2060,2007,2056,2071,2055,2070
2055,2051,2073,2010,2042,2071,2059,2068
2053,2056,2067,2014,2051,2070,2053,2069
2060,2049,2072,2030,2066,2069,2056,2061
2046,2043,2067,2023,2085,2071,2064,2058
2051,2043,2067,2026,2082,2065,2054,2048
2046,2034,2066,2017,2033,2048,2057,2037
2047,2044,2070,2012,1998,2035,2044,2036
2050,2054,2077,2016,1967,2014,2029,2019
2048,2057,2070,2011,1961,2025,2018,2001
2039,2053,2067,2012,1998,2031,2011,1996
2041,2060,2058,2045,2055,2036,2028,2007
2055,2064,2074,2075,2070,2072,2037,2004
2053,2055,2072,2075,2042,2044,2005,1985
2030,2028,2050,2056,2029,2017,1995,1985
2030,2026,2040,2069,2028,2024,2020,2005
2046,2047,2042,2076,2022,2028,2045,2008
2047,2041,2031,2077,2031,2010,2038,2022
2053,2048,2028,2078,2043,2009,2037,2033
2056,2044,2023,2079,2057,2036,2054,2034
2062,2044,2023,2083,2071,2054,2047,2038
2061,2043,2026,2094,2078,2062,2064,2040
2057,2042,2019,2096,2076,2072,2073,2035
2048,2028,2018,2081,2064,2067,2055,2035
2039,2028,2009,2066,2056,2051,2032,2045
2033,2016,2000,2039,2044,2042,2029,2047
2031,2007,2002,2030,2051,2042,2041,2052
2034,2019,2029,2029,2048,2054,2058,2065
2039,2041,2062,2040,2047,2062,2062,2061
2042,2053,2077,2038,2044,2059,2034,2056
2030,2045,2077,2032,2033,2055,2041,2059
2038,2047,2077,2052,2050,2069,2064,2076
2058,2069,2089,2078,2086,2077,2058,2072
2053,2061,2086,2075,2096,2074,2050,2065
2048,2056,2074,2059,2095,2071,2062,2061
2042,2042,2052,2035,2100,2069,2054,2046
2040,2036,2031,2031,2104,2041,2059,2043
2047,2045,2040,2048,2122,2037,2056,2040
2050,2049,2041,2050,2089,2053,2062,2037
2050,2045,2024,2025,2022,2067,2063,2022
2043,2041,2005,2002,1901,2071,2048,2018
2041,2030,1993,1972,1792,2068,2046,2010
2043,2035,2004,1995,1817,2056,2048,2023
2042,2052,2023,2024,1867,2048,2042,2024
2054,2054,2031,2038,1902,2042,2061,2021
2066,2061,2035,2042,1950,2010,2052,2015
2054,2031,2011,2029,1999,2020,2039,2013
2045,2031,2012,2034,2047,2034,2064,2033
2066,2051,2028,2055,2180,2059,2077,2034
2067,2057,2035,2071,2278,2096,2095,2032
2069,2059,2033,2062,2232,2105,2090,2030
2063,2052,2026,2039,2149,2112,2088,2036
2067,2053,2037,2038,2099,2121,2063,2040
2059,2050,2048,2044,2045,2130,2074,2029
2055,2043,2057,2055,2072,2150,2056,2021
2045,2030,2056,2068,2109,2158,2054,2025
2042,2025,2052,2060,2047,2120,2055,2018
2026,2018,2031,2037,2000,2022,2047,2034
2020,2017,2037,2024,2004,1954,2050,2058
2034,2031,2065,2032,2056,1969,2057,2068
2046,2038,2078,2029,2019,1970,2068,2070
2045,2040,2075,2037,1946,1963,2043,2064
2029,2025,2055,2036,1929,1954,2020,2062
2034,2033,2058,2062,1979,1971,2035,2072
2051,2064,2086,2088,2026,2021,2047,2067
2047,2063,2086,2088,2037,2038,2041,2054
2047,2057,2100,2078,2024,2029,2052,2047
2041,2059,2106,2067,2012,2013,2021,2042
2035,2056,2084,2050,1993,1999,2030,2041
2028,2045,2064,2029,2004,2008,2018,2034
2030,2032,2035,2026,2033,2018,2002,2026
2037,2037,2040,2040,2071,2041,2038,2032
2053,2065,2063,2072,2089,2061,2054,2029
2066,2080,2076,2074,2089,2067,2058,2025
2059,2070,2055,2075,2090,2066,2046,2018
2047,2057,2034,2060,2068,2054,2035,2009
2044,2047,2011,2049,2060,2048,2040,2006
2041,2042,2003,2043,2057,2036,2019,1995
2026,2016,1987,2016,2027,2010,2006,1984
2028,2015,1999,2016,2031,2008,2010,2003
2041,2043,2021,2026,2047,2030,2011,2006
2049,2053,2027,2025,2061,2041,2022,2011
2060,2060,2031,2055,2081,2056,2046,2026
2066,2065,2035,2067,2089,2062,2040,2027
2070,2063,2043,2080,2094,2063,2023,2026
2061,2062,2061,2089,2094,2066,2056,2027
2064,2065,2073,2095,2114,2078,2032,2027
2056,2060,2079,2105,2146,2081,2046,2035
2048,2049,2080,2091,2156,2070,2054,2044
2036,2049,2078,2076,2137,2064,2052,2038
2029,2042,2077,2034,2012,2077,2055,2045
2034,2047,2083,2001,1968,2073,2049,2046
2033,2042,2093,1997,2023,2076,2040,2051
2026,2045,2082,2010,2017,2040,2035,2052
2013,2019,2056,2030,1984,1954,2014,2054
2016,2023,2051,2054,2034,1963,2041,2076
2040,2040,2051,2046,1981,2016,2028,2076
2045,2042,2048,2022,1938,2042,2022,2065
2047,2050,2057,2051,2006,2058,2045,2064
2044,2045,2061,2059,2046,2053,2032,2062
2037,2047,2060,2059,2063,2063,2034,2047
2048,2055,2063,2050,2071,2062,2039,2044
2051,2051,2058,2045,2069,2079,2034,2031
2041,2047,2054,2042,2065,2094,2056,2025
2037,2050,2055,2036,2030,2084,2050,2020
2042,2049,2044,2013,1995,2066,2051,2016
2041,2043,2035,2005,1963,2011,2027,2011
2039,2043,2031,2011,1966,2015,1997,2007
2044,2053,2043,2042,2037,2066,2032,2019
2059,2060,2047,2058,2062,2106,2055,2025
2053,2042,2028,2065,2098,2124,2061,2002
2038,2030,2025,2069,2086,2128,2045,2003
2052,2049,2046,2084,2083,2131,2059,2016
2058,2058,2055,2096,2115,2133,2064,2020
2063,2063,2066,2105,2102,2113,2073,2021
2067,2068,2067,2094,2042,2062,2075,2032
2062,2060,2065,2087,2028,2036,2077,2025
2057,2055,2064,2070,2041,2022,2078,2034
2048,2056,2054,2031,2018,2014,2068,2032
2054,2054,2054,2017,1982,2009,2078,2044
2052,2048,2052,1966,1930,2002,2049,2055
2054,2049,2047,1942,1915,2017,2049,2055
2051,2040,2035,1954,1953,2060,2077,2049
2049,2039,2024,1980,2008,2093,2067,2058
2050,2043,2028,2012,2041,2102,2065,2058
2055,2048,2031,2035,2065,2088,2063,2061
2040,2033,2027,2029,2026,2040,2025,2056
2032,2028,2022,2015,1986,1982,2011,2052
2043,2042,2045,2022,2017,1995,2039,2072
2053,2058,2045,2032,2052,2005,2051,2070
2047,2050,2045,2024,2029,2020,2050,2058
2040,2040,2036,2031,2064,2044,2045,2052
2045,2046,2043,2044,2091,2053,2046,2052
2044,2045,2042,2045,2081,2062,2054,2042
2050,2041,2030,2051,2077,2060,2038,2034
2047,2044,2031,2053,2055,2039,2028,2024
2048,2043,2030,2043,2037,2026,2020,2025
2046,2043,2041,2036,2047,2026,2020,2024
2043,2044,2041,2029,2054,2029,2026,2022
2037,2039,2032,2022,2043,2028,2032,2016
2033,2034,2033,2024,2042,2039,2008,2013
2037,2035,2035,2029,2057,2043,2024,2006
2030,2029,2023,2019,2037,2020,2008,1990
2013,2012,2015,2018,2036,2037,2024,1998
2019,2032,2038,2042,2052,2078,2061,2020
2045,2048,2055,2047,2052,2103,2052,2026
2051,2052,2056,2046,2052,2126,2052,2027
2053,2050,2058,2049,2045,2129,2064,2028
2050,2057,2070,2051,2056,2103,2052,2036
2053,2060,2069,2053,2051,2005,2038,2042
2054,2061,2069,2064,2067,1987,2042,2043
2049,2052,2068,2077,2064,2034,2068,2050
2055,2048,2068,2073,2065,2057,2053,2052
2046,2047,2077,2071,2050,2064,2060,2051
2050,2046,2075,2076,2051,2069,2064,2064
2052,2055,2084,2077,2044,2054,2057,2074
2058,2057,2083,2094,2051,2038,2061,2079
2057,2056,2095,2110,2064,2030,2058,2080
2057,2050,2089,2102,2037,1987,2016,2063
2035,2022,2062,2080,2009,1986,2007,2058
2027,2029,2057,2076,1976,2006,2022,2076
2054,2048,2058,2070,1990,2011,2036,2064
2044,2040,2039,2055,2009,1975,1998,2046
2037,2028,2012,2025,2013,1945,1986,2038
2037,2024,2018,2048,2122,1944,2024,2048
2042,2046,2030,2089,2217,1953,2046,2053
2059,2053,2046,2100,2225,1981,2057,2050
2057,2061,2040,2084,2192,2013,2058,2037
2051,2047,2022,2059,2116,2062,2073,2033
2046,2045,2011,2020,1989,2100,2046,2028
2042,2040,1989,1996,1902,2136,2057,2015
2044,2036,1994,2000,1914,2114,2025,2016
2038,2038,1994,2000,1928,2060,2024,2008
2037,2035,1993,2005,1937,2028,2011,2006
2037,2028,1970,1983,1970,2006,2008,1992
2022,2014,1974,1996,2025,2008,2007,1997
2021,2029,2010,2035,2047,2023,2024,2017
2048,2043,2034,2048,2063,2028,2026,2015
2047,2056,2044,2053,2060,2033,2056,2015
2050,2054,2054,2054,2059,2046,2055,2018
2047,2053,2053,2044,2067,2056,2044,2022
2047,2050,2052,2040,2076,2060,2032,2019
2044,2057,2049,2047,2078,2060,2043,2026
2050,2059,2055,2044,2067,2061,2055,2040
2052,2054,2060,2039,2060,2065,2077,2051
2050,2064,2075,2042,2063,2059,2063,2064
2053,2075,2087,2045,2050,2049,2063,2071
2056,2074,2088,2039,2050,2047,2050,2068
2055,2072,2081,2036,2029,2052,2057,2079
2055,2074,2078,2038,2034,2081,2052,2081
2059,2058,2062,2027,2024,2089,2031,2063
2031,2036,2045,2027,2024,2098,2035,2064
2041,2059,2062,2047,2061,2126,2060,2084
2056,2065,2070,2053,2074,2072,2042,2074
2058,2067,2062,2056,2049,2021,2030,2066
2048,2062,2054,2053,1988,2019,2027,2049
2049,2060,2045,2048,1986,2029,2035,2048
2046,2051,2033,2044,2013,2048,2037,2038
2044,2046,2030,2045,2063,2036,2038,2037
2043,2056,2053,2079,2133,2038,2047,2043
2051,2062,2073,2098,2176,2061,2064,2037
2046,2060,2071,2080,2140,2082,2073,2038
2045,2058,2064,2058,2086,2073,2076,2032
2049,2064,2060,2047,2014,2051,2067,2028
2050,2069,2065,2038,1974,2037,2073,2036
2054,2086,2070,2035,1990,2038,2069,2034
2056,2083,2058,2024,2006,2038,2040,2013
2037,2062,2050,2033,2035,2034,2049,2007
2036,2068,2067,2065,2062,2053,2044,2018
2050,2075,2068,2066,2062,2070,2050,2016
2047,2071,2063,2060,2035,2092,2038,2013
2057,2065,2055,2060,2041,2106,2039,2018
2051,2058,2044,2052,2040,2104,2026,2020
2044,2051,2040,2052,2050,2042,2014,2016
2038,2043,2036,2066,2071,2009,2043,2033
2040,2037,2017,2053,2065,2063,2047,2049
2045,2027,1996,2038,2071,2036,2045,2059
2040,2020,1976,2024,2016,1991,2025,2062
2041,2004,1975,2003,1943,1991,2024,2056
2032,2001,1997,2001,2002,2027,2035,2059
2037,2017,2028,2012,2031,2071,2055,2061
2051,2030,2044,2024,2010,2078,2049,2066
2040,2044,2050,2020,1978,2076,2030,2048
2028,2024,2040,2010,1954,2088,2016,2046
2029,2035,2054,2032,2019,2078,2015,2064
2051,2060,2076,2048,2075,2053,2048,2066
2045,2051,2079,2060,2095,2054,2048,2072
2047,2050,2076,2083,2110,2048,2072,2077
2049,2057,2076,2084,2097,2035,2070,2065
2050,2057,2068,2078,2050,2025,2048,2052
2050,2045,2058,2067,2004,2013,2046,2046
2043,2050,2065,2072,1981,2016,2043,2045
2055,2053,2070,2086,2013,2072,2044,2041
2053,2064,2073,2095,2001,2092,2050,2038
2054,2060,2068,2078,2000,2053,2028,2034
2055,2054,2057,2044,1963,1992,2039,2036
2054,2055,2062,2046,1977,1942,2027,2038
2059,2065,2075,2073,2101,1992,2062,2039
2061,2067,2073,2084,2190,2048,2056,2020
2033,2036,2055,2073,2211,2079,2048,2008
2023,2031,2054,2061,2161,2086,2080,2022
2045,2046,2049,2038,2102,2058,2080,2025
2040,2043,2036,2010,2052,2044,2051,2018
2041,2042,2030,2003,2023,2036,2036,2020
2042,2045,2042,2012,2024,2036,2033,2030
2048,2054,2066,2015,2020,2025,2030,2045
2051,2063,2070,2020,2023,2032,2037,2054
2050,2059,2064,2024,2029,2045,2058,2053
2052,2056,2053,2032,2045,2044,2045,2064
2053,2054,2051,2039,2094,2050,2050,2066
2042,2046,2042,2033,2115,2043,2044,2075
2043,2036,2027,2027,2107,2029,2038,2078
2046,2043,2032,2029,2100,2019,2037,2080
2045,2044,2040,2043,2124,2021,2038,2083
2046,2041,2041,2057,2126,2012,2020,2067
2024,2014,2020,2044,2101,2009,2013,2071
2023,2013,2012,2036,2089,2034,2033,2076
2038,2040,2030,2036,2033,2041,2052,2076
2042,2041,2032,2019,1949,2046,2057,2077
2051,2053,2039,2036,1999,2055,2057,2080
2062,2060,2038,2041,2028,2051,2051,2071
2060,2059,2037,2036,2043,2042,2058,2062
2062,2059,2030,2040,2061,2054,2065,2059
2057,2051,2026,2047,2078,2077,2059,2046
2047,2039,2020,2046,2107,2099,2072,2034
2044,2036,2023,2044,2082,2096,2065,2031
2052,2033,2026,2029,2015,2093,2058,2034
2049,2037,2032,2040,2018,2051,2055,2031
2040,2032,2033,2062,2042,2009,2044,2039
2043,2036,2037,2067,2069,2009,2022,2038
2054,2039,2038,2080,2075,2021,2014,2026
2034,2019,2029,2069,2022,2010,2013,2010
2034,2014,2027,2057,1965,1996,2014,2018
2054,2037,2044,2073,1969,2011,2034,2016
2051,2035,2031,2083,2011,2022,2049,2024
2049,2034,2014,2086,2050,2040,2030,2029
2040,2026,1995,2086,2073,2042,2027,2024
2047,2039,1995,2087,2068,2035,2026,2026
2041,2049,2001,2084,2073,2038,2047,2037
2047,2057,2010,2081,2066,2036,2037,2040
2052,2054,2014,2075,2069,2042,2054,2042
2051,2050,2001,2068,2071,2042,2067,2051
2043,2031,1993,2051,2060,2045,2050,2056
2039,2029,1984,2035,2053,2045,2047,2066
2035,2026,1986,2015,2041,2040,2060,2072
2040,2028,1982,2005,2041,2034,2060,2087
2050,2036,1998,2004,2041,2040,2034,2071
2034,2023,2018,2004,2027,2018,2021,2072
2032,2028,2047,2018,2015,2017,2034,2082
2056,2055,2089,2054,2026,2033,2046,2083
2057,2060,2084,2064,2039,2044,2051,2081
2054,2052,2074,2059,2048,2049,2067,2068
2051,2042,2060,2057,2044,2047,2061,2057
2047,2043,2057,2055,2047,2048,2071,2062
2050,2045,2058,2055,2050,2050,2075,2054
2052,2043,2042,2049,2054,2055,2075,2045
2048,2045,2036,2042,2057,2058,2053,2044
2052,2051,2047,2034,2055,2062,2055,2038
2056,2060,2057,2030,2048,2059,2069,2035
2053,2064,2054,2026,2046,2061,2063,2037
2053,2054,2050,2020,2043,2060,2050,2022
2048,2052,2043,2010,2045,2054,2052,2026
2051,2056,2043,2009,2036,2057,2054,2029
2048,2042,2029,1989,2018,2031,2028,2013
2032,2026,2041,2014,2017,2036,2004,2008
2037,2056,2080,2046,2045,2060,2028,2026
2056,2081,2107,2047,2051,2073,2043,2028
2054,2072,2108,2058,2053,2059,2059,2022
2052,2068,2113,2066,2045,2041,2063,2022
2047,2066,2123,2073,2050,2026,2048,2026
2051,2069,2126,2061,2039,2014,2060,2032
2054,2065,2108,2057,2032,2021,2054,2032
2058,2061,2089,2050,2032,2030,2049,2039
2064,2066,2085,2051,2048,2032,2045,2040
2056,2071,2080,2059,2064,2031,2041,2040
2054,2065,2073,2052,2082,2040,2051,2058
2051,2070,2068,2050,2080,2040,2047,2063
2054,2063,2072,2060,2077,2036,2049,2070
2064,2060,2071,2055,2078,2036,2057,2082
2062,2056,2067,2058,2070,2026,2049,2071
2038,2027,2038,2026,2046,2009,2034,2063
2030,2021,2022,2013,2042,2020,2038,2082
2054,2047,2047,2019,2049,2030,2038,2088
2059,2052,2047,2022,2035,2031,2046,2085
2056,2045,2049,2019,2026,2031,2055,2076
2046,2048,2042,2023,2047,2037,2055,2063
2044,2052,2048,2028,2066,2049,2056,2059
2049,2057,2048,2043,2071,2057,2064,2062
2053,2058,2055,2054,2072,2075,2074,2055
2050,2064,2051,2069,2070,2087,2075,2050
2050,2051,2047,2072,2086,2095,2061,2057
2052,2046,2035,2069,2084,2086,2054,2060
2049,2048,2029,2054,2074,2078,2071,2057
2045,2043,2026,2042,2062,2082,2044,2038
2045,2041,2014,2016,2036,2090,2020,2020
2043,2040,2006,2013,2034,2089,2042,2011
2041,2031,2002,2019,2011,2020,2002,2007
2022,2021,2003,2032,2008,1972,2000,2005
2030,2042,2023,2074,2002,2002,2056,2031
2053,2060,2034,2075,1944,2008,2033,2031
2050,2068,2044,2087,2025,2026,2056,2033
2046,2069,2040,2098,2085,2054,2058,2027
2044,2065,2028,2078,2050,2055,2052,2028
2040,2047,2018,2053,2047,2064,2050,2031
2037,2044,2009,2025,2034,2061,2061,2030
2037,2043,2010,2007,2024,2054,2058,2030
2032,2042,2018,2004,2037,2048,2075,2031
2035,2032,2026,2003,2036,2042,2054,2048
2030,2035,2034,2014,2043,2014,2039,2066
2034,2043,2045,2034,2051,2000,2029,2073
2036,2049,2050,2035,2052,2013,2030,2079
2039,2048,2054,2032,2067,2053,2050,2079
2046,2053,2062,2021,2065,2063,2048,2067
2025,2031,2057,2015,2053,2062,2038,2065
2027,2034,2074,2019,2038,2061,2061,2086
2052,2062,2085,2017,2017,2056,2033,2082
2059,2062,2076,2011,2012,2073,2024,2082
2052,2054,2059,2009,2014,2092,2031,2073
2050,2058,2060,2017,2063,2076,2026,2079
2058,2064,2071,2048,2110,1997,2062,2072
2060,2067,2068,2053,2096,1973,2058,2060
2061,2057,2063,2045,2085,2004,2053,2047
2056,2053,2059,2048,2073,2019,2041,2040
2058,2049,2056,2044,2049,2053,2033,2035
2052,2052,2050,2033,2069,2114,2043,2034
2049,2046,2041,2030,2067,2160,2047,2025
2039,2039,2032,2024,2047,2154,2028,2019
2033,2037,2039,2029,2021,2119,2046,2021
2038,2046,2047,2042,2002,2063,2059,2018
2030,2026,2029,2035,1973,2037,2015,2006
2020,2021,2024,2027,1964,2038,2038,2022
2044,2045,2042,2028,1965,2023,2051,2030
2048,2048,2040,2027,2003,2012,2051,2040
2042,2049,2040,2037,2048,2029,2046,2037
2050,2049,2040,2055,2120,2042,2044,2030
2051,2047,2047,2053,2136,2022,2029,2032
2046,2041,2037,2053,2096,2003,2033,2035
2043,2037,2033,2048,2049,2003,2046,2036
2043,2043,2042,2049,2037,2016,2057,2044
2055,2048,2040,2028,1962,2014,2045,2051
2061,2053,2046,2019,1902,2023,2035,2051
2058,2052,2051,2031,2004,2040,2054,2056
2048,2049,2043,2033,2082,2043,2033,2065
2050,2044,2032,2034,2089,2039,2047,2072
2052,2048,2041,2035,2083,2045,2031,2077
2045,2038,2038,2033,2060,2032,2039,2075
2043,2042,2048,2032,2049,2041,2053,2093
2057,2076,2088,2055,2063,2066,2071,2092
2067,2080,2090,2058,2074,2072,2049,2085
2059,2072,2077,2056,2085,2073,2058,2076
2062,2072,2068,2055,2091,2080,2059,2068
2059,2064,2061,2053,2092,2088,2066,2062
2052,2061,2062,2065,2092,2098,2047,2055
2052,2061,2066,2080,2092,2109,2034,2047
2050,2056,2068,2078,2067,2105,2048,2043
2053,2047,2059,2065,2046,2068,2028,2039
2051,2044,2056,2045,2020,2019,2059,2034
2052,2059,2058,2043,2022,2023,2052,2028
2055,2059,2053,2053,2047,2047,2068,2030
2053,2058,2047,2060,2065,2076,2081,2029
2056,2054,2047,2057,2073,2089,2087,2025
2045,2038,2026,2048,2058,2044,2056,2010
2039,2031,2023,2038,2053,2002,2055,2026
2056,2058,2037,2052,2067,2027,2061,2030
2059,2060,2034,2033,2020,2024,2074,2033
2064,2055,2027,2020,1983,2007,2048,2027
2059,2055,2026,2009,1955,1994,2036,2028
2054,2054,2029,2020,1971,1976,2024,2037
2057,2055,2031,2024,2010,1935,2013,2041
2060,2061,2031,2033,2052,1940,2008,2044
2064,2068,2030,2040,2081,1998,2036,2049
2064,2065,2036,2045,2072,2023,2027,2062
2064,2057,2035,2051,2072,2040,2058,2064
2063,2054,2046,2053,2078,2049,2065,2062
2055,2061,2056,2054,2070,2053,2062,2070
2066,2057,2059,2052,2060,2046,2057,2070
2055,2058,2054,2045,2051,2038,2065,2058
2034,2037,2044,2036,2032,2018,2047,2056
2025,2033,2037,2037,2035,2027,2043,2065
2043,2054,2056,2052,2055,2051,2083,2074
2057,2054,2056,2052,2055,2033,2068,2081
2054,2056,2060,2053,2041,2013,2070,2071
2059,2058,2066,2048,2038,2007,2040,2070
2056,2058,2069,2054,2037,2019,2043,2066
2056,2058,2067,2056,2042,2019,2047,2061
2056,2058,2057,2050,2040,2017,2067,2047
2059,2058,2057,2056,2050,2024,2078,2044
2053,2053,2050,2053,2055,2019,2074,2041
2055,2051,2046,2054,2053,2014,2062,2036
2054,2046,2044,2051,2050,2026,2057,2031
2047,2044,2039,2040,2046,2032,2052,2023
2042,2043,2021,2029,2044,2033,2024,2014
2046,2038,2016,2019,2047,2053,2021,2006
2034,2024,2003,2009,2032,2062,2027,1999
2018,2014,1999,2017,2033,2060,2039,1999
2037,2038,2020,2037,2054,2071,2064,2017
2047,2050,2031,2039,2063,2075,2071,2026
2052,2056,2032,2040,2076,2085,2068,2033
2051,2051,2039,2049,2077,2099,2070,2027
2053,2053,2044,2059,2065,2096,2073,2026
2062,2062,2060,2063,2062,2095,2068,2037
2065,2062,2066,2068,2062,2093,2072,2041
2064,2063,2057,2065,2071,2057,2066,2053
2061,2060,2053,2066,2079,2036,2059,2056
2058,2054,2043,2058,2063,2038,2058,2059
2050,2047,2049,2060,2047,2034,2063,2062
2046,2052,2062,2063,2028,2033,2062,2078
2053,2064,2066,2068,2042,2040,2069,2083
2058,2063,2068,2069,2044,2054,2060,2076
2054,2048,2053,2054,2025,2046,2036,2056
2034,2025,2033,2047,1998,2033,2041,2052
2023,2030,2043,2074,1985,2039,2058,2067
2048,2052,2040,2071,1948,2019,2038,2062
2041,2040,2021,2045,1919,2009,2048,2046
2038,2035,2009,2035,1958,2039,2056,2055
2045,2041,2013,2052,2033,2070,2060,2066
2050,2045,2024,2064,2106,2083,2059,2056
2056,2050,2028,2066,2141,2095,2061,2048
2053,2048,2035,2060,2132,2086,2057,2046
2044,2043,2029,2049,2110,2070,2059,2038
2048,2037,2024,2032,2088,2060,2048,2037
2040,2032,2025,2029,2085,2045,2042,2031
2042,2029,2026,2027,2119,2032,2035,2022
2037,2025,2036,2018,2121,2027,2026,2023
2036,2026,2035,2012,2112,2056,2031,2027
2045,2021,2025,1988,2062,2052,2026,2013
2031,2010,2029,1983,1994,2058,2050,2007
2028,2031,2074,2021,2040,2058,2068,2035
2058,2064,2094,2040,2064,2042,2070,2036
2059,2060,2081,2042,2048,2080,2062,2035
2052,2056,2061,2028,2028,2091,2071,2035
2053,2046,2055,2039,2029,2116,2074,2038
2056,2052,2060,2038,2020,2133,2048,2037
2058,2047,2060,2038,2045,2080,2039,2043
2053,2055,2059,2039,2077,2018,2042,2051
2049,2050,2063,2032,2041,1989,2059,2058
2050,2053,2071,2033,1995,1960,2060,2073
2057,2060,2085,2059,2067,1983,2060,2075
2063,2063,2094,2082,2139,2040,2049,2065
2056,2060,2085,2085,2186,2081,2040,2067
2047,2048,2075,2086,2154,2076,2036,2063
2044,2042,2060,2068,2022,2030,2020,2044
2014,2012,2023,2036,1875,1985,1992,2053
2018,2014,2032,2045,1906,1984,2008,2072
2039,2038,2042,2050,1951,2000,2033,2074
2050,2048,2037,2059,1992,1998,2040,2087
2058,2058,2044,2069,2058,1985,2053,2080
2056,2050,2054,2087,2120,1988,2044,2072
2053,2048,2067,2098,2127,1994,2059,2062
2052,2049,2070,2097,2120,2016,2066,2052
2053,2055,2082,2074,2085,2019,2040,2052
2056,2065,2077,2055,2063,2017,2056,2054
