CH1,CH2,CH3,CH4,CH5,CH6,CH7,CH8
2053,2041,2022,1984,2034,2047,2032,2057
2044,2033,2010,2002,2025,2016,2030,2061
2037,2027,2001,2005,2026,2016,2027,2065
2042,2029,2007,2022,2041,2036,2018,2061
2048,2033,2007,2032,2052,2048,2029,2056
2045,2032,2005,2039,2051,2048,2039,2050
2046,2033,2019,2050,2050,2042,2035,2050
2041,2033,2016,2048,2046,2041,2022,2039
2040,2035,2015,2041,2042,2048,2025,2039
2049,2037,2020,2041,2043,2047,2038,2030
2057,2049,2020,2043,2048,2053,2053,2031
2055,2048,2025,2040,2061,2055,2045,2021
2052,2050,2036,2052,2072,2054,2032,2022
2054,2052,2048,2061,2073,2047,2051,2014
2050,2048,2059,2057,2064,2044,2037,2016
2050,2044,2056,2049,2050,2047,2037,2027
2059,2052,2065,2037,2050,2053,2028,2026
2063,2047,2041,2011,2034,2044,2022,2014
2042,2024,2018,1984,2026,2034,2029,2005
2023,2016,2030,1992,2034,2044,2029,2003
2026,2031,2047,2019,2041,2049,2043,2007
2032,2047,2067,2044,2054,2056,2047,2023
2049,2069,2101,2072,2058,2062,2057,2033
2052,2085,2121,2082,2070,2062,2068,2034
2054,2079,2111,2073,2078,2065,2046,2041
2052,2062,2076,2051,2065,2057,2051,2044
2050,2047,2061,2049,2058,2054,2066,2048
2054,2049,2059,2044,2066,2061,2047,2051
2059,2052,2056,2038,2056,2051,2045,2056
2049,2051,2037,2022,2056,2046,2049,2067
2049,2049,2025,2019,2042,2045,2049,2066
2046,2042,2027,2026,2042,2039,2049,2066
2042,2033,2034,2034,2051,2043,2055,2060
2031,2040,2034,2033,2044,2043,2047,2057
2027,2032,2032,2031,2042,2037,2036,2064
2032,2036,2035,2032,2048,2042,2046,2071
2038,2040,2049,2036,2049,2050,2049,2056
2038,2045,2056,2032,2056,2048,2045,2053
2035,2043,2062,2033,2054,2044,2028,2051
2034,2042,2065,2044,2060,2045,2033,2054
2038,2042,2060,2056,2063,2039,2042,2053
2038,2046,2059,2059,2067,2051,2047,2054
2046,2055,2055,2062,2063,2047,2032,2038
2040,2051,2051,2057,2047,2051,2017,2027
2036,2049,2042,2048,2022,2050,2013,2032
2037,2036,2043,2046,1995,2051,2016,2021
2036,2031,2051,2046,1978,2056,2036,2009
2036,2047,2063,2053,1966,2040,2053,2008
2050,2052,2066,2059,1982,2015,2056,2018
2062,2055,2064,2062,2015,2008,2057,2016
2054,2050,2048,2063,2042,2015,2052,2014
2042,2037,2040,2062,2067,2032,2068,2029
2057,2052,2052,2076,2098,2052,2074,2040
2061,2057,2055,2082,2097,2057,2060,2028
2050,2043,2049,2070,2088,2060,2049,2014
2045,2046,2045,2071,2090,2064,2050,2010
2041,2048,2041,2069,2096,2068,2046,2023
2038,2052,2041,2057,2087,2056,2047,2042
2054,2054,2035,2047,2080,2055,2055,2053
2050,2056,2032,2045,2067,2054,2069,2057
2053,2063,2033,2030,2040,2050,2059,2057
2049,2057,2029,2026,2028,2045,2049,2053
2047,2051,2033,2021,2032,2046,2055,2059
2047,2052,2039,2030,2034,2043,2047,2057
2041,2052,2047,2039,2043,2045,2034,2063
2042,2050,2039,2044,2043,2038,2005,2059
2028,2030,2027,2036,2038,2030,2031,2060
2028,2029,2027,2038,2043,2045,2052,2075
2039,2045,2046,2049,2049,2052,2056,2068
2040,2046,2068,2049,2049,2054,2052,2069
2044,2046,2078,2054,2054,2057,2050,2068
2045,2053,2082,2056,2055,2059,2038,2060
2045,2049,2072,2056,2046,2055,2028,2051
2042,2046,2073,2054,2052,2052,2033,2042
2050,2050,2072,2057,2048,2051,2033,2044
2049,2054,2074,2057,2046,2049,2049,2040
2047,2047,2069,2062,2040,2050,2051,2041
2046,2045,2069,2070,2049,2049,2038,2035
2054,2045,2088,2086,2047,2050,2043,2027
2045,2047,2095,2096,2060,2050,2058,2020
2042,2046,2086,2095,2055,2059,2077,2020
2040,2042,2071,2092,2056,2054,2049,2013
2032,2033,2052,2086,2047,2047,2029,2018
2034,2033,2047,2082,2047,2050,2031,2022
2038,2038,2057,2096,2053,2050,2047,2026
2041,2045,2074,2098,2048,2050,2044,2023
2048,2060,2082,2106,2053,2051,2040,2029
2048,2066,2080,2106,2058,2055,2051,2029
2053,2063,2066,2100,2054,2043,2037,2036
2057,2056,2060,2083,2049,2030,2053,2048
2056,2053,2048,2071,2039,2026,2025,2050
2054,2061,2046,2047,2040,2020,2035,2066
2064,2059,2041,2027,2040,2033,2036,2071
2064,2057,2043,2024,2045,2034,2023,2063
2069,2056,2057,2032,2050,2039,2057,2066
2062,2055,2044,2012,2048,2043,2061,2067
2050,2047,2032,2007,2033,2042,2045,2065
2036,2042,2038,2013,2053,2035,2044,2061
2024,2038,2039,2016,2059,2029,2040,2065
2015,2042,2032,2011,2072,2035,2044,2074
2036,2053,2044,2020,2081,2053,2055,2074
2044,2046,2040,2024,2077,2070,2062,2074
2038,2046,2041,2018,2069,2074,2056,2071
2045,2045,2038,2015,2050,2078,2036,2071
2043,2052,2036,2024,2026,2070,2064,2066
2047,2057,2041,2030,2016,2048,2040,2065
2056,2061,2047,2039,2004,2038,2054,2062
2052,2058,2048,2032,1924,2042,2041,2049
2053,2054,2038,2024,1935,2058,2041,2044
2051,2050,2039,2031,2004,2073,2041,2033
2051,2055,2046,2041,2038,2059,2040,2028
2051,2061,2043,2051,2051,2022,2041,2015
2045,2066,2052,2053,2064,2022,2046,2009
2058,2066,2055,2057,2065,2036,2045,2010
2045,2045,2038,2061,2056,2047,2037,2017
2035,2036,2036,2057,2028,2064,2033,2024
2035,2043,2035,2051,2004,2073,2021,2019
2029,2036,2026,2038,2031,2067,2026,2021
2034,2040,2032,2047,2082,2094,2069,2019
2039,2052,2041,2061,2087,2097,2062,2025
2053,2054,2039,2065,2086,2062,2070,2039
2049,2047,2045,2062,2058,2042,2052,2042
2044,2041,2040,2047,2008,2041,2074,2046
2041,2037,2028,2037,1990,2037,2074,2052
2034,2033,2020,2025,1971,2036,2072,2055
2034,2025,2008,2015,1953,2029,2053,2050
2035,2026,2010,2032,2005,2055,2062,2061
2043,2040,2028,2051,2055,2062,2079,2075
2047,2035,2034,2055,2079,2056,2082,2078
2047,2035,2029,2044,2080,2063,2072,2075
2038,2020,2020,2030,2054,2044,2062,2074
2031,2009,2009,2027,2024,2027,2049,2081
2043,2034,2033,2036,2028,2030,2057,2075
2045,2040,2046,2047,2032,2037,2073,2065
2046,2040,2051,2049,2034,2055,2076,2059
2050,2043,2038,2043,2043,2059,2067,2054
2053,2037,2039,2046,2065,2064,2074,2047
2047,2037,2034,2048,2074,2064,2077,2044
2049,2042,2035,2050,2072,2072,2070,2041
2051,2044,2042,2050,2066,2065,2068,2044
2052,2044,2050,2051,2048,2049,2057,2032
2053,2046,2049,2036,2047,2044,2049,2030
2058,2050,2054,2031,2028,2040,2047,2025
2045,2047,2058,2027,2024,2033,2003,2012
2048,2050,2068,2031,2016,2034,2010,2013
2044,2061,2080,2031,1999,2022,2037,2006
2042,2055,2066,2022,1985,2014,2046,2005
2037,2050,2052,2024,1991,2013,2041,2008
2050,2058,2058,2036,2029,2036,2064,2031
2068,2068,2064,2048,2044,2048,2068,2033
2064,2071,2071,2056,2041,2057,2065,2034
2058,2072,2074,2053,2042,2057,2064,2029
2059,2070,2072,2055,2044,2047,2052,2030
2064,2066,2066,2049,2043,2045,2058,2038
2058,2064,2063,2049,2033,2043,2034,2038
2054,2060,2055,2039,2014,2059,2059,2045
2053,2060,2058,2027,2002,2066,2049,2041
2054,2058,2056,2020,1998,2074,2045,2047
2055,2052,2056,2015,1995,2064,2038,2046
2040,2041,2043,2026,1976,2039,2023,2049
2032,2036,2046,2038,1993,2003,2037,2074
2046,2049,2064,2054,2044,1987,2047,2081
2045,2042,2057,2065,2081,2018,2045,2071
2039,2034,2045,2068,2090,2033,2055,2073
2034,2036,2043,2071,2082,2039,2064,2077
2046,2051,2047,2073,2076,2042,2057,2070
2052,2052,2040,2069,2080,2043,2046,2069
2049,2048,2033,2064,2078,2050,2060,2057
2046,2043,2035,2062,2077,2064,2044,2052
2049,2045,2030,2062,2069,2075,2062,2043
2047,2038,2024,2059,2062,2089,2057,2042
2048,2034,2025,2063,2050,2094,2053,2033
2039,2027,2021,2052,2038,2080,2051,2032
2039,2028,2011,2043,2041,2064,2043,2023
2048,2036,2001,2025,2034,2059,2037,2030
2045,2031,1988,2016,2031,2051,2041,2023
2051,2024,1989,2017,2027,2051,2048,2019
2048,2030,2000,2024,2036,2055,2054,2021
2050,2042,2026,2041,2049,2054,2042,2016
2047,2036,2029,2034,2037,2029,2005,2018
2044,2026,2021,2026,2028,2031,2007,2020
2051,2034,2030,2033,2030,2035,2028,2014
2036,2023,2033,2042,2025,2041,2034,2006
2033,2027,2050,2038,2029,2043,2033,2007
2031,2033,2057,2050,2030,2048,2051,2018
2036,2046,2075,2052,2022,2044,2048,2029
2047,2061,2082,2042,2022,2042,2053,2039
2043,2070,2101,2051,2026,2049,2051,2042
2053,2072,2128,2060,2036,2060,2058,2052
2052,2082,2124,2074,2045,2064,2060,2057
2052,2071,2106,2072,2039,2064,2066,2057
2046,2057,2074,2058,2041,2070,2058,2065
2049,2060,2062,2052,2037,2068,2046,2066
2049,2065,2062,2053,2046,2057,2046,2078
2057,2071,2068,2047,2056,2059,2033,2082
2062,2061,2061,2028,2063,2061,2041,2076
2044,2054,2052,2026,2063,2059,2057,2074
2054,2052,2051,2018,2052,2060,2054,2070
2057,2046,2038,2016,2046,2055,2047,2076
2059,2049,2034,2023,2047,2054,2055,2076
2046,2050,2037,2028,2053,2052,2051,2068
2048,2053,2044,2036,2046,2055,2049,2069
2045,2057,2051,2041,2052,2057,2060,2060
2052,2063,2049,2043,2045,2067,2059,2055
2050,2056,2042,2042,2047,2056,2049,2043
2053,2055,2046,2043,2042,2056,2052,2039
2051,2054,2045,2046,2033,2052,2047,2040
2053,2046,2038,2030,2015,2040,2039,2030
2044,2049,2034,2026,2002,2038,2041,2028
2050,2045,2039,2020,2004,2024,2014,2027
2047,2040,2029,2015,2008,2024,2041,2013
2033,2025,2019,2011,2016,2029,2019,2006
2027,2026,2029,2031,2053,2042,2032,2016
2040,2045,2047,2049,2080,2055,2057,2027
2058,2057,2061,2059,2067,2056,2059,2026
2052,2054,2056,2057,2065,2053,2057,2028
2046,2052,2051,2050,2060,2062,2046,2038
2052,2052,2054,2049,2057,2069,2039,2039
2050,2048,2063,2054,2046,2063,2045,2038
2049,2049,2059,2059,2047,2057,2049,2034
2046,2043,2058,2059,2041,2053,2052,2036
2049,2036,2046,2056,2040,2057,2060,2037
2041,2028,2033,2061,2045,2057,2069,2042
2038,2032,2023,2063,2047,2057,2067,2051
2037,2030,2024,2069,2061,2058,2064,2049
2036,2028,2028,2076,2061,2059,2064,2068
2047,2025,2024,2074,2054,2055,2073,2083
2055,2023,2016,2065,2052,2051,2059,2083
2039,2011,1988,2052,2040,2043,2043,2071
2029,2012,1993,2050,2052,2049,2039,2066
2033,2031,2005,2064,2068,2062,2061,2059
2029,2035,2011,2070,2080,2060,2065,2056
2030,2037,2006,2065,2070,2058,2052,2051
2039,2026,2007,2049,2059,2051,2049,2056
2049,2035,2016,2045,2053,2047,2058,2056
2055,2047,2015,2036,2051,2048,2052,2055
2058,2047,2013,2028,2042,2043,2049,2059
2053,2042,2012,2016,2042,2032,2036,2049
2046,2036,2001,1994,2033,2016,2031,2046
2043,2039,2021,1991,2024,2020,2039,2040
2049,2048,2052,2009,2036,2027,2043,2035
2058,2062,2073,2023,2049,2038,2061,2030
2063,2061,2083,2031,2058,2044,2043,2028
2061,2057,2069,2028,2066,2040,2030,2025
2049,2047,2051,2028,2064,2036,2023,2025
2039,2038,2045,2030,2060,2040,2032,2015
2039,2042,2053,2036,2064,2045,2059,2020
2043,2055,2071,2045,2068,2041,2050,2013
2042,2051,2073,2045,2060,2036,2048,2018
2043,2052,2073,2046,2064,2041,2041,2025
2053,2060,2074,2048,2056,2042,2049,2027
2055,2065,2065,2041,2045,2047,2054,2038
2054,2062,2057,2034,2051,2038,2055,2050
2057,2064,2061,2031,2046,2044,2057,2058
2067,2070,2064,2037,2053,2048,2055,2058
2070,2067,2056,2033,2052,2056,2046,2062
2068,2067,2052,2034,2064,2058,2043,2071
2065,2058,2044,2035,2054,2049,2049,2078
2066,2055,2045,2034,2054,2049,2055,2084
2067,2050,2044,2043,2055,2047,2043,2086
2059,2054,2042,2047,2050,2046,2039,2084
2044,2042,2039,2043,2044,2039,2027,2078
2034,2042,2044,2053,2054,2040,2007,2082
2040,2049,2050,2053,2043,2057,2025,2087
2049,2049,2049,2042,2024,2073,2039,2081
2045,2040,2044,2028,2005,2076,2044,2067
2049,2049,2045,2022,1997,2086,2040,2061
2061,2059,2049,2026,2001,2074,2054,2058
2065,2068,2050,2024,2022,2024,2036,2062
2066,2078,2051,2042,2063,1997,2029,2061
2070,2075,2054,2058,2078,2016,2052,2047
2065,2069,2049,2054,2077,2044,2063,2043
2061,2066,2047,2052,2066,2047,2057,2037
2060,2059,2039,2039,2061,2042,2059,2037
2053,2054,2035,2034,2035,2050,2042,2026
2054,2051,2035,2034,2033,2059,2032,2017
2053,2053,2044,2034,2032,2066,2036,2021
2056,2054,2040,2039,2045,2063,2006,2016
2051,2054,2043,2046,2043,2059,2033,2020
2057,2054,2044,2052,2060,2032,2050,2034
2066,2059,2049,2057,2066,2024,2042,2035
2061,2059,2042,2055,2067,2034,2039,2028
2060,2056,2040,2051,2060,2043,2029,2027
2051,2052,2035,2046,2066,2049,2029,2034
2049,2049,2039,2043,2063,2052,2046,2039
2053,2048,2038,2035,2048,2042,2047,2041
2048,2045,2043,2034,2044,2037,2045,2045
2048,2044,2046,2041,2059,2028,2054,2052
2057,2049,2053,2049,2076,2037,2048,2057
2056,2054,2055,2053,2092,2043,2050,2061
2057,2056,2049,2050,2076,2038,2049,2069
2048,2053,2051,2051,2067,2033,2048,2067
2056,2055,2050,2051,2053,2032,2045,2076
2051,2049,2048,2036,2024,2024,2049,2071
2044,2040,2030,2025,2013,2012,2035,2072
2039,2033,2022,2023,2010,2004,2031,2076
2037,2029,2021,2012,1988,2008,2035,2067
2037,2032,2021,2009,1998,2023,2035,2063
2043,2038,2032,2026,2047,2054,2026,2055
2046,2048,2045,2049,2092,2056,2041,2049
2048,2052,2051,2062,2158,2061,2035,2049
2052,2057,2053,2059,2176,2067,2044,2057
2059,2050,2045,2064,2168,2062,2044,2049
2056,2040,2037,2048,2139,2052,2038,2043
2047,2040,2038,2049,2139,2054,2042,2035
2049,2056,2051,2060,2134,2067,2052,2032
2057,2055,2045,2056,2112,2066,2046,2032
2044,2042,2034,2049,2087,2058,2050,2025
2041,2034,2024,2040,2062,2054,2051,2022
2040,2043,2029,2040,2032,2049,2030,2018
2035,2043,2014,2021,1923,2031,2034,2013
2030,2030,2013,2013,1886,2020,2028,2009
2037,2048,2024,2038,1950,2045,2042,2023
2050,2058,2038,2065,2006,2051,2053,2024
2050,2047,2044,2072,2036,2050,2053,2016
2050,2043,2031,2079,2059,2049,2034,2018
2044,2037,2024,2084,2074,2051,2042,2025
2041,2048,2023,2090,2088,2054,2051,2025
2046,2047,2019,2090,2081,2051,2047,2030
2042,2043,2007,2078,2069,2042,2025,2036
2042,2030,1995,2077,2060,2037,2029,2042
2042,2025,1992,2069,2064,2035,2047,2055
2048,2031,1997,2066,2056,2040,2055,2076
2050,2032,2005,2061,2046,2041,2051,2083
2065,2037,2018,2062,2052,2044,2047,2077
2063,2048,2036,2053,2038,2038,2051,2086
2066,2048,2027,2037,2031,2028,2039,2085
2057,2030,2008,2007,2011,2021,2031,2076
2044,2028,2010,1992,2008,2023,2032,2072
2038,2044,2035,1989,2017,2027,2032,2058
2040,2057,2057,2006,2020,2034,2026,2063
2042,2066,2065,2008,2017,2039,2027,2065
2040,2067,2065,2016,2027,2055,2050,2070
2052,2081,2080,2030,2040,2072,2051,2083
2061,2092,2081,2042,2050,2091,2048,2074
2062,2087,2076,2036,2054,2086,2058,2067
2063,2076,2064,2042,2053,2081,2041,2052
2056,2077,2064,2045,2052,2069,2038,2042
2056,2077,2073,2052,2048,2033,2046,2040
2058,2073,2075,2052,2048,2022,2059,2037
2059,2073,2073,2052,2042,2028,2041,2032
2060,2072,2070,2057,2041,2041,2049,2036
2052,2072,2069,2060,2043,2054,2050,2032
2054,2073,2068,2053,2042,2047,2038,2021
2050,2058,2060,2047,2045,2047,2038,2022
2048,2056,2053,2046,2050,2050,2043,2033
2052,2062,2057,2050,2051,2055,2040,2034
2042,2059,2062,2058,2046,2057,2044,2031
2040,2065,2065,2056,2050,2052,2051,2036
2045,2066,2062,2056,2066,2046,2053,2043
2047,2064,2068,2056,2074,2044,2047,2045
2047,2069,2061,2064,2077,2051,2044,2049
2056,2064,2066,2062,2073,2052,2041,2050
2050,2057,2062,2064,2058,2051,2034,2055
2043,2054,2064,2053,2057,2055,2042,2062
2046,2056,2069,2061,2048,2054,2041,2068
2051,2057,2067,2054,2049,2051,2036,2078
2049,2054,2059,2049,2044,2043,2038,2084
2042,2050,2052,2047,2041,2038,2020,2082
2046,2052,2054,2051,2046,2034,2019,2084
2034,2048,2057,2042,2032,2034,2032,2082
2043,2048,2052,2045,2023,2030,2041,2093
2052,2059,2058,2062,2046,2030,2035,2092
2050,2053,2049,2066,2090,2023,2042,2085
2046,2056,2049,2069,2110,2020,2020,2078
2049,2063,2058,2063,2105,2014,2033,2071
2052,2060,2051,2060,2093,1996,2020,2065
2054,2060,2049,2055,2063,1981,2023,2059
2046,2056,2047,2058,2050,1986,2025,2063
2042,2052,2040,2060,2049,1989,2013,2058
2045,2049,2045,2058,2047,1991,2023,2053
2050,2057,2048,2052,2022,1988,2033,2046
2050,2061,2042,2044,2022,1998,2032,2049
2051,2051,2045,2054,2050,2014,2039,2045
2055,2051,2050,2060,2060,2050,2048,2042
2052,2057,2045,2053,2045,2056,2037,2029
2046,2046,2042,2031,1998,2048,2032,2012
2032,2035,2030,2021,1974,2060,2024,2009
2035,2044,2036,2021,1996,2084,2063,2030
2046,2046,2040,2031,1999,2113,2062,2038
2047,2049,2039,2022,2000,2106,2049,2037
2042,2041,2026,2020,2017,2094,2036,2044
2049,2050,2050,2044,2064,2072,2052,2060
2060,2062,2064,2067,2087,2073,2063,2064
2058,2064,2062,2068,2080,2076,2052,2068
2057,2062,2056,2060,2074,2084,2062,2067
2051,2053,2050,2057,2072,2100,2045,2064
2053,2048,2050,2053,2065,2109,2053,2070
2051,2049,2048,2044,2055,2106,2053,2073
2044,2043,2044,2040,2028,2076,2043,2079
2048,2041,2040,2035,2015,2039,2040,2076
2036,2043,2045,2038,2018,2025,2037,2086
2039,2043,2043,2039,2011,2009,2035,2081
2035,2039,2043,2044,2008,2013,2019,2084
2044,2044,2035,2044,2013,2030,2036,2084
2044,2051,2044,2043,2023,2034,2028,2074
2041,2046,2045,2042,2034,2029,2014,2071
2039,2043,2045,2041,2030,2035,2027,2063
2040,2037,2040,2047,2031,2036,2024,2059
2044,2040,2045,2048,2037,2043,2033,2052
2051,2037,2045,2045,2042,2041,2039,2059
2063,2041,2038,2045,2045,2034,2055,2047
2055,2035,2041,2044,2068,2026,2054,2043
2057,2031,2045,2049,2082,2045,2027,2044
2058,2034,2045,2044,2089,2081,2031,2048
2057,2041,2045,2044,2093,2090,2044,2039
2056,2043,2051,2043,2088,2075,2052,2030
2046,2037,2044,2041,2081,2057,2046,2028
2049,2043,2045,2043,2080,2051,2029,2019
2031,2025,2033,2034,2061,2035,2033,2010
2018,2028,2031,2035,2068,2028,2043,2014
2030,2036,2037,2042,2084,2036,2045,2021
2038,2036,2036,2040,2080,2037,2051,2024
2047,2035,2041,2044,2083,2028,2063,2025
2045,2039,2045,2044,2069,2018,2031,2035
2045,2038,2050,2040,2050,2006,2041,2034
2046,2043,2047,2052,2063,2010,2057,2042
2052,2046,2048,2054,2081,2015,2064,2049
2052,2041,2041,2052,2091,2015,2064,2056
2051,2041,2041,2054,2088,2044,2060,2054
2044,2041,2039,2050,2082,2077,2055,2054
2045,2032,2048,2054,2082,2093,2055,2068
2044,2033,2044,2051,2067,2100,2055,2068
2040,2030,2040,2052,2066,2096,2061,2066
2040,2034,2042,2053,2059,2081,2063,2071
2037,2026,2038,2041,2058,2075,2039,2068
2036,2025,2036,2045,2051,2078,2050,2087
2044,2042,2040,2049,2061,2076,2050,2092
2060,2040,2043,2051,2061,2083,2035,2084
2054,2036,2041,2049,2053,2079,2055,2076
2045,2040,2045,2058,2063,2082,2039,2067
2047,2044,2053,2057,2068,2074,2045,2062
2045,2047,2055,2061,2081,2078,2056,2050
2048,2049,2054,2067,2091,2088,2054,2044
2049,2049,2055,2062,2071,2077,2043,2051
2050,2051,2051,2050,2044,2054,2041,2050
2055,2046,2048,2041,2022,2020,2038,2054
2059,2044,2044,2036,2024,2001,2042,2050
2052,2048,2047,2042,2022,2006,2026,2038
2055,2049,2051,2046,2033,2016,2036,2037
2056,2051,2050,2050,2041,2026,2038,2028
2053,2046,2043,2049,2027,2036,2027,2024
2039,2038,2034,2043,2021,2037,2033,2026
2036,2035,2045,2048,2018,2035,2050,2030
2049,2046,2052,2056,2017,2042,2057,2027
2051,2046,2049,2053,2024,2050,2057,2031
2055,2048,2048,2055,2024,2074,2065,2038
2048,2046,2045,2043,2003,2078,2064,2038
2049,2037,2039,2030,1964,2074,2060,2046
2046,2044,2039,2033,1964,2068,2059,2060
2056,2049,2042,2032,2003,2059,2046,2065
2054,2047,2045,2035,2040,2069,2062,2067
2063,2047,2053,2049,2106,2106,2063,2078
2070,2047,2056,2056,2134,2103,2059,2077
2065,2036,2053,2061,2154,2035,2059,2072
2046,2031,2044,2055,2152,2034,2057,2072
2046,2034,2050,2048,2102,2066,2058,2076
2050,2042,2048,2041,2051,2073,2046,2070
2037,2031,2041,2030,2020,2069,2031,2065
2028,2029,2035,2025,1996,2080,2052,2066
2030,2032,2044,2024,1928,2074,2036,2054
2026,2026,2034,2021,1943,2053,2028,2056
2027,2030,2031,2038,2013,2055,2028,2055
2042,2036,2039,2055,2072,2053,2038,2050
2045,2040,2044,2066,2105,2041,2041,2053
2039,2034,2040,2064,2107,2010,2014,2042
2036,2036,2041,2055,2101,1994,2025,2032
2049,2041,2039,2047,2070,2007,2006,2035
2042,2041,2035,2040,2044,2018,2000,2029
2044,2038,2034,2033,2024,2025,2020,2033
2031,2036,2031,2025,1998,2036,2039,2024
2045,2034,2037,2028,1988,2037,2033,2029
2055,2056,2047,2038,2016,2034,2046,2034
2052,2058,2055,2048,2046,2034,2055,2037
2055,2056,2044,2049,2055,2038,2036,2039
2053,2060,2046,2051,2063,2052,2064,2042
2062,2056,2048,2055,2065,2067,2062,2045
2052,2048,2046,2051,2061,2067,2057,2029
2052,2040,2044,2049,2050,2073,2052,2033
2047,2040,2045,2038,2036,2089,2048,2032
2045,2037,2046,2032,2032,2097,2057,2032
2051,2041,2047,2035,2033,2075,2064,2035
2044,2043,2051,2037,2042,2038,2064,2043
2043,2043,2056,2048,2058,2017,2057,2062
2044,2044,2056,2061,2078,1976,2048,2065
2051,2045,2054,2063,2083,1989,2064,2070
2055,2045,2047,2055,2078,2019,2071,2075
2047,2046,2045,2055,2060,2026,2075,2080
2047,2048,2056,2059,2050,2003,2074,2082
2044,2058,2062,2064,2045,1999,2075,2091
2042,2047,2053,2055,2090,1997,2076,2089
2040,2037,2044,2058,2116,2018,2057,2087
2048,2047,2056,2071,2105,2040,2062,2087
2045,2053,2056,2070,2097,2051,2088,2082
2050,2061,2059,2070,2071,2052,2085,2081
2054,2055,2055,2068,2053,2043,2087,2067
2048,2050,2062,2062,2049,2047,2076,2066
2046,2046,2060,2061,2037,2054,2065,2048
2044,2048,2055,2053,2013,2040,2071,2055
2051,2060,2060,2044,2019,2036,2067,2050
2047,2052,2057,2047,2039,2042,2076,2036
2044,2054,2053,2041,2016,2055,2073,2042
2055,2054,2052,2042,1969,2053,2061,2043
2058,2051,2051,2038,1980,2054,2077,2034
2055,2049,2056,2041,2014,2053,2060,2024
2048,2052,2050,2045,2041,2061,2064,2014
2046,2050,2052,2046,2057,2058,2048,2006
2036,2040,2048,2047,2082,2037,2045,2008
2034,2040,2050,2041,2083,2051,2042,2017
2044,2044,2052,2039,2063,2075,2033,2019
2050,2052,2056,2042,2039,2064,2025,2029
2051,2061,2053,2047,2032,2052,2021,2029
2046,2055,2048,2052,2040,2043,1988,2032
2052,2057,2056,2056,2061,2083,2025,2031
2048,2060,2061,2060,2083,2084,2038,2033
2052,2059,2057,2062,2072,2063,2055,2040
2054,2057,2057,2062,2058,2053,2066,2051
2058,2047,2048,2059,2048,2051,2073,2060
2060,2042,2048,2046,2021,2032,2066,2065
2053,2036,2034,2038,2012,2042,2051,2070
2048,2035,2038,2037,2018,2054,2054,2069
2040,2029,2034,2034,2017,2060,2053,2075
2034,2031,2034,2023,2022,2043,2033,2073
2036,2022,2029,2024,2050,2042,2048,2067
2040,2019,2027,2027,2076,2037,2062,2067
2044,2036,2041,2034,2063,2031,2064,2064
2050,2032,2038,2029,2048,2027,2062,2059
2044,2028,2034,2035,2050,2021,2055,2053
2033,2023,2037,2038,2048,2020,2045,2037
2030,2032,2046,2043,2070,2024,2040,2040
2039,2058,2057,2064,2098,2042,2052,2044
2051,2066,2068,2069,2102,2052,2043,2044
2050,2059,2060,2064,2089,2058,2056,2038
2038,2048,2051,2062,2076,2053,2058,2032
2039,2043,2051,2052,2056,2051,2039,2019
2036,2042,2039,2039,2054,2053,2051,2015
2027,2036,2032,2035,2053,2064,2060,2009
2029,2039,2038,2044,2058,2074,2047,2018
2046,2056,2048,2051,2078,2075,2067,2026
2046,2056,2042,2044,2074,2053,2049,2022
2045,2050,2036,2048,2073,2030,2053,2019
2048,2045,2041,2048,2078,2028,2060,2027
2047,2049,2033,2046,2074,2041,2052,2030
2049,2037,2039,2053,2082,2054,2045,2029
2051,2036,2039,2057,2079,2058,2054,2030
2058,2046,2040,2056,2076,2068,2058,2037
2057,2047,2045,2052,2073,2071,2066,2041
2056,2053,2045,2044,2068,2066,2071,2044
2050,2048,2044,2047,2064,2039,2038,2060
2049,2054,2054,2058,2068,2012,2038,2070
2054,2050,2056,2059,2060,2015,2030,2069
2054,2047,2047,2054,2057,2010,2032,2069
2054,2039,2036,2046,2060,2014,2032,2064
2048,2042,2042,2054,2073,2040,2060,2073
2054,2046,2045,2058,2074,2040,2071,2074
2040,2031,2028,2042,2070,2034,2060,2053
2022,2008,2017,2031,2050,2054,2049,2051
2014,2018,2027,2037,2036,2090,2071,2065
2031,2037,2036,2051,2024,2101,2072,2066
2040,2048,2038,2046,2018,2102,2072,2059
2045,2041,2029,2035,2013,2082,2057,2058
2048,2040,2025,2039,2036,2049,2044,2057
2059,2038,2031,2047,2070,2053,2034,2053
2060,2043,2036,2055,2093,2080,2049,2046
2064,2045,2038,2055,2102,2090,2046,2045
2050,2041,2036,2047,2092,2101,2069,2040
2045,2030,2032,2041,2071,2104,2069,2034
2049,2036,2033,2035,2038,2092,2048,2023
2034,2031,2036,2030,2021,2051,2050,2026
2037,2033,2041,2034,2016,1965,2040,2017
2042,2055,2051,2036,2016,1931,2027,2017
2052,2055,2054,2042,2021,1961,2017,2015
2045,2054,2061,2049,2016,2005,2039,2018
2040,2063,2071,2062,2042,2026,2053,2024
2056,2079,2080,2063,2056,2036,2063,2027
2059,2075,2077,2059,2064,2044,2071,2026
2061,2072,2070,2064,2059,2053,2071,2031
2059,2075,2074,2058,2065,2051,2054,2030
2056,2071,2072,2061,2069,2051,2055,2032
2056,2066,2067,2059,2058,2052,2052,2050
2063,2063,2068,2061,2057,2054,2048,2058
2069,2064,2058,2055,2060,2051,2045,2057
2054,2056,2054,2058,2061,2057,2057,2057
2046,2055,2056,2056,2065,2058,2054,2060
2037,2051,2059,2056,2067,2068,2055,2063
2043,2048,2058,2060,2066,2077,2057,2064
2048,2044,2052,2060,2065,2086,2053,2073
2048,2044,2041,2061,2060,2079,2047,2062
2044,2043,2037,2062,2057,2028,2033,2070
2045,2042,2041,2059,2060,1990,2034,2064
2053,2043,2042,2067,2063,2001,2035,2062
2048,2044,2049,2075,2061,2018,2044,2052
2049,2051,2050,2074,2053,2020,2041,2042
2049,2042,2054,2082,2057,2019,2044,2038
2046,2040,2054,2085,2056,2025,2054,2045
2047,2033,2059,2090,2060,2025,2048,2037
2053,2038,2055,2080,2061,2034,2034,2032
2049,2028,2052,2085,2059,2038,2016,2031
2043,2036,2050,2082,2060,2040,2050,2028
2044,2041,2048,2081,2064,2037,2049,2031
2043,2033,2037,2075,2046,2025,2040,2020
2041,2031,2033,2070,2030,2005,2035,2015
2040,2031,2045,2063,2012,2005,2040,2015
2040,2030,2036,2037,1992,1988,2016,2001
2020,2012,2017,2017,1978,1968,2017,2002
2024,2013,2014,2036,2012,1982,2018,2010
2035,2033,2033,2060,2048,1992,2051,2023
2045,2050,2053,2071,2080,2021,2042,2033
2052,2056,2054,2065,2099,2045,2056,2029
2049,2051,2054,2051,2083,2053,2043,2030
2046,2055,2050,2041,2071,2064,2048,2024
2040,2057,2064,2044,2060,2065,2045,2019
2044,2056,2064,2047,2049,2066,2050,2027
2045,2055,2059,2050,2050,2077,2043,2041
2043,2049,2049,2050,2055,2084,2050,2045
2044,2045,2037,2049,2058,2067,2033,2055
2046,2044,2035,2041,2060,2058,2034,2064
2050,2050,2049,2032,2055,2063,2035,2073
2049,2050,2057,2025,2037,2052,2041,2075
2038,2033,2040,2012,2025,2044,2039,2058
2010,2003,2021,1991,2034,2038,2029,2059
2013,2010,2042,2000,2059,2053,2043,2060
2038,2035,2072,2014,2078,2049,2038,2064
2044,2048,2072,2020,2088,2050,2048,2077
2037,2054,2063,2023,2085,2052,2051,2074
2042,2049,2047,2014,2056,2046,2044,2062
2038,2036,2042,2014,2042,2043,2041,2057
2048,2044,2065,2031,2042,2059,2045,2058
2053,2054,2072,2042,2054,2058,2054,2054
2044,2058,2070,2041,2049,2060,2063,2044
2049,2060,2070,2045,2040,2046,2062,2041
2040,2055,2059,2040,2023,2033,2051,2030
2036,2047,2056,2033,2028,2048,2042,2016
2038,2049,2051,2036,2035,2068,2047,2016
2038,2052,2052,2040,2052,2074,2048,2017
2046,2052,2043,2034,2056,2080,2045,2014
2047,2047,2035,2034,2050,2057,2052,2014
2049,2046,2047,2046,2062,2026,2052,2026
2061,2058,2051,2051,2084,2039,2067,2018
2054,2051,2051,2050,2080,2039,2048,2017
2040,2052,2047,2052,2066,2030,2046,2022
2039,2053,2043,2044,2055,2018,2044,2018
2041,2051,2041,2041,2047,2023,2050,2032
2050,2045,2042,2043,2041,2036,2053,2042
2051,2044,2037,2041,2040,2035,2051,2044
2052,2042,2031,2046,2072,2033,2046,2053
2043,2043,2035,2050,2098,2037,2064,2054
2040,2042,2054,2059,2088,2056,2064,2047
2042,2044,2070,2070,2102,2071,2066,2049
2038,2044,2080,2072,2113,2069,2037,2048
2034,2039,2075,2072,2071,2054,2021,2057
2036,2041,2064,2064,2041,2025,2022,2064
2024,2026,2042,2063,2005,1987,2013,2056
2030,2016,2013,2065,1992,1975,2026,2056
2031,2020,2007,2073,1978,1990,2037,2057
2032,2026,2012,2092,1940,2010,2057,2066
2042,2031,2021,2092,1970,2027,2056,2051
2034,2022,2008,2080,2030,2040,2054,2040
2035,2022,2005,2088,2057,2062,2059,2029
2030,2016,1992,2067,2042,2048,2060,2026
2033,2007,1987,2046,2039,2036,2057,2021
2031,2004,1976,2035,2054,2036,2056,2015
2033,2004,1967,2036,2058,2037,2044,2015
2026,2008,1962,2014,2069,2030,2024,2000
2025,2001,1964,1994,2060,2011,2015,1994
2017,1997,1958,1974,2037,2014,2032,1994
2016,1990,1955,1962,2030,2016,2029,1997
2018,1997,1973,1973,2035,2018,2035,1991
2022,2009,2012,1989,2036,2026,2025,1988
2022,2030,2055,2000,2045,2048,2044,2003
2047,2071,2082,2017,2055,2092,2034,2016
2067,2088,2106,2036,2064,2097,2043,2019
2065,2076,2094,2037,2065,2081,2055,2022
2063,2058,2062,2031,2060,2062,2047,2024
2052,2042,2036,2034,2066,2056,2044,2022
2054,2047,2043,2048,2080,2053,2037,2015
2040,2065,2054,2050,2084,2048,2022,2005
2034,2072,2063,2067,2086,2060,2022,2014
2033,2060,2054,2057,2070,2058,2044,2029
2045,2059,2053,2065,2062,2061,2051,2044
2048,2062,2062,2068,2074,2061,2057,2060
2045,2067,2066,2071,2086,2066,2057,2056
2043,2068,2072,2071,2068,2066,2051,2061
2044,2063,2075,2071,2075,2079,2056,2075
2041,2056,2073,2079,2060,2076,2063,2072
2041,2050,2096,2080,2064,2066,2041,2085
2043,2052,2096,2074,2035,2061,2027,2072
2038,2049,2092,2065,2002,2069,2038,2063
2047,2070,2110,2070,2008,2071,2053,2073
2056,2086,2116,2064,2028,2063,2065,2069
2062,2082,2103,2058,2031,2050,2052,2050
2053,2069,2096,2055,2030,2038,2048,2032
2041,2064,2090,2063,2043,2026,2044,2031
2042,2077,2098,2068,2047,2017,2048,2025
2045,2067,2090,2061,2050,2032,2050,2024
2048,2072,2084,2061,2039,2041,2048,2020
2050,2070,2077,2054,2022,2038,2042,2021
2044,2070,2073,2047,2016,2039,2037,2022
2049,2062,2067,2045,2021,2007,2045,2022
2050,2061,2057,2036,2035,2017,2043,2009
2044,2047,2050,2030,2058,2042,2042,2001
2046,2039,2052,2043,2076,2060,2047,2017
2057,2051,2053,2047,2074,2065,2051,2017
2056,2056,2057,2056,2071,2074,2037,2019
2059,2057,2071,2067,2056,2065,2031,2014
2047,2054,2083,2073,2048,2052,2022,2024
2055,2054,2085,2071,2037,2056,2023,2008
2041,2054,2089,2070,2041,2058,2028,2012
2037,2051,2088,2080,2046,2057,2026,2026
2048,2062,2093,2093,2054,2062,2040,2027
2044,2064,2096,2104,2067,2058,2049,2032
2048,2060,2086,2107,2057,2051,2053,2046
2051,2053,2077,2093,2060,2046,2050,2060
2042,2039,2070,2090,2065,2044,2045,2052
2042,2046,2060,2091,2072,2051,2041,2052
2042,2050,2047,2081,2067,2050,2035,2057
2040,2041,2025,2061,2054,2035,2025,2060
2039,2024,1999,2042,2052,2026,2009,2056
2032,2021,1988,2030,2037,2034,2021,2052
2024,2018,1982,2029,2033,2041,2029,2054
2029,2019,1980,2017,2039,2045,2023,2046
2034,2021,1978,2014,2038,2045,2024,2042
2035,2023,1988,2002,2033,2052,2033,2037
2036,2028,1997,2001,2027,2047,2032,2030
2036,2030,2003,2007,2026,2045,2037,2021
2041,2032,2001,2008,2024,2038,2035,2024
2043,2041,2011,2004,2022,2037,2015,2025
2050,2050,2046,2018,2030,2041,2018,2027
2054,2060,2074,2033,2045,2042,2039,2017
2060,2074,2089,2050,2048,2052,2044,2028
2052,2076,2090,2053,2053,2058,2050,2032
2048,2068,2075,2052,2051,2058,2024,2023
2048,2060,2070,2043,2049,2058,2039,2021
2046,2060,2070,2043,2054,2062,2034,2024
2046,2064,2076,2052,2052,2062,2031,2025
2048,2063,2088,2047,2050,2056,2045,2025
2047,2067,2087,2048,2050,2072,2028,2024
2049,2063,2081,2047,2045,2093,2021,2021
2051,2062,2077,2040,2044,2105,2029,2028
2054,2069,2077,2041,2050,2108,2031,2038
2048,2063,2072,2045,2039,2095,2034,2041
2042,2061,2071,2053,2051,2054,2035,2055
2054,2063,2076,2061,2072,2020,2045,2067
2058,2065,2076,2064,2073,2028,2053,2068
2050,2057,2068,2064,2060,2028,2038,2071
2045,2061,2066,2060,2041,2025,2030,2071
2054,2056,2062,2056,2028,2020,2034,2073
2045,2054,2052,2055,2031,2018,2023,2073
2048,2042,2046,2051,2033,2016,2028,2071
2026,2031,2040,2043,2054,2030,2032,2070
2033,2036,2050,2054,2058,2065,2061,2070
2046,2055,2051,2063,2053,2080,2061,2074
2052,2050,2051,2054,2052,2082,2050,2070
2048,2046,2047,2046,2042,2054,2021,2064
2040,2044,2039,2045,2035,2009,2029,2052
2031,2032,2024,2051,2045,2000,2020,2041
2032,2033,2027,2050,2059,2021,2040,2044
2046,2034,2031,2054,2062,2040,2028,2033
2042,2041,2036,2058,2060,2055,2017,2026
2041,2041,2046,2056,2052,2061,2039,2020
2045,2054,2055,2058,2051,2054,2027,2021
2045,2049,2059,2068,2050,2047,2042,2018
2051,2047,2065,2073,2052,2046,2041,2017
2054,2048,2073,2074,2055,2047,2017,2024
2045,2041,2062,2062,2053,2033,2018,2002
2034,2030,2060,2063,2046,2037,2038,2002
2034,2039,2063,2063,2052,2046,2035,2007
2035,2042,2072,2064,2040,2045,2052,2018
2041,2047,2079,2065,2032,2039,2039,2018
2036,2049,2078,2053,2000,2028,2029,2013
2038,2041,2067,2042,1997,2017,2041,2028
2047,2048,2068,2054,1996,1973,2026,2037
2050,2048,2062,2050,1999,1976,2018,2040
2047,2050,2069,2067,2035,2004,2021,2056
2055,2055,2070,2070,2076,2036,2039,2057
2053,2048,2063,2060,2096,2066,2035,2059
2049,2041,2041,2058,2103,2086,2043,2065
2042,2036,2052,2068,2094,2081,2042,2070
2047,2046,2051,2064,2076,2080,2044,2078
2049,2044,2050,2056,2062,2074,2042,2074
2042,2030,2036,2036,2054,2050,2011,2064
2030,2021,2022,2029,2046,2039,2036,2060
2026,2016,2026,2029,2052,2045,2031,2063
2032,2018,2027,2038,2061,2046,2048,2065
2043,2022,2025,2040,2067,2049,2049,2050
2037,2016,2031,2042,2066,2064,2050,2039
2030,2013,2039,2050,2071,2068,2055,2032
2035,2023,2046,2052,2065,2064,2054,2032
2033,2022,2047,2046,2062,2055,2063,2035
2043,2036,2058,2054,2058,2056,2054,2029
2049,2043,2064,2058,2052,2043,2053,2028
2054,2051,2061,2055,2053,2039,2042,2033
2051,2053,2063,2051,2045,2036,2041,2030
2062,2057,2063,2041,2024,2050,2044,2028
2059,2050,2045,2033,1999,2054,2030,2018
2049,2038,2042,2034,1984,2054,2034,2014
2038,2030,2040,2023,1975,2051,2030,2006
2046,2045,2061,2034,1985,2034,2030,2014
2054,2067,2082,2050,2030,2025,2050,2017
2058,2065,2077,2062,2076,2041,2064,2014
2052,2059,2070,2064,2094,2062,2066,2019
2046,2050,2060,2056,2102,2084,2077,2030
2052,2053,2062,2059,2099,2093,2082,2044
2068,2057,2058,2046,2086,2073,2085,2037
2068,2053,2044,2032,2063,2055,2068,2044
2058,2042,2040,2034,2056,2039,2064,2038
2056,2042,2044,2034,2051,2043,2071,2033
2045,2034,2040,2033,2046,2056,2064,2039
2040,2031,2030,2031,2054,2053,2071,2050
2040,2036,2021,2023,2047,2048,2065,2060
2037,2038,2022,2018,2040,2047,2064,2062
2050,2037,2026,2011,2034,2046,2062,2062
2047,2037,2021,2016,2031,2040,2060,2061
2046,2033,2024,2026,2038,2040,2061,2060
2048,2035,2038,2050,2050,2052,2062,2060
2049,2039,2047,2064,2056,2054,2069,2063
2058,2036,2059,2089,2047,2053,2038,2062
2055,2034,2066,2088,2048,2060,2046,2054
2052,2030,2063,2081,2044,2074,2045,2044
2051,2029,2060,2080,2046,2078,2044,2038
2054,2029,2055,2082,2056,2083,2050,2037
2054,2034,2046,2083,2062,2070,2049,2034
2056,2042,2034,2083,2062,2017,2054,2037
2059,2037,2027,2081,2065,2002,2043,2028
2055,2041,2024,2065,2063,2012,2065,2025
2056,2051,2042,2072,2059,2021,2069,2027
2055,2060,2055,2064,2065,2017,2073,2026
2062,2074,2068,2052,2060,2015,2077,2014
2060,2064,2048,2040,2048,2007,2068,2009
2053,2052,2037,2033,2048,2018,2060,2016
2061,2059,2047,2036,2058,2040,2078,2022
2075,2058,2045,2037,2053,2051,2083,2037
2080,2054,2050,2016,2036,2052,2081,2038
2072,2046,2059,2017,2032,2045,2069,2032
2055,2051,2074,2029,2040,2069,2062,2026
2054,2055,2094,2040,2046,2099,2077,2037
2056,2056,2095,2037,2042,2116,2073,2052
2061,2056,2095,2033,2037,2165,2074,2051
2064,2059,2090,2034,2038,2187,2065,2053
2056,2054,2085,2035,2020,2163,2050,2051
2045,2053,2070,2019,1991,2051,2056,2050
2043,2049,2055,2010,1971,1997,2045,2048
2039,2043,2049,2008,1968,2034,2039,2038
2034,2036,2049,2007,1989,2046,2038,2043
2026,2029,2042,2019,2026,2019,2040,2062
2026,2028,2043,2037,2062,2007,2054,2076
2042,2044,2062,2056,2088,2022,2077,2079
2061,2063,2078,2079,2096,2038,2081,2084
2064,2065,2079,2091,2096,2031,2072,2082
2056,2044,2055,2090,2075,2010,2063,2061
2048,2042,2056,2093,2069,2021,2063,2051
2044,2036,2049,2095,2070,2037,2043,2042
2044,2036,2036,2097,2068,2036,2055,2036
2048,2037,2032,2109,2053,2043,2046,2036
2044,2041,2019,2100,2058,2043,2041,2032
2049,2038,2011,2097,2062,2050,2057,2028
2046,2037,2008,2100,2060,2048,2078,2019
2039,2039,2004,2093,2069,2055,2062,2010
2051,2041,2007,2091,2072,2058,2074,2018
2060,2043,2007,2086,2075,2053,2068,2014
2047,2034,2006,2070,2065,2042,2040,2009
2041,2028,2000,2047,2052,2037,2032,2001
2039,2024,2001,2008,2032,2049,2033,2002
2035,2027,2019,1992,2032,2042,2036,2017
2053,2049,2061,2004,2037,2031,2057,2030
2056,2063,2087,2018,2051,2041,2056,2040
2056,2065,2089,2019,2053,2043,2052,2040
2053,2059,2094,2020,2051,2050,2058,2040
2058,2066,2115,2039,2053,2061,2062,2051
2056,2074,2120,2059,2058,2061,2054,2061
2062,2078,2112,2076,2039,2069,2085,2064
2061,2076,2092,2074,2089,2083,2075,2073
2057,2068,2086,2068,2107,2082,2065,2071
2051,2061,2072,2045,2077,2063,2060,2068
2045,2053,2061,2016,2047,2036,2049,2073
2039,2049,2052,2032,2038,2005,2054,2068
2040,2036,2041,2040,2027,1992,2041,2075
2034,2032,2032,2046,2042,2025,2039,2073
2038,2039,2061,2068,2069,2045,2071,2083
2046,2040,2065,2074,2050,2037,2046,2077
2055,2041,2073,2059,2003,2032,2043,2072
2055,2045,2075,2053,1939,2026,2057,2073
2054,2055,2082,2040,1923,2010,2048,2064
2054,2054,2078,2029,1938,2001,2039,2052
2057,2059,2086,2033,2005,2035,2058,2043
2056,2062,2085,2054,2060,2058,2068,2034
2052,2058,2082,2054,2043,2053,2059,2049
2064,2058,2070,2042,2003,2050,2044,2047
2064,2052,2070,2040,1977,2049,2054,2040
2055,2053,2072,2039,1962,2051,2077,2032
2053,2058,2073,2058,1970,2054,2056,2023
2045,2058,2069,2056,1976,2040,2034,2019
2036,2044,2055,2040,1962,2037,2046,2012
2036,2044,2051,2031,1944,2037,2043,2016
2047,2052,2058,2025,1915,2044,2058,2023
2043,2049,2059,2027,1928,2042,2065,2025
2051,2046,2050,2021,1978,2042,2055,2034
2050,2042,2046,2020,2017,2038,2065,2040
2051,2049,2055,2023,2074,2026,2061,2042
2055,2052,2050,2025,2098,2018,2054,2036
2052,2045,2040,2012,2096,2024,2061,2056
2060,2047,2051,2034,2104,2039,2069,2073
2059,2049,2058,2045,2123,2057,2053,2075
2052,2052,2068,2042,2127,2094,2074,2076
2052,2049,2068,2047,2127,2095,2072,2076
2055,2049,2062,2043,2097,2067,2053,2070
2060,2040,2047,2053,2087,2064,2049,2068
2047,2038,2046,2078,2066,2042,2031,2072
2035,2040,2053,2082,2065,2018,2014,2068
2038,2043,2059,2074,2064,2012,2019,2074
2037,2050,2060,2062,2062,2008,2034,2085
2050,2059,2068,2070,2104,1989,2044,2091
2062,2064,2069,2080,2156,2027,2073,2078
2059,2056,2066,2080,2163,2069,2070,2071
2053,2060,2061,2071,2153,2093,2084,2073
2056,2065,2066,2082,2141,2099,2084,2070
2058,2064,2064,2085,2125,2091,2077,2057
2062,2061,2062,2069,2086,2077,2057,2047
2052,2051,2052,2051,2064,2092,2067,2046
2047,2043,2060,2053,2044,2133,2076,2042
2055,2050,2080,2059,2006,2128,2064,2027
2041,2042,2086,2043,1988,2126,2057,2014
2032,2037,2082,2042,1992,2084,2040,2011
2038,2035,2082,2045,1940,1995,2026,2005
2022,2024,2069,2029,1896,1925,2017,2004
2030,2028,2076,2061,1982,1942,2037,2024
2049,2055,2103,2116,2107,1973,2060,2034
2058,2056,2097,2119,2127,1989,2042,2042
2058,2059,2090,2119,2163,2009,2053,2041
2053,2054,2073,2117,2175,2028,2046,2038
2049,2049,2065,2107,2152,2055,2053,2035
2047,2046,2058,2098,2148,2081,2076,2033
2046,2037,2049,2091,2128,2087,2079,2040
2046,2041,2054,2074,2058,2079,2073,2042
2042,2035,2047,2052,2000,2066,2060,2046
2045,2037,2032,2035,1992,2095,2073,2061
2057,2036,2021,2031,1965,2109,2076,2075
2059,2041,2018,2026,1950,2103,2071,2081
2061,2046,2023,2020,1955,2095,2070,2086
2056,2047,2028,2033,1967,2073,2064,2080
2046,2038,2036,2041,1950,2023,2052,2070
2035,2035,2039,2056,2002,1987,2048,2076
2040,2036,2038,2064,2053,1995,2057,2062
2048,2030,2033,2075,2112,2022,2058,2063
2050,2030,2030,2083,2176,2033,2054,2059
2042,2025,2035,2069,2162,2036,2054,2056
2051,2024,2037,2058,2117,2036,2049,2056
2049,2021,2036,2043,2070,2038,2041,2052
2043,2026,2045,2034,2070,2043,2035,2045
2049,2040,2083,2042,2095,2051,2058,2037
2052,2062,2094,2043,2098,2047,2052,2035
2052,2060,2082,2045,2090,2050,2066,2028
2041,2052,2066,2038,2098,2060,2059,2035
2045,2046,2054,2037,2046,2056,2070,2035
2039,2039,2038,2002,1878,2052,2057,2026
2044,2031,2024,1992,1873,2051,2052,2014
2042,2022,2018,2005,1902,2051,2056,2016
2036,2021,2009,2006,1878,2036,2043,2026
2046,2038,2022,2009,1930,2012,2058,2035
2066,2051,2028,2031,2007,2002,2062,2048
2076,2056,2036,2038,2064,2025,2067,2051
2075,2054,2042,2048,2097,2064,2081,2068
2085,2059,2036,2066,2149,2098,2085,2069
2074,2059,2038,2077,2209,2111,2090,2065
2056,2048,2041,2054,2209,2115,2080,2061
2053,2039,2033,2013,2111,2120,2077,2068
2054,2040,2041,1985,2048,2111,2073,2065
2045,2041,2043,1992,2129,2109,2050,2066
2052,2040,2045,2012,2182,2096,2056,2076
2062,2051,2046,2033,2198,2107,2063,2089
2066,2054,2052,2049,2166,2117,2072,2097
2061,2056,2060,2040,2049,2103,2071,2092
2037,2042,2045,2000,1896,2059,2070,2086
2033,2028,2036,1956,1792,1981,2030,2077
2031,2028,2025,1928,1783,1897,2027,2066
2032,2029,2024,1973,1947,1922,2016,2069
2038,2030,2039,2057,2158,2007,2033,2060
2039,2041,2037,2083,2205,2038,2022,2051
2029,2034,2033,2066,2147,2045,2022,2037
2028,2029,2028,2050,2089,2059,2027,2029
2042,2020,2027,2047,2077,2072,2023,2027
2044,2034,2042,2052,2069,2072,2037,2016
2049,2048,2044,2058,2044,2069,2024,2025
2037,2038,2039,2058,2035,2070,2022,2017
2029,2029,2029,2064,2016,2060,2026,2021
2042,2029,2034,2073,2012,2068,2049,2023
2043,2033,2043,2075,2028,2070,2063,2027
2055,2034,2039,2072,2032,2078,2052,2026
2043,2019,2032,2076,2052,2067,2053,2020
2035,2019,2033,2082,2070,2056,2058,2028
2042,2045,2053,2082,2060,2059,2071,2038
2055,2056,2067,2070,1997,2054,2067,2026
2058,2061,2057,2046,2005,2030,2064,2036
2072,2060,2056,2029,1983,2003,2063,2040
2074,2054,2049,2008,1908,2004,2050,2040
2071,2064,2048,2002,1851,2029,2057,2052
2081,2066,2048,2026,1937,2070,2056,2042
2070,2048,2050,2042,2046,2077,2050,2034
2048,2030,2035,2047,2126,2055,2038,2044
2055,2034,2041,2065,2208,2028,2023,2056
2058,2025,2055,2078,2213,2037,2052,2072
2060,2025,2061,2076,2184,2065,2071,2080
2056,2023,2054,2032,2018,2062,2067,2082
2048,2008,2043,2013,1934,2048,2040,2084
2024,1992,2031,2029,1983,2038,2017,2064
2009,1993,2032,2067,2071,2084,2032,2074
2035,2023,2060,2115,2187,2143,2069,2091
2077,2044,2083,2091,2103,2108,2071,2097
2082,2042,2054,2026,1924,2061,2056,2092
2073,2033,2041,2013,1968,2044,2033,2074
2069,2050,2057,2018,2044,2028,2043,2064
2059,2079,2068,2023,2087,2026,2039,2049
2054,2082,2069,2033,2087,2024,2033,2049
2055,2086,2062,2066,2161,2043,2053,2048
2059,2075,2058,2095,2266,2060,2051,2039
2052,2050,2048,2077,2205,2037,2022,2022
2040,2046,2046,2069,2112,2015,2018,2019
2039,2049,2050,2065,2023,2003,2040,2024
2045,2053,2054,2051,1968,1994,2039,2030
2058,2056,2058,2034,1873,1984,2031,2034
2065,2054,2045,2016,1836,1982,2026,2016
2039,2040,2034,2026,1956,2024,2034,2013
2048,2053,2056,2068,2037,2066,2062,2042
2066,2069,2065,2084,2022,2076,2062,2053
2062,2078,2067,2068,2027,2088,2073,2058
2062,2077,2061,2047,2057,2103,2065,2063
2064,2071,2056,2038,2155,2108,2075,2058
2069,2064,2055,2047,2190,2111,2069,2047
2050,2063,2040,2041,2200,2110,2061,2043
2060,2064,2046,2061,2178,2127,2071,2050
2061,2069,2052,2067,2082,2101,2046,2041
2046,2046,2045,2056,2004,2088,2050,2037
2039,2032,2046,2053,2009,2109,2055,2054
2037,2029,2041,2047,1994,2102,2064,2080
2042,2042,2045,2053,1945,2064,2066,2089
2041,2044,2049,2059,1859,2018,2043,2077
2041,2039,2047,2038,1794,1971,2038,2079
2043,2031,2042,2018,1868,1947,2041,2092
2058,2036,2050,2024,1895,1963,2050,2083
2060,2046,2056,2024,1919,1994,2030,2080
2049,2040,2048,2038,1997,2017,2034,2075
2048,2031,2038,2030,2047,2018,2040,2053
2027,2022,2016,2006,2018,2019,2021,2036
2022,2016,2016,2016,2121,2054,2037,2030
2030,2034,2032,2051,2190,2077,2046,2020
2032,2052,2051,2069,2168,2065,2037,2013
2033,2051,2047,2057,2112,2041,2041,2025
2031,2050,2044,2048,2053,2023,2055,2024
2039,2060,2054,2047,2015,2020,2047,2028
2051,2062,2059,2052,2022,2027,2053,2032
2059,2062,2060,2057,2052,2032,2060,2028
2058,2059,2048,2053,2038,2026,2041,2030
2050,2040,2037,2042,2016,2006,2020,2014
2037,2030,2037,2046,2047,2013,2011,2011
2041,2042,2046,2064,2077,2017,2028,2010
2048,2045,2049,2057,2065,2009,2030,2002
2055,2052,2050,2052,2026,2012,2001,2010
2060,2045,2046,2043,1996,2027,2021,2018
2056,2046,2052,2045,1961,2052,2037,2032
2052,2060,2057,2046,1926,2084,2051,2021
2052,2073,2064,2049,1978,2104,2054,2028
2042,2071,2064,2051,2042,2107,2058,2038
2038,2060,2059,2054,2029,2105,2068,2049
2043,2057,2053,2042,1999,2098,2073,2069
2061,2060,2053,2059,2107,2104,2086,2089
2062,2065,2049,2075,2214,2129,2078,2081
2056,2066,2051,2092,2231,2153,2079,2078
2060,2060,2049,2081,2145,2149,2085,2076
2033,2046,2033,2056,2046,2120,2049,2051
2016,2024,2016,2044,1970,2110,2034,2053
2017,2024,2022,2037,1918,2085,2047,2063
2035,2033,2035,2046,1894,2015,2039,2073
2044,2046,2051,2051,1967,1953,2042,2076
2041,2029,2038,2024,2002,1940,2018,2058
2031,2014,2021,2016,2056,1953,2019,2041
2019,2023,2027,2041,2120,1966,2015,2039
2032,2035,2036,2039,2142,1971,2021,2037
2025,2032,2025,2032,2102,1980,2031,2027
2021,2021,2033,2033,2073,2006,2048,2018
2024,2029,2043,2036,2083,2028,2063,2020
2041,2042,2050,2043,2068,2042,2069,2025
2049,2050,2053,2039,2038,2052,2061,2017
2047,2051,2046,2031,1998,2061,2062,2029
2062,2048,2040,2028,1958,2086,2061,2033
2078,2047,2039,2025,2005,2097,2048,2024
2064,2039,2038,2044,2059,2083,2029,2021
2061,2045,2041,2067,2107,2096,2037,2018
2059,2062,2040,2073,2128,2118,2056,2036
2070,2068,2045,2084,2182,2164,2066,2059
2082,2071,2039,2094,2239,2160,2059,2040
2051,2055,2032,2081,2246,2045,2045,2034
2057,2063,2035,2067,2233,2006,2042,2040
2080,2066,2040,2060,2206,2023,2051,2051
2082,2062,2038,2045,2130,2013,2043,2042
2069,2062,2044,2043,2086,2015,2049,2045
2065,2055,2055,2056,2092,2033,2054,2045
2056,2046,2052,2053,2035,2054,2047,2041
2046,2036,2049,2029,1942,2049,2010,2035
2024,2038,2050,2018,1958,2090,2014,2048
2026,2047,2065,2030,2004,2119,2047,2073
2036,2064,2080,2054,2160,2115,2060,2079
2030,2077,2092,2079,2281,2142,2076,2093
2049,2090,2108,2090,2244,2165,2062,2098
2056,2086,2105,2070,2086,2165,2045,2079
2047,2071,2081,2037,1979,2135,2037,2075
2047,2062,2062,2029,1973,2093,2054,2071
2060,2051,2066,2039,1982,2082,2062,2082
2065,2055,2065,2059,2073,2133,2059,2053
2048,2040,2050,2049,2039,2121,2029,2043
2037,2043,2045,2025,1943,2093,2044,2048
2045,2054,2051,2024,1897,2036,2018,2038
2050,2064,2062,2052,1984,1977,2018,2027
2039,2061,2055,2052,2020,1964,1989,2018
2039,2054,2050,2044,2041,1975,1997,2015
2041,2060,2049,2039,2045,1989,2000,2025
2051,2062,2052,2043,2062,1988,2019,2027
2050,2065,2048,2037,2041,1992,2024,2028
2055,2064,2048,2039,2026,1989,2009,2021
2047,2077,2064,2059,2052,2004,2006,2018
2054,2087,2064,2067,2082,2014,2031,2022
2058,2068,2054,2072,2087,2027,2049,2035
2059,2051,2048,2081,2080,2029,2046,2043
2051,2052,2050,2090,2114,2038,2051,2045
2048,2049,2050,2089,2201,2049,2050,2047
2041,2055,2055,2088,2169,2029,2046,2050
2039,2061,2062,2070,2083,2004,2041,2052
2050,2051,2048,2063,2128,2037,2048,2056
2058,2049,2047,2038,2022,2056,2051,2066
2054,2047,2041,2011,1892,2057,2059,2068
2046,2050,2046,2020,1958,2041,2064,2066
2047,2054,2051,2029,2004,2032,2053,2080
2055,2051,2042,2031,1973,2035,2057,2095
2061,2052,2046,2027,1944,2047,2049,2085
2051,2043,2047,2040,1866,2056,2051,2088
2045,2049,2053,2063,1972,2082,2061,2087
2051,2056,2060,2093,2146,2111,2061,2077
2050,2044,2062,2097,2160,2105,2052,2068
2042,2041,2066,2099,2150,2093,2057,2059
2034,2038,2069,2096,2081,2077,2049,2066
2043,2042,2068,2088,2000,2044,2041,2066
2058,2040,2049,2058,1941,2011,2026,2046
2034,2039,2030,2031,1879,1984,2036,2028
2026,2030,2022,2013,1809,1992,2045,2033
2033,2031,2025,2023,1855,2045,2052,2041
2046,2033,2020,2051,1936,2102,2051,2038
2052,2034,2017,2084,2056,2130,2052,2028
2055,2048,2031,2088,2106,2103,2054,2037
2048,2057,2054,2101,2161,2056,2019,2036
2044,2047,2055,2096,2168,2022,2044,2036
2040,2038,2050,2088,2225,1986,2044,2043
2047,2035,2056,2086,2194,1996,2058,2056
2066,2055,2074,2081,2069,2000,2042,2046
2058,2044,2074,2064,1947,1989,2029,2030
2035,2023,2066,2078,2067,2005,2025,2026
2032,2019,2066,2076,2152,2020,2051,2047
2055,2034,2078,2060,2158,2022,2060,2071
2065,2044,2088,2070,2076,2010,2040,2056
2053,2049,2085,2067,2076,2000,2035,2045
2039,2044,2066,2068,2099,2020,2044,2062
2051,2042,2064,2054,2073,2040,2017,2047
2020,2023,2038,2032,1912,2080,2047,2054
2021,2022,2035,2069,1992,2146,2053,2081
2049,2046,2064,2087,2061,2154,2068,2095
2061,2068,2074,2053,1935,2116,2053,2085
2045,2062,2056,2030,1974,2091,2032,2075
2038,2051,2041,2039,2128,2091,2035,2078
2039,2045,2040,2048,2302,2075,2038,2080
2036,2039,2037,2065,2377,2070,2039,2077
2038,2039,2037,2040,2238,2040,2039,2069
2030,2039,2034,1999,2039,2018,2027,2048
2023,2036,2033,2013,2044,2042,2031,2055
2035,2045,2041,2027,2101,2050,2008,2038
2027,2043,2044,1999,1990,2018,1991,2038
2031,2040,2035,1971,1887,1983,1993,2034
2035,2047,2045,1978,1951,1964,2014,2036
2039,2060,2055,1994,1971,1976,2024,2028
2040,2065,2060,2041,2049,2035,2041,2026
2039,2062,2057,2070,2110,2057,2055,2023
2038,2058,2056,2068,2106,2032,2033,2013
2038,2052,2058,2061,2084,2036,2047,2006
2021,2045,2051,2050,2063,2037,2038,1983
2008,2029,2042,2034,2042,2028,2013,1996
2020,2031,2046,2038,2030,2023,2028,2016
2044,2051,2058,2043,2015,2037,2040,2024
2043,2056,2052,2049,1998,2054,2061,2031
2039,2051,2050,2057,2038,2057,2064,2035
2051,2055,2049,2066,2044,2055,2069,2037
2045,2048,2056,2070,2047,2060,2048,2043
2048,2054,2056,2063,2040,2080,2071,2046
2052,2048,2055,2074,2100,2108,2063,2049
2040,2047,2049,2080,2154,2095,2057,2052
2050,2039,2040,2085,2284,2082,2045,2053
2043,2036,2039,2091,2344,2094,2046,2069
2053,2041,2045,2101,2313,2104,2046,2077
2054,2032,2042,2086,2260,2103,2058,2083
2041,2031,2030,2068,2225,2095,2037,2079
2044,2028,2026,2014,2026,2052,2043,2074
2034,2009,2024,1982,1899,2038,2039,2086
2045,2009,2032,1969,1811,2017,2023,2090
2067,2019,2050,1971,1692,1927,2022,2088
2065,2025,2058,2004,1729,1904,2023,2068
2039,2025,2054,2004,1750,1920,2029,2038
2021,2012,2040,2003,1867,1954,2032,2035
2015,2014,2052,2030,1983,2006,2049,2048
2030,2042,2061,2047,2006,2000,2051,2045
2043,2050,2056,2045,2051,2004,2046,2043
2058,2070,2058,2063,2136,2022,2054,2053
2076,2092,2072,2072,2124,2020,2045,2039
2068,2085,2066,2025,1904,1993,2027,2024
2052,2064,2060,2018,1848,1992,2018,2007
2048,2055,2060,2038,1962,2022,2011,2002
2048,2047,2049,2049,2099,2053,2016,1995
2042,2039,2047,2058,2132,2071,2013,2005
2040,2032,2044,2060,2105,2080,2018,1995
2042,2034,2039,2057,2096,2064,2038,2005
2052,2043,2051,2056,2083,2041,2028,1997
2038,2041,2052,2057,2067,2018,2045,2001
2034,2044,2051,2055,2080,1970,2045,2011
2029,2045,2051,2054,2103,1963,2038,2017
2035,2050,2047,2063,2116,1998,2049,2027
2039,2051,2052,2063,2123,2054,2054,2021
2046,2053,2053,2053,2033,2114,2071,2026
2046,2057,2048,2026,1887,2139,2070,2032
2050,2060,2049,2040,1925,2165,2066,2033
2056,2059,2049,2040,1964,2172,2043,2045
2060,2056,2054,2040,1981,2169,2063,2065
2053,2058,2062,2068,2066,2140,2069,2087
2058,2070,2072,2094,2161,2088,2056,2095
2065,2067,2071,2091,2144,1974,2034,2087
2044,2046,2049,2066,2108,1919,2016,2080
2036,2043,2044,2058,2092,1968,2018,2074
2052,2061,2062,2070,2094,2047,2033,2056
2050,2048,2050,2064,2096,2088,2029,2044
2038,2043,2043,2059,2062,2075,2036,2040
2028,2047,2043,2054,2019,2055,2012,2048
2034,2046,2057,2056,2034,2064,2023,2050
2042,2047,2053,2069,2087,2062,2044,2041
2041,2049,2058,2069,2104,2072,2044,2044
2042,2051,2044,2066,2085,2050,2036,2037
2050,2052,2048,2066,2080,2044,2038,2029
2045,2045,2046,2058,2046,2036,2024,2017
2043,2044,2040,2049,2053,2030,2041,2028
2040,2048,2037,2053,2066,2040,2034,2021
2040,2029,2036,2050,2058,2021,2050,2009
2034,2028,2032,2045,2048,2005,2041,1996
2021,2020,2019,2031,2048,2005,2031,1984
2012,2021,2022,2042,2072,2027,2047,2003
2038,2032,2036,2076,2139,2063,2052,2036
2056,2028,2033,2078,2117,2074,2043,2034
2063,2033,2031,2075,2098,2076,2055,2019
2055,2031,2031,2072,2064,2072,2058,2021
2045,2026,2028,2061,2047,2080,2050,2029
2044,2029,2035,2066,2064,2087,2048,2027
2051,2048,2043,2083,2085,2079,2059,2042
2056,2058,2043,2086,2099,2038,2070,2036
2052,2042,2030,2085,2081,2028,2060,2041
2036,2028,2026,2080,2069,2062,2063,2048
2026,2022,2031,2074,2044,2095,2061,2055
2035,2025,2038,2075,2043,2088,2044,2046
2028,2023,2047,2078,2046,2068,2032,2051
2038,2033,2051,2076,2044,2047,2030,2058
2035,2032,2053,2073,2047,2024,2017,2054
2033,2030,2047,2073,2043,2021,2024,2056
2031,2043,2060,2083,2048,2020,2017,2052
2036,2048,2054,2077,2040,2011,2022,2060
2037,2045,2048,2078,2043,2025,2023,2056
2038,2045,2044,2081,2049,2043,2025,2048
2042,2048,2039,2082,2058,2053,2029,2052
2056,2060,2044,2088,2067,2057,2049,2041
2066,2063,2049,2088,2066,2063,2040,2042
2072,2056,2041,2078,2054,2063,2023,2032
2065,2050,2028,2050,2040,2066,2043,2017
2053,2029,2016,2037,2030,2060,2037,2011
2034,2029,2018,2041,2045,2061,2048,2019
2037,2034,2031,2052,2051,2064,2044,2022
2022,2040,2022,2048,2052,2062,2041,2014
2020,2041,2025,2056,2061,2062,2040,2014
2035,2044,2024,2054,2062,2055,2027,2012
2032,2039,2028,2059,2059,2062,2032,2011
2043,2055,2042,2068,2072,2063,2043,2021
2049,2056,2050,2069,2067,2059,2039,2020
2048,2056,2048,2065,2060,2059,2047,2015
2047,2051,2037,2059,2059,2042,2031,2018
2043,2048,2031,2053,2048,2014,2031,2019
2032,2046,2035,2037,2034,2016,2023,2015
2027,2043,2042,2036,2031,2025,2022,2028
2035,2053,2055,2047,2032,2035,2032,2042
2042,2060,2067,2058,2049,2040,2054,2055
2055,2066,2072,2062,2059,2068,2066,2067
2058,2065,2062,2068,2080,2110,2070,2077
2053,2061,2059,2071,2076,2127,2079,2084
2055,2060,2048,2056,2072,2116,2059,2077
2038,2048,2036,2052,2061,2106,2038,2069
2033,2040,2029,2039,2056,2093,2041,2062
2033,2030,2023,2043,2060,2099,2018,2058
2035,2038,2026,2050,2073,2107,2031,2054
2039,2040,2024,2041,2070,2071,2018,2049
2036,2034,2027,2036,2054,2035,2015,2046
2038,2039,2022,2035,2052,2019,2011,2041
2037,2042,2036,2045,2047,2010,2023,2042
2048,2052,2054,2056,2054,2020,2030,2035
2053,2061,2064,2064,2063,2014,2031,2032
2051,2060,2053,2058,2056,2013,2028,2029
2051,2054,2039,2052,2042,2003,2017,2020
2042,2044,2041,2051,2033,2014,2008,2014
2044,2037,2032,2056,2033,2023,1998,2009
2038,2040,2027,2051,2028,2027,2002,2008
2040,2037,2021,2058,2038,2041,2008,2007
2037,2044,2029,2061,2050,2064,2056,2015
2036,2042,2026,2062,2048,2070,2046,2010
2037,2050,2036,2067,2054,2073,2062,2014
2047,2065,2050,2076,2068,2087,2071,2024
2057,2078,2053,2079,2076,2092,2093,2031
2062,2070,2046,2077,2077,2063,2082,2031
2059,2068,2030,2066,2075,2043,2074,2034
2051,2058,2017,2049,2060,2055,2073,2028
2040,2046,2006,2037,2052,2060,2059,2025
2039,2044,2025,2044,2050,2061,2062,2034
2036,2052,2049,2062,2058,2091,2070,2045
2048,2057,2059,2073,2069,2093,2085,2053
2051,2054,2062,2072,2064,2090,2082,2056
2045,2050,2061,2077,2071,2100,2093,2064
2043,2045,2059,2075,2060,2096,2082,2070
2046,2048,2063,2075,2062,2063,2070,2078
2042,2047,2075,2076,2064,2023,2056,2067
2045,2041,2074,2078,2056,1997,2039,2061
2033,2038,2067,2071,2051,1999,2039,2053
2033,2047,2078,2073,2055,2017,2045,2057
2034,2049,2070,2064,2057,2040,2042,2057
2031,2048,2072,2061,2055,2031,2046,2064
2031,2051,2074,2064,2045,1992,2032,2051
2039,2053,2075,2057,2038,1991,2021,2052
2044,2057,2069,2057,2043,2014,2028,2054
2057,2055,2073,2056,2055,2037,2030,2051
2055,2063,2068,2052,2062,2045,2040,2043
2055,2062,2063,2050,2059,2051,2038,2037
2058,2055,2055,2040,2063,2057,2039,2025
2050,2052,2048,2046,2064,2059,2039,2023
2053,2050,2048,2050,2054,2049,2037,2022
2052,2045,2051,2051,2044,2043,2039,2016
2050,2044,2050,2054,2048,2041,2045,2013
2045,2037,2036,2050,2046,2036,2016,1999
2037,2027,2037,2044,2038,2041,2003,2000
2032,2028,2037,2039,2028,2053,2006,2005
2044,2037,2038,2040,2001,2036,2010,2012
2045,2039,2045,2042,2000,2036,2021,2010
2038,2041,2050,2043,2002,2037,2019,2014
2042,2036,2038,2037,1999,2032,2026,2021
2046,2039,2049,2050,2031,2038,2046,2034
2061,2045,2048,2062,2048,2070,2047,2039
2056,2033,2040,2053,2042,2077,2060,2034
2041,2022,2033,2050,2059,2057,2067,2042
2030,2023,2033,2054,2081,2037,2073,2052
2030,2028,2032,2061,2087,2024,2049,2061
2038,2029,2034,2056,2085,2038,2026,2071
2043,2036,2024,2060,2086,2052,2026,2068
2038,2034,2024,2050,2072,2058,2051,2070
2037,2038,2021,2040,2063,2056,2041,2079
2041,2036,2017,2036,2070,2050,2052,2075
2035,2041,2024,2046,2072,2045,2033,2057
2035,2044,2027,2040,2064,2061,2017,2052
2031,2038,2014,2019,2054,2046,2010,2045
2025,2025,2006,2011,2047,2035,2015,2035
2032,2026,2008,2012,2040,2036,2031,2044
2042,2047,2032,2025,2047,2045,2031,2037
2048,2057,2048,2034,2063,2069,2042,2041
2052,2066,2049,2044,2073,2088,2038,2034
2052,2064,2046,2051,2074,2093,2027,2019
2044,2056,2047,2046,2060,2089,2047,2008
2040,2065,2052,2048,2061,2096,2040,2008
2037,2064,2059,2054,2064,2148,2054,2015
2041,2070,2057,2056,2069,2131,2028,2016
2046,2066,2056,2054,2056,2012,2020,2008
2041,2067,2048,2048,2030,1931,2017,1999
2032,2049,2033,2041,2021,1977,2017,2000
2035,2042,2043,2039,2032,2026,2040,2001
2046,2057,2050,2043,2039,2045,2061,2011
2043,2056,2050,2047,2042,2056,2076,2014
2041,2060,2057,2043,2030,2059,2072,2016
2042,2055,2059,2046,2024,2060,2070,2016
2041,2054,2061,2046,2031,2075,2085,2034
2054,2053,2060,2050,2034,2069,2070,2030
2048,2048,2063,2042,2039,2073,2063,2029
2050,2058,2069,2055,2058,2066,2060,2050
2051,2064,2072,2061,2071,2046,2067,2053
2053,2064,2064,2055,2068,1983,2055,2052
2056,2055,2057,2057,2070,1964,2051,2057
2051,2060,2053,2053,2065,1984,2066,2057
2050,2056,2050,2045,2058,2016,2068,2064
2050,2054,2050,2044,2060,2031,2055,2059
2034,2043,2038,2033,2053,2025,2057,2050
2029,2037,2038,2035,2047,2044,2059,2057
2032,2048,2050,2039,2050,2061,2044,2053
2034,2050,2051,2046,2060,2093,2061,2058
2040,2052,2051,2052,2058,2118,2076,2048
2038,2052,2047,2046,2054,2152,2064,2047
2038,2053,2049,2044,2058,2130,2044,2045
2041,2057,2047,2041,2053,2051,2043,2040
2039,2063,2046,2043,2052,2038,2053,2028
2044,2056,2046,2041,2050,2050,2047,2027
2037,2056,2050,2041,2048,2046,2054,2022
2034,2053,2045,2040,2060,2026,2055,2019
2037,2052,2046,2042,2047,2026,2041,2017
2033,2048,2040,2034,2043,2020,2030,2008
2043,2044,2039,2040,2048,2017,2044,2013
2044,2049,2032,2041,2056,2023,2040,2007
2033,2040,2026,2037,2049,2024,2036,2009
2038,2032,2027,2037,2052,2044,2051,2017
2045,2047,2034,2045,2058,2040,2041,2013
2037,2045,2030,2045,2057,2035,2044,2021
2042,2047,2037,2042,2047,2045,2022,2020
2040,2046,2038,2038,2053,2038,2035,2022
2043,2039,2039,2042,2049,2051,2042,2026
2041,2042,2030,2038,2055,2067,2034,2034
2041,2041,2030,2040,2045,2078,2073,2030
2041,2046,2025,2027,2029,2102,2061,2027
2029,2038,2021,2013,1994,2098,2055,2024
2024,2039,2029,2015,1954,2059,2043,2039
2027,2034,2036,2007,1916,2023,2031,2055
2021,2036,2038,2004,1914,1970,2033,2058
2033,2044,2056,2022,1966,1986,2056,2072
2039,2046,2056,2035,2013,2007,2054,2083
2036,2043,2049,2050,2052,2021,2080,2086
2036,2043,2044,2052,2078,2055,2072,2090
2037,2047,2048,2063,2100,2073,2055,2076
2039,2055,2055,2060,2082,2070,2048,2071
2043,2054,2060,2052,2071,2064,2047,2069
2050,2058,2067,2052,2060,2070,2048,2067
2050,2069,2071,2052,2073,2078,2053,2056
2050,2065,2065,2049,2075,2080,2058,2052
2047,2059,2061,2027,2062,2062,2060,2047
2052,2071,2067,2031,2092,2053,2054,2040
2068,2070,2071,2045,2096,2056,2043,2030
2059,2072,2061,2052,2079,2047,2029,2017
2056,2061,2065,2051,2072,2028,2010,2012
2056,2060,2058,2044,2074,2022,1996,2015
2054,2060,2053,2039,2069,2025,2007,2006
2048,2052,2049,2038,2064,2029,2027,2002
2040,2042,2040,2032,2058,2033,2015,1997
2041,2043,2041,2032,2060,2048,2039,2009
2045,2048,2044,2036,2067,2062,2045,2001
2046,2058,2053,2040,2078,2058,2042,2008
2046,2058,2054,2040,2076,2060,2045,2013
2042,2052,2047,2043,2075,2074,2039,2028
2042,2051,2041,2028,2063,2111,2039,2030
2041,2053,2045,2033,2059,2128,2048,2030
2043,2055,2051,2036,2058,2132,2057,2039
2043,2056,2052,2040,2053,2118,2060,2045
2046,2052,2056,2047,2059,2066,2078,2055
2045,2057,2057,2051,2065,2075,2059,2062
2052,2050,2053,2053,2066,2081,2046,2074
2053,2055,2052,2047,2053,2054,2069,2078
2053,2059,2055,2050,2051,2030,2067,2085
2054,2058,2051,2048,2051,2016,2060,2074
2042,2041,2037,2035,2052,2012,2037,2068
2037,2042,2040,2046,2070,2029,2046,2072
2052,2056,2050,2060,2095,2034,2028,2066
2055,2054,2050,2055,2080,2031,2037,2060
2057,2050,2050,2050,2067,2056,2024,2060
2053,2054,2053,2052,2056,2064,2058,2057
2058,2054,2054,2049,2055,2053,2053,2050
2052,2055,2051,2044,2048,2041,2054,2035
2058,2056,2051,2044,2047,2047,2058,2025
2050,2049,2053,2044,2048,2032,2032,2031
2047,2051,2045,2042,2047,2005,2037,2023
2046,2046,2042,2040,2048,1995,2045,2020
2047,2044,2037,2038,2045,2008,2051,2019
2045,2042,2035,2041,2056,2026,2054,2014
2039,2050,2034,2048,2052,2037,2049,2012
2045,2049,2039,2048,2062,2051,2064,2017
2034,2041,2029,2048,2068,2080,2065,2011
2038,2038,2030,2046,2059,2091,2065,2023
2041,2044,2032,2045,2064,2092,2070,2026
2047,2042,2034,2042,2052,2084,2075,2027
2044,2045,2034,2040,2045,2076,2078,2039
2053,2054,2039,2039,2050,2074,2078,2041
2056,2057,2049,2046,2055,2057,2089,2035
2047,2061,2050,2047,2058,2046,2087,2046
2050,2064,2053,2042,2058,2045,2055,2055
2059,2059,2049,2032,2047,2043,2044,2052
2046,2047,2043,2025,2026,2047,2041,2048
2047,2043,2048,2023,2016,2046,2034,2047
2044,2052,2054,2034,2032,2057,2042,2048
2040,2056,2060,2028,2005,2031,2038,2066
2048,2058,2065,2031,1978,1995,2021,2077
2063,2060,2067,2035,2047,2020,2019,2086
2060,2056,2052,2033,2088,2042,2037,2084
2060,2050,2043,2032,2076,2055,2044,2085
2061,2051,2044,2035,2067,2053,2052,2067
2054,2056,2046,2035,2053,2032,2045,2064
2054,2056,2052,2037,2033,2024,2051,2056
2055,2060,2062,2043,2026,2023,2054,2055
2057,2060,2059,2053,2041,2009,2040,2052
2059,2052,2048,2034,1994,1990,2044,2054
2054,2051,2037,2024,2016,2002,2045,2049
2054,2055,2044,2035,2038,2009,2054,2039
2051,2047,2039,2033,2024,2019,2046,2033
2047,2045,2043,2030,2024,2046,2045,2037
2048,2052,2043,2037,2028,2076,2064,2029
2049,2053,2044,2030,2009,2101,2073,2025
2047,2048,2032,2025,1981,2094,2040,2017
2051,2055,2038,2024,1965,2101,2022,2008
2050,2054,2034,2016,1970,2113,2024,2011
2049,2057,2038,2025,2007,2090,2042,2034
2068,2063,2057,2058,2075,2045,2049,2042
2068,2065,2060,2058,2092,1936,2033,2026
2058,2053,2048,2052,2090,1973,2017,2014
2052,2048,2047,2039,2086,2037,2031,2023
2058,2049,2046,2039,2064,2026,2047,2033
2065,2054,2040,2028,2042,2036,2050,2044
2062,2049,2039,2025,2024,2056,2060,2045
2057,2046,2041,2028,2022,2078,2058,2053
2054,2044,2038,2026,2010,2089,2055,2057
2039,2036,2034,2021,2011,2090,2062,2054
2042,2030,2037,2026,2018,2089,2056,2056
2044,2029,2035,2020,2019,2024,2052,2064
2037,2033,2020,2024,2028,1964,2039,2066
2044,2045,2029,2032,2040,1962,2026,2066
2042,2049,2034,2028,2039,1978,2016,2055
2027,2042,2029,2020,2048,2004,2014,2061
2036,2051,2035,2036,2080,2041,2028,2068
2061,2065,2042,2044,2073,2043,2028,2066
2060,2053,2037,2040,2084,2036,2022,2062
2049,2040,2026,2032,2060,2013,2040,2059
2050,2033,2018,2017,1997,2022,2043,2064
2047,2040,2020,2013,1997,2010,2039,2059
2050,2050,2029,2021,2017,2010,2040,2050
2055,2053,2040,2021,2031,1985,2048,2051
2056,2062,2037,2019,2027,1986,2065,2041
2053,2057,2034,2016,2046,2008,2058,2040
2049,2058,2034,2015,2049,2043,2059,2040
2056,2059,2034,2020,2017,2054,2049,2032
2061,2065,2040,2027,2048,2039,2039,2024
2068,2071,2059,2052,2061,2014,2056,2029
2065,2068,2053,2045,2045,1994,2047,2013
2049,2047,2044,2039,2009,2001,2059,2009
2041,2034,2034,2031,1990,2016,2039,2014
2045,2041,2027,2021,2012,2030,2046,2020
2054,2043,2042,2030,2052,2023,2052,2030
2057,2039,2041,2030,2074,2022,2064,2033
2057,2039,2052,2051,2127,2053,2068,2039
2059,2039,2052,2054,2123,2060,2051,2047
2060,2052,2058,2057,2090,2033,2057,2053
2078,2060,2056,2060,2077,2024,2052,2056
2075,2062,2062,2059,2062,2026,2063,2062
2073,2062,2057,2057,2054,2026,2070,2066
2062,2054,2055,2059,2063,2015,2056,2070
2059,2052,2048,2050,2070,2010,2056,2078
2056,2051,2051,2050,2081,2030,2061,2080
2050,2048,2040,2046,2077,2061,2068,2078
2040,2047,2035,2038,2060,2089,2064,2075
2033,2037,2031,2032,2043,2106,2062,2076
2047,2048,2048,2041,2045,2116,2078,2076
2060,2065,2060,2038,2046,2106,2069,2080
2058,2065,2060,2042,2037,2070,2071,2081
2059,2064,2051,2038,2023,2044,2039,2077
2049,2062,2044,2029,2017,2034,2038,2068
2049,2057,2037,2019,2020,2040,2044,2059
2048,2050,2031,2012,2026,2065,2051,2049
2053,2057,2030,2024,2070,2075,2061,2042
2048,2057,2028,2030,2068,2071,2057,2034
2050,2052,2031,2040,2052,2063,2045,2045
2046,2062,2037,2044,2051,2059,2063,2047
2048,2056,2043,2048,2055,2064,2062,2041
2057,2064,2074,2067,2062,2060,2065,2036
2054,2067,2096,2078,2070,2051,2071,2035
2047,2059,2100,2088,2065,2038,2056,2026
2042,2049,2096,2086,2057,2034,2039,2025
2038,2041,2093,2085,2064,2032,2046,2031
2043,2045,2082,2096,2068,2056,2055,2049
2047,2052,2082,2098,2076,2080,2056,2043
2054,2061,2082,2100,2078,2090,2069,2053
2052,2068,2080,2102,2075,2085,2061,2046
2055,2058,2063,2094,2065,2072,2062,2053
2051,2051,2050,2086,2066,2063,2056,2055
2056,2047,2044,2081,2050,2048,2058,2063
2059,2048,2030,2064,2042,2059,2026,2057
2051,2052,2019,2050,2027,2068,2049,2048
2048,2044,2007,2030,2016,2079,2045,2053
2038,2036,1999,2017,2011,2084,2036,2053
2038,2040,2006,2019,2022,2065,2053,2075
2049,2044,2014,2013,2033,2026,2062,2087
2047,2039,2013,1996,2033,2015,2033,2084
2044,2036,2008,1981,2003,2013,2033,2089
2036,2024,2004,1953,1982,2035,2044,2086
2042,2036,2014,1955,1972,2042,2048,2086
2045,2046,2026,1979,1987,2015,2051,2090
2050,2057,2047,2004,2028,2009,2051,2099
2057,2058,2051,2018,2063,2039,2077,2090
2060,2055,2043,2016,2078,2067,2074,2088
2057,2060,2045,2019,2073,2080,2076,2079
2058,2066,2055,2019,2066,2082,2070,2072
2058,2073,2064,2021,2044,2078,2075,2065
2060,2075,2070,2023,2046,2070,2068,2056
2062,2069,2056,2017,2061,2065,2062,2052
2056,2064,2054,2021,2057,2052,2058,2043
2052,2059,2049,2017,2051,2034,2046,2037
2048,2058,2050,2009,2052,2026,2034,2033
2052,2057,2046,2007,2045,2019,2035,2030
2047,2050,2039,1994,2039,2033,2032,2030
2049,2045,2042,2001,2041,2050,2052,2033
2053,2056,2055,2007,2035,2062,2046,2038
2057,2065,2060,2008,2042,2061,2038,2041
2061,2062,2063,2015,2041,2057,2048,2039
2049,2065,2061,2016,2051,2064,2071,2043
2048,2059,2055,2024,2056,2073,2090,2056
2056,2066,2058,2029,2056,2085,2071,2062
2052,2062,2056,2032,2058,2077,2076,2060
2057,2058,2053,2034,2055,2067,2073,2064
2053,2062,2048,2035,2053,2029,2049,2068
2053,2055,2048,2034,2047,2011,2041,2075
2052,2055,2040,2033,2056,2024,2052,2084
2054,2056,2043,2036,2054,2030,2046,2091
2052,2058,2041,2030,2049,2026,2056,2090
2049,2050,2041,2032,2049,2013,2037,2086
2050,2047,2038,2025,2036,2006,2036,2085
2049,2046,2048,2030,2045,2008,2049,2085
2054,2054,2054,2032,2040,2017,2057,2085
2053,2052,2058,2021,2025,2026,2036,2090
2057,2055,2056,2029,2037,2040,2052,2088
2053,2049,2055,2029,2035,2039,2043,2080
2051,2052,2058,2027,2031,2043,2032,2077
2057,2052,2052,2025,2021,2063,2034,2071
2045,2043,2045,2022,2024,2091,2027,2059
2045,2039,2049,2029,2031,2124,2034,2043
2044,2040,2044,2035,2065,2145,2069,2052
2043,2038,2040,2029,2065,2130,2066,2048
2043,2044,2036,2029,2054,2113,2052,2041
2053,2048,2043,2033,2050,2081,2062,2043
2052,2048,2037,2034,2031,2052,2047,2047
2060,2049,2038,2044,2045,2024,2074,2035
2046,2041,2038,2049,2104,2003,2050,2028
2035,2042,2034,2041,2088,2010,2042,2033
2046,2052,2033,2047,2091,2039,2047,2044
2056,2056,2031,2044,2136,2063,2049,2048
2049,2050,2025,2042,2129,2077,2032,2037
2053,2034,2014,2031,2124,2066,2035,2033
2042,2031,2014,2025,2079,2048,2050,2041
2057,2046,2021,2027,1993,2021,2027,2058
2065,2064,2023,2031,1906,1996,2036,2064
2069,2068,2031,2015,1864,1974,2026,2069
2065,2067,2036,2011,1937,2001,2033,2077
2061,2064,2042,2026,2020,2031,2037,2089
2058,2059,2045,2048,2065,2051,2068,2094
2056,2054,2029,2043,2095,2070,2062,2096
2051,2037,2019,2044,2109,2065,2067,2096
2047,2038,2012,2052,2099,2046,2047,2102
2045,2030,2004,2046,2061,2017,2025,2094
2032,2025,2008,2050,2041,2004,2022,2091
2038,2027,2012,2049,2037,2018,2019,2084
2042,2029,2002,2038,2026,2047,2035,2075
2043,2030,2008,2039,2019,2072,2045,2077
2042,2032,2004,2026,1958,2075,2020,2060
2039,2037,2002,2014,1909,2062,2009,2052
2033,2031,1990,2008,1936,2008,2024,2057
2042,2033,1994,2025,2015,1980,2047,2066
2045,2030,1996,2045,2075,2011,2068,2060
2044,2035,2007,2050,2079,2050,2077,2054
2038,2026,2012,2048,2076,2058,2069,2040
2042,2028,2025,2046,2033,2049,2068,2036
2039,2040,2058,2061,2020,2043,2056,2031
2039,2042,2071,2059,2014,2053,2037,2030
2045,2049,2088,2058,2021,2058,2050,2031
2041,2057,2100,2052,2027,2056,2061,2024
2040,2054,2107,2049,2025,2071,2050,2022
2050,2046,2108,2059,2007,2073,2062,2025
2047,2048,2116,2064,1998,2108,2073,2029
2050,2056,2123,2079,2031,2120,2071,2038
2051,2056,2108,2081,2041,2100,2060,2047
2046,2052,2097,2080,2046,2124,2087,2055
2045,2058,2090,2083,2064,2144,2078,2057
2052,2054,2086,2075,2061,2104,2084,2054
2052,2051,2081,2065,2053,2007,2047,2053
2045,2052,2070,2042,2033,1991,2069,2064
2040,2052,2068,2035,2040,1988,2053,2068
2042,2063,2065,2041,2059,1972,2049,2074
2038,2055,2067,2047,2071,1971,2049,2078
2043,2069,2065,2057,2082,1999,2041,2086
2060,2071,2070,2060,2081,2032,2044,2089
2055,2068,2064,2046,2043,2041,2027,2089
2052,2054,2056,2037,1996,2008,2022,2083
2056,2059,2051,2026,1966,1980,2017,2092
2055,2064,2047,2024,1952,1982,2025,2077
2053,2060,2042,2015,1964,1995,2031,2078
2065,2067,2060,2033,2015,2022,2052,2077
2069,2078,2058,2047,2082,2045,2059,2073
2066,2077,2068,2057,2091,2061,2063,2066
2072,2076,2075,2069,2092,2063,2069,2059
2071,2072,2072,2063,2064,2060,2060,2056
2059,2063,2073,2057,2061,2059,2086,2062
2065,2066,2065,2046,2054,2053,2066,2055
2065,2063,2062,2029,2040,2032,2061,2055
2051,2055,2058,2011,2039,2015,2056,2054
2058,2052,2050,2015,2043,2014,2047,2042
2064,2068,2058,2019,2040,2009,2050,2042
2065,2069,2057,2013,2040,2000,2050,2040
2063,2076,2060,2020,2044,2002,2048,2045
2063,2081,2063,2027,2049,2011,2057,2057
2070,2073,2061,2022,2038,2007,2068,2052
2068,2057,2041,2012,2024,2002,2072,2054
2065,2047,2028,2011,2021,2006,2056,2055
2074,2041,2029,2006,1996,2027,2063,2042
2065,2045,2035,2009,1996,2046,2077,2040
2061,2052,2034,2010,1995,2039,2074,2051
2059,2046,2026,2004,1972,2043,2070,2068
2060,2044,2025,2003,1951,2067,2075,2068
2055,2053,2031,2018,1975,2113,2092,2076
2052,2052,2025,2021,2000,2103,2081,2065
2040,2035,2002,2010,2023,2095,2069,2080
2038,2042,2002,2023,2076,2100,2088,2084
2056,2042,2011,2048,2123,2106,2069,2084
2054,2036,2016,2049,2141,2088,2077,2078
2044,2029,2019,2052,2152,2111,2065,2077
2033,2025,2021,2060,2121,2108,2051,2076
2046,2047,2025,2066,2092,2056,2050,2088
2058,2047,2030,2062,2062,2018,2049,2102
2066,2040,2023,2057,2021,1973,2051,2099
2064,2035,2027,2065,2018,1932,2055,2092
2073,2050,2038,2079,2060,1967,2069,2080
2063,2055,2038,2093,2085,2008,2062,2069
2053,2044,2038,2093,2101,2052,2075,2055
2049,2040,2038,2094,2096,2073,2075,2042
2046,2039,2024,2083,2075,2070,2071,2036
2040,2035,2025,2076,2058,2084,2057,2027
2051,2040,2033,2059,2049,2092,2050,2024
2046,2033,2035,2045,2040,2076,2043,2017
2048,2041,2045,2040,2048,2071,2029,2019
2054,2056,2071,2036,2054,2057,2021,2021
2055,2054,2068,2035,2051,2043,2032,2024
2049,2043,2058,2033,2055,2016,2043,2030
2063,2038,2052,2026,2046,2011,2043,2034
2059,2039,2043,2026,2033,2015,2062,2042
2061,2034,2021,2013,2033,2026,2050,2037
2055,2027,2013,2006,2025,2039,2048,2048
2050,2025,2012,1995,2014,2061,2034,2048
2055,2033,2026,2007,2027,2084,2037,2052
2056,2059,2072,2032,2029,2099,2056,2058
2063,2063,2082,2043,2042,2109,2060,2062
2061,2056,2076,2054,2057,2077,2041,2074
2057,2050,2068,2061,2081,2054,2069,2077
2054,2047,2065,2064,2076,2046,2074,2087
2049,2055,2062,2060,2053,2045,2040,2089
2050,2056,2065,2055,2044,2038,2045,2086
2047,2061,2064,2047,2040,2037,2052,2094
2051,2053,2057,2025,2028,2034,2037,2091
2053,2055,2054,2028,2036,2048,2024,2098
2057,2061,2063,2032,2038,2058,2060,2098
2064,2067,2058,2038,2041,2064,2063,2090
2071,2063,2062,2034,2029,2029,2063,2091
2072,2066,2059,2029,2025,2004,2058,2093
2070,2057,2060,2033,2038,2014,2072,2082
2068,2060,2059,2039,2034,2027,2078,2069
2066,2060,2051,2034,2031,2031,2077,2062
2063,2057,2038,2045,2038,2024,2056,2060
2060,2053,2052,2074,2039,2030,2057,2049
2050,2055,2050,2080,2049,2033,2063,2037
2050,2048,2038,2082,2046,2036,2033,2022
2051,2044,2026,2068,2038,2062,2037,2014
2035,2029,2004,2054,2017,2071,2041,2022
2042,2013,1978,2051,2009,2068,2053,2020
2028,2003,1965,2054,2023,2064,2050,2022
2030,2021,1977,2071,2058,2033,2058,2042
2054,2046,1987,2089,2092,2005,2071,2043
2052,2041,1982,2088,2105,2028,2068,2046
2054,2038,1977,2094,2105,2049,2082,2049
2052,2032,1977,2094,2094,2050,2078,2041
2043,2022,1983,2096,2072,2044,2067,2045
2041,2023,1989,2084,2058,2045,2070,2053
2048,2020,1989,2058,2011,2035,2050,2058
2034,2008,1976,2019,2003,2018,2058,2059
2026,2001,1969,2006,2008,2017,2053,2058
2017,2000,1996,2020,2015,2025,2062,2068
2028,2016,2013,2028,2029,2038,2065,2086
2042,2032,2037,2046,2024,2039,2044,2101
2051,2038,2051,2049,2024,2041,2056,2107
2048,2037,2052,2055,2029,2025,2048,2101
2052,2023,2052,2040,2009,2010,2037,2090
2042,2014,2052,2026,2009,2013,2030,2082
2057,2043,2069,2036,2042,2032,2020,2086
2056,2043,2066,2033,2046,2034,2025,2078
2052,2044,2054,2020,2031,2032,2030,2069
2039,2035,2045,2000,2024,2032,2061,2064
2034,2029,2040,1997,2023,2030,2047,2066
2039,2046,2058,2005,2033,2038,2067,2074
2055,2077,2094,2022,2036,2049,2062,2073
2068,2094,2112,2044,2054,2055,2065,2074
2074,2084,2106,2052,2057,2067,2069,2064
2071,2066,2073,2037,2052,2059,2048,2049
2057,2040,2044,2019,2036,2052,2057,2042
2046,2038,2046,2020,2037,2051,2045,2039
2046,2060,2066,2035,2038,2047,2041,2032
2054,2067,2081,2044,2038,2045,2040,2026
2050,2062,2076,2036,2025,2039,2046,2031
2043,2060,2069,2038,2032,2044,2050,2036
2052,2067,2080,2050,2050,2057,2056,2038
2064,2081,2088,2061,2055,2056,2048,2039
2056,2071,2079,2062,2056,2055,2060,2034
2061,2068,2066,2057,2054,2053,2072,2035
2052,2049,2042,2046,2050,2047,2052,2036
2048,2034,2026,2038,2052,2050,2061,2036
2048,2024,2016,2028,2046,2041,2046,2045
2039,2015,2005,2027,2040,2033,2058,2040
2035,2006,2007,2020,2030,2034,2048,2051
2041,2009,2018,2038,2037,2039,2059,2062
2045,2019,2034,2059,2050,2040,2052,2075
2050,2016,2032,2068,2053,2043,2056,2082
2056,2005,2023,2075,2057,2056,2055,2092
2058,1999,2012,2071,2058,2053,2071,2093
2048,1984,1999,2067,2047,2049,2059,2088
2038,1973,1985,2066,2042,2035,2045,2075
2024,1958,1974,2074,2036,2029,2051,2076
2016,1980,1985,2085,2041,2040,2067,2089
2029,1990,1985,2089,2035,2043,2048,2076
2036,1988,1975,2073,2034,2038,2048,2061
2024,1976,1960,2057,2030,2036,2047,2046
2026,1983,1961,2048,2031,2043,2049,2039
2034,2000,1974,2045,2013,2046,2059,2037
2040,2001,1969,2023,2011,2043,2053,2039
2041,2012,1962,2018,1999,2038,2052,2056
2047,2035,2001,2041,2006,2039,2045,2059
2050,2032,2036,2051,1997,2031,2036,2044
2034,2029,2035,2050,1994,2027,2033,2043
2037,2030,2023,2032,1989,2034,2037,2027
2037,2034,2009,2025,2012,2033,2048,2021
2041,2041,2008,2031,2029,2034,2046,2024
2046,2038,2014,2024,2010,2020,2046,2024
2053,2050,2019,2006,2011,2032,2036,2039
2071,2076,2072,2018,2050,2067,2074,2047
2079,2091,2115,2037,2056,2082,2081,2046
2074,2108,2169,2067,2072,2096,2074,2056
2078,2121,2199,2080,2076,2086,2068,2057
2081,2123,2196,2084,2078,2080,2073,2063
2081,2130,2186,2090,2074,2083,2055,2068
2083,2122,2156,2080,2077,2081,2069,2072
2071,2109,2134,2070,2086,2084,2067,2081
2076,2101,2106,2055,2077,2087,2072,2084
2077,2095,2084,2044,2086,2087,2063,2093
2079,2080,2068,2034,2080,2076,2060,2096
2063,2064,2050,2032,2063,2066,2058,2098
2061,2056,2034,2033,2062,2062,2062,2097
2053,2048,2014,2038,2064,2064,2074,2081
2034,2031,2008,2042,2058,2055,2062,2074
2041,2032,2017,2054,2068,2055,2034,2091
2059,2057,2039,2066,2070,2064,2080,2090
2064,2070,2032,2068,2059,2060,2068,2077
2050,2065,2010,2060,2054,2056,2063,2060
2039,2054,1998,2048,2046,2050,2046,2062
2050,2045,1996,2048,2043,2045,2043,2060
2055,2048,2002,2058,2030,2045,2046,2058
2058,2053,2006,2045,2022,2036,2046,2051
2062,2057,2016,2036,2011,2027,2028,2035
2060,2058,2015,2035,2009,2024,2040,2032
2050,2047,2017,2029,2015,2024,2027,2030
2030,2045,2025,2025,2016,2028,2034,2035
2038,2056,2057,2031,2024,2039,2047,2041
2049,2072,2095,2046,2036,2051,2058,2052
2061,2088,2134,2040,2041,2064,2075,2056
2067,2088,2162,2038,2037,2064,2068,2041
2058,2089,2179,2042,2035,2074,2070,2048
2066,2101,2172,2051,2044,2081,2065,2054
2073,2105,2155,2054,2059,2076,2069,2053
2074,2099,2139,2064,2064,2081,2070,2058
2074,2091,2127,2069,2066,2087,2073,2058
2080,2097,2118,2069,2071,2090,2077,2062
2085,2096,2107,2064,2073,2075,2062,2066
2077,2082,2087,2062,2063,2069,2064,2063
2070,2072,2077,2061,2064,2060,2036,2065
2067,2064,2066,2062,2061,2060,2048,2072
2072,2061,2065,2070,2061,2045,2040,2078
2071,2054,2061,2071,2057,2030,2037,2081
2056,2044,2058,2074,2051,2041,2037,2078
2041,2046,2070,2085,2056,2057,2052,2083
2032,2043,2061,2091,2052,2065,2042,2087
2043,2025,2047,2084,2043,2048,2020,2083
2044,2024,2035,2087,2039,2045,2005,2088
2050,2043,2048,2101,2053,2054,2026,2085
2057,2061,2058,2115,2064,2066,2037,2077
2057,2059,2051,2111,2062,2055,2065,2074
2051,2054,2040,2105,2056,2036,2045,2068
2047,2048,2062,2116,2051,2017,2021,2062
2047,2052,2083,2110,2040,2027,2029,2054
2050,2036,2070,2088,2026,2022,2043,2044
2055,2044,2071,2083,2025,2023,2044,2045
2060,2066,2073,2072,2027,2037,2028,2048
2056,2074,2064,2049,2019,2058,2040,2042
2056,2076,2052,2048,2027,2071,2048,2036
2064,2086,2058,2064,2038,2085,2045,2034
2066,2078,2067,2071,2044,2090,2049,2026
2073,2072,2049,2068,2045,2061,2012,2026
2056,2046,2030,2069,2029,1980,2009,2008
2044,2017,2012,2066,2028,1978,2001,2005
2037,2017,1999,2093,2028,2012,2021,2005
2034,2023,1987,2085,2014,2022,2022,2014
2036,2016,1968,2075,1981,2028,2026,2018
2036,1988,1950,2049,1961,2011,2007,2012
2037,1975,1920,2025,1953,1999,2019,2013
2034,1992,1899,2012,1974,2022,2013,2013
2035,1994,1894,2026,2018,2025,2042,2016
2024,1988,1893,2029,2066,2026,2040,2037
2021,1984,1888,2030,2094,2046,2041,2046
2016,1972,1892,2018,2070,2058,2029,2049
2014,1987,1946,2005,2063,2060,2043,2062
2025,2024,2021,2012,2064,2060,2044,2069
2036,2034,2060,1995,2059,2046,2043,2074
2034,2025,2051,1983,2060,2044,2047,2076
2033,2002,2036,1982,2051,2035,2057,2080
2027,2000,2032,1977,2052,2032,2044,2083
2036,2018,2065,2002,2063,2034,2048,2092
2042,2021,2079,2005,2060,2034,2054,2085
2040,2029,2093,2015,2053,2033,2054,2089
2052,2023,2085,2024,2047,2027,2059,2093
2067,2026,2073,2034,2047,2014,2056,2092
2068,2039,2090,2041,2050,2008,2053,2085
2068,2044,2093,2049,2053,2010,2067,2067
2070,2041,2087,2050,2053,2030,2070,2058
2076,2043,2079,2051,2062,2039,2071,2051
2065,2032,2069,2053,2061,2041,2082,2057
2066,2042,2066,2044,2061,2046,2066,2049
2070,2050,2068,2046,2046,2036,2053,2039
2062,2055,2054,2050,2048,2044,2044,2027
2055,2050,2056,2056,2054,2092,2055,2017
2055,2039,2065,2056,2046,2148,2057,2019
2068,2044,2075,2075,2051,2207,2034,2012
2060,2057,2088,2088,2045,2200,2052,2024
2060,2053,2093,2104,2057,2093,2035,2033
2060,2065,2089,2114,2053,1944,2013,2032
2064,2080,2085,2124,2055,1936,2019,2037
2071,2082,2073,2136,2062,1988,2052,2048
2074,2083,2047,2136,2083,2050,2060,2047
2074,2070,2024,2112,2055,2098,2053,2039
2065,2059,1993,2096,2025,2103,2056,2040
2065,2059,1984,2076,2007,2105,2045,2036
2060,2049,1966,2061,1994,2098,2038,2041
2055,2043,1954,2049,2013,2049,2064,2062
2063,2044,1956,2052,2064,2043,2059,2082
2060,2043,1961,2023,2076,2043,2050,2083
2052,2030,1969,1994,2069,2026,2049,2085
2046,2031,1997,1990,2065,2019,2053,2088
2043,2032,2019,1975,2043,2012,2038,2092
2039,2049,2047,1983,2026,2022,2053,2109
2061,2068,2080,1990,2039,2036,2052,2104
2070,2076,2095,1997,2032,2040,2051,2105
2068,2075,2096,2004,2038,2055,2040,2088
2069,2083,2103,2029,2055,2060,2061,2084
2074,2076,2096,2029,2049,2052,2044,2080
2069,2058,2086,2030,2042,2044,2053,2066
2073,2071,2092,2038,2045,2040,2035,2051
2071,2070,2080,2043,2039,2040,2042,2040
2066,2072,2078,2053,2049,2040,2019,2045
2065,2084,2081,2060,2046,2031,2024,2044
2055,2068,2062,2060,2036,2026,2030,2034
2044,2063,2076,2079,2047,2043,2041,2039
2048,2074,2101,2095,2059,2056,2044,2036
2057,2086,2106,2108,2070,2053,2047,2034
2072,2089,2100,2120,2077,2042,2055,2040
2065,2081,2082,2122,2076,2039,2063,2041
2069,2075,2067,2119,2079,2029,2050,2031
2068,2068,2056,2115,2073,2022,2046,2039
2064,2064,2036,2117,2082,2030,2052,2043
2058,2060,2028,2119,2081,2042,2048,2040
2064,2054,2015,2100,2039,2051,2056,2052
2063,2052,2015,2096,1992,2035,2062,2052
2063,2054,2017,2080,1961,2020,2015,2055
2057,2049,2013,2060,1952,2003,2006,2059
2057,2042,2018,2045,1952,1987,2014,2057
2057,2050,2023,2038,1997,2009,2030,2057
2051,2053,2030,2032,2047,2056,2027,2053
2049,2052,2045,2013,2057,2088,2039,2058
2039,2042,2043,1970,2029,2097,2023,2060
2025,2035,2027,1951,2023,2054,2026,2077
2037,2039,2041,1970,2063,1999,2028,2093
2050,2057,2063,1995,2086,2018,2064,2101
2060,2065,2092,2012,2082,2043,2066,2104
2074,2078,2095,2024,2073,2054,2066,2098
2070,2085,2105,2040,2068,2059,2050,2092
2070,2086,2104,2044,2039,2060,2034,2071
2074,2075,2100,2043,2019,2050,2046,2059
2069,2077,2101,2041,2018,2049,2060,2045
2065,2070,2100,2037,2026,2041,2047,2049
2052,2069,2101,2040,2024,2037,2058,2044
2056,2086,2106,2048,2036,2050,2038,2046
2059,2084,2104,2064,2052,2055,2050,2040
2064,2075,2086,2064,2063,2053,2045,2037
2061,2075,2093,2076,2067,2062,2068,2036
2064,2077,2089,2080,2060,2069,2074,2035
2057,2061,2066,2058,2033,2057,2068,2032
2050,2053,2034,2037,2042,2049,2046,2014
2034,2030,2018,2029,2046,2049,2032,2022
2040,2040,2027,2036,2059,2053,2032,2037
2048,2055,2040,2041,2078,2069,2040,2041
2050,2061,2046,2044,2099,2068,2057,2039
2060,2061,2057,2046,2137,2084,2064,2039
2060,2070,2059,2049,2175,2080,2056,2043
2063,2068,2066,2056,2209,2076,2053,2042
2066,2063,2055,2062,2212,2077,2062,2040
2055,2064,2056,2062,2194,2076,2050,2041
2050,2064,2061,2051,2170,2074,2047,2057
2063,2069,2058,2042,2136,2067,2053,2058
2060,2058,2050,2035,2090,2061,2064,2070
2050,2058,2046,2032,2036,2059,2046,2072
2048,2055,2044,2029,1932,2043,2063,2069
2040,2046,2039,2026,1917,2028,2044,2066
2041,2045,2032,2040,1963,2040,2039,2078
2047,2043,2040,2049,1996,2045,2043,2082
2044,2043,2038,2044,2015,2038,2032,2088
2049,2039,2040,2054,2016,2038,2023,2085
2053,2047,2052,2056,1995,2035,2036,2075
2048,2055,2048,2043,1976,2028,2037,2066
2054,2045,2050,2038,1969,2037,2028,2055
2043,2039,2046,2027,1965,2047,2039,2045
2041,2035,2039,2027,1968,2070,2041,2052
2045,2049,2045,2041,2013,2094,2041,2050
2050,2051,2042,2055,2053,2086,2066,2062
2052,2052,2040,2065,2084,2075,2068,2054
2054,2053,2032,2057,2082,2080,2065,2057
2063,2044,2029,2052,2036,2069,2057,2047
2058,2036,2028,2048,2035,2064,2058,2037
2051,2038,2030,2052,2042,2072,2044,2032
2051,2026,2016,2037,2024,2094,2042,2026
2046,2021,2002,2022,1994,2092,2051,2024
2043,2010,1989,2018,1962,2045,2034,2031
2050,2016,1995,2026,1928,2012,2025,2036
2053,2026,1996,2028,1936,1987,2023,2049
2065,2030,1994,2035,1985,2010,2039,2049
2065,2029,1988,2049,2025,2047,2061,2047
2066,2025,1984,2034,2025,2062,2054,2043
2054,2026,1984,2031,2089,2094,2058,2041
2044,2036,2019,2038,2133,2106,2059,2041
2044,2062,2040,2034,2094,2129,2051,2053
2046,2073,2045,2013,1988,2108,2044,2054
2050,2062,2046,1980,1909,2087,2048,2053
2046,2046,2042,1966,1890,2074,2034,2048
2042,2046,2051,1973,1866,2023,2030,2060
2042,2061,2076,2008,1902,1944,2043,2085
2058,2084,2101,2060,2026,1968,2060,2106
2063,2079,2093,2069,2070,2018,2061,2103
2060,2070,2086,2047,2043,2054,2042,2100
2049,2055,2077,2032,2006,2051,2032,2087
2042,2053,2080,2042,2007,2064,2038,2089
2045,2061,2093,2052,2048,2060,2059,2087
2046,2057,2090,2060,2089,2017,2044,2093
2044,2054,2068,2062,2087,2006,2029,2093
2043,2049,2056,2053,2083,2001,2034,2085
2042,2050,2063,2056,2103,2018,2055,2070
2048,2066,2070,2063,2117,2046,2053,2069
2046,2064,2074,2068,2119,2057,2048,2062
2050,2068,2073,2077,2144,2074,2050,2066
2049,2067,2065,2083,2168,2089,2058,2068
2049,2065,2056,2078,2167,2099,2060,2061
2053,2047,2044,2067,2158,2090,2054,2051
2046,2037,2031,2053,2127,2071,2046,2045
2039,2021,2019,2046,2082,2060,2045,2035
2027,2010,2013,2027,2023,2058,2035,2015
2025,2028,2030,2027,1938,2051,2037,2014
2032,2043,2049,2045,1938,2059,2029,2018
2031,2042,2052,2057,2013,2058,2043,2020
2029,2052,2054,2073,2065,2037,2040,2022
2037,2055,2061,2079,2080,2020,2055,2036
2058,2067,2075,2079,2065,2021,2055,2046
2070,2076,2074,2084,2080,2028,2046,2061
2061,2071,2064,2080,2080,2039,2060,2054
2052,2065,2052,2072,2071,2060,2051,2050
2049,2054,2042,2081,2080,2070,2056,2046
2044,2051,2046,2097,2083,2075,2060,2054
2051,2044,2053,2103,2068,2066,2050,2058
2044,2045,2056,2108,2057,2053,2048,2064
2047,2043,2063,2106,2050,2038,2055,2073
2056,2050,2069,2103,2048,2032,2053,2084
2054,2049,2068,2107,2057,2035,2044,2085
2054,2044,2062,2105,2080,2045,2041,2090
2054,2050,2061,2107,2081,2044,2035,2089
2049,2039,2048,2085,2063,2045,2036,2082
2042,2035,2035,2084,2068,2053,2061,2079
2047,2046,2046,2075,2067,2055,2052,2070
2042,2043,2040,2061,2062,2058,2047,2074
2027,2039,2020,2046,2044,2055,2040,2073
2024,2029,2005,2019,2031,2046,2028,2065
2025,2018,1984,1981,2012,2036,2050,2065
2028,2021,2002,1982,2005,2038,2058,2065
2037,2046,2062,2007,2011,2046,2061,2069
2046,2072,2086,2018,2025,2051,2052,2064
2065,2077,2075,2016,2037,2057,2063,2066
2064,2070,2046,2015,2036,2063,2067,2055
2055,2059,2035,2026,2038,2070,2070,2047
2058,2063,2031,2035,2043,2072,2061,2045
2053,2050,2012,2040,2040,2070,2063,2046
2046,2048,2000,2039,2046,2069,2069,2038
2049,2042,1998,2043,2040,2057,2059,2033
2041,2040,2005,2038,2034,2059,2052,2035
2040,2041,2016,2039,2040,2057,2064,2043
2050,2050,2009,2025,2034,2054,2060,2045
2044,2039,2001,2005,2035,2041,2049,2051
2052,2048,2014,2006,2034,2027,2065,2053
2054,2053,2029,2020,2038,2032,2034,2039
2048,2060,2050,2031,2038,2034,2023,2046
2051,2065,2067,2043,2037,2049,2055,2054
2057,2061,2074,2038,2031,2069,2066,2051
2045,2053,2070,2033,2024,2074,2049,2049
2039,2053,2078,2027,2018,2074,2046,2060
2042,2066,2077,2025,1998,2066,2051,2073
2051,2072,2085,2033,1977,2015,2047,2095
2057,2069,2086,2046,1988,1972,2052,2103
2053,2062,2077,2045,1984,1980,2050,2104
2048,2055,2064,2027,1974,2008,2043,2084
2038,2034,2045,2015,1983,2018,2047,2097
2043,2028,2048,2030,2003,2034,2041,2105
2041,2037,2055,2042,2021,2043,2044,2110
2047,2043,2058,2053,2038,2060,2053,2107
2053,2058,2071,2065,2065,2064,2062,2103
2054,2061,2063,2060,2062,2064,2066,2100
2055,2056,2061,2052,2064,2056,2043,2092
2055,2047,2054,2053,2072,2060,2047,2077
2042,2046,2048,2060,2092,2075,2054,2067
2038,2051,2050,2060,2112,2098,2071,2064
2050,2053,2053,2075,2128,2121,2083,2072
2059,2059,2055,2085,2133,2126,2088,2060
2054,2056,2055,2077,2127,2107,2063,2054
2053,2045,2046,2076,2120,2077,2021,2036
2045,2044,2051,2084,2116,2056,2030,2023
2038,2039,2055,2086,2109,2076,2046,2018
2038,2041,2060,2088,2102,2101,2052,2022
2036,2038,2054,2082,2076,2097,2060,2033
2040,2040,2053,2077,2059,2087,2071,2037
2053,2053,2060,2089,2052,2053,2045,2055
2059,2063,2071,2097,2057,2015,2045,2048
2061,2061,2070,2089,2057,1976,2034,2052
2060,2060,2065,2088,2050,1937,2038,2048
2045,2054,2046,2083,2040,1958,2040,2045
2026,2044,2035,2071,2041,1992,2039,2055
2032,2042,2018,2058,2041,2012,2068,2065
2039,2033,2004,2048,2060,2026,2070,2075
2039,2029,1993,2050,2094,2027,2078,2076
2046,2031,1992,2057,2121,2036,2082,2082
2041,2038,1999,2060,2124,2063,2079,2089
2041,2031,1989,2053,2110,2062,2072,2087
2036,2028,1980,2040,2092,2064,2072,2089
2039,2019,1976,2033,2075,2055,2050,2085
2030,2016,1971,2028,2058,2064,2038,2079
2020,2003,1984,2039,2070,2108,2050,2079
2028,2021,2006,2066,2094,2153,2080,2088
2043,2040,2026,2074,2063,2180,2065,2083
2045,2040,2028,2058,1981,2176,2058,2078
2041,2037,2039,2044,1987,2136,2054,2089
2052,2039,2054,2048,2002,2077,2069,2082
2052,2049,2085,2060,1998,1994,2037,2073
2049,2058,2097,2075,1995,1928,2020,2071
2044,2051,2101,2075,1978,1918,2025,2054
2038,2052,2101,2069,1993,1954,2015,2046
2045,2059,2108,2070,2014,1989,2038,2050
2050,2070,2113,2062,2018,2018,2040,2047
2052,2068,2113,2051,2008,2026,2023,2044
2039,2067,2098,2049,2007,2038,2011,2039
2036,2068,2103,2044,1998,2041,2021,2044
2047,2085,2107,2043,1989,2044,2048,2045
2056,2077,2089,2027,1996,2039,2055,2039
2048,2063,2073,2024,2009,2030,2055,2040
2042,2064,2064,2023,2025,2032,2056,2042
2052,2058,2055,2029,2040,2033,2054,2048
2053,2057,2065,2039,2053,2040,2060,2051
2058,2058,2068,2049,2045,2043,2065,2057
2055,2057,2068,2047,2040,2026,2070,2056
2055,2052,2061,2044,2046,2013,2049,2064
2046,2051,2056,2042,2051,2015,2046,2069
2049,2057,2062,2045,2053,2019,2065,2073
2054,2059,2065,2048,2070,2024,2075,2072
2064,2063,2070,2056,2076,2032,2074,2087
2066,2065,2067,2060,2075,2036,2070,2092
2067,2056,2064,2061,2073,2036,2066,2095
2060,2063,2067,2054,2042,2052,2071,2105
2052,2057,2062,2058,2018,2067,2062,2108
2045,2056,2059,2061,2032,2099,2063,2092
2028,2039,2045,2056,2027,2138,2071,2088
2021,2029,2034,2049,2018,2161,2045,2082
2029,2031,2033,2053,2012,2144,2035,2085
2036,2030,2032,2046,2016,2062,2034,2085
2040,2036,2034,2046,2016,1978,2028,2080
2056,2060,2055,2066,2059,1991,2040,2080
2064,2059,2055,2071,2108,2029,2044,2072
2053,2055,2051,2078,2150,2030,2062,2075
2053,2047,2054,2089,2179,2039,2050,2061
2059,2049,2052,2080,2163,2034,2052,2059
2057,2045,2053,2071,2148,2027,2041,2058
2059,2037,2049,2066,2106,2017,2033,2045
2050,2036,2053,2055,2009,2007,2030,2041
2048,2039,2054,2050,2002,2016,2031,2034
2048,2048,2050,2055,2002,2027,2032,2025
2045,2046,2046,2051,2012,2038,2046,2030
2044,2039,2033,2049,2030,2051,2050,2026
2038,2020,2015,2047,2034,2060,2056,2028
2036,2026,2009,2040,2033,2058,2052,2029
2045,2036,2011,2044,2038,2054,2059,2037
2047,2037,2007,2041,2033,2038,2044,2030
2046,2039,2004,2038,2027,2028,2054,2032
2040,2036,2004,2037,2022,2027,2041,2032
2039,2034,2003,2032,2025,2034,2049,2027
2038,2031,1999,2025,2038,2050,2061,2039
2034,2027,2000,2023,2038,2065,2081,2046
2037,2026,2000,2018,2047,2066,2070,2059
2047,2019,1994,2011,2044,2068,2069,2072
2039,2012,1979,1995,2044,2044,2042,2074
2024,1995,1978,2008,2073,2049,2058,2072
2028,2003,2015,2034,2087,2069,2066,2059
2027,2021,2055,2057,2112,2089,2068,2067
2029,2028,2054,2071,2136,2096,2077,2077
2026,2018,2043,2069,2136,2087,2065,2072
2002,2008,2028,2071,2132,2086,2079,2078
2013,2015,2038,2076,2129,2090,2054,2096
2038,2027,2036,2084,2118,2090,2056,2091
2038,2034,2042,2080,2118,2094,2054,2083
2054,2049,2063,2076,2095,2075,2056,2078
2058,2064,2076,2067,2046,2048,2056,2076
2062,2070,2085,2061,1985,2037,2040,2070
2073,2086,2105,2056,1955,2030,2047,2064
2076,2088,2107,2042,1903,2012,2052,2057
2069,2085,2100,2044,1911,2009,2050,2054
2062,2083,2090,2050,1945,2022,2062,2045
2044,2072,2082,2060,2011,2035,2043,2049
2041,2066,2070,2070,2047,2050,2059,2044
2045,2064,2066,2066,2072,2055,2048,2043
2052,2070,2059,2056,2077,2051,2061,2046
2062,2074,2054,2053,2079,2042,2051,2046
2060,2073,2057,2044,2076,2036,2044,2043
2056,2074,2070,2049,2110,2041,2053,2039
2058,2084,2085,2061,2126,2056,2054,2046
2066,2092,2088,2065,2144,2057,2076,2046
2064,2081,2084,2075,2145,2062,2057,2041
2061,2075,2076,2077,2151,2058,2068,2041
2067,2074,2069,2072,2137,2060,2059,2043
2059,2058,2059,2066,2113,2058,2070,2042
2049,2047,2050,2059,2096,2057,2084,2045
2043,2046,2053,2062,2078,2050,2077,2051
2042,2043,2045,2064,2039,2047,2052,2050
2039,2039,2040,2057,1946,2032,2075,2057
2040,2037,2045,2057,1943,2029,2057,2073
2046,2040,2045,2073,1989,2036,2068,2080
2048,2046,2055,2089,2020,2038,2061,2079
2060,2059,2073,2104,2047,2040,2066,2080
2061,2064,2062,2107,2055,2036,2049,2074
2045,2034,2036,2090,2042,2022,2054,2084
2032,2027,2023,2083,2043,2026,2046,2093
2039,2032,2030,2082,2050,2043,2050,2080
2037,2027,2026,2069,2013,2061,2039,2072
2034,2024,2021,2055,1971,2059,2040,2072
2036,2040,2013,2051,1959,2065,2031,2066
2035,2045,2030,2064,1971,2064,2041,2069
2035,2050,2044,2076,1987,2018,2038,2067
2046,2065,2049,2093,2032,2001,2058,2057
2045,2065,2049,2096,2109,2047,2061,2056
2046,2065,2051,2104,2149,2086,2065,2048
2049,2059,2047,2093,2118,2104,2053,2037
2041,2054,2043,2076,2063,2085,2046,2030
2039,2049,2028,2049,2010,2067,2044,2024
2037,2044,2028,2034,1978,2059,2044,2025
2041,2056,2048,2035,1993,2029,2026,2035
2057,2079,2073,2060,2040,2011,2043,2039
2062,2087,2085,2065,2071,2027,2049,2039
2073,2083,2077,2043,2068,2049,2099,2046
2072,2088,2077,2030,2086,2084,2093,2048
2077,2083,2082,2008,2085,2082,2084,2056
2076,2074,2068,1994,2062,2072,2093,2056
2077,2064,2055,1978,2043,2057,2081,2054
2072,2063,2051,1979,2038,2062,2085,2052
2065,2058,2054,2003,2048,2071,2089,2045
2065,2061,2065,2023,2049,2066,2088,2056
2062,2054,2063,2021,2037,2049,2074,2065
2063,2054,2067,2024,2032,2041,2067,2069
2061,2052,2061,2021,2027,2028,2065,2072
2061,2054,2057,2025,2024,2034,2072,2077
2054,2058,2056,2030,2014,2035,2049,2071
2046,2060,2055,2030,2022,2034,2049,2063
2042,2054,2057,2032,2027,2035,2045,2066
2027,2045,2060,2043,2054,2036,2020,2069
2026,2043,2053,2044,2057,2029,2056,2073
2026,2046,2051,2044,2046,2030,2056,2078
2034,2052,2054,2044,2048,2033,2042,2080
2042,2049,2043,2043,2045,2025,2049,2061
2031,2051,2040,2047,2050,2031,2038,2061
2045,2046,2038,2058,2100,2064,2052,2059
2042,2041,2026,2061,2128,2093,2035,2060
2055,2041,2022,2069,2131,2115,2052,2067
2048,2034,2016,2068,2112,2112,2060,2054
2042,2023,1997,2064,2094,2117,2061,2042
2039,2029,1991,2070,2093,2127,2056,2045
2038,2032,1995,2078,2085,2126,2030,2046
2047,2040,1994,2084,2081,2130,2039,2033
2043,2035,1983,2060,2054,2116,2035,2018
2043,2027,1977,2045,2026,2090,2025,2004
2031,2020,1967,2032,2016,2038,2023,2001
2032,2009,1971,2021,1993,2000,2022,2001
2025,2009,1980,2008,1998,1978,2013,2006
2029,2032,2034,2033,2038,1926,2037,2019
2049,2069,2086,2055,2061,1911,2034,2019
2056,2082,2110,2063,2053,1922,2034,2021
2055,2077,2100,2050,2024,1931,2014,2026
2052,2063,2076,2023,2001,1944,2018,2034
2045,2044,2037,2004,1995,1968,2041,2037
2041,2031,2022,1998,2003,1986,2031,2035
2032,2023,2028,1999,2014,1999,2042,2041
2029,2025,2051,2014,2015,2004,2055,2053
2040,2032,2060,2018,2015,2011,2061,2064
2035,2042,2070,2027,2031,2041,2070,2065
2038,2043,2070,2024,2009,2081,2070,2068
2030,2039,2074,2025,2001,2113,2073,2085
2044,2059,2105,2069,2037,2135,2097,2113
2066,2083,2141,2088,2057,2142,2097,2118
2064,2075,2136,2071,2040,2125,2089,2109
2060,2062,2121,2063,2033,2130,2088,2113
2058,2067,2109,2064,2026,2131,2064,2091
2049,2060,2095,2074,2030,2075,2051,2080
2046,2060,2089,2086,2047,2045,2033,2070
2043,2060,2077,2086,2061,2020,2020,2072
2041,2058,2072,2083,2070,2007,2026,2064
2044,2061,2060,2078,2096,2034,2032,2044
2042,2058,2065,2069,2103,2047,2033,2040
2044,2052,2065,2073,2090,2039,2038,2034
2045,2058,2063,2065,2073,2027,2045,2034
2050,2055,2064,2053,2065,2031,2050,2026
2054,2058,2065,2042,2060,2045,2049,2024
2058,2061,2065,2035,2059,2065,2045,2025
2054,2057,2054,2034,2066,2055,2050,2018
2048,2062,2046,2034,2068,2026,2042,2018
2046,2053,2046,2038,2051,2014,2037,2003
2036,2038,2042,2033,2043,2018,2031,2009
2040,2033,2045,2041,2048,2041,2048,2031
2052,2039,2053,2045,2048,2047,2060,2031
2047,2034,2052,2046,2041,2054,2040,2020
2030,2035,2067,2056,2047,2068,2035,2015
2037,2052,2088,2066,2061,2077,2049,2027
2055,2057,2088,2063,2049,2080,2049,2038
2064,2058,2080,2056,2040,2063,2054,2042
2059,2052,2070,2056,2045,2026,2051,2044
2043,2040,2060,2056,2044,2027,2051,2045
2039,2049,2059,2062,2061,2043,2062,2051
2042,2054,2054,2071,2069,2047,2047,2048
2049,2059,2068,2089,2081,2055,2045,2058
2046,2058,2078,2095,2102,2064,2045,2067
2039,2045,2063,2095,2105,2075,2042,2063
2034,2039,2057,2094,2101,2082,2030,2068
2038,2035,2039,2067,2079,2073,2037,2064
2024,2025,2035,2058,2059,2070,2021,2071
2031,2031,2040,2057,2056,2068,2036,2076
2038,2032,2046,2074,2085,2045,2041,2079
2044,2041,2056,2088,2113,2058,2051,2068
2037,2044,2059,2080,2091,2075,2042,2059
2036,2032,2063,2073,2045,2079,2035,2051
2034,2033,2064,2061,2008,2080,2045,2047
2040,2041,2055,2039,1994,2066,2017,2039
2036,2035,2042,2026,2019,2025,2037,2036
2037,2031,2034,2016,2039,2000,2047,2044
2036,2033,2040,2024,2070,2004,2040,2040
2041,2041,2048,2041,2090,2015,2051,2034
2049,2054,2052,2047,2090,2030,2041,2036
2052,2063,2045,2039,2062,2030,2043,2036
2060,2055,2034,2052,2056,2039,2059,2030
2052,2050,2029,2059,2057,2060,2050,2019
2033,2024,2004,2053,2056,2066,2021,2023
2030,2012,1990,2041,2046,2068,2025,2021
2029,2020,1991,2029,2050,2072,2042,2027
2036,2022,1989,2021,2049,2074,2040,2031
2042,2029,1995,2016,2045,2078,2047,2036
2044,2035,2014,2024,2052,2083,2046,2033
2039,2042,2037,2031,2068,2086,2070,2034
2052,2054,2045,2043,2082,2086,2050,2042
2050,2056,2062,2046,2080,2088,2062,2057
2055,2056,2073,2054,2085,2074,2058,2064
2050,2055,2080,2054,2084,2059,2054,2060
2048,2045,2081,2059,2084,2061,2035,2062
2043,2046,2086,2063,2083,2071,2046,2068
2040,2041,2077,2066,2081,2083,2049,2077
2050,2034,2071,2066,2073,2054,2039,2081
2050,2036,2063,2061,2057,1963,2021,2076
2050,2029,2050,2049,2036,1950,2016,2072
2038,2018,2042,2039,2023,1994,2015,2078
2032,2018,2027,2036,2023,2028,2034,2061
2030,2021,2027,2045,2029,2053,2044,2047
2034,2019,2043,2061,2047,2064,2056,2047
2031,2019,2048,2070,2047,2077,2049,2041
2029,2021,2042,2069,2047,2085,2056,2041
2035,2035,2042,2066,2048,2073,2047,2041
2045,2036,2027,2063,2043,2057,2047,2050
2053,2047,2023,2067,2036,2050,2037,2063
2059,2055,2020,2070,2043,2053,2053,2051
2060,2049,2011,2074,2047,2058,2046,2049
2052,2048,2023,2075,2049,2061,2016,2040
2059,2049,2028,2085,2048,2062,2033,2028
2058,2045,2030,2071,2038,2054,2021,2018
2046,2033,2022,2057,2029,2051,2017,2011
2035,2029,2023,2038,2027,2044,2018,2017
2034,2034,2037,2037,2018,2037,2044,2023
2035,2035,2065,2047,2020,2041,2027,2028
2046,2060,2085,2056,2035,2045,2043,2033
2051,2072,2091,2052,2037,2045,2040,2034
2061,2085,2125,2069,2044,2039,2040,2029
2060,2087,2144,2070,2036,2023,2028,2020
2045,2070,2126,2058,2038,2016,2030,2036
2048,2059,2114,2055,2044,2027,2032,2036
2048,2064,2107,2062,2056,2040,2034,2051
2053,2070,2104,2065,2064,2060,2054,2057
2054,2057,2081,2053,2069,2064,2061,2054
2062,2058,2060,2048,2067,2062,2057,2060
2056,2055,2048,2040,2052,2055,2051,2069
2057,2052,2053,2045,2057,2053,2055,2073
2052,2057,2052,2052,2051,2047,2057,2074
2055,2055,2053,2051,2044,2051,2054,2078
2060,2068,2065,2054,2040,2050,2037,2078
2055,2070,2069,2049,2038,2048,2038,2069
2057,2069,2070,2046,2041,2048,2047,2078
2054,2071,2065,2033,2027,2051,2039,2073
2051,2061,2055,2028,2007,2062,2059,2072
2047,2055,2045,2025,1993,2068,2049,2066
2053,2052,2051,2038,1982,2070,2032,2066
2061,2059,2050,2040,1989,2061,2051,2072
2058,2058,2051,2036,2001,2024,2048,2070
2052,2053,2043,2042,2045,2008,2047,2061
2044,2049,2048,2054,2082,2030,2044,2045
2042,2046,2050,2062,2073,2058,2047,2038
2042,2065,2068,2067,2081,2077,2028,2047
2065,2067,2075,2066,2079,2063,2052,2048
2066,2063,2059,2052,2027,2044,2043,2038
2060,2058,2051,2044,2006,2031,2054,2029
2065,2064,2056,2046,1983,2007,2042,2022
2069,2070,2056,2048,2003,1992,2010,2020
2070,2063,2036,2059,2065,2014,2033,2026
2072,2051,2047,2069,2131,2048,2039,2027
2061,2050,2046,2063,2123,2072,2058,2026
2057,2045,2038,2058,2114,2085,2064,2022
2054,2053,2048,2074,2139,2088,2042,2025
2051,2055,2052,2083,2155,2080,2026,2023
2041,2045,2040,2078,2139,2059,2043,2026
2043,2029,2030,2071,2099,2050,2040,2035
2044,2033,2019,2074,2043,2047,2031,2037
2039,2024,2007,2058,1948,2029,2033,2037
2040,2024,2010,2043,1896,2009,2035,2037
2048,2029,2016,2050,1959,2039,2016,2056
2039,2025,2016,2051,2002,2083,2019,2059
2031,2022,2023,2038,1986,2080,2003,2060
2024,2034,2033,2031,1964,2069,2005,2056
2016,2038,2037,2027,1951,2052,2006,2061
2026,2047,2044,2021,1966,2001,2015,2074
2034,2041,2038,2031,2041,2003,2025,2086
2032,2032,2035,2037,2094,2044,2055,2084
2039,2045,2059,2038,2101,2080,2061,2081
2045,2062,2085,2052,2090,2082,2051,2074
2052,2069,2098,2049,2079,2081,2058,2078
2051,2067,2095,2049,2068,2066,2059,2077
2058,2065,2088,2048,2068,2052,2061,2068
2056,2058,2079,2053,2054,2045,2048,2052
2055,2057,2055,2058,2060,2054,2022,2046
2056,2060,2051,2057,2056,2053,2050,2043
2054,2062,2050,2057,2042,2070,2059,2036
2050,2054,2041,2053,2019,2069,2047,2027
2042,2041,2032,2030,1994,2064,2044,2028
2037,2036,2032,2024,1979,2044,2027,2020
2040,2033,2031,2025,1981,2028,2028,2014
2035,2031,2029,2046,2022,2004,2047,2016
2029,2022,2018,2059,2063,2030,2039,2005
2030,2018,2021,2065,2078,2067,2050,2020
2042,2046,2057,2094,2098,2064,2057,2034
2054,2056,2075,2106,2103,2027,2037,2039
2053,2057,2069,2095,2097,2020,2034,2043
2056,2063,2062,2087,2092,2043,2039,2037
2056,2058,2061,2078,2099,2063,2048,2042
2048,2057,2067,2076,2116,2088,2050,2040
2047,2057,2062,2067,2111,2092,2038,2050
2051,2055,2063,2065,2101,2080,2063,2055
2048,2060,2063,2073,2123,2077,2060,2061
2052,2062,2067,2066,2132,2075,2075,2065
2054,2054,2052,2059,2102,2071,2061,2078
2057,2056,2057,2049,2064,2063,2060,2079
2050,2058,2061,2039,2022,2067,2048,2078
2041,2049,2058,2034,2001,2064,2043,2072
2041,2050,2057,2040,2000,2053,2027,2071
2040,2047,2061,2042,1988,2035,2027,2076
2035,2051,2059,2041,1991,2003,2038,2079
2047,2064,2066,2059,2003,1993,2042,2075
2054,2061,2061,2058,2008,2005,2050,2071
2054,2065,2058,2071,2032,2030,2048,2076
2059,2064,2057,2067,2041,2052,2062,2078
2062,2063,2062,2067,2042,2054,2058,2074
2059,2058,2054,2059,2038,2053,2062,2058
2058,2059,2052,2058,2048,2042,2057,2046
2048,2050,2048,2047,2046,2031,2048,2036
2045,2042,2040,2038,2027,2039,2036,2030
2038,2041,2036,2027,2000,2044,2021,2018
2030,2033,2031,2018,1978,2051,2018,2019
2033,2040,2033,2026,1960,2052,2013,2015
2046,2044,2039,2029,1961,2034,2019,2021
2052,2052,2046,2042,1976,2004,2028,2026
2049,2051,2038,2051,2012,1974,2031,2029
2043,2045,2042,2069,2053,2010,2042,2027
2052,2051,2044,2077,2062,2064,2064,2033
2047,2044,2037,2072,2054,2088,2054,2031
2046,2047,2031,2073,2039,2089,2046,2028
2046,2042,2031,2079,2039,2055,2027,2025
2043,2043,2037,2080,2041,2002,2014,2028
2046,2044,2046,2080,2042,1974,2007,2032
2053,2040,2050,2079,2044,1966,2019,2035
2052,2043,2042,2080,2052,2010,2031,2035
2044,2038,2043,2071,2074,2048,2021,2044
2040,2031,2030,2054,2084,2064,2024,2042
2024,2020,2016,2046,2083,2086,2019,2051
2023,2026,2021,2058,2080,2086,2043,2059
2032,2032,2036,2065,2068,2074,2036,2069
2042,2047,2047,2057,2059,2065,2058,2079
2044,2060,2063,2064,2047,2064,2032,2079
2053,2060,2068,2055,2028,2041,2028,2071
2040,2059,2063,2041,2029,2040,2031,2076
2039,2061,2059,2036,2027,2059,2048,2073
2048,2064,2048,2034,2037,2072,2061,2075
2049,2064,2041,2036,2035,2078,2055,2077
2057,2066,2041,2036,2033,2074,2068,2079
2062,2068,2038,2032,2025,2047,2059,2072
2061,2067,2034,2032,2015,2023,2048,2061
2058,2063,2038,2034,2011,2021,2056,2057
2065,2069,2048,2038,2006,2018,2036,2049
2057,2061,2049,2040,2023,2042,2052,2043
2048,2056,2045,2034,2039,2057,2057,2032
2042,2053,2041,2028,2057,2071,2052,2033
2052,2052,2047,2031,2057,2065,2080,2027
2047,2051,2048,2038,2063,2068,2039,2021
2049,2052,2049,2041,2064,2073,2062,2022
2048,2048,2049,2040,2057,2052,2039,2017
2044,2045,2049,2031,2057,2033,2019,2014
2045,2046,2044,2040,2075,2034,2013,2020
2053,2053,2048,2041,2083,2036,2019,2026
2049,2051,2055,2046,2078,2057,2033,2034
2055,2060,2053,2045,2082,2072,2036,2036
2052,2057,2051,2042,2080,2075,2050,2030
2059,2057,2052,2051,2079,2076,2056,2044
2060,2056,2046,2049,2068,2078,2055,2057
2060,2052,2036,2046,2056,2076,2061,2060
2058,2048,2043,2037,2043,2071,2059,2056
2055,2049,2049,2038,2028,2059,2031,2052
2044,2046,2041,2034,2033,2060,2033,2056
2041,2047,2038,2038,2046,2054,2020,2062
2035,2046,2038,2042,2035,2056,2026,2070
2047,2048,2041,2039,2047,2042,2032,2084
2050,2050,2045,2040,2056,2027,2030,2076
2042,2045,2032,2036,2045,2053,2027,2069
2041,2034,2024,2036,2028,2072,2051,2069
2042,2044,2034,2033,2014,2072,2047,2059
2043,2042,2036,2031,2004,2069,2025,2055
2040,2050,2039,2037,1996,2052,2023,2049
2053,2057,2049,2043,2020,2023,2038,2055
2057,2055,2049,2048,2050,2040,2039,2055
2051,2055,2045,2051,2065,2038,2029,2045
2051,2046,2045,2055,2056,2025,2026,2039
2045,2047,2048,2055,2055,2021,2047,2025
2047,2041,2039,2051,2057,2028,2052,2028
2047,2039,2027,2046,2050,2027,2046,2026
2049,2036,2012,2040,2034,2016,2038,2025
2041,2025,2009,2034,2014,2011,2028,2015
2047,2022,2017,2043,1993,2006,2038,2014
2049,2023,2029,2051,1973,1999,2030,2011
2043,2015,2032,2049,1966,2010,2021,2005
2041,2019,2040,2051,1988,2049,2045,2010
2045,2032,2047,2073,2036,2088,2064,2009
2044,2028,2045,2079,2063,2123,2066,2016
2050,2030,2037,2080,2092,2160,2062,2019
2056,2030,2012,2061,2063,2143,2039,2018
2053,2034,2004,2054,2055,2057,2032,2016
2052,2041,2025,2064,2097,1982,2039,2020
2066,2062,2028,2058,2116,2004,2034,2020
2063,2058,2018,2034,2068,2045,2026,2021
2049,2048,2004,2015,2015,2060,2034,2017
2031,2047,2005,1988,1963,2050,2010,2021
2024,2045,2010,1977,1953,1994,2012,2039
2036,2062,2050,2000,2020,1954,2030,2069
2049,2076,2077,2019,2076,1997,2056,2072
2054,2074,2082,2013,2077,2043,2076,2086
2052,2083,2101,2033,2106,2071,2051,2088
2046,2077,2098,2037,2096,2065,2030,2077
2054,2076,2079,2034,2058,2040,2032,2089
2064,2073,2074,2043,2016,2008,2016,2086
2069,2068,2074,2045,2011,2008,2028,2082
2069,2076,2082,2048,2044,2021,2012,2072
2069,2069,2085,2048,2031,2053,2013,2056
2068,2059,2072,2035,2000,2068,2031,2040
2069,2062,2066,2035,1981,2058,2028,2029
2048,2056,2055,2025,1973,2052,2032,2013
2046,2057,2049,2018,1974,2029,2030,2012
2046,2061,2054,2024,2014,2018,2039,2025
2050,2057,2048,2036,2067,2046,2057,2029
2053,2055,2046,2033,2082,2076,2066,2028
2057,2057,2034,2032,2086,2093,2071,2022
2057,2057,2042,2038,2070,2089,2064,2028
2058,2052,2033,2033,2058,2065,2037,2024
2043,2037,2036,2031,2055,2053,2053,2016
2036,2029,2028,2041,2058,2060,2037,2015
2043,2040,2031,2044,2051,2070,2055,2016
2051,2045,2035,2040,2053,2062,2049,2026
2064,2054,2046,2046,2062,2052,2052,2030
2067,2064,2053,2054,2072,2049,2042,2030
2055,2061,2052,2060,2077,2069,2068,2031
2050,2054,2062,2072,2078,2081,2070,2027
2049,2046,2064,2078,2082,2076,2050,2029
2041,2041,2056,2080,2073,2062,2038,2036
2039,2037,2056,2076,2071,2046,2044,2045
2033,2039,2060,2080,2058,2036,2073,2051
2041,2055,2066,2083,2049,2025,2070,2057
2047,2067,2072,2087,2039,2020,2045,2062
2047,2056,2052,2072,2038,2025,2040,2059
2040,2048,2025,2064,2051,2040,2041,2057
2034,2037,2018,2079,2072,2049,2038,2067
2039,2040,2021,2086,2080,2052,2023,2067
2043,2044,2013,2071,2072,2041,2030,2067
2040,2038,1991,2040,2059,2035,2028,2067
2036,2031,1973,2014,2046,2020,2032,2054
2036,2031,1990,2004,2038,2015,2012,2050
2047,2033,2011,1999,2030,2035,2002,2045
2055,2043,2011,2007,2034,2050,2033,2039
2053,2053,2020,2020,2045,2065,2026,2045
2049,2046,2021,2031,2048,2061,2042,2038
2056,2058,2016,2034,2046,2050,2025,2037
2053,2052,2018,2033,2037,2041,2021,2023
2042,2046,2020,2036,2035,2034,2042,2023
2043,2040,2007,2032,2035,2049,2038,2012
2038,2034,2003,2023,2026,2075,2015,2008
2036,2024,2010,2031,2029,2096,2027,2003
2039,2034,2017,2030,2027,2091,2033,1996
2033,2031,2014,2024,2018,2066,2032,2017
2042,2042,2036,2038,2027,2010,2056,2025
2044,2048,2032,2028,2009,2015,2043,2024
2043,2044,2047,2013,1971,2031,2027,2018
2040,2050,2062,2003,1975,2052,2022,2015
2044,2055,2082,2017,2030,2069,2021,2019
2050,2063,2088,2030,2073,2051,2034,2035
2046,2068,2091,2031,2114,2040,2043,2043
2053,2075,2106,2043,2144,2058,2063,2052
2059,2075,2102,2043,2142,2076,2047,2051
2056,2068,2091,2047,2143,2064,2049,2060
2061,2068,2087,2068,2157,2063,2069,2073
2062,2065,2078,2061,2149,2068,2064,2077
2048,2056,2068,2047,2116,2064,2061,2078
2047,2045,2065,2041,1998,2047,2031,2072
2039,2041,2055,2028,1912,2024,2033,2068
2037,2036,2048,2021,1923,2021,2042,2074
2037,2039,2055,2033,1964,2035,2042,2075
2049,2052,2066,2052,2003,2041,2018,2073
2049,2061,2075,2064,2019,2039,2046,2064
2050,2057,2070,2062,2019,2036,2052,2066
2046,2047,2056,2040,2019,2041,2031,2062
2050,2045,2053,2014,2002,2046,2038,2061
2053,2054,2056,2002,2017,2048,2054,2051
2049,2050,2050,2016,2035,2053,2046,2051
2059,2053,2053,2033,2046,2054,2044,2045
2058,2053,2057,2051,2055,2062,2042,2041
2059,2037,2053,2057,2057,2049,2021,2025
2052,2028,2044,2043,2049,2036,2037,2020
2044,2038,2054,2044,2026,2042,2046,2012
2044,2048,2058,2043,2007,2080,2042,2010
2040,2044,2048,2030,1973,2091,2046,2007
2034,2019,2024,2015,1958,2086,2035,1997
2027,2013,2020,2008,1947,2091,2036,1993
2023,2024,2032,2021,1965,2071,2038,1996
2039,2037,2035,2026,2007,2048,2038,2017
2054,2052,2040,2031,2017,2038,2040,2022
2043,2045,2041,2038,2020,2011,2041,2030
2052,2058,2044,2053,2070,2017,2036,2033
2045,2056,2034,2065,2095,2030,2030,2040
2041,2047,2033,2055,2098,2038,2027,2040
2041,2045,2034,2053,2104,2040,2031,2041
2048,2060,2038,2049,2106,2024,2048,2055
2064,2056,2037,2047,2087,2006,2050,2060
2058,2055,2042,2045,2087,2008,2048,2069
2048,2047,2050,2052,2102,2019,2040,2058
2043,2043,2051,2053,2104,2026,2047,2070
2051,2039,2053,2043,2081,2044,2044,2067
2044,2042,2042,2045,2075,2050,2047,2062
2034,2026,2024,2030,2071,2053,2038,2066
2033,2018,2024,2037,2082,2063,2051,2071
2036,2028,2022,2045,2080,2059,2042,2064
2030,2028,2018,2040,2078,2057,2056,2055
2036,2027,2020,2044,2077,2052,2060,2050
2039,2025,2019,2040,2066,2056,2065,2050
2042,2026,2011,2032,2065,2045,2045,2031
2036,2021,2001,2032,2057,2030,2040,2030
2028,2022,1996,2030,2068,2015,2051,2023
2038,2028,1995,2035,2072,2012,2064,2029
2046,2042,2010,2044,2069,2019,2066,2029
2051,2046,2015,2045,2047,2031,2048,2017
2052,2053,2013,2049,2047,2035,2036,2016
2052,2050,2014,2050,2045,2033,2054,2016
2050,2042,2011,2046,2021,2029,2038,2013
2045,2040,2009,2046,2004,2026,2045,2006
2030,2020,1999,2037,1979,2017,2033,1994
2023,2001,1990,2002,1918,2005,2033,1995
2027,2003,1988,1998,1914,2015,2044,2007
2032,2008,2012,2024,1969,2033,2041,2007
2032,2028,2041,2057,2028,2046,2050,2022
2046,2040,2066,2071,2071,2051,2028,2027
2045,2042,2070,2056,2076,2045,2051,2010
2036,2034,2055,2040,2041,2027,2010,2016
2034,2031,2050,2030,2023,2015,2016,2024
2035,2036,2060,2040,2042,2030,2050,2035
2037,2050,2071,2054,2085,2044,2053,2059
2046,2060,2075,2050,2083,2044,2050,2073
2057,2070,2097,2054,2074,2046,2060,2076
2057,2075,2111,2050,2065,2053,2067,2084
2053,2076,2105,2055,2060,2039,2048,2087
2048,2064,2083,2044,2037,2035,2060,2090
2044,2059,2078,2030,2021,2017,2037,2090
2047,2064,2080,2030,1989,2006,2053,2087
2049,2076,2074,2031,1986,2009,2050,2082
2057,2080,2079,2032,1993,2016,2047,2081
2052,2072,2059,2031,1983,2026,2044,2064
2047,2063,2064,2036,2011,2062,2061,2051
2053,2065,2062,2058,2082,2083,2069,2051
2052,2064,2052,2067,2111,2104,2063,2049
2047,2061,2050,2064,2115,2115,2056,2046
2044,2052,2050,2064,2096,2114,2040,2033
2040,2052,2058,2072,2094,2116,2063,2037
2052,2058,2067,2077,2104,2115,2078,2035
2054,2058,2073,2089,2119,2090,2061,2032
2050,2056,2082,2090,2097,2035,2042,2025
2043,2054,2077,2074,2060,2005,2042,2016
2037,2049,2080,2068,2073,2024,2058,2018
2041,2050,2069,2066,2088,2037,2053,2013
2034,2039,2064,2066,2095,2036,2040,2013
2039,2040,2073,2072,2116,2033,2049,2011
2045,2059,2080,2072,2080,2030,2020,2020
2051,2060,2075,2051,2012,2031,2029,2020
2047,2060,2075,2028,1936,2043,2035,2014
2043,2060,2074,2040,2009,2058,2068,2022
2044,2058,2076,2043,2070,2050,2070,2024
2043,2051,2069,2044,2133,2041,2065,2028
2039,2051,2069,2046,2154,2032,2046,2027
2041,2052,2067,2054,2137,2030,2049,2044
2044,2049,2059,2062,2124,2051,2044,2054
2046,2056,2070,2066,2100,2059,2047,2058
2043,2042,2052,2052,2058,2067,2061,2060
2035,2028,2037,2041,1941,2073,2065,2047
2024,2021,2027,2028,1868,2062,2054,2040
2016,2020,2030,2033,1873,2056,2051,2038
2011,2026,2037,2039,1914,2064,2067,2062
2022,2037,2050,2046,1938,2035,2060,2080
2037,2055,2055,2059,2009,2000,2041,2089
2056,2063,2062,2069,2068,2006,2079,2096
2056,2060,2042,2046,2019,2037,2073,2096
2061,2061,2031,2029,1967,2057,2070,2083
2063,2051,2022,2017,1932,2059,2036,2060
2043,2045,2021,2005,1909,2026,2015,2050
2049,2047,2028,2015,1940,1994,2037,2044
2052,2044,2034,2020,1997,2021,2045,2036
2046,2044,2037,2028,2026,2056,2052,2032
2052,2051,2040,2026,2047,2066,2050,2033
2054,2054,2045,2027,2049,2070,2054,2028
2051,2054,2039,2021,2011,2043,2036,2030
2052,2044,2029,1997,1930,2021,2017,2019
2046,2032,2020,1985,1859,2006,2016,2008
2037,2022,2018,2000,1896,2007,2012,2012
2029,2025,2024,2025,1949,2034,2017,2009
2036,2036,2036,2047,1988,2067,2034,2020
2047,2044,2041,2058,2011,2073,2072,2031
2054,2044,2028,2050,2007,2064,2093,2038
2056,2039,2002,2035,2017,2039,2067,2032
2045,2029,1988,2021,2051,2026,2040,2025
2040,2033,1998,2035,2113,2046,2065,2034
2045,2024,1997,2043,2181,2065,2072,2035
2047,2024,2005,2048,2220,2088,2082,2036
2042,2035,2010,2054,2241,2094,2076,2038
2031,2016,2002,2047,2199,2085,2054,2046
2032,2018,2002,2031,2207,2088,2074,2055
2042,2029,2010,2039,2241,2124,2092,2083
2055,2032,2014,2074,2320,2149,2084,2091
2052,2038,2014,2101,2372,2149,2086,2095
2052,2046,2018,2079,2302,2123,2061,2090
2050,2045,2025,2045,2108,2079,2058,2080
2044,2055,2037,2017,1861,2060,2043,2073
2039,2056,2034,1952,1643,2003,2035,2058
2024,2038,2020,1900,1643,2028,2050,2052
2017,2037,2033,1970,1908,2053,2061,2059
2037,2063,2060,2013,1950,1999,2054,2065
2042,2071,2066,2028,1898,1960,2047,2068
2051,2077,2062,2082,1934,1976,2067,2083
2071,2093,2094,2148,2019,1968,2074,2090
2085,2098,2134,2143,2025,1964,2062,2067
2064,2078,2128,2070,1998,1960,2042,2034
2050,2056,2111,2047,2061,2021,2044,2027
2039,2049,2104,2056,2171,2088,2046,2009
2035,2040,2091,2044,2312,2113,2038,2007
2039,2039,2077,2056,2296,2092,2038,2002
2041,2035,2064,2077,2221,2022,2015,1998
2024,2036,2072,2094,2106,1972,2022,2002
2020,2036,2078,2098,2082,1997,2045,2009
2036,2037,2073,2093,2091,2024,2057,2004
2032,2033,2070,2069,2049,2030,2053,2004
2029,2038,2063,2042,2005,2021,2050,2001
2021,2047,2065,2032,2002,2013,2046,2013
2027,2055,2072,2041,1999,2011,2056,2020
2036,2068,2077,2042,1987,1999,2047,2028
2046,2058,2070,2044,1972,2000,2046,2044
2043,2050,2073,2046,1968,2006,2027,2042
2037,2061,2080,2061,1958,2018,2062,2055
2048,2064,2077,2060,1963,2021,2052,2050
2033,2048,2056,2051,2001,2019,2034,2057
2035,2041,2037,2025,1989,2023,2039,2066
2038,2042,2033,2028,2005,2045,2036,2070
2038,2039,2028,2032,2025,2063,2032,2078
2035,2030,2024,2033,2046,2057,2036,2065
2029,2030,2024,2036,2021,2049,2027,2069
2037,2045,2050,2060,2025,2033,2041,2086
2050,2053,2052,2092,2083,2021,2040,2086
2045,2043,2052,2090,2066,2025,2039,2066
2040,2029,2032,2078,2036,2035,2064,2059
2036,2024,2027,2074,2036,2051,2056,2063
2033,2025,2041,2074,1990,2056,2062,2061
2040,2027,2042,2032,1759,2037,2080,2060
2051,2037,2051,2037,1850,2052,2072,2047
2041,2040,2043,2058,1962,2080,2057,2034
2033,2035,2041,2080,2022,2086,2058,2020
2036,2040,2043,2096,2049,2092,2074,2027
2046,2044,2052,2105,2082,2085,2055,2029
2047,2043,2050,2098,2073,2064,2052,2029
2051,2045,2040,2088,2025,2066,2063,2029
2050,2044,2032,2092,2062,2093,2059,2027
2041,2028,2007,2097,2097,2092,2055,2017
2035,2022,1998,2084,2040,2055,2069,2020
2049,2034,2015,2062,1904,2018,2047,2021
2058,2038,2017,2079,1902,2021,2058,2019
2048,2030,2009,2088,2087,2064,2073,2027
2041,2019,1995,2094,2228,2117,2091,2032
2038,2024,1992,2088,2286,2117,2092,2037
2042,2029,1980,2051,2351,2100,2098,2055
2053,2030,1972,1991,2217,2053,2057,2057
2043,2013,1971,1959,2096,2024,2037,2045
2039,2013,2000,2012,2133,2037,2042,2038
2038,2026,2017,2041,2178,2034,2050,2042
2045,2049,2047,2037,2124,2030,2042,2045
2040,2048,2055,2029,1980,2016,2033,2061
2023,2032,2045,2014,1849,1999,2022,2062
2017,2049,2054,2030,1989,1996,2018,2057
2006,2075,2064,2056,2117,1989,2000,2064
2020,2097,2084,2068,2070,1999,1988,2073
2032,2104,2089,2055,2021,2013,2016,2070
2038,2105,2111,2062,2100,2049,2044,2076
2040,2098,2094,2051,2105,2043,2030,2069
2034,2083,2087,2041,2105,2034,2055,2056
2032,2069,2075,2033,2144,2043,2054,2052
2033,2063,2083,2016,2130,2055,2054,2051
2041,2071,2087,1980,2022,2056,2050,2046
2043,2068,2087,1966,1878,2048,2045,2049
2049,2053,2071,1943,1753,2021,2049,2033
2032,2031,2052,1933,1716,2009,2028,2027
2022,2023,2053,1969,1838,2052,2039,2024
2031,2011,2052,2008,1935,2075,2030,2037
2037,2006,2054,2009,1976,2067,2026,2033
2046,2012,2056,2008,1991,2057,2036,2030
2053,2008,2040,2012,2005,2036,2016,2015
2029,1990,2017,2024,2092,2006,2001,2000
2026,1998,2032,2057,2182,2013,2046,2014
2037,2028,2053,2101,2268,2038,2058,2019
2029,2060,2071,2121,2277,2078,2062,2028
2053,2083,2079,2126,2268,2108,2080,2049
2074,2073,2067,2076,2200,2084,2062,2054
2074,2080,2062,2058,2226,2084,2083,2057
2075,2082,2067,2083,2373,2119,2090,2073
2077,2077,2070,2101,2364,2136,2091,2074
2074,2083,2069,2116,2410,2151,2089,2084
2073,2073,2070,2124,2386,2152,2097,2082
2062,2069,2072,2093,2218,2114,2072,2074
2053,2059,2058,2062,2074,2080,2049,2073
2046,2053,2048,2025,1855,2056,2057,2060
2035,2045,2039,1977,1571,2008,2031,2061
2025,2033,2037,1995,1657,1991,1983,2056
2014,2027,2028,1992,1670,1979,1993,2055
2015,2022,2032,1993,1650,2000,1997,2063
2032,2032,2046,2046,1840,2053,2033,2059
2044,2039,2058,2059,1848,2036,2036,2055
2040,2054,2064,2039,1855,2005,2047,2056
2043,2048,2049,2030,1986,2027,2046,2046
2032,2049,2047,2037,2000,2029,2041,2045
2027,2047,2056,2039,1932,2027,2033,2056
2036,2054,2075,2088,1995,2026,2036,2064
2060,2080,2097,2137,2071,1988,2066,2068
2067,2081,2105,2165,2179,1995,2078,2059
2062,2070,2099,2189,2292,2060,2074,2052
2063,2065,2101,2216,2365,2111,2093,2060
2075,2069,2101,2228,2412,2141,2096,2046
2068,2052,2086,2207,2367,2115,2069,2020
2058,2040,2076,2161,2330,2082,2064,2013
2043,2036,2060,2111,2222,2047,2050,2019
2041,2020,2032,2032,2101,1986,2046,2012
2034,2032,2047,2044,2162,2022,2044,2005
2022,2053,2072,2063,2125,2064,2054,2008
2023,2067,2078,2084,2149,2081,2062,2014
2034,2076,2081,2088,2164,2066,2057,2014
2042,2058,2069,2062,2192,2049,2035,2018
2043,2047,2048,2027,2187,2029,2023,2020
2034,2048,2040,1995,2093,2014,2033,2019
2038,2049,2032,1959,1858,1971,2026,2023
2042,2045,2026,1947,1723,1940,2005,2044
2048,2044,2024,1980,1835,1970,2047,2051
2048,2046,2021,1981,1899,1976,2033,2049
2040,2048,2021,1981,1898,1971,2044,2051
2025,2040,2020,1982,1863,1984,2038,2054
2023,2037,2009,1987,1904,1984,2048,2066
2021,2027,1996,1970,1972,1999,2040,2068
2034,2041,2008,1976,2033,2024,2034,2080
2059,2053,2013,1997,2076,2067,2048,2080
2069,2056,2008,2031,2088,2098,2048,2060
2072,2048,2014,2042,2132,2123,2043,2046
2070,2048,2011,2039,2142,2142,2026,2037
2062,2040,2010,2020,2109,2123,2037,2046
2077,2040,2028,2023,2011,2065,2039,2025
2050,2030,2019,2013,1892,2027,2033,2021
2044,2033,2027,2047,1971,1998,2047,2036
2049,2047,2041,2062,1968,2023,2061,2032
2017,2052,2040,2067,1978,2067,2074,2039
2021,2064,2050,2072,2042,2084,2066,2056
2051,2069,2041,2060,2085,2076,2074,2038
2052,2067,2043,2063,2179,2088,2075,2030
2061,2065,2035,2054,2217,2074,2056,2028
2049,2046,2017,2030,2212,2047,2030,2012
2035,2048,2020,2022,2190,2044,2050,2019
2063,2064,2039,2045,2202,2063,2056,2018
2053,2062,2053,2062,2208,2081,2046,2012
2047,2054,2045,2034,2097,2066,2038,2006
2034,2044,2029,1982,1870,2027,2033,2010
2021,2043,2029,1969,1772,2029,2038,2022
2030,2051,2046,2027,1926,2052,2054,2039
2041,2057,2047,2036,1960,2045,2041,2046
2052,2057,2043,2052,2095,2043,2062,2061
2052,2062,2044,2063,2184,2051,2074,2066
2047,2059,2047,2084,2198,2100,2067,2076
2058,2063,2057,2089,2034,2116,2071,2077
2057,2062,2053,2084,1975,2090,2056,2070
2055,2064,2046,2064,1957,2054,2050,2072
2059,2053,2039,2094,2069,2105,2076,2078
2057,2044,2045,2161,2269,2167,2082,2078
2053,2038,2037,2150,2242,2094,2056,2063
2046,2038,2032,2129,2204,2026,2033,2048
2030,2027,2017,2108,2205,2016,2021,2022
2015,2014,2009,2074,2069,1977,1989,2037
2017,2013,2007,2044,1993,1956,1990,2038
2034,2022,2022,2024,1941,1969,2004,2026
2030,2030,2025,2027,1944,1973,1993,2025
2031,2040,2035,2022,1980,1980,2013,2022
2033,2039,2021,2022,1995,1994,2031,2028
2039,2032,2016,2022,1983,2017,2045,2032
2036,2029,2025,2039,2007,2050,2045,2026
2017,2025,2037,2056,2020,2074,2057,2021
2016,2021,2032,2053,2014,2070,2039,2018
2023,2013,2024,2042,2014,2068,2038,2020
2030,2013,2021,2036,2003,2037,2028,2016
2033,2022,2033,2063,2008,1987,2005,2006
2038,2032,2044,2079,2026,1996,2014,2017
2052,2048,2043,2071,2031,2020,2036,2018
2054,2050,2037,2060,2035,2030,2039,2026
2052,2056,2043,2059,2039,2042,2042,2033
2051,2054,2052,2056,2045,2045,2047,2031
2045,2056,2051,2054,2047,2043,2021,2026
2042,2054,2047,2043,2034,2033,2012,2034
2038,2041,2045,2026,2029,2023,2009,2038
2050,2049,2055,2029,2032,2025,2011,2055
2065,2066,2066,2044,2049,2043,2008,2066
2068,2076,2063,2050,2055,2060,2009,2068
2065,2067,2045,2049,2056,2055,2001,2067
2055,2055,2050,2051,2051,2057,2015,2077
2055,2057,2054,2060,2053,2060,2036,2077
2053,2058,2056,2052,2049,2052,2046,2073
2040,2054,2053,2056,2058,2048,2036,2066
2038,2053,2057,2039,2056,2036,2029,2075
2048,2055,2045,2034,2051,2018,2013,2072
2047,2048,2037,2035,2045,2032,2009,2067
2051,2049,2039,2041,2047,2044,2031,2064
2044,2051,2044,2047,2049,2047,2028,2046
2042,2051,2047,2047,2045,2056,2042,2053
2042,2054,2044,2048,2044,2053,2053,2050
2049,2048,2039,2046,2039,2050,2053,2053
2053,2047,2024,2047,2036,2046,2048,2049
2055,2035,2012,2050,2040,2028,2023,2041
2051,2039,2024,2060,2043,2040,2051,2034
2064,2043,2039,2067,2047,2047,2049,2030
2061,2041,2036,2071,2047,2044,2069,2018
2044,2037,2038,2070,2050,2040,2048,1985
2022,2039,2031,2063,2043,2049,2043,1993
2020,2020,2018,2064,2047,2045,2039,2015
2031,2015,2014,2067,2030,2018,2047,2023
2041,2034,2025,2066,2020,2003,2042,2013
2037,2049,2027,2066,2019,2011,2028,2016
2048,2067,2033,2062,2017,2015,2030,2017
2049,2053,2021,2067,2056,1994,2040,2024
2060,2046,2021,2088,2116,2005,2057,2046
2057,2047,2023,2086,2118,2026,2070,2060
2056,2049,2033,2076,2083,2029,2050,2067
2055,2039,2015,2056,2089,2016,2037,2067
2046,2026,2011,2029,2020,1999,2043,2078
2053,2036,2039,2012,1947,1989,2049,2075
2067,2052,2075,2017,1929,2013,2045,2083
2065,2064,2088,2023,1914,2066,2056,2077
2054,2063,2092,2022,1871,2066,2046,2056
2034,2048,2067,2010,1868,2044,2025,2042
2021,2034,2041,2012,1942,2032,2021,2049
2030,2047,2054,2048,2040,2036,2052,2066
2045,2068,2066,2082,2134,2041,2077,2084
2057,2078,2072,2088,2166,2034,2061,2088
2065,2079,2070,2092,2162,2045,2062,2076
2064,2079,2067,2082,2105,2054,2045,2067
2062,2074,2064,2066,2041,2079,2042,2054
2053,2061,2058,2051,1962,2081,2038,2041
2050,2049,2048,2014,1815,2068,2041,2031
2033,2035,2038,1998,1775,2033,2016,2025
2037,2044,2054,2032,1937,1981,2034,2047
2057,2060,2075,2074,2090,1962,2060,2049
2069,2079,2095,2095,2127,2010,2068,2039
2063,2085,2100,2101,2107,2060,2057,2029
2057,2074,2099,2092,2096,2082,2064,2017
2051,2065,2084,2083,2101,2069,2058,1997
2033,2040,2067,2069,2134,2052,2048,2000
2025,2035,2042,2060,2150,2055,2059,2005
2035,2035,2030,2064,2152,2050,2047,2014
2041,2023,2006,2062,2148,2048,2039,2015
2038,2012,2003,2063,2143,2059,2026,2017
2042,2009,2001,2060,2113,2053,2036,2020
2041,2003,2006,2058,2072,2049,2034,2017
2044,2008,2008,2064,2064,2058,2039,2024
2048,2019,2017,2072,2087,2070,2050,2028
2048,2023,2018,2078,2083,2081,2049,2029
2038,2022,2006,2070,2078,2081,2064,2037
2022,2013,2009,2077,2095,2083,2068,2046
1995,2013,2001,2084,2164,2097,2067,2057
2009,2024,2005,2091,2214,2088,2078,2079
2035,2045,2014,2098,2235,2058,2067,2098
2051,2052,2037,2098,2210,2029,2047,2094
2044,2039,2028,2087,2149,2017,2035,2094
2042,2049,2060,2094,2132,2038,2049,2088
2060,2080,2108,2110,2115,2054,2062,2097
2066,2093,2129,2091,2017,2026,2065,2098
2080,2093,2117,2054,1881,1991,2061,2096
2079,2064,2071,1979,1739,1978,2052,2076
2074,2056,2051,1984,1815,2002,2052,2057
2074,2048,2042,2010,1896,2030,2042,2032
2068,2029,2032,2021,1923,2069,2035,2009
2025,2001,2013,2024,1949,2079,2046,1994
2017,2007,2009,2050,1989,2070,2044,1991
2006,2024,2018,2074,2013,2056,2041,2002
2012,2048,2032,2085,2036,2017,2058,2021
2032,2057,2040,2112,2111,2020,2081,2036
2051,2049,2030,2109,2162,2060,2062,2031
2057,2045,2022,2099,2139,2082,2056,2029
2058,2039,2029,2091,2099,2061,2029,2020
2052,2038,2046,2078,2065,2037,2025,2013
2042,2039,2056,2076,2058,2035,2024,2014
2049,2046,2045,2070,2079,2053,2060,2020
2052,2043,2034,2062,2089,2060,2060,2021
2038,2031,2024,2047,2077,2060,2058,2025
2037,2032,2026,2036,2062,2064,2057,2019
2034,2042,2043,2016,2063,2062,2041,2028
2054,2070,2085,2026,2056,2056,2053,2046
2064,2090,2119,2033,2048,2048,2059,2052
2060,2088,2124,2036,2044,2043,2069,2053
2055,2077,2106,2027,2038,2040,2063,2058
2060,2064,2097,2024,2041,2048,2065,2068
2054,2075,2101,2036,2047,2048,2088,2079
2057,2078,2116,2045,2056,2051,2066,2078
2059,2075,2109,2043,2047,2046,2069,2080
2060,2072,2101,2043,2044,2050,2068,2081
2056,2056,2086,2046,2076,2060,2065,2072
2046,2039,2067,2048,2094,2056,2046,2068
2044,2048,2073,2052,2097,2063,2047,2068
2046,2049,2069,2055,2072,2055,2052,2069
2042,2050,2061,2050,2061,2045,2060,2068
2046,2047,2057,2041,2044,2036,2065,2066
2045,2051,2062,2029,2034,2031,2045,2054
2053,2053,2066,2035,2028,2047,2055,2050
2053,2061,2066,2054,2044,2064,2065,2051
2054,2066,2075,2064,2035,2064,2049,2047
2055,2063,2072,2054,2012,2072,2047,2043
2062,2055,2064,2041,2012,2092,2076,2032
2053,2050,2061,2035,1990,2103,2066,2023
2049,2050,2063,2042,1974,2107,2062,2020
2053,2049,2069,2042,1958,2088,2056,2034
2069,2052,2078,2036,1990,2029,2038,2050
2073,2053,2071,2032,2029,2006,2054,2039
2054,2031,2055,2026,2065,2029,2062,2025
2052,2035,2053,2042,2119,2050,2063,2031
2054,2038,2062,2062,2160,2060,2072,2033
2053,2045,2060,2075,2120,2070,2081,2033
2052,2047,2053,2069,2055,2066,2069,2025
2035,2044,2044,2047,1994,2026,2054,2020
2030,2025,2024,2030,1977,1994,2051,2021
2030,2028,2033,2045,2023,2017,2057,2020
2038,2038,2043,2070,2083,2039,2069,2023
2043,2042,2052,2093,2167,2057,2056,2035
2040,2048,2060,2105,2206,2072,2047,2047
2035,2052,2058,2100,2253,2065,2036,2054
2038,2051,2048,2101,2270,2065,2039,2063
2038,2054,2053,2101,2264,2073,2035,2067
2034,2053,2048,2093,2234,2077,2057,2068
2038,2050,2046,2081,2136,2072,2057,2067
2031,2033,2041,2055,2055,2061,2038,2068
2025,2025,2035,2061,2070,2067,2047,2074
2034,2039,2048,2071,2034,2066,2050,2076
2047,2056,2049,2054,1929,2062,2051,2079
2049,2061,2049,2041,1903,2049,2035,2069
2047,2056,2044,2037,1929,2018,2019,2056
2047,2051,2049,2047,1967,2011,2022,2049
2043,2052,2047,2055,1999,2022,2030,2049
2059,2067,2050,2070,2031,2051,2044,2048
2074,2073,2042,2069,2033,2051,2055,2042
2070,2064,2036,2063,2037,2044,2035,2033
2051,2062,2031,2069,2037,2039,2031,2019
2057,2065,2033,2065,2027,2042,2051,2028
2057,2060,2029,2064,2046,2050,2060,2031
2050,2051,2029,2056,2060,2046,2046,2024
2048,2050,2042,2053,2056,2050,2050,2016
2050,2049,2042,2046,2034,2035,2038,2008
2035,2032,2031,2029,2033,2033,2022,2008
2025,2027,2030,2044,2065,2042,2039,2007
2028,2043,2054,2064,2096,2063,2060,2006
2026,2054,2072,2069,2113,2063,2065,2001
2035,2049,2066,2062,2077,2061,2060,2009
2039,2050,2064,2056,2054,2064,2049,2018
2048,2053,2070,2062,2058,2065,2064,2029
2057,2047,2070,2061,2083,2065,2064,2033
2056,2037,2057,2058,2066,2057,2060,2032
2049,2031,2050,2044,2012,2043,2053,2037
2042,2022,2049,2041,2004,2045,2052,2051
2045,2037,2060,2054,2003,2042,2054,2057
2054,2055,2081,2054,2017,2052,2063,2050
2051,2053,2070,2056,2053,2054,2064,2051
2036,2034,2049,2050,2038,2036,2064,2050
2030,2022,2039,2042,1997,2027,2064,2067
2030,2032,2035,2048,2011,2012,2064,2074
2029,2032,2035,2037,1984,2016,2061,2073
2036,2032,2033,2047,2017,2036,2064,2083
2045,2048,2050,2059,2021,2030,2052,2081
2056,2058,2052,2057,2000,2029,2062,2083
2061,2063,2059,2051,2012,2030,2054,2073
2053,2060,2049,2028,2009,2043,2030,2066
2047,2048,2034,2018,1999,2041,2043,2052
2047,2044,2042,2012,2001,2050,2036,2043
2058,2049,2068,2020,2004,2047,2052,2042
2058,2059,2092,2038,2007,2053,2033,2039
2061,2065,2097,2054,2041,2051,2055,2033
2055,2063,2095,2079,2082,2059,2049,2030
2057,2063,2083,2077,2069,2057,2033,2020
2052,2047,2068,2067,2049,2047,2030,2011
2049,2047,2060,2063,2041,2046,2060,2011
2044,2042,2065,2059,2051,2048,2060,2009
2027,2040,2053,2062,2051,2042,2031,2002
2029,2037,2038,2062,2049,2027,2030,2010
2032,2037,2045,2067,2052,2028,2047,2018
2038,2046,2065,2075,2046,2020,2047,2023
2043,2050,2086,2082,2071,2028,2056,2027
2040,2052,2091,2071,2068,2047,2054,2025
2046,2058,2091,2073,2094,2064,2064,2037
2054,2059,2089,2089,2138,2068,2049,2049
2058,2059,2080,2089,2133,2059,2047,2055
2057,2057,2066,2079,2117,2070,2057,2059
2063,2058,2072,2092,2111,2080,2080,2060
2071,2078,2084,2102,2038,2069,2043,2065
2068,2078,2075,2083,1971,2050,2025,2063
2064,2070,2076,2091,2004,2066,2017,2065
2049,2062,2071,2067,1961,2052,2026,2074
2048,2059,2066,2042,1906,2031,2024,2074
2051,2053,2059,2036,1928,2033,2023,2080
2042,2042,2043,2030,1983,2045,2052,2094
2052,2041,2045,2050,2098,2110,2063,2104
2060,2056,2053,2054,2129,2158,2067,2090
2061,2058,2044,2017,1984,2094,2049,2070
2052,2051,2030,1987,1872,1999,2033,2056
2040,2040,2009,1976,1950,1992,2008,2049
2042,2035,2016,2016,2044,2031,2034,2067
2050,2040,2035,2062,2136,2060,2037,2062
2060,2048,2041,2082,2212,2046,2059,2050
2053,2045,2037,2087,2212,2049,2032,2029
2044,2037,2029,2068,2125,2061,2031,2007
2027,2029,2030,2060,2055,2048,2031,2017
2039,2038,2039,2068,2041,2040,2047,2029
2043,2043,2039,2067,2032,2045,2025,2027
2041,2036,2033,2067,2033,2050,2023,2017
2038,2035,2036,2070,2050,2064,2043,2018
2045,2035,2035,2069,2069,2082,2049,2016
2039,2024,2028,2061,2083,2079,2054,2016
2041,2023,2024,2056,2103,2076,2040,2022
2048,2038,2037,2058,2115,2081,2063,2020
2040,2042,2052,2045,2100,2078,2054,2027
2050,2040,2058,2036,2081,2072,2059,2031
2047,2046,2062,2037,2074,2070,2080,2034
2049,2052,2073,2042,2072,2054,2063,2037
2042,2053,2072,2040,2056,2052,2076,2033
2044,2060,2073,2033,2036,2054,2062,2037
2047,2060,2068,2030,2041,2045,2059,2047
2052,2053,2065,2043,2052,2034,2070,2052
2046,2050,2063,2046,2053,2044,2055,2063
2045,2046,2055,2052,2073,2063,2061,2076
2044,2052,2053,2064,2081,2070,2054,2069
2048,2049,2039,2059,2063,2058,2060,2063
2039,2036,2026,2043,2032,2051,2058,2061
2039,2034,2013,2025,2018,2045,2048,2053
2038,2026,2007,2016,2022,2041,2037,2058
2037,2032,2013,2017,2023,2037,2037,2059
2045,2034,2009,2007,2028,2028,2029,2057
2041,2030,2005,2006,2029,2026,2032,2047
2037,2037,2015,2012,2028,2034,2035,2048
2039,2046,2030,2024,2027,2043,2030,2039
2045,2056,2043,2029,2024,2044,2032,2049
2051,2060,2056,2033,2024,2043,2036,2048
2055,2064,2063,2037,2012,2036,2037,2040
2062,2060,2075,2046,2021,2032,2042,2039
2060,2055,2072,2050,2030,2031,2028,2036
2050,2053,2072,2070,2087,2054,2038,2020
2052,2053,2073,2070,2086,2048,2045,2023
2048,2043,2064,2063,2086,2036,2039,2024
2049,2046,2069,2057,2093,2033,2024,2019
2050,2053,2075,2051,2086,2030,2005,2017
2044,2048,2075,2066,2084,2044,2005,2014
2054,2050,2080,2068,2074,2074,2029,2024
2058,2066,2087,2068,2039,2080,2035,2028
2054,2062,2080,2054,1983,2071,2029,2018
2050,2054,2063,2040,1946,2063,2034,2012
2045,2054,2055,2020,1924,2046,2032,2014
2043,2056,2069,2045,1994,2069,2061,2033
2063,2072,2093,2083,2114,2094,2067,2044
2067,2074,2096,2077,2126,2072,2048,2039
2061,2055,2077,2042,2001,2018,2050,2027
2038,2043,2071,2027,1924,1991,2031,2028
2047,2043,2074,2040,1957,2007,2045,2054
2059,2041,2075,2059,2030,2055,2051,2050
2052,2033,2073,2078,2093,2086,2050,2053
2040,2036,2073,2064,2058,2081,2034,2065
2037,2042,2076,2057,2010,2063,2027,2069
2038,2049,2083,2059,2003,2010,2006,2079
2052,2059,2090,2083,2077,1992,2047,2086
2059,2064,2090,2111,2213,2050,2041,2075
2057,2061,2077,2117,2301,2098,2045,2071
2058,2052,2065,2098,2288,2095,2054,2069
2059,2045,2049,2064,2185,2050,2036,2062
2054,2034,2041,2053,2164,2036,2037,2056
2047,2042,2036,2044,2128,2046,2025,2049
2051,2044,2040,2046,2088,2049,2023,2050
2045,2052,2033,2027,2035,2042,2022,2039
2042,2053,2031,2010,1865,2021,2008,2041
2053,2052,2033,1990,1723,2026,2015,2039
2058,2054,2043,1997,1823,2052,2040,2035
2056,2060,2039,2009,1908,2061,2023,2031
2056,2051,2035,2019,1974,2072,2031,2017
2052,2050,2034,2024,2017,2064,2049,2013
2050,2045,2029,2046,2061,2026,2038,2029
2060,2036,2029,2053,2068,2007,2045,2032
2057,2030,2026,2039,2022,2019,2048,2024
2047,2033,2029,2030,2033,2029,2037,2014
2049,2030,2027,2023,2052,2042,2007,2017
2047,2031,2024,2037,2063,2061,2027,2024
2049,2041,2025,2048,2084,2073,2054,2031
2053,2043,2030,2054,2118,2086,2038,2035
2054,2049,2042,2062,2137,2094,2056,2041
2058,2050,2052,2064,2118,2102,2080,2049
2064,2053,2053,2062,2084,2102,2082,2056
2064,2050,2049,2062,2077,2094,2081,2057
2060,2046,2039,2069,2071,2095,2068,2057
2051,2040,2027,2065,2060,2077,2061,2053
2049,2031,2027,2061,2051,2064,2064,2065
2050,2031,2038,2052,2027,2053,2039,2065
2049,2032,2037,2047,2012,2044,2070,2075
2055,2043,2047,2040,2017,2031,2076,2071
2057,2042,2056,2035,2022,2014,2052,2069
2051,2051,2057,2034,2019,2016,2054,2074
2045,2063,2067,2040,2019,2032,2043,2068
2043,2054,2068,2042,2013,2036,2028,2072
2043,2053,2066,2045,2018,2040,2028,2063
2050,2056,2064,2047,2021,2046,2041,2071
2056,2054,2064,2044,2019,2045,2051,2062
2060,2052,2069,2054,2012,2057,2048,2056
2058,2059,2083,2059,2020,2059,2060,2046
2061,2065,2094,2060,2028,2064,2053,2041
2059,2062,2088,2055,2021,2058,2046,2032
2051,2056,2085,2052,2006,2052,2020,2030
2051,2052,2074,2045,2009,2042,2022,2026
2049,2052,2068,2048,2012,2040,2035,2024
2059,2062,2068,2055,2057,2058,2049,2026
2059,2062,2063,2062,2078,2068,2069,2024
2058,2059,2057,2060,2068,2061,2047,2022
2049,2055,2057,2056,2045,2060,2044,2023
2049,2060,2059,2060,2059,2071,2054,2025
2054,2060,2052,2049,2065,2077,2053,2020
2048,2058,2047,2049,2082,2074,2043,2018
2053,2057,2053,2051,2081,2078,2044,2023
2051,2057,2047,2053,2097,2070,2052,2026
2055,2060,2046,2045,2080,2066,2050,2034
2055,2056,2041,2035,2034,2048,2041,2038
2053,2053,2030,2028,2020,2012,2047,2041
2054,2044,2023,2026,2035,2005,2050,2043
2056,2042,2033,2046,2074,2028,2028,2055
2053,2047,2047,2049,2077,2034,2044,2060
2054,2047,2057,2045,2032,2038,2027,2066
2052,2057,2062,2040,2036,2041,2043,2071
2050,2052,2059,2044,2044,2043,2043,2081
2050,2050,2054,2048,2025,2049,2035,2087
2044,2036,2047,2043,2020,2044,2031,2073
2034,2026,2040,2043,2024,2048,2037,2072
2040,2032,2048,2056,2027,2054,2044,2078
2037,2027,2040,2056,2026,2063,2063,2076
2039,2030,2039,2053,1997,2060,2060,2076
2039,2028,2032,2043,1979,2050,2069,2060
2038,2027,2029,2032,1975,2040,2057,2059
2042,2022,2024,2016,1983,2035,2036,2056
2034,2023,2022,2024,1996,2032,2042,2042
2043,2034,2045,2021,2001,2032,2056,2034
2050,2035,2051,2021,2008,2042,2067,2027
2037,2034,2049,2027,2054,2034,2042,2025
2036,2034,2050,2024,2109,2030,2041,2019
2031,2035,2044,2016,2104,2043,2028,2014
2042,2047,2062,2044,2097,2054,2039,2009
2051,2059,2082,2062,2099,2062,2053,2016
2046,2054,2077,2060,2085,2060,2052,2005
2032,2036,2066,2061,2086,2058,2039,2005
2040,2031,2065,2069,2084,2061,2058,2013
2043,2039,2074,2066,2019,2050,2056,2022
2046,2048,2069,2046,1964,2037,2038,2017
2045,2044,2060,2055,1982,2041,2044,2009
2052,2039,2057,2065,2010,2044,2036,2022
2046,2045,2062,2073,2037,2052,2037,2029
2046,2036,2063,2073,2044,2043,2028,2038
2047,2047,2065,2074,2065,2039,2027,2034
2049,2047,2064,2080,2090,2043,2044,2051
2055,2060,2071,2082,2104,2039,2031,2049
2054,2064,2082,2088,2106,2029,2047,2053
2056,2063,2087,2088,2093,2026,2049,2062
2057,2059,2077,2063,2037,2013,2043,2068
2053,2061,2078,2045,1996,2007,2037,2072
2053,2058,2075,2042,1993,2014,2032,2073
2046,2045,2042,2028,2009,2017,2037,2062
2042,2033,2021,2021,2028,2029,2030,2065
2039,2032,2005,2022,2034,2045,2005,2064
2033,2030,1993,2021,2033,2080,2037,2069
2034,2025,1996,2017,2019,2091,2037,2061
2038,2035,2003,2006,2015,2085,2046,2055
2040,2044,2013,1996,2026,2073,2037,2052
2044,2044,2021,1997,2039,2068,2046,2052
2052,2048,2031,2002,2042,2066,2032,2049
2057,2056,2052,2009,2053,2069,2043,2052
2063,2068,2070,2020,2056,2076,2066,2047
2059,2062,2058,2026,2078,2076,2046,2038
2059,2043,2037,2022,2068,2072,2033,2035
2055,2044,2038,2028,2063,2057,2042,2026
2050,2040,2038,2034,2044,2035,2034,2016
2039,2031,2038,2034,2040,2034,2014,2009
2044,2038,2051,2038,2029,2046,2030,2007
2052,2059,2078,2047,2043,2053,2048,2013
2061,2079,2097,2042,2008,2055,2050,2031
2069,2080,2086,2024,1865,2050,2049,2035
2068,2076,2077,2005,1906,2057,2036,2031
2064,2066,2068,1993,1926,2058,2021,2032
2055,2062,2057,1988,1929,2063,2014,2032
2055,2059,2051,1995,1980,2078,2038,2039
2053,2056,2049,2012,2002,2064,2050,2044
2055,2052,2056,2022,2006,2057,2060,2053
2055,2054,2066,2048,2060,2075,2076,2056
2054,2059,2072,2062,2118,2089,2073,2059
2064,2057,2074,2075,2180,2068,2056,2067
2065,2054,2072,2066,2168,2043,2052,2073
2059,2051,2068,2065,2170,2030,2021,2081
2057,2054,2059,2050,2124,2013,2045,2084
2047,2048,2047,2034,2068,2008,2038,2075
2050,2033,2044,2031,2049,2029,2055,2076
2048,2044,2048,2031,2053,2042,2059,2074
2063,2050,2048,2024,2059,2048,2054,2077
2056,2048,2049,2020,2062,2059,2049,2065
2055,2047,2052,2011,2033,2061,2044,2059
2054,2043,2054,2015,1979,2059,2037,2054
2045,2041,2053,2025,1984,2053,2047,2051
2048,2046,2059,2042,2009,2028,2063,2049
2052,2039,2056,2043,2015,2031,2059,2047
2048,2036,2045,2040,1987,2049,2059,2035
2053,2032,2039,2041,1975,2046,2065,2032
2052,2039,2043,2043,1982,2039,2047,2027
2052,2045,2044,2030,1993,2028,2047,2028
2053,2046,2044,2042,2016,2043,2048,2025
2046,2036,2033,2044,2063,2038,2054,2015
2051,2044,2035,2043,2093,2044,2036,2008
2046,2030,2024,2051,2121,2052,2043,2005
2043,2026,2020,2061,2137,2077,2057,2014
2058,2035,2030,2084,2110,2078,2052,2017
2053,2032,2033,2042,1973,2057,2057,2016
2064,2022,2032,2028,2015,2096,2079,2025
2066,2037,2033,2033,2077,2118,2092,2035
2064,2041,2036,2027,2061,2096,2073,2039
2061,2036,2042,2023,2035,2059,2062,2043
2060,2035,2047,2032,2027,2055,2059,2041
2057,2027,2061,2055,2058,2073,2060,2048
2054,2037,2068,2062,2051,2070,2037,2051
2059,2044,2070,2054,2003,2061,2030,2057
2055,2047,2063,2029,1995,2037,2013,2060
2054,2034,2044,2020,1990,1990,2012,2063
2044,2034,2038,2041,2034,1969,2026,2066
