CH1,CH2,CH3,CH4,CH5,CH6,CH7,CH8
2049,2047,2029,2041,1988,2049,2049,1992
2037,2032,2020,2028,1992,2041,2016,1997
2032,2026,2022,2020,2007,2040,2019,2001
2033,2037,2028,2022,2058,2051,2051,2013
2038,2041,2033,2031,2078,2050,2049,2010
2038,2039,2040,2023,2048,2033,2032,2007
2034,2036,2039,2016,2050,2024,2026,2002
2038,2036,2034,2019,2096,2052,2030,2013
2043,2042,2042,2025,2123,2060,2054,2028
2050,2047,2051,2033,2120,2060,2047,2031
2051,2050,2057,2049,2109,2060,2049,2053
2058,2052,2054,2036,2079,2055,2035,2065
2055,2059,2059,2015,2006,2041,2040,2064
2059,2053,2049,2006,1966,2036,2030,2080
2056,2056,2036,2009,1985,2032,2017,2080
2057,2057,2041,2014,2002,2033,2034,2088
2055,2055,2031,2018,2011,2044,2059,2085
2052,2050,2024,2020,2021,2046,2052,2089
2039,2033,2020,2017,2018,2041,2037,2089
2034,2032,2021,2018,2021,2042,2042,2089
2041,2050,2028,2027,2040,2046,2033,2084
2043,2054,2050,2029,2062,2048,2034,2073
2045,2056,2056,2040,2077,2053,2045,2056
2042,2055,2047,2044,2099,2056,2034,2049
2042,2051,2047,2053,2107,2057,2042,2043
2045,2053,2046,2060,2087,2053,2035,2038
2046,2048,2041,2071,2082,2052,2044,2037
2046,2042,2044,2069,2072,2052,2034,2029
2040,2043,2050,2064,2074,2051,2040,2022
2046,2048,2052,2062,2072,2054,2045,2025
2051,2052,2061,2065,2063,2053,2044,2024
2055,2056,2064,2065,2052,2049,2031,2020
2054,2049,2056,2057,2036,2057,2042,2013
2057,2052,2058,2049,2042,2052,2043,2018
2055,2045,2056,2037,2033,2050,2048,2007
2050,2041,2059,2023,2027,2046,2044,2007
2050,2043,2065,2021,2030,2046,2058,2005
2052,2049,2071,2009,2008,2040,2039,2005
2054,2049,2066,1997,2008,2038,2042,2014
2051,2048,2058,2006,2014,2037,2060,2014
2052,2044,2047,2004,2015,2030,2033,2021
2044,2044,2033,1986,2012,2018,2017,2025
2036,2048,2029,1998,1999,2008,2039,2040
2049,2057,2038,2017,2017,2031,2046,2037
2047,2061,2040,2028,2021,2044,2054,2039
2043,2056,2050,2039,2020,2046,2045,2042
2045,2054,2057,2050,2025,2058,2052,2047
2049,2052,2071,2077,2041,2058,2047,2063
2053,2055,2078,2104,2080,2031,2061,2080
2052,2052,2081,2109,2124,2041,2074,2084
2046,2042,2069,2098,2129,2052,2072,2081
2033,2025,2053,2084,2123,2069,2050,2078
2032,2020,2048,2094,2125,2075,2080,2089
2041,2034,2059,2090,2113,2082,2087,2093
2052,2045,2056,2091,2104,2087,2076,2085
2056,2048,2051,2078,2094,2076,2078,2081
2046,2047,2050,2071,2094,2083,2055,2071
2052,2051,2064,2070,2092,2070,2060,2059
2049,2053,2064,2054,2084,2050,2056,2045
2046,2053,2051,2032,2059,2034,2049,2035
2048,2051,2041,2024,2064,2034,2043,2033
2048,2047,2029,2014,2067,2039,2054,2030
2048,2044,2013,2005,2068,2045,2044,2031
2054,2042,2012,2003,2098,2050,2047,2025
2049,2047,2009,2002,2115,2055,2047,2026
2045,2045,2012,2012,2125,2054,2041,2013
2049,2035,2017,2025,2134,2061,2056,2017
2050,2046,2032,2029,2097,2057,2035,2009
2045,2031,2035,2027,2056,2054,2049,2005
2044,2037,2032,2038,2058,2057,2051,2010
2054,2046,2046,2048,2056,2059,2053,2016
2060,2054,2057,2045,2009,2048,2051,2018
2052,2046,2050,2039,1970,2050,2041,2013
2054,2044,2053,2040,2042,2055,2054,2026
2050,2042,2057,2046,2078,2055,2045,2025
2044,2041,2058,2044,2039,2052,2051,2033
2049,2049,2072,2044,1996,2052,2049,2038
2055,2054,2082,2048,1996,2063,2057,2047
2054,2052,2079,2042,2011,2057,2045,2050
2057,2054,2081,2043,2031,2041,2055,2063
2050,2058,2088,2060,2070,2036,2043,2073
2043,2052,2078,2067,2102,2044,2057,2081
2046,2055,2076,2073,2130,2058,2055,2090
2047,2055,2067,2080,2191,2067,2054,2095
2045,2051,2052,2081,2197,2064,2048,2091
2050,2053,2058,2073,2158,2051,2036,2091
2051,2056,2056,2045,2037,2016,2029,2089
2049,2051,2057,2037,2006,2010,2022,2073
2048,2050,2059,2037,2030,2019,2026,2062
2039,2046,2054,2041,2019,2024,2047,2061
2041,2045,2060,2027,2001,2021,2040,2051
2045,2052,2056,2007,1914,2024,2060,2044
2045,2053,2060,2009,1944,2040,2050,2037
2041,2052,2055,2026,2016,2049,2057,2034
2043,2046,2048,2025,2014,2043,2063,2027
2048,2045,2043,2021,2015,2036,2043,2021
2047,2044,2041,2018,2020,2036,2044,2019
2034,2040,2037,2021,2038,2034,2041,2010
2031,2040,2033,2027,2036,2037,2039,2004
2028,2033,2031,2019,2009,2041,2039,2003
2035,2028,2028,2016,2007,2037,2043,1997
2032,2034,2038,2030,2030,2042,2054,2005
2049,2051,2050,2043,2048,2058,2058,2015
2052,2053,2046,2040,2034,2057,2056,2019
2051,2052,2048,2032,2017,2065,2063,2028
2060,2053,2037,2030,2010,2066,2073,2022
2065,2039,2027,2027,2012,2064,2067,2026
2052,2030,2023,2027,2015,2059,2071,2033
2041,2025,2015,2024,2005,2050,2057,2030
2028,2030,2024,2037,2024,2059,2067,2038
2035,2044,2036,2055,2054,2081,2074,2048
2047,2050,2041,2059,2077,2091,2080,2062
2048,2050,2034,2064,2089,2092,2065,2081
2050,2049,2022,2059,2080,2084,2060,2082
2056,2043,2029,2072,2099,2078,2064,2091
2049,2054,2052,2080,2099,2064,2061,2092
2047,2059,2068,2079,2093,2053,2050,2082
2037,2062,2075,2089,2094,2051,2041,2088
2037,2065,2082,2101,2101,2050,2053,2087
2050,2066,2066,2103,2107,2050,2052,2082
2058,2064,2057,2103,2096,2031,2061,2077
2056,2057,2056,2096,2080,2021,2046,2069
2052,2048,2045,2073,2082,2016,2050,2058
2051,2043,2031,2036,2055,2016,2045,2043
2044,2038,2028,2008,2040,2016,2044,2036
2044,2043,2046,2003,2033,2027,2052,2036
2047,2053,2056,2018,2025,2037,2068,2032
2049,2054,2058,2033,2023,2047,2054,2026
2052,2056,2058,2042,2026,2057,2049,2017
2051,2053,2058,2029,2000,2052,2061,2014
2050,2047,2053,2030,1998,2043,2050,2012
2049,2051,2044,2027,2023,2048,2047,2006
2048,2057,2040,2035,2013,2047,2052,2007
2044,2043,2028,2029,2015,2041,2043,1998
2037,2044,2033,2027,2012,2043,2044,2002
2046,2053,2054,2043,2030,2053,2052,2010
2054,2059,2054,2046,2046,2056,2050,2012
2053,2060,2055,2040,2037,2049,2039,2020
2056,2060,2051,2032,2044,2039,2062,2028
2053,2067,2047,2051,2083,2059,2060,2030
2054,2063,2051,2050,2073,2063,2061,2033
2052,2061,2048,2051,2085,2062,2060,2044
2060,2062,2056,2062,2105,2070,2070,2052
2060,2067,2068,2073,2116,2065,2079,2066
2052,2062,2073,2077,2103,2052,2069,2069
2051,2062,2074,2067,2087,2053,2071,2071
2051,2057,2065,2045,2061,2040,2038,2081
2044,2044,2057,2031,2036,2017,2024,2082
2043,2039,2049,2027,2032,2004,2031,2076
2035,2029,2041,2021,2015,2003,2026,2081
2036,2025,2040,2024,2008,2012,2024,2078
2040,2040,2043,2034,2032,2031,2042,2076
2045,2047,2046,2048,2056,2043,2043,2083
2042,2038,2034,2041,2054,2040,2043,2073
2038,2047,2041,2045,2048,2037,2042,2053
2041,2054,2050,2051,2024,2035,2037,2045
2045,2055,2041,2041,2028,2024,2022,2045
2054,2049,2029,2043,2037,2021,2053,2045
2053,2042,2016,2042,2049,2027,2041,2040
2044,2034,2014,2045,2066,2032,2048,2029
2047,2041,2032,2061,2071,2040,2054,2021
2052,2045,2040,2061,2070,2038,2050,2020
2043,2047,2036,2050,2073,2036,2057,2011
2046,2048,2034,2050,2084,2042,2050,2010
2041,2049,2043,2065,2088,2054,2055,1998
2025,2036,2040,2065,2044,2048,2044,1996
2025,2033,2039,2067,2014,2059,2057,2006
2029,2029,2039,2077,2046,2073,2049,2006
2039,2032,2030,2078,2059,2073,2061,2020
2047,2045,2037,2085,2060,2068,2059,2024
2066,2055,2041,2069,2029,2057,2040,2025
2064,2049,2032,2042,1998,2038,2059,2031
2057,2042,2027,2017,1982,2039,2061,2029
2046,2043,2024,1993,1985,2042,2037,2036
2043,2049,2036,1993,1992,2049,2038,2055
2057,2055,2060,2013,1996,2051,2050,2070
2052,2069,2078,2037,2013,2055,2056,2075
2057,2070,2084,2059,2021,2052,2043,2082
2055,2066,2077,2050,1979,2036,2039,2085
2049,2060,2061,2026,1999,2037,2063,2083
2048,2052,2053,2021,2027,2028,2026,2077
2040,2037,2058,2035,2021,2013,2024,2072
2024,2026,2059,2041,2021,2008,2023,2076
2029,2031,2061,2054,2035,2016,2047,2087
2043,2048,2073,2063,2031,2017,2047,2087
2045,2046,2058,2038,2034,2040,2052,2078
2046,2049,2050,2021,2058,2061,2035,2075
2046,2041,2043,2041,2101,2074,2048,2059
2041,2038,2045,2076,2142,2078,2060,2054
2036,2040,2048,2094,2133,2089,2047,2036
2042,2036,2044,2099,2108,2095,2052,2033
2040,2041,2049,2091,2079,2096,2056,2034
2054,2054,2058,2083,2081,2101,2054,2033
2053,2054,2056,2074,2089,2097,2050,2027
2054,2050,2053,2063,2089,2070,2034,2018
2057,2047,2047,2063,2077,2015,2053,2009
2052,2039,2050,2062,2071,2006,2043,2005
2045,2042,2045,2057,2074,2018,2052,2003
2039,2027,2036,2049,2076,2026,2028,2003
2035,2026,2031,2057,2077,2040,2013,2006
2043,2038,2043,2073,2079,2054,2030,2024
2046,2052,2052,2082,2084,2056,2045,2015
2051,2057,2058,2086,2088,2068,2044,2019
2050,2062,2056,2084,2114,2077,2046,2027
2057,2059,2052,2070,2113,2076,2062,2030
2057,2058,2053,2050,2155,2075,2046,2037
2055,2056,2055,2042,2171,2063,2043,2033
2052,2054,2053,2019,2094,2040,2058,2035
2043,2045,2044,2012,2069,2032,2042,2036
2039,2043,2042,2026,2088,2041,2042,2050
2039,2032,2038,2058,2122,2057,2045,2077
2038,2037,2047,2080,2121,2054,2041,2081
2044,2034,2042,2075,2089,2041,2058,2088
2035,2042,2047,2078,2032,2029,2049,2086
2037,2035,2045,2082,1956,2019,2030,2080
2032,2032,2053,2096,1982,2030,2058,2076
2028,2034,2066,2107,2026,2042,2063,2077
2035,2040,2060,2112,2031,2043,2055,2072
2034,2043,2056,2093,2038,2038,2050,2065
2042,2043,2052,2085,2026,2024,2055,2072
2046,2056,2063,2062,2009,2017,2067,2062
2049,2059,2064,2021,1994,2012,2045,2055
2051,2061,2052,2001,1987,2027,2049,2047
2051,2056,2052,2024,1988,2047,2064,2041
2049,2056,2062,2056,2015,2062,2051,2038
2048,2062,2070,2067,2021,2056,2047,2036
2043,2060,2064,2058,2018,2054,2033,2025
2043,2051,2044,2039,2011,2053,2040,2017
2036,2045,2033,2040,2017,2053,2061,2007
2042,2044,2038,2045,2028,2056,2067,2002
2038,2047,2030,2046,2043,2047,2053,1999
2034,2036,2018,2025,2036,2033,2045,2003
2032,2034,2013,1996,2034,2031,2060,2008
2040,2042,2014,1983,2036,2039,2073,2004
2041,2041,2018,1986,2034,2045,2058,2001
2034,2038,2023,1998,2039,2053,2058,2009
2029,2035,2019,2004,2041,2050,2063,2018
2031,2035,2018,2005,2045,2045,2063,2029
2034,2035,2021,2004,2021,2033,2047,2025
2031,2034,2020,1999,1986,2026,2049,2031
2034,2031,2022,2004,1993,2025,2051,2044
2040,2036,2021,2004,2010,2033,2054,2058
2049,2038,2013,2011,2016,2026,2040,2065
2049,2029,2010,2012,2029,2039,2043,2068
2043,2028,2007,2019,2033,2046,2030,2077
2035,2036,2017,2031,2030,2046,2065,2081
2025,2040,2029,2029,2034,2046,2062,2086
2027,2033,2033,2018,2018,2034,2047,2082
2025,2040,2039,2011,2025,2033,2050,2090
2035,2050,2049,2006,2045,2049,2073,2085
2044,2056,2052,2013,2052,2058,2059,2084
2051,2053,2051,2005,2053,2056,2052,2074
2056,2050,2044,1994,2048,2053,2058,2077
2053,2049,2036,1996,2042,2049,2053,2061
2048,2045,2040,2012,2020,2045,2055,2055
2045,2048,2047,2023,1990,2048,2043,2049
2052,2057,2053,2032,2022,2053,2053,2043
2052,2058,2059,2031,2018,2052,2043,2042
2052,2061,2062,2043,2012,2049,2049,2042
2055,2063,2068,2050,2005,2053,2039,2030
2052,2059,2063,2042,2009,2052,2057,2023
2048,2056,2051,2036,2017,2046,2051,2010
2042,2048,2047,2028,2042,2058,2046,1999
2032,2039,2036,2015,2063,2071,2030,1997
2031,2035,2034,2026,2097,2098,2051,1999
2041,2046,2048,2040,2114,2116,2070,2010
2049,2054,2048,2046,2097,2099,2064,2012
2046,2053,2045,2049,2100,2042,2065,2020
2045,2053,2046,2058,2119,2011,2060,2023
2048,2054,2045,2065,2149,2020,2052,2031
2049,2060,2047,2068,2161,2054,2073,2031
2050,2056,2052,2068,2134,2058,2065,2036
2044,2057,2047,2054,2062,2055,2037,2037
2035,2054,2044,2027,1938,2026,2029,2038
2030,2051,2036,2019,1929,2021,2038,2042
2029,2045,2034,2021,1929,2012,2033,2058
2034,2043,2033,2019,1969,2007,2047,2078
2047,2047,2043,2048,2040,2008,2060,2091
2053,2056,2038,2054,2059,2003,2068,2105
2054,2051,2032,2037,2066,2011,2048,2104
2032,2037,2011,2036,2055,2029,2037,2104
2033,2044,2021,2050,2019,2026,2064,2102
2042,2060,2038,2061,2018,2033,2063,2094
2045,2056,2049,2072,2054,2047,2060,2081
2046,2044,2053,2076,2075,2047,2079,2069
2043,2049,2058,2063,2091,2045,2061,2073
2051,2050,2053,2046,2076,2040,2047,2055
2048,2047,2045,2034,2066,2040,2036,2051
2052,2046,2029,2036,2054,2043,2029,2046
2052,2056,2037,2047,2052,2044,2030,2039
2056,2053,2035,2061,2052,2040,2052,2031
2045,2052,2034,2068,2055,2040,2037,2021
2042,2052,2042,2071,2058,2045,2053,2021
2037,2051,2044,2075,2064,2044,2048,2020
2036,2057,2059,2075,2062,2050,2050,2016
2038,2057,2060,2059,2055,2043,2035,2009
2036,2045,2077,2049,2051,2038,2036,2013
2036,2045,2089,2061,2065,2050,2055,2014
2049,2063,2095,2062,2068,2047,2068,2014
2052,2060,2069,2058,2064,2051,2065,2024
2048,2059,2066,2049,2060,2042,2066,2025
2050,2057,2060,2054,2067,2043,2053,2033
2046,2053,2062,2056,2064,2052,2054,2030
2042,2058,2060,2050,2062,2048,2041,2037
2046,2055,2062,2046,2056,2049,2045,2052
2055,2055,2064,2045,2065,2056,2051,2055
2049,2058,2058,2038,2065,2060,2059,2069
2050,2057,2056,2037,2061,2064,2079,2072
2049,2054,2058,2041,2067,2057,2085,2084
2054,2061,2062,2053,2054,2039,2076,2091
2055,2064,2069,2053,2045,2031,2074,2094
2053,2058,2070,2051,2053,2033,2058,2088
2052,2055,2061,2046,2051,2036,2041,2088
2049,2046,2051,2045,2047,2047,2039,2087
2047,2053,2055,2043,2050,2055,2056,2086
2040,2052,2063,2046,2049,2058,2066,2082
2037,2055,2061,2043,2052,2060,2082,2071
2038,2054,2059,2048,2056,2062,2080,2065
2039,2057,2065,2050,2060,2058,2068,2060
2042,2051,2063,2052,2048,2056,2066,2053
2048,2052,2052,2046,2053,2051,2057,2037
2040,2047,2057,2049,2059,2044,2060,2030
2046,2050,2054,2056,2065,2042,2053,2035
2052,2050,2052,2055,2052,2028,2053,2034
2049,2056,2050,2050,2050,2016,2027,2027
2041,2049,2047,2046,2041,2005,2040,2023
2044,2057,2048,2052,2045,2009,2053,2017
2043,2053,2052,2054,2047,2010,2040,2006
2035,2049,2043,2052,2053,2014,2046,2010
2040,2041,2047,2047,2059,2026,2052,2014
2044,2057,2056,2056,2063,2025,2058,2018
2044,2049,2047,2055,2057,2030,2049,2026
2040,2046,2044,2056,2061,2034,2068,2033
2049,2047,2049,2058,2057,2043,2046,2034
2054,2051,2051,2060,2056,2043,2059,2035
2054,2058,2055,2057,2046,2040,2041,2041
2052,2050,2045,2045,2037,2049,2047,2051
2044,2049,2040,2045,2042,2057,2038,2056
2044,2045,2038,2047,2041,2060,2050,2063
2048,2036,2036,2045,2042,2050,2046,2075
2043,2044,2038,2047,2044,2049,2044,2075
2041,2040,2042,2057,2052,2056,2060,2068
2027,2040,2042,2056,2051,2053,2066,2076
2034,2043,2042,2055,2053,2053,2062,2078
2038,2030,2026,2049,2040,2051,2064,2084
2038,2029,2020,2040,2040,2045,2061,2080
2045,2044,2032,2041,2043,2042,2045,2079
2042,2043,2027,2040,2039,2040,2041,2074
2048,2037,2026,2041,2040,2034,2031,2068
2038,2033,2016,2045,2032,2036,2043,2068
2038,2043,2027,2052,2035,2042,2026,2057
2048,2048,2033,2060,2039,2041,2032,2046
2045,2049,2039,2061,2039,2036,2027,2033
2045,2051,2047,2063,2044,2038,2043,2032
2040,2055,2052,2059,2036,2035,2045,2024
2039,2055,2056,2055,2028,2036,2027,2013
2044,2053,2049,2055,2029,2042,2030,2015
2040,2046,2038,2049,2031,2037,2027,2017
2039,2044,2044,2044,2029,2030,2026,2008
2039,2044,2050,2050,2025,2038,2052,2004
2038,2042,2045,2052,2037,2050,2046,2006
2036,2042,2060,2057,2053,2067,2067,2013
2047,2053,2058,2064,2053,2081,2067,2013
2043,2051,2060,2061,2062,2082,2064,2016
2042,2049,2060,2062,2059,2078,2051,2021
2042,2046,2058,2059,2056,2054,2052,2027
2039,2042,2058,2064,2060,2052,2036,2030
2042,2046,2064,2059,2068,2054,2045,2042
2045,2042,2056,2057,2067,2049,2056,2044
2047,2037,2047,2054,2069,2046,2058,2055
2044,2042,2047,2055,2070,2046,2049,2061
2043,2036,2040,2054,2072,2041,2036,2063
2044,2034,2045,2054,2061,2040,2031,2071
2041,2035,2042,2046,2061,2027,2013,2082
2037,2036,2045,2053,2065,2023,2021,2089
2036,2031,2039,2054,2056,2027,2029,2076
2025,2022,2034,2046,2053,2032,2037,2074
2026,2026,2032,2051,2052,2038,2049,2066
2024,2036,2036,2053,2049,2037,2033,2068
2016,2031,2035,2050,2048,2041,2036,2066
2026,2037,2039,2054,2053,2053,2052,2069
2042,2049,2037,2049,2057,2053,2034,2067
2049,2051,2039,2055,2051,2051,2049,2054
2050,2052,2036,2063,2046,2055,2061,2042
2053,2050,2035,2061,2055,2064,2063,2034
2042,2049,2040,2057,2063,2058,2034,2030
2043,2046,2037,2058,2061,2052,2034,2029
2036,2044,2039,2057,2061,2045,2043,2023
2039,2043,2042,2051,2050,2045,2023,2020
2043,2040,2031,2045,2051,2034,2028,2010
2050,2040,2034,2050,2048,2028,2040,2012
2056,2047,2036,2045,2040,2022,2050,2010
2050,2044,2031,2047,2034,2026,2040,2011
2040,2033,2029,2048,2044,2031,2036,2014
2047,2051,2037,2053,2051,2038,2038,2009
2041,2052,2047,2057,2058,2065,2050,2016
2050,2054,2056,2054,2056,2087,2043,2018
2058,2052,2058,2052,2056,2090,2060,2026
2056,2049,2052,2053,2045,2090,2048,2034
2049,2044,2051,2050,2053,2082,2035,2036
2044,2052,2057,2054,2059,2078,2045,2037
2046,2043,2052,2060,2054,2073,2036,2048
2046,2038,2050,2061,2049,2074,2044,2049
2035,2038,2053,2051,2045,2063,2037,2069
2033,2042,2056,2053,2053,2051,2038,2080
2037,2049,2060,2053,2058,2047,2050,2097
2042,2050,2065,2060,2053,2030,2054,2085
2042,2045,2056,2051,2045,2020,2056,2087
2037,2039,2050,2053,2034,2018,2040,2094
2035,2038,2052,2053,2038,2035,2059,2094
2038,2046,2046,2047,2038,2052,2042,2087
2043,2039,2041,2041,2030,2073,2047,2071
2041,2033,2043,2043,2032,2089,2050,2063
2046,2047,2060,2054,2038,2103,2043,2055
2047,2049,2060,2048,2035,2098,2031,2057
2059,2056,2053,2047,2033,2064,2025,2050
2060,2051,2059,2047,2028,1998,2030,2035
2051,2046,2058,2047,2017,1980,2041,2024
2044,2059,2059,2055,2051,2002,2051,2024
2050,2052,2054,2056,2051,2019,2019,2024
2046,2054,2050,2053,2043,2026,2028,2021
2055,2058,2054,2058,2049,2031,2054,2016
2056,2060,2053,2051,2040,2041,2052,2016
2046,2057,2048,2046,2039,2034,2047,2010
2042,2042,2041,2038,2035,2031,2046,2007
2044,2046,2052,2043,2052,2044,2050,2019
2063,2060,2057,2052,2053,2038,2035,2020
2054,2062,2061,2061,2046,2032,2044,2015
2056,2052,2053,2054,2037,2033,2036,2016
2055,2054,2051,2058,2036,2036,2038,2027
2053,2054,2050,2047,2041,2047,2027,2034
2054,2047,2049,2053,2051,2047,2023,2035
2056,2041,2048,2050,2036,2035,2029,2041
2046,2045,2046,2055,2033,2041,2034,2047
2050,2049,2049,2056,2039,2044,2034,2056
2051,2055,2056,2064,2050,2047,2045,2062
2054,2051,2059,2062,2057,2053,2045,2067
2046,2052,2051,2053,2062,2053,2060,2080
2045,2047,2054,2052,2072,2058,2063,2080
2048,2043,2051,2037,2065,2056,2053,2079
2044,2040,2048,2030,2054,2049,2045,2090
2049,2052,2054,2040,2048,2053,2042,2096
2054,2054,2057,2042,2046,2057,2046,2091
2054,2055,2057,2042,2043,2052,2060,2081
2054,2051,2048,2040,2048,2047,2046,2069
2055,2050,2049,2042,2048,2053,2060,2066
2047,2045,2054,2049,2055,2058,2056,2061
2044,2050,2046,2047,2050,2052,2049,2054
2044,2048,2050,2047,2040,2052,2049,2041
2041,2045,2051,2049,2044,2058,2040,2037
2045,2044,2049,2048,2044,2053,2049,2031
2044,2053,2045,2045,2047,2049,2048,2026
2044,2052,2045,2045,2042,2050,2044,2028
2045,2052,2047,2045,2040,2050,2043,2015
2043,2050,2050,2052,2047,2056,2066,2018
2046,2043,2040,2049,2034,2053,2049,2012
2043,2041,2041,2045,2037,2044,2027,2011
2049,2050,2052,2053,2048,2056,2020,2022
2050,2057,2053,2057,2049,2057,2026,2022
2053,2055,2055,2052,2049,2061,2048,2024
2057,2056,2054,2056,2052,2067,2043,2027
2054,2059,2056,2061,2055,2068,2038,2028
2056,2060,2054,2059,2058,2070,2063,2029
2054,2046,2061,2056,2058,2069,2063,2044
2046,2051,2053,2059,2059,2064,2044,2052
2051,2051,2056,2059,2059,2057,2056,2060
2050,2056,2052,2059,2057,2049,2061,2068
2056,2054,2053,2057,2054,2050,2051,2085
2056,2057,2058,2060,2055,2043,2033,2086
2060,2057,2057,2057,2050,2042,2035,2094
2051,2055,2056,2054,2056,2045,2035,2093
2043,2040,2043,2045,2046,2043,2051,2079
2034,2033,2040,2047,2046,2044,2053,2085
2041,2040,2047,2059,2050,2057,2056,2085
2047,2045,2054,2057,2054,2057,2054,2079
2051,2045,2059,2054,2048,2056,2045,2066
2048,2050,2051,2057,2044,2058,2043,2054
2054,2049,2054,2056,2040,2052,2039,2051
2046,2049,2053,2055,2039,2043,2036,2043
2047,2048,2051,2055,2036,2034,2034,2044
2043,2045,2050,2048,2030,2025,2030,2040
2048,2050,2051,2056,2030,2028,2020,2030
2056,2053,2051,2053,2032,2030,2036,2026
2053,2057,2055,2051,2033,2039,2045,2028
2051,2057,2050,2050,2029,2046,2032,2020
2057,2058,2050,2053,2033,2051,2036,2014
2049,2054,2045,2051,2037,2045,2038,2017
2046,2050,2038,2050,2036,2026,2032,2012
2042,2046,2042,2053,2048,2043,2042,2008
2046,2054,2049,2060,2053,2048,2045,2014
2051,2057,2048,2056,2051,2043,2058,2016
2053,2049,2051,2054,2048,2043,2048,2021
2052,2051,2051,2049,2046,2037,2043,2017
2049,2049,2047,2051,2033,2032,2044,2026
2052,2055,2051,2053,2024,2036,2037,2027
2049,2051,2052,2045,2019,2032,2032,2027
2041,2042,2043,2035,2032,2040,2047,2039
2034,2038,2046,2045,2062,2060,2045,2059
2053,2043,2056,2066,2078,2066,2059,2072
2056,2035,2051,2065,2072,2067,2052,2078
2056,2037,2053,2064,2071,2066,2061,2089
2049,2041,2059,2061,2075,2068,2069,2095
2057,2043,2064,2062,2057,2056,2048,2097
2054,2035,2051,2049,2051,2047,2020,2094
2053,2044,2050,2045,2046,2043,2051,2094
2060,2051,2061,2052,2044,2041,2045,2087
2050,2055,2053,2044,2035,2035,2044,2081
2039,2046,2053,2049,2039,2034,2053,2073
2046,2050,2049,2049,2036,2037,2050,2067
2048,2048,2049,2048,2035,2039,2040,2062
2044,2044,2050,2046,2031,2039,2041,2061
2038,2042,2051,2054,2041,2040,2028,2052
2033,2044,2048,2052,2035,2035,2040,2037
2037,2046,2049,2051,2031,2026,2023,2030
2033,2046,2051,2046,2029,2023,2048,2033
2040,2048,2058,2051,2038,2026,2039,2026
2049,2057,2053,2050,2035,2027,2048,2022
2040,2059,2055,2053,2043,2028,2037,2013
2045,2057,2058,2056,2045,2034,2038,2011
2067,2054,2053,2046,2037,2026,2035,2012
2088,2051,2048,2039,2040,2029,2039,2008
2073,2050,2054,2049,2045,2042,2045,2017
2057,2051,2056,2057,2050,2049,2050,2022
2050,2052,2055,2052,2061,2060,2056,2021
2052,2048,2055,2054,2058,2060,2058,2018
2055,2055,2048,2051,2061,2065,2052,2023
2057,2055,2054,2051,2062,2069,2050,2038
2056,2058,2055,2053,2062,2069,2073,2052
2060,2054,2060,2052,2063,2068,2073,2062
2062,2059,2062,2054,2071,2066,2074,2061
2058,2058,2058,2045,2054,2060,2047,2066
2049,2054,2049,2042,2050,2043,2038,2073
2052,2051,2048,2040,2042,2041,2055,2077
2048,2053,2045,2043,2044,2045,2057,2084
2049,2050,2049,2050,2047,2048,2042,2094
2050,2042,2044,2039,2035,2034,2039,2081
2041,2039,2041,2044,2029,2028,2020,2081
2042,2045,2043,2043,2044,2042,2062,2085
2049,2044,2048,2039,2039,2037,2056,2077
2052,2050,2047,2042,2035,2036,2058,2064
2050,2047,2045,2046,2033,2034,2036,2061
2049,2048,2047,2046,2035,2020,2036,2060
2053,2052,2049,2049,2028,2017,2034,2054
2050,2049,2054,2050,2033,2019,2044,2046
2050,2053,2054,2048,2035,2032,2042,2037
2051,2056,2048,2049,2039,2043,2050,2026
2052,2045,2042,2056,2049,2059,2052,2021
2047,2044,2038,2055,2046,2056,2035,2024
2050,2039,2036,2046,2049,2057,2051,2009
2044,2041,2034,2046,2048,2065,2065,2008
2044,2038,2030,2042,2047,2067,2074,2004
2044,2029,2025,2033,2036,2066,2047,1998
2037,2022,2017,2022,2027,2057,2041,1998
2040,2023,2024,2023,2036,2065,2052,2003
2050,2026,2022,2027,2028,2061,2045,2008
2045,2034,2026,2031,2036,2066,2057,2019
2046,2036,2030,2031,2040,2067,2060,2020
2052,2037,2036,2029,2049,2064,2070,2024
2044,2037,2033,2037,2051,2063,2053,2022
2044,2041,2030,2044,2049,2064,2054,2037
2048,2043,2033,2042,2053,2069,2060,2053
2053,2043,2035,2040,2050,2065,2059,2058
2050,2036,2029,2030,2051,2054,2045,2063
2050,2035,2026,2038,2051,2061,2060,2077
2041,2028,2025,2035,2044,2054,2026,2072
2048,2032,2034,2037,2047,2033,2027,2078
2047,2038,2044,2042,2043,2016,2047,2081
2048,2029,2046,2032,2037,2015,2027,2082
2032,2018,2036,2037,2029,2015,2036,2090
2035,2024,2031,2041,2038,2033,2058,2092
2048,2034,2040,2048,2045,2052,2056,2088
2047,2038,2047,2046,2046,2054,2035,2083
2050,2038,2058,2051,2045,2066,2043,2073
2050,2051,2075,2056,2035,2063,2052,2053
2050,2056,2081,2058,2032,2050,2040,2032
2053,2052,2078,2057,2033,2047,2025,2030
2049,2056,2071,2048,2040,2073,2040,2031
2051,2050,2056,2048,2047,2075,2050,2035
2053,2046,2052,2043,2052,2067,2035,2032
2051,2044,2050,2036,2049,2055,2051,2029
2056,2043,2048,2034,2045,2066,2052,2027
2058,2047,2042,2034,2047,2076,2050,2029
2062,2042,2052,2030,2050,2083,2043,2021
2062,2044,2057,2039,2048,2090,2037,2015
2050,2045,2064,2037,2056,2092,2032,2018
2050,2048,2071,2042,2057,2101,2048,2028
2056,2062,2083,2058,2064,2085,2058,2019
2059,2067,2080,2062,2052,2036,2050,2027
2062,2067,2077,2063,2051,2009,2051,2024
2061,2060,2071,2059,2044,2010,2040,2019
2057,2054,2068,2053,2042,2036,2045,2024
2059,2059,2063,2057,2044,2050,2069,2026
2050,2061,2056,2054,2035,2040,2038,2039
2050,2050,2056,2042,2030,2017,2030,2050
2054,2045,2050,2034,2030,2006,2037,2059
2045,2048,2045,2035,2033,2011,2044,2074
2041,2049,2043,2035,2037,2025,2038,2081
2047,2050,2053,2037,2037,2040,2055,2084
2049,2049,2056,2041,2055,2047,2059,2079
2051,2048,2060,2039,2048,2063,2036,2078
2036,2037,2051,2044,2052,2070,2034,2090
2037,2045,2051,2052,2051,2074,2037,2093
2054,2059,2055,2056,2049,2077,2042,2080
2051,2061,2056,2053,2038,2066,2045,2068
2048,2053,2052,2051,2038,2057,2033,2056
2042,2049,2046,2038,2030,2046,2033,2055
2048,2047,2042,2033,1991,2027,2029,2047
2041,2041,2040,2026,1973,2018,2005,2029
2040,2038,2034,2011,1957,2010,2009,2006
2038,2029,2016,2001,1954,2013,2002,2008
2034,2032,2024,2016,1994,2047,2021,2013
2043,2043,2031,2039,2033,2067,2052,2022
2058,2056,2040,2056,2069,2053,2054,2029
2058,2052,2039,2056,2091,2054,2071,2026
2060,2052,2037,2061,2100,2052,2079,2020
2056,2052,2042,2050,2059,2063,2047,2000
2044,2036,2028,2030,2025,2068,2046,1996
2037,2031,2037,2029,2024,2062,2033,1986
2042,2040,2054,2031,2010,2042,2024,1994
2039,2038,2046,2030,2012,2021,2036,1997
2036,2036,2043,2037,2032,2007,2037,2009
2049,2040,2046,2047,2067,2011,2036,2013
2056,2047,2050,2057,2071,2030,2055,2029
2060,2051,2059,2052,2070,2034,2064,2033
2053,2057,2065,2049,2046,2033,2055,2036
2048,2055,2060,2056,2038,2044,2062,2049
2046,2060,2061,2044,2044,2051,2058,2053
2049,2050,2043,2048,2064,2070,2066,2070
2066,2060,2050,2059,2097,2084,2071,2082
2065,2064,2051,2065,2097,2069,2062,2084
2063,2062,2057,2060,2090,2057,2046,2085
2060,2058,2051,2056,2077,2054,2045,2078
2052,2039,2039,2047,2065,2048,2048,2068
2044,2026,2043,2040,2061,2055,2048,2071
2046,2041,2052,2039,2050,2051,2030,2064
2042,2044,2044,2036,2048,2054,2054,2069
2036,2040,2037,2034,2040,2047,2048,2060
2044,2048,2044,2037,2043,2039,2035,2068
2059,2058,2049,2042,2041,2027,2025,2054
2059,2053,2056,2045,2038,2012,2010,2042
2053,2050,2049,2045,2036,2007,2014,2031
2055,2045,2038,2037,2029,2026,2009,2027
2048,2046,2040,2037,2038,2025,2040,2021
2059,2053,2046,2040,2040,2033,2034,2019
2057,2066,2051,2041,2044,2039,2051,2025
2065,2062,2051,2042,2038,2036,2051,2027
2060,2061,2051,2034,2038,2032,2032,2017
2066,2058,2050,2033,2041,2032,2027,2009
2047,2043,2041,2032,2037,2032,2010,1995
2051,2044,2042,2030,2045,2047,2035,2010
2064,2060,2052,2046,2053,2063,2050,2017
2062,2060,2048,2043,2056,2064,2050,2021
2055,2056,2043,2049,2057,2060,2041,2021
2068,2047,2036,2060,2053,2057,2050,2023
2058,2040,2026,2053,2062,2053,2046,2027
2053,2032,2022,2059,2059,2047,2041,2028
2047,2035,2018,2051,2051,2046,2025,2027
2036,2031,2012,2054,2050,2052,2050,2028
2031,2033,2009,2052,2047,2057,2066,2045
2034,2024,2004,2044,2044,2056,2052,2054
2040,2032,2006,2046,2041,2044,2059,2066
2043,2037,2018,2046,2054,2036,2057,2081
2056,2046,2021,2046,2061,2043,2037,2083
2047,2042,2023,2042,2053,2034,2038,2080
2043,2025,2019,2034,2044,2023,2029,2071
2032,2025,2027,2033,2038,2022,2039,2076
2039,2036,2042,2037,2044,2023,2050,2069
2041,2031,2050,2032,2043,2025,2053,2065
2044,2037,2059,2030,2039,2022,2045,2063
2048,2041,2074,2029,2041,2018,2028,2063
2046,2040,2074,2021,2029,2021,2038,2048
2049,2046,2079,2021,2026,2025,2045,2043
2053,2052,2079,2024,2028,2031,2048,2041
2062,2056,2085,2036,2027,2036,2057,2042
2066,2059,2080,2039,2031,2054,2040,2039
2065,2056,2068,2038,2035,2067,2048,2025
2062,2052,2064,2038,2038,2080,2047,2020
2061,2049,2053,2037,2031,2068,2045,2012
2058,2048,2052,2043,2030,2052,2044,2009
2062,2054,2068,2040,2036,2046,2038,2007
2051,2051,2070,2035,2045,2049,2038,2003
2045,2052,2082,2030,2049,2054,2054,2011
2056,2072,2086,2041,2066,2073,2072,2015
2058,2064,2085,2051,2082,2076,2060,2018
2058,2057,2086,2056,2092,2070,2081,2024
2066,2059,2086,2050,2076,2064,2065,2026
2061,2054,2082,2042,2062,2055,2061,2027
2050,2053,2071,2033,2049,2041,2060,2038
2053,2048,2062,2032,2051,2047,2064,2043
2054,2051,2064,2037,2057,2049,2044,2048
2052,2048,2070,2040,2057,2053,2057,2069
2051,2049,2068,2041,2048,2066,2065,2067
2052,2053,2066,2042,2043,2068,2057,2076
2049,2056,2066,2041,2042,2072,2063,2080
2053,2052,2061,2050,2050,2085,2057,2076
2042,2050,2061,2043,2041,2078,2027,2074
2039,2041,2047,2040,2031,2065,2022,2078
2035,2029,2048,2032,2003,2050,2037,2080
2044,2041,2040,2033,1994,2037,2029,2074
2049,2036,2045,2031,2000,2042,2046,2067
2048,2031,2038,2026,1994,2052,2052,2054
2042,2040,2044,2041,2025,2058,2038,2056
2057,2041,2043,2054,2066,2054,2045,2057
2061,2044,2040,2056,2083,2055,2045,2049
2052,2042,2041,2065,2102,2076,2058,2036
2044,2039,2047,2067,2081,2068,2044,2021
2041,2036,2052,2062,2056,2057,2052,2020
2041,2033,2052,2064,2051,2062,2049,2014
2048,2032,2040,2060,2051,2059,2048,2009
2043,2033,2040,2061,2044,2057,2041,2002
2046,2034,2038,2051,2045,2053,2042,2001
2044,2030,2031,2049,2048,2055,2044,1998
2046,2024,2031,2047,2043,2051,2039,2001
2044,2035,2043,2045,2043,2053,2052,2007
2053,2051,2046,2056,2053,2062,2065,2014
2058,2050,2035,2055,2046,2053,2066,2022
2063,2052,2043,2058,2045,2054,2061,2028
2059,2053,2047,2059,2017,2068,2076,2028
2059,2054,2043,2054,2041,2080,2083,2039
2061,2054,2043,2044,2049,2063,2086,2042
2051,2046,2044,2030,2035,2039,2071,2042
2051,2051,2059,2042,2058,2053,2081,2049
2058,2065,2084,2045,2062,2070,2080,2065
2070,2085,2107,2059,2067,2073,2084,2075
2072,2080,2104,2067,2087,2075,2077,2072
2065,2068,2087,2059,2080,2077,2067,2080
2064,2060,2080,2057,2043,2064,2062,2078
2060,2058,2074,2058,2073,2083,2070,2077
2055,2047,2064,2059,2089,2098,2064,2079
2050,2043,2051,2063,2067,2098,2080,2084
2052,2055,2052,2055,2040,2074,2046,2080
2052,2052,2043,2040,1999,2041,2052,2080
2048,2052,2036,2029,2000,2019,2057,2078
2052,2048,2028,2027,2003,2028,2053,2068
2056,2043,2018,2012,1998,2040,2053,2059
2050,2043,2018,2010,2034,2058,2051,2039
2054,2046,2019,2007,2062,2068,2046,2037
2051,2047,2023,2009,2088,2084,2064,2035
2049,2041,2009,2003,2106,2106,2045,2026
2042,2032,2000,2007,2119,2119,2081,2028
2048,2031,2000,2012,2108,2110,2067,2021
2041,2031,2007,2015,2080,2078,2062,2016
2038,2031,2006,2012,2040,2051,2053,2012
2040,2034,2007,2014,2013,2059,2052,2012
2038,2024,2007,2010,1949,2060,2032,2004
2037,2018,1999,1990,1862,2026,2035,1996
2040,2027,2013,2007,1908,1999,2054,2018
2055,2043,2035,2026,1964,1999,2049,2022
2056,2049,2032,2025,1983,2024,2056,2022
2056,2041,2030,2028,2015,2076,2073,2022
2061,2047,2037,2041,2056,2101,2073,2020
2066,2053,2048,2047,2044,2092,2068,2033
2054,2056,2055,2043,2029,2078,2065,2038
2056,2057,2069,2047,2033,2033,2071,2050
2064,2056,2073,2052,2037,2016,2062,2060
2058,2052,2071,2051,2063,2028,2058,2066
2063,2055,2079,2064,2085,2033,2062,2078
2072,2059,2089,2069,2084,2028,2057,2086
2073,2063,2075,2062,2076,2024,2058,2082
2060,2050,2059,2057,2071,2030,2032,2074
2054,2041,2047,2052,2064,2029,2041,2068
2043,2026,2036,2048,2062,2046,2062,2067
2033,2029,2042,2048,2051,2072,2068,2078
2043,2032,2043,2041,2034,2074,2073,2071
2044,2030,2042,2041,2017,2064,2064,2069
2041,2040,2044,2042,1998,2059,2061,2060
2050,2038,2043,2041,2002,2044,2046,2064
2058,2047,2042,2047,2020,2029,2052,2061
2069,2053,2050,2060,2049,2024,2039,2042
2062,2049,2056,2053,2040,2028,2030,2036
2060,2050,2046,2046,2037,2045,2037,2029
2056,2049,2041,2049,2027,2056,2052,2030
2061,2051,2045,2046,2025,2060,2053,2021
2060,2047,2039,2037,2021,2057,2044,2015
2060,2045,2038,2035,2033,2054,2057,2013
2059,2039,2039,2029,2044,2045,2061,2006
2050,2037,2027,2028,2042,2036,2041,2000
2042,2018,2018,2032,2024,2019,2041,2000
2037,2024,2023,2038,2025,2019,2045,2004
2047,2040,2038,2049,2026,2022,2044,2005
2052,2043,2049,2057,2026,2034,2049,2010
2046,2050,2063,2064,2046,2042,2047,2023
2058,2058,2067,2069,2057,2054,2040,2032
2060,2054,2068,2080,2074,2075,2051,2033
2059,2057,2068,2070,2068,2087,2057,2046
2058,2056,2057,2063,2072,2092,2050,2049
2055,2055,2053,2060,2074,2093,2046,2062
2060,2058,2058,2049,2065,2077,2059,2067
2060,2051,2052,2050,2052,2075,2059,2076
2058,2049,2052,2045,2050,2067,2061,2075
2058,2050,2047,2045,2049,2057,2048,2086
2057,2054,2044,2047,2058,2036,2065,2086
2060,2043,2043,2049,2074,2018,2044,2079
2044,2036,2035,2037,2069,2002,2041,2080
2043,2033,2040,2040,2079,2010,2038,2085
2047,2040,2040,2033,2071,2010,2055,2080
2046,2037,2042,2019,2061,2022,2063,2077
2046,2034,2042,2019,2054,2039,2044,2066
2053,2036,2043,2013,2045,2052,2019,2060
2057,2042,2046,2001,2033,2055,2036,2051
2058,2045,2043,2004,2041,2046,2032,2040
2053,2035,2040,2013,2037,2049,2020,2034
2058,2042,2048,2019,2042,2054,2053,2030
2062,2047,2050,2036,2046,2060,2053,2032
2056,2050,2050,2040,2048,2055,2044,2027
2059,2050,2050,2033,2044,2059,2048,2022
2058,2052,2047,2032,2043,2050,2060,2020
2064,2051,2044,2033,2040,2042,2042,2016
2064,2051,2040,2026,2041,2028,2027,2010
2047,2038,2030,2033,2053,2022,2034,2010
2052,2035,2032,2034,2056,2030,2052,2017
2061,2052,2036,2032,2054,2033,2044,2021
2066,2050,2035,2037,2062,2040,2048,2022
2069,2050,2037,2045,2071,2043,2049,2026
2068,2052,2033,2044,2083,2050,2044,2025
2062,2049,2036,2051,2092,2056,2045,2028
2059,2041,2035,2050,2089,2053,2050,2032
2058,2037,2033,2040,2071,2041,2056,2041
2048,2032,2025,2026,2023,2038,2036,2045
2050,2034,2031,2024,1988,2045,2036,2053
2044,2036,2037,2027,2017,2058,2025,2060
2047,2036,2037,2023,2034,2070,2053,2067
2049,2038,2044,2026,2028,2060,2067,2078
2043,2042,2048,2024,2024,2046,2036,2082
2048,2045,2040,2027,2031,2036,2030,2079
2042,2032,2041,2029,2032,2034,2037,2088
2045,2040,2048,2030,2040,2039,2058,2088
2053,2043,2049,2031,2041,2044,2050,2086
2061,2041,2048,2034,2038,2039,2047,2080
2054,2051,2042,2035,2040,2037,2057,2073
2051,2047,2048,2038,2040,2036,2052,2070
2058,2054,2052,2038,2032,2047,2060,2060
2056,2055,2056,2036,2036,2045,2046,2049
2067,2054,2059,2034,2039,2043,2049,2046
2057,2052,2053,2040,2040,2040,2047,2042
2056,2050,2054,2040,2037,2051,2052,2029
2050,2048,2061,2038,2035,2041,2049,2027
2049,2045,2053,2037,2032,2040,2051,2017
2054,2050,2052,2033,2038,2049,2057,2014
2050,2051,2054,2028,2042,2060,2064,2014
2050,2049,2045,2032,2043,2055,2062,2010
2048,2039,2028,2030,2040,2043,2044,2014
2043,2034,2027,2035,2044,2038,2060,2016
2053,2046,2033,2039,2044,2013,2052,2018
2050,2041,2034,2040,2038,2000,2032,2023
2048,2043,2034,2033,2040,2015,2054,2021
2051,2046,2034,2034,2040,2020,2064,2032
2054,2049,2034,2039,2043,2030,2075,2039
2059,2046,2030,2041,2054,2043,2048,2045
2056,2038,2028,2041,2060,2043,2055,2045
2055,2039,2026,2049,2060,2046,2046,2042
2052,2035,2026,2046,2064,2044,2029,2049
2055,2040,2025,2044,2069,2060,2051,2066
2064,2041,2024,2043,2066,2069,2040,2064
2049,2029,2021,2037,2059,2082,2013,2067
2042,2034,2027,2032,2051,2078,2026,2071
2038,2034,2033,2032,2046,2056,2012,2064
2036,2033,2043,2030,2037,2033,2018,2071
2033,2040,2057,2036,2030,2025,2028,2081
2049,2057,2073,2045,2015,2023,2024,2074
2048,2058,2078,2046,1999,2012,2011,2068
2050,2055,2072,2039,1989,2024,2038,2060
2041,2049,2057,2027,2008,2046,2030,2056
2051,2052,2062,2047,2027,2058,2052,2057
2066,2066,2071,2065,2054,2072,2049,2054
2066,2064,2072,2068,2102,2084,2064,2046
2066,2066,2075,2071,2120,2108,2057,2038
2063,2062,2075,2068,2106,2111,2073,2039
2061,2062,2069,2059,2063,2098,2049,2037
2063,2056,2066,2047,2019,2080,2036,2031
2064,2061,2066,2039,2000,2060,2052,2029
2056,2057,2061,2039,2009,2058,2059,2018
2051,2047,2047,2032,1996,2045,2045,2012
2035,2037,2036,2015,2001,2023,2043,2001
2034,2032,2035,2026,2037,2040,2042,2012
2045,2045,2047,2045,2054,2056,2031,2022
2056,2054,2052,2040,2046,2060,2048,2026
2054,2049,2051,2050,2050,2070,2059,2037
2050,2051,2053,2046,2044,2072,2074,2036
2054,2050,2052,2043,2049,2069,2068,2040
2055,2051,2048,2043,2036,2063,2056,2045
2046,2057,2048,2041,2050,2063,2068,2049
2044,2052,2052,2048,2072,2062,2059,2054
2041,2044,2049,2044,2059,2052,2049,2054
2031,2031,2034,2031,2041,2055,2052,2058
2025,2022,2028,2027,2080,2070,2050,2072
2032,2032,2043,2053,2148,2097,2062,2083
2045,2046,2050,2061,2140,2093,2057,2083
2044,2044,2052,2058,2125,2087,2040,2078
2038,2039,2047,2053,2110,2078,2025,2074
2041,2038,2044,2044,2091,2041,2031,2080
2042,2043,2052,2047,2071,1987,2039,2073
2045,2044,2054,2047,2043,1973,2036,2074
2046,2040,2047,2039,1995,1996,2036,2064
2040,2039,2046,2030,1910,1994,2035,2060
2034,2039,2047,2037,1939,2002,2017,2046
2044,2044,2054,2051,1981,2012,2027,2036
2042,2045,2059,2063,2011,2025,2040,2031
2045,2049,2064,2069,2039,2042,2057,2028
2046,2050,2064,2071,2050,2055,2052,2024
2043,2052,2066,2080,2048,2056,2036,2018
2043,2052,2056,2083,2036,2050,2053,2011
2046,2048,2053,2081,2036,2044,2041,2009
2048,2043,2051,2081,2029,2034,2052,2009
2042,2040,2045,2068,2008,2037,2055,1996
2035,2036,2032,2053,1992,2038,2050,1999
2031,2028,2031,2041,1971,2055,2053,1996
2039,2038,2036,2041,1990,2069,2050,1999
2047,2043,2031,2039,1983,2084,2047,1995
2044,2045,2028,2036,1975,2081,2034,1997
2039,2039,2021,2018,1959,2028,2029,1995
2034,2035,2016,2004,1971,1964,2006,2010
2032,2029,2011,1996,1999,1980,2039,2025
2040,2036,2008,1995,2034,2015,2047,2027
2047,2041,2020,2013,2068,2053,2055,2042
2054,2046,2025,2035,2093,2065,2065,2050
2049,2056,2028,2045,2114,2061,2058,2057
2051,2050,2028,2056,2148,2063,2058,2068
2050,2052,2025,2056,2129,2057,2050,2073
2055,2052,2024,2052,2099,2055,2039,2082
2048,2049,2024,2045,2100,2051,2042,2080
2042,2038,2025,2052,2081,2038,2033,2085
2040,2030,2029,2056,2066,2042,2042,2087
2045,2049,2052,2069,2058,2058,2063,2093
2053,2052,2056,2064,2041,2055,2057,2071
2047,2052,2053,2055,2026,2041,2041,2059
2043,2050,2048,2052,2020,2043,2029,2054
2038,2041,2050,2048,2016,2031,2039,2052
2042,2046,2063,2059,2037,2008,2052,2050
2053,2063,2074,2071,2093,2021,2065,2053
2053,2062,2076,2076,2131,2052,2059,2038
2054,2055,2067,2067,2126,2075,2065,2029
2050,2052,2060,2043,2079,2071,2044,2017
2044,2050,2062,2026,2017,2048,2040,2018
2049,2052,2058,2035,2029,2020,2056,2010
2048,2050,2064,2040,2086,2020,2060,2004
2042,2059,2067,2054,2103,2032,2046,2005
2037,2051,2058,2040,2018,2018,2037,2002
2036,2050,2062,2042,2005,2030,2045,2013
2045,2065,2067,2057,2048,2054,2065,2010
2048,2063,2071,2058,2058,2055,2060,2006
2043,2053,2056,2054,2050,2043,2048,2008
2053,2046,2054,2041,2052,2027,2045,2017
2054,2047,2047,2041,2062,2012,2036,2016
2047,2048,2048,2048,2072,2028,2050,2010
2039,2048,2047,2053,2071,2036,2053,2015
2038,2046,2044,2052,2049,2038,2047,2031
2038,2046,2046,2056,2056,2041,2058,2041
2036,2042,2053,2056,2070,2044,2036,2053
2045,2047,2052,2066,2072,2037,2040,2065
2042,2048,2056,2059,2054,2043,2057,2070
2041,2039,2048,2061,2039,2046,2069,2073
2045,2048,2046,2059,2067,2051,2059,2085
2041,2032,2038,2057,2078,2045,2056,2080
2039,2031,2030,2054,2071,2045,2049,2091
2051,2039,2038,2051,2049,2055,2053,2094
2053,2049,2043,2050,2030,2048,2054,2079
2052,2044,2043,2052,2042,2056,2049,2072
2046,2046,2042,2058,2055,2053,2052,2062
2037,2036,2035,2043,2022,2034,2038,2062
2039,2031,2033,2029,2011,2022,2040,2054
2041,2032,2034,2041,2055,2040,2045,2041
2042,2033,2038,2049,2070,2054,2052,2038
2040,2037,2038,2044,2065,2057,2063,2034
2042,2032,2039,2045,2062,2049,2064,2018
2040,2032,2033,2039,2054,2049,2062,2018
2038,2024,2027,2041,2055,2041,2058,2009
2038,2027,2028,2044,2046,2039,2061,2010
2039,2032,2027,2044,2048,2035,2055,2012
2053,2023,2024,2032,2024,2027,2036,2013
2049,2022,2028,2025,2020,2016,2040,2010
2052,2039,2038,2037,2027,2029,2051,2026
2059,2049,2041,2034,2022,2040,2060,2027
2064,2039,2034,2034,2020,2042,2068,2017
2060,2042,2034,2027,2021,2030,2038,2012
2050,2035,2031,2033,2022,2029,2030,2026
2045,2039,2041,2033,2036,2043,2045,2041
2050,2059,2067,2054,2042,2046,2062,2055
2050,2069,2076,2056,2051,2047,2062,2062
2060,2069,2072,2060,2049,2067,2056,2079
2060,2069,2064,2060,2057,2079,2054,2078
2058,2063,2061,2066,2068,2081,2064,2085
2057,2065,2064,2068,2079,2088,2059,2096
2064,2069,2068,2066,2085,2088,2063,2097
2055,2070,2062,2060,2083,2082,2069,2097
2056,2064,2051,2051,2069,2068,2052,2080
2041,2053,2036,2045,2063,2047,2039,2088
2043,2052,2041,2045,2060,2035,2036,2093
2047,2057,2046,2038,2043,2014,2048,2089
2053,2057,2060,2043,2038,1996,2037,2084
2055,2055,2057,2040,2027,1994,2043,2070
2055,2050,2057,2035,2020,2004,2053,2056
2042,2045,2057,2034,2017,2014,2055,2052
2046,2044,2060,2030,2011,2032,2033,2040
2042,2046,2060,2034,1988,2044,2034,2031
2049,2047,2058,2032,1984,2048,2046,2025
2042,2056,2064,2032,1990,2048,2031,2029
2054,2057,2064,2039,1988,2037,2051,2025
2060,2060,2058,2034,1994,2031,2036,2029
2062,2058,2053,2029,1997,2033,2055,2027
2055,2053,2054,2033,2029,2044,2058,2018
2046,2053,2051,2032,2050,2043,2040,2006
2044,2042,2050,2034,2051,2037,2064,2005
2041,2047,2051,2036,2083,2060,2053,2019
2055,2055,2053,2045,2148,2085,2053,2023
2056,2055,2048,2063,2163,2096,2062,2027
2058,2060,2049,2057,2127,2085,2049,2029
2062,2056,2050,2050,2084,2080,2061,2040
2067,2052,2052,2048,2126,2098,2064,2057
2070,2051,2056,2066,2192,2117,2076,2063
2076,2048,2059,2074,2205,2125,2084,2066
2071,2047,2059,2072,2206,2117,2076,2063
2055,2042,2053,2064,2207,2086,2057,2056
2052,2037,2042,2052,2174,2056,2026,2065
2046,2032,2037,2053,2145,2051,2045,2078
2053,2039,2041,2056,2149,2066,2038,2097
2049,2043,2043,2053,2130,2061,2022,2093
2042,2040,2037,2024,2014,2045,2041,2079
2023,2029,2029,2013,1876,2014,2016,2079
2026,2029,2042,2028,1902,2012,2051,2086
2029,2042,2047,2043,1952,2037,2058,2088
2037,2041,2045,2033,1933,2023,2042,2082
2045,2050,2051,2026,1904,2010,2042,2079
2059,2063,2052,2039,1978,2028,2051,2065
2061,2058,2054,2049,2012,2038,2039,2061
2060,2056,2052,2050,2027,2035,2047,2045
2052,2049,2047,2049,2044,2047,2039,2036
2048,2048,2041,2050,2078,2046,2054,2032
2043,2045,2043,2063,2066,2041,2042,2028
2050,2046,2044,2056,2029,2027,2024,2022
2052,2051,2038,2037,2002,2017,2032,2019
2056,2056,2039,2034,2022,2024,2030,2018
2051,2056,2037,2057,2069,2045,2025,2010
2045,2050,2038,2075,2102,2065,2037,2002
2032,2036,2031,2067,2137,2082,2018,2004
2025,2028,2024,2063,2155,2098,2052,2010
2041,2041,2028,2066,2162,2098,2059,2034
2050,2046,2027,2055,2147,2097,2065,2031
2047,2043,2025,2035,2102,2077,2050,2026
2051,2045,2032,2023,2041,2048,2045,2023
2048,2038,2029,2008,1996,2033,2030,2022
2041,2034,2032,2009,1962,1999,2038,2029
2036,2031,2033,1992,1882,1956,2040,2035
2036,2043,2037,2010,1869,1965,2043,2054
2039,2045,2047,2035,1932,2006,2057,2073
2050,2060,2066,2066,2028,2052,2075,2086
2068,2072,2074,2074,2051,2075,2071,2095
2058,2058,2055,2052,2046,2084,2067,2095
2049,2048,2049,2038,2079,2087,2064,2098
2051,2049,2037,2044,2084,2086,2050,2096
2050,2041,2036,2052,2096,2079,2042,2099
2057,2044,2031,2041,2061,2040,2046,2101
2051,2054,2032,2038,2045,1990,2024,2084
2041,2052,2029,2035,2107,2001,2022,2073
2042,2042,2031,2028,2121,2051,2042,2077
2051,2048,2037,2037,2110,2075,2036,2069
2061,2056,2049,2041,2090,2081,2030,2048
2060,2059,2045,2035,2028,2063,2038,2046
2050,2054,2050,2047,2049,2064,2063,2045
2049,2055,2053,2072,2108,2078,2079,2045
2054,2054,2055,2096,2125,2104,2076,2037
2047,2045,2056,2073,1968,2080,2065,2034
2038,2050,2050,2049,1917,2063,2054,2025
2042,2047,2041,2043,1950,2057,2065,2026
2041,2046,2047,2035,1921,2047,2062,2026
2045,2049,2045,2016,1862,2017,2056,2014
2041,2038,2033,1995,1958,2005,2050,2008
2044,2035,2026,2009,2061,2018,2060,2014
2045,2042,2038,2030,2054,2045,2047,2020
2055,2043,2041,2029,1986,2049,2049,2027
2057,2060,2051,2033,2035,2066,2048,2041
2065,2066,2049,2049,2159,2046,2043,2039
2060,2059,2044,2056,2198,2000,2039,2032
2051,2060,2048,2061,2184,2004,2034,2036
2059,2052,2045,2067,2181,2051,2023,2036
2048,2045,2037,2078,2193,2081,2045,2047
2038,2046,2043,2091,2211,2099,2052,2067
2032,2051,2046,2097,2165,2103,2068,2093
2040,2060,2054,2074,2030,2085,2072,2095
2047,2060,2053,2045,2002,2048,2048,2095
2048,2055,2039,2034,1983,1988,2032,2083
2044,2052,2032,2032,1890,1948,2002,2078
2029,2040,2032,2049,1917,1972,2008,2074
2028,2037,2037,2063,1988,2008,2024,2081
2037,2051,2045,2077,2067,2040,2040,2080
2033,2044,2043,2085,2113,2062,2044,2071
2035,2041,2031,2092,2174,2075,2052,2064
2041,2039,2028,2090,2166,2063,2055,2058
2036,2041,2019,2063,2104,2035,2024,2054
2040,2038,2016,2056,2058,2017,2035,2049
2041,2040,2014,2038,2026,2016,2034,2044
2044,2040,2013,2026,2015,2019,2025,2032
2043,2032,1999,2014,2004,2017,2020,2018
2034,2023,1994,1988,2012,2021,2013,2016
2041,2025,2010,2006,2039,2017,2026,2027
2055,2038,2030,2006,2072,1993,2042,2033
2052,2051,2045,2016,2079,2006,2046,2030
2053,2058,2042,2006,2070,2020,2049,2014
2047,2049,2033,2007,2074,2020,2034,2016
2048,2041,2037,2011,2056,2017,2028,2012
2053,2047,2044,2027,2063,2037,2032,2014
2038,2044,2053,2031,2073,2069,2038,2013
2038,2046,2056,2029,2070,2100,2027,2028
2039,2045,2059,2030,2070,2094,2026,2033
2040,2055,2064,2026,2056,2065,2032,2036
2041,2053,2067,2017,2044,2027,2020,2041
2047,2050,2069,2019,2039,2025,2018,2045
2054,2058,2068,2022,2021,2043,2046,2048
2055,2065,2068,2024,2014,2064,2055,2058
2047,2057,2061,2027,2018,2071,2047,2060
2041,2056,2060,2028,2015,2075,2064,2063
2037,2047,2062,2025,1990,2061,2055,2076
2041,2047,2056,2040,2035,2046,2072,2086
2041,2042,2063,2047,2066,2056,2066,2096
2038,2036,2051,2030,2058,2073,2038,2092
2036,2029,2043,2024,2058,2082,2055,2102
2034,2045,2052,2035,2032,2085,2046,2107
2044,2054,2055,2037,2033,2086,2066,2096
2048,2052,2058,2034,2032,2080,2054,2093
2055,2053,2054,2023,2025,2071,2067,2087
2050,2043,2047,2010,2031,2064,2068,2081
2055,2047,2045,2026,2088,2073,2067,2064
2059,2045,2043,2043,2127,2064,2058,2046
2045,2046,2037,2049,2138,2054,2070,2029
2032,2041,2037,2058,2170,2060,2058,2027
2040,2034,2039,2061,2164,2070,2060,2040
2047,2029,2035,2057,2147,2070,2057,2033
2041,2027,2024,2052,2122,2064,2052,2027
2039,2027,2025,2046,2075,2046,2042,2020
2038,2031,2024,2031,1985,2031,2048,2016
2034,2028,2029,2021,1886,2020,2036,2000
2029,2022,2021,2014,1908,2026,2031,2001
2029,2030,2026,2015,1980,2060,2040,2000
2042,2060,2048,2033,2034,2078,2056,2019
2054,2063,2056,2052,2062,2062,2042,2019
2046,2055,2048,2054,2088,2040,2018,2018
2040,2046,2051,2059,2121,2034,2000,2021
2039,2046,2053,2061,2116,2051,2037,2026
2040,2044,2058,2037,2042,2042,2056,2032
2037,2048,2068,2038,2040,2046,2054,2050
2045,2058,2076,2049,2060,2074,2066,2062
2051,2059,2077,2064,2068,2085,2091,2074
2056,2060,2082,2068,2050,2090,2106,2081
2050,2061,2080,2065,2053,2085,2091,2087
2046,2068,2070,2065,2067,2089,2088,2102
2052,2068,2061,2062,2127,2108,2096,2106
2057,2064,2052,2062,2171,2117,2100,2102
2045,2049,2033,2057,2161,2059,2074,2096
2037,2042,2026,2030,2062,2006,2044,2080
2042,2046,2027,2015,1996,2011,2018,2061
2037,2044,2026,2042,2022,2052,2035,2057
2041,2045,2037,2049,2039,2074,2061,2062
2037,2043,2046,2055,2059,2058,2054,2048
2036,2041,2052,2047,2040,1998,2038,2046
2028,2034,2047,2035,2034,1992,2026,2041
2041,2032,2043,2052,2114,2046,2051,2036
2044,2030,2040,2048,2120,2057,2056,2025
2043,2030,2054,2049,2112,2032,2043,2025
2042,2035,2069,2069,2123,1998,2043,2023
2035,2037,2072,2073,2126,2021,2052,2007
2032,2050,2087,2084,2113,2046,2025,2000
2037,2062,2088,2074,2078,2042,2042,1999
2044,2052,2062,2062,2028,2050,2042,1997
2043,2034,2047,2027,1905,2026,2032,1990
2039,2027,2035,2010,1893,2026,2023,1988
2034,2041,2033,2019,1931,2044,2036,2007
2053,2057,2045,2031,1990,2061,2040,2007
2057,2064,2056,2032,2065,2061,2045,2017
2058,2062,2042,2018,2050,2052,2044,2016
2051,2060,2026,2007,2023,2041,2036,2013
2043,2060,2025,2001,2022,2028,2039,2024
2043,2063,2036,2013,2053,2024,2051,2044
2050,2073,2038,2016,2065,2004,2051,2050
2057,2074,2047,2035,2058,1995,2056,2060
2055,2072,2048,2041,2096,1987,2055,2058
2052,2064,2053,2058,2103,2008,2035,2063
2050,2057,2052,2067,2085,2032,2022,2065
2040,2054,2042,2061,2051,2052,2023,2066
2034,2048,2044,2050,2012,2051,2025,2074
2034,2046,2035,2038,1998,2043,2036,2062
2023,2028,2018,2027,2015,2050,2045,2061
2018,2028,2018,2015,1978,2047,2037,2072
2031,2043,2036,2030,2044,2059,2045,2085
2043,2046,2042,2064,2168,2078,2065,2078
2049,2048,2046,2090,2233,2110,2070,2081
2064,2054,2047,2103,2264,2145,2093,2065
2064,2055,2042,2107,2240,2156,2079,2053
2052,2044,2041,2096,2211,2143,2069,2040
2043,2047,2038,2067,2111,2095,2059,2030
2040,2041,2035,2045,1969,2035,2039,2019
2039,2033,2033,2044,2013,1999,2051,2016
2039,2037,2038,2053,2077,2008,2057,2014
2041,2036,2041,2060,2059,2003,2033,2010
2035,2034,2038,2056,2017,1980,2025,2003
2036,2032,2036,2048,1970,1968,2032,2009
2049,2037,2042,2048,1975,1986,2032,2012
2047,2030,2042,2039,1983,2000,2030,1993
2036,2032,2035,2042,2018,2034,2027,1986
2032,2041,2042,2054,2042,2064,2049,1995
2040,2052,2053,2050,2053,2078,2056,2011
2041,2050,2054,2043,2041,2068,2048,2015
2050,2059,2051,2032,2018,2071,2052,2017
2054,2064,2058,2028,2016,2074,2035,2020
2061,2066,2055,2042,2033,2075,2037,2027
2057,2066,2058,2056,2061,2069,2039,2034
2060,2062,2059,2056,2103,2066,2045,2049
2058,2056,2053,2056,2110,2067,2063,2057
2056,2056,2055,2055,2097,2057,2064,2065
2058,2052,2058,2054,2104,2037,2051,2069
2056,2059,2058,2059,2092,2014,2045,2081
2060,2058,2059,2057,2070,2013,2043,2082
2054,2054,2055,2055,2030,2021,2050,2092
2046,2037,2039,2039,1989,2005,2031,2093
2038,2030,2025,2012,1931,1968,2016,2074
2031,2032,2027,2008,1946,1973,2018,2067
2031,2033,2030,2029,2031,2029,2048,2076
2050,2046,2039,2052,2038,2089,2053,2081
2066,2053,2038,2044,2007,2121,2074,2077
2064,2055,2041,2056,2024,2147,2098,2064
2058,2068,2059,2056,2037,2149,2098,2054
2060,2080,2062,2066,2051,2141,2072,2048
2061,2073,2065,2064,2030,2096,2079,2039
2053,2066,2058,2055,2026,2047,2083,2033
2055,2065,2057,2054,2094,2063,2047,2037
2056,2066,2054,2051,2175,2076,2050,2020
2047,2058,2047,2038,2131,2069,2044,2014
2040,2046,2039,2029,2120,2086,2052,2011
2040,2048,2039,2043,2110,2089,2043,2007
2038,2033,2032,2042,2081,1972,2037,2002
2031,2034,2030,2052,2107,1901,2034,2006
2047,2044,2044,2096,2193,1984,2046,1997
2039,2056,2052,2104,2120,2022,2027,1985
2032,2055,2042,2074,2092,2033,2020,1986
2041,2040,2033,2054,2146,2038,2023,2005
2038,2021,2026,2047,2142,2047,2058,2015
2036,2032,2036,2054,2106,2066,2062,2029
2042,2039,2043,2063,2080,2073,2079,2040
2053,2052,2054,2068,2116,2082,2085,2054
2062,2062,2064,2079,2127,2089,2090,2058
2057,2054,2059,2080,2098,2058,2084,2060
2048,2048,2052,2060,1975,2018,2064,2063
2046,2045,2041,2053,1933,2024,2069,2080
2049,2052,2051,2068,1986,2076,2082,2085
2052,2053,2054,2079,2021,2110,2062,2089
2041,2048,2048,2070,2050,2136,2062,2098
2048,2052,2049,2076,2066,2134,2050,2092
2054,2061,2054,2068,2044,2090,2059,2085
2054,2060,2051,2055,2026,2050,2054,2083
2053,2056,2050,2041,2038,2055,2057,2081
2045,2048,2052,2053,2030,2056,2057,2066
2040,2043,2038,2054,1988,2050,2029,2051
2051,2046,2042,2062,1992,2034,2052,2052
2054,2048,2050,2051,1983,2010,2056,2043
2060,2052,2044,2049,1951,2010,2062,2028
2051,2037,2040,2042,1933,2018,2044,2005
2032,2029,2021,2047,2004,2051,2039,1993
2031,2025,2024,2073,2129,2097,2064,2000
2040,2029,2039,2095,2172,2153,2076,2012
2043,2044,2044,2097,2137,2151,2072,2014
2044,2047,2042,2082,2076,2098,2067,2014
2038,2042,2042,2070,2058,2071,2065,2017
2042,2041,2035,2066,2066,2055,2049,2021
2056,2054,2052,2065,2083,2051,2030,2023
2055,2058,2047,2034,1987,1972,2007,2012
2049,2050,2039,1982,1771,1901,1989,2004
2042,2047,2032,1963,1758,1889,1987,2009
2047,2047,2041,1971,1852,1886,2003,2021
2045,2044,2036,1985,1912,1901,1990,2020
2038,2030,2034,2009,1976,1947,2000,2024
2026,2028,2033,2040,2052,1965,2023,2031
2023,2027,2039,2052,2139,2000,2027,2046
2039,2047,2048,2074,2116,2026,2021,2058
2045,2053,2061,2078,2098,2057,2025,2067
2051,2056,2066,2080,2147,2109,2054,2083
2062,2049,2060,2078,2175,2119,2046,2090
2061,2048,2055,2078,2223,2112,2052,2086
2052,2035,2034,2069,2196,2093,2033,2089
2043,2025,2026,2044,2146,2089,2050,2091
2039,2037,2041,2044,2078,2048,2058,2075
2027,2042,2048,2051,2042,2038,2035,2077
2030,2043,2056,2062,2059,2077,2048,2070
2036,2059,2060,2061,2081,2116,2068,2063
2039,2052,2054,2056,2041,2117,2060,2049
2041,2050,2055,2026,1903,2091,2053,2042
2054,2056,2063,2044,1982,2086,2051,2035
2059,2063,2060,2049,1959,2071,2052,2023
2039,2055,2054,2026,1918,2009,2012,2010
2036,2044,2042,2007,1932,1978,2007,2009
2031,2044,2038,2033,2053,2002,2005,2011
2038,2044,2047,2058,2117,2015,2003,2000
2041,2049,2044,2059,2096,2012,2025,1995
2047,2048,2063,2080,2111,2025,2022,1989
2039,2040,2052,2087,2076,2033,2020,1995
2046,2050,2056,2090,2039,2033,2010,1999
2053,2062,2068,2088,2040,2023,2033,2004
2047,2056,2062,2088,2022,2037,2040,1996
2046,2054,2053,2073,2021,2036,2030,1998
2050,2052,2051,2082,2030,2016,2045,2012
2044,2054,2054,2091,2061,2026,2045,2016
2035,2048,2047,2086,2056,2039,2051,2022
2040,2040,2042,2076,2068,2053,2041,2032
2046,2041,2045,2078,2108,2058,2043,2041
2047,2038,2058,2077,2116,2066,2020,2048
2040,2043,2062,2074,2107,2081,2041,2059
2030,2048,2061,2066,2089,2080,2045,2071
2031,2050,2058,2069,2081,2062,2049,2082
2038,2049,2052,2050,2076,2049,2036,2079
2036,2042,2048,2047,2096,2047,2045,2081
2029,2028,2031,2042,2099,2035,2030,2076
2034,2033,2044,2042,2113,2026,2032,2081
2028,2042,2049,2047,2045,2005,2028,2067
2023,2039,2064,2057,1983,2011,2039,2066
2037,2052,2077,2077,1987,2031,2057,2070
2044,2047,2084,2083,2030,2061,2043,2065
2046,2045,2080,2096,2072,2076,2052,2051
2046,2045,2079,2111,2093,2077,2034,2042
2054,2048,2079,2116,2113,2088,2046,2036
2062,2063,2085,2129,2132,2084,2052,2033
2060,2059,2080,2113,2124,2072,2042,2029
2059,2054,2066,2090,2064,2044,2040,2020
2056,2052,2057,2070,2009,2013,2028,2012
2058,2046,2055,2066,2040,2022,2033,2010
2056,2049,2050,2071,2015,2026,2040,2011
2051,2046,2047,2057,1949,2014,2037,2009
2043,2034,2024,2036,1971,2030,2023,1999
2039,2033,2029,2037,2010,2042,2020,2000
2049,2039,2024,2046,2024,2064,2030,2004
2052,2044,2038,2048,2057,2072,2046,2008
2055,2049,2034,2045,2050,2065,2045,2010
2050,2048,2037,2044,2036,2042,2041,2017
2049,2044,2027,2054,2044,2010,2021,2018
2045,2044,2020,2044,2002,2006,2017,2007
2038,2039,2022,2036,1962,2008,2019,2016
2042,2038,2023,2044,1979,2033,2042,2033
2046,2036,2028,2066,2034,2055,2077,2041
2048,2036,2028,2065,2032,2055,2066,2054
2042,2032,2024,2064,2021,2043,2042,2065
2044,2037,2034,2063,2032,2044,2054,2060
2052,2043,2043,2066,2047,2048,2061,2070
2042,2041,2037,2058,2041,2049,2063,2070
2027,2035,2034,2045,2040,2043,2046,2066
2030,2035,2041,2049,2074,2056,2051,2083
2042,2052,2057,2061,2056,2056,2054,2083
2050,2062,2062,2067,2051,2029,2065,2091
2053,2062,2064,2074,2078,2026,2082,2093
2060,2068,2069,2085,2098,2037,2079,2088
2073,2069,2065,2081,2100,2049,2076,2071
2068,2057,2054,2078,2099,2065,2094,2063
2068,2054,2053,2071,2081,2056,2061,2056
2056,2050,2048,2063,2077,2055,2067,2044
2044,2047,2046,2064,2072,2056,2040,2026
2039,2043,2047,2053,2050,2066,2055,2021
2043,2050,2053,2046,2032,2059,2042,2017
2043,2049,2053,2044,2029,2051,2040,2002
2041,2050,2065,2051,2041,2056,2035,2005
2044,2061,2067,2060,2053,2068,2053,2002
2050,2049,2064,2049,2040,2069,2053,2010
2045,2048,2057,2056,2054,2088,2071,2009
2046,2062,2070,2071,2088,2086,2067,2003
2046,2057,2057,2066,2096,2059,2061,2004
2042,2054,2053,2068,2083,2060,2060,2008
2047,2054,2061,2069,2084,2055,2049,2013
2043,2056,2065,2074,2081,1987,2031,2015
2047,2057,2060,2072,2065,1977,2043,2031
2056,2058,2062,2075,2044,1993,2044,2039
2053,2055,2064,2068,2009,2028,2051,2047
2046,2052,2067,2080,2031,2056,2053,2059
2037,2040,2057,2086,2072,2064,2043,2056
2042,2030,2056,2079,2083,2068,2057,2082
2045,2031,2053,2094,2107,2083,2042,2087
2044,2033,2058,2091,2105,2074,2028,2078
2039,2036,2054,2082,2070,2038,2001,2072
2028,2032,2046,2064,1974,2030,2036,2070
2025,2030,2042,2043,1952,2042,2028,2080
2031,2044,2052,2052,2028,2041,2039,2079
2049,2056,2055,2055,2064,2038,2046,2080
2054,2057,2058,2054,2086,2041,2044,2077
2060,2056,2047,2052,2109,2037,2054,2066
2052,2053,2048,2057,2096,2044,2039,2046
2050,2050,2046,2048,2021,2028,2040,2031
2047,2045,2045,2038,1986,2025,2041,2029
2048,2050,2041,2043,2005,2045,2053,2023
2045,2042,2039,2054,2022,2064,2068,2014
2049,2040,2033,2065,2048,2072,2045,2021
2043,2035,2029,2068,2059,2074,2054,2013
2047,2031,2025,2072,2056,2060,2063,2004
2045,2038,2031,2074,2039,2044,2062,2006
2036,2032,2031,2075,2036,2012,2040,2003
2020,2014,2017,2065,2026,1996,2028,1994
2021,2016,2016,2064,2010,1995,2028,2002
2029,2025,2022,2075,2039,2031,2037,2001
2043,2021,2022,2085,2064,2043,2032,2008
2040,2021,2022,2082,2065,2044,2032,2009
2045,2026,2027,2089,2059,2062,2053,2034
2051,2041,2031,2092,2065,2065,2075,2041
2057,2043,2030,2085,2058,2059,2054,2045
2046,2040,2027,2077,2053,2048,2046,2036
2048,2044,2042,2089,2065,2056,2054,2044
2050,2048,2054,2087,2064,2057,2063,2055
2053,2041,2057,2088,2059,2067,2070,2068
2049,2043,2060,2077,2058,2050,2067,2072
2041,2042,2066,2066,2042,2048,2044,2079
2049,2048,2070,2059,2029,2043,2049,2080
2040,2056,2066,2052,2021,2043,2029,2076
2035,2041,2053,2040,2017,2039,2024,2082
2036,2037,2050,2046,2025,2048,2046,2084
2047,2051,2066,2046,2023,2051,2043,2099
2059,2056,2056,2049,2007,2046,2024,2091
2072,2045,2061,2044,1996,2044,2037,2081
2064,2045,2059,2040,1981,2039,2046,2070
2059,2045,2046,2027,1977,2036,2048,2060
2050,2040,2034,2020,1972,2030,2045,2044
2044,2038,2037,2021,1995,2028,2045,2040
2053,2049,2056,2027,2009,2025,2032,2028
2041,2051,2069,2034,2019,2018,2044,2012
2022,2054,2069,2025,2017,2015,2037,2004
2018,2060,2059,2030,2061,2019,2048,2018
2034,2051,2037,2044,2113,2040,2068,2028
2052,2033,2032,2050,2137,2049,2066,2028
2039,2035,2033,2058,2109,2039,2056,2024
2039,2017,2026,2052,2069,2014,2031,2017
2039,2017,2020,2044,2041,1998,2030,2015
2048,2035,2034,2056,2033,1988,2028,2017
2055,2051,2040,2056,2022,1993,2038,2017
2051,2049,2047,2048,2021,2007,2048,2002
2040,2042,2048,2058,2052,2047,2050,2005
2039,2041,2053,2074,2088,2092,2054,2021
2042,2047,2050,2085,2122,2118,2074,2043
2037,2044,2052,2081,2134,2126,2067,2053
2044,2037,2044,2075,2114,2107,2048,2052
2044,2036,2041,2054,2056,2085,2040,2061
2044,2048,2057,2069,2065,2089,2054,2072
2048,2070,2070,2086,2076,2092,2063,2074
2051,2070,2076,2093,2095,2092,2060,2079
2059,2065,2078,2088,2092,2076,2056,2086
2054,2057,2077,2086,2075,2057,2048,2086
2039,2043,2061,2076,2068,2056,2036,2088
2036,2038,2060,2079,2062,2066,2049,2088
2039,2054,2065,2074,2048,2062,2056,2082
2038,2054,2062,2072,2041,2059,2059,2077
2040,2050,2058,2058,2050,2070,2052,2072
2039,2053,2055,2054,2043,2074,2059,2060
2040,2042,2050,2056,2033,2068,2058,2050
2041,2037,2049,2061,2017,2058,2031,2047
2049,2040,2052,2065,2028,2054,2047,2042
2054,2055,2069,2074,2031,2045,2045,2039
2050,2048,2064,2071,2026,2041,2033,2031
2044,2050,2068,2074,2048,2040,2026,2020
2045,2060,2083,2071,2058,2025,2018,2010
2050,2059,2075,2060,2060,2009,2002,2013
2052,2057,2069,2065,2088,2020,2027,2011
2047,2052,2058,2071,2093,2020,2008,2009
2034,2037,2050,2064,2090,2024,2024,2003
2035,2029,2046,2064,2087,2041,2050,2020
2041,2041,2047,2069,2094,2063,2070,2023
2047,2048,2052,2073,2111,2097,2064,2022
2064,2062,2065,2085,2120,2100,2076,2035
2054,2057,2061,2087,2141,2093,2078,2038
2052,2054,2061,2091,2171,2087,2082,2038
2046,2050,2066,2093,2196,2102,2087,2035
2038,2046,2058,2087,2189,2102,2086,2038
2041,2034,2048,2065,2134,2112,2081,2048
2032,2034,2041,2040,2028,2081,2073,2049
2030,2040,2041,2037,1963,2060,2065,2067
2037,2041,2043,2032,1902,2066,2048,2079
2039,2043,2045,2034,1865,2046,2036,2091
2048,2046,2045,2064,1981,2053,2058,2090
2046,2037,2043,2060,2014,2046,2062,2082
2029,2020,2029,2054,1994,2049,2045,2071
2024,2020,2027,2050,1992,2056,2057,2064
2019,2020,2018,2033,1978,2033,2032,2062
2029,2028,2025,2044,1946,2016,2026,2064
2041,2043,2056,2067,1964,2033,2035,2057
2047,2047,2064,2083,1978,2036,2038,2044
2036,2040,2076,2091,2012,2034,2038,2036
2041,2042,2071,2091,2019,2025,2033,2031
2038,2039,2061,2083,2068,2021,2029,2028
2043,2039,2061,2098,2125,2037,2036,2017
2032,2029,2055,2100,2146,2046,2043,2009
2040,2029,2052,2105,2170,2059,2044,2007
2036,2033,2053,2126,2186,2074,2052,2011
2039,2046,2056,2122,2179,2071,2052,2014
2042,2046,2052,2120,2158,2085,2063,2008
2048,2043,2048,2109,2116,2078,2036,2000
2034,2030,2041,2089,2030,2063,2024,1994
2039,2039,2044,2066,1987,2027,2023,2000
2043,2050,2041,2055,1992,2021,2025,2010
2047,2056,2049,2043,1988,2026,2041,2009
2046,2054,2046,2032,1964,2022,2037,2012
2040,2058,2050,2020,1993,2034,2036,2021
2041,2048,2046,2005,2020,2049,2040,2037
2045,2045,2038,2007,2041,2037,2049,2049
2052,2062,2048,2025,2050,2021,2049,2059
2061,2072,2069,2031,2016,2018,2052,2057
2060,2075,2071,2031,1981,2020,2053,2063
2057,2075,2066,2030,1967,2021,2054,2062
2048,2066,2066,2022,1947,2017,2056,2077
2045,2067,2062,2019,1945,2006,2057,2089
2039,2058,2058,2011,1941,1992,2040,2082
2029,2038,2039,1999,1932,1998,2037,2080
2027,2032,2035,2009,1946,2023,2041,2085
2037,2044,2057,2031,1999,2056,2055,2090
2047,2054,2059,2042,2026,2065,2053,2097
2058,2051,2053,2037,2012,2070,2049,2085
2057,2047,2047,2035,2013,2065,2044,2065
2053,2046,2047,2037,2005,2044,2071,2065
2049,2049,2057,2041,2002,2030,2074,2049
2053,2050,2062,2045,2049,2044,2051,2026
2042,2041,2053,2054,2146,2062,2043,2015
2034,2050,2050,2068,2190,2076,2046,2023
2037,2060,2067,2086,2175,2084,2064,2030
2043,2065,2065,2083,2134,2094,2058,2017
2034,2057,2053,2061,2080,2112,2031,2007
2030,2045,2055,2042,2021,2106,2048,2002
2030,2051,2050,2033,1989,2103,2040,1998
2030,2039,2042,2025,1986,2073,2039,2005
2029,2036,2043,2038,2019,2018,2043,2012
2038,2045,2053,2076,2093,2018,2075,2032
2050,2053,2054,2084,2138,2042,2075,2026
2042,2043,2046,2084,2142,2052,2062,2026
2041,2035,2040,2072,2123,2075,2072,2036
2052,2045,2046,2069,2099,2076,2076,2039
2054,2050,2048,2070,2080,2088,2079,2053
2048,2050,2051,2067,2078,2102,2075,2057
2045,2052,2051,2067,2107,2104,2070,2063
2046,2045,2056,2079,2097,2099,2064,2064
2038,2036,2052,2073,2074,2052,2060,2064
2034,2022,2043,2061,2055,1981,2044,2061
2025,2017,2041,2056,2086,1988,2031,2069
2025,2026,2051,2091,2149,2036,2055,2082
2032,2042,2071,2093,2146,2063,2062,2082
2028,2030,2056,2055,2011,2052,2057,2078
2007,2020,2042,2036,2001,2041,2059,2085
2009,2033,2044,2051,2061,2054,2046,2080
2012,2039,2050,2071,2064,2048,2037,2085
2038,2057,2060,2088,2063,2042,2053,2091
2054,2068,2063,2096,2053,2017,2057,2085
2062,2069,2066,2100,2055,2013,2040,2065
2045,2068,2064,2097,2052,2023,2042,2053
2044,2059,2063,2092,2046,2035,2029,2052
2039,2058,2053,2080,2045,2033,2054,2050
2049,2058,2049,2079,2047,2038,2043,2039
2044,2056,2046,2073,2045,2029,2032,2019
2045,2052,2043,2073,2042,2035,2042,2024
2044,2047,2036,2059,2043,2048,2046,2024
2044,2049,2046,2050,2046,2056,2047,2020
2046,2047,2057,2053,2060,2059,2040,2015
2046,2049,2052,2047,2051,2050,2045,2014
2044,2050,2049,2038,2037,2037,2047,2021
2048,2054,2043,2032,2040,2042,2019,2011
2043,2052,2032,2019,2036,2045,2056,2016
2038,2040,2021,2027,2031,2050,2063,2010
2041,2034,2020,2030,2034,2049,2062,2025
2046,2041,2028,2037,2046,2055,2071,2036
2060,2047,2036,2047,2056,2055,2050,2050
2059,2054,2036,2050,2061,2051,2078,2060
2049,2052,2034,2054,2060,2049,2065,2052
2031,2048,2026,2045,2054,2040,2048,2060
2033,2047,2028,2045,2062,2036,2038,2080
2042,2042,2028,2043,2070,2043,2060,2085
2050,2049,2039,2049,2069,2048,2066,2093
2048,2045,2038,2045,2054,2032,2057,2095
2045,2035,2021,2037,2048,2029,2056,2092
2037,2023,2010,2043,2044,2028,2044,2096
2042,2032,2029,2053,2047,2024,2039,2097
2053,2056,2042,2057,2044,2025,2035,2088
2052,2059,2051,2057,2037,2023,2036,2076
2036,2065,2064,2059,2038,2031,2053,2076
2033,2059,2069,2055,2019,2042,2035,2073
2034,2051,2074,2051,2016,2037,2036,2056
2032,2052,2092,2047,2009,2039,2044,2048
2045,2061,2099,2050,2011,2053,2041,2046
2043,2059,2095,2055,2014,2058,2047,2042
2041,2058,2088,2062,2016,2052,2038,2037
2044,2068,2088,2058,2021,2049,2041,2032
2047,2066,2081,2062,2028,2041,2048,2026
2043,2056,2080,2056,2045,2043,2051,2018
2044,2058,2068,2064,2054,2047,2046,2013
2046,2057,2058,2060,2086,2037,2041,2006
2040,2043,2037,2054,2104,2039,2046,2005
2034,2033,2034,2054,2108,2058,2038,2023
2050,2052,2041,2066,2101,2063,2048,2023
2048,2056,2032,2058,2092,2057,2053,2027
2053,2052,2023,2046,2097,2058,2056,2028
2050,2049,2020,2044,2083,2064,2056,2039
2053,2053,2023,2026,2028,2063,2066,2043
2055,2055,2016,2015,1967,2064,2070,2049
2060,2047,2017,2023,2006,2075,2057,2058
2049,2043,2009,2028,2024,2085,2064,2066
2050,2040,2006,2023,2021,2065,2054,2073
2044,2042,2007,2025,2065,2075,2045,2085
2050,2045,2009,2030,2087,2075,2049,2093
2041,2044,2015,2027,2058,2044,2026,2101
2037,2039,2018,2012,1988,2008,2008,2098
2036,2041,2037,2015,1940,2006,2023,2093
2042,2047,2046,2018,1958,1989,2029,2089
2043,2049,2052,2032,1984,1991,2019,2085
2053,2057,2062,2049,2015,2032,2042,2089
2052,2069,2088,2073,2038,2068,2033,2095
2060,2077,2100,2076,2059,2075,2045,2092
2059,2074,2098,2082,2068,2069,2037,2082
2053,2052,2092,2072,2063,2053,2017,2064
2048,2039,2076,2071,2057,2056,2013,2037
2040,2049,2079,2076,2047,2061,2035,2037
2047,2064,2090,2075,2036,2061,2017,2043
2044,2057,2081,2074,2049,2055,2022,2036
2043,2051,2074,2061,2034,2050,2028,2041
2054,2047,2066,2058,2027,2050,2030,2031
2054,2045,2060,2068,2071,2060,2029,2016
2037,2043,2060,2078,2060,2060,2028,2011
2036,2041,2057,2070,2033,2046,2030,2000
2030,2037,2054,2065,2025,2046,2023,2014
2040,2038,2050,2063,2060,2054,2047,2028
2063,2060,2060,2070,2084,2041,2037,2033
2057,2059,2063,2066,2108,2022,2030,2033
2056,2057,2077,2086,2141,2022,2028,2033
2056,2066,2087,2094,2133,2025,2030,2044
2058,2070,2098,2099,2120,2030,2045,2052
2065,2074,2095,2104,2128,2050,2046,2059
2057,2067,2095,2116,2148,2062,2047,2063
2058,2062,2088,2106,2129,2060,2047,2071
2056,2062,2090,2097,2075,2050,2045,2077
2050,2065,2088,2087,2009,2040,2027,2085
2047,2058,2074,2072,1968,2027,2044,2096
2046,2053,2069,2076,1988,2031,2043,2106
2058,2056,2063,2080,2024,2045,2031,2103
2060,2054,2064,2087,2027,2040,2029,2093
2046,2049,2048,2086,2027,2018,2021,2097
2044,2051,2040,2085,2064,2040,2024,2095
2040,2060,2040,2071,2116,2075,2028,2093
2042,2058,2027,2052,2131,2117,2036,2088
2054,2049,2021,2032,2147,2110,2032,2086
2055,2046,2007,2018,2077,2072,2030,2076
2050,2042,1986,2012,1991,2049,2017,2067
2042,2036,1973,2005,1935,2051,2015,2060
2047,2029,1985,2023,1939,2072,2010,2053
2059,2041,2019,2050,1942,2078,2016,2034
2062,2043,2030,2064,2000,2090,2032,2023
2057,2044,2031,2062,2011,2092,2038,2034
2058,2044,2032,2070,2063,2055,2047,2033
2052,2039,2037,2079,2145,2055,2043,2027
2045,2036,2037,2088,2148,2041,2042,2017
2043,2033,2028,2085,2115,2028,2021,2011
2041,2023,2014,2066,1991,1997,2005,2004
2024,2025,2015,2071,1985,2008,2041,2004
2024,2040,2042,2096,2041,2020,2048,2011
2033,2042,2043,2090,2043,2028,2033,2018
2038,2045,2049,2077,2021,2029,2038,2020
2041,2041,2055,2058,2003,2033,2035,2020
2035,2046,2048,2031,1996,2023,2032,2033
2040,2049,2074,2013,1982,2014,2031,2032
2035,2050,2070,1974,1982,2019,2041,2034
2032,2053,2067,1982,2015,2039,2039,2055
2033,2058,2055,2005,2044,2058,2044,2074
2050,2066,2054,2022,2058,2072,2075,2098
2057,2060,2037,2032,2064,2073,2078,2103
2052,2050,2020,2048,2068,2067,2067,2102
2048,2044,2007,2041,2072,2061,2066,2103
2039,2030,1992,2048,2063,2064,2053,2097
2031,2009,1968,2036,2060,2058,2035,2087
2033,2007,1951,2035,2067,2069,2051,2094
2034,2019,1963,2042,2087,2074,2052,2086
2043,2024,1949,2049,2088,2072,2052,2083
2048,2020,1947,2041,2075,2080,2061,2078
2046,2022,1937,2033,2056,2079,2062,2078
2047,2013,1932,2023,2033,2063,2060,2067
2044,2011,1918,2009,2022,2054,2050,2050
2041,2006,1910,2014,2038,2053,2038,2044
2043,2005,1921,2031,2048,2057,2047,2034
2044,2002,1961,2061,2062,2065,2063,2042
2051,2015,2002,2071,2057,2071,2052,2038
2048,2008,2028,2071,2058,2058,2048,2031
2040,2019,2044,2082,2050,2051,2047,2031
2044,2031,2069,2097,2061,2059,2044,2028
2052,2074,2126,2134,2071,2041,2028,2021
2061,2096,2148,2137,2051,2029,2029,2024
2049,2097,2142,2148,2056,2047,2045,2027
2066,2103,2140,2142,2041,2046,2054,2029
2059,2089,2136,2132,2016,2045,2060,2032
2058,2090,2137,2132,2016,2039,2059,2045
2062,2098,2165,2134,2017,2041,2034,2042
2059,2101,2174,2109,2025,2048,2043,2047
2064,2099,2170,2091,2015,2042,2046,2040
2057,2086,2152,2042,2006,2034,2045,2045
2041,2069,2120,2009,2000,2025,2043,2058
2037,2061,2092,1969,2001,2032,2039,2077
2043,2057,2059,1936,2021,2037,2051,2088
2057,2067,2048,1940,2038,2050,2034,2101
2059,2050,2031,1956,2039,2057,2036,2105
2060,2051,2028,1985,2041,2069,2059,2112
2068,2058,2040,2010,2041,2068,2056,2104
2057,2047,2020,2010,2033,2057,2049,2098
2055,2041,2009,2004,2022,2052,2048,2105
2059,2055,2013,2014,2026,2058,2057,2103
2066,2057,2019,2017,2054,2069,2073,2102
2076,2057,2009,2012,2054,2067,2064,2087
2073,2052,1999,2004,2047,2049,2049,2076
2055,2047,1998,1996,2035,2032,2053,2060
2046,2044,2002,1994,2028,2020,2046,2061
2049,2044,2021,2011,2018,2020,2045,2048
2036,2039,2025,2018,2017,2035,2053,2030
2030,2034,2032,2028,2026,2041,2050,2021
2019,2022,2036,2036,2016,2035,2054,2035
2020,2028,2041,2037,2021,2039,2048,2032
2033,2030,2065,2047,2030,2036,2046,2032
2045,2053,2098,2063,2038,2041,2060,2036
2061,2074,2126,2073,2041,2045,2048,2029
2055,2071,2135,2066,2044,2052,2044,2025
2056,2076,2149,2071,2054,2067,2050,2023
2064,2092,2140,2069,2068,2080,2061,2039
2066,2093,2117,2056,2065,2060,2062,2036
2067,2077,2095,2053,2065,2022,2060,2047
2060,2074,2078,2046,2065,2018,2067,2053
2061,2069,2068,2041,2054,2026,2066,2059
2067,2069,2053,2036,2051,2031,2053,2060
2063,2065,2056,2045,2061,2046,2062,2064
2064,2056,2054,2054,2067,2071,2066,2074
2058,2051,2049,2064,2069,2072,2073,2074
2064,2046,2049,2064,2056,2075,2072,2082
2066,2044,2050,2060,2060,2073,2068,2088
2068,2041,2042,2059,2070,2068,2082,2095
2059,2027,2034,2062,2061,2064,2078,2088
2051,2032,2030,2058,2060,2053,2064,2101
2042,2024,2018,2051,2046,2044,2062,2104
2042,2030,2016,2050,2034,2042,2047,2108
2051,2046,2027,2051,2038,2045,2050,2104
2050,2048,2018,2054,2037,2042,2039,2106
2050,2043,2009,2046,2034,2043,2039,2098
2043,2032,2005,2039,2028,2041,2051,2090
2044,2028,2008,2035,2014,2049,2051,2073
2047,2043,2037,2041,2026,2070,2045,2058
2054,2075,2074,2044,2020,2097,2042,2050
2052,2080,2097,2037,1998,2109,2062,2044
2045,2075,2097,2026,1988,2122,2064,2032
2050,2073,2089,2026,1986,2130,2047,2029
2048,2076,2092,2020,1993,2109,2048,2032
2052,2076,2091,2033,2018,2072,2048,2039
2056,2074,2085,2042,2060,2044,2056,2033
2065,2067,2075,2045,2062,1987,2044,2025
2048,2045,2055,2043,2055,1977,2036,2023
2043,2039,2050,2040,2057,2002,2026,2021
2045,2055,2063,2060,2056,2026,2044,2030
2044,2059,2060,2062,2053,2033,2060,2030
2044,2060,2054,2063,2051,2030,2065,2034
2046,2057,2053,2064,2049,2034,2060,2033
2057,2062,2061,2063,2047,2038,2056,2042
2064,2064,2064,2064,2052,2045,2059,2059
2066,2064,2064,2060,2058,2038,2050,2062
2059,2064,2070,2069,2056,2034,2038,2072
2067,2067,2075,2070,2061,2035,2050,2083
2063,2058,2060,2060,2066,2030,2032,2081
2064,2054,2055,2058,2064,2016,2035,2082
2059,2052,2054,2036,2051,2022,2040,2102
2067,2052,2059,2036,2049,2037,2051,2095
2068,2050,2052,2029,2044,2036,2037,2094
2051,2036,2033,2026,2034,2033,2032,2081
2042,2020,2030,2027,2032,2035,2039,2088
2043,2040,2042,2051,2044,2053,2044,2093
2046,2054,2069,2078,2046,2066,2066,2098
2054,2058,2077,2089,2055,2072,2052,2107
2063,2057,2083,2124,2059,2069,2044,2102
2073,2063,2086,2144,2034,2062,2068,2085
2073,2066,2097,2147,2009,2042,2058,2069
2080,2076,2101,2162,1998,2029,2065,2058
2069,2063,2087,2158,1986,2016,2048,2049
2053,2041,2072,2148,1979,2009,2046,2038
2042,2026,2060,2128,1993,2025,2035,2033
2046,2042,2073,2116,2027,2049,2036,2032
2069,2053,2071,2085,2056,2060,2046,2030
2077,2054,2064,2065,2092,2092,2046,2022
2074,2053,2060,2059,2112,2095,2055,2011
2053,2035,2031,2033,2068,2065,2041,1993
2033,2029,2013,2005,2023,2032,2028,1996
2038,2030,2000,1993,1997,2026,2016,2014
2040,2029,1997,1998,1999,2034,2022,2015
2050,2045,2009,2022,2010,2049,2032,2013
2048,2052,2006,2029,2014,2052,2046,2019
2050,2056,2015,2038,2006,2060,2063,2032
2055,2054,2013,2050,2044,2067,2059,2049
2057,2054,2008,2053,2041,2065,2060,2047
2057,2048,1989,2061,2058,2069,2070,2057
2052,2038,1962,2055,2074,2075,2067,2064
2049,2029,1970,2073,2091,2067,2058,2067
2048,2020,1988,2102,2099,2045,2071,2084
2048,2011,1998,2104,2075,2014,2060,2082
2048,2010,2012,2118,2120,2027,2055,2089
2050,2017,2018,2136,2148,2036,2046,2082
2042,2002,2015,2139,2148,2047,2041,2073
2030,2003,2009,2133,2112,2050,2054,2073
2025,2017,2016,2123,2090,2053,2054,2078
2039,2028,2004,2104,2072,2067,2068,2082
2045,2035,1985,2078,2060,2059,2062,2083
2048,2037,1980,2051,2035,2052,2053,2072
2051,2039,1988,2024,2021,2043,2051,2062
2044,2041,1992,2001,2016,2035,2040,2049
2035,2037,1988,1972,2011,2032,2042,2035
2040,2038,2005,1960,1999,2024,2042,2035
2050,2041,2026,1948,1996,2025,2043,2032
2052,2054,2059,1946,2000,2029,2044,2030
2053,2064,2085,1944,2007,2028,2040,2032
2052,2073,2118,1940,2012,2033,2042,2032
2062,2087,2156,1949,2031,2049,2059,2035
2073,2093,2142,1959,2039,2066,2057,2038
2070,2076,2118,1973,2038,2076,2046,2027
2066,2057,2085,1978,2030,2063,2041,2030
2058,2060,2074,1994,2028,2058,2081,2030
2057,2060,2077,2008,2022,2043,2064,2035
2060,2063,2078,2022,2024,2049,2068,2041
2076,2065,2077,2031,2021,2045,2069,2045
2072,2069,2082,2045,2018,2036,2067,2056
2077,2067,2076,2051,2021,2024,2072,2066
2075,2060,2062,2053,2015,2025,2075,2059
2065,2046,2052,2044,2016,2047,2067,2047
2062,2037,2045,2041,2028,2085,2072,2053
2059,2038,2052,2050,2022,2106,2068,2062
2061,2049,2055,2053,2017,2108,2070,2077
2045,2047,2053,2044,1991,2090,2060,2078
2045,2045,2049,2042,1978,2031,2056,2095
2058,2050,2045,2047,2004,1991,2053,2099
2060,2040,2039,2056,2016,1957,2042,2099
2051,2026,2031,2046,2054,1982,2031,2091
2041,2043,2046,2059,2115,2034,2060,2095
2051,2058,2047,2062,2137,2058,2061,2098
2058,2060,2042,2062,2145,2052,2065,2085
2049,2047,2034,2063,2139,2054,2055,2074
2054,2056,2037,2072,2120,2055,2031,2059
2050,2059,2047,2055,2061,2044,2024,2054
2058,2060,2047,2035,1994,2027,2042,2045
2061,2064,2045,2026,1987,2007,2042,2046
2069,2065,2049,2030,2006,2013,2046,2039
2069,2060,2053,2038,2033,2018,2044,2026
2064,2051,2049,2033,2023,2032,2043,2021
2067,2052,2051,2031,2030,2050,2057,2016
2058,2052,2056,2021,2026,2036,2057,2009
2065,2055,2059,2018,2019,2032,2048,2020
2062,2056,2069,2008,2027,2042,2036,2007
2054,2043,2059,1995,2004,2035,2043,1999
2047,2039,2041,1995,1998,2032,2037,2005
2056,2051,2035,1992,2001,2032,2036,2011
2058,2046,2031,1997,2000,2042,2065,2021
2062,2044,2026,2003,2008,2046,2068,2022
2049,2037,2027,2010,2019,2056,2068,2024
2057,2034,2036,2034,2038,2044,2050,2033
2050,2024,2035,2036,2060,2042,2042,2032
2045,2015,2034,2042,2071,2050,2049,2039
2046,2019,2051,2054,2085,2060,2067,2055
2042,2031,2070,2066,2083,2058,2077,2074
2052,2037,2088,2080,2083,2067,2086,2086
2051,2035,2095,2087,2096,2067,2075,2088
2042,2035,2082,2083,2098,2063,2067,2093
2038,2019,2071,2086,2114,2059,2056,2088
2041,2017,2060,2085,2105,2054,2053,2088
2035,2025,2065,2089,2055,2048,2052,2092
2044,2032,2072,2081,1957,2038,2060,2094
2052,2038,2073,2071,1960,2038,2052,2097
2058,2034,2056,2078,2011,2047,2053,2084
2061,2035,2047,2071,2027,2054,2050,2076
2057,2039,2043,2071,2032,2056,2061,2059
2050,2047,2039,2069,2041,2050,2030,2043
2048,2052,2045,2064,2055,2054,2048,2041
2048,2056,2033,2056,2062,2059,2060,2045
2058,2064,2032,2042,2056,2063,2060,2039
2062,2063,2034,2030,2063,2069,2069,2043
2068,2062,2042,2030,2056,2069,2079,2041
2070,2069,2048,2024,2053,2076,2069,2035
2066,2064,2040,2015,2046,2075,2067,2033
2067,2062,2043,2003,2022,2080,2046,2028
2064,2056,2040,2007,1999,2072,2056,2014
2065,2041,2043,2009,1988,2065,2051,2008
2056,2045,2052,2020,1986,2064,2055,2021
2059,2047,2060,2023,1990,2049,2030,2029
2058,2048,2051,2038,2004,2017,2063,2034
2062,2056,2063,2063,2020,2009,2053,2042
2067,2064,2075,2081,2035,2023,2060,2047
2064,2060,2067,2070,2031,2040,2060,2046
2060,2059,2058,2054,2038,2040,2044,2053
2065,2065,2064,2026,2035,2038,2062,2068
2060,2059,2057,2000,2036,2052,2061,2082
2071,2055,2051,1996,2026,2042,2056,2075
2065,2040,2044,2010,2033,2034,2040,2065
2048,2032,2055,2027,2043,2031,2022,2068
2044,2034,2052,2040,2035,2038,2045,2074
2045,2040,2058,2054,2042,2047,2058,2095
2059,2049,2058,2065,2043,2048,2058,2094
2045,2040,2047,2056,2027,2035,2052,2084
2038,2032,2024,2051,2030,2043,2050,2086
2041,2050,2021,2066,2043,2045,2063,2089
2047,2051,2027,2072,2035,2047,2060,2094
2057,2045,2023,2081,2038,2048,2062,2079
2058,2042,2022,2085,2046,2043,2056,2068
2049,2041,2027,2093,2059,2071,2049,2065
2055,2045,2024,2096,2063,2082,2049,2058
2065,2047,2016,2092,2050,2090,2067,2049
2065,2045,2013,2077,2044,2085,2068,2038
2056,2034,2004,2059,2042,2073,2045,2024
2036,2026,1987,2050,2044,2067,2054,2022
2042,2032,1982,2044,2014,2053,2064,2016
2040,2032,1979,2030,1983,2026,2048,2021
2040,2022,1990,2020,1968,2005,2047,2019
2041,2026,1999,2038,1959,1981,2034,2006
2042,2020,2011,2038,1964,1977,2035,2004
2043,2026,2049,2046,2002,1992,2054,2022
2060,2049,2095,2063,2041,2012,2062,2032
2067,2049,2099,2064,2060,2038,2065,2035
2057,2052,2087,2059,2081,2075,2068,2037
2051,2037,2086,2058,2074,2080,2073,2031
2056,2051,2091,2055,2076,2070,2060,2045
2064,2060,2105,2061,2104,2064,2069,2043
2058,2060,2099,2054,2101,2063,2071,2045
2056,2052,2078,2022,2060,2065,2069,2057
2066,2058,2078,2008,2025,2062,2063,2065
2070,2069,2088,2011,2016,2063,2058,2076
2049,2069,2092,2018,2012,2045,2028,2071
2040,2058,2096,2022,2008,2016,2039,2081
2048,2055,2088,2017,2036,2007,2041,2094
2056,2056,2080,2012,2056,2017,2042,2100
2059,2049,2067,2009,2063,2029,2044,2098
2061,2046,2052,2006,2071,2045,2047,2095
2059,2058,2052,2004,2066,2056,2072,2100
2056,2062,2045,1999,2058,2054,2072,2102
2055,2056,2038,2012,2052,2050,2067,2091
2051,2054,2033,2020,2047,2050,2070,2078
2054,2056,2031,2040,2052,2057,2073,2069
2064,2057,2038,2064,2048,2052,2067,2064
2065,2059,2040,2065,2049,2056,2065,2050
2060,2054,2036,2068,2049,2051,2052,2046
2060,2054,2031,2072,2058,2051,2070,2038
2055,2050,2027,2071,2060,2052,2065,2035
2061,2052,2025,2078,2054,2053,2064,2034
2059,2048,2026,2080,2061,2049,2062,2027
2056,2051,2026,2074,2054,2047,2057,2027
2060,2051,2027,2068,2053,2047,2037,2024
2053,2040,2028,2049,2044,2043,2056,2019
2053,2040,2031,2055,2051,2040,2038,2019
2058,2049,2050,2073,2061,2059,2057,2029
2071,2072,2074,2079,2062,2056,2047,2030
2070,2078,2084,2075,2060,2053,2053,2021
2062,2079,2095,2075,2050,2045,2056,2028
2060,2071,2095,2071,2039,2040,2054,2041
2056,2072,2090,2070,2047,2040,2051,2044
2062,2061,2082,2063,2049,2053,2061,2052
2059,2057,2070,2059,2042,2048,2060,2056
2060,2057,2070,2042,2034,2051,2070,2071
2056,2064,2082,2022,2021,2055,2068,2078
2058,2070,2092,1994,2023,2056,2071,2086
2058,2072,2088,1982,2014,2050,2064,2100
2061,2064,2080,1972,2007,2048,2038,2105
2054,2061,2072,1983,2013,2037,2049,2103
2060,2056,2060,2001,2022,2034,2041,2097
2054,2047,2056,2010,2032,2028,2030,2098
2046,2048,2054,2017,2027,2035,2019,2095
2058,2053,2057,2026,2034,2044,2042,2093
2050,2055,2052,2027,2024,2044,2036,2091
2055,2045,2048,2023,2014,2037,2029,2081
2052,2044,2037,2010,2000,2033,2049,2079
2050,2042,2016,2011,1990,2025,2031,2067
2046,2042,2011,2025,1989,2027,2025,2062
2040,2030,2001,2031,1994,2034,2026,2047
2036,2028,2006,2032,2024,2051,2048,2051
2047,2039,2007,2052,2053,2074,2075,2042
2054,2037,2007,2056,2059,2064,2062,2036
2056,2040,2017,2057,2046,2060,2061,2038
2055,2043,2036,2059,2042,2062,2068,2036
2059,2046,2047,2058,1995,2052,2061,2032
2072,2059,2060,2062,2007,2054,2058,2030
2070,2057,2057,2062,2002,2042,2057,2014
2053,2040,2048,2058,1996,2034,2052,2017
2041,2031,2056,2071,2012,2037,2055,2017
2053,2048,2078,2090,2020,2052,2034,2023
2055,2061,2085,2085,2045,2054,2063,2032
2056,2060,2089,2088,2046,2058,2043,2034
2049,2057,2093,2085,2048,2052,2044,2023
2047,2057,2087,2069,2088,2050,2045,2021
2053,2049,2086,2065,2094,2058,2060,2029
2046,2042,2066,2051,2064,2050,2056,2035
2044,2039,2046,2024,2053,2054,2040,2045
2042,2033,2030,2010,2042,2051,2039,2060
2043,2036,2021,2002,2045,2046,2058,2076
2055,2039,2015,2011,2048,2055,2053,2091
2058,2046,2009,2013,2040,2053,2061,2100
2059,2052,2014,2007,2037,2041,2056,2100
2060,2056,2015,1997,2046,2035,2049,2102
2058,2043,2010,1990,2046,2038,2039,2100
2048,2036,2009,1982,2042,2056,2043,2102
2049,2045,2021,1988,2033,2065,2041,2100
2055,2044,2024,1991,2028,2062,2057,2099
2064,2046,2021,1999,2025,2062,2047,2096
2061,2050,2026,2010,2026,2050,2059,2090
2072,2057,2040,2028,2035,2019,2045,2093
2080,2068,2050,2041,2038,2012,2049,2078
2078,2072,2058,2039,2036,2020,2058,2074
2070,2063,2052,2039,2032,2033,2057,2063
2067,2066,2047,2043,2032,2043,2046,2058
2066,2065,2054,2051,2046,2052,2044,2058
2057,2064,2054,2050,2041,2052,2064,2043
2057,2058,2050,2049,2038,2045,2034,2035
2059,2054,2051,2049,2063,2044,2046,2026
2066,2050,2050,2050,2083,2047,2061,2030
2066,2053,2047,2058,2105,2049,2059,2024
2050,2046,2044,2057,2083,2051,2046,2025
2059,2058,2060,2059,2070,2057,2070,2034
2079,2073,2066,2064,2065,2060,2067,2038
2076,2061,2066,2054,2058,2065,2057,2035
2064,2053,2070,2056,2064,2066,2087,2044
2064,2054,2063,2058,2066,2079,2091,2053
2064,2057,2065,2049,2045,2074,2084,2068
2075,2058,2057,2025,1996,2076,2089,2066
2072,2051,2051,2019,2013,2082,2074,2064
2075,2045,2045,2016,2075,2066,2061,2066
2063,2040,2032,2010,2055,2030,2044,2068
2056,2038,2026,1996,1977,2005,2044,2065
2053,2041,2030,2012,1981,2008,2037,2073
2052,2043,2043,2034,2003,2032,2058,2089
2060,2052,2051,2038,2027,2048,2051,2090
2052,2056,2054,2042,2028,2045,2065,2087
2054,2062,2056,2042,2039,2054,2040,2088
2050,2049,2056,2050,2055,2053,2037,2084
2050,2047,2047,2052,2066,2051,2044,2089
2049,2054,2046,2052,2060,2041,2036,2081
2048,2045,2043,2045,2080,2040,2036,2082
2050,2049,2036,2053,2112,2058,2043,2079
2054,2045,2033,2056,2098,2067,2060,2060
2048,2042,2032,2051,2094,2074,2037,2059
2054,2049,2050,2060,2083,2067,2032,2044
2045,2045,2048,2055,2070,2066,2045,2039
2043,2037,2037,2037,2038,2066,2047,2035
2046,2027,2033,2017,1978,2065,2030,2030
2051,2033,2044,2009,1966,2061,2025,2035
2054,2041,2052,2012,1985,2058,2011,2033
2055,2043,2039,2013,2005,2033,2005,2030
2037,2041,2029,2018,2016,1983,2010,2020
2037,2041,2036,2028,2021,1973,2036,2010
2033,2033,2039,2028,2024,1982,2043,2005
2041,2039,2042,2043,2032,2000,2044,2021
2057,2050,2061,2064,2050,2018,2045,2041
2065,2058,2065,2078,2050,2020,2056,2044
2080,2063,2065,2077,2051,2024,2048,2046
2074,2061,2063,2078,2048,2022,2059,2041
2066,2055,2058,2067,2040,2027,2046,2044
2067,2045,2060,2059,2037,2025,2040,2047
2054,2041,2054,2056,2048,2031,2045,2050
2057,2042,2053,2050,2048,2040,2047,2050
2054,2041,2042,2059,2089,2071,2061,2071
2064,2045,2033,2065,2113,2096,2085,2084
2068,2041,2031,2064,2091,2095,2075,2086
2062,2035,2025,2057,2070,2080,2064,2094
2064,2036,2023,2047,2064,2063,2064,2086
2055,2029,2028,2040,2062,2048,2046,2085
2031,2014,2026,2035,2052,2032,2026,2081
2013,2012,2020,2030,2043,2029,2025,2084
2035,2018,2021,2027,2040,2033,2048,2096
2048,2030,2010,2013,2030,2032,2049,2091
2037,2023,1992,2000,2028,2028,2025,2077
2037,2015,1978,1986,2052,2026,2032,2070
2033,2017,1998,1996,2081,2030,2023,2066
2033,2017,2022,1998,2080,2040,2034,2062
2039,2030,2044,1993,2078,2050,2048,2061
2055,2065,2091,2024,2104,2065,2061,2058
2071,2092,2146,2051,2098,2070,2045,2052
2076,2099,2145,2052,2091,2063,2060,2059
2070,2074,2120,2049,2075,2064,2058,2048
2064,2071,2107,2045,2042,2064,2060,2048
2069,2066,2099,2037,1958,2057,2046,2038
2077,2064,2088,2029,1964,2055,2066,2036
2078,2062,2079,2035,1993,2065,2057,2043
2067,2051,2070,2029,2005,2071,2022,2025
2056,2040,2064,2035,2019,2084,2044,2016
2053,2045,2064,2039,2028,2088,2048,2032
2058,2057,2071,2038,2027,2080,2059,2030
2054,2051,2066,2036,2029,2060,2056,2032
2056,2056,2072,2048,2037,2006,2041,2035
2048,2064,2072,2050,2034,1966,2037,2039
2057,2066,2075,2050,2043,1989,2039,2038
2054,2066,2071,2059,2052,2024,2037,2043
2061,2065,2073,2060,2054,2059,2051,2069
2066,2065,2066,2065,2059,2082,2073,2077
2069,2052,2060,2067,2053,2096,2076,2081
2065,2050,2053,2050,2030,2075,2066,2088
2061,2051,2047,2027,1990,2026,2059,2081
2049,2055,2050,2022,1948,2003,2027,2078
2048,2055,2049,2019,1936,1986,2031,2080
2042,2047,2047,2029,1950,1981,2039,2084
2038,2038,2035,2026,1991,2003,2045,2092
2038,2048,2045,2043,2042,2049,2066,2110
2055,2057,2054,2052,2075,2064,2080,2112
2059,2052,2053,2064,2094,2079,2078,2101
2064,2054,2055,2059,2084,2084,2073,2091
2067,2056,2057,2060,2081,2070,2077,2084
2058,2056,2057,2055,2080,2060,2082,2078
2059,2054,2058,2054,2072,2052,2064,2068
2051,2051,2056,2057,2057,2050,2073,2061
2052,2051,2053,2057,2040,2039,2066,2051
2052,2041,2051,2045,2028,2034,2057,2035
2052,2045,2051,2006,2010,2023,2049,2032
2053,2036,2049,1982,2011,2023,2049,2031
2050,2040,2058,1983,2020,2022,2049,2035
2050,2050,2061,2000,2004,2027,2057,2026
2047,2047,2056,2016,2042,2031,2042,2017
2045,2038,2051,2035,2060,2033,2044,2021
2039,2033,2049,2029,2033,2047,2056,2016
2039,2040,2049,2033,2005,2056,2053,2020
2044,2047,2054,2031,1955,2046,2056,2022
2049,2056,2066,2030,1936,2031,2062,2020
2050,2061,2069,2022,1929,2001,2054,2021
2054,2056,2067,2013,1954,1982,2049,2033
2053,2043,2061,2027,2051,2010,2030,2055
2068,2054,2075,2064,2127,2050,2051,2060
2072,2066,2086,2085,2136,2072,2074,2066
2066,2066,2085,2075,2131,2062,2074,2075
2061,2071,2086,2081,2134,2060,2054,2082
2051,2073,2083,2072,2106,2058,2060,2095
2055,2064,2061,2060,2075,2051,2077,2093
2049,2055,2053,2044,2057,2050,2063,2089
2043,2043,2039,2027,2023,2067,2074,2083
2043,2043,2036,2009,1998,2085,2043,2085
2033,2018,2025,1995,2018,2114,2054,2078
2038,2024,2024,1992,2051,2140,2063,2086
2051,2057,2054,2010,2051,2128,2055,2088
2063,2069,2060,2023,2040,2078,2055,2094
2064,2070,2061,2028,2040,2025,2060,2084
2064,2063,2057,2027,2001,2000,2063,2088
2062,2065,2057,2028,1972,2009,2053,2070
2056,2059,2049,2028,1977,2028,2062,2053
2053,2054,2043,2037,2036,2044,2049,2042
2053,2047,2045,2049,2106,2055,2034,2039
2050,2051,2046,2047,2110,2056,2050,2032
2048,2056,2048,2049,2077,2053,2063,2023
2049,2050,2044,2052,2053,2047,2050,2018
2048,2044,2042,2062,2045,2051,2049,2022
2048,2045,2039,2073,2069,2058,2055,2024
2053,2047,2046,2092,2080,2048,2028,2017
2041,2032,2041,2114,2077,2044,2050,2012
2045,2035,2051,2144,2099,2054,2068,2019
2050,2045,2068,2152,2108,2061,2061,2022
2047,2045,2066,2144,2096,2061,2056,2024
2050,2047,2066,2132,2082,2053,2053,2029
2050,2048,2060,2131,2073,2061,2060,2022
2050,2056,2061,2118,2070,2058,2064,2035
2056,2049,2065,2112,2068,2061,2064,2044
2057,2049,2064,2088,2059,2054,2069,2044
2047,2049,2063,2076,2047,2054,2057,2052
2046,2049,2074,2078,2051,2044,2056,2063
2042,2046,2080,2083,2052,2028,2051,2060
2031,2043,2080,2080,2074,2044,2063,2070
2033,2040,2071,2079,2096,2062,2069,2074
2028,2040,2058,2040,2073,2055,2058,2076
2031,2040,2044,1983,2033,2042,2053,2078
2032,2024,2032,1966,2028,2039,2031,2074
2037,2027,2025,1978,2020,2036,2036,2072
2038,2036,2019,1998,1976,2036,2037,2082
2040,2040,2016,2015,1987,2037,2043,2084
2045,2041,2011,2011,2009,2036,2046,2076
2046,2035,1996,2005,2017,2044,2044,2055
2033,2034,1994,1989,2019,2046,2050,2039
2036,2035,1992,1989,2025,2051,2060,2042
2044,2044,1996,1986,2031,2051,2052,2046
2051,2047,1997,1977,2031,2056,2057,2032
2046,2042,1999,1972,2021,2048,2052,2028
2051,2048,2014,1977,2018,2048,2045,2019
2060,2056,2030,1985,2017,2045,2056,2027
2048,2046,2021,1980,2016,2046,2049,2022
2036,2042,2020,1983,2022,2046,2056,2017
2039,2053,2040,1996,2039,2054,2048,2016
2048,2055,2045,1995,2030,2065,2031,2020
2050,2055,2045,1992,2018,2075,2061,2015
2055,2053,2057,2000,2015,2064,2037,2016
2054,2057,2073,2013,2007,2048,2032,2021
2047,2065,2084,2015,1995,2028,2052,2030
2049,2066,2087,2027,1999,2007,2044,2041
2053,2062,2076,2018,2000,2014,2053,2035
2042,2058,2062,2015,2006,2047,2051,2034
2040,2062,2060,2024,2037,2081,2068,2045
2050,2064,2068,2045,2075,2073,2071,2073
2055,2066,2074,2056,2066,2055,2067,2083
2062,2069,2080,2060,2046,2038,2062,2103
2066,2071,2079,2053,2017,2011,2057,2115
2061,2071,2074,2044,1989,2009,2045,2110
2054,2062,2060,2026,1986,2030,2054,2094
2042,2060,2047,2027,2012,2050,2029,2092
2034,2048,2046,2038,2039,2082,2064,2090
2039,2043,2042,2038,2055,2105,2081,2095
2053,2057,2051,2041,2053,2114,2070,2083
2052,2056,2049,2035,2058,2122,2072,2078
2044,2061,2051,2036,2064,2125,2079,2074
2037,2060,2048,2036,2064,2104,2068,2068
2028,2059,2050,2027,2060,2085,2059,2065
2041,2057,2046,2039,2059,2056,2045,2067
2048,2060,2052,2046,2059,2036,2058,2056
2048,2055,2053,2038,2061,2043,2058,2048
2059,2053,2052,2041,2065,2045,2058,2041
2049,2053,2037,2041,2068,2047,2048,2026
2029,2042,2026,2030,2059,2028,2049,2009
2024,2033,2023,2033,2061,2015,2041,1992
2032,2040,2045,2043,2068,2016,2038,1996
2038,2057,2051,2043,2059,2039,2048,1999
2038,2052,2047,2036,2041,2057,2058,2001
2040,2054,2048,2043,2039,2074,2064,2017
2044,2069,2054,2050,2041,2066,2053,2019
2050,2065,2049,2053,2038,2063,2051,2023
2051,2065,2050,2048,2042,2061,2056,2023
2050,2056,2042,2046,2041,2049,2053,2019
2039,2049,2045,2059,2050,2052,2051,2034
2036,2045,2034,2058,2045,2049,2043,2035
2038,2048,2029,2049,2047,2060,2055,2038
2046,2048,2028,2034,2020,2069,2052,2045
2046,2047,2023,2020,2013,2057,2050,2058
2045,2049,2024,2026,2024,2049,2056,2068
2042,2055,2022,2024,2015,2035,2036,2081
2039,2050,2023,2027,2019,1995,2015,2090
2042,2050,2020,2039,2055,1986,2027,2093
2042,2045,2026,2049,2071,2007,2043,2094
2038,2046,2020,2044,2078,2028,2049,2092
2041,2051,2026,2044,2073,2050,2054,2087
2047,2063,2033,2045,2062,2056,2060,2082
2048,2066,2040,2036,2044,2050,2059,2082
2045,2063,2039,2032,2040,2039,2040,2070
2045,2063,2038,2020,2034,2048,2061,2068
2055,2060,2049,2022,2028,2054,2064,2056
2054,2076,2066,2025,2025,2047,2063,2046
2049,2071,2080,2028,2029,2045,2037,2042
2053,2074,2088,2031,2032,2046,2052,2033
2054,2075,2090,2039,2037,2040,2030,2027
2052,2070,2080,2034,2031,2037,2032,2013
2047,2072,2074,2038,2033,2043,2049,2013
2054,2073,2069,2048,2038,2046,2046,2010
2053,2078,2076,2043,2043,2049,2045,2015
2059,2071,2062,2048,2043,2061,2028,2008
2051,2059,2044,2037,2042,2044,2012,2000
2039,2049,2040,2035,2042,2033,2029,2000
2043,2063,2054,2050,2046,2037,2009,1997
2030,2058,2060,2056,2052,2027,2014,2008
2040,2060,2055,2048,2045,2027,2026,2016
2042,2060,2053,2053,2046,2035,2026,2022
2044,2064,2057,2053,2052,2048,2020,2035
2052,2065,2056,2052,2055,2057,2019,2045
2052,2062,2062,2054,2059,2064,2029,2056
2054,2059,2063,2060,2063,2065,2023,2059
2053,2068,2069,2055,2063,2062,2022,2067
2047,2070,2064,2058,2059,2061,2037,2074
2049,2066,2067,2060,2067,2067,2035,2079
2047,2064,2060,2056,2066,2068,2043,2085
2043,2066,2054,2054,2064,2065,2042,2095
2045,2064,2051,2052,2055,2044,2032,2098
2047,2056,2046,2044,2048,2021,2022,2085
2033,2045,2037,2039,2040,2009,2033,2081
2030,2049,2038,2037,2036,2011,2039,2093
2044,2053,2043,2033,2039,2013,2032,2089
2048,2058,2043,2040,2036,2026,2033,2081
2043,2062,2047,2041,2037,2043,2031,2074
2045,2065,2042,2044,2033,2053,2036,2073
2049,2070,2047,2051,2038,2062,2048,2058
2049,2072,2045,2052,2043,2057,2017,2041
2045,2066,2042,2045,2041,2061,2012,2034
2040,2061,2039,2046,2030,2051,2022,2029
2045,2060,2040,2050,2024,2023,2017,2021
2043,2060,2046,2064,2028,2004,2008,2022
2049,2059,2054,2069,2025,2053,2036,2019
2046,2051,2053,2064,2020,2077,2039,2012
2038,2046,2053,2064,2014,2082,2038,2012
2035,2047,2047,2065,2009,2064,2035,1996
2028,2029,2036,2053,2013,2035,2031,1998
2026,2028,2036,2058,2032,2016,2038,2005
2046,2051,2054,2084,2077,2026,2057,2021
2048,2064,2055,2090,2094,2048,2052,2030
2054,2066,2056,2086,2099,2066,2051,2029
2053,2067,2057,2076,2071,2052,2036,2029
2053,2062,2055,2058,2017,2031,2042,2033
2050,2060,2058,2043,1980,2012,2045,2042
2045,2058,2053,2038,1971,1999,2043,2048
2050,2061,2054,2027,1986,2020,2024,2057
2061,2065,2055,2024,2022,2036,2030,2055
2060,2063,2059,2035,2061,2056,2048,2070
2057,2065,2057,2036,2072,2054,2044,2084
2050,2059,2045,2028,2069,2062,2033,2088
2042,2058,2044,2026,2107,2083,2028,2090
2047,2054,2048,2030,2130,2097,2032,2091
2047,2053,2048,2027,2125,2091,2032,2088
2041,2052,2047,2031,2104,2084,2030,2093
2042,2071,2054,2043,2081,2059,2030,2095
2045,2070,2056,2053,2072,2048,2045,2093
2042,2061,2052,2055,2088,2060,2049,2085
2046,2057,2046,2051,2051,2066,2043,2078
2047,2052,2042,2043,1997,2057,2037,2069
2042,2054,2042,2032,1888,2035,2044,2063
2042,2055,2046,2028,1890,2024,2049,2058
2042,2061,2054,2039,1937,2026,2031,2050
2045,2061,2056,2042,1963,2029,2038,2043
2040,2053,2048,2020,1976,2007,2040,2033
2045,2053,2044,2016,2019,1999,2043,2035
2048,2054,2046,2023,1998,1983,2037,2036
2040,2050,2040,2018,1977,1984,2029,2027
2039,2046,2035,2014,1983,2001,2018,2018
2029,2040,2030,2033,2036,2028,2017,2012
2031,2038,2036,2049,2090,2056,2042,2009
2039,2056,2046,2074,2097,2070,2054,2014
2042,2059,2049,2073,2101,2079,2063,2025
2046,2054,2045,2070,2118,2081,2047,2026
2048,2056,2048,2066,2126,2081,2056,2031
2053,2052,2052,2057,2126,2081,2043,2031
2044,2047,2045,2065,2113,2072,2060,2028
2036,2052,2045,2053,2083,2048,2032,2036
2035,2046,2047,2056,2086,2053,2042,2056
2043,2048,2054,2061,2085,2063,2057,2066
2046,2049,2054,2058,2080,2064,2047,2070
2041,2053,2047,2053,2064,2069,2054,2068
2037,2043,2037,2044,2049,2076,2038,2071
2037,2046,2036,2034,2035,2072,2050,2077
2034,2036,2036,2038,2031,2065,2047,2070
2033,2028,2027,2035,2028,2040,2049,2077
2033,2028,2035,2045,2033,2025,2047,2090
2039,2049,2045,2056,2048,2031,2058,2088
2041,2047,2040,2064,2063,2037,2043,2065
2034,2049,2049,2060,2056,2046,2044,2064
2035,2048,2045,2053,2050,2048,2023,2063
2041,2048,2042,2050,2045,2052,2019,2054
2040,2041,2042,2046,2043,2050,2026,2045
2037,2043,2041,2048,2052,2050,2036,2040
2037,2043,2037,2052,2068,2057,2045,2031
2038,2041,2039,2054,2051,2052,2053,2024
2045,2046,2049,2050,2041,2050,2056,2020
2043,2049,2044,2048,2038,2062,2034,2023
2049,2047,2036,2048,2039,2078,2035,2016
2036,2043,2039,2038,2037,2077,2034,2015
2037,2038,2034,2042,2038,2075,2034,2000
2024,2026,2031,2037,2035,2067,2029,1996
2028,2040,2041,2045,2047,2071,2051,2008
2047,2059,2054,2064,2070,2064,2059,2020
2046,2062,2056,2065,2075,2033,2044,2023
2049,2060,2050,2069,2060,2026,2028,2011
2043,2058,2051,2069,2061,2032,2040,2021
2040,2058,2050,2064,2050,2034,2043,2028
2038,2055,2050,2063,2062,2040,2043,2036
2047,2053,2052,2060,2054,2064,2050,2038
2051,2053,2051,2051,2038,2085,2049,2056
2047,2045,2041,2046,2035,2091,2039,2064
2041,2043,2041,2045,2036,2089,2046,2069
2041,2041,2047,2044,2025,2074,2046,2073
2039,2043,2049,2058,2033,2020,2037,2091
2045,2047,2052,2064,2036,2011,2048,2102
2035,2045,2054,2062,2030,2034,2031,2097
2038,2045,2044,2052,2014,2041,2031,2099
2027,2052,2040,2050,2013,2039,2049,2104
2036,2055,2053,2050,2037,2042,2041,2097
2039,2061,2055,2060,2073,2051,2044,2092
2040,2059,2050,2069,2093,2054,2030,2082
2046,2057,2052,2070,2077,2064,2030,2076
2049,2059,2054,2062,2060,2064,2040,2068
2053,2061,2056,2059,2059,2066,2046,2058
2050,2060,2050,2060,2062,2046,2032,2042
2043,2052,2048,2059,2058,2018,2021,2036
2040,2048,2041,2054,2052,2016,2018,2035
2044,2039,2045,2054,2031,2023,2029,2037
2040,2037,2038,2045,2019,2017,2032,2028
2046,2042,2034,2044,2030,2027,2001,2018
2046,2047,2035,2046,2029,2044,2034,2015
2044,2047,2038,2045,2032,2049,2031,2006
2034,2027,2027,2040,2040,2056,2033,2008
2022,2029,2034,2044,2074,2071,2052,2024
2036,2044,2040,2049,2072,2072,2062,2033
2040,2039,2035,2043,2057,2066,2066,2030
2033,2038,2036,2040,2052,2070,2066,2038
2042,2034,2033,2044,2042,2065,2059,2042
2047,2035,2029,2044,2043,2061,2058,2042
2043,2031,2031,2047,2058,2059,2049,2035
2039,2030,2034,2044,2056,2070,2067,2042
2042,2034,2038,2050,2055,2065,2056,2039
2033,2038,2045,2058,2064,2070,2060,2044
2029,2038,2045,2056,2069,2080,2048,2063
2033,2034,2044,2057,2077,2082,2042,2072
2033,2042,2050,2058,2073,2052,2023,2078
2036,2052,2052,2055,2065,2022,2033,2082
2042,2059,2052,2055,2061,2017,2029,2084
2043,2053,2042,2054,2047,2000,2019,2090
2039,2049,2046,2048,2048,1996,2007,2090
2045,2058,2056,2054,2043,2007,2036,2087
2050,2054,2051,2049,2044,2008,2019,2084
2045,2050,2050,2058,2047,2010,2020,2075
2039,2051,2049,2054,2055,2009,2028,2068
2049,2047,2051,2052,2048,2004,2026,2066
2047,2051,2052,2058,2050,1999,2030,2059
2054,2055,2056,2056,2052,2002,2035,2053
2052,2056,2057,2057,2053,2005,2043,2041
2058,2058,2052,2057,2054,1998,2050,2036
2052,2051,2053,2060,2054,1998,2046,2034
2051,2054,2054,2058,2061,2004,2043,2026
2049,2054,2055,2055,2049,1998,2041,2024
2049,2055,2048,2050,2035,2010,2037,2015
2040,2051,2049,2037,2001,2020,2015,2004
2034,2036,2039,2033,1988,2033,2001,2003
2033,2033,2034,2030,1988,2053,2020,2004
2036,2044,2042,2036,1992,2056,2012,2003
2037,2041,2042,2040,2010,2053,2030,2014
2039,2049,2050,2060,2074,2080,2060,2019
2043,2047,2051,2071,2113,2124,2069,2036
2045,2050,2050,2070,2129,2146,2094,2034
2039,2048,2046,2070,2131,2132,2080,2035
2043,2043,2048,2072,2120,2109,2058,2043
2046,2048,2045,2068,2113,2082,2044,2061
2048,2052,2053,2065,2094,2055,2052,2062
2047,2055,2049,2066,2108,2048,2069,2077
2046,2058,2051,2064,2118,2035,2048,2082
2052,2055,2052,2057,2092,2037,2062,2100
2049,2059,2053,2045,2030,2040,2048,2103
2051,2061,2051,2044,2018,2031,2032,2089
2042,2045,2040,2022,1991,2032,2024,2088
2045,2045,2047,2030,1998,2046,2034,2093
2041,2050,2044,2038,2014,2054,2052,2089
2040,2046,2044,2044,2020,2045,2062,2079
2043,2046,2045,2039,1995,2052,2068,2071
2041,2050,2046,2029,1926,2053,2046,2068
2042,2043,2044,2021,1918,2047,2052,2067
2046,2044,2050,2017,1949,2060,2050,2057
2045,2045,2047,2026,2033,2087,2059,2055
2047,2044,2036,2039,2069,2107,2060,2040
2039,2043,2042,2040,2078,2123,2079,2031
2042,2036,2037,2039,2087,2138,2066,2034
2046,2034,2040,2050,2126,2139,2072,2021
2045,2040,2047,2057,2133,2078,2064,2022
2052,2052,2052,2070,2122,2038,2059,2027
2046,2056,2052,2059,2095,2002,2040,2011
2030,2043,2041,2046,2058,1982,2022,1998
2030,2042,2042,2044,2041,1978,2024,2001
2036,2051,2049,2045,2028,1984,2011,2005
2041,2052,2043,2045,2013,1990,2008,2002
2049,2050,2044,2045,2009,2005,2005,2011
2047,2053,2048,2047,2024,2013,2003,2016
2046,2055,2048,2043,2022,1984,2008,2017
2042,2050,2048,2043,2021,1982,2010,2029
2042,2048,2050,2040,2030,2000,2011,2032
2039,2048,2046,2043,2020,2007,2011,2042
2035,2047,2045,2032,2025,2019,2014,2052
2039,2052,2043,2034,2038,2040,1995,2060
2036,2053,2038,2031,2054,2062,2017,2067
2036,2048,2044,2039,2086,2104,2007,2069
2039,2050,2044,2038,2084,2096,2033,2076
2039,2044,2042,2031,2061,2076,2037,2078
2033,2045,2042,2027,2056,2081,2043,2080
2039,2052,2043,2035,2054,2077,2061,2090
2038,2057,2045,2039,2052,2060,2071,2092
2037,2058,2045,2034,2031,2065,2060,2079
2042,2054,2039,2028,2005,2066,2039,2056
2031,2052,2041,2023,1983,2059,2030,2046
2040,2050,2034,2014,1956,2047,2023,2040
2039,2042,2040,2007,1899,2017,2034,2039
2046,2044,2048,2010,1950,1994,2027,2050
2054,2057,2049,2020,1994,2001,2033,2035
2052,2064,2045,2029,2031,2042,2037,2030
2056,2071,2065,2063,2073,2083,2066,2046
2065,2077,2075,2072,2076,2086,2071,2048
2071,2077,2071,2073,2129,2094,2051,2034
2067,2067,2068,2074,2148,2091,2043,2020
2053,2045,2049,2046,2102,2051,2018,2010
2036,2030,2036,2029,2116,2023,1996,2011
2037,2036,2045,2040,2147,2057,2038,2024
2044,2039,2045,2046,2118,2049,2058,2028
2043,2040,2041,2034,2106,2053,2054,2026
2051,2049,2050,2059,2137,2094,2076,2040
2058,2057,2067,2074,2125,2117,2076,2038
2064,2059,2064,2060,2036,2102,2056,2048
2062,2051,2055,2056,2031,2088,2043,2056
2059,2057,2061,2049,2040,2087,2043,2055
2050,2063,2056,2054,2056,2080,2031,2050
2040,2055,2046,2048,2053,2051,2014,2044
2033,2043,2042,2047,2040,2045,2022,2049
2026,2039,2040,2034,2008,2045,2034,2062
2036,2032,2044,2028,2003,2013,2035,2084
2042,2042,2046,2040,2023,1998,2035,2080
2037,2039,2043,2041,2011,1995,2018,2078
2026,2039,2044,2042,2006,2005,2006,2073
2029,2055,2050,2040,2008,2036,2007,2077
2027,2054,2053,2039,2016,2045,2022,2071
2039,2054,2050,2036,2005,2038,2024,2057
2035,2053,2052,2033,1981,2025,2026,2045
2038,2058,2056,2027,1967,2008,2003,2024
2029,2053,2053,2029,1985,2017,1988,2011
2027,2048,2046,2043,2034,2024,2000,2012
2024,2046,2051,2055,2078,2044,2016,2014
2026,2051,2053,2060,2074,2056,2027,2007
2033,2055,2060,2059,2063,2059,2029,2009
2043,2055,2060,2057,2053,2038,2020,1999
2038,2056,2056,2048,2057,2057,2041,1998
2045,2054,2052,2052,2047,2073,2043,2005
2041,2050,2047,2038,2030,2067,2034,1993
2033,2047,2040,2037,2016,2059,2037,1994
2034,2050,2038,2032,2039,2088,2072,2017
2039,2057,2049,2052,2080,2117,2104,2035
2050,2065,2051,2055,2100,2125,2099,2046
2052,2065,2050,2061,2095,2100,2073,2045
2053,2058,2045,2051,2076,2074,2071,2044
2048,2049,2043,2042,2064,2081,2051,2032
2043,2043,2044,2043,2062,2069,2052,2033
2051,2049,2047,2044,2062,2052,2019,2027
2049,2050,2045,2050,2085,2016,2034,2035
2048,2058,2050,2062,2091,1999,2011,2038
2043,2052,2054,2058,2069,2000,1999,2028
2035,2050,2050,2056,2059,1998,1984,2048
2026,2047,2049,2053,2057,2014,2011,2058
2027,2051,2052,2051,2057,2042,2030,2078
2036,2054,2056,2053,2065,2059,2020,2095
2035,2054,2044,2047,2051,2059,2024,2094
2033,2045,2033,2040,2036,2070,2053,2096
2042,2046,2042,2045,2024,2059,2058,2101
2041,2044,2047,2048,2014,2061,2056,2090
2035,2035,2037,2045,2020,2059,2079,2081
2028,2036,2044,2042,2002,2043,2047,2070
2035,2042,2046,2038,1996,2022,2048,2055
2034,2045,2049,2044,2009,2022,2066,2043
2033,2051,2051,2056,2036,2056,2069,2030
2038,2050,2048,2052,2040,2069,2080,2020
2030,2046,2037,2041,2020,2093,2079,2014
2026,2040,2033,2030,2024,2106,2080,2022
2036,2038,2038,2042,2064,2103,2080,2023
2037,2036,2036,2048,2070,2101,2069,2033
2051,2042,2045,2051,2071,2132,2080,2034
2050,2049,2052,2062,2080,2179,2117,2036
2055,2051,2051,2053,2057,2176,2104,2028
2052,2046,2052,2048,2043,2156,2086,2020
2040,2039,2058,2053,2050,2058,2071,2010
2050,2058,2059,2056,2053,1890,2034,2007
2046,2056,2058,2061,2075,1945,2078,2014
2050,2054,2051,2052,2071,1993,2095,2020
2055,2060,2058,2056,2073,1999,2092,2031
2055,2059,2059,2058,2078,1977,2057,2032
2048,2053,2054,2055,2088,1934,2058,2029
2044,2047,2052,2060,2065,1939,2028,2034
2032,2039,2052,2051,2045,1960,2020,2035
2035,2042,2056,2052,2045,1965,2012,2035
2040,2050,2065,2064,2050,1969,2028,2044
2031,2044,2057,2062,2040,1997,2034,2045
2029,2042,2060,2056,2045,2057,2030,2056
2029,2047,2058,2059,2077,2124,2030,2059
2027,2046,2056,2049,2075,2152,2023,2064
2018,2032,2041,2030,2058,2136,2032,2075
2027,2038,2045,2039,2079,2131,2055,2082
2039,2056,2051,2047,2073,2059,2044,2088
2050,2061,2052,2042,2048,1981,2032,2080
2045,2057,2058,2040,2040,1971,2021,2052
2034,2052,2051,2035,2016,2009,2024,2034
2031,2056,2045,2021,1962,1996,2016,2022
2034,2046,2040,2007,1924,2008,2015,2018
2035,2048,2041,2001,1906,1994,2035,2021
2030,2042,2032,2002,1931,1950,2014,2025
2039,2046,2044,2027,2030,1965,2056,2034
2047,2059,2057,2071,2111,2058,2074,2029
2052,2053,2060,2083,2155,2081,2065,2016
2044,2052,2056,2080,2158,2086,2062,2010
2043,2050,2047,2073,2141,2127,2057,2005
2036,2048,2045,2053,2097,2144,2059,1994
2033,2028,2033,2021,2044,2124,2038,1993
2022,2025,2030,2007,2042,2102,2054,1998
2031,2036,2036,2012,2042,2072,2051,1995
2035,2040,2038,2012,1979,2016,2037,2008
2038,2048,2045,2036,1996,2012,2071,2015
2045,2053,2058,2057,2050,2081,2056,2018
2044,2051,2058,2064,2094,2096,2049,2023
2049,2057,2058,2078,2134,2115,2073,2027
2048,2051,2053,2065,2125,2101,2029,2032
2038,2051,2050,2061,2110,2083,2016,2037
2033,2052,2052,2066,2101,2022,2032,2055
2032,2050,2047,2067,2098,1921,2006,2061
2038,2055,2052,2062,2090,1944,2032,2056
2041,2054,2049,2062,2098,1999,2026,2060
2037,2051,2054,2056,2084,2048,2018,2065
2030,2056,2052,2041,2041,2081,2037,2067
2034,2046,2043,2029,1991,2094,2032,2061
2027,2039,2037,2027,2011,2118,2038,2059
2024,2045,2042,2031,2032,2144,2051,2064
2028,2056,2049,2035,2036,2141,2052,2063
2033,2060,2056,2043,2041,2125,2051,2060
2032,2064,2054,2048,2052,2093,2032,2051
2036,2063,2058,2049,2056,2064,2026,2045
2036,2072,2064,2056,2057,2031,2020,2036
2040,2067,2060,2055,2045,1993,2038,2030
2039,2062,2049,2050,2041,1988,2043,2026
2032,2053,2050,2050,2046,2009,2032,2021
2038,2048,2049,2049,2049,2014,2007,2016
2039,2044,2048,2049,2047,2001,2006,2006
2035,2046,2053,2043,2036,2020,2007,2000
2035,2044,2054,2047,2004,2050,2028,2003
2034,2043,2052,2048,2016,2053,2025,2004
2036,2035,2048,2047,1999,2036,2014,1989
2028,2026,2041,2034,1994,2051,2030,1986
2024,2031,2035,2037,1992,2061,2030,1985
2029,2035,2040,2034,1986,2071,2027,1985
2022,2035,2041,2034,2006,2062,2040,1987
2035,2042,2049,2054,2038,2044,2035,2003
2043,2046,2058,2058,2043,2015,2045,2017
2039,2052,2054,2059,2091,2018,2024,2016
2040,2047,2052,2060,2092,2025,2031,2017
2033,2044,2052,2054,2097,2038,2028,2016
2034,2047,2048,2050,2097,2047,2031,2033
2040,2053,2048,2042,2082,2046,2048,2043
2045,2045,2062,2044,2051,2047,2024,2048
2042,2050,2054,2053,2057,2047,2022,2056
2037,2046,2052,2048,2072,2071,2059,2064
2043,2049,2056,2049,2084,2088,2061,2074
2044,2043,2058,2050,2071,2092,2060,2073
2046,2037,2045,2046,2055,2081,2033,2075
2033,2037,2039,2034,2051,2074,2048,2071
2033,2047,2051,2035,2054,2059,2031,2069
2040,2046,2053,2032,2041,2038,2047,2065
2042,2048,2043,2030,2030,2020,2022,2064
2039,2042,2040,2022,2054,2007,2052,2062
2045,2043,2042,2041,2106,1996,2057,2058
2058,2055,2058,2063,2143,2001,2067,2054
2060,2063,2066,2074,2133,2005,2059,2039
2052,2061,2069,2071,2091,2006,2043,2028
2049,2058,2062,2059,2000,2012,2036,2015
2047,2047,2057,2047,2012,2041,2042,2011
2049,2042,2048,2036,2015,2063,2054,2002
2046,2037,2043,2033,2014,2060,2052,2001
2042,2034,2043,2030,2014,2079,2056,2001
2045,2036,2044,2039,2034,2108,2077,2003
2046,2047,2045,2038,2030,2106,2071,1992
2033,2034,2046,2038,2022,2094,2058,1984
2032,2029,2040,2045,2041,2074,2069,1993
2039,2041,2047,2049,2050,2023,2059,2002
2038,2041,2054,2050,2065,2023,2049,2000
2035,2039,2046,2047,2067,2045,2068,2001
2037,2036,2046,2053,2074,2050,2058,2007
2046,2043,2058,2057,2098,2064,2048,2017
2047,2045,2057,2048,2093,2075,2051,2023
2049,2045,2054,2049,2082,2048,2058,2026
2043,2040,2050,2040,2049,2012,2035,2027
2034,2035,2050,2016,1973,2004,2031,2039
2037,2039,2052,2022,1988,2025,2050,2057
2040,2040,2053,2037,2016,2041,2053,2060
2044,2040,2053,2039,2032,2046,2047,2064
2038,2040,2056,2039,2055,2054,2058,2065
2036,2037,2046,2045,2064,2048,2061,2065
2034,2027,2037,2042,2064,2051,2057,2062
2029,2026,2035,2040,2061,2052,2069,2064
2027,2032,2040,2036,2036,2059,2063,2067
2031,2027,2043,2035,2030,2064,2074,2061
2036,2033,2049,2036,2033,2070,2074,2054
2040,2040,2050,2029,2024,2068,2074,2048
2042,2037,2048,2033,2015,2060,2069,2040
2049,2045,2049,2045,2010,2020,2068,2041
2051,2052,2063,2053,2018,2008,2064,2035
2051,2054,2065,2059,2028,1983,2056,2024
2052,2058,2061,2058,2055,1991,2060,2013
2049,2047,2058,2064,2077,2024,2068,2007
2042,2038,2048,2055,2080,2032,2062,2003
2042,2034,2047,2037,2053,2042,2057,2002
2035,2040,2047,2034,2040,2066,2053,2001
2041,2032,2046,2041,2041,2080,2056,1996
2043,2034,2048,2036,2037,2070,2047,1990
2028,2028,2040,2035,2037,2070,2058,1990
2032,2026,2046,2044,2042,2069,2063,1998
2043,2042,2053,2043,2038,2071,2080,2006
2045,2045,2056,2047,2044,2062,2073,2011
2044,2040,2056,2047,2039,2045,2080,2006
2046,2040,2053,2046,2046,2048,2073,2011
2042,2041,2055,2048,2055,2050,2077,2015
2043,2042,2057,2053,2092,2068,2074,2021
2044,2040,2058,2055,2108,2080,2061,2023
2040,2039,2054,2050,2110,2085,2069,2034
2040,2035,2051,2054,2112,2090,2066,2042
2045,2038,2057,2060,2131,2107,2079,2057
2047,2042,2054,2066,2116,2109,2085,2062
2044,2041,2057,2053,2098,2104,2061,2067
2036,2037,2053,2046,2079,2083,2055,2064
2035,2033,2052,2045,2057,2062,2036,2066
2035,2026,2040,2034,2034,1997,2021,2060
2027,2019,2032,2035,2022,1942,2013,2063
2032,2022,2046,2043,2017,1937,2026,2060
2042,2032,2049,2045,2018,1977,2035,2063
2038,2036,2050,2038,2004,2027,2034,2053
2041,2037,2049,2028,1971,2022,2019,2044
2045,2029,2043,2019,1939,1994,2003,2032
2033,2028,2031,2005,1897,1957,2002,2029
2037,2028,2035,2003,1901,1911,2006,2024
2042,2034,2043,2016,1955,1913,2021,2028
2042,2037,2045,2038,2031,1992,2042,2025
2047,2042,2052,2052,2061,2028,2054,2025
2054,2043,2056,2051,2082,2044,2066,2024
2048,2036,2056,2046,2083,2051,2056,2010
2045,2040,2044,2041,2054,2041,2051,1997
2042,2033,2043,2032,2028,2025,2037,1993
2047,2039,2049,2027,2029,2023,2036,1992
2048,2036,2038,2026,2030,2022,2054,1997
2044,2036,2036,2025,2017,2034,2052,2003
2053,2039,2047,2032,2034,2059,2069,2002
2047,2046,2046,2035,2074,2092,2072,2008
2050,2043,2050,2042,2093,2088,2049,2002
2045,2033,2043,2029,2087,2075,2042,2011
2048,2033,2042,2041,2095,2073,2049,2018
2055,2041,2056,2064,2096,2077,2054,2031
2059,2041,2053,2061,2091,2081,2058,2024
2050,2037,2055,2063,2103,2080,2050,2026
2033,2028,2052,2062,2114,2073,2038,2025
2042,2033,2052,2062,2126,2088,2056,2040
2049,2043,2059,2067,2116,2100,2047,2049
2040,2040,2055,2056,2080,2071,2032,2046
2026,2035,2049,2044,2044,2054,2042,2052
2018,2030,2044,2036,2018,2074,2048,2065
2029,2031,2042,2026,1977,2076,2056,2063
2026,2019,2036,2017,1931,2071,2062,2077
2034,2027,2038,2019,1951,2062,2033,2073
2034,2042,2047,2031,1966,2017,2043,2068
2034,2047,2054,2051,2008,2017,2056,2070
2036,2045,2056,2060,2060,2019,2055,2055
2034,2038,2050,2058,2092,2029,2060,2048
2032,2032,2044,2056,2108,2031,2066,2034
2025,2029,2036,2050,2099,2032,2078,2015
2016,2025,2032,2039,2075,2039,2079,2009
2029,2031,2036,2047,2116,2060,2072,2013
2068,2044,2046,2056,2124,2081,2041,1997
2080,2038,2050,2057,2103,2069,2023,1995
2063,2037,2042,2049,2084,2017,2014,1990
2046,2032,2040,2048,2075,2026,2047,1989
2038,2034,2043,2044,2079,2040,2055,1994
2041,2035,2043,2052,2082,2044,2054,1993
2043,2035,2043,2040,2074,2036,2056,1982
2037,2032,2040,2041,2077,2041,2059,1985
2035,2029,2038,2047,2072,2040,2070,1990
2048,2038,2049,2056,2060,2020,2065,1995
2060,2038,2050,2051,2054,2015,2056,1991
2052,2038,2042,2044,2061,2024,2064,1982
2049,2039,2047,2040,2075,2029,2052,1987
2051,2038,2044,2048,2069,2024,2074,1994
2050,2042,2048,2049,2070,2020,2072,2010
2057,2042,2046,2051,2083,2024,2070,2015
2058,2038,2044,2053,2081,2030,2075,2024
2056,2038,2049,2056,2074,2037,2063,2046
2055,2039,2046,2054,2082,2042,2060,2059
2053,2041,2046,2059,2084,2067,2066,2064
2055,2042,2046,2050,2091,2085,2057,2068
2050,2035,2052,2054,2090,2114,2035,2069
2050,2036,2046,2052,2087,2112,2028,2070
2043,2027,2040,2049,2086,2101,2041,2068
2044,2028,2038,2047,2083,2092,2040,2072
2047,2037,2041,2055,2090,2071,2027,2062
2046,2035,2042,2059,2075,2045,2037,2061
2042,2033,2047,2054,2072,2044,2050,2061
2039,2028,2046,2049,2063,2031,2050,2065
2058,2034,2044,2056,2072,2023,2049,2055
2057,2039,2044,2056,2082,2042,2070,2037
2053,2037,2044,2047,2085,2057,2083,2030
2052,2037,2036,2044,2073,2058,2067,2016
2049,2034,2037,2030,2031,2075,2041,2004
2046,2035,2037,2024,1983,2076,2042,2011
2055,2035,2046,2028,2002,2055,2054,2017
2060,2038,2043,2032,2032,2093,2053,2006
2049,2033,2040,2031,2008,2141,2050,1991
2038,2033,2037,2029,1999,2184,2042,1986
2032,2022,2030,2014,1987,2148,2039,1987
2022,2023,2032,2022,1991,2019,2044,1985
2032,2029,2040,2035,2010,1957,2058,1999
2044,2042,2041,2042,2025,1991,2056,1997
2042,2046,2054,2049,2057,1998,2057,2014
2053,2054,2061,2061,2072,2000,2071,2030
2060,2050,2058,2058,2059,2013,2090,2012
2063,2051,2054,2057,2048,2029,2074,2015
2057,2046,2042,2048,2045,2036,2069,2007
2050,2045,2047,2043,2070,2053,2058,2004
2046,2045,2043,2059,2097,2062,2061,2010
2045,2040,2045,2063,2095,2058,2055,2017
2045,2046,2042,2066,2098,2059,2045,2030
2051,2044,2054,2073,2090,2064,2039,2052
2052,2042,2052,2060,2075,2073,2051,2066
2056,2044,2050,2051,2056,2059,2054,2091
2054,2039,2050,2044,2028,2045,2042,2099
2053,2029,2044,2037,2016,2029,2040,2094
2058,2033,2040,2042,2028,2024,2042,2097
2058,2050,2051,2049,2052,2040,2062,2096
2061,2048,2053,2053,2060,2044,2051,2087
2059,2051,2046,2049,2074,2043,2028,2071
2053,2042,2044,2042,2077,2033,2038,2052
2042,2036,2044,2039,2076,2031,2015,2037
2047,2031,2038,2050,2073,2025,2037,2023
2043,2023,2031,2046,2067,2017,2019,2012
2042,2021,2029,2033,2090,2016,2008,2000
2037,2022,2027,2043,2132,2035,2036,2008
2048,2034,2042,2070,2182,2062,2053,2019
2055,2037,2047,2077,2197,2067,2057,2009
2050,2035,2045,2074,2208,2042,2052,1999
2040,2035,2048,2070,2168,2024,2030,1989
2046,2035,2044,2047,2037,1987,2024,1973
2035,2028,2040,2033,1912,1966,2021,1980
2028,2027,2035,2018,1842,1967,2014,1982
2038,2041,2049,2037,1906,1994,2034,1979
2044,2042,2045,2040,1975,2031,2045,1983
2043,2040,2045,2046,2029,2046,2055,1978
2045,2035,2045,2044,2043,2056,2044,1980
2045,2037,2047,2046,2034,2068,2044,1992
2046,2045,2053,2052,2059,2083,2055,2002
2051,2046,2052,2061,2074,2088,2074,2014
2054,2047,2052,2066,2090,2100,2079,2038
2062,2044,2048,2076,2100,2128,2090,2060
2057,2038,2048,2068,2096,2122,2082,2068
2051,2032,2038,2063,2100,2103,2071,2077
2036,2032,2036,2058,2137,2085,2039,2073
2030,2027,2035,2055,2177,2092,2042,2074
2028,2027,2036,2058,2147,2081,2045,2082
2032,2030,2030,2024,2016,2057,2060,2084
2054,2031,2032,2018,1995,2077,2071,2084
2059,2045,2047,2034,2007,2091,2068,2091
2061,2049,2046,2034,1998,2031,2049,2078
2049,2051,2040,2027,1973,1963,2036,2066
2035,2040,2035,2011,1951,1971,2034,2049
2029,2032,2033,2017,1970,2008,2033,2044
2031,2038,2037,2032,2039,2054,2043,2049
2039,2040,2044,2039,2070,2079,2037,2036
2039,2040,2044,2039,2069,2088,2054,2022
2037,2032,2038,2038,2060,2104,2040,2012
2027,2038,2038,2037,2048,2104,2047,2009
2040,2039,2038,2040,2046,2040,2049,2005
2034,2039,2038,2039,2030,1950,2046,2002
2049,2036,2033,2034,1999,1976,2000,2006
2069,2040,2034,2033,2009,2029,2027,2001
2073,2051,2039,2037,2020,2037,2017,1995
2057,2032,2032,2036,2006,2040,2018,1995
2045,2034,2029,2045,2030,2043,2051,2004
2055,2045,2042,2052,2034,2039,2056,2009
2057,2039,2043,2053,2040,2050,2062,2015
2055,2037,2039,2053,2047,2063,2045,2016
2056,2040,2039,2032,2034,2051,2039,2018
2056,2041,2048,2034,2078,2065,2052,2038
2060,2056,2049,2045,2072,2084,2069,2043
2064,2057,2053,2048,2053,2087,2064,2051
2069,2052,2053,2040,2055,2075,2068,2059
2061,2054,2053,2037,2045,2063,2067,2057
2049,2042,2044,2031,2039,2078,2060,2064
2034,2041,2038,2041,2090,2089,2041,2068
2040,2040,2038,2050,2107,2063,2047,2064
2029,2039,2036,2056,2103,2051,2033,2068
2033,2033,2041,2061,2098,2028,2032,2074
2031,2028,2034,2059,2093,2056,2032,2075
2033,2029,2034,2055,2095,2106,2052,2077
2046,2041,2044,2060,2116,2089,2059,2079
2042,2046,2040,2056,2120,2073,2038,2077
2036,2042,2038,2054,2126,2076,2045,2054
2044,2040,2039,2059,2128,2096,2063,2056
2040,2041,2037,2052,2116,2088,2010,2047
2042,2038,2034,2044,2091,2070,2017,2037
2041,2042,2038,2040,2076,2044,2047,2036
2052,2044,2041,2045,2050,2012,2018,2025
2054,2047,2038,2044,2038,1997,2025,2024
2046,2041,2038,2036,2006,2001,2020,2017
2050,2038,2034,2041,2010,2022,2051,2013
2050,2033,2038,2040,2018,2035,2032,2011
2031,2027,2030,2040,2029,2041,2027,1994
2042,2033,2030,2038,2029,2019,2024,1992
2067,2035,2025,2031,2027,2001,2028,1991
2064,2032,2022,2018,2027,2012,2026,1986
2059,2035,2028,2030,2058,2023,2044,2000
2058,2039,2033,2035,2066,2010,2032,2009
2056,2045,2035,2045,2055,2020,2042,2007
2047,2041,2034,2042,2068,2033,2038,2008
2047,2035,2029,2038,2059,2029,2045,2012
2043,2037,2031,2036,2025,2021,2048,2018
2046,2045,2039,2037,2005,2006,2033,2027
2056,2045,2041,2032,2002,1999,2030,2037
2047,2038,2034,2020,2008,2017,2040,2052
2055,2045,2040,2035,2039,2040,2058,2062
2063,2054,2046,2056,2080,2053,2062,2076
2065,2057,2049,2061,2102,2082,2059,2086
2068,2053,2051,2062,2122,2093,2071,2088
2062,2051,2048,2062,2116,2088,2066,2086
2053,2046,2039,2056,2111,2077,2041,2074
2045,2032,2030,2052,2110,2069,2036,2076
2037,2028,2032,2052,2103,2069,2035,2072
2040,2029,2036,2051,2092,2059,2014,2068
2046,2037,2041,2048,2097,2062,2052,2070
2053,2043,2047,2053,2103,2075,2045,2065
2052,2047,2038,2053,2091,2055,2044,2056
2051,2045,2040,2051,2073,2035,2022,2042
2051,2051,2042,2055,2050,2034,2026,2040
2052,2047,2039,2049,2008,2045,2034,2032
2045,2035,2038,2055,2033,2059,2051,2018
2048,2038,2040,2045,2037,2046,2060,2027
2053,2043,2042,2039,2014,2020,2042,2023
2059,2049,2038,2036,2004,2026,2053,2019
2056,2041,2036,2034,2011,2027,2029,2002
2045,2035,2030,2029,2007,2025,2019,1997
2041,2039,2033,2028,2010,2015,2009,1994
2043,2035,2036,2040,2028,2024,2027,2002
2043,2039,2034,2046,2041,2029,2023,2013
2058,2047,2041,2045,2056,2047,2051,2010
2061,2055,2049,2053,2062,2053,2061,2015
2059,2049,2054,2051,2064,2056,2045,2024
2060,2054,2057,2058,2085,2058,2033,2023
2057,2052,2054,2062,2082,2057,2049,2031
2058,2053,2055,2060,2068,2050,2038,2033
2053,2049,2052,2063,2069,2054,2047,2037
2053,2045,2049,2065,2073,2046,2050,2046
2054,2048,2053,2062,2078,2033,2041,2063
2054,2049,2056,2064,2095,2029,2050,2083
2062,2049,2057,2072,2111,2047,2045,2089
2060,2045,2048,2053,2071,2042,2051,2080
2049,2040,2037,2030,2009,2049,2040,2085
2051,2046,2037,2036,2036,2054,2034,2076
2036,2036,2037,2036,2048,2057,2054,2083
2043,2032,2037,2039,2048,2073,2058,2093
2051,2043,2041,2041,2049,2080,2058,2087
2047,2049,2046,2046,2038,2072,2059,2077
2045,2047,2046,2038,2036,2074,2048,2067
2045,2049,2044,2044,2045,2060,2051,2064
2049,2044,2052,2057,2053,2017,2032,2050
2048,2048,2044,2057,2045,2006,2036,2045
2055,2052,2044,2052,2028,2008,2017,2046
2055,2052,2044,2046,2024,2008,2029,2027
2054,2048,2042,2040,2025,2010,2015,2029
2047,2048,2042,2040,2029,2013,2044,2025
2052,2049,2041,2051,2019,2015,2040,2018
2050,2047,2044,2045,2043,2015,2044,2020
2058,2050,2045,2053,2082,2022,2057,2018
2055,2045,2042,2043,2087,2028,2049,2009
2050,2033,2033,2043,2097,2031,2045,2006
2050,2032,2036,2046,2104,2046,2048,2001
2052,2044,2036,2037,2070,2063,2058,2006
2053,2040,2036,2030,2043,2077,2057,2013
2055,2046,2034,2032,2017,2121,2051,2013
2056,2041,2043,2035,1943,2134,2033,2017
2058,2052,2045,2056,1989,2117,2035,2025
2052,2052,2053,2064,2053,2128,2043,2038
2058,2050,2050,2071,2082,2073,2043,2046
2053,2047,2052,2062,2090,2037,2041,2051
2047,2044,2043,2056,2070,2034,2035,2057
2042,2041,2045,2050,2047,2017,2046,2066
2044,2039,2043,2050,2047,2023,2054,2073
2046,2039,2045,2047,2054,2022,2066,2081
2054,2054,2044,2056,2051,2015,2051,2086
2053,2051,2043,2052,2032,2030,2044,2089
2048,2043,2047,2044,2010,2037,2042,2083
2042,2049,2047,2048,2005,2049,2035,2086
2051,2050,2045,2049,1995,2039,2022,2081
2054,2060,2050,2048,2015,2029,2029,2080
2049,2057,2046,2046,2043,2041,2032,2070
2055,2059,2045,2048,2067,2058,2026,2060
2059,2054,2042,2053,2066,2068,2046,2049
2054,2049,2046,2055,2061,2056,2050,2050
2057,2051,2051,2052,2053,2054,2060,2034
2059,2052,2056,2060,2073,2048,2029,2025
2051,2043,2049,2053,2068,2042,2040,2021
2050,2044,2042,2054,2065,2044,2039,2024
2049,2045,2039,2048,2069,2056,2038,2024
2057,2045,2044,2058,2074,2074,2051,2023
2058,2053,2047,2057,2085,2072,2057,2026
2058,2049,2038,2054,2078,2055,2051,2019
2050,2042,2036,2045,2089,2045,2047,2017
2048,2044,2039,2067,2118,2051,2057,2028
2057,2053,2045,2066,2110,2059,2074,2033
2055,2051,2040,2059,2082,2045,2053,2036
2058,2047,2038,2050,2064,2028,2047,2043
2064,2054,2046,2055,2049,2031,2052,2047
2065,2056,2050,2062,2062,2032,2057,2049
2063,2065,2050,2058,2039,2025,2054,2051
2060,2057,2049,2052,2026,2012,2052,2058
2058,2058,2043,2046,2038,2012,2042,2060
2050,2051,2043,2044,2034,2012,2051,2064
2052,2049,2045,2040,2031,2010,2039,2068
2054,2046,2042,2041,1986,2010,2036,2070
2058,2046,2042,2053,2010,2039,2064,2082
2069,2047,2050,2064,2031,2069,2056,2082
2051,2040,2032,2049,2017,2089,2020,2071
2046,2031,2030,2046,1997,2105,2044,2080
2050,2039,2038,2040,1993,2135,2041,2088
2054,2042,2036,2044,1998,2140,2052,2087
2052,2052,2041,2041,2002,2100,2036,2081
2047,2049,2038,2038,2051,2061,2033,2075
2053,2054,2046,2062,2110,2035,2035,2070
2059,2052,2046,2067,2112,1996,2042,2054
2056,2052,2043,2065,2101,2000,2056,2051
2056,2052,2039,2066,2080,2024,2065,2041
2050,2047,2044,2056,2065,2044,2062,2032
2046,2044,2033,2054,2056,2040,2059,2027
2050,2047,2035,2051,2043,2038,2049,2027
2046,2048,2042,2052,2043,2044,2054,2020
2051,2048,2036,2056,2044,2038,2051,2018
2056,2047,2037,2058,2044,2035,2050,2010
2051,2044,2037,2061,2047,2042,2054,2008
2049,2030,2028,2055,2050,2045,2048,2011
2049,2030,2028,2060,2055,2056,2043,2021
2054,2043,2035,2060,2054,2062,2062,2023
2056,2041,2032,2053,2051,2069,2060,2024
2053,2045,2037,2052,2044,2069,2049,2027
2058,2049,2038,2052,2039,2064,2056,2031
2061,2061,2049,2056,2032,2037,2032,2036
2062,2061,2054,2060,2040,2005,2018,2054
2065,2063,2054,2067,2062,2003,2033,2065
2061,2061,2056,2063,2057,2021,2047,2066
2062,2061,2050,2063,2052,2033,2038,2067
2050,2054,2051,2053,2053,2032,2047,2076
2054,2055,2045,2059,2047,2026,2058,2081
2054,2054,2050,2059,2046,2020,2056,2090
2060,2053,2044,2064,2049,2019,2057,2097
2061,2052,2044,2059,2052,2037,2063,2103
2058,2049,2035,2058,2054,2049,2069,2093
2053,2043,2027,2056,2057,2060,2059,2094
2052,2047,2032,2061,2060,2068,2072,2095
2055,2050,2036,2064,2059,2068,2054,2084
2053,2047,2034,2056,2050,2053,2043,2075
2050,2041,2034,2050,2040,2039,2040,2062
2047,2045,2025,2043,2026,2045,2046,2065
2046,2048,2024,2043,2035,2057,2066,2058
2050,2043,2024,2046,2030,2065,2052,2046
2047,2036,2021,2043,2034,2074,2070,2040
2049,2039,2026,2046,2023,2079,2061,2034
2042,2037,2033,2046,2021,2075,2067,2025
2046,2037,2038,2057,2019,2061,2051,2027
2045,2043,2040,2058,2013,2045,2049,2019
2048,2043,2045,2055,2003,2023,2048,2022
2049,2048,2043,2051,1999,2034,2052,2020
2047,2048,2040,2056,1997,2045,2052,2005
2039,2042,2031,2050,1985,2034,2047,1996
2038,2035,2033,2041,1988,2036,2029,2011
2054,2051,2044,2056,2004,2031,2033,2010
2057,2060,2041,2046,2011,2006,2000,2015
2063,2060,2036,2043,2049,2005,2010,2022
2061,2058,2043,2050,2084,2014,2019,2030
2062,2056,2042,2054,2084,2001,2028,2034
2061,2054,2038,2045,2081,2015,2003,2040
2058,2050,2039,2042,2070,2032,2007,2037
2056,2050,2041,2050,2111,2056,2016,2047
2052,2051,2048,2064,2132,2064,2035,2057
2058,2052,2051,2072,2124,2062,2044,2075
2056,2053,2049,2081,2165,2106,2060,2096
2072,2055,2053,2094,2193,2135,2078,2113
2075,2052,2053,2097,2193,2106,2074,2113
2067,2047,2046,2083,2161,2053,2036,2096
2056,2036,2040,2066,2131,2017,2025,2080
2031,2018,2029,2046,2089,1994,2020,2072
2032,2012,2026,2011,1971,1967,2010,2072
2033,2028,2032,2008,1912,1970,2028,2076
2036,2025,2032,2012,1930,1979,2035,2077
2043,2031,2043,2022,1929,1998,2042,2073
2048,2043,2047,2034,1922,2034,2025,2077
2050,2051,2044,2062,1998,2071,2057,2076
2057,2050,2054,2067,2043,2093,2070,2072
2057,2056,2053,2070,2081,2091,2054,2060
2058,2055,2051,2061,2087,2058,2052,2043
2054,2059,2046,2056,2062,2030,2052,2037
2056,2059,2043,2045,2039,2021,2042,2032
2053,2047,2043,2044,2023,2038,2047,2031
2050,2042,2040,2040,2027,2040,2043,2029
2049,2039,2034,2040,2032,2037,2044,2025
2054,2044,2040,2040,2034,2042,2052,2026
2054,2054,2047,2040,2032,2046,2054,2021
2047,2047,2045,2039,2033,2066,2048,2025
2048,2046,2044,2042,2042,2064,2066,2028
2060,2050,2054,2045,2037,2056,2064,2031
2056,2043,2049,2038,2033,2039,2058,2038
2057,2049,2041,2038,2040,2032,2063,2042
2062,2047,2042,2046,2065,2047,2062,2043
2066,2052,2040,2054,2092,2057,2059,2039
2063,2047,2046,2066,2121,2056,2056,2049
2059,2043,2045,2065,2099,2055,2045,2038
2044,2043,2051,2069,2062,2066,2060,2048
2049,2043,2048,2065,2067,2076,2063,2064
2046,2040,2043,2061,2094,2082,2043,2080
2047,2039,2048,2065,2103,2090,2064,2083
2049,2044,2047,2065,2099,2086,2075,2086
2041,2044,2047,2063,2110,2070,2067,2097
2046,2044,2053,2056,2104,2056,2053,2096
2045,2036,2040,2046,2111,2050,2056,2096
2037,2035,2037,2054,2122,2046,2056,2094
2041,2033,2045,2064,2114,2041,2050,2100
2056,2037,2049,2057,2086,2031,2053,2094
2055,2046,2050,2046,2040,2031,2059,2092
2049,2052,2049,2034,1991,2031,2054,2082
2050,2051,2045,2028,2006,2036,2040,2072
2054,2052,2050,2034,2011,2039,2030,2070
2063,2051,2049,2035,2010,2034,2041,2056
2054,2049,2054,2040,2018,2037,2050,2040
2058,2048,2046,2042,2021,2041,2047,2038
2057,2052,2046,2042,2024,2049,2058,2038
2061,2050,2046,2037,2012,2038,2047,2034
2057,2055,2047,2041,2015,2038,2042,2035
2057,2054,2045,2037,2022,2040,2048,2033
2061,2051,2045,2035,2029,2044,2053,2031
2058,2046,2042,2038,2032,2046,2049,2028
2054,2036,2038,2036,2031,2044,2051,2026
2053,2040,2037,2042,2034,2054,2063,2032
2063,2050,2047,2054,2046,2070,2078,2037
2063,2055,2055,2052,2049,2082,2068,2039
2070,2061,2050,2051,2049,2080,2063,2034
2067,2059,2054,2058,2048,2080,2047,2026
2056,2056,2048,2049,2050,2075,2042,2026
2043,2045,2042,2041,2035,2062,2045,2029
2034,2032,2038,2035,2045,2045,2037,2033
2032,2036,2037,2034,2061,2042,2032,2045
2042,2044,2041,2036,2073,2016,2039,2077
2042,2050,2050,2044,2086,2002,2054,2081
2040,2052,2044,2042,2094,2024,2047,2090
2046,2051,2046,2056,2062,2041,2081,2097
2056,2054,2047,2067,2066,2056,2079,2107
2053,2058,2050,2064,2039,2049,2076,2104
2055,2056,2053,2058,1969,2035,2052,2098
2044,2046,2044,2046,1901,2013,2061,2100
2046,2048,2043,2042,1918,1997,2055,2101
2051,2052,2050,2041,1944,1980,2045,2094
2049,2052,2043,2045,1976,1978,2031,2085
2046,2051,2049,2035,2022,1994,2034,2074
2040,2050,2043,2035,2055,2033,2046,2074
2050,2053,2039,2041,2042,2083,2058,2063
2052,2046,2042,2041,2032,2094,2058,2061
2045,2043,2040,2045,2053,2088,2062,2054
2045,2042,2035,2047,2061,2054,2058,2046
2050,2043,2041,2044,2058,2035,2043,2040
2048,2042,2035,2043,2064,2030,2036,2032
2053,2041,2039,2041,2069,2056,2031,2041
2057,2050,2042,2047,2072,2076,2037,2034
2056,2052,2042,2042,2068,2096,2032,2033
2055,2053,2043,2042,2067,2120,2044,2029
2055,2061,2041,2043,2059,2100,2029,2023
2047,2044,2038,2036,2047,2036,2002,2026
2046,2043,2039,2043,2059,2011,2030,2033
2051,2052,2052,2047,2044,2020,2055,2024
2055,2055,2055,2050,2047,2033,2047,2022
2060,2056,2050,2044,2043,2036,2048,2032
2057,2053,2052,2052,2048,2047,2053,2032
2052,2055,2055,2053,2055,2052,2049,2043
2059,2056,2055,2052,2054,2058,2052,2056
2058,2062,2057,2056,2056,2055,2037,2065
2057,2064,2054,2060,2060,2052,2042,2071
2054,2060,2051,2060,2067,2062,2053,2071
2053,2058,2056,2056,2061,2052,2045,2082
2047,2049,2048,2054,2070,2060,2036,2089
2051,2043,2045,2048,2060,2050,2059,2091
2051,2046,2044,2041,2053,2046,2054,2102
2049,2046,2042,2042,2043,2044,2041,2095
2045,2036,2038,2035,2039,2034,2033,2094
2040,2040,2042,2038,2028,2023,2034,2098
2041,2049,2043,2039,2034,2035,2047,2089
2047,2052,2041,2037,2030,2030,2036,2086
2043,2050,2037,2039,2030,2026,2041,2077
2048,2045,2037,2040,2024,2026,2053,2071
2048,2046,2046,2040,2020,2037,2050,2062
2045,2052,2040,2038,2023,2042,2061,2054
2050,2049,2042,2041,2029,2047,2067,2060
2052,2060,2042,2042,2028,2058,2081,2059
2057,2060,2047,2046,2035,2049,2065,2044
2051,2054,2041,2046,2028,2040,2052,2033
2045,2052,2048,2050,2034,2033,2050,2033
2044,2052,2045,2051,2041,2045,2051,2032
2049,2049,2041,2048,2043,2060,2057,2037
2054,2045,2040,2047,2043,2058,2064,2033
2054,2040,2035,2042,2042,2060,2053,2021
2041,2025,2029,2034,2040,2070,2052,2019
2037,2031,2032,2039,2051,2071,2056,2026
2042,2045,2042,2042,2052,2067,2072,2031
2046,2041,2044,2046,2051,2071,2080,2043
2054,2039,2040,2047,2053,2073,2081,2046
2053,2045,2038,2042,2044,2081,2079,2047
2055,2039,2037,2044,2045,2086,2092,2054
2057,2042,2036,2046,2052,2090,2082,2056
2050,2041,2033,2045,2029,2081,2072,2054
2052,2042,2035,2036,2008,2072,2065,2063
2042,2038,2030,2025,1971,2045,2062,2061
2042,2038,2032,2015,1963,2052,2064,2071
2042,2040,2026,2016,1972,2069,2070,2070
2039,2033,2025,2030,2005,2064,2060,2083
2050,2049,2043,2072,2084,2073,2074,2102
2066,2056,2062,2098,2131,2085,2080,2107
2068,2062,2059,2091,2120,2066,2060,2106
2060,2055,2058,2086,2113,2062,2044,2103
2057,2060,2049,2071,2100,2060,2044,2103
2063,2061,2045,2062,2084,2048,2050,2093
2056,2061,2042,2052,2068,2048,2040,2086
2056,2057,2043,2040,2045,2011,2043,2083
2057,2052,2045,2038,2038,1984,2015,2066
2053,2057,2046,2028,2041,1989,2001,2063
2056,2056,2045,2038,2033,2005,2024,2060
2061,2057,2041,2041,2010,1994,2013,2041
2054,2049,2041,2040,1997,1975,2004,2032
2043,2040,2035,2036,1997,1983,2014,2025
2034,2042,2036,2037,2008,2012,2029,2031
2038,2045,2039,2042,2008,2034,2045,2023
2045,2043,2039,2039,2017,2028,2032,2029
2043,2043,2036,2045,2036,2028,2028,2016
2038,2039,2038,2058,2057,2042,2030,2016
2040,2034,2031,2051,2069,2042,2026,2016
2040,2042,2032,2058,2066,2039,2035,2031
2054,2055,2043,2050,2065,2036,2048,2031
2052,2059,2045,2047,2065,2038,2044,2032
2056,2058,2051,2058,2076,2047,2061,2038
2061,2060,2047,2059,2068,2060,2072,2045
2055,2060,2047,2057,2054,2064,2059,2046
2052,2059,2049,2056,2033,2062,2044,2037
2049,2060,2051,2049,2039,2060,2036,2040
2046,2052,2041,2055,2072,2059,2044,2054
2044,2043,2040,2047,2086,2059,2036,2059
2039,2046,2041,2044,2090,2086,2039,2066
2039,2047,2037,2052,2105,2120,2050,2072
2039,2048,2040,2045,2080,2100,2048,2078
2044,2043,2039,2045,2063,2083,2034,2087
2046,2049,2039,2044,2050,2071,2036,2097
2050,2044,2033,2039,2036,2031,2036,2096
2037,2039,2031,2038,2026,2021,2008,2096
2038,2038,2030,2043,2010,2030,2020,2100
2046,2044,2035,2043,2019,2060,2048,2098
2048,2048,2038,2056,2052,2064,2038,2095
2046,2046,2039,2058,2047,2057,2038,2081
2051,2046,2039,2049,2037,2045,2036,2078
2054,2047,2036,2034,2018,2031,2035,2064
2048,2050,2034,2038,2024,2016,2026,2055
2051,2049,2034,2042,2050,2024,2027,2046
2052,2052,2037,2046,2067,2043,2044,2034
2048,2056,2041,2052,2079,2056,2063,2034
2052,2056,2046,2058,2069,2060,2052,2027
2046,2050,2046,2048,2057,2054,2057,2020
2040,2045,2044,2045,2048,2056,2046,2010
2038,2044,2044,2045,2043,2056,2051,2010
2044,2049,2044,2044,2051,2060,2071,2022
2051,2051,2042,2047,2053,2044,2069,2033
2058,2051,2042,2048,2051,2034,2062,2031
2059,2062,2048,2057,2060,2039,2056,2035
2063,2062,2047,2053,2054,2037,2065,2028
2063,2062,2052,2054,2051,2043,2067,2036
2060,2063,2058,2058,2047,2041,2069,2035
2060,2061,2058,2055,2040,2042,2062,2042
2060,2066,2057,2048,2038,2046,2074,2053
