CH1,CH2,CH3,CH4,CH5,CH6,CH7,CH8
2050,2053,2070,2084,2118,2053,2047,2052
2048,2054,2059,2075,2043,2049,2051,2050
2049,2047,2050,2059,1896,2039,2048,2057
2042,2052,2050,2057,1897,2038,2041,2061
2054,2054,2059,2054,1953,2042,2059,2066
2051,2056,2063,2054,1983,2039,2040,2056
2050,2057,2064,2050,2010,2042,2057,2067
2052,2056,2055,2038,2006,2024,2034,2053
2032,2027,2034,2020,1999,2019,2025,2049
2026,2027,2031,2022,2009,2035,2040,2064
2051,2056,2039,2031,2028,2046,2064,2062
2048,2052,2025,2022,2032,2044,2042,2069
2053,2052,2022,2024,2039,2050,2057,2064
2059,2050,2015,2025,2035,2053,2054,2059
2052,2047,2011,2016,2046,2048,2045,2048
2043,2034,2003,2013,2045,2048,2036,2043
2046,2040,2017,2036,2041,2058,2039,2044
2049,2050,2032,2047,2046,2055,2039,2045
2046,2065,2044,2055,2046,2062,2049,2047
2054,2071,2040,2055,2046,2057,2034,2037
2058,2059,2025,2047,2038,2055,2028,2031
2053,2060,2022,2044,2037,2042,2018,2027
2049,2053,2018,2042,2036,2045,2033,2024
2050,2047,2003,2036,2022,2032,1982,2007
2030,2011,1976,2015,2010,2025,1997,2004
2021,2012,1982,2015,2009,2032,2032,2026
2049,2049,2015,2026,2011,2036,2023,2032
2053,2049,2032,2028,2019,2037,2029,2031
2042,2052,2047,2039,2039,2041,2052,2038
2041,2056,2062,2049,2043,2042,2057,2038
2042,2054,2064,2046,2046,2044,2047,2048
2045,2061,2078,2047,2037,2046,2033,2054
2054,2068,2094,2055,2044,2054,2049,2065
2062,2073,2105,2060,2052,2058,2051,2071
2062,2073,2104,2063,2058,2068,2064,2076
2058,2066,2086,2065,2059,2069,2060,2082
2068,2072,2083,2065,2050,2060,2057,2074
2059,2062,2074,2068,2057,2064,2067,2083
2061,2068,2069,2065,2048,2053,2047,2076
2051,2061,2074,2066,2045,2050,2056,2066
2036,2028,2035,2035,2029,2041,2029,2057
2032,2019,2026,2035,2042,2060,2057,2080
2054,2058,2054,2047,2058,2069,2066,2075
2058,2058,2060,2043,2057,2066,2062,2074
2057,2064,2064,2033,2044,2060,2053,2064
2058,2062,2062,2032,2034,2052,2042,2065
2060,2071,2082,2046,2043,2058,2049,2060
2057,2064,2085,2045,2051,2055,2049,2058
2062,2066,2080,2051,2041,2052,2037,2054
2052,2060,2081,2048,2050,2058,2041,2053
2060,2073,2088,2056,2062,2060,2050,2047
2061,2071,2082,2064,2056,2058,2060,2032
2053,2052,2068,2051,2041,2055,2043,2032
2041,2048,2060,2054,2045,2054,2036,2025
2040,2045,2060,2062,2068,2060,2039,2022
2041,2042,2055,2062,2077,2051,2032,2016
2023,2016,2034,2049,2056,2021,2012,2006
2020,2014,2031,2055,2039,2022,2026,2023
2041,2041,2064,2073,2054,2035,2038,2030
2039,2041,2073,2078,2040,2033,2054,2031
2035,2040,2070,2079,2052,2047,2059,2029
2044,2056,2083,2088,2093,2064,2070,2031
2043,2051,2081,2095,2091,2057,2067,2045
2049,2056,2081,2095,2078,2065,2046,2046
2047,2051,2073,2076,2042,2066,2059,2052
2052,2047,2063,2068,2020,2049,2050,2059
2050,2053,2069,2081,2026,2052,2054,2061
2052,2058,2063,2067,2018,2042,2036,2059
2059,2071,2062,2072,2040,2051,2038,2056
2046,2052,2044,2068,2040,2050,2048,2066
2052,2054,2031,2053,2029,2048,2043,2064
2046,2050,2020,2047,2032,2056,2047,2068
2037,2024,2001,2020,2009,2029,2021,2041
2023,2017,1997,2013,2004,2034,2016,2058
2045,2048,2026,2036,2038,2072,2049,2070
2052,2057,2019,2026,2043,2067,2041,2064
2053,2053,2020,2031,2042,2067,2063,2069
2047,2044,2025,2031,2039,2064,2048,2064
2048,2044,2034,2042,2044,2063,2064,2055
2051,2047,2034,2048,2050,2062,2069,2054
2047,2045,2044,2054,2062,2070,2067,2057
2050,2052,2050,2064,2058,2075,2055,2051
2047,2036,2040,2051,2028,2058,2032,2042
2038,2039,2038,2035,1996,2046,2028,2037
2039,2042,2048,2029,1979,2046,2024,2027
2037,2043,2060,2029,1997,2048,2026,2026
2048,2050,2073,2038,2009,2045,2043,2020
2045,2058,2076,2049,2031,2054,2058,2021
2034,2029,2052,2033,2009,2037,2030,2004
2018,2017,2038,2039,2041,2038,2024,2010
2034,2046,2056,2061,2108,2063,2046,2031
2053,2057,2056,2060,2126,2072,2049,2031
2049,2062,2061,2069,2153,2078,2071,2037
2052,2065,2061,2078,2151,2084,2076,2033
2049,2053,2053,2076,2140,2085,2063,2040
2042,2048,2051,2073,2113,2076,2073,2045
2046,2050,2050,2062,2064,2064,2049,2045
2045,2051,2042,2038,1985,2042,2042,2044
2033,2042,2036,2029,1930,2031,2044,2049
2043,2043,2046,2036,1958,2040,2046,2048
2045,2046,2041,2050,2006,2044,2063,2052
2047,2050,2044,2058,2054,2046,2063,2050
2037,2046,2042,2068,2092,2045,2061,2050
2040,2045,2039,2058,2097,2035,2057,2054
2042,2043,2041,2058,2063,2020,2021,2036
2015,2017,2029,2047,2038,2020,2039,2037
2019,2028,2041,2057,2053,2039,2063,2058
2044,2058,2054,2064,2061,2047,2065,2051
2042,2054,2052,2064,2069,2051,2079,2050
2054,2061,2051,2062,2073,2053,2066,2055
2048,2053,2049,2044,2013,2045,2070,2054
2045,2046,2044,2036,1970,2041,2065,2044
2047,2045,2044,2036,1974,2050,2081,2047
2050,2057,2052,2040,1996,2049,2065,2038
2043,2049,2044,2046,2027,2049,2054,2033
2044,2046,2049,2060,2069,2055,2069,2039
2046,2053,2048,2068,2092,2060,2066,2027
2050,2053,2052,2070,2113,2065,2075,2026
2039,2052,2045,2063,2094,2059,2063,2017
2045,2045,2039,2062,2076,2061,2047,2016
2037,2039,2036,2060,2062,2049,2045,2004
2024,2028,2031,2054,2038,2036,2043,2001
2016,2024,2033,2053,2035,2045,2064,2014
2044,2060,2063,2074,2036,2057,2084,2021
2042,2063,2070,2072,2020,2050,2069,2026
2039,2057,2067,2066,2005,2046,2055,2030
2040,2054,2063,2064,2018,2043,2062,2036
2040,2049,2060,2073,2049,2048,2077,2040
2043,2048,2061,2072,2056,2040,2077,2043
2051,2057,2064,2073,2049,2031,2080,2044
2046,2049,2045,2076,2045,2028,2062,2047
2048,2058,2053,2079,2046,2031,2036,2049
2043,2052,2048,2076,2052,2035,2051,2052
2050,2055,2053,2064,2053,2031,2059,2052
2047,2046,2043,2056,2094,2046,2070,2057
2046,2054,2045,2047,2062,2047,2050,2065
2046,2056,2043,2035,2006,2046,2077,2069
2049,2046,2024,2024,2013,2029,2055,2058
2030,2020,2008,2016,2012,2017,2043,2055
2035,2037,2026,2038,2003,2045,2063,2072
2051,2049,2025,2043,1990,2040,2076,2072
2060,2048,2030,2033,1999,2043,2070,2072
2047,2043,2028,2033,2007,2051,2072,2069
2050,2046,2032,2029,1968,2062,2070,2063
2046,2060,2054,2035,1936,2062,2068,2047
2042,2047,2050,2024,1939,2054,2070,2051
2047,2055,2061,2033,1961,2041,2060,2039
2035,2040,2049,2037,1986,2015,2062,2046
2055,2058,2052,2057,2051,2020,2065,2046
2046,2038,2033,2057,2114,2031,2071,2033
2041,2038,2023,2061,2139,2059,2065,2029
2039,2032,2020,2060,2152,2068,2065,2022
2050,2040,2027,2062,2131,2072,2077,2025
2054,2044,2031,2051,2081,2045,2053,2009
2032,2020,2012,2030,2047,2034,2042,2009
2029,2017,2026,2037,2057,2042,2063,2021
2042,2043,2047,2047,2052,2044,2067,2023
2043,2039,2050,2039,2043,2037,2062,2031
2038,2042,2055,2046,2030,2031,2058,2042
2056,2057,2070,2062,2048,2049,2085,2050
2056,2061,2068,2066,2046,2031,2060,2054
2051,2065,2080,2083,2061,2048,2072,2063
2067,2063,2071,2087,2065,2045,2058,2055
2058,2066,2079,2091,2066,2058,2069,2058
2056,2059,2080,2089,2038,2047,2063,2054
2051,2060,2081,2092,2036,2059,2078,2060
2038,2050,2062,2086,2025,2042,2060,2058
2033,2040,2047,2074,2023,2037,2052,2054
2039,2036,2039,2069,2023,2033,2048,2062
2047,2042,2038,2062,2038,2030,2030,2062
2025,2023,2021,2045,2053,2026,2026,2057
2024,2029,2017,2030,2057,2031,2031,2058
2045,2052,2010,2029,2059,2049,2044,2070
2048,2045,2000,2018,2048,2047,2039,2062
2045,2042,1994,2006,2055,2051,2059,2063
2042,2034,2003,2002,2042,2054,2062,2055
2042,2026,2002,1997,2034,2052,2057,2046
2038,2032,2005,1995,2038,2052,2064,2044
2034,2033,2017,2002,2038,2049,2047,2045
2046,2051,2028,2021,2051,2052,2058,2047
2043,2057,2044,2036,2055,2055,2053,2039
2052,2064,2060,2035,2054,2042,2052,2030
2044,2058,2060,2041,2042,2035,2048,2016
2044,2052,2060,2029,2027,2018,2032,2018
2038,2042,2057,2028,1993,2012,2014,2016
2036,2051,2063,2036,2009,2034,2020,2034
2051,2060,2070,2032,2043,2032,2002,2012
2026,2038,2060,2029,2043,2026,2003,2009
2024,2033,2077,2047,2068,2046,2021,2028
2053,2065,2091,2049,2057,2039,2039,2023
2048,2071,2099,2056,2057,2053,2047,2042
2062,2083,2108,2053,2054,2043,2036,2037
2068,2093,2118,2072,2067,2055,2037,2052
2067,2082,2103,2057,2052,2035,2027,2050
2064,2072,2106,2064,2054,2046,2042,2062
2063,2069,2097,2066,2045,2050,2039,2058
2060,2064,2094,2070,2059,2055,2050,2061
2060,2057,2087,2063,2062,2058,2056,2064
2047,2052,2079,2062,2072,2062,2058,2060
2058,2056,2072,2066,2116,2066,2057,2063
2050,2047,2072,2066,2146,2076,2051,2069
2044,2042,2060,2049,2156,2074,2052,2064
2046,2048,2056,2046,2160,2074,2057,2062
2033,2023,2028,2025,2153,2053,2039,2053
2022,2023,2044,2042,2142,2051,2057,2053
2041,2034,2063,2052,2151,2073,2081,2070
2053,2058,2084,2056,2137,2057,2068,2067
2046,2034,2075,2051,2080,2040,2058,2061
2052,2055,2088,2050,1995,2046,2064,2056
2046,2044,2071,2041,1884,2037,2062,2061
2052,2054,2075,2052,1900,2043,2056,2052
2044,2044,2069,2041,1929,2035,2061,2038
2040,2037,2062,2045,1967,2035,2060,2041
2033,2037,2053,2052,1978,2029,2060,2038
2032,2041,2048,2048,1972,2017,2057,2032
2036,2042,2049,2043,1968,2016,2050,2032
2047,2057,2061,2045,1984,2010,2052,2022
2035,2037,2046,2031,2024,2025,2062,2029
2048,2058,2057,2054,2071,2051,2061,2024
2040,2059,2061,2064,2122,2066,2053,2016
2029,2030,2032,2046,2141,2068,2027,2007
2027,2021,2009,2038,2145,2095,2066,2031
2049,2052,2036,2043,2121,2086,2054,2028
2041,2049,2052,2046,2087,2080,2062,2041
2046,2059,2064,2052,2057,2064,2045,2036
2047,2059,2073,2056,2042,2060,2061,2042
2044,2061,2077,2050,2023,2051,2052,2038
2051,2064,2073,2034,1982,2045,2049,2048
2047,2064,2079,2029,1988,2056,2034,2052
2047,2057,2075,2028,1984,2049,2044,2058
2046,2066,2078,2039,1995,2038,2022,2055
2046,2058,2071,2047,2010,2035,2038,2063
2043,2058,2069,2046,2025,2028,2022,2060
2038,2057,2072,2062,2055,2052,2053,2067
2038,2053,2064,2059,2074,2053,2035,2064
2044,2060,2068,2057,2098,2074,2054,2069
2043,2050,2036,2039,2085,2049,2027,2049
2016,2023,2021,2035,2083,2056,2026,2049
2016,2016,2015,2032,2073,2066,2046,2068
2043,2049,2036,2044,2090,2082,2064,2069
2045,2042,2029,2040,2078,2070,2059,2064
2040,2051,2030,2036,2078,2079,2067,2067
2048,2054,2032,2037,2071,2065,2055,2053
2036,2042,2035,2035,2063,2063,2044,2052
2034,2035,2030,2019,2030,2059,2055,2048
2031,2038,2027,2007,1998,2060,2055,2046
2037,2040,2038,2016,2000,2054,2039,2041
2044,2060,2062,2042,2081,2070,2041,2036
2041,2051,2064,2041,2114,2061,2058,2038
2049,2050,2067,2047,2121,2059,2041,2025
2029,2032,2066,2041,2111,2055,2051,2018
2041,2036,2064,2047,2077,2046,2054,2016
2034,2039,2069,2051,2064,2048,2036,2013
2030,2030,2060,2041,2045,2032,2003,1998
2012,2023,2055,2043,2033,2026,2020,1997
2023,2041,2074,2037,1987,2032,2040,2024
2039,2055,2071,2024,1934,2018,2044,2021
2049,2051,2060,2035,1959,2030,2025,2029
2047,2053,2066,2051,1998,2034,2016,2029
2049,2057,2068,2051,2024,2040,2043,2034
2041,2054,2066,2053,2032,2040,2042,2042
2043,2050,2063,2048,2021,2040,2055,2043
2048,2045,2058,2040,2008,2044,2060,2043
2048,2046,2058,2042,2008,2049,2039,2051
2047,2055,2062,2044,2009,2051,2035,2053
2052,2058,2073,2048,2019,2057,2041,2066
2051,2059,2067,2056,2049,2061,2048,2059
2054,2059,2063,2052,2043,2055,2031,2064
2041,2058,2069,2064,2041,2061,2048,2066
2061,2074,2073,2065,2037,2051,2003,2051
2030,2031,2048,2048,2024,2028,2016,2050
2034,2031,2047,2042,2023,2029,2021,2054
2051,2058,2055,2049,2060,2046,2059,2062
2059,2063,2050,2050,2088,2049,2063,2056
2042,2044,2031,2036,2074,2051,2050,2049
2040,2040,2030,2044,2089,2056,2070,2042
2045,2040,2025,2044,2093,2052,2041,2043
2045,2041,2021,2037,2081,2054,2034,2032
2038,2034,2015,2035,2076,2054,2039,2037
2047,2053,2027,2033,2070,2046,2036,2030
2049,2057,2044,2042,2083,2054,2071,2035
2050,2054,2042,2045,2080,2049,2063,2024
2043,2059,2048,2046,2088,2061,2067,2018
2047,2047,2032,2044,2084,2057,2072,2019
2041,2046,2038,2046,2079,2061,2070,2013
2037,2037,2032,2038,2078,2055,2059,2009
2046,2045,2044,2045,2076,2036,2052,1998
2029,2018,2026,2023,2045,2017,2044,1987
2016,2021,2042,2033,2045,2030,2064,2010
2047,2068,2078,2057,2053,2038,2063,2013
2048,2062,2064,2034,2000,2031,2039,2017
2048,2060,2060,2030,1974,2046,2039,2027
2058,2067,2074,2058,2031,2071,2056,2040
2067,2072,2075,2070,2052,2062,2045,2041
2062,2075,2073,2071,2058,2065,2052,2049
2062,2067,2061,2066,2059,2064,2063,2048
2067,2078,2065,2065,2070,2063,2063,2053
2060,2064,2047,2051,2059,2056,2067,2060
2068,2071,2054,2059,2059,2055,2056,2051
2061,2063,2044,2051,2061,2057,2057,2053
2066,2069,2049,2049,2063,2053,2045,2049
2050,2049,2035,2044,2053,2051,2061,2049
2054,2058,2045,2041,2051,2054,2054,2052
2046,2049,2034,2029,2033,2034,2027,2031
2020,2024,2022,2024,2016,2027,2026,2044
2025,2022,2028,2038,2021,2045,2045,2057
2043,2039,2037,2039,2036,2046,2045,2059
2045,2041,2044,2052,2047,2045,2025,2062
2045,2044,2059,2064,2045,2048,2025,2057
2050,2052,2082,2071,2054,2050,2034,2063
2062,2069,2105,2090,2061,2059,2054,2049
2051,2054,2085,2080,2054,2056,2058,2048
2060,2064,2097,2082,2051,2055,2051,2038
2045,2049,2081,2081,2060,2063,2073,2046
2061,2065,2090,2084,2052,2056,2045,2030
2055,2057,2080,2080,2057,2063,2046,2033
2064,2069,2076,2076,2051,2057,2028,2022
2044,2053,2049,2059,2042,2058,2056,2026
2057,2060,2032,2040,2035,2050,2050,2012
2038,2043,2026,2037,2035,2049,2040,2012
2033,2025,2009,2018,2020,2034,2018,2007
2026,2025,2005,2005,2018,2031,2009,2003
2031,2039,2031,2020,2041,2055,2038,2023
2055,2064,2033,2016,2048,2054,2025,2028
2053,2062,2027,2014,2051,2057,2056,2030
2045,2061,2008,2001,2050,2059,2058,2034
2056,2060,2006,2008,2056,2056,2045,2035
2046,2054,2020,2021,2066,2059,2021,2049
2057,2057,2039,2030,2074,2054,2054,2042
2044,2067,2056,2045,2103,2071,2058,2058
2053,2068,2054,2048,2096,2058,2049,2054
2050,2071,2057,2051,2102,2074,2064,2064
2059,2062,2040,2038,2072,2052,2055,2053
2052,2060,2046,2041,2071,2052,2062,2058
2050,2062,2046,2035,2052,2044,2041,2060
2056,2060,2055,2046,2064,2052,2049,2070
2059,2064,2060,2051,2057,2042,2044,2049
2026,2029,2020,2017,2001,2020,2031,2037
2021,2020,2020,2010,1980,2019,2038,2047
2037,2040,2037,2031,1990,2032,2056,2054
2045,2044,2040,2040,2009,2037,2053,2052
2041,2044,2043,2046,2040,2042,2057,2055
2043,2040,2035,2048,2036,2045,2053,2052
2034,2035,2030,2045,2015,2040,2038,2044
2040,2038,2039,2037,1991,2035,2048,2041
2039,2035,2059,2041,1982,2034,2039,2030
2032,2037,2083,2048,1991,2041,2040,2022
2031,2040,2085,2055,2008,2050,2048,2021
2034,2035,2086,2052,2019,2057,2039,2017
2034,2036,2076,2049,2034,2058,2047,2014
2032,2044,2069,2048,2083,2060,2037,2014
2038,2044,2068,2050,2106,2062,2054,2017
2045,2058,2065,2058,2115,2048,2051,2013
2053,2054,2061,2060,2132,2031,2039,2004
2035,2028,2039,2071,2182,2041,2035,1998
2017,2021,2036,2090,2240,2077,2049,2022
2046,2052,2053,2107,2274,2082,2060,2022
2050,2064,2071,2098,2261,2079,2049,2026
2046,2062,2067,2087,2224,2066,2044,2042
2063,2079,2086,2086,2174,2062,2052,2031
2053,2066,2065,2069,2038,2055,2069,2040
2064,2079,2063,2045,1936,2038,2047,2042
2052,2052,2033,2014,1881,2037,2028,2054
2070,2068,2034,2003,1824,2032,2036,2045
2056,2059,2029,2013,1884,2038,2044,2057
2066,2065,2041,2035,1950,2040,2051,2049
2057,2056,2045,2046,1976,2038,2068,2054
2060,2049,2038,2044,2003,2043,2062,2054
2049,2038,2026,2041,2009,2038,2041,2050
2047,2042,2025,2037,2010,2028,2046,2046
2040,2026,2010,2018,2004,2012,2019,2034
2020,2003,1991,2010,2022,2012,2021,2034
2012,2002,1997,2026,2065,2039,2048,2057
2052,2044,2017,2041,2078,2047,2038,2051
2041,2036,2022,2040,2069,2055,2052,2060
2052,2034,2021,2035,2047,2050,2027,2047
2044,2035,2027,2041,2058,2057,2055,2051
2052,2037,2028,2035,2049,2050,2067,2045
2052,2036,2037,2046,2063,2062,2066,2051
2058,2043,2042,2036,2047,2051,2054,2041
2052,2049,2056,2047,2052,2066,2068,2045
2063,2059,2064,2046,2041,2057,2046,2033
2059,2057,2066,2045,2045,2064,2065,2025
2057,2059,2064,2052,2045,2061,2043,2024
2052,2058,2064,2050,2049,2064,2033,2024
2058,2052,2067,2044,2044,2055,2033,2021
2049,2052,2062,2051,2045,2061,2052,2013
2040,2033,2048,2032,2021,2029,2030,1993
2028,2023,2052,2029,2022,2032,2037,2007
2041,2039,2069,2043,2028,2046,2036,2022
2064,2065,2088,2066,2048,2059,2061,2024
2061,2060,2090,2063,2046,2051,2049,2030
2068,2076,2117,2076,2064,2069,2070,2033
2062,2064,2108,2070,2054,2059,2061,2042
2077,2078,2115,2080,2055,2063,2064,2054
2068,2068,2104,2071,2050,2057,2055,2058
2070,2076,2100,2072,2053,2065,2048,2061
2066,2068,2089,2068,2050,2060,2024,2058
2067,2063,2077,2068,2052,2057,2046,2058
2068,2057,2068,2063,2037,2044,2035,2051
2050,2042,2060,2057,2040,2040,2026,2047
2048,2039,2057,2058,2051,2035,2042,2052
2048,2038,2053,2059,2045,2025,2027,2055
2049,2035,2051,2046,2040,2027,2027,2052
2045,2023,2043,2032,2029,2023,2028,2053
2034,2007,2032,2018,2023,2033,2036,2061
2067,2053,2064,2045,2053,2049,2050,2058
2049,2037,2046,2041,2052,2056,2054,2067
2062,2052,2061,2047,2040,2071,2029,2057
2049,2037,2053,2042,2025,2075,2054,2058
2069,2054,2068,2054,2012,2078,2039,2045
2059,2043,2065,2056,2007,2066,2051,2050
2060,2049,2072,2064,2008,2041,2057,2043
2054,2041,2073,2072,2030,2017,2061,2047
2058,2047,2072,2085,2071,2036,2056,2050
2057,2042,2080,2094,2087,2048,2065,2044
2060,2051,2074,2091,2086,2068,2049,2029
2056,2038,2072,2085,2075,2067,2066,2029
2060,2046,2068,2082,2051,2051,2037,2012
2046,2039,2063,2083,2051,2058,2045,2010
2056,2047,2063,2073,2032,2030,2025,1993
2025,2010,2030,2060,2026,2026,2019,2002
2032,2012,2022,2045,2024,2030,2035,2000
2036,2023,2026,2040,2024,2026,2030,2010
2037,2028,2032,2033,2033,2029,2033,2011
2048,2036,2035,2019,2027,2031,2045,2020
2052,2041,2036,2012,2040,2032,2031,2024
2061,2046,2036,2014,2052,2040,2042,2029
2058,2050,2030,2007,2053,2043,2036,2045
2064,2048,2026,2007,2049,2045,2039,2056
2069,2060,2037,2012,2051,2049,2030,2050
2067,2063,2047,2025,2046,2046,2028,2058
2066,2053,2050,2030,2049,2046,2038,2058
2055,2054,2046,2029,2036,2038,2061,2057
2055,2049,2044,2030,2034,2038,2035,2051
2048,2048,2047,2026,2027,2037,2024,2053
2052,2042,2045,2035,2037,2044,2044,2053
2052,2033,2039,2032,2063,2025,2018,2044
2031,2020,2032,2037,2094,2027,2005,2042
2037,2028,2047,2049,2109,2051,2047,2054
2058,2052,2061,2057,2110,2049,2034,2054
2067,2062,2080,2064,2100,2064,2043,2064
2078,2073,2076,2070,2088,2068,2041,2061
2076,2070,2073,2071,2089,2071,2050,2057
2079,2074,2070,2064,2075,2063,2056,2059
2069,2062,2065,2042,1996,2048,2040,2052
2076,2068,2062,2040,1991,2051,2043,2044
2073,2063,2068,2056,2033,2065,2054,2044
2065,2055,2059,2053,2051,2061,2050,2034
2074,2061,2056,2060,2076,2064,2047,2027
2069,2042,2044,2053,2061,2057,2065,2016
2067,2047,2046,2050,2037,2047,2052,2011
2060,2045,2045,2040,2019,2044,2055,2019
2068,2057,2056,2054,2022,2044,2045,2008
2041,2021,2027,2038,2007,2024,2029,1997
2045,2025,2038,2036,2012,2027,2030,1996
2042,2031,2042,2041,2025,2048,2061,2015
2050,2046,2057,2038,1997,2052,2050,2015
2047,2052,2052,2041,2000,2048,2064,2023
2060,2059,2056,2052,2019,2061,2057,2045
2076,2063,2069,2072,2036,2061,2070,2041
2069,2059,2077,2082,2022,2064,2066,2047
2068,2052,2071,2081,2017,2054,2060,2050
2066,2045,2068,2082,2036,2048,2046,2047
2057,2045,2062,2076,2033,2041,2044,2054
2066,2036,2047,2058,2031,2034,2044,2050
2063,2035,2032,2057,2038,2053,2051,2059
2067,2043,2032,2073,2065,2067,2048,2047
2057,2031,2019,2066,2041,2061,2050,2054
2056,2035,2016,2049,2020,2051,2054,2054
2057,2032,2018,2054,2025,2037,2049,2043
2040,2016,2004,2052,2005,2028,2050,2040
2036,2015,2003,2047,1985,2031,2052,2056
2052,2042,2028,2072,2015,2046,2063,2058
2059,2050,2021,2064,2037,2039,2064,2050
2057,2056,2037,2054,2049,2049,2062,2051
2059,2055,2037,2034,2047,2043,2057,2051
2061,2061,2041,2020,2033,2041,2046,2053
2065,2052,2034,2011,2029,2034,2059,2052
2067,2058,2041,2016,2019,2038,2050,2047
2067,2067,2062,2045,2045,2064,2088,2047
2063,2070,2070,2049,2048,2052,2078,2041
2064,2077,2073,2057,2061,2063,2082,2032
2055,2051,2054,2039,2049,2055,2071,2021
2064,2061,2059,2035,2040,2054,2054,2022
2050,2042,2045,2020,2026,2047,2065,2020
2057,2060,2064,2045,2042,2049,2056,2020
2048,2033,2042,2033,2022,2027,2041,2000
2032,2020,2029,2032,2016,2028,2047,2002
2044,2040,2045,2055,2036,2047,2064,2015
2052,2049,2040,2052,2046,2054,2072,2025
2063,2056,2048,2056,2046,2046,2065,2028
2053,2047,2041,2056,2045,2058,2062,2029
2055,2041,2041,2045,2032,2039,2063,2034
2046,2043,2034,2048,2025,2038,2054,2036
2043,2037,2031,2050,2031,2041,2064,2045
2039,2034,2021,2044,2028,2044,2071,2043
2041,2023,2014,2042,2037,2052,2066,2049
2053,2036,2034,2052,2043,2047,2053,2051
2054,2042,2072,2068,2057,2057,2063,2058
2057,2042,2076,2066,2047,2047,2068,2053
2063,2054,2094,2075,2037,2043,2064,2068
2064,2050,2080,2063,2022,2027,2060,2065
2064,2046,2074,2056,1998,2004,2034,2047
2039,2027,2054,2050,1982,1991,2027,2046
2039,2021,2050,2047,1988,2005,2050,2056
2062,2061,2059,2054,1993,2025,2054,2057
2065,2056,2054,2059,2006,2029,2055,2059
2055,2045,2043,2064,2045,2046,2058,2062
2051,2053,2043,2066,2060,2065,2085,2062
2062,2064,2050,2062,2034,2056,2081,2058
2057,2058,2045,2042,1990,2037,2075,2043
2053,2050,2032,2016,1994,2045,2057,2033
2045,2049,2026,2021,2049,2061,2082,2043
2057,2060,2042,2042,2080,2076,2069,2037
2060,2055,2044,2037,2081,2076,2051,2031
2053,2051,2042,2038,2081,2067,2065,2019
2058,2051,2041,2045,2093,2071,2067,2013
2048,2050,2038,2053,2095,2068,2045,2011
2048,2049,2040,2040,2066,2047,2028,1998
2034,2028,2029,2028,2030,2042,2027,1998
2036,2030,2042,2035,2033,2042,2062,2010
2052,2056,2059,2053,2030,2041,2054,2021
2054,2061,2053,2043,2004,2021,2037,2020
2049,2052,2047,2038,2001,2019,2027,2028
2054,2055,2047,2042,2001,2021,2034,2029
2053,2047,2045,2034,1993,2029,2038,2031
2055,2043,2041,2034,1991,2029,2047,2042
2061,2053,2049,2039,1981,2033,2043,2050
2055,2048,2041,2047,1998,2038,2042,2055
2060,2056,2038,2045,2005,2035,2044,2053
2052,2043,2029,2053,2038,2036,2038,2054
2059,2047,2033,2070,2109,2047,2035,2059
2053,2042,2023,2070,2133,2047,2038,2061
2054,2047,2026,2070,2120,2051,2060,2065
2063,2051,2027,2062,2099,2036,2024,2052
2042,2033,2021,2052,2090,2033,2027,2051
2031,2028,2016,2056,2133,2060,2049,2069
2060,2068,2043,2074,2193,2076,2035,2066
2054,2057,2046,2074,2170,2073,2050,2064
2055,2052,2041,2064,2055,2062,2067,2059
2061,2073,2051,2055,1923,2041,2026,2058
2057,2053,2038,2044,1933,2052,2027,2063
2066,2076,2052,2057,1996,2056,2013,2048
2052,2051,2038,2050,2032,2060,2056,2050
2062,2065,2043,2048,2042,2058,2047,2038
2046,2052,2035,2051,2052,2064,2056,2041
2049,2053,2030,2051,2091,2062,2063,2021
2042,2047,2021,2064,2124,2069,2067,2026
2050,2049,2026,2056,2126,2063,2041,2022
2055,2044,2025,2058,2110,2060,2072,2022
2057,2050,2030,2063,2103,2053,2060,2011
2031,2014,2005,2041,2082,2026,2045,2003
2028,2016,1999,2035,2071,2026,2031,2019
2038,2028,2002,2038,2081,2028,2036,2015
2036,2024,2009,2034,2076,2030,2030,2014
2034,2026,2016,2016,1991,2020,2014,2019
2033,2033,2019,2012,1945,2033,2048,2034
2046,2053,2058,2044,2002,2049,2049,2041
2044,2050,2070,2050,2028,2055,2062,2058
2066,2078,2097,2067,2030,2052,2065,2052
2054,2064,2094,2072,2034,2058,2071,2056
2062,2077,2100,2068,2028,2052,2054,2052
2059,2067,2096,2060,2028,2055,2063,2057
2055,2066,2097,2050,2002,2045,2051,2054
2049,2055,2075,2043,2006,2049,2045,2062
2047,2059,2074,2040,2025,2046,2068,2069
2049,2051,2067,2041,2042,2041,2049,2056
2033,2032,2040,2025,2026,2019,2045,2050
2027,2030,2038,2032,2029,2036,2061,2069
2052,2060,2056,2047,2040,2043,2072,2074
2065,2072,2068,2056,2051,2049,2044,2069
2058,2054,2059,2047,2043,2050,2069,2069
2066,2076,2065,2056,2049,2050,2070,2061
2055,2053,2052,2048,2052,2052,2081,2064
2068,2070,2067,2059,2054,2052,2078,2052
2048,2058,2058,2051,2052,2046,2063,2053
2058,2068,2059,2053,2052,2044,2072,2045
2045,2063,2055,2050,2049,2043,2057,2037
2051,2064,2057,2053,2044,2041,2049,2027
2045,2061,2068,2057,2039,2042,2058,2026
2048,2064,2079,2056,2037,2039,2056,2018
2045,2056,2084,2062,2044,2047,2056,2027
2055,2056,2081,2057,2039,2046,2053,2006
2019,2020,2044,2041,2024,2030,2026,2000
2015,2016,2036,2039,2028,2029,2053,2008
2034,2038,2059,2055,2043,2050,2059,2022
2045,2041,2053,2052,2042,2046,2046,2025
2050,2054,2064,2068,2046,2058,2058,2039
2053,2047,2054,2063,2037,2042,2058,2032
2039,2032,2047,2054,2038,2040,2044,2033
2037,2032,2040,2057,2034,2040,2054,2036
2035,2031,2032,2051,2039,2042,2040,2040
2035,2029,2025,2036,2039,2042,2048,2046
2032,2029,2021,2029,2038,2037,2047,2036
2027,2024,2017,2034,2037,2043,2030,2040
2026,2025,2013,2035,2041,2043,2038,2047
2030,2018,2018,2038,2037,2042,2027,2048
2027,2025,2020,2035,2039,2040,2032,2049
2025,2032,2024,2033,2040,2034,2036,2046
2022,2008,2019,2028,2026,2016,2021,2036
2017,2007,2027,2029,2026,2020,2035,2046
2034,2035,2049,2045,2045,2042,2055,2065
2052,2066,2071,2060,2059,2059,2071,2069
2050,2056,2061,2050,2051,2050,2052,2069
2055,2072,2071,2058,2055,2053,2047,2062
2053,2058,2059,2053,2049,2055,2048,2065
2056,2062,2069,2056,2049,2062,2058,2050
2048,2055,2059,2054,2044,2056,2066,2051
2057,2063,2055,2050,2044,2061,2071,2049
2060,2064,2060,2049,2043,2059,2067,2051
2063,2066,2062,2055,2042,2054,2060,2036
2049,2056,2056,2047,2042,2063,2062,2035
2060,2053,2051,2044,2026,2042,2037,2027
2040,2040,2041,2039,2015,2038,2048,2022
2042,2040,2043,2042,2005,2034,2036,2004
2032,2013,2029,2029,1990,2011,1992,1990
2008,2003,2026,2033,2013,2017,2020,1997
2023,2029,2050,2056,2062,2054,2058,2024
2044,2048,2058,2060,2067,2054,2059,2035
2048,2066,2067,2070,2071,2066,2065,2053
2049,2066,2064,2064,2060,2064,2060,2052
2060,2074,2071,2073,2055,2065,2065,2051
2057,2068,2064,2064,2064,2065,2063,2057
2056,2059,2060,2062,2071,2074,2060,2066
2053,2058,2059,2064,2076,2074,2070,2064
2055,2065,2068,2069,2081,2071,2076,2057
2044,2060,2063,2076,2088,2060,2071,2065
2058,2062,2062,2074,2127,2057,2047,2064
2043,2062,2066,2076,2140,2059,2049,2061
2050,2056,2058,2057,2111,2044,2053,2066
2043,2068,2080,2069,2098,2051,2058,2069
2049,2055,2071,2051,2047,2026,2043,2055
2035,2042,2059,2054,2030,2040,2035,2055
2038,2050,2062,2059,2035,2056,2064,2071
2054,2063,2061,2045,2000,2050,2066,2069
2063,2059,2055,2018,1926,2043,2072,2062
2050,2062,2056,2025,1936,2043,2067,2067
2055,2061,2058,2036,1966,2044,2063,2065
2052,2057,2059,2044,2012,2049,2063,2054
2051,2059,2053,2048,2041,2046,2053,2055
2053,2057,2055,2043,2048,2050,2045,2047
2050,2061,2054,2052,2053,2056,2058,2052
2057,2070,2067,2065,2062,2057,2048,2033
2047,2048,2060,2067,2071,2054,2039,2025
2040,2045,2065,2069,2077,2047,2050,2020
2041,2040,2064,2062,2080,2052,2044,2013
2041,2040,2053,2063,2078,2051,2049,2017
2038,2029,2045,2061,2059,2037,2033,2015
2028,2025,2040,2062,2047,2031,2028,2012
2038,2044,2059,2071,2064,2060,2057,2035
2061,2068,2061,2068,2050,2062,2060,2041
2054,2058,2048,2053,2055,2046,2061,2035
2060,2060,2049,2054,2083,2052,2049,2041
2052,2061,2046,2060,2092,2057,2063,2042
2059,2066,2060,2066,2104,2063,2057,2045
2057,2069,2070,2070,2108,2068,2059,2052
2054,2066,2081,2067,2098,2061,2064,2060
2066,2071,2079,2049,2077,2053,2037,2059
2053,2058,2056,2015,2028,2045,2045,2065
2054,2057,2032,1987,1953,2028,2027,2061
2046,2045,2029,1997,1971,2040,2050,2063
2048,2042,2022,2005,2002,2043,2035,2049
2039,2037,2047,2032,2010,2063,2053,2054
2043,2042,2057,2025,1954,2031,2008,2035
2022,2019,2038,2027,1962,2022,2017,2031
2019,2034,2057,2045,1986,2015,2027,2054
2037,2047,2069,2067,2031,2000,2036,2066
2043,2063,2096,2104,2096,2012,2052,2069
2044,2054,2103,2106,2107,2027,2059,2057
2047,2060,2105,2099,2081,2050,2059,2049
2043,2047,2086,2085,2053,2054,2063,2040
2042,2045,2077,2067,2024,2041,2048,2034
2036,2046,2076,2067,2031,2040,2046,2031
2041,2050,2072,2074,2054,2049,2055,2036
2037,2044,2060,2062,2074,2049,2052,2029
2038,2043,2036,2055,2088,2052,2046,2018
2035,2033,2029,2042,2092,2052,2051,2021
2034,2040,2029,2036,2084,2048,2037,2012
2030,2036,2014,2017,2061,2046,2024,2011
2030,2034,2008,1995,2040,2024,1998,1992
2009,2016,2006,1997,2038,2012,1987,2010
2020,2033,2040,2015,2055,2027,2008,2026
2047,2063,2057,2025,2056,2028,2013,2038
2055,2066,2048,2017,2056,2032,2027,2038
2047,2058,2044,2015,2052,2041,2030,2041
2043,2050,2040,2011,2029,2047,2049,2037
2037,2045,2046,2012,2003,2042,2040,2042
2040,2048,2039,2009,2010,2038,2024,2047
2039,2044,2039,2010,2018,2035,2030,2052
2042,2048,2037,2023,2035,2036,2028,2046
2048,2045,2041,2029,2052,2042,2039,2050
2042,2050,2035,2032,2065,2039,2042,2057
2042,2048,2038,2044,2069,2050,2044,2054
2049,2051,2030,2042,2081,2051,2030,2059
2047,2048,2032,2040,2076,2048,2039,2068
2047,2046,2027,2041,2065,2042,2024,2055
2037,2018,1998,2026,2049,2036,2027,2051
2036,2017,2001,2026,2061,2059,2041,2063
2056,2051,2023,2029,2050,2052,2044,2065
2056,2060,2035,2025,2026,2043,2040,2063
2050,2053,2031,2021,2001,2037,2047,2066
2057,2051,2023,2014,1981,2030,2044,2055
2051,2052,2029,2019,1978,2028,2034,2041
2049,2029,2003,2014,1965,2018,2028,2043
2061,2051,2023,2045,1996,2024,2033,2039
2045,2025,2010,2042,2029,2036,2039,2031
2043,2024,2006,2050,2073,2072,2029,2034
2052,2023,2003,2056,2093,2076,2035,2027
2043,2032,2001,2049,2100,2073,2041,2020
2046,2044,2014,2050,2110,2070,2048,2021
2058,2057,2026,2050,2098,2067,2036,2020
2052,2048,2009,2035,2068,2045,2015,2007
2027,2013,1977,2020,2050,2038,2013,1994
2025,2005,1981,2024,2060,2047,2025,2011
2045,2040,1996,2032,2069,2054,2037,2017
2048,2035,1996,2029,2064,2058,2034,2021
2043,2024,1992,2011,2060,2053,2037,2019
2042,2031,2006,2011,2040,2046,2046,2032
2030,2025,2013,2010,2023,2036,2018,2042
2051,2054,2046,2028,2021,2031,2013,2045
2041,2044,2057,2026,2026,2036,2018,2050
2060,2067,2081,2044,2028,2046,2019,2042
2047,2050,2079,2053,2060,2061,2049,2056
2072,2078,2088,2082,2097,2065,2034,2059
2059,2061,2083,2079,2094,2064,2046,2068
2069,2060,2077,2076,2084,2057,2037,2067
2060,2058,2070,2070,2089,2061,2042,2058
2059,2061,2075,2074,2081,2054,2039,2056
2043,2035,2049,2047,2056,2042,2014,2046
2039,2037,2054,2056,2065,2049,2059,2062
2058,2066,2076,2071,2073,2058,2049,2069
2068,2073,2065,2069,2070,2056,2045,2067
2064,2065,2064,2066,2075,2062,2032,2060
2059,2058,2050,2054,2064,2057,2029,2062
2066,2071,2057,2056,2072,2058,2038,2061
2056,2053,2041,2038,2060,2049,2040,2053
2059,2046,2044,2037,2080,2056,2037,2052
2054,2054,2054,2039,2121,2052,2050,2045
2057,2058,2056,2042,2126,2059,2065,2036
2057,2060,2071,2048,2122,2063,2068,2036
2067,2078,2095,2055,2133,2066,2049,2033
2061,2077,2084,2051,2133,2065,2046,2028
2062,2076,2082,2057,2120,2063,2053,2026
2062,2074,2069,2048,2100,2041,2037,2009
2045,2054,2057,2034,2066,2030,2009,2011
2035,2042,2046,2029,2003,2034,2044,2021
2063,2075,2060,2033,1886,2031,2036,2031
2058,2077,2059,2046,1907,2045,2047,2031
2052,2055,2048,2046,1973,2044,2045,2034
2060,2066,2058,2061,2035,2057,2047,2042
2050,2050,2035,2053,2035,2048,2052,2050
2069,2068,2046,2059,2045,2050,2040,2051
2059,2046,2027,2051,2052,2053,2059,2051
2060,2051,2028,2055,2061,2054,2050,2047
2044,2041,2024,2064,2067,2058,2043,2050
2056,2043,2029,2064,2071,2058,2042,2045
2045,2041,2026,2068,2063,2055,2036,2056
2043,2038,2012,2056,2053,2046,2038,2049
2041,2032,2005,2046,2044,2047,2036,2053
2039,2032,1997,2049,2042,2037,2025,2039
2028,2008,1983,2034,2041,2024,2010,2038
2020,2006,1977,2038,2047,2038,2026,2048
2045,2029,2003,2052,2072,2044,2040,2043
2046,2030,2002,2052,2070,2036,2042,2045
2038,2026,1998,2052,2078,2030,2041,2040
2033,2021,2003,2047,2092,2034,2032,2039
2034,2024,2010,2043,2088,2037,2036,2036
2032,2028,2019,2037,2082,2039,2028,2037
2031,2030,2025,2036,2093,2042,2049,2036
2041,2042,2039,2038,2117,2055,2044,2040
2050,2059,2065,2054,2143,2059,2059,2031
2052,2060,2064,2057,2146,2062,2051,2037
2060,2068,2062,2057,2148,2062,2063,2025
2051,2054,2051,2041,2064,2061,2053,2032
2059,2055,2051,2026,1978,2053,2043,2019
2051,2062,2063,2042,2013,2056,2032,2010
2038,2046,2053,2035,2004,2031,2013,2007
2039,2047,2059,2042,2016,2047,2031,2026
2059,2070,2067,2054,2031,2060,2043,2031
2060,2081,2074,2061,2040,2071,2058,2033
2048,2059,2060,2051,2013,2061,2049,2035
2059,2069,2072,2052,2023,2067,2054,2035
2057,2063,2068,2048,2033,2060,2059,2045
2053,2066,2073,2062,2048,2068,2059,2048
2050,2046,2061,2056,2060,2056,2028,2052
2052,2050,2064,2055,2052,2050,2047,2055
2056,2053,2059,2053,2047,2038,2039,2055
2055,2055,2052,2055,2050,2042,2056,2054
2057,2051,2050,2064,2068,2050,2063,2066
2056,2057,2057,2067,2069,2045,2048,2051
2053,2040,2078,2078,2056,2050,2063,2056
2059,2043,2090,2085,2042,2046,2047,2046
2033,2019,2076,2079,2027,2036,2038,2050
2033,2006,2061,2069,2014,2026,2010,2046
2046,2040,2079,2088,2020,2059,2068,2055
2051,2039,2065,2084,2053,2048,2050,2045
2039,2032,2065,2086,2083,2044,2051,2047
2045,2048,2070,2086,2088,2042,2050,2050
2050,2053,2070,2094,2109,2047,2034,2056
2056,2052,2066,2089,2099,2056,2061,2055
2061,2072,2069,2089,2086,2063,2073,2059
2067,2070,2058,2082,2058,2056,2070,2046
2069,2083,2060,2064,2015,2053,2069,2046
2071,2072,2043,2046,1941,2046,2070,2050
2073,2085,2057,2035,1924,2060,2057,2037
2060,2065,2046,2016,1919,2065,2060,2037
2060,2068,2028,1998,1923,2070,2059,2030
2058,2062,2022,1997,1961,2077,2051,2030
2046,2032,1996,1976,1986,2030,2033,2004
2022,2025,2005,1993,1992,2010,2031,2028
2055,2051,2031,2025,2014,2032,2039,2028
2057,2059,2034,2032,2045,2054,2046,2027
2054,2052,2028,2034,2066,2042,2026,2023
2043,2052,2031,2045,2099,2048,2032,2031
2050,2050,2034,2055,2091,2038,2018,2034
2046,2051,2037,2066,2081,2037,2047,2044
2060,2058,2040,2065,2085,2050,2052,2047
2058,2057,2037,2055,2086,2059,2045,2056
2062,2052,2042,2058,2095,2060,2063,2057
2075,2063,2055,2074,2099,2060,2057,2056
2053,2046,2042,2066,2098,2058,2047,2067
2067,2057,2043,2063,2088,2049,2040,2068
2060,2047,2045,2064,2077,2049,2051,2072
2062,2049,2042,2057,2058,2043,2048,2058
2040,2036,2030,2043,2031,2028,2036,2047
2030,2021,2023,2023,1988,2022,2041,2048
2035,2028,2024,2040,1999,2042,2048,2065
2045,2036,2033,2045,1993,2039,2046,2061
2048,2040,2038,2049,1977,2023,2040,2056
2045,2046,2038,2044,1984,2015,2026,2050
2044,2053,2043,2056,2019,2032,2045,2058
2052,2060,2049,2073,2035,2051,2074,2053
2057,2056,2047,2081,2059,2064,2076,2053
2051,2052,2048,2075,2093,2076,2086,2053
2063,2069,2066,2085,2116,2086,2065,2045
2053,2059,2068,2080,2091,2092,2050,2039
2049,2055,2069,2066,2051,2101,2063,2023
2042,2047,2053,2063,2019,2097,2058,2018
2043,2046,2058,2056,2009,2096,2054,2018
2047,2055,2059,2054,1982,2064,2039,2017
2039,2043,2045,2040,1986,2001,2012,2007
2024,2017,2035,2053,2088,2018,2010,2005
2032,2039,2052,2084,2150,2062,2049,2018
2037,2044,2056,2077,2124,2069,2047,2012
2038,2041,2045,2062,2086,2061,2042,2017
2034,2034,2056,2063,2059,2054,2039,2020
2042,2049,2064,2066,2036,2045,2046,2027
2037,2049,2052,2062,2018,2024,2036,2033
2037,2048,2051,2065,2028,2012,2042,2036
2047,2051,2064,2079,2056,2026,2052,2046
2048,2051,2053,2083,2119,2048,2046,2056
2055,2063,2059,2083,2139,2050,2037,2050
2043,2044,2040,2073,2139,2051,2014,2053
2048,2048,2035,2063,2124,2042,2018,2050
2041,2046,2036,2060,2136,2049,2050,2064
2051,2060,2033,2054,2137,2049,2037,2062
2041,2038,2022,2040,2112,2033,2032,2043
2027,2021,2006,2018,2088,2038,2024,2044
2029,2031,2010,2020,2072,2054,2057,2057
2050,2046,2014,2010,1957,2040,2035,2060
2050,2054,2028,2012,1867,2033,2041,2052
2058,2067,2038,2026,1902,2030,2033,2056
2060,2063,2038,2034,1919,2025,2042,2048
2058,2062,2034,2025,1927,2038,2042,2042
2059,2070,2046,2028,1935,2040,2049,2028
2040,2053,2024,2013,1953,2039,2035,2030
2057,2068,2032,2032,1995,2042,2013,2028
2046,2066,2029,2033,2042,2048,2029,2045
2063,2073,2041,2047,2082,2031,2029,2043
2054,2060,2034,2050,2088,2042,2047,2034
2050,2063,2024,2041,2045,2040,2054,2025
2041,2054,2020,2045,2030,2050,2060,2022
2052,2052,2012,2030,2006,2031,2026,1997
2018,2012,1992,2026,2022,2036,2017,2000
2023,2032,2027,2059,2068,2066,2045,2030
2047,2046,2030,2064,2070,2065,2046,2031
2050,2053,2035,2065,2075,2071,2053,2030
2055,2051,2034,2066,2071,2065,2058,2048
2054,2056,2044,2060,2062,2062,2023,2046
2056,2061,2055,2076,2073,2063,2066,2042
2044,2049,2047,2069,2081,2060,2076,2044
2055,2054,2057,2075,2091,2057,2059,2043
2038,2036,2052,2070,2076,2059,2051,2049
2044,2045,2056,2069,2066,2045,2046,2049
2033,2035,2046,2058,2041,2048,2044,2053
2044,2050,2043,2048,2031,2038,2034,2049
2030,2028,2016,2046,2038,2041,2045,2050
2030,2034,2015,2034,2036,2039,2046,2053
2032,2035,2009,2026,2016,2027,2027,2039
2010,2007,1990,2008,2009,2026,2020,2035
2012,2007,1996,2019,2014,2039,2046,2053
2042,2042,2015,2031,2029,2042,2052,2057
2043,2044,2022,2039,2048,2053,2037,2056
2046,2048,2031,2054,2044,2055,2055,2046
2041,2047,2046,2066,2052,2069,2056,2049
2042,2040,2043,2062,2039,2069,2043,2045
2050,2053,2047,2068,2048,2062,2029,2038
2042,2041,2037,2061,2045,2061,2037,2038
2054,2059,2047,2067,2063,2064,2040,2035
2050,2056,2045,2065,2068,2068,2064,2039
2058,2068,2065,2071,2075,2060,2052,2029
2049,2050,2050,2068,2068,2063,2049,2030
2055,2061,2059,2066,2056,2052,2055,2020
2041,2050,2052,2069,2055,2052,2034,2015
2046,2047,2044,2064,2048,2040,2033,1996
2026,2016,2008,2031,2031,2028,2034,1993
2025,2020,2006,2045,2042,2049,2037,2016
2053,2047,2034,2057,2045,2052,2052,2029
2055,2059,2056,2066,2045,2047,2053,2032
2055,2054,2047,2073,2056,2063,2060,2036
2063,2049,2038,2063,2053,2059,2041,2040
2056,2055,2047,2076,2066,2070,2062,2037
2050,2049,2043,2069,2057,2062,2046,2054
2059,2059,2052,2079,2068,2067,2053,2041
2042,2040,2029,2067,2054,2066,2065,2052
2049,2054,2033,2073,2052,2059,2059,2041
2031,2042,2037,2049,2035,2051,2041,2054
2038,2051,2064,2052,2016,2034,2045,2056
2043,2061,2084,2052,2004,2030,2038,2062
2045,2065,2080,2049,2026,2025,2060,2066
2052,2072,2071,2053,2050,2023,2034,2064
2036,2045,2055,2035,2034,2015,2024,2048
2022,2036,2042,2009,2023,2035,2047,2063
2045,2061,2055,1998,2031,2044,2048,2070
2043,2064,2069,2002,2023,2044,2048,2064
2048,2065,2090,2016,2020,2039,2062,2056
2048,2063,2088,2030,2022,2037,2059,2061
2049,2060,2079,2033,2015,2042,2051,2054
2050,2055,2072,2047,2074,2049,2039,2053
2048,2056,2064,2059,2114,2053,2054,2046
2052,2056,2069,2051,2112,2053,2050,2038
2051,2059,2064,2054,2106,2055,2050,2036
2047,2055,2063,2049,2068,2048,2050,2036
2051,2047,2054,2045,2040,2045,2054,2025
2041,2047,2050,2041,2024,2043,2050,2020
2042,2041,2044,2026,1997,2028,2039,2021
2033,2031,2034,2004,1914,2009,2030,2004
2017,2006,2023,1998,1906,2003,2017,2006
2014,2008,2025,2016,1955,2026,2058,2022
2042,2051,2051,2045,2012,2035,2052,2025
2047,2054,2052,2049,2031,2037,2062,2037
2059,2072,2069,2060,2056,2054,2068,2045
2049,2052,2049,2049,2050,2048,2055,2042
2054,2062,2047,2055,2080,2058,2054,2045
2051,2048,2031,2045,2065,2062,2057,2056
2054,2059,2034,2051,2069,2069,2070,2056
2054,2046,2013,2044,2052,2057,2051,2052
2045,2036,2004,2041,2064,2052,2017,2056
2042,2031,1997,2038,2061,2054,2029,2053
2040,2033,1992,2037,2052,2049,2025,2052
2036,2026,1993,2038,2054,2047,2030,2048
2037,2030,1998,2044,2056,2046,2027,2051
2032,2025,1992,2045,2045,2048,2031,2045
2016,1993,1973,2037,2029,2030,2023,2033
2019,1992,1969,2038,2031,2042,2033,2057
2046,2029,1989,2060,2050,2054,2058,2058
2057,2034,1990,2062,2058,2057,2057,2060
2052,2034,1985,2044,2036,2043,2035,2057
2047,2035,2001,2060,2043,2048,2066,2057
2044,2037,2016,2051,2030,2035,2062,2049
2048,2045,2041,2056,2045,2041,2061,2049
2044,2043,2050,2048,2040,2043,2074,2050
2041,2064,2071,2052,2049,2054,2078,2044
2045,2060,2081,2043,2037,2051,2072,2031
2046,2068,2096,2033,2029,2050,2069,2040
2052,2076,2112,2032,2037,2048,2065,2030
2057,2085,2121,2048,2047,2050,2074,2029
2054,2086,2117,2051,2043,2056,2075,2033
2063,2091,2113,2054,2049,2056,2060,2022
2036,2043,2082,2024,2034,2031,2041,2012
2032,2044,2068,2024,2022,2026,2040,2013
2050,2068,2088,2054,2052,2054,2081,2045
2056,2075,2091,2053,2044,2037,2053,2033
2058,2081,2096,2062,2034,2051,2074,2045
2064,2084,2094,2064,2032,2040,2069,2044
2055,2080,2096,2076,2069,2052,2063,2051
2058,2084,2089,2078,2094,2043,2058,2056
2047,2071,2084,2077,2102,2046,2045,2060
2048,2070,2079,2075,2077,2046,2056,2064
2055,2063,2075,2065,2041,2043,2068,2063
2054,2065,2072,2063,2033,2050,2061,2071
2065,2078,2081,2077,2060,2066,2062,2069
2055,2059,2064,2059,2041,2077,2047,2069
2059,2066,2070,2045,1991,2053,2049,2062
2044,2048,2059,2018,1883,2029,2052,2062
2035,2032,2041,1970,1741,1963,2007,2039
2015,2013,2040,1989,1811,1960,2020,2056
2045,2054,2076,2048,1958,2001,2034,2062
2046,2061,2081,2061,2038,2024,2040,2065
2052,2064,2086,2064,2107,2054,2046,2063
2054,2065,2082,2077,2164,2086,2054,2071
2053,2065,2086,2080,2128,2085,2058,2061
2054,2064,2085,2090,2110,2095,2070,2054
2050,2068,2082,2078,2085,2079,2070,2055
2047,2061,2069,2077,2080,2064,2069,2052
2055,2062,2066,2074,2099,2061,2069,2046
2051,2066,2064,2075,2119,2065,2062,2031
2050,2055,2048,2066,2092,2055,2043,2030
2056,2068,2050,2063,2068,2045,2054,2014
2043,2048,2040,2056,2057,2039,2064,2031
2049,2055,2040,2053,2033,2026,2053,2011
2040,2035,2020,2030,2020,2006,2018,1993
2020,2017,2006,2018,2023,2009,2028,2001
2029,2036,2022,2030,2041,2031,2058,2024
2040,2050,2031,2043,2038,2036,2049,2027
2045,2051,2030,2047,2039,2042,2032,2028
2044,2049,2033,2055,2049,2046,2041,2029
2034,2042,2045,2068,2055,2050,2034,2036
2034,2041,2053,2063,2052,2053,2024,2041
2038,2049,2061,2078,2052,2052,2033,2051
2044,2054,2059,2081,2052,2056,2036,2054
2050,2046,2051,2084,2043,2061,2038,2045
2042,2045,2043,2069,2027,2066,2039,2052
2041,2033,2029,2058,2016,2058,2040,2056
2034,2032,2021,2051,2036,2058,2040,2052
2028,2031,2013,2048,2086,2072,2029,2049
2025,2022,2008,2050,2115,2067,2045,2053
2021,2006,1986,2030,2110,2040,2034,2039
2006,1987,1981,2027,2132,2056,2037,2049
2024,2018,2014,2053,2159,2071,2062,2070
2043,2045,2025,2065,2177,2049,2078,2080
2050,2047,2027,2058,2165,2050,2066,2076
2048,2045,2016,2036,2115,2057,2066,2059
2045,2042,2007,2025,2022,2055,2076,2064
2040,2034,1993,2004,1869,2043,2082,2060
2048,2034,2003,2003,1862,2043,2070,2064
2054,2043,2020,2013,1921,2048,2083,2061
2060,2052,2031,2019,1958,2049,2074,2062
2068,2077,2066,2043,1991,2060,2079,2053
2058,2071,2072,2037,2004,2059,2077,2043
2056,2072,2083,2044,2006,2048,2068,2024
2053,2057,2080,2037,2004,2053,2064,2022
2049,2055,2085,2048,2003,2043,2064,2016
2036,2043,2063,2034,1992,2027,2033,1995
2019,2026,2050,2036,1993,2030,2012,1992
2013,2038,2066,2051,2034,2051,2036,2015
2041,2068,2079,2064,2065,2046,2030,2025
2034,2060,2063,2052,2066,2028,2019,2024
2042,2060,2057,2057,2052,2027,2038,2028
2032,2054,2051,2047,2036,2028,2038,2031
2043,2046,2050,2047,2036,2025,2039,2038
2040,2054,2062,2059,2054,2048,2051,2062
2058,2054,2052,2052,2050,2046,2047,2061
2058,2058,2059,2058,2057,2055,2048,2054
2047,2042,2049,2043,2043,2046,2040,2059
2045,2056,2058,2056,2049,2041,2022,2053
2043,2045,2051,2052,2049,2051,2043,2060
2050,2058,2060,2059,2048,2052,2053,2056
2055,2047,2060,2064,2053,2059,2062,2071
2064,2068,2067,2054,2042,2036,2047,2054
2034,2036,2045,2039,2027,2029,2035,2052
2028,2034,2047,2056,2048,2055,2051,2061
2052,2069,2064,2066,2041,2048,2060,2066
2052,2059,2061,2061,2049,2050,2059,2071
2053,2064,2066,2061,2053,2034,2045,2063
2059,2067,2074,2072,2061,2029,2035,2058
2057,2067,2069,2072,2069,2047,2047,2061
2067,2066,2071,2071,2066,2056,2058,2056
2054,2065,2079,2085,2078,2082,2076,2056
2044,2053,2082,2081,2072,2075,2074,2042
2045,2057,2098,2102,2076,2093,2081,2037
2036,2041,2087,2090,2070,2084,2079,2037
2043,2052,2079,2088,2068,2080,2068,2018
2038,2036,2059,2076,2046,2069,2078,2033
2042,2056,2069,2088,2053,2072,2071,2022
2036,2039,2046,2075,2045,2050,2043,2006
2011,2010,2017,2050,2027,2039,2033,2004
2009,2003,1997,2044,2027,2035,2052,2011
2030,2028,2012,2047,2034,2039,2052,2019
2033,2036,2017,2049,2026,2036,2042,2027
2040,2044,2013,2049,2012,2025,2035,2029
2042,2042,2015,2047,1993,2031,2045,2047
2060,2060,2015,2046,2011,2030,2034,2047
2060,2058,2010,2033,2062,2030,2043,2051
2049,2042,1984,2007,2055,2014,2040,2056
2059,2051,1990,2014,2075,2042,2055,2069
2054,2038,1984,2017,2047,2042,2053,2073
2063,2058,2016,2040,2035,2054,2064,2067
2049,2045,2021,2032,2006,2040,2036,2058
2049,2054,2032,2029,1994,2031,2032,2048
2041,2035,2025,2015,1966,2033,2056,2054
2043,2043,2031,2018,1938,2021,2051,2045
2019,2027,2021,2014,1955,2018,2048,2044
2024,2027,2038,2022,2009,2034,2046,2062
2045,2050,2066,2042,2070,2045,2064,2064
2048,2054,2071,2054,2089,2053,2058,2057
2043,2049,2072,2042,2068,2049,2061,2059
2044,2056,2073,2032,2048,2048,2059,2051
2046,2060,2086,2034,2061,2047,2066,2058
2049,2062,2101,2046,2082,2051,2057,2054
2052,2070,2095,2046,2073,2044,2043,2055
2051,2070,2092,2051,2058,2042,2038,2047
2043,2061,2081,2051,2046,2043,2046,2036
2043,2061,2070,2052,2062,2050,2056,2030
2046,2055,2069,2061,2073,2057,2058,2020
2046,2057,2069,2054,2068,2060,2056,2021
2056,2068,2075,2064,2071,2069,2062,2028
2050,2045,2067,2042,2041,2053,2027,1996
2020,2012,2040,2023,2002,2066,2016,1982
2012,2010,2044,2028,1989,2090,2027,2005
2036,2038,2058,2046,1994,2094,2035,2003
2034,2034,2060,2057,2006,2085,2022,2014
2046,2051,2068,2082,2048,2004,2035,2027
2058,2066,2076,2121,2121,1975,2035,2052
2051,2056,2065,2125,2158,2002,2047,2057
2061,2059,2066,2132,2163,2065,2045,2048
2043,2033,2046,2105,2116,2078,2064,2044
2051,2041,2046,2095,2097,2066,2037,2038
2032,2020,2027,2089,2068,2058,2045,2046
2052,2042,2045,2087,2013,2060,2031,2043
2034,2030,2035,2087,2011,2063,2031,2049
2042,2042,2031,2083,2017,2056,2029,2047
2045,2035,2019,2060,1981,2046,2022,2050
2043,2028,2010,2029,1942,2020,2010,2045
2025,2002,1989,2014,1951,2008,1998,2040
2021,2007,1993,2012,1993,2011,2017,2058
2045,2031,2009,2008,2009,2031,2010,2067
2044,2042,2038,2006,1964,2027,2029,2066
2060,2066,2081,2034,1980,2024,2034,2067
2067,2075,2094,2033,1990,2004,2033,2062
2070,2086,2106,2033,2028,1989,2022,2060
2056,2063,2072,2019,2068,1998,2036,2069
2065,2068,2065,2035,2127,2034,2066,2054
2053,2055,2067,2055,2192,2076,2079,2059
2066,2079,2101,2076,2216,2099,2067,2046
2055,2084,2099,2080,2236,2129,2076,2047
2070,2082,2091,2077,2209,2123,2062,2042
2056,2069,2075,2048,2069,2092,2057,2036
2047,2056,2072,2023,1995,2082,2041,2026
2039,2044,2058,2016,2011,2062,2002,2005
2013,2022,2046,2023,2043,2058,2012,2005
2017,2036,2060,2041,2082,2080,2045,2030
2047,2057,2057,2046,2078,2074,2041,2036
2050,2070,2072,2054,2086,2079,2049,2042
2046,2056,2065,2049,2092,2075,2039,2056
2063,2065,2075,2063,2139,2079,2019,2051
2050,2052,2058,2061,2176,2073,2041,2066
2066,2070,2080,2069,2181,2062,2031,2058
2059,2057,2071,2064,2145,2053,2048,2068
2074,2077,2081,2073,2140,2051,2053,2070
2064,2072,2076,2066,2122,2052,2039,2071
2062,2074,2074,2070,2119,2056,2049,2067
2058,2067,2064,2067,2099,2055,2046,2074
2056,2063,2068,2070,2069,2047,2037,2069
2054,2062,2073,2061,1920,2041,2049,2060
2046,2049,2044,2033,1834,2007,2013,2036
2020,2022,2027,2027,1890,2005,2035,2044
2016,2027,2048,2052,1969,2034,2060,2058
2045,2056,2068,2072,2004,2043,2053,2057
2038,2042,2059,2054,1992,2036,2058,2054
2048,2041,2063,2055,2012,2052,2046,2047
2042,2034,2056,2081,2082,2073,2060,2054
2056,2062,2068,2097,2129,2091,2056,2054
2046,2044,2052,2073,2116,2086,2058,2055
2055,2048,2048,2061,2110,2081,2055,2050
2049,2043,2030,2050,2093,2067,2054,2041
2042,2049,2026,2055,2080,2062,2046,2030
2037,2039,2008,2054,2071,2053,2049,2022
2032,2040,1989,2048,2067,2051,2042,2017
2036,2030,1981,2047,2064,2051,2039,2017
2034,2026,1970,2043,2065,2049,2033,2020
2038,2026,1964,2029,2050,2042,2002,2000
2021,2003,1946,2000,2040,2037,1991,2000
2034,2033,1974,2008,2056,2052,2043,2016
2040,2026,1978,1996,2040,2031,2027,2017
2040,2026,2009,2007,2044,2034,2036,2020
2033,2037,2033,2014,2051,2038,2013,2024
2035,2037,2041,2023,2058,2048,2043,2033
2043,2046,2059,2043,2063,2050,2041,2043
2046,2053,2089,2059,2067,2052,2047,2041
2045,2066,2108,2069,2061,2050,2038,2043
2054,2075,2145,2082,2054,2057,2033,2045
2051,2078,2156,2081,2053,2057,2042,2043
2044,2068,2149,2084,2051,2051,2018,2042
2044,2059,2130,2080,2037,2045,2034,2038
2039,2048,2102,2061,2028,2075,2032,2037
2036,2051,2088,2058,2017,2099,2036,2032
2038,2030,2064,2046,2018,2092,2023,2033
2029,2029,2067,2040,2013,2082,2012,2033
2034,2047,2077,2069,2044,2054,2038,2064
2065,2078,2101,2095,2086,2003,2042,2055
2058,2062,2104,2103,2092,2008,2054,2056
2059,2062,2111,2110,2086,2028,2044,2043
2049,2058,2109,2109,2085,2039,2044,2042
2054,2057,2109,2117,2098,2050,2035,2045
2050,2064,2099,2117,2089,2050,2021,2041
2051,2062,2094,2110,2100,2058,2047,2041
2051,2059,2070,2092,2097,2054,2048,2036
2052,2051,2056,2076,2101,2059,2050,2031
2055,2050,2042,2064,2097,2059,2047,2024
2052,2042,2041,2061,2095,2056,2041,2024
2046,2053,2061,2067,2080,2051,2045,2025
2062,2069,2070,2068,2066,2038,2039,2011
2058,2073,2073,2068,2067,2047,2038,2005
2046,2047,2048,2039,2053,2023,2020,1996
2035,2043,2043,2023,2060,2032,2040,2009
2058,2071,2049,2022,2066,2042,2032,2016
2055,2052,2031,2012,2055,2043,2051,2020
2050,2047,2017,2003,2037,2032,2042,2016
2033,2031,2013,1991,2031,2041,2038,2022
2043,2040,2026,1993,2028,2045,2044,2025
2040,2048,2043,2015,2031,2049,2057,2033
2047,2071,2062,2058,2054,2062,2063,2034
2056,2066,2058,2070,2075,2067,2034,2040
2057,2055,2056,2070,2065,2061,2020,2037
2053,2063,2068,2069,2059,2060,2047,2031
2042,2049,2058,2049,2039,2050,2044,2040
2048,2066,2073,2053,2046,2049,2038,2034
2039,2046,2056,2037,2035,2049,2045,2043
2052,2059,2066,2042,2051,2054,2040,2036
2040,2040,2046,2018,2027,2034,2007,2023
2023,2019,2041,1999,2025,2027,2023,2020
2018,2019,2040,2001,2043,2045,2049,2029
2051,2047,2051,2016,2054,2052,2049,2028
2052,2049,2048,2025,2049,2054,2031,2031
2046,2052,2048,2035,2053,2057,2041,2030
2057,2057,2045,2026,2053,2054,2047,2014
2046,2049,2039,2026,2048,2053,2049,2009
2037,2035,2029,2013,2035,2038,2042,2000
2031,2034,2025,2018,2043,2037,2047,1997
2026,2033,2020,2016,2040,2033,2060,1990
2030,2028,2020,2016,2035,2036,2045,1982
2033,2028,2020,2017,2045,2045,2048,1987
2039,2032,2024,2022,2048,2033,2029,1977
2050,2038,2031,2029,2056,2040,2049,1981
2041,2029,2020,2025,2067,2039,2034,1978
2041,2042,2034,2036,2080,2049,2017,1970
2021,2010,2001,2017,2058,2043,2023,1950
2013,1999,2001,2017,2065,2052,2053,1976
2049,2049,2036,2038,2066,2070,2061,1980
2046,2047,2045,2046,2069,2068,2080,1991
2055,2057,2047,2055,2086,2075,2079,1999
2056,2057,2051,2061,2077,2078,2085,2004
2062,2060,2064,2064,2056,2064,2065,2007
2063,2054,2074,2072,2030,2043,2060,2013
2059,2050,2071,2073,2009,2033,2077,2024
2071,2067,2082,2073,1993,2022,2069,2023
2052,2047,2062,2059,1992,2040,2078,2021
2059,2057,2064,2058,2004,2054,2065,2012
2049,2048,2072,2073,2080,2064,2066,2023
2059,2059,2073,2059,2102,2052,2046,2014
2054,2050,2070,2057,2109,2068,2047,2018
2058,2056,2061,2047,2107,2065,2045,2006
2030,2025,2029,2032,2088,2056,2036,1986
2019,2019,2031,2030,2072,2069,2045,1998
2043,2046,2045,2046,2075,2086,2074,2002
2054,2058,2052,2049,2070,2091,2050,2006
2054,2056,2051,2027,1989,2070,2041,2008
2053,2051,2055,2017,1955,2021,2032,2013
2066,2071,2075,2032,1980,1995,2032,2012
2068,2079,2072,2040,2009,2005,2043,2012
2074,2078,2060,2046,2027,2019,2039,1991
2068,2070,2056,2049,1997,2022,2032,1987
2059,2060,2059,2060,1973,2025,2045,1982
2056,2055,2050,2052,1975,2025,2025,1969
2051,2041,2041,2045,1961,2026,2037,1960
2045,2038,2036,2042,1963,2034,2025,1957
2041,2035,2028,2031,1963,2030,2030,1950
2040,2036,2022,2025,1982,2053,2025,1952
2031,2012,2000,2028,2080,2061,2016,1937
2020,2002,1997,2024,2164,2068,2017,1943
2028,2029,2028,2047,2180,2079,2059,1959
2045,2049,2044,2053,2149,2080,2056,1968
2053,2054,2050,2054,2109,2075,2075,1974
2058,2054,2046,2040,2075,2066,2070,1978
2055,2053,2060,2031,2058,2059,2070,1984
2066,2070,2087,2042,2083,2070,2074,1980
2047,2059,2074,2030,2071,2084,2066,1988
2056,2057,2068,2008,2014,2084,2034,1982
2049,2041,2039,1986,1947,2077,2030,1993
2052,2058,2059,1976,1912,2042,2013,1985
2052,2053,2060,1984,1887,1998,2023,2010
2064,2073,2070,2003,1926,1917,2014,2012
2062,2076,2074,2033,2034,1961,2054,2021
2075,2080,2078,2062,2142,2038,2079,2015
2054,2049,2042,2042,2163,2056,2044,1989
2038,2033,2034,2034,2145,2068,2041,1983
2043,2051,2045,2039,2115,2082,2062,1989
2056,2061,2055,2033,2079,2064,2073,1994
2050,2055,2056,2038,2064,2060,2078,1995
2048,2054,2048,2025,2053,2060,2073,1998
2060,2066,2061,2032,2060,2058,2070,1993
2050,2051,2046,2031,2045,2041,2056,1990
2045,2046,2048,2039,2053,2041,2051,1975
2044,2041,2055,2046,2066,2045,2062,1980
2049,2042,2052,2050,2070,2044,2068,1966
2047,2042,2057,2054,2061,2054,2076,1969
2054,2063,2067,2061,2063,2047,2072,1952
2039,2049,2067,2061,2070,2050,2063,1960
2054,2058,2066,2058,2077,2044,2040,1960
2051,2056,2068,2058,2075,2043,2066,1949
2032,2034,2047,2042,2050,2032,2041,1944
2025,2016,2028,2040,2046,2025,2022,1945
2041,2049,2049,2050,2045,2056,2044,1954
2041,2047,2042,2044,2035,2066,2066,1958
2041,2034,2034,2034,2041,2066,2068,1966
2045,2050,2029,2044,2097,2064,2054,1956
2028,2032,2027,2060,2140,2069,2062,1974
2043,2048,2056,2065,2154,2053,2052,1974
2033,2044,2058,2060,2149,2062,2064,1986
2051,2057,2049,2056,2148,2056,2061,1980
2040,2043,2037,2052,2154,2102,2045,1982
2047,2044,2027,2048,2144,2134,2063,1977
2034,2041,2025,2036,2093,2138,2047,1983
2028,2043,2020,2010,2011,2105,2054,1986
2039,2042,2016,1992,1837,2022,2039,1990
2049,2053,2032,1999,1797,1919,2034,1996
2033,2024,2018,2010,1921,1933,2022,2002
2036,2031,2021,2032,2027,2008,2061,2015
2048,2055,2049,2052,2087,2074,2078,2009
2045,2049,2048,2045,2075,2090,2070,2012
2059,2062,2059,2033,2049,2086,2063,1992
2039,2051,2050,2009,1980,2078,2074,1987
2036,2050,2053,2000,1960,2060,2054,1989
2037,2040,2042,2006,2008,2027,2049,1990
2040,2042,2045,2031,2066,2023,2069,1993
2044,2045,2057,2057,2092,2053,2073,1997
2058,2060,2056,2049,2085,2067,2056,1983
2052,2053,2056,2044,2098,2086,2064,1977
2051,2050,2043,2040,2073,2106,2078,1971
2039,2038,2038,2027,2057,2122,2074,1961
2041,2049,2044,2032,2045,2093,2068,1971
2056,2062,2054,2050,2045,2072,2061,1962
2036,2031,2039,2035,2024,2035,2032,1958
2030,2032,2038,2030,1992,1992,2036,1971
2049,2056,2067,2048,2000,1992,2059,1983
2064,2075,2072,2058,2002,2005,2049,1980
2046,2059,2059,2059,2042,2046,2068,1983
2056,2059,2053,2048,2057,2060,2066,1973
2050,2051,2046,2052,2053,2064,2061,1978
2045,2037,2030,2038,2044,2050,2063,1985
2044,2035,2032,2034,2041,2037,2064,1985
2046,2039,2035,2034,2019,2021,2053,1987
2041,2034,2039,2032,2009,2018,2062,1990
2043,2035,2039,2032,2012,2018,2043,1992
2042,2041,2034,2032,2009,2018,2062,2003
2043,2028,2031,2030,2028,2028,2057,2002
2040,2030,2039,2041,2066,2045,2075,2009
2049,2037,2041,2051,2077,2044,2052,1998
2038,2012,2019,2031,2038,2030,2034,1994
2025,2006,2014,2032,2044,2042,2054,1999
2043,2033,2034,2045,2064,2054,2064,1994
2038,2034,2029,2046,2067,2047,2065,1990
2031,2028,2027,2039,2058,2052,2052,1982
2025,2031,2030,2046,2054,2053,2040,1980
2033,2031,2034,2047,2054,2061,2043,1987
2029,2036,2037,2045,2042,2056,2056,1984
2032,2029,2033,2042,2031,2056,2081,1992
2052,2045,2048,2046,2023,2044,2064,1987
2045,2041,2035,2035,2007,2039,2062,1980
2045,2046,2042,2030,2004,2048,2062,1972
2038,2036,2030,2028,2046,2069,2064,1970
2048,2055,2049,2058,2093,2076,2056,1969
2042,2046,2052,2064,2102,2069,2076,1971
2060,2070,2066,2066,2091,2055,2056,1948
2029,2023,2033,2045,2074,2054,2022,1961
2033,2034,2032,2035,2067,2050,2038,1963
2044,2058,2058,2051,2071,2068,2078,1979
2060,2066,2055,2049,2062,2049,2063,1975
2057,2061,2060,2062,2070,2068,2080,1989
2058,2061,2060,2054,2066,2063,2074,1984
2053,2055,2043,2056,2068,2070,2077,1992
2053,2048,2045,2049,2063,2064,2065,1991
2045,2037,2039,2051,2063,2058,2053,1991
2055,2042,2041,2048,2043,2045,2062,1996
2048,2038,2042,2042,2016,2030,2057,2001
2050,2050,2043,2043,1989,2018,2055,1995
2049,2056,2052,2044,1990,2024,2052,1991
2042,2039,2038,2026,1997,2029,2031,1997
2049,2056,2052,2049,2044,2049,2050,1997
2048,2046,2053,2061,2082,2072,2069,2005
2053,2046,2044,2059,2095,2075,2038,1998
2030,2022,2029,2048,2089,2068,2040,1990
2037,2035,2037,2058,2091,2071,2062,1998
2043,2043,2043,2059,2060,2060,2066,2006
2042,2044,2040,2052,2055,2068,2066,1996
2044,2044,2044,2052,2050,2071,2075,2005
2064,2064,2059,2064,2071,2071,2064,2005
2060,2070,2063,2066,2079,2070,2050,2006
2062,2070,2069,2070,2088,2072,2066,2004
2061,2066,2060,2064,2094,2077,2060,1997
2060,2066,2058,2063,2082,2084,2065,1984
2052,2058,2060,2070,2123,2098,2072,1989
2053,2051,2049,2061,2156,2094,2068,1973
2049,2049,2047,2066,2179,2100,2073,1982
2052,2036,2043,2059,2160,2072,2069,1972
2056,2049,2054,2058,2133,2067,2051,1965
2048,2042,2033,2034,2085,2029,2025,1955
2036,2021,2027,2036,2067,2031,2031,1956
2034,2019,2033,2033,2030,2033,2052,1974
2057,2055,2057,2031,1964,2030,2072,1978
2056,2045,2049,2031,1963,2039,2057,1974
2046,2044,2043,2039,2003,2052,2061,1976
2038,2041,2047,2047,2022,2050,2038,1978
2046,2044,2046,2055,2045,2050,2070,1994
2052,2057,2047,2058,2053,2058,2062,1998
2046,2054,2048,2048,2019,2086,2034,1979
2030,2036,2028,2025,1931,2104,2047,1976
2027,2024,2018,1999,1838,2065,2017,1966
2020,2029,2019,1993,1795,2029,2009,1968
2016,2020,2011,1974,1768,1937,1996,1985
2016,2028,2027,2005,1863,1861,2022,2008
2027,2035,2038,2049,2037,1902,2020,2011
2031,2021,2028,2057,2134,1990,2038,1991
2018,2005,2018,2072,2181,2056,2041,1999
2017,2023,2038,2085,2183,2090,2067,2017
2044,2044,2047,2085,2156,2098,2055,2012
2058,2059,2050,2074,2125,2111,2079,2015
2059,2053,2041,2058,2102,2093,2069,2004
2051,2048,2038,2056,2090,2078,2064,2005
2048,2048,2035,2051,2078,2061,2059,1991
2054,2053,2040,2055,2086,2061,2054,1984
2047,2046,2040,2057,2086,2045,2056,1981
2052,2044,2044,2055,2080,2031,2046,1982
2054,2045,2046,2055,2083,2047,2053,1982
2049,2042,2044,2053,2082,2058,2068,1975
2039,2037,2035,2052,2080,2057,2037,1963
2031,2026,2031,2049,2077,2061,2045,1962
2033,2034,2036,2047,2076,2056,2047,1958
2040,2035,2030,2043,2061,2046,2027,1952
2018,2009,2026,2036,2060,2041,2018,1953
2024,2011,2039,2045,2064,2057,2068,1974
2046,2040,2053,2052,2063,2058,2075,1988
2045,2043,2049,2051,2069,2058,2060,1990
2051,2051,2053,2055,2066,2052,2074,1990
2060,2056,2054,2056,2059,2047,2078,1989
2065,2067,2064,2064,2077,2048,2072,2002
2062,2062,2066,2066,2093,2055,2080,2014
2071,2068,2068,2064,2079,2044,2054,2008
2059,2056,2064,2070,2074,2041,2066,2010
2054,2053,2057,2057,2056,2032,2051,2016
2060,2059,2061,2064,2063,2034,2033,2021
2054,2057,2054,2071,2058,2029,2036,2011
2047,2047,2052,2066,2046,2046,2029,2014
2045,2047,2042,2062,2008,2052,2023,2012
2036,2038,2041,2032,1956,2032,1965,1991
2020,2013,2014,2002,1911,2034,1975,1986
2022,2015,2029,2013,1971,2050,2021,2010
2057,2055,2053,2033,2023,1990,2022,2008
2054,2050,2054,2028,2003,1985,2003,2007
2058,2051,2062,2042,2108,2056,2022,2009
2055,2054,2054,2050,2160,2080,2034,2000
2049,2049,2047,2054,2151,2091,2049,1984
2059,2055,2049,2052,2123,2057,2031,1977
2043,2056,2060,2065,2126,1995,2045,1991
2055,2057,2055,2065,2104,1972,2055,1980
2049,2059,2056,2066,2102,1996,2053,1982
2050,2049,2047,2056,2086,2024,2050,1979
2051,2058,2058,2056,2128,2051,2050,1970
2041,2051,2052,2051,2145,2062,2063,1970
2045,2066,2054,2051,2133,2081,2069,1973
2043,2044,2041,2037,2129,2018,2019,1960
2023,2022,2031,2057,2209,2019,2034,1959
2024,2036,2046,2079,2243,2067,2056,1983
2042,2053,2052,2074,2214,2104,2070,1987
2042,2056,2052,2070,2153,2102,2064,1995
2034,2054,2050,2057,2068,2080,2061,1983
2023,2041,2044,2043,1930,2061,2071,1989
2036,2041,2034,2029,1922,2057,2040,1985
2024,2037,2040,2038,1984,2059,2072,1990
2026,2024,2024,2024,1993,2046,2051,1985
2024,2031,2034,2028,2022,2063,2056,2000
2023,2024,2026,2035,2064,2065,2044,2002
2021,2021,2029,2034,2062,2067,2049,2001
2026,2025,2032,2038,2039,2046,2044,2008
2030,2022,2033,2039,2042,2056,2048,2011
2030,2020,2029,2044,2044,2059,2060,2016
2042,2034,2035,2035,2044,2042,2034,2013
2028,2030,2033,2031,2036,2029,2024,2014
2027,2028,2041,2048,2052,2040,2053,2028
2066,2065,2064,2053,2044,2034,2050,2034
2060,2067,2071,2049,2043,2034,2068,2034
2064,2064,2074,2050,2039,2040,2047,2036
2069,2068,2074,2047,2012,2025,2037,2024
2068,2066,2077,2048,2010,2026,2060,2024
2061,2060,2071,2037,2015,2008,2034,2007
2059,2071,2074,2049,2059,2031,2038,2010
2049,2052,2065,2049,2084,2035,2049,1988
2052,2060,2080,2066,2109,2047,2031,1978
2033,2041,2055,2056,2092,2049,2039,1972
2040,2054,2065,2056,2086,2056,2039,1974
2037,2049,2053,2056,2079,2061,2049,1980
2052,2058,2053,2057,2084,2065,2047,1983
2055,2050,2046,2035,2066,2042,2007,1961
2032,2023,2032,2030,2061,2050,2041,1971
2049,2049,2051,2054,2083,2076,2044,2012
2076,2070,2066,2064,2100,2056,2052,2035
2084,2073,2070,2068,2128,2064,2049,2050
2091,2070,2067,2069,2135,2052,2039,2041
2077,2076,2070,2068,2104,2058,2052,2040
2069,2062,2043,2033,2002,2022,2056,2034
2068,2069,2052,2030,1958,2026,2044,2035
2063,2052,2037,2027,1977,2027,2036,2035
2059,2041,2039,2035,2022,2041,2036,2026
2047,2036,2043,2036,2042,2029,2053,2045
2051,2048,2041,2046,2042,2031,2097,2053
2057,2049,2046,2041,2046,2027,2103,2056
2052,2044,2042,2038,2048,2026,2118,2048
2038,2041,2040,2037,2060,2020,2106,2035
2026,2023,2026,2029,2046,2012,2088,2029
2014,2013,2016,2030,2069,2015,2085,2031
2020,2024,2030,2046,2085,2027,2113,2050
2030,2027,2034,2042,2073,2002,2091,2047
2023,2016,2030,2032,2051,1987,2083,2044
2027,2026,2035,2028,2021,1996,2105,2038
2029,2028,2033,2031,2015,1988,2086,2043
2037,2033,2039,2035,2010,1979,2053,2033
2035,2033,2045,2030,2003,1996,2035,2029
2048,2054,2061,2053,2043,2044,2012,2022
2041,2034,2048,2050,2031,2088,2004,2020
2077,2064,2068,2057,2019,2130,1965,2021
2078,2051,2051,2043,2001,2118,2015,2022
2069,2060,2057,2040,2010,2072,2051,2026
2074,2058,2064,2061,2060,2032,2062,2046
2085,2089,2072,2068,2102,2016,2067,2046
2084,2075,2067,2062,2114,2031,2038,2038
2071,2058,2065,2059,2112,2037,2035,2034
2060,2066,2072,2071,2128,2050,2056,2052
2077,2073,2067,2062,2111,2024,2062,2033
2071,2073,2070,2067,2104,2049,2049,2042
2072,2067,2058,2055,2090,2040,2033,2038
2072,2074,2065,2067,2092,2062,2018,2033
2066,2064,2061,2057,2068,2023,1998,2013
2051,2050,2056,2048,2046,2004,2006,2009
2043,2050,2051,2046,2051,2021,2011,1999
2034,2047,2045,2037,2049,2013,2010,1996
2024,2042,2044,2033,2038,2013,2006,1994
2029,2051,2051,2039,2026,2039,2006,2014
2034,2053,2055,2044,2045,2048,2011,2026
2048,2075,2076,2059,2093,2027,1995,2036
2053,2073,2075,2068,2124,2035,2034,2050
2077,2098,2083,2069,2118,2042,2021,2053
2062,2065,2061,2072,2104,2075,2044,2084
2078,2071,2071,2075,2106,2101,2041,2089
2095,2094,2076,2082,2108,2113,2067,2090
2099,2097,2073,2074,2096,2109,2074,2065
2080,2085,2069,2070,2040,2103,2080,2048
2075,2078,2064,2052,1997,2086,2050,2036
2062,2081,2067,2062,2036,2104,2039,2041
2074,2082,2069,2060,2067,2123,2022,2043
2073,2077,2068,2063,2082,2106,1998,2057
2081,2080,2072,2057,2082,2079,1989,2048
2075,2077,2070,2050,2083,2102,2002,2041
2071,2076,2063,2045,2115,2126,2042,2034
2060,2064,2050,2034,2088,2106,2052,2020
2038,2032,2023,2014,2039,2070,2073,2035
2039,2043,2037,2023,2025,2028,2063,2045
2033,2044,2033,2025,2027,1984,2056,2042
2032,2037,2026,2016,2020,1965,2050,2039
2026,2037,2040,2040,2070,2004,2097,2072
2070,2074,2054,2054,2090,2035,2108,2084
2065,2075,2058,2061,2106,2064,2108,2113
2079,2082,2059,2069,2106,2059,2095,2107
2059,2066,2049,2071,2104,2050,2070,2105
2057,2056,2043,2070,2099,2043,2075,2113
2047,2053,2042,2071,2095,2045,2067,2111
2055,2054,2048,2069,2091,2044,2052,2106
2053,2061,2048,2065,2059,2049,2075,2108
2046,2051,2044,2050,2017,2053,2071,2106
2044,2060,2058,2044,1973,2050,2059,2093
2044,2052,2044,2037,1958,2024,2032,2090
2064,2069,2052,2019,1936,1975,1970,2066
2053,2055,2041,2004,1935,1958,1963,2083
2072,2076,2051,2008,1962,1966,1976,2054
2043,2046,2039,2012,1982,1976,2020,2056
2049,2051,2042,2024,2000,1994,2038,2071
2062,2078,2060,2039,2024,2019,2040,2082
2075,2085,2062,2048,2024,2029,2047,2072
2068,2083,2058,2056,2076,2040,2067,2063
2066,2082,2062,2066,2168,2038,2055,2041
2048,2064,2057,2059,2221,2022,2035,2013
2032,2064,2056,2049,2190,2017,2017,1988
2014,2042,2049,2048,2155,2008,2020,1982
2011,2041,2044,2052,2200,2004,1995,1988
2019,2042,2046,2064,2236,1988,2010,1993
2010,2025,2027,2052,2222,1974,2003,1988
2014,2031,2020,2038,2172,1978,1997,1978
2005,2017,2016,2034,2138,2005,2003,1978
2009,2025,2020,2038,2050,2042,1999,1979
2019,2030,2025,2027,1928,2054,2014,1981
2003,2004,2006,2010,1926,2037,1999,1978
2005,2000,2006,2015,1981,2034,2010,2015
2039,2046,2037,2027,2013,2046,2042,2073
2072,2069,2062,2041,2033,2060,2042,2098
2092,2087,2058,2038,2029,2058,2045,2095
2094,2086,2063,2040,2070,2059,2057,2083
2086,2081,2063,2036,2067,2049,2034,2074
2089,2086,2050,2020,2000,2057,2037,2069
2080,2077,2055,2030,2040,2070,2046,2049
2069,2066,2053,2042,2061,2077,2039,2034
2053,2060,2046,2048,2078,2081,2039,2033
2039,2057,2046,2044,2060,2104,2034,2041
2032,2043,2043,2037,2033,2107,2059,2065
2029,2039,2033,2033,2033,2088,2040,2048
2022,2028,2028,2027,2030,2081,2042,2037
2018,2037,2036,2027,2010,2037,2040,2025
2000,2012,2021,2013,2024,2028,2025,2030
2016,2024,2029,2029,2066,2065,2070,2046
2044,2064,2047,2042,2100,2105,2076,2060
2053,2086,2069,2073,2142,2114,2072,2064
2060,2084,2075,2075,2146,2097,2069,2054
2063,2085,2078,2065,2127,2084,2071,2050
2051,2069,2059,2053,2112,2072,2058,2060
2058,2066,2060,2046,2088,2071,2046,2061
2063,2076,2072,2058,2088,2078,2057,2059
2061,2067,2060,2059,2094,2079,2060,2044
2071,2077,2068,2060,2081,2045,2032,2013
2032,2032,2042,2038,2055,2028,2045,1997
2021,2029,2042,2035,2044,2030,2042,1980
2015,2034,2056,2034,2053,2074,2070,1993
2042,2056,2060,2029,2031,2084,2058,1983
2032,2060,2070,2035,2073,2044,2016,1968
2012,2037,2046,2025,2082,1998,1985,1958
1995,2020,2037,2023,2063,1994,1987,1985
2025,2050,2053,2028,2065,1980,2013,1978
2018,2042,2045,2028,2052,2015,2034,1993
2015,2039,2044,2031,2044,2055,2041,2001
2026,2043,2045,2024,2050,2079,2072,2013
2027,2036,2040,2014,2011,2076,2096,2002
2027,2034,2034,1986,1860,2084,2043,1979
2005,2007,2018,1966,1761,2107,2059,1980
2023,2028,2033,1962,1773,2100,2031,1995
2026,2032,2039,1949,1761,2079,2021,2001
2032,2042,2034,1955,1779,1980,2032,2038
2043,2067,2073,2034,1975,1930,2068,2091
2080,2080,2086,2085,2167,2030,2110,2098
2089,2098,2103,2110,2233,2111,2125,2093
2079,2085,2084,2090,2224,2120,2091,2076
2045,2040,2053,2073,2233,2113,2075,2076
2051,2039,2063,2095,2255,2136,2121,2097
2072,2060,2070,2104,2228,2132,2102,2090
2059,2058,2062,2090,2179,2111,2088,2080
2050,2049,2054,2066,2100,2095,2098,2073
2048,2045,2056,2044,2044,2065,2082,2088
2072,2070,2070,2038,2027,2043,2077,2084
2069,2061,2068,2046,2069,2034,2089,2089
2079,2079,2064,2047,2064,2031,2064,2070
2069,2066,2063,2041,2019,2046,2083,2057
2072,2071,2059,2028,1996,2029,2042,2042
2074,2079,2077,2043,2036,2066,2062,2044
2081,2071,2067,2037,2045,2033,2033,2031
2075,2076,2078,2064,2135,1989,2059,2037
2060,2062,2065,2066,2205,1995,2053,2011
2038,2034,2050,2043,2200,2018,2022,1996
2015,2009,2029,2021,2143,2044,2041,1991
2009,2011,2030,2024,2134,2080,2065,2018
2031,2029,2042,2032,2123,2059,2068,2031
2046,2040,2051,2046,2137,2020,2054,2033
2037,2039,2047,2043,2131,2025,2050,2030
2037,2043,2040,2054,2144,2071,2042,2020
2032,2030,2030,2058,2184,2111,2075,2041
2040,2032,2022,2050,2132,2096,2045,2035
2034,2021,2014,2052,2148,2091,2064,2045
2036,2010,2001,2041,2111,2056,2058,2043
2032,2012,2012,2056,2153,2064,2057,2053
2023,2005,1995,2034,2037,2033,2037,2051
2031,2013,1996,2025,1942,2029,2052,2054
2030,2016,1986,2016,1929,2001,2036,2058
2033,2017,1980,2025,1956,2009,2030,2071
2042,2012,1965,2013,1973,2000,2031,2052
2028,1994,1954,2006,1989,2008,2037,2049
2031,2002,1963,2012,2016,2027,2055,2059
2036,2005,1961,2008,2030,2035,2035,2051
2028,2000,1976,2014,2052,2038,2044,2056
2036,2022,2004,2023,2060,2052,2054,2047
2031,2028,2017,2031,2075,2060,2045,2050
2029,2027,2021,2024,2067,2049,2044,2055
2022,2023,2022,2012,2062,2042,2049,2050
2025,2027,2021,2001,2044,2034,2055,2053
2041,2034,2037,2009,2058,2051,2035,2053
2051,2050,2069,2021,2067,2058,2082,2058
2050,2055,2087,2037,2081,2070,2077,2048
2054,2068,2098,2030,2049,2056,2077,2040
2050,2064,2111,2025,1996,2033,2080,2028
2051,2065,2114,2035,2016,2036,2075,2030
2051,2066,2116,2049,2089,2045,2049,2021
2030,2054,2110,2045,2077,2039,2039,2022
2038,2064,2116,2049,2059,2056,2060,2034
2057,2074,2112,2055,2069,2076,2047,2033
2054,2076,2102,2065,2079,2075,2046,2037
2051,2071,2102,2065,2075,2047,2040,2035
2053,2080,2110,2064,2076,2046,2014,2035
2050,2081,2108,2054,2068,2058,2027,2047
2050,2074,2099,2041,2064,2050,2027,2045
2042,2070,2088,2035,2059,2051,2061,2052
2035,2057,2072,2028,2043,2046,2067,2054
2039,2071,2076,2041,2094,2047,2074,2061
2049,2062,2076,2052,2124,2057,2064,2063
2050,2067,2072,2036,2089,2062,2066,2064
2042,2061,2062,2020,2054,2066,2073,2090
2066,2071,2068,2021,1997,2057,2074,2104
2069,2070,2081,2013,1949,2009,2055,2094
2055,2049,2067,1999,1944,1977,2054,2090
2046,2040,2072,2005,1951,1997,2058,2100
2066,2072,2080,2022,1971,2035,2047,2096
2065,2070,2081,2063,2082,2088,2081,2098
2074,2077,2081,2080,2147,2083,2058,2097
2068,2077,2083,2090,2151,2077,2056,2090
2069,2074,2087,2074,2139,2055,2047,2084
2060,2063,2075,2073,2148,2059,2058,2064
2057,2058,2068,2082,2214,2067,2066,2071
2061,2066,2073,2093,2234,2075,2069,2081
2073,2085,2081,2083,2203,2072,2079,2079
2074,2073,2065,2033,2040,2059,2064,2062
2071,2065,2061,1979,1877,2026,2054,2028
2050,2043,2049,1976,1924,2009,2040,2012
2024,2031,2040,1991,2024,2013,2036,2035
2036,2045,2047,2022,2068,2023,2014,2049
2026,2035,2040,2029,2058,2043,2028,2043
2027,2041,2044,2037,2051,2081,2034,2050
2045,2046,2044,2024,2034,2051,2018,2043
2034,2036,2044,2032,2032,2031,2028,2045
2043,2045,2054,2039,2044,2040,2056,2059
2050,2042,2053,2040,2061,2053,2034,2056
2040,2038,2057,2049,2092,2061,2029,2067
2039,2034,2045,2051,2103,2054,2045,2073
2044,2041,2053,2063,2116,2064,2056,2081
2042,2033,2046,2052,2098,2045,2046,2082
2052,2048,2054,2054,2110,2052,2036,2080
2057,2045,2047,2048,2098,2051,2051,2084
2053,2042,2046,2042,2093,2046,2032,2077
2043,2036,2043,2038,2073,2045,2031,2081
2046,2035,2036,2039,2084,2050,2036,2084
2050,2030,2035,2032,2081,2033,2021,2065
2029,2002,2007,2017,2068,2007,1976,2046
2003,1982,2006,2024,2081,2020,2019,2073
2034,2020,2018,2026,2085,2033,2039,2102
2052,2044,2041,2040,2086,2037,2047,2098
2047,2040,2046,2036,2064,2009,2023,2079
2044,2050,2060,2049,2073,2021,2052,2081
2055,2070,2078,2052,2053,2025,2070,2090
2063,2078,2090,2049,2051,2033,2077,2098
2065,2079,2097,2041,2033,2018,2062,2088
2046,2054,2081,2033,2010,2020,2058,2080
2051,2052,2073,2034,2041,2030,2039,2077
2041,2057,2073,2039,2056,2048,2058,2081
2046,2060,2066,2038,2070,2060,2058,2091
2064,2065,2070,2046,2092,2108,2068,2106
2080,2076,2071,2053,2092,2141,2072,2114
2066,2059,2058,2044,2093,2136,2055,2099
2050,2034,2044,2029,2070,2148,2083,2106
2067,2041,2051,2032,2041,2168,2105,2112
2111,2080,2065,2041,2029,2174,2110,2096
2082,2056,2048,2013,2001,2123,2074,2054
2045,2028,2024,2002,2037,2066,2075,2043
2028,2019,2026,2030,2109,2047,2054,2048
2030,2020,2031,2046,2138,2028,2058,2073
2040,2034,2046,2057,2148,2067,2082,2104
2060,2051,2058,2078,2181,2100,2053,2098
2043,2029,2048,2083,2183,2077,2017,2079
2024,1998,2025,2070,2165,2072,2033,2075
2026,2003,2031,2069,2146,2070,2035,2082
2033,2012,2028,2067,2139,2044,2024,2087
2030,1993,2015,2057,2152,2038,2049,2103
2025,1991,2011,2060,2153,2057,2068,2113
2034,1997,2004,2052,2092,2020,2042,2097
2015,1967,1979,2010,2018,1979,2034,2084
2013,1967,1971,1978,1959,1967,2031,2083
2015,1983,1990,1968,1876,1938,2035,2081
2021,1997,2005,1987,1911,1912,2035,2089
2030,2013,2011,2011,1955,1890,2038,2098
2048,2024,2014,2018,1992,1887,2034,2096
2052,2031,2017,2024,2024,1919,2030,2102
2044,2025,2009,2028,2026,1979,2038,2089
2038,2026,2008,2031,2025,2030,2042,2078
2040,2028,2005,2036,2049,2069,2050,2077
2043,2030,2003,2035,2063,2072,2058,2078
2050,2040,2006,2029,2054,2083,2066,2082
2061,2044,2011,2034,2050,2072,2061,2084
2063,2042,2013,2031,2048,2069,2058,2082
2061,2050,2025,2027,2042,2063,2049,2079
2076,2069,2047,2037,2034,2000,2028,2069
2061,2045,2031,2022,2003,1968,2010,2052
2040,2032,2024,2006,2019,1998,2016,2040
2029,2035,2035,2050,2077,2060,2055,2075
2033,2047,2049,2071,2118,2096,2071,2084
2034,2051,2054,2068,2109,2087,2051,2088
2041,2052,2069,2064,2100,2096,2059,2095
2057,2060,2076,2061,2077,2099,2084,2101
2070,2076,2085,2069,2083,2107,2054,2105
2070,2071,2084,2065,2057,2102,2046,2104
2060,2064,2065,2051,2017,2070,2040,2096
2058,2061,2069,2049,1996,2045,2024,2100
2055,2055,2059,2046,1988,2015,2038,2113
2055,2058,2065,2053,2009,1972,2034,2114
2052,2061,2059,2062,2072,1982,2040,2125
2061,2066,2064,2066,2112,2042,2069,2120
2052,2060,2062,2055,2108,2090,2058,2105
2035,2038,2053,2033,2087,2101,2066,2092
2036,2038,2054,2041,2084,2112,2079,2094
2037,2048,2075,2054,2081,2103,2087,2100
2042,2057,2080,2062,2088,2084,2082,2120
2063,2067,2082,2065,2080,2076,2055,2115
2058,2062,2073,2053,2071,2087,2037,2104
2053,2049,2058,2046,2057,2083,2044,2104
2042,2040,2049,2052,2065,2034,2052,2108
2043,2040,2057,2066,2094,2023,2063,2107
2044,2039,2048,2068,2097,2040,2062,2099
2033,2037,2038,2054,2082,2026,2056,2092
2032,2030,2035,2058,2075,2027,2058,2082
2031,2034,2032,2047,2028,2052,2054,2071
2026,2036,2023,2025,1966,2063,2053,2053
2028,2040,2022,2017,1922,2052,2043,2049
2030,2035,2024,2008,1909,2031,2033,2049
2017,2018,2008,1997,1910,1962,2012,2052
2020,2023,2011,2035,1992,1942,2020,2081
2042,2054,2049,2072,2098,2003,2064,2080
2043,2051,2060,2090,2120,2053,2047,2083
2045,2046,2055,2088,2120,2075,2054,2089
2053,2054,2061,2096,2131,2080,2072,2090
2057,2060,2059,2106,2149,2086,2073,2090
2056,2043,2043,2097,2140,2072,2070,2096
2052,2046,2049,2092,2128,2073,2059,2092
2043,2032,2035,2067,2088,2045,2028,2083
2035,2036,2051,2066,2066,2044,2045,2104
2037,2043,2067,2072,2053,2054,2045,2109
2054,2062,2088,2076,2053,2056,2036,2106
2046,2063,2096,2084,2081,2063,2030,2114
2054,2079,2107,2092,2090,2057,2057,2110
2041,2067,2102,2082,2093,2043,2033,2097
2022,2038,2067,2052,2066,2014,2033,2094
2017,2032,2066,2041,2058,2017,2037,2109
2042,2056,2075,2044,2076,2038,2056,2117
2049,2061,2071,2042,2078,2058,2065,2124
2049,2057,2066,2039,2077,2067,2052,2130
2048,2055,2046,2032,2074,2069,2057,2122
2050,2053,2045,2030,2077,2071,2064,2128
2052,2055,2050,2040,2078,2075,2065,2125
2054,2048,2044,2041,2072,2069,2069,2119
2053,2047,2044,2051,2070,2064,2043,2113
2052,2049,2049,2050,2068,2060,2062,2120
2059,2057,2044,2048,2065,2050,2064,2118
2059,2051,2037,2034,2064,2034,2055,2116
2050,2042,2035,2044,2065,2020,2055,2117
2055,2045,2038,2045,2060,2012,2062,2113
2053,2049,2044,2054,2062,2022,2057,2107
2040,2027,2025,2033,2053,2010,2032,2092
2031,2017,2018,2032,2047,2003,2033,2096
2041,2034,2028,2043,2055,2022,2040,2085
2033,2024,2020,2041,2061,2028,2042,2083
2018,2017,2013,2036,2059,2018,2052,2085
2014,2013,2008,2032,2071,2026,2038,2106
2015,2020,2013,2038,2105,2029,2041,2138
2035,2030,2013,2043,2147,2039,2057,2150
2053,2035,2012,2050,2167,2057,2047,2159
2057,2034,2014,2051,2165,2059,2046,2160
2055,2034,2017,2053,2159,2047,2063,2140
2044,2017,2011,2051,2124,2033,2066,2128
2031,2010,2010,2039,2081,2012,2040,2117
2028,2010,2009,2042,2069,2009,2035,2127
2037,2023,2021,2061,2056,2039,2053,2134
2033,2030,2032,2058,1948,2091,2039,2129
2016,2006,2012,2038,1939,2070,2035,2129
2018,2008,2017,2052,2039,2090,2037,2131
2037,2032,2038,2081,2109,2135,2057,2142
2043,2042,2052,2088,2088,2150,2070,2138
2042,2042,2055,2085,2056,2150,2059,2129
2039,2047,2056,2084,2053,2152,2093,2148
2050,2046,2055,2061,1974,2114,2066,2140
2044,2028,2046,2018,1860,2075,2061,2138
2043,2038,2044,2008,1896,2099,2075,2139
2046,2035,2051,2026,1970,2119,2075,2134
2046,2041,2047,2038,2006,2058,2072,2128
2062,2055,2061,2049,2040,1992,2039,2116
2057,2056,2059,2057,2071,1972,2049,2093
2039,2034,2052,2059,2100,1988,2049,2072
2037,2038,2053,2064,2144,2017,2073,2067
2035,2044,2060,2064,2116,2030,2062,2059
2024,2017,2045,2042,2066,2027,2014,2051
2007,2017,2033,2051,2060,2028,2007,2061
2020,2044,2058,2061,2047,2011,2032,2071
2042,2056,2058,2052,2012,2000,2041,2084
2057,2060,2064,2055,2010,2025,2051,2101
2060,2062,2065,2054,2009,2030,2056,2117
2073,2075,2070,2063,2018,2043,2068,2116
2069,2062,2063,2061,2013,2036,2066,2103
2058,2055,2067,2073,2050,2055,2071,2120
2065,2049,2061,2075,2062,2054,2067,2129
2056,2050,2064,2078,2071,2053,2062,2122
2040,2040,2059,2083,2086,2050,2060,2121
2043,2049,2074,2083,2090,2044,2046,2113
2040,2046,2071,2078,2078,2030,2034,2114
2032,2042,2064,2071,2065,2034,2046,2120
2030,2035,2058,2060,2042,2040,2042,2111
2021,2003,2036,2036,2013,2014,2020,2104
2004,2003,2022,2030,1994,2009,2028,2115
2029,2030,2044,2037,2028,2047,2051,2134
2041,2043,2045,2032,2054,2086,2081,2147
2057,2056,2056,2044,2076,2106,2086,2154
2051,2050,2053,2065,2104,2103,2071,2146
2051,2043,2050,2063,2120,2095,2062,2143
2046,2040,2055,2067,2108,2067,2045,2140
2044,2050,2056,2061,2090,2032,2046,2133
2050,2054,2054,2059,2084,2022,2036,2133
2058,2062,2063,2060,2086,2035,2035,2125
2067,2073,2072,2066,2101,2041,2038,2128
2072,2080,2072,2064,2102,2046,2043,2125
2068,2085,2081,2066,2097,2064,2049,2121
2070,2072,2072,2061,2065,2050,2063,2108
2053,2057,2058,2051,2033,2041,2048,2100
2040,2037,2043,2039,1998,2021,2033,2099
2017,2019,2030,2047,2000,2030,2040,2090
2011,2021,2033,2062,2057,2057,2055,2098
2024,2030,2042,2069,2088,2062,2076,2103
2030,2038,2042,2079,2107,2070,2076,2105
2041,2034,2042,2073,2133,2072,2075,2125
2042,2041,2046,2058,2147,2056,2071,2134
2040,2040,2045,2049,2110,2040,2074,2140
2045,2043,2048,2052,2052,2047,2061,2148
2055,2056,2062,2057,2019,2047,2063,2145
2060,2070,2061,2051,2000,2031,2053,2137
2056,2062,2055,2028,1983,2041,2064,2136
2059,2066,2061,2032,2001,2072,2065,2136
2055,2054,2054,2032,2016,2088,2049,2110
2044,2040,2045,2029,2031,2079,2053,2095
2026,2031,2042,2046,2076,2057,2040,2122
2032,2026,2024,2045,2068,2039,2002,2123
2011,1997,2010,2032,2028,2027,1993,2113
2008,2020,2026,2042,1998,2033,2013,2140
2047,2060,2054,2040,1974,2017,1990,2158
2052,2057,2050,2036,1953,1990,1998,2139
2042,2052,2050,2047,1929,1972,1980,2107
2023,2037,2042,2030,1914,1968,1971,2102
2020,2043,2052,2043,1943,1950,1996,2126
2038,2061,2062,2059,1970,1943,2006,2128
2018,2041,2049,2048,2022,1956,2035,2121
2009,2029,2042,2046,2088,1972,2044,2120
2011,2028,2039,2054,2127,1977,2015,2110
2007,2027,2037,2053,2154,1986,2041,2097
2007,2022,2037,2043,2127,2014,2078,2093
2004,2016,2029,2041,2103,2066,2096,2089
2004,2014,2028,2046,2111,2114,2104,2089
2005,2016,2024,2042,2111,2106,2072,2072
1994,1995,2016,2042,2096,2093,2073,2079
2014,2006,2035,2068,2131,2047,2077,2116
2075,2050,2050,2067,2125,2051,2098,2126
2065,2050,2043,2059,2088,2087,2115,2128
2061,2039,2040,2057,2078,2108,2115,2147
2068,2048,2047,2054,2074,2090,2106,2149
2049,2037,2035,2029,1980,2039,2079,2154
2046,2040,2030,2012,1904,2024,2077,2163
2061,2043,2038,2026,1939,2046,2091,2175
2065,2048,2044,2040,1976,2048,2084,2159
2057,2043,2044,2056,2021,2041,2093,2159
2070,2058,2059,2061,2036,2048,2096,2148
2049,2026,2035,2054,2045,2042,2076,2124
2034,2028,2037,2063,2062,2026,2054,2114
2037,2040,2049,2069,2085,2015,2040,2132
2044,2042,2050,2072,2076,1996,2008,2114
2018,2006,2016,2044,2086,2018,2014,2118
2019,2004,2015,2057,2164,2067,2047,2137
2040,2034,2036,2056,2145,2102,2059,2140
2054,2041,2040,2042,2098,2096,2063,2145
2054,2050,2046,2035,2115,2073,2068,2146
2053,2052,2044,2035,2122,2052,2073,2143
2049,2055,2052,2050,2108,2052,2073,2136
2053,2054,2049,2044,2077,2059,2068,2124
2040,2043,2041,2039,2048,2092,2067,2111
2045,2043,2043,2022,1935,2090,2056,2107
2048,2046,2047,2013,1814,2080,2048,2103
2038,2034,2033,2006,1840,2045,2047,2101
2035,2035,2039,2027,1926,1962,2044,2112
2044,2038,2047,2068,2062,1946,2064,2121
2054,2046,2056,2088,2139,2015,2074,2111
2046,2043,2048,2058,2078,2047,2056,2088
2021,2016,2021,2023,1964,2042,2044,2080
2025,2014,2024,2015,1936,2053,2063,2100
2044,2035,2036,2024,1936,2040,2049,2099
2047,2032,2027,2016,1931,2001,2052,2104
2045,2031,2038,2034,1972,2004,2073,2116
2053,2043,2040,2048,2014,2020,2074,2134
2060,2052,2055,2077,2068,2003,2080,2149
2067,2051,2058,2083,2090,2027,2082,2155
2065,2047,2050,2076,2087,2030,2085,2150
2067,2049,2051,2074,2071,2040,2066,2139
2053,2037,2039,2061,2055,2041,2075,2138
2055,2045,2040,2050,2037,2034,2072,2138
2047,2033,2042,2044,2027,2028,2076,2147
2056,2045,2043,2059,2081,2055,2074,2151
2054,2054,2043,2064,2080,2054,2072,2136
2045,2032,2025,2049,2042,2050,2040,2109
2018,1992,2000,2013,1993,2071,2038,2110
2021,2001,2010,2018,1975,2057,2070,2146
2049,2044,2038,2036,1984,2034,2065,2146
2049,2047,2042,2044,2025,2005,2052,2140
2054,2061,2044,2052,2048,1975,2058,2144
2063,2057,2046,2062,2076,1968,2069,2132
2067,2059,2046,2071,2105,2018,2058,2120
2058,2045,2045,2067,2092,2055,2071,2107
2057,2044,2042,2066,2102,2091,2065,2107
2052,2043,2040,2062,2109,2074,2051,2103
2049,2041,2042,2058,2095,2060,2020,2087
2051,2039,2043,2057,2065,2043,2038,2082
2040,2032,2048,2055,2052,2050,2040,2089
2047,2035,2054,2059,2062,2062,2060,2089
2049,2034,2046,2056,2047,2086,2056,2074
2035,2030,2040,2039,1987,2071,2026,2045
2003,2003,2021,2016,1922,2045,2006,2036
2004,1993,2009,2004,1869,2040,2032,2058
2036,2033,2035,2005,1841,1970,2025,2076
2041,2047,2050,2025,1914,1954,2042,2080
2046,2044,2047,2039,1993,1990,2040,2080
2052,2049,2049,2052,2074,2011,2056,2087
2057,2058,2057,2081,2172,2053,2061,2104
2052,2054,2057,2087,2168,2063,2047,2099
2054,2048,2049,2077,2146,2065,2053,2113
2057,2050,2049,2065,2117,2063,2072,2113
2057,2048,2038,2054,2103,2060,2072,2113
2045,2043,2034,2044,2090,2062,2064,2113
2049,2042,2030,2039,2072,2053,2074,2111
2046,2035,2030,2035,2067,2049,2080,2105
2049,2032,2026,2033,2072,2055,2070,2095
2048,2028,2025,2030,2065,2043,2052,2080
2024,2006,2004,2016,2054,2044,2057,2081
2027,2006,2012,2026,2067,2061,2074,2100
2054,2042,2035,2045,2071,2064,2068,2101
2061,2059,2044,2048,2061,2053,2062,2100
2060,2054,2047,2044,2055,2056,2070,2095
2067,2060,2054,2052,2061,2059,2068,2097
2052,2061,2060,2054,2072,2063,2072,2074
2049,2058,2060,2058,2070,2063,2051,2067
2046,2051,2061,2060,2072,2055,2029,2061
2051,2058,2065,2062,2068,2041,2033,2065
2045,2049,2060,2057,2062,2037,2047,2055
2029,2026,2054,2055,2060,2049,2041,2057
2039,2040,2057,2053,2054,2042,2036,2046
2037,2040,2054,2054,2052,2047,2054,2053
2048,2057,2062,2054,2048,2044,2056,2052
2047,2052,2053,2047,2027,2022,2010,2032
2022,2027,2033,2033,2016,2021,2012,2033
2024,2022,2030,2031,2024,2036,2036,2052
2051,2051,2044,2044,2038,2045,2040,2055
2047,2048,2035,2036,2040,2041,2061,2056
2049,2051,2028,2029,2045,2044,2067,2059
2063,2057,2038,2035,2059,2045,2060,2066
2049,2048,2025,2024,2062,2042,2069,2062
2051,2051,2022,2023,2063,2032,2051,2064
2050,2041,2019,2018,2049,2033,2056,2071
2058,2048,2019,2021,2045,2030,2029,2070
2044,2032,2010,2012,2036,2040,2041,2062
2040,2028,2004,2015,2041,2058,2039,2066
2036,2032,2010,2025,2048,2059,2052,2066
2038,2030,2013,2025,2051,2054,2042,2072
2040,2038,2019,2024,2055,2058,2051,2078
2054,2046,2024,2033,2048,2045,2030,2065
2039,2020,2012,2029,2042,2047,2035,2068
2040,2030,2023,2037,2054,2072,2057,2081
2057,2057,2034,2040,2068,2076,2058,2075
2069,2053,2036,2037,2070,2062,2049,2069
2057,2054,2034,2033,2062,2026,2058,2078
2056,2045,2024,2034,2068,2023,2053,2077
2066,2059,2043,2052,2073,2024,2052,2076
2059,2057,2042,2049,2057,2011,2028,2079
2069,2069,2054,2052,2038,2021,2051,2073
2065,2072,2062,2052,2023,2052,2053,2079
2076,2070,2061,2042,1999,2041,2039,2075
2070,2065,2054,2034,1991,2047,2056,2069
2067,2061,2048,2025,1979,2043,2061,2062
2068,2063,2046,2021,2037,2056,2065,2062
2069,2064,2049,2037,2086,2078,2081,2049
2061,2055,2043,2030,2067,2054,2053,2010
2007,2002,2003,1998,2031,2030,2021,1992
1999,1992,1998,2012,2056,2064,2042,2031
2039,2045,2029,2032,2084,2086,2037,2049
2056,2055,2041,2049,2098,2084,2063,2057
2052,2050,2039,2053,2088,2067,2058,2060
2067,2061,2052,2049,2078,2038,2027,2058
2059,2058,2041,2044,2054,2016,2013,2050
2059,2056,2039,2043,2043,1991,2014,2039
2050,2034,2027,2047,2063,2003,2010,2048
2047,2034,2027,2049,2072,2015,2037,2054
2045,2030,2028,2046,2060,2025,2078,2059
2043,2016,2013,2030,2055,2023,2054,2045
2022,2003,1999,2032,2059,2030,2057,2055
2026,2008,2000,2041,2073,2046,2065,2051
2015,2002,2002,2046,2076,2057,2055,2058
2027,2007,2004,2048,2066,2028,2040,2043
2006,1978,1981,2032,2042,2008,2029,2034
1998,1971,1979,2042,2041,2020,2049,2054
2024,2007,2009,2052,2045,2039,2057,2056
2036,2019,2014,2058,2046,2037,2051,2060
2043,2017,2019,2058,2043,2037,2060,2056
2045,2023,2026,2057,2041,2055,2059,2048
2041,2028,2034,2051,2041,2067,2062,2046
2042,2032,2036,2035,2016,2053,2029,2039
2037,2032,2033,2025,1983,2033,2044,2039
2042,2043,2054,2036,2020,1993,2044,2038
2050,2056,2070,2058,2069,2000,2030,2040
2052,2045,2070,2067,2077,2023,2040,2035
2044,2039,2066,2059,2066,2042,2048,2028
2040,2039,2062,2057,2062,2058,2046,2023
2041,2043,2064,2044,2056,2051,2042,2022
2027,2034,2056,2039,2039,2025,2020,2008
2014,2019,2034,2012,2012,1999,2027,2012
2020,2020,2030,2011,2011,2017,2047,2028
2052,2052,2052,2025,2021,2026,2033,2038
2064,2061,2059,2026,2029,2019,2023,2040
2062,2065,2063,2032,2036,2001,2034,2044
2066,2068,2064,2033,2035,1997,2021,2051
2058,2071,2069,2036,2036,2003,2016,2052
2062,2069,2073,2046,2037,1994,2017,2054
2068,2071,2076,2046,2036,2002,2028,2066
2070,2075,2083,2053,2049,2027,2036,2073
2069,2069,2081,2057,2048,2047,2047,2066
2072,2064,2073,2065,2067,2068,2047,2063
2063,2056,2061,2056,2072,2054,2022,2056
2049,2042,2046,2052,2076,2056,2028,2053
2053,2046,2053,2057,2084,2046,2041,2056
2052,2046,2054,2068,2084,2031,2042,2050
2025,2011,2021,2040,2062,2024,2030,2044
2021,2010,2021,2043,2060,2045,2065,2053
2040,2042,2047,2063,2062,2056,2065,2055
2050,2042,2052,2054,2043,2040,2036,2052
2050,2040,2042,2042,2006,2038,2052,2054
2056,2053,2046,2036,2017,2040,2051,2058
2058,2053,2054,2045,2060,2048,2046,2062
2059,2056,2059,2052,2077,2046,2051,2062
2060,2065,2069,2056,2046,2033,2053,2067
2069,2068,2072,2053,2008,2028,2057,2059
2061,2059,2060,2048,1988,2025,2056,2047
2062,2060,2056,2033,1964,2015,2063,2041
2053,2054,2047,2017,1900,2012,2047,2031
2056,2057,2046,2029,1924,2023,2066,2047
2063,2061,2051,2039,1976,2022,2055,2049
2067,2072,2061,2059,2009,2033,2053,2032
2057,2042,2043,2032,1977,1999,2000,2014
2044,2044,2042,2032,1979,2007,2021,2008
2053,2055,2045,2045,1997,2050,2031,2013
2063,2073,2067,2071,2073,2091,2051,2019
2061,2064,2056,2079,2128,2083,2058,2025
2069,2056,2052,2074,2130,2086,2060,2039
2062,2047,2041,2067,2107,2088,2061,2036
2058,2033,2030,2055,2065,2070,2044,2040
2060,2041,2037,2056,2054,2055,2048,2048
2054,2040,2041,2056,2028,2053,2039,2050
2061,2044,2034,2044,1991,2056,2020,2044
2049,2034,2030,2023,1964,2050,2012,2033
2037,2021,2021,2013,1957,2058,2016,2022
2035,2023,2009,2011,2010,2066,2021,2031
2050,2035,2039,2059,2092,2016,2054,2048
2057,2049,2064,2085,2139,2006,2040,2072
2060,2044,2054,2073,2120,2032,2028,2058
2034,2026,2047,2043,2042,2101,2028,2037
2041,2038,2057,2044,2027,2162,2053,2031
2054,2059,2071,2045,1998,2161,2053,2026
2049,2047,2066,2044,1937,2073,2026,2046
2052,2062,2071,2071,1873,1931,2041,2068
2067,2060,2077,2087,1951,1959,2065,2087
2083,2068,2079,2107,2122,2061,2078,2068
2072,2055,2064,2095,2236,2119,2066,2066
2068,2046,2059,2069,2192,2116,2060,2048
2063,2043,2045,2044,2136,2084,2052,2035
2053,2039,2042,2043,2083,2065,2043,2028
2047,2039,2048,2043,2059,2068,2049,2017
2043,2034,2052,2044,2054,2040,2033,2011
2049,2039,2046,2042,2067,2017,2043,2018
2053,2040,2049,2051,2090,2014,2050,2019
2045,2024,2030,2038,2059,1988,2025,2010
2032,2010,2028,2040,2036,1978,2036,2016
2057,2038,2051,2059,2022,2015,2050,2037
2064,2047,2053,2046,1998,2019,2039,2030
2069,2049,2058,2051,2007,2029,2044,2040
2069,2065,2065,2058,2020,2052,2042,2037
2065,2059,2059,2053,2013,2059,2061,2029
2059,2054,2055,2047,2005,2054,2059,2026
2052,2046,2052,2045,2001,2054,2025,2027
2052,2044,2046,2048,2039,2066,2024,2032
2053,2043,2040,2048,2039,2037,2026,2051
2055,2043,2041,2050,2048,1985,2031,2055
2048,2041,2040,2049,2062,1971,2015,2045
2038,2033,2034,2043,2079,2001,2028,2047
2039,2032,2034,2047,2084,2029,2030,2052
2044,2029,2035,2049,2071,2035,2030,2053
2045,2021,2023,2035,2041,2025,2009,2047
2034,2007,2015,2032,2033,2026,2026,2050
2023,2019,2025,2047,2044,2041,2053,2064
2041,2036,2030,2041,2039,2032,2060,2059
2053,2031,2034,2043,2031,2026,2060,2061
2059,2038,2039,2054,2049,2045,2050,2065
2061,2043,2045,2064,2069,2059,2063,2065
2059,2042,2041,2063,2068,2061,2053,2060
2058,2044,2037,2059,2067,2060,2063,2054
2057,2036,2037,2052,2074,2064,2058,2039
2048,2026,2034,2053,2078,2054,2046,2034
2052,2037,2036,2060,2075,2040,2059,2042
2063,2048,2049,2060,2078,2045,2050,2039
2056,2042,2045,2060,2068,2039,2055,2036
2062,2050,2046,2061,2069,2019,2046,2032
2055,2047,2046,2066,2062,2015,2047,2034
2062,2053,2037,2051,2051,1976,2014,2017
2037,2017,2016,2044,2054,1981,2008,2000
2024,2025,2020,2050,2066,2014,2008,2022
2051,2044,2034,2045,2072,2051,2043,2023
2055,2047,2042,2047,2098,2093,2058,2041
2063,2056,2044,2050,2115,2102,2087,2044
2068,2063,2055,2060,2101,2082,2070,2039
2060,2051,2044,2051,2077,2054,2041,2048
2058,2049,2037,2045,2070,2029,2033,2049
2053,2041,2039,2032,1987,2024,2039,2045
2055,2042,2037,2016,1904,2026,2042,2057
2054,2045,2038,2032,1950,2045,2039,2062
2060,2040,2044,2039,1964,2052,2033,2068
2055,2031,2037,2043,1978,2044,2030,2066
2053,2032,2039,2037,1996,2038,2036,2070
2061,2035,2037,2044,2019,2053,2047,2080
2072,2051,2047,2036,1998,2037,2033,2059
2040,2025,2029,2026,1996,2032,2045,2070
2052,2033,2036,2035,2020,2068,2061,2077
2072,2066,2060,2049,2046,2092,2086,2068
2078,2065,2060,2044,2041,2080,2065,2063
2067,2057,2054,2041,2019,2061,2061,2055
2068,2058,2053,2036,2015,2061,2061,2061
2069,2056,2047,2028,2020,2068,2072,2069
2081,2057,2049,2040,2034,2093,2060,2049
2063,2045,2043,2041,2036,2097,2073,2045
2064,2046,2053,2054,2060,2115,2068,2042
2060,2036,2042,2055,2061,2110,2068,2029
2066,2051,2049,2051,2036,2060,2042,2023
2041,2038,2035,2042,2025,2023,2053,2019
2051,2046,2045,2041,2043,2024,2011,2016
2041,2036,2040,2036,2037,2028,2024,2010
2046,2046,2042,2037,2032,2023,2007,1998
2030,2016,2015,2024,2027,2009,2002,1991
2026,2010,2012,2025,2037,2040,2037,2009
2048,2045,2026,2031,2020,2077,2024,2010
2048,2039,2026,2022,1973,2063,2013,2016
2045,2026,2011,2009,1948,2036,2011,2015
2041,2019,2010,2011,1946,2002,1995,2017
2036,2019,2010,2026,1983,1940,2017,2032
2048,2024,2020,2048,2073,1964,2031,2044
2050,2029,2017,2058,2127,2022,2031,2048
2049,2024,2027,2062,2127,2065,2044,2047
2046,2023,2022,2061,2107,2068,2046,2048
2045,2024,2018,2054,2080,2056,2058,2040
2048,2019,2027,2048,2054,2042,2036,2040
2042,2023,2027,2041,2053,2044,2038,2043
2047,2030,2029,2040,2049,2045,2040,2050
2047,2033,2041,2050,2050,2052,2060,2060
2060,2037,2036,2042,2034,2031,2047,2056
2041,2021,2031,2035,2029,2033,2036,2054
2048,2024,2034,2045,2042,2056,2062,2059
2058,2041,2048,2051,2053,2064,2058,2063
2069,2050,2057,2057,2062,2072,2067,2073
2065,2059,2060,2060,2073,2074,2083,2074
2074,2065,2061,2058,2053,2060,2070,2083
2089,2073,2071,2070,2093,2054,2077,2075
2087,2075,2072,2063,2142,2050,2062,2070
2078,2070,2068,2060,2139,2048,2056,2057
2061,2057,2053,2048,2130,2046,2060,2047
2050,2050,2042,2041,2098,2037,2062,2048
2054,2047,2032,2044,2083,2047,2073,2053
2050,2056,2038,2035,2067,2035,2076,2045
2055,2054,2036,2026,2027,2023,2061,2029
2056,2044,2032,2014,1973,2000,2045,2018
2045,2044,2033,2015,1991,1997,2033,2007
2032,2024,2026,2014,1997,1995,2029,2012
2035,2020,2022,2020,2019,2017,2056,2024
2048,2046,2042,2032,2049,2033,2070,2024
2056,2050,2046,2033,2048,2048,2052,2035
2056,2052,2034,2029,2039,2072,2071,2041
2050,2045,2029,2029,2018,2090,2072,2037
2049,2042,2033,2027,2004,2100,2063,2045
2051,2050,2031,2022,1999,2093,2075,2051
2057,2048,2034,2033,2003,2050,2080,2064
2065,2056,2041,2035,2010,2034,2040,2076
2062,2057,2049,2037,2015,2044,2070,2081
2060,2055,2042,2034,2011,2036,2067,2079
2058,2051,2051,2041,2015,2028,2056,2080
2056,2050,2046,2036,2015,2033,2049,2077
2056,2050,2052,2045,2032,2051,2080,2084
2061,2051,2054,2042,2025,2040,2054,2073
2049,2038,2034,2027,2012,2015,2038,2062
2037,2026,2029,2024,2010,2011,2026,2073
2062,2060,2059,2044,2034,2032,2071,2084
2070,2066,2060,2048,2039,2035,2060,2090
2071,2064,2058,2047,2042,2024,2047,2080
2067,2056,2059,2049,2037,2014,2047,2080
2067,2061,2052,2049,2012,2014,2016,2069
2060,2053,2047,2036,1983,2034,2023,2067
2052,2046,2044,2026,1964,2007,2025,2067
2060,2048,2038,2017,1970,2014,2054,2065
2063,2056,2046,2032,2025,2052,2055,2040
2064,2055,2050,2056,2067,2069,2071,2050
2061,2060,2060,2069,2113,2094,2075,2049
2063,2061,2055,2066,2118,2102,2073,2050
2061,2052,2047,2058,2098,2096,2074,2040
2061,2056,2048,2048,2072,2084,2072,2040
2057,2056,2036,2029,2036,2058,2030,2016
2031,2017,2017,2019,2014,2043,2016,2017
2030,2020,2027,2031,2026,2050,2031,2037
2052,2053,2041,2046,2044,2054,2039,2040
2056,2047,2038,2044,2059,2043,2045,2042
2054,2051,2041,2053,2068,2056,2070,2055
2044,2046,2040,2058,2067,2074,2064,2063
2053,2045,2041,2057,2056,2067,2044,2065
2058,2045,2050,2063,2057,2071,2052,2069
2061,2044,2046,2058,2048,2083,2080,2072
2059,2052,2056,2054,2036,2066,2068,2071
2050,2039,2042,2050,2041,2050,2058,2081
2050,2046,2049,2070,2076,2049,2058,2076
2049,2043,2049,2071,2073,2038,2048,2073
2052,2046,2043,2068,2066,2051,2056,2080
2055,2058,2060,2074,2054,2053,2041,2078
2053,2057,2056,2073,2041,2044,2013,2080
2046,2036,2036,2053,2014,2025,2015,2067
2042,2028,2027,2044,1996,2024,2044,2094
2062,2057,2038,2056,1993,2038,2072,2096
2068,2059,2036,2050,1962,2041,2095,2089
2056,2053,2044,2049,1938,2037,2089,2081
2051,2043,2028,2032,1965,2032,2067,2077
2052,2043,2026,2032,2008,2023,2041,2080
2052,2045,2028,2041,2080,1997,2076,2085
2059,2061,2047,2089,2214,2014,2086,2084
2058,2053,2043,2090,2265,2040,2088,2076
2054,2055,2044,2080,2264,2078,2057,2073
2052,2050,2030,2056,2226,2101,2053,2054
2051,2045,2026,2035,2178,2102,2045,2041
2046,2048,2035,2036,2090,2090,2047,2032
2042,2042,2050,2028,1941,2042,2012,2026
2033,2051,2061,2020,1914,2021,2026,2020
2034,2047,2064,2008,1901,1957,2018,2006
2011,2014,2039,1990,1914,1960,2001,2012
2013,2014,2038,2012,1951,2013,2054,2035
2047,2052,2061,2036,1997,2029,2052,2038
2050,2051,2054,2039,2026,2029,2039,2043
2046,2048,2053,2045,2029,2034,2042,2057
2051,2045,2047,2041,2016,2048,2036,2058
2044,2040,2040,2040,2020,2056,2064,2055
2042,2045,2039,2041,2023,2066,2029,2064
2040,2043,2041,2046,2041,2082,2073,2068
2050,2048,2036,2044,2035,2094,2078,2069
2050,2041,2033,2043,2017,2068,2051,2066
2044,2039,2029,2037,1963,2033,2048,2064
2046,2032,2030,2018,1917,2010,2055,2074
2045,2033,2020,2010,1918,2005,2042,2070
2041,2031,2016,2014,1919,2026,2030,2065
2035,2027,2014,2007,1921,2020,2029,2059
2031,2007,2014,2014,1940,2012,2022,2070
2027,2018,2029,2033,1976,2017,2025,2083
2052,2049,2060,2054,2002,2035,2047,2088
2063,2050,2060,2052,1994,2039,2033,2072
2047,2042,2057,2039,1957,2022,2033,2056
2036,2034,2055,2031,1972,2011,2052,2052
2035,2038,2060,2055,2082,2028,2039,2068
2045,2043,2071,2084,2162,2053,2038,2069
2043,2052,2077,2097,2156,2063,2058,2057
2050,2050,2072,2087,2123,2061,2051,2060
2042,2042,2063,2072,2098,2053,2056,2054
2042,2043,2064,2061,2073,2028,2042,2046
2043,2040,2059,2053,2058,1997,2046,2029
2045,2048,2055,2051,2015,1993,2034,2020
2032,2046,2060,2040,2010,1987,2069,2019
2040,2051,2062,2045,2038,2007,2043,2022
2029,2024,2035,2018,1988,1997,2034,2015
2031,2032,2042,2024,1984,1980,2015,2022
2043,2046,2060,2042,2017,1973,2036,2040
2048,2059,2060,2054,2015,1959,2029,2047
2052,2057,2060,2053,1997,1970,2050,2055
2061,2070,2066,2046,1992,1986,2076,2066
2065,2066,2061,2030,1973,1997,2059,2070
2071,2061,2053,2020,1925,2024,2056,2072
2058,2059,2042,2027,1952,2058,2051,2069
2050,2044,2028,2032,1958,2083,2056,2058
2045,2035,2025,2021,1959,2112,2065,2051
2039,2034,2018,2013,1956,2085,2060,2064
2042,2046,2033,2014,1966,2074,2038,2066
2048,2048,2036,2032,2016,2033,2012,2085
2063,2063,2056,2068,2101,1969,2026,2095
2066,2068,2054,2089,2170,1986,2042,2093
2065,2050,2036,2070,2154,2050,2032,2071
2031,2026,2022,2059,2161,2118,2047,2061
2039,2038,2030,2060,2160,2146,2073,2082
2058,2048,2036,2060,2140,2127,2075,2074
2057,2051,2040,2067,2096,2118,2079,2078
2057,2052,2053,2058,2078,2110,2066,2086
2059,2076,2070,2069,2069,2120,2081,2087
2067,2077,2081,2068,2020,2070,2056,2083
2061,2075,2082,2045,1914,2029,2050,2078
2065,2076,2087,2054,1896,2029,2066,2071
2060,2066,2077,2050,1900,2027,2088,2062
2067,2076,2085,2046,1925,2024,2059,2058
2057,2066,2070,2060,1962,2026,2055,2051
2046,2058,2060,2059,1998,2012,2040,2032
2040,2054,2067,2059,2019,2028,2055,2036
2058,2070,2069,2061,2035,2027,2068,2025
2037,2041,2041,2033,2019,2002,2030,2009
2016,2018,2028,2028,2030,1997,2016,2016
2032,2045,2049,2049,2055,2034,2049,2035
2052,2053,2049,2047,2068,2057,2063,2043
2047,2048,2041,2043,2056,2046,2059,2039
2050,2039,2023,2029,1986,2007,2021,2040
2036,2035,2025,2016,1970,1999,2029,2042
2044,2040,2033,2030,1980,1991,2026,2053
2040,2045,2021,2019,1965,1987,2024,2057
2050,2051,2024,2038,1993,2010,2036,2070
2057,2069,2048,2059,2030,2030,2044,2063
2047,2056,2042,2066,2101,2075,2049,2067
2056,2064,2039,2075,2155,2101,2060,2060
2045,2042,2026,2070,2168,2104,2057,2073
2056,2052,2036,2074,2142,2082,2053,2082
2054,2039,2034,2071,2127,2059,2075,2084
2040,2021,2016,2057,2104,2026,2039,2067
2022,2009,2011,2037,2075,2033,2041,2067
2034,2027,2031,2045,2050,2058,2064,2081
2045,2037,2036,2039,2059,2057,2074,2070
2042,2031,2035,2033,2014,2036,2054,2062
2044,2034,2037,2019,1924,1980,2050,2067
2038,2037,2036,2027,1966,1974,2026,2072
2042,2033,2042,2048,2008,1992,2047,2052
2040,2036,2044,2053,2055,2004,2038,2039
2042,2037,2040,2057,2060,2030,2000,2029
2033,2030,2036,2053,2036,2073,2011,2027
2026,2034,2038,2043,2021,2056,1997,2016
2034,2037,2038,2043,2018,2040,1985,2019
2036,2036,2031,2035,2012,2046,2024,2017
2036,2032,2031,2027,2011,2063,2024,2018
2030,2026,2029,2028,2009,2064,2033,2012
2020,2013,2015,2012,1991,2050,2015,2017
2017,2012,2022,2015,2003,2053,2012,2037
2036,2043,2039,2038,2019,2060,2027,2052
2050,2049,2044,2031,2021,2069,2031,2057
2047,2056,2049,2032,2026,2074,2034,2055
2050,2055,2053,2036,2021,2074,2052,2060
2055,2062,2064,2029,1986,2092,2041,2056
2053,2063,2066,2027,1934,2069,2034,2049
2050,2059,2060,2019,1909,2051,2028,2051
2051,2053,2057,2013,1896,2017,2004,2053
2048,2051,2054,2026,1941,1962,2029,2072
2055,2058,2062,2051,2051,1997,2041,2090
2066,2064,2069,2067,2110,2047,2056,2090
2068,2061,2068,2065,2108,2085,2077,2085
2064,2067,2061,2062,2086,2091,2077,2090
2072,2061,2058,2060,2054,2078,2076,2080
2044,2032,2030,2033,2010,2039,2045,2059
2031,2015,2025,2034,2010,2033,2061,2077
2057,2052,2052,2057,2042,2064,2062,2082
2061,2059,2055,2055,2047,2062,2073,2082
2060,2047,2052,2056,2040,2062,2079,2084
2065,2058,2064,2064,2046,2057,2048,2081
2064,2057,2065,2060,2055,2068,2060,2086
2079,2073,2064,2058,2050,2053,2045,2077
2072,2065,2071,2057,2047,2046,2038,2057
2067,2058,2055,2048,2038,2041,2047,2054
2056,2055,2053,2056,2055,2056,2066,2060
2057,2058,2057,2053,2050,2055,2070,2049
2050,2044,2047,2048,2038,2057,2068,2034
2048,2039,2037,2041,2032,2046,2054,2036
2044,2041,2041,2046,2029,2048,2053,2030
2046,2041,2047,2047,2025,2045,2049,2023
2027,2015,2022,2029,2013,2026,2027,2020
2028,2014,2021,2027,2013,2029,2021,2031
2046,2041,2044,2045,2025,2046,2038,2030
2042,2040,2044,2042,2025,2049,2023,2038
2044,2041,2038,2045,2028,2054,2042,2045
2055,2053,2046,2045,2039,2057,2050,2064
2068,2065,2050,2038,2026,2044,2028,2060
2070,2068,2056,2049,2028,2043,2051,2071
2072,2067,2060,2045,2022,2041,2058,2075
2067,2060,2060,2049,2028,2039,2048,2076
2066,2062,2049,2040,2019,2040,2057,2068
2067,2046,2053,2042,2037,2042,2060,2064
2059,2053,2058,2047,2043,2037,2037,2064
2049,2041,2049,2044,2036,2037,2062,2073
2049,2049,2053,2046,2027,2038,2046,2077
2051,2051,2051,2045,2004,2033,2037,2067
2037,2036,2041,2038,1983,2026,2035,2067
2032,2021,2028,2039,1988,2027,2064,2071
2047,2047,2044,2047,1984,2042,2073,2078
2055,2051,2049,2043,1975,2034,2076,2071
2057,2046,2038,2037,1989,2046,2062,2067
2047,2041,2036,2028,2000,2056,2060,2068
2055,2054,2039,2048,2055,2078,2075,2070
2056,2052,2039,2049,2077,2074,2065,2069
2058,2057,2030,2047,2089,2065,2060,2065
2062,2053,2037,2039,2079,2054,2038,2055
2051,2036,2029,2041,2052,2044,2036,2045
2048,2034,2037,2041,2048,2057,2042,2045
2058,2048,2060,2059,2053,2065,2057,2047
2057,2050,2063,2059,2058,2057,2071,2040
2055,2047,2059,2062,2053,2058,2073,2029
2051,2048,2061,2066,2084,2052,2039,2019
2027,2020,2044,2052,2100,2041,2032,2023
2021,2021,2039,2057,2111,2053,2047,2035
2052,2041,2056,2076,2138,2058,2065,2038
2046,2042,2059,2084,2172,2070,2061,2039
2049,2041,2051,2085,2160,2082,2053,2040
2044,2038,2050,2073,2123,2080,2050,2040
2040,2045,2051,2064,2056,2064,2045,2042
2038,2045,2043,2053,1973,2026,2018,2046
2043,2042,2056,2040,1817,1963,2021,2053
2047,2053,2064,2038,1825,1947,2032,2060
2052,2057,2072,2054,1954,1988,2049,2073
2054,2063,2076,2056,2017,2019,2042,2085
2066,2071,2073,2041,2034,2059,2041,2076
2069,2068,2063,2027,2045,2031,2032,2082
2072,2070,2051,2032,2060,2006,2053,2085
2069,2059,2033,2024,2049,2002,2046,2063
2051,2029,2004,2008,2047,2003,2040,2062
2039,2029,2006,2018,2076,2037,2056,2076
2053,2039,2018,2031,2082,2067,2073,2070
2052,2039,2015,2028,2069,2096,2069,2061
2042,2040,2012,2028,2066,2090,2060,2065
2052,2040,2022,2031,2076,2097,2061,2058
2047,2043,2023,2036,2097,2107,2076,2061
2052,2042,2026,2043,2095,2081,2066,2054
2047,2045,2027,2030,2044,2069,2062,2045
2047,2043,2030,2033,2028,2066,2042,2037
2046,2040,2036,2029,2023,2063,2028,2038
2042,2042,2040,2026,2021,2066,2042,2030
2039,2040,2041,2009,1984,2049,2048,2025
2040,2041,2043,2003,1975,2034,2050,2026
2043,2037,2037,2007,2028,2035,2043,2022
2036,2041,2044,2022,2030,2024,2025,2009
2012,2016,2028,2013,2000,2013,2017,2003
2014,2018,2032,2026,1990,2026,2028,2034
2056,2056,2063,2038,2009,2038,2046,2039
2060,2064,2066,2043,2041,2059,2062,2052
2063,2061,2049,2026,2015,2050,2064,2050
2062,2057,2052,2012,1945,2045,2055,2069
2061,2066,2057,2029,1954,2052,2040,2069
2058,2062,2050,2038,1990,2042,2052,2067
2060,2062,2050,2038,2016,2032,2050,2063
2056,2060,2049,2034,1999,2013,2036,2053
2051,2057,2055,2031,2015,2011,2048,2066
2058,2059,2050,2034,2024,2004,2057,2068
2057,2057,2052,2037,2011,2016,2027,2063
2042,2033,2033,2019,1981,2022,2021,2049
2037,2039,2036,2024,2008,2051,2042,2061
2046,2040,2039,2036,2017,2028,2035,2061
2037,2025,2024,2033,2003,2018,2024,2068
2039,2016,2024,2030,2007,2040,2051,2077
2062,2055,2043,2038,2007,2047,2047,2073
2057,2053,2049,2041,2043,2075,2056,2061
2057,2052,2043,2047,2061,2088,2046,2066
2061,2057,2044,2046,2060,2083,2066,2051
2051,2048,2033,2037,2036,2078,2063,2045
2051,2045,2032,2042,2026,2038,2064,2050
2051,2045,2039,2045,2023,2032,2052,2044
2044,2038,2032,2044,2010,2040,2067,2036
2044,2043,2035,2036,2002,2058,2062,2033
2040,2043,2032,2032,2003,2078,2079,2024
2037,2035,2030,2030,2002,2073,2072,2026
2038,2041,2026,2029,1995,2066,2069,2024
2043,2046,2031,2026,2001,2065,2080,2034
2051,2055,2034,2032,2060,2061,2065,2020
2030,2025,2017,2036,2095,2063,2059,2019
2027,2024,2023,2049,2078,2077,2087,2034
2052,2050,2042,2050,2049,2077,2077,2042
2046,2042,2036,2049,2074,2083,2079,2046
2059,2041,2028,2053,2116,2069,2071,2043
2050,2042,2032,2062,2141,2043,2056,2053
2059,2052,2037,2078,2120,2005,2022,2052
2054,2050,2037,2078,2102,1972,2018,2055
2047,2049,2034,2066,2059,1979,2018,2064
2054,2050,2025,2042,1988,1993,2000,2061
2047,2044,2026,2022,1918,2013,2015,2057
2044,2038,2007,2002,1888,2005,2020,2059
2049,2041,2014,2002,1917,2002,2047,2068
2043,2032,2024,2017,1956,2044,2046,2072
2060,2053,2042,2044,2026,2152,2088,2066
2052,2051,2049,2051,2094,2206,2079,2062
2044,2029,2046,2061,2127,2238,2088,2070
2051,2050,2059,2067,2108,2239,2087,2086
2061,2054,2067,2066,2097,2124,2060,2089
2072,2068,2091,2081,2114,2065,2060,2082
2063,2064,2096,2080,2117,2075,2076,2069
2056,2055,2093,2064,2095,2070,2058,2062
2047,2047,2073,2042,2074,2040,2040,2061
2037,2050,2073,2040,2047,2011,2043,2057
2049,2061,2074,2051,2050,2011,2050,2060
2055,2063,2072,2054,2044,2006,2047,2052
2054,2060,2071,2053,2043,2018,2056,2047
2052,2052,2056,2045,2036,2052,2060,2043
2052,2047,2049,2041,2041,2065,2053,2033
2039,2038,2050,2039,2021,2089,2062,2036
2042,2041,2051,2041,2026,2090,2065,2038
2037,2035,2041,2028,1998,2030,2054,2037
2027,2018,2030,2024,1972,2022,2033,2034
2034,2046,2052,2042,2006,2042,2060,2054
2050,2060,2056,2055,2022,2053,2056,2063
2055,2063,2065,2060,2021,2056,2042,2058
2054,2050,2054,2053,2014,2035,2025,2058
2049,2051,2050,2054,2023,2026,2017,2053
2047,2044,2051,2054,2050,2020,2003,2050
2046,2041,2040,2052,2053,2022,1992,2050
2045,2041,2035,2047,2044,2018,2012,2053
2039,2035,2034,2043,2026,2032,2027,2052
2041,2040,2034,2036,2018,2036,2038,2062
2041,2028,2028,2034,2001,2040,2032,2060
2043,2029,2023,2031,1988,2035,2032,2062
2039,2032,2029,2039,2005,2041,2042,2060
2037,2032,2033,2045,2020,2044,2026,2060
2048,2025,2030,2033,2011,2029,2005,2057
2034,2023,2020,2029,1996,2027,2024,2064
2041,2033,2043,2048,2003,2052,2050,2077
2062,2057,2047,2044,2008,2051,2064,2069
2049,2038,2033,2040,2015,2056,2055,2069
2053,2040,2037,2055,2064,2073,2083,2078
2063,2052,2048,2082,2092,2081,2073,2077
2057,2047,2035,2072,2068,2069,2040,2054
2042,2034,2032,2069,2048,2064,2048,2054
2041,2026,2035,2061,2044,2060,2060,2056
2051,2037,2032,2057,2036,2049,2048,2054
2051,2037,2030,2053,2028,2038,2055,2047
2048,2034,2031,2050,2025,2034,2037,2037
2040,2032,2027,2045,2032,2048,2028,2030
2052,2030,2019,2045,2041,2053,2044,2037
2049,2038,2026,2057,2046,2059,2062,2026
2048,2036,2014,2046,2033,2045,2042,2006
2029,2013,2002,2040,2023,2048,2027,2014
2026,2029,2014,2056,2052,2048,2065,2040
2055,2055,2029,2064,2058,2026,2054,2045
2065,2064,2031,2064,2052,2029,2046,2046
2056,2057,2028,2066,2045,2050,2056,2049
2055,2046,2012,2049,2038,2052,2046,2054
2052,2043,2019,2056,2039,2058,2050,2060
2053,2053,2031,2061,2038,2065,2065,2069
2063,2067,2047,2072,2041,2069,2065,2076
2051,2056,2038,2063,2031,2074,2082,2064
2050,2060,2047,2066,2022,2074,2056,2070
2047,2043,2038,2044,1985,2073,2068,2076
2057,2049,2046,2034,1954,2074,2045,2073
2046,2052,2047,2034,1943,2071,2042,2076
2052,2067,2061,2034,1942,2056,2057,2076
2056,2070,2062,2032,1929,1971,2023,2072
2042,2050,2059,2055,2007,1956,2049,2086
2041,2057,2076,2088,2122,2036,2084,2093
2064,2081,2082,2097,2148,2096,2081,2089
2064,2077,2083,2091,2105,2108,2077,2086
2060,2067,2067,2070,2045,2066,2035,2064
2041,2043,2047,2045,1999,2004,2020,2063
2038,2042,2045,2048,2010,1962,2011,2056
2043,2041,2047,2059,2057,1941,2032,2051
2043,2036,2050,2067,2088,1967,2042,2048
2040,2045,2052,2080,2105,2011,2055,2045
2046,2049,2057,2077,2097,2028,2045,2033
2047,2040,2047,2075,2093,2039,2046,2028
2050,2040,2050,2073,2080,2050,2039,2036
2043,2041,2057,2069,2077,2082,2041,2030
2043,2047,2060,2078,2096,2107,2034,2025
2036,2042,2058,2077,2107,2102,2027,2017
2024,2022,2040,2074,2122,2082,2018,2019
2028,2026,2050,2086,2128,2074,2006,2023
2049,2047,2048,2085,2113,2061,2044,2018
2045,2048,2040,2076,2091,2046,2033,2016
2039,2042,2036,2084,2096,2061,2009,2020
2029,2029,2024,2069,2066,2062,2024,2019
2032,2023,2025,2058,2014,2072,2025,2024
2029,2029,2030,2048,1964,2046,2016,2029
2038,2034,2020,2023,1840,2026,2028,2038
2052,2042,2020,2025,1821,1993,2039,2057
2058,2044,2030,2044,1910,1971,2046,2074
2064,2050,2036,2066,2042,2003,2056,2076
2069,2051,2036,2087,2172,2047,2059,2076
2060,2042,2027,2075,2209,2095,2070,2074
2060,2040,2017,2061,2177,2110,2079,2069
2049,2025,1999,2036,2141,2089,2037,2052
2024,1997,1992,2017,2107,2067,2037,2046
2024,2006,2007,2026,2110,2082,2064,2059
2035,2032,2037,2036,2112,2060,2027,2046
2029,2036,2038,2049,2098,2030,2046,2047
2027,2031,2035,2038,2028,2025,2040,2047
2030,2041,2043,2026,1892,2021,2050,2049
2037,2050,2050,2028,1897,2033,2063,2046
2042,2053,2060,2033,1959,2040,2054,2048
2043,2060,2068,2037,2004,2044,2048,2040
2049,2062,2074,2046,2040,2050,2056,2047
2054,2070,2085,2066,2058,2058,2057,2041
2056,2068,2086,2079,2060,2054,2056,2028
2045,2064,2080,2067,2044,2046,2036,2028
2039,2053,2074,2061,2010,2045,2040,2024
2041,2047,2066,2070,2056,2046,2049,2023
2033,2037,2050,2062,2096,2042,2035,2003
2022,2016,2037,2054,2101,2047,2029,1996
2018,2025,2047,2076,2112,2079,2056,2019
2042,2042,2053,2082,2089,2074,2061,2029
2037,2043,2056,2072,2071,2072,2065,2029
2049,2049,2058,2062,2023,2048,2032,2034
2036,2047,2049,2042,1950,2027,2049,2040
2045,2043,2037,2022,1924,2022,2042,2035
2033,2032,2025,2024,1969,2042,2037,2036
2040,2040,2032,2035,1985,2043,2031,2045
2041,2047,2032,2047,2049,2064,2039,2050
2048,2047,2031,2051,2121,2110,2061,2062
2053,2053,2044,2062,2113,2119,2061,2062
2056,2055,2032,2049,2076,2093,2042,2061
2048,2049,2031,2045,2051,2080,2037,2064
2045,2046,2025,2039,2016,2054,2036,2064
2044,2037,2008,2030,2011,2025,2016,2054
2036,2023,2004,2025,2006,2024,1999,2048
2033,2040,2021,2041,2040,2052,2026,2062
2047,2051,2031,2041,2080,2061,2054,2056
2042,2053,2036,2034,2114,2049,2046,2053
2047,2055,2035,2047,2088,2045,2054,2047
2046,2056,2041,2054,2062,2035,2054,2048
2043,2059,2040,2054,2049,2043,2056,2047
2039,2052,2042,2048,2050,2030,2039,2043
2043,2067,2047,2055,2060,2028,2039,2050
2045,2066,2060,2064,2075,2040,2043,2042
2054,2071,2064,2066,2077,2053,2039,2048
2059,2075,2064,2068,2072,2059,2056,2051
2054,2070,2068,2055,2047,2067,2065,2028
2047,2060,2057,2042,2031,2069,2073,2028
2045,2068,2062,2049,2040,2079,2074,2022
2040,2045,2041,2034,2026,2075,2061,2021
2032,2043,2042,2043,2027,2078,2050,2010
2041,2053,2054,2056,2052,2080,2050,2024
2058,2069,2056,2054,2059,2059,2041,2029
2051,2063,2052,2053,2069,2061,2045,2039
2052,2059,2048,2053,2079,2070,2064,2042
2057,2065,2042,2052,2048,2068,2056,2042
2054,2059,2040,2053,2041,2100,2053,2045
2060,2061,2036,2049,2040,2134,2067,2054
2051,2064,2039,2043,2030,2072,2060,2049
2054,2056,2032,2024,2002,2012,2035,2048
2042,2046,2018,2004,1985,1979,2035,2047
2044,2047,2023,2009,1986,2011,2041,2051
2040,2034,2018,2021,2024,2059,2062,2060
2043,2043,2022,2027,2078,2099,2063,2065
2050,2037,2019,2023,2048,2088,2065,2057
2023,2010,2007,2011,2017,2042,2038,2041
2014,2003,2012,2024,2014,2035,2022,2062
2036,2040,2042,2051,2042,2071,2056,2075
2054,2051,2059,2063,2057,2076,2062,2071
2052,2050,2059,2057,2062,2043,2041,2064
2053,2054,2058,2053,2057,2056,2059,2058
2057,2056,2062,2058,2053,2068,2048,2051
2044,2053,2053,2053,2049,2074,2057,2031
2038,2037,2049,2050,2049,2069,2050,2030
2036,2036,2048,2049,2046,2067,2044,2031
2036,2035,2044,2047,2032,2044,2031,2034
2043,2050,2044,2048,2039,2044,2030,2037
2041,2051,2040,2054,2075,2063,2048,2037
2043,2043,2043,2057,2109,2070,2051,2031
2043,2040,2039,2052,2097,2067,2032,2027
2042,2037,2035,2047,2060,2042,2017,2015
2030,2008,2020,2022,1985,1998,1995,2008
2021,2013,2022,2010,1936,1977,2018,2016
2044,2049,2046,2038,1959,1995,2033,2024
2048,2050,2042,2014,1954,2000,2026,2018
2039,2041,2040,2016,2002,2048,2040,2035
2054,2064,2061,2077,2103,2087,2048,2047
2064,2068,2085,2098,2124,2074,2040,2040
2055,2053,2080,2092,2100,2071,2036,2046
2045,2047,2074,2074,2068,2083,2056,2041
2044,2040,2065,2068,2053,2067,2034,2042
2043,2041,2055,2050,1991,2041,2012,2044
2038,2034,2041,2037,1947,2020,2053,2057
2045,2040,2043,2057,1997,1987,2058,2065
2052,2044,2047,2076,2077,2007,2058,2063
2045,2040,2045,2071,2111,2060,2049,2066
2044,2041,2037,2068,2095,2104,2068,2063
2031,2023,2006,2048,2038,2082,2040,2042
2015,2002,2002,2043,2051,2043,2052,2048
2035,2043,2029,2067,2108,2041,2058,2070
2051,2055,2037,2062,2120,2070,2033,2056
2055,2055,2034,2058,2118,2098,2021,2062
2054,2057,2027,2044,2092,2097,2014,2056
2057,2058,2026,2036,2071,2084,2023,2060
2055,2057,2030,2028,2073,2026,2023,2065
2067,2076,2040,2040,2082,1998,2028,2058
2062,2069,2035,2045,2084,2017,2024,2042
2065,2065,2032,2032,2089,2034,2018,2028
2057,2058,2032,2032,2084,2058,2049,2023
2044,2050,2039,2024,2050,2051,2037,2027
2053,2057,2050,2041,2047,2055,2055,2021
2055,2052,2050,2036,2048,2062,2063,2015
2050,2052,2059,2041,2054,2073,2064,2013
2032,2032,2036,2019,2038,2041,2035,1999
2019,2016,2027,2015,2030,2036,2047,2013
2036,2047,2056,2038,2042,2047,2045,2021
2047,2058,2064,2046,2036,2051,2051,2026
2049,2065,2065,2045,2037,2057,2043,2036
2052,2057,2059,2049,2044,2060,2051,2040
2061,2064,2073,2062,2050,2074,2057,2059
2069,2066,2067,2055,2043,2060,2040,2056
2069,2074,2077,2052,2045,2059,2024,2053
2055,2063,2070,2047,2035,2054,2042,2056
2059,2061,2070,2046,2036,2056,2045,2060
2053,2056,2062,2042,2039,2050,2023,2056
2046,2049,2053,2032,2052,2041,2006,2054
2040,2049,2049,2031,2047,2036,2011,2051
2044,2053,2051,2042,2053,2034,2008,2064
2053,2062,2059,2051,2058,2050,2047,2072
2049,2045,2042,2032,2046,2035,2014,2054
2033,2039,2038,2027,2034,2040,2006,2051
2041,2057,2056,2040,2061,2079,2042,2062
2048,2055,2050,2043,2063,2075,2069,2057
2045,2063,2050,2049,2069,2061,2062,2061
2057,2072,2051,2053,2066,2064,2066,2063
2058,2064,2042,2046,2065,2058,2055,2062
2059,2061,2034,2045,2052,2081,2053,2050
2041,2044,2025,2028,2021,2085,2019,2038
2041,2046,2030,2030,2000,2090,2021,2032
2040,2040,2024,2023,1994,2073,2061,2036
2045,2057,2038,2036,2022,2026,2041,2037
2048,2050,2032,2050,2080,2018,2056,2042
2059,2060,2037,2056,2104,2037,2050,2034
2054,2059,2034,2059,2119,2056,2052,2034
2050,2057,2032,2056,2098,2064,2055,2022
2028,2023,2001,2019,2056,2032,2023,2004
2018,2015,2002,2021,2055,2037,2038,2016
2040,2049,2025,2038,2056,2052,2034,2027
2049,2052,2033,2033,2046,2039,2031,2029
2040,2052,2036,2040,2041,2041,2031,2032
2038,2043,2034,2038,2025,2039,2012,2030
2032,2038,2038,2038,2032,2042,2013,2031
2040,2048,2052,2045,2032,2055,2028,2039
2050,2058,2067,2047,2043,2061,2051,2050
2054,2052,2067,2050,2042,2060,2027,2055
2053,2055,2072,2056,2046,2062,2036,2059
2049,2046,2063,2063,2046,2052,2027,2052
2042,2044,2060,2064,2053,2048,2014,2056
2042,2044,2060,2067,2062,2052,2022,2056
2049,2049,2058,2076,2073,2058,2046,2060
2048,2050,2060,2065,2068,2062,2036,2057
2041,2027,2034,2052,2052,2050,2034,2047
2032,2021,2041,2049,2044,2057,2028,2051
2044,2032,2054,2062,2044,2066,2055,2063
2048,2044,2053,2064,2044,2047,2057,2056
2048,2041,2060,2060,2041,2051,2051,2047
2047,2037,2055,2052,2039,2053,2052,2052
2043,2040,2051,2059,2052,2063,2040,2044
2042,2041,2056,2063,2068,2067,2044,2044
2042,2042,2067,2055,2065,2067,2044,2037
2042,2043,2063,2047,2048,2049,2062,2031
2044,2043,2060,2031,2040,2043,2034,2024
2039,2042,2060,2024,2036,2045,2051,2028
2039,2049,2058,2016,2034,2052,2059,2024
2048,2053,2052,2022,2049,2061,2074,2019
2050,2065,2058,2029,2060,2067,2046,2023
2061,2071,2069,2041,2074,2068,2058,2022
2050,2047,2048,2026,2066,2050,2033,2010
2030,2031,2030,2029,2109,2051,2040,2011
2042,2047,2040,2039,2138,2071,2036,2028
2046,2045,2038,2040,2134,2065,2064,2024
2042,2046,2043,2043,2118,2052,2049,2029
2047,2047,2047,2036,2111,2049,2040,2025
2042,2047,2047,2043,2114,2047,2042,2026
2051,2048,2045,2054,2120,2049,2054,2041
2048,2050,2045,2053,2102,2046,2048,2045
2047,2040,2036,2044,2023,2056,2049,2060
2044,2046,2043,2041,1903,2072,2040,2071
2056,2050,2047,2034,1907,2075,2042,2071
2056,2058,2054,2038,1940,2033,2029,2069
2052,2054,2044,2033,1934,1972,1990,2053
2044,2039,2040,2030,1923,1975,2004,2040
2036,2032,2037,2016,1877,2006,2001,2030
2038,2029,2021,1986,1813,1981,1995,2021
2014,2007,2013,1980,1840,1980,1993,2019
2012,2025,2039,2010,1945,2011,2014,2037
2040,2050,2055,2037,2048,2007,2021,2048
2042,2052,2064,2070,2195,2066,2045,2052
2053,2058,2069,2082,2240,2118,2066,2062
2068,2069,2076,2086,2221,2115,2084,2080
2072,2084,2089,2090,2183,2080,2072,2084
2081,2090,2079,2068,2122,2048,2063,2066
2072,2077,2071,2044,2012,2035,2044,2059
2074,2083,2071,2042,1973,2047,2064,2057
2070,2077,2064,2045,1994,2051,2076,2048
2065,2079,2070,2052,2033,2059,2055,2050
2068,2078,2070,2056,2059,2064,2079,2049
2073,2072,2061,2050,2075,2059,2070,2046
2068,2072,2067,2059,2084,2069,2079,2035
2063,2059,2054,2061,2076,2055,2073,2015
2041,2042,2045,2053,2063,2048,2047,2003
2024,2033,2035,2041,2061,2094,2054,2015
2051,2066,2056,2058,2084,2098,2079,2026
2053,2056,2049,2047,2084,2064,2062,2030
2060,2064,2050,2057,2113,2069,2067,2033
2054,2048,2046,2057,2099,2068,2066,2037
2056,2052,2054,2056,2072,2058,2065,2039
2054,2053,2054,2055,2046,2061,2072,2042
2058,2051,2060,2058,2039,2067,2055,2048
2063,2062,2061,2064,2053,2066,2046,2048
2060,2061,2058,2067,2059,2065,2040,2056
2066,2058,2058,2063,2057,2044,2038,2044
2047,2037,2039,2055,2045,2039,2029,2042
2037,2032,2034,2054,2037,2035,2032,2039
2039,2031,2033,2058,2035,2035,2022,2044
2045,2037,2037,2058,2050,2027,2029,2053
2037,2037,2036,2063,2059,2006,1982,2042
2027,2012,2021,2056,2057,2006,1999,2039
2025,2012,2018,2057,2049,2029,2046,2059
2052,2046,2043,2061,2042,2045,2031,2057
2053,2054,2045,2064,2041,2055,2058,2064
2057,2061,2054,2070,2071,2061,2047,2059
2058,2063,2045,2077,2088,2076,2053,2060
2065,2073,2045,2074,2104,2076,2059,2061
2069,2069,2054,2078,2113,2091,2075,2064
2067,2069,2054,2070,2097,2075,2066,2057
2070,2070,2053,2072,2091,2074,2068,2066
2072,2065,2056,2066,2085,2064,2077,2061
2066,2059,2052,2059,2085,2048,2064,2045
2051,2042,2045,2038,2060,2026,2050,2033
2039,2034,2045,2015,2016,2021,2034,2014
2026,2036,2044,1992,1974,2029,2024,2009
2026,2048,2055,2001,1976,2018,2033,2004
2021,2037,2054,2010,1988,1992,2023,2007
2026,2042,2054,2029,2025,1993,1988,2008
2042,2057,2059,2054,2068,2018,2018,2021
2044,2054,2057,2056,2070,2027,2029,2023
2045,2054,2045,2049,2046,2033,2026,2028
2048,2057,2042,2044,2041,2039,2052,2032
2053,2068,2054,2053,2045,2058,2052,2045
2061,2071,2057,2055,2056,2046,2051,2051
2061,2068,2054,2061,2057,2042,2047,2056
2060,2059,2046,2054,2073,2035,2043,2058
2057,2045,2045,2057,2099,2043,2022,2052
2049,2039,2036,2057,2104,2050,2013,2052
2046,2047,2044,2060,2115,2045,2048,2057
2043,2049,2044,2058,2118,2042,2039,2056
2043,2047,2040,2059,2113,2038,2040,2064
2048,2051,2038,2052,2107,2042,2045,2061
2041,2049,2042,2045,2098,2032,2028,2049
2030,2018,2026,2030,2043,2022,2023,2053
2027,2023,2022,2011,1928,2039,2050,2069
2049,2048,2047,2034,1948,2061,2054,2067
2052,2058,2051,2043,1983,2070,2054,2073
2060,2058,2055,2038,2001,2082,2062,2064
2052,2056,2052,2043,2020,2082,2065,2065
2067,2072,2067,2051,2026,2070,2056,2062
2060,2072,2071,2054,2018,2050,2041,2057
2057,2068,2072,2052,2016,2039,2041,2059
2057,2058,2064,2057,2030,2043,2044,2052
2045,2047,2059,2055,2030,2041,2034,2035
2032,2047,2059,2047,2026,2046,2030,2018
2032,2050,2054,2041,2033,2040,2033,2012
2038,2049,2052,2039,2039,2058,2040,2012
2038,2050,2051,2055,2081,2072,2050,2014
2043,2052,2047,2052,2080,2067,2055,2000
2032,2024,2031,2040,2046,2033,2044,2001
2016,2011,2025,2041,2024,2013,2015,2013
2037,2050,2059,2064,2018,2048,2030,2031
2053,2066,2074,2072,2021,2071,2058,2029
2055,2054,2057,2068,2053,2088,2044,2030
2056,2054,2061,2072,2066,2046,2047,2042
2057,2060,2065,2076,2080,2021,2052,2056
2063,2062,2060,2061,2042,2005,2037,2054
2054,2051,2052,2050,2038,2007,2046,2056
2049,2041,2050,2046,2124,2022,2040,2049
2051,2052,2049,2066,2149,2036,2054,2055
2053,2048,2054,2078,2133,2035,2054,2057
2054,2048,2050,2072,2126,2042,2064,2057
2047,2040,2040,2062,2108,2055,2057,2052
2045,2038,2046,2057,2110,2046,2059,2062
2052,2040,2054,2063,2114,2052,2050,2070
2056,2047,2048,2060,2102,2037,2052,2057
2035,2025,2043,2050,2087,2027,2035,2051
2029,2038,2057,2063,2097,2041,2058,2062
2050,2055,2063,2045,2015,2041,2059,2062
2059,2063,2065,2042,1985,2048,2051,2063
2057,2057,2062,2039,2015,2070,2056,2066
2065,2067,2069,2058,2049,2089,2071,2068
2072,2068,2068,2062,2050,2085,2077,2070
2062,2074,2071,2060,2063,2093,2081,2076
2077,2073,2064,2055,2079,2087,2084,2063
2063,2056,2047,2040,2073,2066,2077,2055
2056,2058,2044,2037,2043,2036,2063,2048
2054,2054,2038,2031,2010,2018,2072,2050
2067,2066,2054,2023,1978,1992,2060,2045
2057,2066,2056,2029,1981,1996,2059,2046
2060,2064,2053,2022,1977,2001,2051,2026
2045,2059,2051,2029,2021,2007,2039,2006
2030,2035,2041,2054,2053,2027,2053,2013
2034,2025,2037,2047,2046,2044,2060,2021
2050,2054,2055,2045,2032,2079,2064,2026
2048,2052,2048,2038,1999,2105,2064,2021
2052,2054,2048,2036,1971,2126,2036,2022
2032,2039,2034,2017,1935,2113,2013,2025
2038,2036,2038,2017,1912,2074,1990,2030
2037,2035,2046,2025,1936,2047,2031,2042
2044,2043,2055,2038,2010,1999,2021,2056
2050,2058,2062,2056,2051,1983,2061,2053
2049,2052,2059,2060,2112,2034,2065,2049
2046,2049,2055,2058,2125,2080,2080,2065
2051,2047,2055,2062,2106,2095,2064,2075
2047,2050,2053,2054,2086,2089,2054,2070
2053,2046,2054,2055,2069,2081,2050,2076
2063,2061,2060,2060,2055,2080,2060,2063
2046,2040,2042,2036,2037,2059,2038,2058
2039,2028,2027,2033,2040,2073,2040,2072
2063,2061,2053,2059,2066,2085,2062,2072
2063,2046,2040,2050,2074,2070,2078,2073
2056,2053,2043,2045,2079,2050,2073,2072
2054,2048,2036,2050,2075,2034,2065,2061
2050,2040,2039,2056,2064,2021,2060,2061
2050,2042,2042,2056,2048,2008,2045,2048
2041,2042,2051,2054,2042,2007,2054,2044
2048,2040,2045,2050,2060,2019,2073,2041
2049,2045,2047,2053,2042,2025,2061,2042
2054,2049,2046,2053,2061,2035,2072,2045
2057,2047,2038,2057,2101,2056,2082,2032
2059,2053,2039,2061,2105,2088,2058,2030
2047,2046,2044,2066,2106,2121,2061,2019
2044,2040,2036,2071,2072,2124,2064,2015
2039,2032,2036,2067,2045,2082,2028,2007
2031,2029,2045,2066,2033,1995,2013,2008
2037,2046,2063,2066,1976,1944,2011,2007
2034,2043,2059,2029,1875,1940,2004,1999
2026,2032,2057,2026,1870,1981,2029,2004
2024,2034,2062,2032,1903,2020,2044,2019
2023,2025,2056,2035,1952,2041,2050,2030
2031,2031,2054,2046,2006,2045,2065,2041
2040,2038,2065,2058,2062,2063,2061,2049
2037,2038,2058,2068,2125,2088,2076,2055
2040,2041,2063,2074,2158,2104,2081,2062
2038,2045,2065,2069,2133,2094,2055,2065
2048,2046,2065,2066,2109,2074,2054,2069
2052,2052,2070,2064,2075,2063,2065,2067
2062,2067,2070,2060,2051,2056,2062,2072
2056,2063,2063,2049,2089,2046,2060,2072
2057,2054,2042,2023,2106,2041,2035,2055
2025,2024,2022,2011,2120,2050,2038,2057
2042,2037,2049,2032,2148,2106,2068,2075
2068,2066,2060,2035,2172,2143,2063,2079
2064,2061,2048,2033,2173,2130,2082,2082
2066,2065,2055,2034,2153,2092,2047,2075
2055,2051,2046,2036,2130,2092,2057,2073
2056,2056,2050,2041,2055,2086,2050,2069
2053,2052,2054,2035,1911,2092,2079,2066
2053,2051,2056,2032,1881,2090,2086,2054
2051,2045,2052,2034,1929,2084,2062,2042
2041,2049,2049,2040,1974,2070,2065,2026
2033,2043,2042,2040,2004,2066,2038,2015
2035,2050,2050,2041,2026,2067,2017,2022
2039,2063,2053,2040,2027,2064,2044,2020
2044,2072,2054,2044,2033,2076,2028,2022
2046,2066,2048,2039,2024,2044,1988,2006
2028,2042,2027,2018,2024,2014,1968,1999
2022,2029,2023,2024,2054,2003,1997,2017
2042,2052,2045,2039,2070,1995,1995,2016
2049,2052,2055,2046,2069,2002,2016,2026
2049,2056,2063,2049,2063,2013,2016,2028
2049,2056,2070,2047,2061,2031,1994,2032
2051,2051,2070,2050,2047,2029,2029,2040
2050,2063,2082,2048,2045,2034,2028,2047
2056,2065,2086,2051,2055,2047,2018,2053
2060,2073,2090,2061,2068,2074,2064,2058
2061,2074,2088,2064,2068,2079,2064,2058
2054,2068,2086,2061,2066,2080,2061,2062
2061,2074,2088,2055,2053,2054,2034,2063
2052,2060,2080,2057,2040,2040,2045,2058
2050,2066,2071,2054,2036,2040,2058,2062
2052,2065,2076,2054,2030,2038,2028,2049
2036,2033,2056,2035,2024,2023,2041,2049
2031,2036,2054,2031,2014,2033,2040,2071
2057,2072,2078,2052,2040,2062,2035,2072
2060,2075,2069,2046,2045,2052,2048,2075
2059,2076,2076,2052,2039,2052,2054,2063
2056,2073,2066,2051,2045,2058,2066,2061
2049,2069,2074,2053,2046,2062,2070,2056
2052,2063,2065,2053,2052,2062,2071,2047
2048,2066,2060,2052,2054,2059,2083,2046
2054,2070,2067,2057,2063,2056,2084,2049
2056,2061,2056,2051,2057,2052,2082,2044
2052,2064,2057,2046,2047,2036,2071,2042
2046,2053,2059,2041,2024,2020,2069,2033
2043,2060,2059,2043,2014,2010,2077,2034
2058,2063,2058,2041,2014,2007,2058,2024
2037,2042,2033,2016,2004,2007,2048,2015
2028,2021,2012,2020,2042,2013,2040,2005
2017,2018,2019,2035,2057,2023,2055,2003
2030,2032,2039,2053,2066,2054,2056,2016
2045,2042,2042,2057,2054,2058,2059,2011
2035,2034,2035,2049,2047,2057,2047,2021
2024,2024,2034,2040,2031,2072,2046,2015
2033,2018,2018,2022,1956,2078,2043,2015
2024,2020,2014,2007,1911,2076,2042,2023
2027,2024,2013,2010,1954,2090,2036,2030
2027,2027,2010,2019,1965,2045,2030,2044
2036,2031,2020,2041,2034,1968,2067,2065
2049,2047,2036,2073,2141,1999,2082,2072
2047,2044,2035,2077,2180,2045,2084,2064
2045,2038,2029,2070,2165,2063,2069,2063
2039,2035,2022,2061,2129,2048,2056,2060
2038,2037,2012,2044,2072,2037,2055,2051
2033,2026,2010,2028,2022,2018,2026,2038
2019,2012,1995,2023,2012,2016,2035,2050
2016,2013,2005,2022,2030,2037,2055,2060
2041,2045,2026,2031,2036,2031,2065,2060
2041,2049,2036,2034,2032,2022,2061,2059
2053,2060,2047,2039,2040,2021,2070,2059
2054,2071,2063,2044,2054,2034,2066,2060
2056,2073,2073,2053,2066,2042,2078,2064
2060,2068,2080,2059,2084,2071,2088,2056
2058,2073,2078,2063,2098,2075,2086,2051
2060,2068,2073,2060,2106,2080,2098,2039
2059,2068,2075,2057,2104,2079,2096,2043
2057,2072,2083,2062,2092,2072,2079,2033
2058,2056,2068,2050,2071,2059,2059,2027
2055,2049,2070,2051,2067,2052,2061,2026
2049,2050,2063,2047,2057,2048,2056,2018
2038,2047,2047,2034,2021,2016,2028,1999
2020,2021,2030,2026,1999,1993,2026,2000
2025,2033,2052,2049,2043,2028,2056,2024
2049,2059,2065,2064,2104,2049,2066,2029
2053,2064,2058,2067,2104,2054,2053,2039
2059,2062,2060,2069,2088,2055,2039,2041
2056,2068,2066,2071,2088,2062,2057,2047
2053,2059,2054,2062,2072,2059,2054,2047
2055,2056,2059,2065,2087,2076,2072,2057
2056,2063,2064,2074,2089,2065,2066,2058
2056,2060,2067,2069,2080,2060,2041,2055
2060,2070,2071,2070,2077,2058,2040,2055
2047,2056,2054,2063,2072,2054,2053,2062
2053,2053,2055,2056,2046,2046,2046,2058
2039,2043,2044,2054,2036,2039,2037,2060
2042,2049,2047,2060,2040,2031,2051,2056
2041,2048,2048,2052,2052,2021,2031,2050
2025,2022,2021,2035,2051,2021,2042,2051
2026,2025,2021,2036,2064,2043,2055,2064
2052,2055,2037,2052,2084,2049,2062,2066
2054,2054,2041,2045,2079,2054,2057,2059
2049,2055,2042,2051,2084,2076,2065,2066
2058,2065,2043,2055,2084,2071,2080,2059
2059,2075,2049,2062,2066,2052,2079,2061
2061,2068,2053,2043,2018,2020,2057,2066
2064,2075,2063,2042,2017,2024,2066,2061
2054,2067,2057,2038,2030,2049,2073,2053
2049,2055,2041,2027,2026,2052,2059,2032
2037,2041,2030,2024,2032,2051,2057,2023
2036,2037,2027,2027,2029,2047,2061,2018
2035,2042,2035,2027,2033,2050,2069,2024
2041,2046,2035,2032,2032,2062,2047,2020
2039,2045,2036,2027,2018,2056,2032,2001
2024,2015,2012,2012,2000,2056,2019,1995
2019,2021,2021,2025,2016,2064,2040,2027
2044,2061,2046,2037,2022,2054,2071,2037
2059,2075,2062,2049,2057,2033,2052,2043
2054,2068,2054,2053,2080,2034,2034,2045
2052,2068,2057,2060,2098,2054,2070,2045
2061,2071,2067,2061,2103,2019,2047,2056
2067,2081,2083,2076,2093,1987,2029,2056
2070,2080,2085,2078,2088,1988,2053,2061
2063,2063,2066,2074,2094,2020,2047,2072
2067,2070,2064,2074,2106,2080,2061,2064
2053,2056,2054,2064,2109,2105,2072,2070
2062,2064,2055,2066,2105,2091,2071,2066
2047,2055,2048,2062,2111,2085,2081,2075
2063,2068,2060,2067,2125,2080,2070,2073
2058,2055,2049,2064,2122,2054,2044,2060
2035,2027,2026,2052,2115,2048,2042,2053
2033,2027,2030,2042,2093,2057,2056,2059
2053,2055,2047,2041,2028,2044,2045,2044
2045,2049,2046,2035,2019,2020,2037,2050
2052,2054,2052,2035,2017,2004,2050,2052
2044,2055,2045,2032,2019,1979,2062,2046
2043,2049,2043,2049,2060,1986,2072,2056
2048,2049,2047,2068,2101,2019,2081,2054
2050,2045,2046,2068,2082,2040,2086,2052
2047,2045,2045,2068,2082,2037,2062,2043
2047,2048,2050,2069,2079,2026,2031,2042
2058,2051,2045,2068,2082,2030,2045,2040
2058,2052,2034,2061,2074,2040,2043,2032
2050,2048,2028,2064,2069,2050,2049,2019
2050,2049,2029,2059,2053,2058,2045,2010
2049,2047,2030,2053,2092,2044,2013,1996
2032,2029,2005,2040,2113,2055,2010,1997
2025,2028,2012,2050,2120,2082,2039,2010
2043,2052,2025,2062,2116,2089,2037,2016
2050,2052,2024,2056,2089,2082,2038,2028
2047,2047,2037,2050,2063,2059,2053,2033
2049,2046,2035,2047,2057,2046,2044,2038
2042,2044,2034,2026,1985,2024,2038,2036
2047,2040,2047,2019,1953,2028,2020,2052
2050,2039,2054,2022,1987,2051,2013,2046
2048,2049,2058,2036,2018,2063,2046,2055
2043,2049,2059,2033,2037,2066,2037,2056
2050,2056,2065,2037,2051,2076,2036,2057
2051,2057,2081,2042,2058,2063,2029,2056
2044,2060,2080,2045,2045,2050,2033,2066
2047,2060,2073,2032,2016,2023,2031,2067
2051,2055,2068,2028,1998,1977,2001,2055
2029,2030,2038,2012,1966,1948,1993,2046
2034,2024,2038,2021,2022,1963,2016,2061
2050,2055,2060,2049,2093,2001,2038,2069
2054,2065,2061,2066,2151,2044,2050,2068
2063,2059,2072,2074,2172,2054,2043,2057
2049,2058,2063,2057,2083,2048,2024,2051
2044,2043,2051,2046,2032,2030,2022,2040
2032,2037,2037,2057,2045,2046,2032,2034
2034,2037,2048,2060,2050,2052,2047,2041
2031,2040,2044,2049,2031,2040,2049,2033
2035,2044,2045,2039,2009,2023,2071,2034
2036,2044,2044,2037,2007,2013,2049,2030
2042,2038,2033,2025,1997,2001,2043,2019
2041,2040,2031,2033,2023,2003,2048,2030
2039,2046,2046,2061,2064,2018,2060,2029
2057,2050,2050,2065,2071,2012,2036,2010
2025,2016,2023,2039,2062,1994,2017,2002
2019,2011,2017,2037,2073,2009,2033,2019
2047,2053,2047,2070,2094,2042,2057,2033
2068,2063,2050,2070,2092,2082,2061,2035
2063,2060,2045,2066,2078,2109,2074,2032
2059,2052,2025,2053,2053,2122,2064,2028
2056,2052,2034,2055,2030,2121,2058,2039
2049,2043,2026,2052,2045,2094,2067,2069
2064,2061,2044,2076,2132,2091,2083,2071
2056,2044,2032,2074,2163,2092,2080,2064
2058,2048,2039,2064,2150,2079,2072,2063
2047,2042,2039,2054,2144,2062,2056,2062
2044,2044,2039,2049,2153,2075,2047,2056
2054,2046,2041,2047,2125,2065,2032,2053
2045,2036,2030,2034,2076,2046,2019,2043
2036,2026,2027,2009,2032,2008,1999,2021
2009,1997,2007,2000,1982,1957,2005,2032
2023,2020,2034,2026,1933,2013,2036,2061
2061,2064,2077,2067,2012,2107,2084,2074
2065,2061,2071,2076,2083,2130,2077,2075
2063,2055,2061,2070,2099,2100,2053,2060
2046,2041,2044,2064,2088,2083,2052,2050
2042,2048,2050,2052,2040,2071,2055,2047
2044,2045,2051,2052,2009,2061,2045,2050
2053,2055,2057,2060,2020,2056,2049,2047
2053,2056,2057,2074,2037,2043,2053,2046
2050,2055,2051,2065,2028,2030,2046,2033
2051,2053,2049,2059,2027,2020,2028,2023
2050,2046,2044,2054,2045,2022,2022,2012
2046,2053,2044,2052,2061,2040,2015,2007
2045,2056,2045,2058,2066,2049,2036,2010
2048,2053,2049,2072,2093,2044,2012,1999
2016,2024,2025,2057,2102,2022,1999,1994
2014,2021,2021,2047,2077,2016,2026,2007
2044,2055,2044,2047,2075,2029,2041,2008
2033,2043,2038,2023,2049,2036,2027,2013
2037,2045,2035,2025,2060,2065,2043,2018
2038,2052,2050,2037,2077,2075,2047,2029
2045,2061,2058,2046,2096,2082,2050,2026
2047,2064,2059,2042,2098,2064,2041,2035
2050,2063,2054,2041,2080,2056,2030,2036
2050,2058,2050,2036,2063,2060,2027,2050
2052,2056,2052,2042,2051,2074,2044,2058
2054,2061,2057,2027,1976,2073,2053,2060
2048,2043,2050,2020,1943,2069,2048,2051
2040,2040,2053,2037,2010,2060,2052,2047
2043,2041,2048,2042,2055,2049,2052,2052
2046,2045,2054,2050,2062,2054,2050,2039
2030,2030,2035,2028,2024,2025,2036,2027
2024,2019,2031,2022,2015,2027,2035,2037
2044,2042,2045,2042,2028,2037,2046,2053
2044,2049,2047,2036,2038,2054,2052,2057
2049,2052,2053,2043,2056,2057,2059,2061
2054,2060,2061,2053,2057,2055,2062,2047
2051,2054,2057,2060,2042,2054,2054,2049
2057,2063,2058,2065,2063,2049,2052,2042
2053,2056,2060,2058,2063,2033,2055,2034
2045,2048,2055,2058,2063,2053,2042,2022
2042,2045,2053,2059,2059,2083,2075,2019
2043,2046,2045,2061,2059,2098,2066,2025
2043,2051,2047,2057,2058,2094,2072,2022
2044,2049,2051,2061,2043,2076,2059,2018
2046,2055,2055,2059,2047,2063,2063,2013
2051,2052,2052,2058,2057,2065,2055,2009
2040,2037,2027,2049,2060,2050,2034,1996
2027,2027,2035,2055,2082,2050,2054,2006
2039,2045,2050,2084,2107,2080,2064,2016
2049,2047,2051,2091,2116,2105,2085,2034
2056,2061,2057,2095,2104,2094,2075,2041
2056,2059,2048,2074,2079,2061,2071,2040
2049,2049,2041,2072,2073,2064,2072,2051
2054,2050,2029,2057,2057,2047,2061,2038
2043,2042,2025,2048,2042,2040,2058,2034
2040,2048,2029,2051,2048,2034,2061,2036
2044,2047,2022,2048,2052,2041,2066,2040
2048,2050,2029,2060,2064,2054,2044,2047
2052,2056,2038,2065,2063,2049,2047,2051
2043,2048,2034,2056,2067,2055,2054,2052
2048,2044,2033,2057,2067,2063,2037,2046
2050,2047,2035,2051,2061,2057,2059,2053
2039,2034,2019,2022,2040,2025,2026,2041
2019,2010,2005,2008,2021,2027,2025,2041
2023,2037,2020,2014,2025,2053,2057,2048
2034,2044,2016,2017,2026,2038,2044,2048
2036,2044,2025,2017,2036,2030,2051,2047
2039,2045,2029,2012,2033,2033,2047,2046
2045,2051,2046,2027,2025,2043,2039,2050
2042,2056,2063,2035,2022,2043,2037,2049
2049,2061,2068,2046,2027,2046,2057,2044
2049,2063,2073,2048,2038,2035,2060,2050
2052,2069,2082,2057,2062,2042,2082,2040
2059,2076,2092,2073,2094,2080,2073,2026
2046,2059,2081,2065,2091,2091,2064,2018
2048,2058,2082,2065,2080,2069,2056,2011
2038,2053,2076,2059,2074,2059,2058,2014
2047,2056,2080,2060,2062,2061,2068,2006
2039,2037,2066,2038,2045,2035,2032,1993
2021,2024,2050,2034,2031,2028,2016,1989
2026,2042,2064,2044,2048,2062,2053,2017
2044,2047,2058,2037,2041,2069,2045,2017
2043,2043,2043,2029,2033,2066,2045,2027
