CH1,CH2,CH3,CH4,CH5,CH6,CH7,CH8
2036,2047,2033,2035,2027,2030,2015,2083
2036,2048,2040,2038,2035,2037,2036,2079
2040,2046,2043,2038,2026,2042,2033,2072
2036,2040,2039,2043,2031,2039,2026,2074
2030,2042,2039,2056,2036,2039,2017,2072
2034,2049,2035,2068,2041,2037,2034,2064
2039,2053,2041,2063,2030,2043,2018,2056
2039,2046,2040,2046,2016,2037,2010,2052
2036,2038,2030,2045,2021,2042,2014,2037
2032,2041,2036,2044,2026,2036,2034,2031
2032,2043,2044,2054,2028,2039,2036,2031
2036,2051,2048,2056,2033,2039,2028,2038
2041,2046,2053,2054,2032,2034,2047,2027
2034,2034,2041,2053,2043,2040,2031,2026
2039,2039,2048,2054,2053,2047,2029,2026
2046,2042,2050,2053,2044,2052,2036,2025
2038,2039,2038,2040,2035,2045,2040,2015
2029,2037,2034,2035,2031,2047,2021,2022
2039,2042,2044,2037,2038,2059,2024,2021
2038,2041,2045,2041,2049,2060,2045,2021
2045,2041,2043,2040,2051,2069,2046,2040
2053,2044,2044,2043,2051,2083,2060,2047
2050,2052,2043,2038,2055,2088,2071,2048
2051,2047,2041,2041,2047,2069,2075,2045
2042,2044,2044,2040,2046,2050,2066,2050
2042,2047,2035,2047,2044,2051,2072,2062
2038,2044,2028,2046,2050,2043,2072,2066
2033,2040,2021,2045,2047,2052,2078,2076
2044,2043,2027,2042,2045,2046,2084,2084
2048,2044,2027,2027,2013,2023,2076,2090
2043,2036,2015,2022,2015,2016,2058,2101
2038,2034,2013,2026,2028,2027,2064,2095
2033,2027,2012,2018,2024,2031,2045,2085
2024,2012,2017,2019,2049,2052,2063,2086
2031,2024,2028,2043,2071,2077,2062,2101
2033,2037,2045,2058,2055,2091,2058,2087
2015,2028,2026,2055,2040,2084,2052,2077
2014,2023,2025,2045,2035,2058,2040,2078
2022,2044,2040,2046,2042,2046,2031,2057
2036,2045,2060,2059,2033,2051,2017,2044
2038,2052,2078,2058,2024,2052,2027,2039
2035,2052,2076,2058,2022,2051,2050,2035
2041,2053,2067,2055,2025,2045,2052,2032
2041,2051,2059,2052,2029,2037,2051,2030
2041,2046,2051,2051,2045,2035,2055,2024
2042,2051,2048,2049,2052,2038,2049,2022
2041,2043,2043,2054,2046,2035,2050,2023
2038,2039,2044,2049,2035,2036,2045,2021
2037,2047,2044,2056,2035,2045,2061,2017
2039,2059,2058,2056,2031,2042,2057,2018
2037,2055,2053,2058,2030,2036,2042,2021
2036,2056,2065,2058,2040,2046,2059,2024
2050,2070,2074,2068,2048,2049,2054,2025
2054,2067,2078,2073,2043,2050,2064,2031
2050,2074,2082,2072,2046,2049,2068,2033
2050,2070,2093,2079,2045,2045,2063,2034
2043,2061,2092,2074,2049,2045,2058,2047
2040,2060,2086,2078,2045,2039,2055,2054
2045,2060,2090,2078,2043,2043,2058,2062
2052,2060,2086,2076,2051,2047,2058,2064
2049,2064,2083,2074,2057,2047,2066,2067
2045,2062,2088,2075,2052,2046,2063,2077
2034,2066,2080,2075,2054,2041,2059,2081
2035,2063,2070,2066,2048,2039,2063,2092
2030,2068,2063,2066,2048,2045,2062,2096
2042,2067,2052,2063,2048,2047,2059,2107
2045,2061,2047,2055,2041,2047,2062,2102
2038,2047,2034,2046,2030,2036,2052,2094
2034,2049,2022,2046,2038,2043,2056,2091
2043,2052,2012,2035,2039,2046,2053,2088
2047,2051,2018,2032,2032,2050,2052,2079
2049,2054,2024,2028,2028,2048,2051,2072
2046,2057,2011,2024,2030,2054,2056,2070
2039,2049,2016,2028,2030,2052,2048,2059
2035,2053,2006,2021,2029,2050,2059,2058
2042,2043,2012,2022,2024,2041,2060,2044
2033,2038,2009,2020,2012,2040,2050,2038
2040,2041,2016,2018,1993,2023,2065,2036
2036,2041,2027,2025,1970,2014,2053,2034
2032,2037,2040,2036,1973,2011,2052,2035
2034,2034,2042,2033,2042,2019,2028,2024
2027,2026,2031,2027,2087,2042,2040,2020
2036,2034,2044,2041,2124,2089,2058,2018
2038,2030,2060,2060,2138,2106,2052,2010
2025,2025,2070,2074,2104,2111,2050,2016
2033,2040,2088,2086,2068,2113,2060,2017
2036,2044,2086,2079,2040,2070,2061,2034
2040,2049,2091,2068,2006,2019,2064,2037
2042,2045,2076,2059,1935,2011,2061,2038
2038,2038,2071,2066,1954,2040,2062,2036
2041,2038,2067,2073,2002,2057,2066,2042
2039,2045,2057,2070,2029,2057,2069,2043
2037,2039,2062,2062,2030,2059,2054,2053
2029,2033,2058,2058,2044,2057,2052,2057
2033,2036,2064,2057,2059,2061,2060,2066
2037,2035,2056,2063,2071,2060,2063,2079
2044,2037,2048,2062,2068,2049,2049,2090
2047,2028,2036,2074,2054,2045,2060,2094
2043,2021,2042,2090,2057,2045,2049,2095
2039,2022,2056,2093,2074,2044,2031,2094
2031,2017,2048,2088,2060,2043,2039,2095
2029,2020,2048,2088,2047,2042,2046,2097
2035,2033,2056,2094,2036,2043,2046,2089
2034,2033,2045,2091,2038,2045,2035,2088
2042,2039,2034,2094,2032,2051,2028,2087
2056,2047,2034,2086,2037,2046,2034,2090
2056,2050,2029,2086,2036,2039,2041,2078
2056,2051,2027,2084,2034,2042,2045,2057
2049,2038,2021,2064,2036,2045,2045,2048
2047,2037,2021,2051,2044,2047,2034,2038
2038,2040,2033,2046,2051,2042,2040,2024
2036,2039,2041,2044,2047,2043,2038,2026
2044,2048,2053,2041,2052,2043,2046,2022
2048,2060,2054,2043,2070,2045,2042,2025
2053,2059,2054,2040,2090,2046,2036,2027
2047,2062,2043,2022,2095,2046,2037,2026
2049,2061,2025,2000,2080,2040,2052,2015
2044,2046,2012,1980,2068,2031,2031,2012
2046,2052,2023,1980,2062,2041,2037,2019
2056,2069,2054,1981,2044,2038,2032,2032
2056,2068,2057,1975,2026,2030,2049,2032
2054,2067,2047,1969,1997,2029,2037,2040
2057,2070,2058,1970,1893,2026,2033,2040
2060,2076,2066,1976,1887,2052,2057,2054
2069,2077,2065,1984,1922,2061,2058,2065
2071,2079,2067,2001,1949,2068,2062,2072
2074,2077,2070,2012,1978,2069,2058,2078
2073,2077,2076,2024,2030,2074,2058,2082
2065,2073,2087,2044,2084,2058,2054,2077
2051,2073,2093,2050,2131,2046,2034,2085
2050,2068,2086,2060,2130,2044,2025,2105
2049,2070,2080,2068,2118,2053,2029,2108
2044,2055,2067,2067,2135,2058,2055,2101
2037,2048,2051,2055,2118,2062,2051,2102
2031,2042,2044,2052,2100,2064,2038,2107
2038,2045,2042,2035,2084,2068,2033,2103
2045,2047,2043,2015,1993,2053,2047,2090
2047,2046,2054,2011,1967,2068,2051,2091
2056,2050,2051,2030,2042,2087,2048,2078
2049,2047,2048,2033,2072,2086,2055,2072
2042,2045,2040,2025,2060,2061,2054,2059
2042,2047,2039,2015,2035,2036,2038,2055
2045,2052,2040,2027,2083,2019,2051,2061
2060,2054,2051,2042,2140,2030,2066,2060
2054,2054,2052,2055,2177,2046,2060,2052
2051,2052,2054,2056,2153,2054,2057,2045
2048,2048,2048,2049,2079,2050,2069,2037
2039,2050,2046,2037,1924,2036,2054,2031
2040,2046,2040,2030,1867,2036,2048,2021
2035,2041,2039,2027,1914,2034,2027,2010
2019,2022,2016,2018,1956,2026,2011,2006
2020,2021,2013,2018,1975,2041,2008,2007
2028,2037,2035,2032,1998,2061,2042,2006
2033,2037,2036,2035,2000,2069,2054,2012
2030,2034,2034,2037,2012,2064,2034,2022
2028,2030,2029,2041,2024,2028,2025,2022
2029,2027,2032,2045,2061,2011,2016,2026
2030,2034,2052,2066,2112,2044,2036,2032
2034,2047,2064,2079,2133,2064,2062,2026
2028,2043,2062,2084,2130,2074,2068,2037
2031,2040,2053,2084,2092,2073,2065,2052
2030,2035,2051,2073,2049,2072,2062,2061
2042,2043,2049,2073,2023,2070,2048,2073
2041,2051,2052,2075,2006,2069,2044,2085
2055,2060,2047,2065,1980,2067,2041,2089
2051,2057,2046,2057,1963,2065,2050,2088
2047,2054,2045,2055,2000,2045,2023,2072
2038,2037,2034,2052,2061,2038,2028,2079
2034,2033,2029,2053,2132,2042,2050,2076
2046,2047,2034,2042,2125,2037,2042,2083
2042,2051,2041,2041,2056,2035,2037,2078
2045,2055,2045,2042,2045,2044,2025,2072
2054,2055,2036,2045,2041,2043,2024,2069
2050,2043,2021,2034,2027,2040,2047,2053
2050,2038,2021,2029,2025,2041,2028,2050
2048,2044,2037,2042,2027,2050,2036,2048
2053,2058,2055,2048,2041,2054,2042,2045
2057,2060,2063,2063,2049,2053,2069,2045
2069,2068,2063,2059,2027,2043,2058,2041
2064,2061,2052,2043,2014,2023,2051,2042
2066,2051,2045,2040,2018,2026,2046,2031
2065,2049,2033,2036,2030,2035,2049,2019
2056,2036,2027,2037,2043,2047,2044,2018
2044,2027,2025,2032,2053,2047,2041,2007
2038,2034,2029,2050,2069,2051,2033,2004
2040,2041,2032,2053,2060,2050,2043,2015
2043,2046,2032,2051,2059,2052,2051,2028
2060,2052,2032,2050,2061,2064,2063,2041
2061,2047,2030,2044,2065,2075,2048,2037
2054,2047,2040,2054,2092,2089,2058,2038
2050,2071,2074,2064,2125,2103,2053,2039
2050,2074,2087,2073,2136,2096,2039,2048
2053,2075,2085,2075,2153,2098,2036,2059
2055,2069,2078,2078,2158,2116,2051,2065
2057,2068,2076,2080,2153,2120,2062,2071
2055,2065,2077,2078,2098,2103,2056,2065
2043,2059,2074,2051,2057,2075,2050,2070
2033,2049,2067,2037,2030,2043,2053,2075
2032,2050,2053,2038,1993,2011,2041,2083
2035,2049,2053,2038,1966,2003,2045,2090
2043,2048,2045,2030,1985,2007,2036,2090
2046,2043,2037,2036,2005,2018,2032,2091
2040,2044,2034,2031,2012,2017,2043,2085
2042,2040,2032,2037,2007,2023,2040,2070
2045,2046,2029,2033,2018,2035,2036,2065
2048,2052,2036,2038,2021,2042,2043,2060
2051,2059,2053,2051,2025,2048,2048,2055
2045,2052,2047,2045,2016,2045,2037,2038
2039,2047,2039,2044,2016,2054,2039,2031
2033,2042,2042,2042,2015,2050,2038,2030
2038,2045,2041,2047,2020,2047,2036,2029
2039,2050,2053,2058,2022,2044,2036,2029
2042,2055,2060,2061,2026,2048,2032,2019
2037,2048,2053,2061,2026,2047,2027,2005
2033,2042,2051,2056,2025,2050,2046,2009
2034,2044,2054,2065,2032,2048,2047,2009
2034,2039,2059,2065,2025,2045,2039,2002
2030,2038,2045,2063,2029,2036,2043,1994
2028,2029,2035,2063,2032,2030,2047,2004
2036,2038,2037,2066,2032,2028,2039,2013
2037,2035,2027,2054,2029,2033,2043,2021
2047,2035,2027,2054,2033,2031,2026,2025
2047,2043,2027,2059,2038,2030,2032,2034
2048,2047,2030,2055,2045,2043,2055,2040
2051,2056,2029,2047,2048,2051,2057,2046
2052,2054,2028,2039,2044,2047,2044,2052
2053,2052,2027,2032,2045,2049,2055,2047
2053,2049,2033,2027,2042,2050,2065,2058
2048,2055,2038,2017,2037,2048,2059,2064
2047,2053,2042,2020,2042,2048,2049,2078
2046,2058,2046,2023,2042,2046,2042,2084
2038,2055,2054,2033,2044,2048,2037,2099
2039,2055,2061,2044,2043,2051,2052,2099
2048,2057,2057,2039,2039,2041,2022,2094
2033,2052,2058,2042,2029,2037,2041,2091
2039,2065,2069,2046,2029,2040,2057,2089
2045,2073,2075,2051,2035,2032,2048,2091
2048,2067,2068,2051,2036,2040,2033,2085
2049,2058,2061,2050,2036,2038,2049,2069
2056,2050,2064,2051,2040,2039,2045,2058
2044,2061,2067,2055,2044,2043,2024,2047
2050,2060,2080,2054,2046,2048,2043,2042
2052,2064,2078,2063,2048,2062,2053,2044
2052,2057,2072,2055,2049,2065,2060,2038
2046,2048,2055,2041,2039,2059,2060,2025
2042,2049,2047,2021,2028,2051,2050,2022
2040,2046,2038,2026,2007,2042,2045,2014
2041,2042,2036,2024,1993,2025,2055,2012
2043,2043,2041,2030,1989,2036,2042,2021
2046,2049,2037,2035,2034,2038,2047,2007
2043,2037,2030,2037,2094,2041,2042,2010
2048,2035,2030,2038,2114,2048,2058,2015
2054,2052,2045,2050,2132,2063,2054,2029
2061,2063,2045,2055,2099,2058,2050,2033
2058,2062,2049,2055,2082,2051,2053,2032
2052,2056,2043,2053,2069,2050,2052,2026
2050,2052,2048,2059,2079,2046,2042,2031
2049,2056,2062,2056,1996,2036,2049,2030
2046,2054,2066,2061,1940,2039,2060,2039
2044,2044,2070,2075,1954,2050,2034,2045
2046,2041,2070,2102,1993,2054,2040,2049
2041,2033,2062,2116,2023,2054,2040,2056
2032,2028,2055,2113,2041,2051,2068,2067
2034,2034,2063,2115,2042,2035,2057,2071
2040,2033,2059,2111,2050,2041,2057,2079
2039,2035,2044,2115,2073,2054,2042,2085
2037,2034,2028,2108,2092,2055,2059,2082
2025,2021,2015,2104,2097,2051,2054,2076
2028,2027,2006,2095,2086,2055,2050,2086
2042,2042,2009,2083,2064,2056,2050,2089
2045,2037,1999,2072,2059,2053,2047,2080
2047,2044,1998,2055,2038,2040,2033,2065
2039,2028,1992,2034,2009,2025,2025,2057
2034,2015,1984,1986,1975,2003,2022,2048
2027,2009,1980,1952,1943,1987,2022,2025
2024,2016,1999,1934,1944,1993,2019,2025
2032,2041,2038,1945,1941,1996,2018,2017
2035,2051,2062,1961,1945,1998,2017,2012
2037,2059,2073,1988,1995,2027,2031,2021
2054,2062,2071,1998,2048,2051,2041,2028
2060,2057,2066,2000,2085,2068,2029,2025
2052,2046,2059,1997,2081,2075,2048,2026
2054,2051,2078,2003,2066,2065,2027,2023
2056,2062,2090,2009,2039,2038,1994,2000
2044,2069,2088,2009,2030,2030,2004,2002
2052,2072,2084,2026,2043,2037,2016,2013
2063,2071,2079,2026,2043,2042,2017,2020
2057,2062,2074,2032,2045,2037,2028,2019
2060,2065,2067,2028,2033,2030,2027,2031
2057,2065,2053,2031,2028,2020,2019,2040
2056,2069,2049,2034,2030,2017,2029,2035
2050,2058,2045,2038,2038,2015,2019,2034
2049,2055,2043,2039,2046,2034,2023,2034
2040,2051,2039,2041,2068,2056,2041,2049
2043,2057,2052,2051,2093,2062,2055,2056
2051,2061,2047,2042,2088,2061,2054,2064
2051,2051,2046,2041,2088,2059,2024,2077
2049,2057,2042,2049,2077,2063,2054,2080
2052,2059,2030,2055,2075,2056,2030,2092
2046,2057,2024,2055,2065,2054,2038,2086
2039,2042,2010,2047,2057,2053,2046,2089
2038,2040,2012,2050,2055,2051,2031,2085
2040,2048,2023,2056,2059,2057,2028,2090
2046,2043,2026,2049,2054,2051,2042,2094
2044,2045,2025,2041,2050,2040,2046,2080
2043,2047,2030,2040,2041,2050,2044,2071
2056,2054,2036,2045,2051,2054,2044,2059
2053,2056,2044,2034,2049,2049,2039,2053
2055,2057,2045,2030,2054,2051,2029,2044
2059,2054,2055,2028,2048,2047,2046,2038
2062,2052,2058,2028,2050,2042,2034,2034
2056,2050,2050,2022,2051,2044,2045,2025
2050,2042,2044,2029,2041,2041,2020,2025
2040,2037,2033,2035,2041,2043,2032,2017
2036,2039,2037,2039,2041,2054,2032,2010
2046,2040,2037,2045,2025,2070,2052,2010
2044,2039,2038,2045,2010,2078,2039,2004
2036,2038,2047,2045,1990,2066,2032,2003
2037,2037,2054,2039,1963,2066,2038,2010
2042,2051,2067,2051,1972,2047,2045,2021
2052,2056,2072,2050,1972,2009,2039,2035
2058,2056,2061,2042,1965,1997,2039,2041
2055,2060,2061,2050,1977,1991,2045,2034
2064,2066,2068,2057,1988,1994,2037,2039
2059,2059,2066,2049,2012,2012,2030,2038
2060,2060,2056,2049,2076,2040,2024,2049
2063,2058,2050,2053,2132,2064,2041,2053
2064,2062,2054,2057,2171,2087,2076,2063
2063,2060,2052,2058,2200,2098,2059,2066
2049,2053,2046,2068,2228,2108,2056,2077
2054,2056,2047,2077,2255,2111,2059,2073
2053,2058,2045,2088,2281,2123,2057,2076
2047,2052,2042,2100,2285,2133,2060,2085
2043,2047,2031,2093,2233,2117,2034,2080
2034,2031,2025,2082,2084,2087,2031,2083
2038,2037,2027,2073,2045,2066,2041,2078
2043,2044,2022,2066,2051,2038,2033,2079
2041,2037,2016,2050,2048,2008,2009,2066
2043,2031,2012,2034,2016,1998,2015,2058
2050,2028,2014,2027,1944,2013,2038,2056
2044,2032,2029,2006,1886,2022,2038,2050
2042,2038,2040,2029,1950,2035,2049,2040
2048,2041,2043,2040,1978,2036,2036,2033
2048,2034,2036,2038,1981,2026,2038,2015
2039,2033,2033,2043,1985,2026,2052,2011
2038,2027,2021,2039,1997,2027,2047,2010
2029,2027,2025,2039,1984,2038,2045,1997
2025,2035,2035,2038,1969,2052,2028,2003
2030,2045,2045,2040,1955,2051,2029,2001
2039,2060,2051,2042,1955,2049,2040,2007
2049,2059,2044,2042,1961,2024,2039,2010
2048,2056,2040,2044,1994,2003,2030,2014
2056,2051,2035,2053,2050,2027,2047,2024
2055,2045,2030,2064,2067,2049,2053,2022
2055,2042,2028,2063,2062,2057,2046,2026
2057,2042,2036,2060,2055,2062,2049,2025
2049,2042,2036,2060,2055,2056,2041,2024
2036,2029,2024,2048,2056,2051,2037,2018
2032,2025,2026,2048,2076,2057,2045,2035
2036,2043,2034,2059,2088,2057,2062,2047
2040,2054,2040,2067,2091,2060,2042,2059
2054,2057,2040,2066,2068,2057,2047,2070
2059,2063,2044,2069,2054,2053,2050,2069
2068,2071,2047,2068,2053,2047,2046,2086
2069,2074,2049,2067,2056,2051,2041,2094
2067,2068,2039,2064,2076,2059,2049,2087
2053,2062,2036,2063,2105,2069,2059,2090
2047,2048,2034,2050,2087,2069,2059,2081
2039,2045,2035,2046,2078,2072,2067,2084
2043,2064,2049,2058,2079,2077,2073,2080
2046,2065,2055,2057,2087,2069,2064,2065
2042,2058,2049,2055,2046,2073,2050,2054
2041,2060,2052,2052,2007,2074,2052,2041
2042,2054,2049,2044,1992,2067,2052,2038
2038,2049,2044,2033,1989,2055,2053,2032
2044,2045,2049,2031,1985,2027,2043,2032
2046,2048,2056,2050,2022,1993,2045,2032
2046,2045,2069,2065,2057,2000,2065,2031
2048,2048,2065,2066,2056,2012,2055,2028
2049,2044,2062,2066,2068,2022,2063,2024
2044,2042,2063,2071,2077,2032,2061,2019
2050,2039,2055,2081,2079,2042,2062,2012
2048,2046,2052,2083,2079,2052,2050,2008
2043,2041,2039,2086,2068,2048,2042,1994
2042,2031,2030,2078,2060,2052,2043,2000
2037,2025,2024,2077,2064,2065,2050,2011
2044,2036,2036,2089,2067,2090,2055,2012
2044,2043,2042,2092,2053,2096,2050,2007
2038,2045,2041,2070,1997,2098,2045,2004
2039,2046,2038,2064,2015,2106,2060,2009
2038,2060,2042,2073,2061,2104,2060,2020
2049,2059,2046,2061,2101,2080,2057,2036
2057,2070,2043,2040,2119,2064,2060,2038
2054,2063,2037,2034,2084,2061,2067,2043
2052,2064,2037,2026,2059,2053,2068,2052
2047,2057,2030,2014,2057,2049,2067,2058
2045,2053,2030,2006,2057,2052,2069,2075
2055,2054,2042,2015,2063,2055,2068,2072
2052,2057,2049,2024,2058,2051,2059,2080
2056,2052,2049,2022,2043,2039,2077,2084
2050,2042,2040,2022,2052,2029,2046,2076
2041,2028,2035,2024,2047,2025,2041,2082
2037,2037,2033,2028,2050,2035,2035,2082
2043,2036,2042,2036,2047,2028,2038,2070
2037,2039,2055,2042,2046,2022,2026,2061
2039,2040,2056,2050,2040,2022,2012,2057
2038,2049,2059,2045,2045,2029,2032,2052
2039,2054,2047,2046,2041,2036,2034,2042
2047,2054,2037,2040,2036,2047,2031,2042
2051,2056,2038,2040,2038,2045,2034,2027
2047,2052,2037,2039,2043,2053,2039,2018
2046,2052,2033,2044,2050,2055,2027,2011
2048,2049,2034,2044,2039,2044,2011,2012
2049,2048,2035,2046,2031,2032,2018,2006
2047,2053,2044,2049,2028,2032,2021,2001
2047,2053,2041,2044,2030,2036,2029,2006
2048,2050,2034,2044,2032,2035,2020,2014
2047,2039,2023,2040,2026,2033,2012,2006
2042,2033,2015,2030,2019,2032,2016,2004
2042,2037,2014,2031,2030,2038,2025,2004
2040,2035,2013,2029,2033,2046,2035,2004
2038,2037,2020,2030,2044,2053,2029,2001
2030,2029,2013,2025,2044,2053,2039,2001
2028,2026,2012,2028,2047,2055,2026,2004
2024,2029,2029,2035,2051,2056,2033,2013
2031,2030,2044,2044,2050,2054,2032,2021
2035,2036,2053,2051,2053,2060,2031,2040
2045,2043,2064,2058,2056,2062,2034,2041
2040,2048,2063,2065,2065,2068,2033,2051
2042,2042,2050,2062,2060,2064,2046,2061
2040,2034,2037,2058,2058,2064,2052,2071
2033,2038,2040,2060,2062,2060,2054,2075
2039,2046,2050,2068,2060,2046,2048,2082
2045,2054,2048,2071,2058,2037,2034,2084
2043,2046,2050,2074,2049,2023,2035,2082
2048,2050,2054,2072,2053,2018,2034,2088
2051,2064,2067,2078,2054,2025,2018,2081
2057,2067,2065,2078,2056,2034,2030,2080
2060,2065,2067,2074,2051,2043,2033,2080
2057,2065,2070,2067,2042,2045,2058,2070
2054,2059,2062,2064,2042,2042,2045,2062
2048,2058,2050,2043,2045,2039,2057,2052
2050,2062,2047,2040,2048,2049,2054,2041
2061,2068,2047,2044,2053,2055,2032,2039
2057,2065,2048,2053,2054,2052,2026,2034
2053,2060,2044,2047,2045,2056,2034,2025
2059,2047,2038,2036,2042,2057,2059,2034
2054,2042,2023,2030,2043,2054,2050,2020
2043,2037,2022,2013,2027,2038,2048,2015
2040,2036,2022,1991,2021,2040,2047,2014
2044,2039,2034,1993,2020,2032,2032,2002
2031,2038,2037,1988,2016,2032,2019,2006
2038,2040,2030,1980,2026,2042,2036,2022
2054,2059,2038,1988,2036,2046,2038,2025
2056,2061,2033,1996,2038,2045,2031,2022
2045,2061,2032,2008,2044,2047,2037,2034
2052,2058,2030,2024,2054,2053,2051,2039
2048,2054,2041,2032,2061,2057,2081,2045
2048,2057,2043,2041,2065,2056,2068,2048
2050,2054,2042,2055,2072,2056,2077,2059
2050,2056,2047,2065,2073,2049,2073,2061
2055,2056,2054,2068,2074,2057,2062,2069
2051,2061,2053,2068,2066,2047,2068,2080
2051,2064,2047,2068,2057,2041,2071,2093
2056,2056,2040,2060,2058,2038,2070,2099
2060,2056,2044,2052,2054,2040,2068,2091
2059,2055,2046,2056,2043,2041,2071,2092
2049,2059,2044,2054,2038,2033,2053,2090
2039,2058,2056,2046,2034,2031,2058,2080
2039,2063,2059,2039,2037,2031,2057,2087
2049,2063,2052,2023,2033,2038,2060,2088
2054,2055,2039,2008,2037,2034,2052,2075
2054,2045,2024,1995,2026,2032,2048,2068
2051,2048,2029,2002,2024,2035,2045,2067
2052,2046,2026,2003,2022,2026,2045,2064
2046,2042,2027,2003,2022,2021,2043,2056
2048,2050,2042,2005,2031,2028,2040,2048
2057,2059,2051,2013,2034,2036,2053,2044
2056,2063,2058,2021,2037,2035,2057,2044
2051,2058,2056,2022,2035,2040,2043,2037
2050,2057,2056,2022,2031,2047,2064,2026
2052,2055,2054,2031,2033,2054,2065,2020
2045,2054,2059,2036,2045,2044,2046,2018
2047,2051,2052,2046,2039,2049,2050,2016
2049,2051,2041,2043,2034,2038,2048,2006
2040,2043,2045,2045,2033,2029,2048,2008
2046,2057,2058,2050,2045,2034,2056,2017
2048,2056,2055,2055,2045,2041,2052,2025
2056,2060,2067,2071,2052,2045,2052,2026
2060,2059,2075,2084,2046,2048,2045,2029
2058,2057,2072,2084,2045,2044,2046,2034
2054,2059,2065,2079,2050,2044,2053,2036
2059,2061,2068,2087,2053,2050,2065,2043
2059,2060,2066,2087,2070,2053,2058,2050
2058,2054,2055,2086,2064,2055,2069,2058
2059,2052,2053,2086,2066,2051,2068,2065
2045,2044,2042,2082,2073,2060,2080,2077
2046,2047,2033,2085,2068,2057,2078,2081
2048,2042,2032,2079,2068,2059,2075,2086
2051,2045,2031,2070,2056,2049,2060,2088
2057,2052,2021,2055,2044,2037,2059,2089
2043,2038,2006,2034,2031,2032,2057,2089
2038,2035,2005,2018,2034,2033,2057,2091
2051,2055,2014,2019,2033,2039,2047,2086
2046,2050,2014,2012,2027,2040,2018,2080
2046,2035,1993,1992,2028,2043,2028,2073
2045,2032,1990,1997,2079,2032,2039,2065
2035,2040,2002,2017,2078,2024,2052,2063
2047,2050,2020,2025,2051,2012,2036,2054
2046,2059,2041,2034,2008,1999,2048,2038
2042,2059,2051,2033,1971,2001,2016,2031
2044,2059,2065,2044,1976,2024,2025,2024
2045,2058,2081,2057,2017,2044,2031,2035
2051,2062,2091,2063,2011,2042,2059,2036
2054,2067,2088,2053,1990,2060,2070,2032
2054,2054,2082,2063,2020,2080,2077,2022
2055,2045,2074,2062,2044,2077,2052,2025
2043,2048,2068,2054,2050,2064,2047,2011
2039,2048,2073,2067,2072,2067,2050,2001
2047,2050,2073,2072,2085,2077,2071,2010
2056,2051,2062,2071,2072,2070,2064,2016
2054,2048,2048,2057,2055,2069,2065,2028
2061,2044,2044,2050,2012,2053,2051,2029
2055,2053,2054,2052,1999,2046,2062,2033
2053,2063,2065,2061,2011,2056,2065,2042
2060,2062,2062,2054,2017,2059,2065,2049
2063,2064,2052,2035,2026,2053,2053,2054
2062,2058,2058,2039,2023,2056,2044,2064
2060,2063,2064,2027,1998,2049,2039,2065
2060,2062,2058,2014,2002,2041,2049,2076
2055,2055,2054,2022,2060,2044,2038,2068
2040,2052,2054,2037,2120,2049,2042,2082
2043,2061,2062,2056,2153,2054,2055,2090
2051,2058,2056,2063,2163,2054,2051,2083
2045,2041,2049,2049,2149,2043,2051,2082
2038,2038,2044,2048,2140,2035,2030,2086
2042,2056,2059,2064,2149,2051,2053,2092
2047,2055,2059,2069,2146,2056,2065,2087
2045,2054,2049,2062,2072,2037,2062,2077
2047,2053,2049,2051,1931,2016,2029,2066
2055,2060,2062,2053,1926,2016,2049,2060
2050,2056,2055,2047,1974,2023,2037,2047
2044,2043,2046,2050,1999,2019,2050,2041
2050,2043,2047,2049,2015,2022,2045,2034
2051,2049,2049,2046,2017,2033,2082,2036
2053,2047,2048,2051,2026,2040,2085,2038
2053,2046,2045,2051,2029,2047,2066,2036
2051,2033,2044,2049,2034,2045,2069,2027
2045,2033,2031,2045,2029,2048,2049,2024
2042,2032,2035,2043,2029,2047,2052,2031
2056,2043,2044,2054,2030,2050,2046,2022
2046,2041,2039,2049,2031,2046,2037,2014
2036,2038,2031,2042,2023,2039,2030,2005
2041,2043,2038,2053,2035,2041,2029,2018
2047,2044,2029,2053,2034,2041,2036,2018
2055,2053,2029,2059,2043,2045,2036,2025
2057,2062,2036,2066,2047,2048,2026,2032
2060,2067,2044,2065,2057,2063,2020,2032
2060,2077,2048,2070,2066,2072,2040,2022
2061,2068,2045,2069,2061,2068,2034,2027
2058,2063,2037,2060,2055,2056,2019,2040
2051,2052,2038,2060,2058,2057,2014,2052
2045,2054,2033,2064,2051,2054,2036,2056
2040,2048,2031,2059,2055,2067,2022,2072
2048,2053,2040,2060,2061,2060,2059,2082
2055,2051,2042,2063,2054,2058,2032,2090
2046,2050,2046,2064,2048,2058,2045,2083
2045,2052,2047,2063,2045,2052,2046,2076
2041,2036,2034,2050,2039,2042,2036,2077
2033,2038,2028,2054,2036,2038,2031,2081
2040,2045,2038,2059,2037,2039,2034,2078
2038,2044,2047,2052,2038,2029,2025,2076
2047,2048,2046,2056,2030,2025,2018,2073
2052,2045,2053,2056,2025,2032,2021,2064
2052,2055,2043,2057,2026,2038,2026,2061
2053,2054,2041,2050,2033,2040,2011,2045
2054,2050,2045,2054,2024,2039,2020,2039
2052,2055,2055,2060,2030,2043,2016,2028
2053,2051,2048,2061,2036,2048,2040,2022
2052,2053,2053,2062,2043,2044,2039,2029
2053,2057,2058,2067,2050,2049,2052,2029
2054,2053,2058,2064,2043,2040,2046,2026
2047,2050,2057,2066,2045,2042,2040,2020
2054,2050,2066,2071,2050,2043,2030,2011
2057,2053,2063,2060,2037,2039,2025,2008
2052,2042,2053,2056,2038,2037,2032,2010
2045,2033,2047,2058,2044,2042,2026,2013
2049,2046,2066,2076,2054,2051,2040,2014
2053,2046,2077,2081,2060,2052,2049,2014
2051,2046,2081,2086,2060,2053,2050,2020
2047,2049,2081,2088,2065,2058,2046,2028
2054,2053,2081,2084,2069,2060,2072,2033
2047,2052,2075,2080,2067,2056,2070,2033
2054,2051,2071,2078,2068,2056,2075,2046
2053,2052,2063,2081,2056,2051,2067,2050
2056,2047,2066,2076,2057,2046,2071,2063
2050,2047,2064,2075,2061,2044,2067,2068
2050,2051,2059,2073,2065,2043,2068,2078
2044,2050,2052,2072,2062,2038,2042,2083
2049,2048,2055,2069,2061,2039,2039,2091
2047,2050,2044,2066,2052,2028,2045,2091
2049,2041,2040,2050,2047,2026,2030,2086
2040,2038,2031,2040,2046,2033,2030,2090
2050,2044,2037,2041,2046,2039,2032,2090
2052,2046,2028,2031,2051,2043,2041,2088
2054,2042,2027,2023,2046,2039,2045,2085
2055,2046,2024,2025,2051,2035,2038,2078
2053,2049,2032,2032,2053,2041,2026,2067
2057,2056,2044,2053,2051,2045,2044,2060
2058,2058,2054,2062,2050,2047,2039,2046
2064,2059,2064,2072,2054,2043,2042,2031
2059,2055,2075,2077,2057,2053,2037,2030
2059,2054,2081,2080,2062,2061,2044,2030
2061,2058,2082,2084,2060,2062,2038,2024
2055,2061,2078,2086,2062,2058,2050,2024
2063,2055,2068,2082,2058,2049,2047,2021
2057,2056,2071,2085,2051,2040,2049,2017
2058,2058,2067,2084,2050,2053,2042,2017
2053,2053,2053,2080,2042,2053,2048,2007
2053,2049,2055,2078,2047,2042,2055,2022
2064,2053,2052,2087,2059,2055,2064,2020
2063,2052,2050,2082,2053,2064,2073,2022
2056,2050,2038,2063,2046,2068,2064,2022
2055,2042,2025,2046,2035,2057,2060,2023
2058,2038,2019,2031,2029,2037,2046,2025
2055,2038,2011,2022,2031,2039,2059,2028
2056,2042,2022,2021,2039,2050,2065,2039
2065,2051,2029,2020,2049,2060,2058,2054
2065,2052,2027,2026,2050,2071,2063,2069
2064,2056,2034,2025,2055,2076,2081,2077
2070,2051,2036,2030,2062,2056,2064,2082
2060,2049,2035,2032,2050,2052,2062,2087
2056,2041,2032,2031,2047,2037,2047,2088
2058,2046,2038,2033,2046,2028,2065,2093
2053,2043,2035,2028,2039,2010,2022,2092
2045,2040,2030,2033,2026,1992,2021,2089
2042,2039,2028,2030,2017,1997,2019,2090
2050,2047,2040,2033,2023,2010,2015,2086
2053,2055,2055,2041,2024,2007,2023,2077
2056,2060,2061,2044,2037,2030,2020,2080
2058,2060,2059,2048,2040,2027,2039,2075
2061,2061,2051,2050,2037,2035,2036,2060
2059,2054,2047,2043,2033,2039,2029,2046
2053,2048,2044,2040,2040,2048,2027,2035
2052,2050,2052,2051,2041,2058,2035,2033
2054,2051,2052,2054,2050,2062,2032,2028
2054,2044,2045,2047,2064,2062,2044,2023
2049,2042,2045,2045,2067,2067,2048,2022
2045,2035,2041,2048,2062,2057,2021,2012
2049,2038,2040,2044,2051,2054,2019,2014
2051,2045,2039,2045,2039,2052,2031,2017
2055,2043,2037,2042,2028,2051,2032,2010
2049,2041,2034,2045,2037,2054,2060,2019
2049,2050,2044,2052,2052,2054,2051,2021
2056,2053,2044,2047,2052,2039,2033,2014
2054,2055,2044,2045,2038,2049,2037,2016
2054,2049,2046,2046,2025,2058,2037,2018
2060,2045,2045,2045,2003,2075,2035,2022
2046,2047,2045,2031,1977,2075,2035,2026
2053,2043,2040,2034,1971,2049,2040,2039
2061,2041,2041,2045,1982,2023,2055,2050
2062,2040,2048,2045,1997,1998,2048,2058
2064,2049,2052,2042,2030,1994,2055,2060
2066,2055,2060,2049,2055,2003,2045,2073
2065,2057,2059,2044,2065,2002,2033,2080
2062,2053,2060,2045,2068,2016,2039,2089
2062,2060,2062,2052,2091,2036,2034,2095
2058,2055,2054,2055,2104,2048,2033,2089
2045,2044,2046,2046,2101,2058,2060,2089
2036,2038,2040,2033,2082,2056,2054,2085
2042,2043,2037,2028,2073,2062,2060,2084
2043,2046,2042,2032,2068,2066,2078,2070
2049,2052,2046,2040,2060,2057,2081,2071
2050,2046,2048,2036,2059,2047,2063,2064
2046,2041,2045,2042,2070,2055,2063,2052
2042,2036,2046,2044,2069,2060,2079,2044
2043,2042,2047,2044,2065,2065,2081,2035
2040,2050,2042,2040,2059,2060,2058,2029
2053,2045,2038,2040,2059,2063,2075,2030
2056,2046,2047,2044,2062,2080,2083,2029
2051,2047,2040,2048,2074,2085,2057,2026
2060,2050,2048,2046,2075,2095,2065,2025
2056,2050,2051,2049,2076,2099,2068,2028
2056,2053,2046,2051,2084,2093,2087,2030
2060,2051,2051,2045,2073,2079,2073,2019
2048,2040,2039,2036,2053,2065,2047,2014
2047,2036,2036,2043,2052,2077,2037,2012
2049,2048,2049,2053,2073,2082,2071,2010
2048,2046,2052,2055,2078,2087,2071,2015
2048,2044,2053,2054,2073,2074,2072,2014
2050,2038,2053,2054,2068,2067,2063,2014
2049,2037,2049,2052,2060,2063,2062,2020
2043,2042,2044,2053,2064,2048,2042,2023
2041,2041,2045,2054,2066,2020,2051,2030
2041,2036,2043,2049,2066,2007,2049,2032
2032,2036,2042,2045,2059,1989,2046,2040
2037,2037,2040,2041,2047,1978,2037,2048
2038,2035,2047,2040,2055,1972,2049,2065
2041,2035,2048,2042,2052,1988,2042,2063
2034,2040,2050,2043,2052,2008,2048,2070
2035,2038,2050,2045,2055,2021,2046,2083
2037,2045,2053,2033,2041,2022,2022,2078
2031,2037,2046,2036,2049,2020,2029,2095
2038,2044,2049,2039,2040,2025,2031,2088
2051,2053,2057,2042,2032,2022,2039,2086
2057,2060,2063,2037,2029,2017,2043,2079
2054,2063,2065,2035,2030,2021,2038,2076
2057,2072,2067,2037,2034,2029,2055,2077
2065,2068,2062,2039,2028,2029,2056,2074
2059,2058,2060,2036,2016,2025,2024,2058
2059,2057,2061,2036,2023,2024,2055,2053
2062,2057,2065,2035,2024,2025,2054,2045
2053,2048,2056,2042,2020,2028,2043,2034
2047,2043,2058,2043,2016,2015,2041,2035
2045,2039,2055,2033,2006,2004,2050,2041
2045,2040,2050,2034,2008,1999,2067,2041
2038,2041,2053,2045,2018,2012,2060,2037
2043,2041,2055,2048,2036,2038,2061,2029
2038,2032,2044,2027,2034,2078,2059,2010
2034,2027,2034,2033,2064,2112,2058,2013
2029,2044,2056,2058,2099,2117,2062,2022
2042,2054,2060,2061,2086,2092,2060,2027
2042,2052,2060,2047,2068,2053,2051,2037
2043,2043,2052,2040,2059,1980,2047,2040
2044,2044,2051,2036,2055,1970,2044,2041
2045,2053,2063,2052,2080,1995,2055,2036
2052,2057,2066,2064,2083,2020,2054,2048
2052,2055,2066,2067,2086,2035,2053,2060
2054,2056,2064,2062,2068,2050,2065,2070
2047,2056,2065,2062,2041,2060,2064,2075
2049,2058,2063,2058,2025,2044,2060,2081
2043,2046,2060,2050,2040,2026,2049,2080
2040,2044,2056,2049,2063,2014,2043,2082
2037,2043,2054,2055,2073,2012,2044,2088
2043,2045,2052,2053,2053,2026,2045,2085
2033,2041,2042,2040,2035,2031,2037,2085
2033,2042,2043,2034,2051,2032,2032,2088
2042,2053,2050,2038,2052,2039,2033,2080
2038,2046,2045,2033,2047,2055,2043,2068
2035,2043,2038,2029,2034,2078,2046,2064
2032,2042,2033,2027,2032,2068,2057,2056
2034,2037,2033,2030,2027,2059,2035,2043
2035,2035,2031,2033,2031,2048,2015,2035
2030,2037,2031,2033,2038,2045,2035,2027
2032,2043,2038,2036,2034,2044,2033,2022
2031,2044,2048,2041,2033,2048,2045,2025
2037,2052,2049,2045,2049,2051,2052,2024
2038,2044,2042,2047,2035,2045,2033,2021
2040,2042,2034,2040,2015,2041,2050,2013
2037,2037,2030,2043,2024,2050,2026,2011
2042,2035,2033,2046,2040,2052,2013,2016
2039,2033,2029,2046,2030,2045,2032,2009
2034,2025,2026,2042,2030,2043,2037,2006
2031,2025,2025,2041,2035,2051,2050,2018
2042,2034,2036,2049,2036,2044,2041,2020
2039,2034,2032,2048,2037,2037,2037,2014
2039,2037,2038,2050,2045,2038,2039,2012
2041,2043,2040,2058,2064,2052,2033,2023
2045,2044,2037,2051,2074,2057,2053,2037
2055,2039,2046,2056,2074,2059,2054,2041
2049,2050,2049,2055,2062,2057,2055,2041
2047,2048,2062,2060,2064,2056,2055,2049
2042,2057,2058,2059,2062,2065,2053,2067
2041,2062,2063,2057,2056,2070,2052,2076
2049,2064,2070,2057,2062,2067,2057,2091
2050,2059,2064,2056,2051,2074,2059,2091
2054,2055,2062,2047,2052,2067,2056,2097
2049,2057,2056,2050,2051,2066,2063,2101
2049,2051,2050,2041,2045,2064,2062,2098
2037,2042,2049,2044,2047,2062,2064,2101
2035,2041,2055,2046,2044,2053,2066,2105
2043,2052,2057,2048,2042,2037,2032,2092
2050,2051,2061,2050,2039,2021,2044,2090
2053,2056,2065,2050,2036,2018,2031,2081
2053,2053,2060,2050,2029,2018,2043,2064
2047,2051,2060,2052,2034,2014,2036,2057
2040,2047,2057,2052,2028,2020,2044,2047
2046,2039,2051,2044,2024,2020,2032,2049
2052,2044,2061,2050,2034,2023,2030,2037
2050,2053,2068,2056,2031,2029,2047,2025
2044,2047,2061,2054,2033,2027,2042,2015
2040,2041,2052,2048,2032,2024,2034,2020
2042,2030,2048,2047,2043,2028,2036,2016
2032,2040,2055,2054,2041,2025,2035,2010
2042,2047,2064,2057,2041,2026,2014,2007
2027,2038,2048,2053,2030,2026,2044,2002
2018,2038,2056,2047,2031,2032,2028,2005
2034,2054,2068,2066,2041,2037,2049,2020
2048,2053,2069,2063,2047,2033,2049,2024
2043,2054,2061,2060,2050,2032,2059,2026
2050,2060,2068,2067,2050,2042,2065,2025
2051,2063,2072,2072,2057,2052,2054,2028
2040,2063,2077,2071,2064,2060,2060,2033
2041,2056,2068,2064,2054,2068,2051,2044
2037,2045,2060,2061,2058,2084,2061,2052
2038,2045,2053,2055,2063,2084,2062,2065
2039,2042,2051,2058,2057,2086,2054,2061
2035,2042,2056,2060,2062,2091,2042,2060
2027,2043,2050,2059,2059,2071,2036,2064
2028,2038,2049,2046,2057,2061,2034,2064
2024,2038,2043,2042,2056,2069,2031,2077
2032,2043,2046,2041,2060,2073,2049,2084
2028,2035,2037,2033,2051,2073,2042,2084
2029,2038,2035,2029,2058,2065,2065,2096
2045,2053,2040,2038,2056,2061,2049,2092
2046,2053,2042,2037,2053,2052,2055,2085
2044,2049,2037,2036,2055,2049,2037,2073
2035,2042,2032,2036,2050,2045,2040,2066
2040,2047,2031,2037,2048,2050,2051,2054
2045,2053,2031,2041,2053,2057,2024,2054
2043,2056,2027,2041,2053,2057,2027,2043
2046,2062,2027,2041,2052,2053,2035,2037
2049,2055,2023,2046,2048,2057,2017,2031
2052,2060,2027,2043,2043,2045,2015,2021
2053,2064,2033,2045,2045,2040,2024,2017
2042,2061,2040,2042,2045,2035,2032,2017
2044,2061,2042,2038,2037,2032,2038,2013
2041,2056,2047,2043,2042,2040,2039,2012
2038,2056,2047,2040,2038,2044,2041,2010
2029,2043,2043,2032,2038,2047,2055,2017
2037,2040,2051,2039,2046,2055,2080,2029
2052,2063,2067,2045,2052,2060,2079,2029
2057,2070,2081,2052,2055,2047,2058,2019
2056,2073,2088,2051,2038,2017,2051,2025
2053,2077,2088,2058,2039,2019,2052,2039
2062,2079,2089,2057,2045,2027,2051,2043
2066,2069,2087,2057,2052,2035,2062,2051
2057,2066,2078,2056,2057,2034,2050,2057
2058,2069,2082,2057,2069,2034,2074,2060
2069,2069,2082,2062,2068,2039,2046,2060
2063,2060,2078,2056,2066,2051,2058,2062
2054,2054,2064,2052,2067,2049,2050,2068
2038,2047,2066,2049,2056,2050,2035,2077
2043,2047,2060,2044,2049,2053,2046,2085
2038,2042,2052,2043,2055,2072,2058,2089
2039,2036,2045,2039,2057,2075,2059,2084
2033,2034,2049,2040,2057,2079,2062,2088
2045,2054,2064,2048,2065,2075,2054,2096
2054,2058,2058,2044,2051,2060,2056,2081
2048,2055,2049,2043,2052,2046,2045,2085
2053,2055,2052,2040,2043,2043,2043,2073
2055,2054,2050,2042,2035,2053,2040,2057
2055,2059,2063,2050,2046,2059,2042,2052
2051,2059,2064,2055,2049,2057,2032,2042
2052,2057,2054,2055,2044,2048,2038,2029
2046,2045,2050,2044,2036,2041,2046,2024
2038,2042,2041,2041,2038,2050,2035,2014
2039,2041,2048,2048,2046,2053,2059,2017
2040,2053,2053,2054,2046,2054,2042,2017
2047,2052,2055,2050,2047,2064,2050,2022
2046,2051,2054,2048,2052,2062,2059,2019
2047,2050,2054,2050,2046,2070,2059,2016
2034,2044,2040,2042,2042,2065,2050,2003
2036,2036,2040,2039,2035,2071,2074,2005
2040,2046,2044,2053,2056,2080,2071,2007
2045,2048,2043,2051,2068,2076,2065,2005
2042,2048,2047,2059,2067,2054,2052,2007
2039,2046,2043,2052,2051,2032,2042,2007
2040,2047,2051,2055,2053,2013,2048,2020
2047,2052,2048,2048,2049,2009,2029,2029
2048,2050,2052,2048,2048,2013,2044,2034
2050,2055,2051,2047,2052,2022,2064,2043
2053,2055,2056,2047,2060,2028,2072,2052
2054,2050,2047,2044,2053,2034,2067,2059
2050,2052,2043,2044,2059,2053,2055,2072
2047,2053,2050,2042,2055,2043,2050,2079
2051,2056,2050,2045,2052,2040,2059,2085
2054,2048,2046,2042,2045,2047,2048,2083
2052,2052,2044,2041,2045,2051,2038,2084
2039,2040,2034,2035,2027,2053,2061,2080
2043,2039,2034,2027,2026,2043,2035,2090
2054,2052,2041,2037,2031,2017,2053,2082
2054,2055,2049,2044,2037,1976,2056,2077
2045,2055,2046,2045,2036,1969,2051,2068
2044,2051,2039,2036,2026,1982,2045,2056
2046,2053,2047,2037,2027,2000,2035,2033
2043,2051,2041,2027,2025,2021,2027,2019
2040,2049,2046,2043,2057,2046,2029,2012
2044,2050,2047,2052,2055,2040,2024,2015
2038,2046,2043,2047,2048,2044,2040,1999
2038,2041,2038,2046,2046,2079,2042,2005
2043,2044,2034,2038,2045,2105,2056,2008
2051,2040,2036,2027,2015,2131,2067,2013
2042,2046,2035,2023,1987,2134,2058,2008
2049,2047,2037,2025,2008,2119,2057,2004
2054,2050,2042,2028,2016,2081,2048,1999
2047,2044,2032,2031,2040,2034,2050,2007
2047,2036,2037,2046,2087,2035,2074,2017
2052,2052,2048,2070,2137,2041,2071,2020
2054,2049,2041,2066,2141,2038,2061,2006
2047,2042,2029,2058,2136,2050,2046,2004
2047,2043,2043,2065,2176,2064,2067,2017
2047,2056,2045,2078,2201,2074,2085,2024
2046,2055,2047,2082,2179,2100,2090,2038
2049,2059,2045,2066,2038,2077,2096,2044
2052,2060,2048,2052,1969,2027,2074,2037
2055,2062,2046,2054,2010,2006,2055,2040
2039,2055,2040,2056,2043,1981,2035,2039
2044,2052,2040,2050,2045,1981,2026,2043
2037,2044,2040,2044,2041,1999,2014,2054
2036,2047,2043,2044,2043,2003,2042,2056
2029,2048,2046,2048,2052,2018,2055,2072
2037,2043,2046,2042,2074,2018,2055,2067
2042,2040,2045,2045,2091,2028,2049,2071
2042,2052,2062,2047,2098,2042,2058,2064
2050,2066,2058,2047,2098,2043,2064,2062
2043,2060,2052,2039,2068,2032,2055,2053
2038,2056,2056,2022,2003,2021,2048,2046
2037,2047,2050,2019,1976,2025,2053,2037
2036,2049,2046,2022,1988,2022,2046,2027
2037,2044,2048,2026,1990,2021,2044,2025
2042,2041,2045,2032,2018,2031,2056,2022
2039,2048,2045,2029,2010,2056,2054,2012
2037,2044,2043,2024,1986,2091,2064,2007
2037,2051,2039,2022,1989,2112,2067,2006
2041,2046,2037,2026,1994,2122,2050,2007
2038,2051,2046,2021,1990,2107,2051,2012
2044,2056,2049,2029,1998,2064,2043,2021
2048,2065,2063,2045,2038,2024,2073,2031
2054,2061,2060,2045,2054,2036,2092,2024
2048,2061,2054,2047,2045,2054,2077,2025
2051,2064,2059,2046,2034,2068,2100,2022
2048,2058,2057,2046,2026,2067,2093,2020
2048,2059,2056,2040,2038,2066,2099,2022
2041,2057,2050,2032,2055,2069,2071,2027
2044,2050,2046,2040,2066,2059,2066,2031
2040,2050,2047,2045,2067,2056,2076,2027
2046,2048,2041,2042,2059,2062,2070,2032
2047,2048,2043,2037,2048,2055,2065,2039
2041,2044,2046,2038,2056,2049,2068,2051
2039,2044,2044,2035,2045,2046,2073,2056
2035,2037,2043,2027,2009,2042,2078,2064
2038,2042,2043,2026,2011,2043,2062,2075
2045,2042,2042,2037,2065,2067,2079,2083
2042,2049,2041,2037,2116,2079,2068,2076
2040,2052,2037,2040,2141,2083,2060,2076
2034,2042,2034,2037,2144,2069,2066,2074
2037,2046,2031,2033,2100,2072,2043,2071
2034,2056,2040,2030,2060,2066,2043,2058
2031,2047,2031,2024,2026,2054,2035,2049
2024,2037,2027,2012,2026,2037,2020,2034
2028,2042,2031,2010,1995,2010,2023,2034
2030,2041,2042,2008,1946,1983,2027,2040
2042,2049,2050,2033,1989,1994,2025,2034
2047,2050,2044,2040,2014,2002,2043,2023
2041,2047,2036,2034,2009,2001,2031,2009
2039,2045,2045,2025,2005,2009,2038,2004
2045,2047,2046,2031,2015,2019,2030,2006
2042,2056,2051,2034,2035,2030,2040,2010
2052,2059,2064,2038,2064,2033,2031,2008
2056,2059,2057,2044,2101,2039,2038,2005
2050,2053,2055,2053,2114,2047,2044,2007
2047,2053,2050,2062,2119,2046,2059,2006
2047,2044,2050,2063,2111,2043,2057,2017
2051,2051,2064,2070,2115,2035,2066,2015
2053,2057,2059,2066,2130,2032,2064,2010
2050,2060,2054,2072,2152,2033,2062,2016
2056,2063,2059,2081,2156,2051,2078,2020
2057,2064,2060,2068,2136,2048,2083,2023
2055,2066,2059,2048,2073,2036,2083,2031
2048,2068,2056,2041,2037,2025,2075,2032
2050,2063,2052,2025,2023,2024,2070,2036
2043,2062,2054,2010,2000,2034,2081,2040
2043,2052,2054,2008,1994,2048,2071,2036
2037,2041,2048,2014,2033,2048,2075,2044
2033,2029,2044,2022,2058,2068,2068,2061
2042,2044,2042,2022,2046,2062,2076,2063
2036,2039,2034,2024,2050,2054,2073,2067
2037,2040,2032,2029,2035,2037,2059,2076
2038,2037,2022,2015,1990,2005,2032,2078
2039,2039,2018,2000,1941,1979,2035,2078
2047,2051,2034,2008,1979,2007,2066,2073
2050,2062,2030,2014,2000,2037,2065,2067
2054,2053,2044,2015,1910,2045,2062,2046
2050,2063,2047,2019,1898,2043,2056,2046
2049,2060,2041,2031,1966,2029,2050,2035
2043,2044,2038,2040,2032,2028,2029,2016
2035,2039,2032,2046,2091,2019,2038,2004
2026,2029,2025,2050,2089,2014,2041,2010
2031,2017,2016,2042,2093,2013,2041,2015
2030,2013,2008,2033,2106,2022,2044,2008
2020,2010,2004,2028,2100,2031,2049,1983
2019,2006,1996,2022,2084,2029,2054,1980
2016,2002,1987,2009,2076,2026,2042,1983
2023,1993,1981,2005,2054,2024,2044,1982
2024,1994,1997,2005,2057,2041,2049,1984
2023,2015,2028,2028,2060,2049,2058,1997
2037,2047,2060,2032,2055,2046,2082,2007
2046,2077,2078,2045,2067,2053,2082,2011
2048,2077,2068,2036,2089,2050,2078,2012
2040,2062,2050,2033,2083,2049,2070,2013
2050,2059,2050,2035,2079,2055,2062,2007
2042,2059,2046,2029,2077,2060,2065,2013
2043,2065,2041,2017,2078,2072,2063,2018
2046,2067,2026,2018,2088,2082,2071,2025
2063,2065,2025,2018,2085,2081,2060,2026
2050,2059,2021,2022,2058,2042,2056,2039
2060,2067,2030,2020,1999,2021,2047,2048
2057,2063,2022,1998,1878,1991,2038,2045
2046,2049,2004,1968,1839,1975,2036,2050
2034,2033,2001,1971,1894,1981,2023,2060
2041,2041,2013,2018,2024,2004,2057,2069
2047,2047,2037,2066,2121,2028,2044,2064
2033,2037,2046,2087,2147,2058,2042,2062
2039,2037,2064,2102,2141,2074,2035,2062
2040,2048,2088,2107,2101,2058,2033,2064
2041,2060,2103,2101,2078,2039,2031,2054
2033,2060,2114,2094,2059,2040,2034,2049
2042,2068,2127,2091,2051,2051,2039,2041
2041,2064,2123,2088,2047,2054,2046,2035
2047,2065,2120,2094,2053,2048,2054,2031
2059,2068,2116,2100,2069,2043,2061,2029
2057,2086,2116,2106,2070,2031,2067,2026
2057,2084,2106,2102,2062,2019,2073,2031
2058,2089,2094,2097,2051,2019,2065,2025
2056,2084,2075,2083,2045,2015,2045,2006
2052,2082,2064,2073,2038,2028,2049,2006
2048,2071,2041,2049,2043,2044,2050,1998
2044,2065,2034,2027,2045,2036,2044,1997
2044,2053,2021,1998,2023,2001,2036,1999
2038,2041,2016,1964,1974,1973,2026,2003
2031,2044,2021,1935,1892,1951,2022,2010
2045,2051,2012,1922,1890,1947,2039,2010
2048,2041,1993,1914,1903,1956,2024,2008
2045,2033,2001,1938,1941,1992,2011,2009
2053,2047,2024,1969,2003,2043,2036,2019
2054,2056,2039,2011,2091,2081,2057,2027
2058,2064,2057,2047,2160,2091,2072,2032
2056,2066,2061,2054,2177,2079,2072,2047
2054,2067,2050,2048,2209,2089,2083,2048
2055,2063,2033,2042,2205,2108,2076,2057
2048,2050,2024,2033,2163,2121,2069,2055
2041,2048,2022,2040,2160,2107,2072,2057
2036,2045,2038,2060,2153,2105,2059,2060
2043,2051,2050,2069,2130,2078,2047,2074
2039,2049,2056,2086,2126,2088,2044,2071
2031,2041,2050,2081,2112,2102,2045,2073
2033,2041,2049,2068,2032,2089,2036,2065
2038,2052,2057,2060,1937,2070,2051,2063
2044,2055,2056,2075,1956,2055,2061,2053
2050,2057,2064,2093,2020,2034,2058,2053
2051,2062,2055,2105,2078,2027,2065,2053
2048,2064,2053,2108,2115,2053,2077,2051
2057,2064,2049,2108,2098,2064,2072,2048
2059,2057,2031,2083,2054,2058,2073,2047
2064,2047,2019,2055,2012,2044,2056,2023
2056,2040,2018,2044,1988,2037,2049,2012
2047,2032,2006,2030,2015,2027,2013,2001
2029,2018,1988,2003,1996,2002,2007,1993
2017,2000,1959,1954,1938,1983,2002,1985
2016,2006,1970,1934,1936,1998,2025,1995
2034,2034,1994,1952,1967,2035,2047,2004
2050,2057,2019,1975,2018,2042,2056,2005
2050,2060,2040,1991,2022,2031,2035,1998
2054,2071,2049,2003,2017,2029,2044,2003
2065,2088,2076,2010,2018,2036,2039,2006
2065,2076,2073,2016,2012,2063,2048,2011
2055,2072,2077,2028,2017,2086,2050,2019
2060,2078,2083,2037,2016,2073,2071,2017
2057,2078,2080,2042,2031,2068,2059,2017
2055,2067,2074,2042,2029,2061,2066,2020
2051,2057,2066,2035,2031,2059,2070,2029
2053,2058,2061,2027,2016,2065,2066,2049
2050,2055,2066,2029,2076,2088,2072,2060
2050,2049,2058,2024,2121,2103,2074,2062
2049,2038,2056,2030,2148,2113,2074,2065
2036,2033,2047,2025,2140,2074,2056,2057
2029,2027,2046,2028,2139,2052,2032,2058
2028,2036,2048,2024,2062,2012,2035,2057
2023,2035,2043,1998,1931,1962,2018,2045
2020,2025,2040,2014,1958,1973,2001,2051
2025,2028,2043,2039,2020,1993,2023,2057
2027,2044,2054,2031,2024,2015,2016,2048
2030,2050,2043,2028,2003,2043,2007,2039
2031,2045,2045,2029,2006,2064,2027,2041
2034,2051,2054,2043,2034,2081,2038,2041
2049,2070,2073,2061,2054,2060,2046,2052
2060,2076,2073,2071,2073,2068,2055,2051
2062,2075,2066,2076,2086,2083,2053,2036
2064,2076,2065,2071,2074,2109,2053,2027
2056,2067,2059,2063,2048,2119,2064,2023
2049,2061,2054,2050,2007,2106,2067,2020
2046,2059,2049,2009,1955,2041,2044,2002
2038,2055,2045,1991,2021,1996,2036,1989
2022,2045,2038,1997,2062,2006,2035,1994
2026,2045,2041,2009,2065,2041,2043,1987
2027,2040,2039,2009,2073,2057,2050,1983
2032,2044,2048,2022,2072,2081,2074,2010
2048,2062,2057,2044,2091,2105,2089,2029
2067,2075,2067,2049,2069,2107,2087,2041
2063,2066,2067,2036,2007,2080,2091,2035
2064,2066,2060,2020,1916,2041,2082,2035
2067,2062,2052,1995,1825,2011,2080,2034
2062,2049,2031,1986,1742,1985,2041,2032
2048,2036,2020,1994,1837,2003,2017,2026
2038,2042,2031,2023,1983,2049,2047,2029
2054,2070,2062,2066,2093,2104,2058,2052
2074,2090,2085,2101,2171,2137,2070,2069
2080,2082,2079,2108,2264,2159,2081,2074
2068,2056,2052,2094,2337,2156,2062,2057
2044,2042,2041,2062,2310,2133,2054,2054
2038,2042,2040,2049,2149,2090,2052,2063
2038,2039,2032,2023,2005,2052,2032,2055
2027,2029,2020,2008,1916,2040,2020,2052
2027,2024,2025,2020,1909,2039,2029,2058
2037,2034,2039,2045,1964,2061,2034,2062
2040,2028,2030,2038,1960,2046,2030,2059
2025,2017,2025,2040,1997,1976,2022,2042
2021,2026,2024,2043,2103,1954,2034,2037
2020,2034,2019,2047,2174,1977,2030,2047
2028,2027,2006,2049,2184,1999,2033,2048
2032,2013,2005,2048,2157,2023,2046,2026
2040,2030,2024,2050,2103,2051,2052,2013
2046,2036,2026,2056,2062,2061,2050,2004
2046,2042,2027,2052,2044,2043,2042,2010
2046,2041,2021,2039,2013,2018,2039,2010
2044,2026,2009,2011,1909,1997,2040,2013
2044,2021,2010,2020,1919,2014,2027,2005
2042,2022,2013,2038,1955,2012,2019,1983
2016,2011,2011,2027,1938,1996,2005,1975
2011,2001,2000,2019,1905,1983,2018,1985
2031,2021,2012,2025,1896,1981,2025,2011
2054,2033,2032,2038,1898,1985,2016,2013
2058,2030,2029,2032,1919,2009,2030,2012
2043,2033,2036,2043,1968,2040,2045,2022
2049,2050,2048,2052,2022,2052,2027,2034
2062,2059,2049,2050,2028,2061,2034,2023
2056,2058,2049,2057,2071,2077,2027,2021
2049,2050,2048,2068,2114,2079,2048,2016
2038,2048,2056,2078,2127,2074,2028,2027
2039,2053,2060,2073,2127,2057,2044,2037
2029,2044,2065,2074,2122,2050,2042,2053
2043,2047,2062,2059,2085,2039,2035,2070
2045,2045,2055,2047,2073,2044,2041,2075
2042,2033,2042,2035,2096,2063,2028,2070
2029,2030,2043,2045,2126,2093,2029,2069
2041,2035,2044,2048,2126,2096,2034,2082
2046,2022,2041,2037,2093,2083,2048,2090
2050,2016,2036,2045,2098,2075,2059,2091
2058,2034,2060,2066,2117,2034,2076,2100
2061,2049,2076,2088,2114,2034,2058,2089
2057,2056,2079,2080,2060,2041,2031,2083
2055,2069,2082,2083,2059,2050,2054,2064
2057,2060,2063,2064,2054,2067,2049,2045
2049,2037,2044,2049,2061,2103,2069,2041
2063,2038,2048,2048,2133,2124,2077,2053
2065,2053,2047,2058,2166,2128,2074,2058
2062,2058,2040,2041,2129,2096,2059,2041
2054,2059,2042,1999,1960,2029,2017,2024
2067,2060,2043,1989,1925,1986,2007,2022
2076,2069,2052,2002,1955,1973,2015,2006
2079,2085,2054,1999,1979,1958,1996,1993
2084,2092,2057,1993,1929,1932,2005,1994
2089,2076,2045,2016,2023,1957,2019,1995
2074,2035,2026,2010,2056,2003,2015,1988
2059,2034,2032,2026,2099,2065,2041,2000
2067,2033,2037,2028,2017,2074,2045,2011
2031,2022,2036,2019,1928,2059,2033,2015
2014,2029,2046,2031,1910,2061,2059,2021
2029,2043,2043,2046,1914,2084,2058,2022
2044,2054,2045,2061,1987,2108,2044,2038
2052,2060,2045,2092,2052,2134,2067,2044
2064,2072,2055,2091,2070,2148,2069,2045
2074,2069,2058,2054,2001,2130,2064,2046
2071,2061,2052,2046,2007,2113,2048,2054
2066,2046,2049,2056,2084,2116,2054,2064
2058,2042,2049,2062,2115,2091,2058,2071
2049,2037,2039,2055,2098,2011,2041,2069
2022,2025,2031,2037,2055,1968,2028,2079
2020,2025,2028,2041,2130,1990,2033,2078
2019,2019,2019,2023,2093,1999,2036,2067
2030,2026,2028,2038,2075,2029,2041,2092
2054,2041,2035,2059,2120,2068,2074,2083
2044,2041,2039,2062,2113,2065,2064,2075
2031,2040,2036,2050,2063,2053,2040,2062
2031,2034,2030,2038,2043,2039,2045,2051
2033,2040,2034,2040,2053,2019,2037,2054
2047,2040,2032,2049,2064,1996,2058,2070
2063,2032,2021,2052,2075,2001,2051,2064
2058,2028,2016,2045,2075,2029,2075,2057
2062,2039,2038,2040,2070,2053,2056,2036
2048,2061,2065,2049,2069,2080,2061,2015
2024,2049,2064,2033,2033,2078,2064,2008
2019,2043,2064,2024,1992,2058,2046,2018
2040,2046,2072,2029,1970,2056,2047,2020
2058,2042,2057,2015,1939,2034,2050,2025
2049,2032,2037,2004,1927,2006,2037,2028
2051,2044,2034,2017,2017,2025,2032,2023
2047,2054,2047,2035,2099,2080,2061,2004
2050,2058,2048,2050,2115,2090,2044,1996
2043,2045,2042,2044,2084,2049,2032,2017
2050,2026,2052,2063,2069,2021,2036,2027
2042,2025,2063,2083,2106,2020,2043,2036
2043,2026,2072,2094,2105,2040,2008,2036
2039,2032,2067,2086,2108,2052,2021,2035
2046,2020,2055,2089,2123,2062,2040,2045
2030,2028,2057,2103,2179,2077,2044,2053
2020,2018,2064,2106,2207,2093,2059,2052
2015,2019,2069,2104,2173,2093,2068,2054
2012,2020,2059,2089,2130,2080,2066,2070
2029,2016,2038,2071,2091,2071,2060,2082
2039,2020,2030,2058,2027,2050,2032,2080
2045,2018,2024,2045,2020,2049,2018,2086
2049,2018,2027,2045,2078,2054,2043,2094
2036,2002,2012,2040,2060,2052,2032,2094
2028,1998,2017,2048,2035,2065,2029,2090
2037,2016,2045,2065,1988,2084,2043,2092
2043,2038,2079,2084,1968,2106,2060,2086
2059,2069,2104,2080,1953,2110,2067,2072
2058,2067,2102,2055,1932,2077,2051,2054
2026,2054,2082,2011,1832,2029,2037,2065
2032,2056,2075,1998,1859,2032,2052,2071
2046,2060,2074,2013,1971,2028,2047,2058
2052,2065,2075,2034,2108,2015,2039,2053
2056,2064,2071,2049,2181,2038,2052,2048
2051,2063,2074,2046,2178,2039,2052,2022
2050,2063,2068,2042,2107,2024,2050,2026
2052,2058,2054,2044,2058,2024,2065,2015
2045,2037,2038,2039,2046,2035,2045,2004
2042,2018,2022,2043,2032,2042,2049,2010
2047,2008,2015,2029,1975,2033,2056,2015
2045,2004,2005,2025,1944,2004,2056,2001
2025,2008,2008,2025,1966,2005,2044,2012
2031,2011,2007,2022,1991,2004,2052,2046
2039,2015,2016,2020,1987,1995,2023,2025
2020,2011,2000,2002,1970,1964,2029,2021
2023,2019,2008,2008,1976,1968,2047,2048
2070,2045,2026,2009,1967,1984,2041,2056
2078,2056,2021,2007,1974,2032,2042,2051
2074,2071,2045,2027,2034,2094,2081,2062
2076,2077,2056,2059,2110,2117,2082,2087
2080,2066,2054,2072,2182,2134,2085,2093
2090,2060,2050,2064,2224,2132,2092,2101
2101,2076,2058,2052,2237,2098,2083,2115
2102,2077,2050,2060,2218,2085,2084,2111
2096,2075,2037,2070,2152,2079,2070,2110
2086,2069,2027,2064,2174,2107,2058,2071
2056,2057,2017,2056,2168,2139,2044,2051
2061,2057,2013,2035,2046,2116,2048,2080
2095,2060,2020,2026,2017,2072,2050,2104
2092,2035,2006,2001,1967,2034,2055,2108
2066,2039,2011,1996,1932,2004,2039,2108
2043,2039,2000,1990,1828,1994,2047,2091
2018,2035,1984,1982,1814,1993,2019,2080
2021,2029,1983,2011,2023,2026,2046,2070
2041,2031,1986,2024,2130,2038,2040,2046
2051,2037,1998,2025,2107,2026,2024,2042
2052,2036,2004,2026,2085,2013,2013,2034
2048,2033,2018,2032,2104,2007,2042,2038
2065,2044,2043,2061,2170,2025,2057,2057
2082,2052,2061,2088,2173,2040,2061,2063
2094,2048,2056,2078,2049,2046,2041,2058
2075,2024,2045,2037,2011,2042,2015,2014
2045,2013,2034,2010,1971,2023,1988,1992
2024,1991,2011,1996,1921,2032,1982,1963
1992,1976,2018,2034,2046,2081,2013,1964
2004,2019,2067,2123,2223,2093,2060,1998
2028,2038,2086,2140,2162,2085,2075,2040
2050,2052,2086,2099,1999,2042,2060,2038
2061,2066,2075,2069,1972,2025,2029,2022
2055,2064,2075,2066,2035,2062,2040,2024
2052,2084,2079,2072,2065,2097,2076,2042
2058,2068,2067,2042,2059,2086,2076,2039
2025,2024,2028,2021,2050,2042,2047,2047
2020,2021,2035,2020,2079,2036,2055,2072
2043,2055,2060,2051,2098,2064,2069,2079
2065,2077,2090,2070,2141,2081,2054,2086
2053,2072,2081,2070,2168,2074,2043,2088
2052,2055,2057,2053,2165,2059,2041,2092
2032,2029,2036,2041,2120,2056,2041,2097
2038,2032,2040,2037,2054,2054,2036,2083
2025,2031,2052,2032,2035,2062,2047,2077
2024,2026,2044,1987,1868,2039,2054,2074
2022,2025,2025,1974,1858,2023,2042,2084
2031,2034,2043,2031,1948,2029,2046,2083
2046,2047,2065,2080,1992,1974,2044,2073
2045,2050,2066,2096,1984,1947,2008,2047
2029,2034,2045,2088,2002,1954,2009,2039
2023,2040,2051,2096,2048,2012,2040,2057
2055,2055,2056,2084,2012,2064,2040,2061
2062,2046,2033,2063,1998,2099,2047,2051
2061,2031,2021,2058,2027,2086,2040,2038
2062,2036,2035,2058,2012,2056,2036,2030
2058,2030,2026,2038,1982,2010,2022,2030
2063,2024,2009,2012,1992,2001,2033,2025
2042,2024,2007,2014,2046,2023,2039,2000
2016,2020,2014,2017,2087,2095,2039,2006
2013,2007,2013,2020,2084,2129,2039,2015
2024,2009,2034,2032,2075,2129,2046,2023
2041,2026,2056,2032,2065,2134,2050,2028
2053,2034,2055,2018,2002,2121,2038,2030
2054,2036,2047,2004,1921,2060,2021,2029
2042,2032,2056,2015,1844,1993,1994,2030
2030,2032,2058,2029,1850,1970,1987,2031
2029,2045,2070,2040,1928,1949,2020,2050
2047,2075,2089,2060,2040,1997,2056,2064
2055,2076,2079,2066,2121,2096,2081,2078
2060,2082,2090,2078,2097,2129,2087,2075
2051,2067,2090,2070,2018,2109,2065,2080
2046,2060,2089,2062,1953,2009,2062,2101
2057,2050,2070,2056,1906,1929,2026,2110
2053,2040,2054,2056,1909,1961,2051,2111
2077,2070,2068,2115,2038,2060,2088,2128
2094,2071,2068,2122,2088,2092,2078,2112
2068,2036,2027,2053,2058,2079,2062,2096
2060,2026,2017,2022,2099,2092,2062,2095
2071,2034,2010,2008,2119,2068,2049,2096
2054,2034,2007,1986,2096,2047,2033,2085
2055,2049,2022,2018,2111,2057,2043,2073
2062,2062,2040,2052,2108,2056,2059,2072
2053,2062,2046,2055,2034,2034,2029,2063
2054,2060,2049,2043,1957,2008,2027,2050
2036,2049,2047,2027,1953,1997,2057,2030
2013,2062,2060,2045,2014,2026,2050,2027
2018,2074,2054,2051,2040,2040,2046,2026
2013,2050,2028,2038,2061,2066,2052,2032
2020,2038,2022,2024,2112,2082,2048,2042
2035,2041,2028,2025,2149,2080,2068,2033
2042,2044,2025,2032,2139,2072,2059,2020
2047,2045,2041,2035,2111,2067,2063,2030
2053,2034,2037,2029,2103,2064,2060,2045
2051,2021,2033,2036,2120,2066,2054,2053
2067,2017,2030,2046,2159,2080,2062,2060
2082,2009,2025,2031,2135,2051,2045,2061
2070,2002,2021,2025,2113,2048,2028,2029
2044,2013,2036,2049,2130,2075,2040,2036
2073,2042,2063,2072,2141,2107,2058,2057
2077,2059,2066,2090,2181,2127,2062,2075
2080,2059,2070,2105,2200,2135,2066,2077
2065,2060,2070,2103,2147,2124,2052,2065
2035,2067,2069,2088,2024,2107,2059,2063
2033,2083,2073,2051,1812,2069,2056,2071
2031,2076,2068,2051,1771,2058,2058,2083
2044,2073,2088,2080,1820,2066,2062,2095
2068,2075,2102,2090,1910,2070,2076,2117
2077,2080,2108,2081,1960,2044,2066,2144
2086,2080,2099,2038,1882,1985,2031,2130
2052,2039,2063,1987,1839,1934,1989,2110
2028,2009,2033,1963,1952,1947,1988,2091
2035,2018,2055,2003,2055,1975,2033,2088
2040,2023,2083,2101,2237,2037,2029,2081
2055,2035,2094,2169,2417,2108,2046,2081
2064,2045,2095,2182,2442,2152,2073,2074
2043,2055,2097,2146,2322,2152,2066,2048
2015,2046,2082,2121,2179,2127,2038,2035
1998,2059,2078,2127,2179,2131,2031,2047
2036,2067,2080,2136,2176,2110,2035,2046
2053,2061,2079,2154,2179,2079,2075,2050
2051,2065,2089,2156,2216,2074,2081,2054
2033,2048,2070,2093,1960,2048,2072,2040
2020,2032,2045,2034,1838,2038,2060,2029
2018,2032,2051,2079,2020,2047,2073,2033
2023,2034,2067,2098,2120,2041,2072,2023
2027,2043,2064,2102,2167,2034,2067,2023
2032,2046,2060,2083,2147,2010,2070,2017
2038,2042,2037,2066,2106,1972,2067,2031
2055,2045,2022,2042,2094,1977,2061,2037
2067,2042,2001,2037,2102,2003,2055,2048
2069,2049,1990,2026,2098,2006,2054,2064
2066,2050,1983,2003,1968,2013,2068,2056
2072,2053,1987,1964,1781,2018,2061,2021
2084,2055,2019,2006,1877,2042,2065,2025
2066,2054,2030,2038,1976,2042,2046,2040
2043,2042,2023,2033,1965,2017,2044,2060
2017,2030,2019,2030,1946,1971,2060,2071
2013,2035,2021,2033,1943,1971,2066,2087
2042,2047,2034,2042,1945,1994,2051,2106
2050,2047,2050,2058,1974,2024,2053,2100
2039,2052,2063,2077,2016,2048,2071,2099
2044,2059,2062,2092,2074,2093,2083,2114
2050,2046,2047,2077,2098,2109,2057,2099
2034,2027,2025,2078,2087,2043,2021,2098
2024,2029,2035,2069,2048,1991,1994,2110
2027,2038,2048,2066,2020,1979,1992,2090
2041,2064,2073,2086,2045,2025,2007,2084
2052,2080,2080,2089,2047,2062,2032,2066
2042,2059,2054,2075,2032,2032,2044,2064
2031,2039,2025,2071,2054,2012,2051,2051
2022,2037,2020,2078,2108,2033,2043,2039
2022,2041,2024,2080,2140,2051,2051,2036
2017,2041,2013,2071,2134,2068,2035,2037
2012,2036,2007,2063,2119,2068,2047,2034
2023,2051,2025,2059,2109,2065,2055,2039
2034,2062,2036,2056,2100,2067,2011,2038
2027,2053,2024,2044,2090,2065,2033,2025
2022,2043,2014,2030,2083,2056,2044,2024
2022,2029,1997,2021,2073,2056,2028,2028
2024,2001,1971,2007,2065,2046,2036,2022
2012,1988,1947,1992,2037,2032,2026,2008
2008,1977,1935,1995,2030,2031,2034,2017
2029,1994,1961,2014,2047,2040,2049,2031
2050,2022,2002,2031,2060,2048,2032,2020
2038,2027,2017,2037,2077,2056,2031,2021
2042,2030,2017,2043,2070,2067,2046,2025
2033,2041,2014,2044,2058,2060,2049,2024
2020,2043,2003,2039,2056,2049,2054,2042
2031,2045,1993,2045,2051,2055,2066,2064
2044,2042,1991,2057,2052,2060,2049,2066
2042,2044,1998,2067,2060,2062,2035,2070
2043,2046,2007,2075,2066,2068,2053,2086
2042,2055,2017,2086,2070,2062,2077,2082
2040,2062,2029,2089,2069,2053,2054,2092
2038,2065,2047,2087,2061,2042,2050,2100
2044,2076,2069,2105,2062,2040,2045,2097
2026,2065,2074,2087,2057,2030,2042,2095
2029,2053,2059,2061,2034,2028,2033,2087
2021,2036,2043,2044,2019,2015,2023,2083
2018,2042,2062,2050,2017,2019,2019,2084
2029,2061,2089,2058,2035,2027,2038,2087
2045,2078,2114,2079,2049,2036,2045,2091
2062,2091,2127,2096,2068,2051,2051,2089
2065,2092,2133,2117,2070,2061,2063,2076
2058,2087,2128,2116,2077,2059,2061,2063
2064,2096,2135,2113,2082,2072,2050,2064
2071,2104,2118,2102,2081,2061,2054,2063
2067,2085,2082,2079,2067,2059,2042,2054
2051,2060,2059,2060,2060,2057,2033,2030
2041,2070,2055,2063,2060,2060,2035,2025
2056,2080,2068,2061,2055,2060,2050,2021
2053,2072,2058,2042,2049,2056,2042,2025
2056,2067,2047,2018,2036,2047,2045,2018
2024,2045,2037,2012,2034,2051,2035,2011
2013,2037,2057,2032,2048,2058,2046,2015
2022,2048,2063,2061,2050,2061,2055,2027
2029,2052,2065,2086,2059,2066,2043,2040
2034,2058,2065,2100,2067,2063,2054,2041
2045,2061,2075,2105,2072,2056,2041,2032
2040,2061,2071,2108,2067,2057,2055,2039
2040,2052,2064,2100,2065,2056,2044,2052
2040,2053,2071,2100,2073,2064,2062,2063
2051,2056,2082,2101,2076,2068,2068,2068
2043,2055,2080,2103,2081,2074,2071,2086
2053,2065,2085,2112,2081,2070,2071,2094
2052,2056,2081,2100,2077,2053,2049,2096
2044,2052,2064,2074,2064,2029,2021,2092
2034,2032,2058,2058,2057,2028,2004,2094
2042,2034,2067,2054,2059,2035,2005,2095
2039,2030,2062,2052,2052,2025,2001,2099
2046,2018,2057,2044,2046,2028,2034,2105
2036,2006,2038,2013,2027,2027,2046,2091
2013,1992,2022,2013,2024,2031,2044,2087
2014,2008,2028,2031,2026,2039,2034,2090
2018,2030,2033,2054,2038,2052,2043,2076
2023,2061,2049,2069,2049,2059,2036,2061
2028,2068,2060,2081,2070,2071,2038,2054
2034,2075,2066,2092,2074,2080,2034,2029
2021,2074,2064,2097,2074,2086,2049,2037
2031,2072,2053,2085,2058,2085,2051,2042
2036,2058,2048,2084,2062,2086,2069,2041
2032,2052,2050,2093,2068,2079,2066,2040
2040,2057,2034,2093,2071,2074,2056,2041
2041,2049,2021,2092,2064,2057,2050,2034
2045,2040,2011,2096,2054,2048,2028,2024
2032,2033,2008,2100,2061,2042,2006,2014
2026,2045,2025,2116,2073,2058,2014,2009
2034,2057,2026,2119,2074,2065,2032,2011
2028,2058,2030,2115,2068,2068,2038,2013
2033,2054,2034,2108,2061,2061,2039,2027
2034,2062,2039,2105,2060,2056,2035,2024
2029,2060,2054,2095,2055,2040,2034,2032
2025,2057,2050,2066,2035,2028,2032,2036
2026,2051,2059,2056,2032,2025,2034,2047
2031,2068,2083,2057,2035,2055,2056,2048
2037,2078,2108,2056,2051,2075,2057,2060
2044,2082,2104,2060,2062,2087,2089,2077
2046,2068,2087,2053,2065,2089,2083,2084
2040,2063,2083,2063,2068,2090,2090,2089
2036,2068,2091,2081,2085,2096,2079,2095
2039,2075,2096,2104,2091,2099,2079,2094
2041,2069,2090,2126,2091,2077,2064,2096
2039,2060,2067,2116,2072,2056,2044,2085
2025,2045,2052,2109,2071,2038,2031,2084
2026,2038,2047,2106,2071,2049,2048,2096
2035,2051,2060,2107,2076,2059,2071,2098
2040,2050,2062,2104,2078,2067,2057,2092
2033,2052,2050,2090,2051,2082,2070,2084
2036,2052,2043,2069,2019,2086,2053,2081
2034,2040,2019,2056,1994,2086,2063,2070
2031,2032,2013,2040,1984,2081,2066,2065
2039,2040,2021,2039,1985,2065,2054,2052
2043,2052,2026,2051,2006,2028,2053,2043
2037,2051,2028,2052,2037,2030,2056,2027
2036,2055,2034,2064,2070,2086,2047,2014
2029,2034,2027,2056,2067,2091,2048,2039
2035,2019,2011,2047,2058,2065,2059,2056
2048,2052,2025,2055,2070,2063,2057,2056
2061,2063,2052,2065,2074,2064,2059,2039
2049,2049,2052,2064,2057,2068,2050,2032
2038,2045,2058,2070,2054,2078,2041,2028
2037,2041,2058,2071,2057,2070,2055,2030
2027,2047,2059,2078,2052,2047,2025,2025
2022,2054,2045,2086,2062,2028,2030,2039
2031,2042,2027,2087,2051,2008,2021,2044
2041,2050,2026,2097,2058,2014,2021,2051
2064,2060,2036,2101,2057,2015,2038,2044
2055,2047,2030,2101,2065,2006,2020,2046
2038,2036,2021,2102,2060,2002,2021,2055
2034,2026,2019,2100,2065,2006,2019,2059
2020,2028,2025,2100,2070,2017,2034,2079
2052,2060,2038,2116,2085,2041,2045,2098
2069,2064,2033,2110,2082,2041,2052,2093
2052,2044,2013,2095,2078,2035,2041,2074
2035,2024,1992,2067,2065,2044,2044,2073
2022,2008,1976,2050,2057,2079,2045,2082
2013,2003,1975,2027,2037,2101,2027,2094
2017,2006,1980,2029,2031,2094,2021,2105
2042,2046,2011,2048,2029,2073,2048,2104
2055,2059,2017,2048,2028,2063,2047,2076
2045,2054,2031,2070,2034,2058,2046,2072
2040,2053,2051,2085,2042,2044,2040,2071
2044,2061,2064,2097,2042,2035,2040,2065
2049,2062,2070,2104,2045,2032,2025,2053
2047,2047,2070,2113,2045,2026,2025,2046
2037,2042,2065,2114,2053,2028,2043,2045
2048,2046,2064,2126,2051,2051,2042,2050
2061,2064,2071,2137,2062,2066,2049,2041
2070,2065,2065,2131,2050,2055,2044,2033
2072,2047,2052,2125,2053,2049,2031,2026
2056,2029,2036,2123,2046,2050,2025,2011
2042,2039,2028,2126,2047,2059,2048,2006
2029,2049,2030,2125,2044,2050,2041,1992
2033,2036,2018,2109,2049,2053,2051,2013
2043,2030,2016,2106,2051,2059,2071,2034
2057,2049,2006,2090,2050,2056,2058,2034
2053,2046,1997,2083,2045,2054,2047,2022
2052,2049,2006,2086,2053,2053,2032,2011
2053,2054,2026,2114,2061,2055,2036,2024
2055,2063,2029,2117,2061,2059,2057,2042
2049,2051,2017,2094,2041,2035,2053,2043
2035,2043,2017,2078,2016,2016,2050,2053
2050,2067,2046,2085,2004,2014,2060,2066
2057,2086,2077,2076,1993,2008,2046,2074
2059,2087,2082,2061,1991,2016,2040,2066
2046,2083,2094,2073,2037,2051,2060,2080
2058,2103,2110,2101,2098,2078,2078,2102
2068,2094,2108,2115,2099,2079,2073,2112
2069,2082,2112,2126,2090,2074,2052,2103
2068,2080,2128,2133,2090,2062,2035,2097
2053,2078,2131,2134,2075,2051,2040,2096
2052,2082,2150,2133,2066,2050,2043,2105
2049,2089,2157,2135,2060,2052,2031,2097
2062,2097,2160,2126,2058,2056,2023,2102
2076,2095,2150,2123,2040,2055,2029,2105
2071,2078,2135,2110,2038,2049,2017,2094
2052,2054,2097,2077,2074,2024,2003,2058
2031,2037,2079,2060,2073,2021,2004,2040
2038,2048,2089,2074,2093,2045,2015,2046
2051,2062,2077,2086,2076,2062,2058,2053
2058,2074,2081,2092,2069,2069,2052,2052
2068,2084,2088,2097,2084,2084,2048,2064
2076,2097,2100,2099,2065,2068,2077,2062
2066,2091,2080,2074,1980,2062,2066,2050
2052,2079,2064,2068,1971,2077,2070,2044
2050,2075,2055,2064,1995,2088,2076,2037
2052,2054,2039,2051,2018,2081,2071,2035
2048,2045,2022,2050,2035,2084,2069,2044
2056,2052,2036,2070,2060,2083,2088,2050
2055,2049,2042,2076,2051,2071,2082,2062
2060,2059,2056,2080,2000,2062,2064,2060
2061,2057,2056,2083,1965,2049,2047,2051
2061,2056,2058,2095,2022,2066,2049,2046
2056,2054,2078,2128,2085,2091,2056,2038
2049,2061,2097,2138,2071,2083,2053,2045
2056,2061,2097,2130,2017,2036,2035,2050
2057,2061,2086,2116,2032,2027,2033,2061
2044,2049,2074,2095,2027,2040,2020,2073
2046,2051,2069,2088,1989,2019,2022,2078
2047,2045,2052,2090,1966,1998,2017,2085
2054,2051,2057,2090,1952,1977,2033,2091
2071,2064,2048,2093,1987,1941,2037,2120
2077,2065,2034,2106,2072,1976,2052,2110
2066,2047,2020,2119,2127,2033,2055,2104
2058,2046,2011,2118,2139,2074,2070,2101
2056,2045,2007,2120,2141,2073,2067,2084
2032,2029,1994,2114,2130,2049,2043,2084
2033,2036,1993,2111,2107,2028,2034,2082
2054,2040,2007,2106,2104,2020,2029,2068
2041,2051,2015,2105,2091,2031,2033,2062
2047,2056,2030,2109,2089,2043,2037,2059
2053,2059,2037,2097,2062,2050,2060,2060
2058,2062,2042,2088,2061,2052,2050,2050
2058,2049,2040,2081,2056,2042,2064,2044
2054,2052,2043,2071,2052,2034,2043,2037
2050,2041,2049,2069,2029,2021,2027,2034
2057,2046,2068,2072,2022,2024,2019,2035
2065,2045,2066,2071,2023,2024,2027,2038
2060,2034,2063,2054,2011,2014,2028,2035
2041,2012,2039,2026,2001,2005,2018,2012
2027,2021,2050,2053,2003,2015,2037,2014
2056,2056,2085,2085,2016,2029,2045,2019
2069,2069,2093,2095,2007,2033,2053,2027
2066,2068,2087,2084,1986,2037,2049,2038
2061,2067,2071,2070,1977,2037,2050,2040
2054,2050,2050,2056,1970,2036,2039,2026
2044,2052,2044,2068,2009,2056,2047,2026
2056,2063,2040,2085,2058,2072,2031,2052
2063,2064,2037,2081,2043,2078,2023,2053
2061,2059,2019,2060,2006,2095,2023,2061
2070,2047,2013,2047,1983,2080,2021,2066
2062,2042,2017,2058,1980,1990,2026,2093
2060,2045,2022,2080,2024,1950,2039,2110
2044,2043,2018,2105,2120,1995,2044,2112
2035,2046,2027,2114,2173,2085,2068,2113
2050,2050,2019,2107,2177,2154,2079,2105
2041,2039,2018,2083,2146,2166,2086,2104
2040,2038,2017,2078,2135,2157,2083,2104
2046,2035,2035,2077,2128,2146,2086,2106
2059,2035,2049,2084,2114,2133,2054,2100
2058,2043,2080,2100,2114,2126,2055,2104
2066,2056,2094,2120,2121,2116,2050,2085
2070,2045,2082,2124,2111,2094,2045,2076
2063,2042,2082,2119,2106,2076,2052,2056
2063,2038,2081,2112,2084,2043,2029,2030
2045,2036,2079,2101,2048,1997,2025,2016
2031,2032,2067,2102,2068,1981,2022,2021
2039,2042,2063,2098,2110,1975,2037,2032
2064,2050,2055,2102,2143,1982,2052,2030
2060,2035,2041,2086,2160,1977,2054,2023
2041,2033,2064,2090,2174,2003,2060,2011
2035,2048,2078,2087,2173,2030,2052,2012
2041,2042,2074,2075,2145,2034,2029,2010
2040,2045,2062,2075,2123,2039,2022,2015
2051,2059,2069,2067,2029,2028,2034,2022
2056,2060,2070,2046,1930,2020,2038,2023
2058,2056,2064,2040,1954,2029,2051,2026
2061,2053,2055,2037,1999,2036,2058,2030
2058,2048,2046,2044,2015,2046,2060,2036
2061,2047,2034,2050,2044,2055,2062,2050
2063,2044,2017,2062,2051,2059,2063,2063
2059,2038,2020,2075,2064,2054,2056,2062
2054,2040,2060,2105,2082,2059,2065,2068
2057,2037,2063,2108,2082,2054,2046,2071
2051,2029,2043,2100,2076,2046,2040,2080
2056,2034,2036,2097,2070,2040,2036,2085
2053,2033,2029,2090,2066,2030,2034,2093
2046,2033,2020,2095,2068,2025,2052,2094
2054,2049,2021,2115,2071,2034,2049,2101
2058,2052,2031,2138,2082,2038,2045,2103
2059,2051,2033,2142,2073,2044,2042,2105
2063,2050,2038,2136,2060,2036,2050,2092
2059,2049,2025,2120,2041,2038,2050,2087
2056,2042,2020,2123,2024,2041,2040,2083
2048,2031,2029,2121,2004,2033,2032,2073
2046,2033,2040,2102,1992,2020,2015,2058
2044,2029,2034,2066,1971,2015,2032,2050
2045,2023,2044,2028,1955,2010,2051,2038
2042,2029,2069,2001,1954,2013,2041,2037
2043,2054,2098,1986,1971,2017,2062,2045
2050,2073,2104,1976,1995,2024,2068,2052
2058,2083,2113,1980,2026,2040,2076,2059
2073,2101,2136,2004,2042,2055,2071,2061
2081,2109,2140,2021,2051,2070,2061,2053
2076,2094,2128,2037,2065,2077,2070,2050
2077,2078,2096,2031,2074,2064,2064,2044
2069,2066,2070,2034,2078,2060,2069,2042
2068,2063,2065,2028,2086,2062,2082,2042
2063,2051,2040,2010,2066,2067,2044,2037
2052,2043,2031,2009,2029,2070,2080,2040
2058,2030,2023,2026,2006,2063,2087,2051
2058,2022,2016,2024,2001,2062,2077,2060
2063,2019,2008,2038,2021,2064,2071,2063
2056,2013,2004,2033,2045,2041,2049,2057
2037,2011,2018,2029,2076,2033,2053,2056
2050,2043,2054,2056,2108,2042,2057,2064
2056,2073,2079,2079,2112,2061,2069,2079
2059,2073,2077,2095,2112,2087,2055,2094
2073,2067,2060,2097,2100,2101,2067,2097
2068,2054,2043,2098,2088,2079,2061,2099
2051,2039,2040,2102,2070,2043,2068,2105
2045,2043,2045,2101,2064,2032,2053,2100
2042,2039,2044,2094,2046,2030,2044,2107
2033,2030,2036,2080,2032,2039,2039,2100
2038,2048,2045,2073,2022,2050,2047,2110
2043,2052,2054,2071,2036,2050,2028,2099
2042,2054,2050,2062,2035,2036,2038,2091
2039,2046,2051,2054,2039,2022,2029,2080
2045,2055,2055,2050,2034,2003,2059,2071
2046,2061,2056,2040,2032,2015,2038,2063
2039,2056,2049,2026,2039,2021,2030,2051
2039,2049,2043,2013,2038,2042,2034,2043
2044,2046,2038,2018,2045,2047,2037,2040
2052,2051,2045,2025,2042,2052,2039,2036
2054,2053,2045,2028,2041,2056,2052,2047
2052,2047,2038,2034,2031,2058,2046,2038
2050,2042,2046,2051,2041,2058,2050,2033
2053,2045,2057,2058,2043,2060,2047,2031
2044,2031,2044,2049,2037,2051,2049,2019
2038,2018,2033,2044,2042,2051,2047,2017
2037,2015,2028,2052,2052,2060,2040,2033
2058,2028,2027,2053,2058,2058,2029,2024
2060,2034,2029,2054,2057,2058,2027,2025
2058,2046,2032,2064,2065,2055,2027,2031
2056,2042,2026,2059,2080,2054,2041,2028
2055,2032,2009,2044,2076,2042,2038,2039
2053,2018,2001,2045,2081,2037,2023,2047
2044,2030,2019,2068,2084,2032,2040,2047
2039,2042,2043,2078,2085,2038,2055,2054
2044,2042,2029,2070,2081,2046,2058,2066
2036,2050,2031,2069,2070,2053,2057,2071
2045,2048,2020,2062,2073,2057,2055,2084
2049,2036,1995,2048,2050,2052,2067,2096
2048,2033,1995,2036,2023,2032,2063,2105
2045,2036,1997,2022,1974,2028,2075,2116
2052,2023,2003,2016,1977,2017,2056,2129
2068,2030,2016,2017,1989,2022,2043,2128
2080,2040,2021,2020,1998,2048,2047,2121
2090,2046,2037,2054,2058,2075,2041,2100
2072,2049,2052,2058,2080,2073,2046,2070
2060,2037,2044,2035,2053,2056,2059,2040
2031,2019,2036,2024,2038,2046,2041,2040
2004,2014,2037,2026,2029,2042,2043,2037
1983,2022,2061,2037,2042,2042,2052,2054
2011,2060,2067,2042,2048,2038,2049,2070
2048,2071,2057,2028,2031,2030,2036,2066
2068,2069,2062,2036,2038,2033,2058,2074
2092,2085,2077,2055,2053,2029,2060,2064
2085,2078,2081,2059,2056,2028,2053,2055
2077,2094,2092,2082,2064,2031,2043,2058
2077,2096,2086,2076,2062,2031,2044,2050
2072,2079,2066,2065,2052,2020,2048,2043
2057,2048,2042,2057,2038,2020,2036,2033
2048,2035,2030,2049,2043,2028,2049,2033
2057,2047,2036,2061,2049,2036,2061,2032
2055,2058,2040,2066,2053,2026,2060,2028
2050,2056,2044,2066,2045,2023,2050,2030
2054,2058,2053,2066,2057,2027,2042,2037
2055,2068,2059,2076,2061,2056,2037,2042
2069,2069,2058,2069,2054,2107,2069,2054
2077,2072,2050,2066,2057,2089,2064,2063
2074,2077,2065,2067,2062,2064,2050,2065
2068,2083,2074,2070,2067,2058,2041,2075
2068,2084,2096,2072,2073,2046,2033,2081
2061,2081,2101,2070,2078,2043,2054,2084
2053,2074,2088,2065,2061,2047,2046,2089
2052,2060,2082,2063,2060,2049,2041,2097
2062,2068,2071,2060,2057,2045,2035,2095
2066,2064,2066,2052,2061,2049,2041,2109
2067,2051,2050,2056,2058,2054,2049,2106
2070,2053,2062,2072,2057,2050,2039,2110
2074,2060,2061,2073,2050,2052,2027,2095
2067,2058,2057,2067,2050,2059,2040,2086
2064,2057,2051,2066,2040,2072,2042,2071
2065,2050,2048,2059,2003,2097,2042,2060
2057,2049,2037,2066,1972,2098,2028,2048
2039,2041,2017,2066,1948,2084,2012,2038
2037,2035,1999,2067,1941,2054,2010,2035
2043,2040,2002,2079,1958,1980,2023,2038
2055,2056,2034,2106,2047,1976,2016,2044
2061,2055,2057,2146,2140,2041,2044,2042
2058,2057,2081,2157,2159,2079,2059,2043
2047,2047,2091,2153,2150,2085,2051,2040
2031,2046,2074,2125,2115,2061,2048,2040
2031,2039,2061,2082,2062,2030,2043,2033
2035,2033,2047,2033,1999,2010,2012,2024
2029,2041,2055,2032,2000,2033,2037,2018
2040,2064,2078,2058,2066,2069,2055,2037
2064,2065,2071,2061,2113,2062,2043,2046
2065,2066,2064,2062,2141,2067,2067,2048
2071,2058,2053,2066,2189,2069,2061,2039
2060,2056,2041,2044,2198,2061,2036,2036
2046,2047,2045,2031,2140,2061,2035,2035
2051,2064,2066,2009,2067,2055,2031,2040
2056,2062,2082,1998,2046,2058,2044,2048
2057,2066,2079,2008,2061,2068,2056,2060
2058,2067,2068,2020,2069,2075,2068,2070
2057,2070,2057,2007,2056,2072,2060,2086
2062,2062,2042,1976,1973,2042,2071,2088
2056,2050,2035,1958,1912,2032,2057,2093
2051,2047,2026,1959,1931,2042,2043,2099
2049,2046,2036,1973,1959,2053,2031,2094
2045,2026,2025,1983,1964,2042,2002,2083
2033,2018,2012,1986,1986,2042,2000,2077
2019,2021,2026,2008,2023,2044,2021,2080
2032,2034,2045,2026,2055,2021,2037,2089
2046,2051,2060,2045,2078,2017,2048,2093
2057,2045,2065,2048,2072,2020,2037,2079
2058,2044,2051,2045,2021,1995,2036,2068
2047,2041,2040,2037,1972,1965,2012,2059
2049,2037,2037,2018,1916,1944,2002,2051
2045,2031,2031,2025,1912,1955,2006,2044
2050,2038,2033,2060,1983,1999,2026,2042
2043,2042,2042,2079,2055,2057,2036,2037
2048,2041,2040,2091,2099,2087,2026,2027
2035,2044,2046,2095,2103,2100,2043,2019
2037,2032,2049,2082,2074,2097,2059,2015
2033,2032,2059,2076,2062,2071,2058,2021
2058,2041,2067,2074,2068,2062,2066,2032
2065,2036,2044,2051,2051,2070,2056,2023
2056,2025,2015,2021,2029,2083,2046,2012
2056,2029,2011,2017,2032,2047,2036,2013
2047,2023,2030,2046,2038,2004,1993,2014
2061,2040,2047,2070,2056,2021,2006,2023
2078,2072,2080,2113,2099,2054,2058,2040
2084,2067,2074,2121,2124,2073,2050,2046
2057,2056,2055,2104,2113,2082,2063,2041
2048,2057,2037,2093,2112,2078,2059,2037
2039,2048,2030,2092,2109,2077,2056,2049
2046,2058,2031,2081,2111,2072,2071,2065
2056,2067,2036,2052,2085,2080,2051,2069
2052,2064,2019,2032,2031,2074,2049,2076
2064,2067,2014,2010,1991,2059,2038,2088
2065,2063,2001,1979,1928,2041,2014,2092
2054,2045,1992,1946,1800,1980,2007,2088
2045,2042,2006,1955,1856,1922,2014,2096
2038,2041,2038,1988,1968,1970,2041,2102
2044,2044,2047,1980,2003,2015,2049,2100
2060,2051,2064,1969,1989,2051,2059,2100
2065,2058,2084,1969,1972,2058,2041,2096
2060,2073,2095,1988,1971,2066,2050,2087
2062,2077,2102,2014,2012,2078,2051,2077
2063,2063,2096,2026,2039,2108,2058,2062
2065,2062,2092,2027,2025,2122,2042,2057
2051,2054,2078,2038,2015,2117,2030,2046
2042,2043,2067,2038,2006,2096,2036,2038
2035,2038,2062,2044,2029,2054,2036,2038
2046,2049,2065,2059,2052,1990,2049,2044
2047,2045,2056,2054,2032,1992,2044,2030
2042,2042,2060,2055,2022,2012,2037,2032
2050,2047,2061,2047,2020,2016,2034,2022
2045,2037,2052,2035,2020,2037,2027,2021
2045,2033,2048,2047,2092,2061,2040,2031
2045,2046,2061,2073,2153,2081,2060,2019
2052,2053,2076,2079,2147,2086,2096,2022
2054,2046,2068,2068,2105,2068,2060,2031
2053,2039,2058,2050,2072,2045,2061,2028
2045,2039,2048,2048,2063,2027,2074,2032
2046,2035,2047,2040,2054,2024,2051,2031
2038,2038,2038,2042,2071,2042,2048,2033
2030,2035,2039,2049,2102,2059,2043,2034
2037,2027,2033,2046,2090,2064,2062,2055
2037,2021,2037,2035,2048,2054,2047,2066
2030,2024,2033,2028,2000,2056,2052,2072
2052,2049,2063,2041,2005,2075,2068,2085
2076,2070,2077,2056,2047,2080,2070,2085
2061,2050,2056,2050,2080,2073,2060,2093
2045,2042,2050,2056,2095,2072,2066,2104
2064,2061,2062,2063,2108,2078,2065,2109
2066,2057,2051,2077,2110,2063,2048,2114
2058,2040,2034,2080,2098,2051,2053,2107
2048,2038,2026,2089,2104,2040,2038,2089
2049,2045,2028,2102,2138,2056,2044,2080
2051,2053,2030,2113,2127,2064,2048,2084
2056,2054,2022,2111,2087,2060,2034,2075
2048,2038,2006,2082,1948,2030,2026,2053
2040,2032,2001,2049,1838,2021,2053,2047
2039,2029,2002,2047,1920,2049,2038,2036
2048,2023,2000,2040,1998,2058,2042,2021
2044,2027,2002,2032,2025,2059,2057,2031
2049,2027,1993,2015,2034,2056,2038,2031
2048,2017,1996,2002,2017,2040,2047,2028
2041,2030,2006,1998,2004,2035,2060,2024
2048,2040,2010,1997,1994,2029,2045,2016
2042,2037,2015,1990,1986,2019,2041,2008
2039,2032,2021,1978,1973,2018,2027,1994
2028,2024,2038,1994,1987,2026,2030,2002
2042,2041,2056,2026,2013,2043,2043,2012
2059,2052,2063,2040,2036,2054,2052,2016
2048,2046,2065,2035,2042,2058,2033,2021
2036,2030,2061,2015,2016,2053,2016,2022
2029,2025,2060,2017,2025,2054,2041,2020
2036,2036,2071,2032,2030,2058,2050,2030
2046,2043,2083,2046,2045,2068,2060,2035
2051,2065,2108,2060,2061,2067,2049,2045
2051,2064,2100,2068,2065,2065,2050,2058
2056,2059,2090,2067,2065,2060,2054,2063
2050,2047,2076,2063,2054,2050,2034,2061
2045,2038,2066,2060,2056,2048,2044,2071
2026,2035,2065,2064,2052,2047,2051,2079
2027,2043,2080,2070,2058,2041,2054,2088
2046,2058,2087,2081,2052,2048,2051,2087
2049,2053,2084,2074,2046,2049,2040,2086
2049,2040,2076,2071,2047,2059,2052,2085
2047,2045,2082,2077,2046,2067,2050,2082
2047,2050,2072,2081,2044,2064,2046,2084
2046,2047,2067,2078,2034,2065,2049,2080
2053,2049,2060,2089,2043,2072,2055,2071
2053,2056,2056,2091,2038,2083,2063,2064
2060,2058,2061,2098,2053,2084,2066,2060
2061,2065,2060,2094,2056,2085,2072,2050
2071,2063,2058,2092,2054,2076,2060,2049
2065,2064,2056,2085,2053,2066,2065,2043
2060,2056,2046,2067,2051,2056,2053,2039
2063,2045,2039,2050,2043,2038,2052,2032
2059,2045,2039,2039,2045,2032,2059,2024
2054,2045,2045,2051,2047,2031,2052,2022
2054,2046,2040,2057,2040,2013,2047,2026
2047,2042,2038,2060,2030,1997,2034,2024
2052,2033,2036,2061,2014,1989,2036,2021
2054,2036,2050,2074,2011,2003,2040,2025
2058,2052,2079,2083,2023,2022,2037,2034
2070,2066,2096,2083,2025,2029,2039,2033
2066,2069,2117,2093,2035,2040,2033,2035
2070,2064,2113,2086,2036,2048,2045,2039
2064,2054,2084,2078,2038,2044,2060,2040
2061,2043,2066,2071,2039,2047,2052,2046
2064,2043,2043,2067,2045,2048,2059,2042
2054,2041,2029,2045,2035,2039,2050,2041
2046,2032,2018,2033,2036,2056,2066,2047
2038,2034,2014,2031,2037,2057,2065,2058
2052,2043,2022,2050,2047,2047,2050,2073
2053,2050,2022,2072,2056,2048,2040,2086
2058,2050,2021,2071,2053,2047,2041,2090
2060,2048,1998,2044,2038,2035,2040,2090
2049,2030,1973,2018,2021,2028,2033,2088
2034,1997,1945,2023,2017,2027,2026,2085
2033,1992,1952,2051,2021,2036,2032,2085
2024,1997,1955,2052,2015,2031,2038,2080
2025,1988,1948,2041,2010,2028,2043,2076
2033,2000,1963,2036,1997,2031,2027,2072
2040,2022,2004,2040,2000,2028,2038,2062
2048,2045,2051,2044,2006,2031,2041,2057
2057,2065,2087,2044,2014,2044,2037,2058
2059,2061,2072,2026,2018,2048,2050,2056
2064,2062,2060,2021,2022,2045,2063,2050
2066,2065,2078,2043,2038,2058,2064,2038
2053,2070,2098,2047,2039,2056,2061,2022
2046,2071,2089,2019,2039,2050,2067,2036
2053,2076,2078,2003,2036,2051,2054,2038
2058,2075,2070,1994,2038,2058,2060,2039
2066,2077,2059,1991,2047,2060,2066,2041
2073,2067,2046,1965,2040,2049,2041,2038
2059,2053,2023,1942,2027,2053,2058,2036
2049,2052,2019,1936,2029,2057,2062,2034
2060,2057,2030,1952,2030,2056,2060,2031
2057,2066,2050,1985,2037,2054,2034,2038
2060,2072,2054,1995,2046,2054,2056,2040
2066,2079,2059,1999,2054,2063,2046,2043
2068,2074,2064,2004,2059,2058,2047,2047
2073,2077,2064,2007,2058,2057,2041,2055
2071,2074,2078,2014,2053,2051,2053,2067
2068,2072,2089,2021,2048,2039,2049,2081
2072,2072,2087,2026,2050,2036,2046,2097
2081,2077,2090,2031,2050,2045,2056,2098
2078,2082,2087,2036,2054,2046,2053,2100
2072,2073,2084,2034,2050,2048,2053,2102
2066,2068,2082,2040,2037,2044,2052,2105
2070,2066,2072,2031,2038,2043,2047,2115
2065,2057,2065,2023,2031,2042,2027,2111
2067,2052,2062,2028,2035,2046,2057,2111
2070,2063,2061,2038,2037,2038,2050,2112
2073,2067,2061,2049,2046,2006,2051,2116
2070,2072,2068,2057,2048,2000,2030,2102
2063,2066,2048,2054,2048,2027,2051,2088
2060,2057,2036,2054,2051,2048,2061,2080
2061,2049,2022,2052,2056,2062,2067,2067
2063,2041,2010,2046,2043,2082,2070,2053
2049,2035,2000,2044,2053,2121,2093,2048
2056,2052,2017,2045,2051,2139,2057,2045
2059,2057,2018,2038,2022,2138,2057,2038
2062,2053,2002,2012,1986,2121,2043,2030
2059,2044,2001,2010,1971,2109,2036,2019
2053,2046,1998,2008,1962,2089,2047,2020
2059,2043,1997,2011,1985,2022,2035,2017
2060,2042,1995,2026,2042,1975,2038,2025
2056,2033,1994,2038,2096,1988,2046,2024
2053,2036,2007,2045,2132,2015,2055,2033
2063,2062,2049,2067,2174,2042,2048,2037
2071,2074,2083,2077,2157,2046,2060,2041
2065,2081,2095,2073,2094,2039,2054,2033
2064,2080,2083,2062,2026,2018,2044,2025
2058,2064,2065,2062,1990,2009,2041,2033
2051,2060,2060,2046,1972,2018,2030,2038
2053,2064,2091,2062,2005,2025,2047,2052
2077,2081,2102,2083,2080,2040,2059,2069
2082,2087,2097,2075,2164,2085,2061,2086
2080,2067,2082,2056,2194,2119,2046,2090
2071,2054,2072,2031,2137,2109,2070,2085
2064,2045,2056,2012,2075,2086,2068,2096
2065,2056,2065,2031,2058,2075,2059,2109
2069,2063,2077,2043,2052,2062,2070,2109
2068,2053,2066,2034,2032,2046,2046,2111
2057,2038,2048,2024,2026,2039,2027,2108
2047,2030,2043,2016,2018,2060,2035,2106
2056,2030,2036,2015,2027,2070,2023,2101
2054,2023,2027,2012,2028,2066,2036,2088
2048,2026,2033,2016,2032,2064,2034,2077
2062,2050,2057,2036,2043,2063,2025,2063
2066,2056,2056,2028,2040,2054,2050,2057
2057,2048,2045,2030,2046,2057,2044,2050
2062,2048,2046,2031,2044,2066,2044,2044
2052,2044,2037,2031,2042,2073,2047,2042
2050,2037,2040,2032,2038,2075,2041,2049
2059,2037,2040,2030,2032,2066,2070,2048
2057,2042,2046,2035,2036,2037,2036,2055
2071,2053,2056,2049,2045,1984,2016,2055
2066,2055,2056,2047,2051,1975,2021,2045
2066,2057,2061,2051,2052,1987,2034,2035
2067,2050,2050,2052,2049,2000,2042,2022
2053,2042,2032,2046,2046,2031,2046,2009
2048,2040,2020,2051,2045,2054,2048,2014
2049,2036,2018,2045,2042,2065,2045,2008
2048,2035,2027,2051,2042,2069,2030,2013
2048,2043,2030,2057,2049,2067,2041,2017
2059,2054,2035,2055,2046,2058,2064,2026
2056,2058,2048,2054,2046,2063,2061,2039
2074,2064,2057,2057,2047,2054,2049,2043
2074,2072,2057,2054,2046,2044,2030,2061
2076,2067,2062,2050,2041,2054,2059,2066
2074,2066,2061,2053,2043,2082,2049,2077
2081,2079,2068,2064,2039,2088,2052,2086
2082,2075,2075,2056,2024,2076,2063,2083
2061,2064,2074,2054,2010,2062,2057,2078
2054,2055,2085,2058,2013,2018,2043,2078
2046,2059,2093,2064,2044,2001,2051,2079
2051,2057,2096,2088,2082,2020,2046,2093
2051,2056,2094,2104,2095,2038,2038,2095
2060,2057,2087,2096,2081,2054,2051,2092
2057,2053,2064,2081,2069,2063,2057,2093
2060,2048,2057,2076,2059,2056,2031,2089
2057,2051,2066,2088,2062,2054,2044,2084
2055,2047,2068,2102,2072,2054,2032,2056
2047,2056,2073,2102,2076,2052,2040,2048
2062,2058,2074,2101,2079,2052,2045,2054
2067,2062,2075,2092,2079,2048,2039,2049
2067,2068,2059,2080,2055,2043,2046,2042
2066,2068,2053,2055,2027,2046,2036,2045
2062,2065,2038,2037,2011,2038,2026,2040
2062,2059,2034,2009,2023,2044,2031,2042
2074,2054,2020,1986,2023,2052,2031,2034
2077,2057,2009,1969,2022,2054,2049,2031
2067,2049,2001,1964,2016,2043,2030,2020
2058,2031,2005,1978,2018,2042,2033,2017
2069,2042,2027,1990,2037,2052,2061,2013
2073,2059,2046,2007,2051,2055,2043,2021
2063,2059,2038,2000,2054,2045,2046,2020
2040,2046,2031,1994,2058,2037,2033,2035
2038,2052,2025,1999,2060,2044,2058,2045
2060,2052,2014,2004,2060,2054,2053,2049
2064,2057,2012,2005,2063,2071,2070,2060
2069,2061,2020,1998,2017,2082,2084,2051
2064,2062,2024,2004,1972,2066,2065,2053
2058,2058,2036,2009,1953,2052,2082,2077
2054,2059,2036,2014,1959,2012,2048,2089
2058,2067,2043,2030,1999,1963,2057,2105
2063,2066,2044,2052,2102,1992,2054,2112
2063,2061,2044,2061,2150,2047,2072,2120
2059,2062,2040,2060,2139,2076,2080,2122
2056,2054,2035,2051,2120,2064,2073,2114
2046,2040,2024,2044,2090,2045,2060,2108
2047,2040,2026,2037,2083,2049,2062,2105
2055,2053,2031,2034,2062,2052,2059,2099
2055,2046,2035,2030,2057,2032,2031,2085
2052,2048,2032,2027,2046,2009,2024,2069
2052,2048,2035,2028,2038,2000,2022,2058
2052,2052,2041,2037,2046,2014,1999,2045
2052,2051,2046,2033,2037,2086,2022,2040
2050,2046,2040,2024,2023,2137,2046,2030
2042,2042,2040,2018,2014,2125,2051,2019
2042,2041,2041,2026,2020,2096,2062,2013
2044,2041,2034,2037,2027,2047,2061,2030
2044,2044,2039,2050,2069,1997,2054,2034
2046,2042,2039,2055,2088,2004,2053,2033
2052,2035,2034,2056,2081,2024,2062,2026
2054,2044,2034,2050,2072,2041,2068,2018
2046,2036,2018,2044,2049,2041,2056,2008
2044,2036,2010,2036,2042,2031,2059,2011
2042,2036,2012,2042,2047,2045,2059,2011
2052,2043,2018,2054,2049,2049,2056,2017
2055,2056,2036,2067,2056,2051,2061,2027
2057,2061,2050,2078,2059,2049,2056,2036
2063,2056,2051,2082,2064,2042,2047,2039
2064,2058,2054,2075,2066,2042,2019,2043
2067,2056,2049,2076,2056,2042,2051,2047
2057,2048,2039,2074,2056,2042,2078,2047
2056,2040,2037,2073,2054,2039,2063,2044
2052,2039,2032,2073,2057,2038,2035,2058
2048,2044,2042,2078,2057,2030,2026,2062
2055,2047,2046,2072,2035,2008,2045,2077
2048,2043,2039,2072,2021,2002,2038,2084
2052,2038,2036,2086,2015,1996,2028,2092
2050,2028,2022,2066,1999,1999,2029,2072
2037,2013,2013,2064,2018,2022,2028,2064
2042,2028,2028,2088,2074,2052,2056,2084
2051,2044,2041,2104,2091,2066,2031,2091
2060,2050,2030,2081,2077,2054,2067,2097
2062,2050,2032,2059,2070,2028,2051,2080
2055,2047,2031,2038,2063,2014,2041,2074
2047,2049,2039,2024,2043,2015,2027,2057
2045,2054,2053,2005,2043,2028,2032,2043
2041,2059,2063,1999,2039,2043,2045,2030
2045,2071,2074,1998,2034,2051,2072,2032
2051,2074,2082,2008,2030,2049,2056,2035
2057,2072,2079,2017,2023,2039,2056,2030
2064,2062,2081,2011,2017,2034,2050,2033
2060,2062,2076,2003,2024,2030,2043,2028
2061,2056,2067,1983,2016,2028,2061,2027
2060,2065,2078,1999,2016,2035,2045,2032
2064,2071,2086,2018,2026,2034,2045,2027
2061,2064,2080,2025,2035,2037,2042,2019
2049,2058,2068,2039,2063,2047,2049,2030
2054,2061,2074,2042,2068,2045,2049,2024
2059,2063,2068,2042,2059,2045,2026,2022
2046,2050,2057,2042,2057,2050,2040,2023
2044,2054,2049,2036,2051,2053,2070,2030
2054,2048,2053,2034,2043,2046,2034,2041
2054,2046,2047,2031,2046,2048,2026,2041
2043,2037,2035,2027,2051,2050,2046,2044
2044,2039,2030,2019,2050,2048,2039,2047
2041,2038,2027,2016,2046,2042,2043,2060
2044,2044,2040,2031,2054,2045,2050,2069
2045,2049,2044,2037,2056,2050,2063,2082
2056,2052,2041,2031,2059,2057,2044,2094
2063,2057,2046,2032,2053,2056,2047,2101
2064,2060,2043,2028,2056,2047,2051,2100
2060,2054,2047,2021,2055,2038,2047,2093
2052,2049,2042,2025,2054,2042,2044,2097
2040,2056,2042,2028,2059,2055,2061,2105
2056,2060,2044,2026,2062,2066,2060,2108
2057,2056,2039,2019,2053,2066,2058,2104
2063,2045,2017,2013,2050,2059,2055,2092
2057,2035,1995,2014,2047,2053,2045,2072
2052,2041,1995,2024,2052,2052,2043,2065
2057,2046,1996,2030,2049,2054,2034,2052
2052,2032,1987,2031,2049,2052,2032,2037
2051,2026,1982,2029,2042,2051,2062,2024
2047,2027,1982,2035,2043,2059,2076,2018
2045,2034,1980,2049,2047,2060,2058,2024
2037,2041,1984,2049,2041,2062,2064,2025
2053,2055,2000,2051,2035,2057,2037,2018
2052,2056,2014,2053,2028,2049,2047,2011
2052,2054,2028,2061,2009,2030,2045,2010
2045,2045,2032,2076,1997,2022,2056,2006
2043,2038,2031,2082,1993,2024,2046,2004
2041,2049,2045,2092,1993,2035,2037,2005
2046,2058,2055,2092,1984,2025,2049,2011
2051,2065,2079,2088,1975,2025,2040,2015
2058,2065,2116,2089,1986,2031,2041,2024
2054,2073,2124,2085,2042,2037,2060,2033
2053,2067,2130,2090,2066,2036,2057,2041
2054,2068,2135,2088,2092,2029,2040,2056
2050,2064,2135,2088,2092,2017,2058,2062
2052,2064,2124,2077,2083,2015,2058,2064
2052,2060,2106,2054,2081,2014,2051,2078
2047,2052,2076,2016,2075,2035,2045,2074
2048,2045,2057,2000,2097,2067,2069,2080
2046,2040,2040,1995,2126,2096,2065,2082
2046,2038,2037,1989,2097,2089,2064,2092
2045,2045,2040,1991,2049,2074,2056,2098
2053,2054,2043,2025,2105,2102,2083,2092
2064,2060,2062,2060,2202,2145,2092,2099
2062,2064,2072,2077,2245,2153,2088,2094
2058,2049,2057,2051,2158,2124,2062,2087
2050,2036,2046,2021,1972,2031,2049,2092
2056,2046,2050,2019,1823,1948,2031,2078
2052,2050,2051,1998,1794,1940,2023,2057
2052,2042,2033,1991,1854,1968,2010,2050
2048,2041,2039,2023,1954,2025,2041,2041
2051,2050,2064,2053,2040,2031,2057,2039
2056,2049,2071,2040,2035,2018,2061,2030
2051,2042,2055,2017,2015,2033,2048,2021
2037,2038,2051,2020,2029,2052,2056,2016
2035,2034,2049,2026,2046,2071,2051,2015
2043,2039,2052,2044,2086,2080,2062,2014
2050,2039,2045,2058,2116,2064,2052,2014
2048,2042,2038,2058,2101,2028,2020,2010
2045,2031,2032,2044,2012,2024,2000,2021
2042,2038,2044,2062,2013,2086,2058,2006
2047,2044,2038,2060,2010,2126,2065,2009
2041,2038,2027,2057,2002,2134,2080,2010
2043,2038,2026,2056,1982,2105,2061,2017
2046,2046,2031,2050,1984,2048,2076,2034
2059,2064,2045,2059,2041,2031,2066,2035
2062,2056,2045,2050,2065,2012,2043,2032
2051,2041,2028,2030,2023,2005,2019,2033
2052,2040,2029,2010,2002,2012,2048,2046
2052,2040,2027,2005,2039,2026,2046,2058
2046,2034,2020,2010,2070,2044,2061,2061
2041,2037,2030,2018,2075,2065,2053,2072
2042,2044,2060,2028,2080,2073,2066,2079
2046,2050,2065,2030,2064,2065,2066,2081
2046,2050,2068,2025,2051,2044,2052,2081
2041,2035,2040,2006,2042,2027,2020,2080
2043,2034,2025,2008,2055,2032,2018,2084
2049,2044,2028,2032,2060,2044,2018,2088
2054,2044,2030,2037,2056,2049,2039,2081
2051,2042,2022,2040,2042,2053,2047,2074
2054,2033,2018,2031,2017,2053,2031,2066
2049,2029,2010,2013,1988,2047,2041,2044
2043,2030,2016,2002,2015,2050,2055,2043
2045,2027,2016,1999,2026,2046,2024,2033
2045,2028,2019,2007,2034,2049,2027,2025
2043,2027,2020,2010,2051,2048,2042,2032
2042,2030,2041,2020,2083,2040,2045,2030
2045,2034,2050,2018,2089,2033,2039,2024
2041,2044,2068,2022,2056,2028,2051,2030
2053,2052,2078,2031,2031,2038,2039,2011
2053,2057,2073,2031,2014,2038,2017,2004
2040,2045,2072,2032,2010,2033,2016,2006
2046,2036,2053,2021,2021,2041,2032,2008
2046,2034,2051,2030,2039,2049,2036,2008
2049,2044,2053,2030,2047,2063,2046,2014
2051,2045,2047,2035,2048,2062,2060,2016
2053,2042,2044,2037,2047,2062,2050,2032
2067,2041,2038,2036,2048,2065,2058,2031
2060,2045,2035,2035,2055,2061,2065,2024
2061,2042,2034,2035,2054,2060,2052,2038
2063,2036,2025,2042,2064,2064,2061,2041
2065,2030,2031,2061,2055,2091,2044,2044
2051,2029,2050,2072,2018,2092,2047,2038
2050,2026,2052,2082,1991,2067,2037,2039
2046,2030,2062,2109,1984,2055,2033,2046
2043,2033,2056,2128,2005,2007,2021,2067
2040,2045,2055,2146,2088,2006,2067,2080
2048,2046,2050,2169,2178,2067,2077,2090
2051,2041,2044,2148,2165,2082,2073,2081
2044,2018,2024,2133,2122,2098,2058,2080
2046,2014,2019,2126,2100,2094,2062,2079
2047,2038,2024,2112,2041,2076,2057,2074
2055,2049,2022,2076,1960,2041,2051,2068
2057,2038,2013,2044,1908,2017,2053,2053
2040,2024,1999,2034,1909,2008,2038,2039
2031,2016,1978,2024,1936,2035,2038,2025
2021,1999,1958,2003,1946,2061,2031,2013
2024,2005,1984,1996,1931,2056,2041,2011
2030,2028,2015,1999,1899,2020,2035,2015
2048,2040,2016,2023,1918,1981,2020,2025
2052,2038,2008,2047,2000,1927,2016,2027
2046,2022,1985,2065,2109,1939,2015,2016
2037,2022,1999,2077,2169,2000,2038,2020
2045,2037,2036,2084,2173,2052,2065,2010
2063,2051,2068,2064,2161,2081,2073,2021
2071,2066,2088,2051,2144,2080,2065,2016
2068,2062,2089,2034,2112,2060,2067,2013
2066,2063,2101,2028,2077,2058,2054,2022
2068,2075,2101,2001,2032,2046,2040,2023
2064,2075,2091,1973,1981,2039,2017,2024
2066,2076,2107,1965,1963,2036,2036,2025
2068,2080,2111,1946,1936,2019,2042,2023
2064,2078,2100,1928,1952,1994,2035,2030
2060,2064,2089,1949,2023,2015,2046,2034
2062,2066,2085,1977,2071,2044,2051,2046
2060,2066,2077,1990,2097,2069,2059,2058
2062,2061,2069,2003,2112,2080,2062,2065
2068,2065,2074,2018,2105,2086,2079,2078
2078,2068,2073,2030,2108,2082,2083,2087
2072,2070,2075,2039,2092,2077,2086,2091
2068,2064,2070,2051,2092,2073,2091,2089
2066,2066,2066,2062,2093,2072,2075,2081
2062,2058,2059,2053,2068,2061,2064,2080
2059,2044,2054,2054,2052,2049,2046,2089
2060,2052,2055,2047,2028,2049,2076,2081
2056,2050,2046,2041,2017,2047,2041,2074
2049,2043,2043,2035,2020,2041,2065,2067
2054,2049,2039,2042,2018,2042,2053,2068
2051,2050,2035,2035,2022,2044,2070,2059
2051,2039,2022,2012,1975,2036,2052,2052
2050,2037,2016,2013,1970,2032,2052,2034
2045,2040,2025,2022,2000,2020,2045,2024
2056,2041,2030,2033,2001,2016,2045,2018
2046,2034,2021,2025,2044,2032,2049,2007
2044,2027,2007,2018,2065,2042,2067,2000
2044,2026,2001,2024,2111,2061,2055,2003
2050,2032,2008,2054,2181,2083,2052,2007
2042,2026,2018,2082,2223,2102,2051,2011
2048,2035,2034,2095,2235,2112,2071,2009
2055,2030,2040,2097,2217,2100,2043,2002
2049,2025,2036,2100,2205,2083,2030,2001
2044,2017,2034,2089,2123,2053,2014,1999
2030,2004,2030,2056,1969,2028,1995,1992
2016,1995,2017,2042,2010,2022,2017,1993
2016,2007,2032,2032,2112,2036,2037,1999
2036,2033,2054,2044,2167,2040,2053,2017
2047,2053,2085,2059,2196,2055,2047,2029
2066,2072,2121,2073,2160,2069,2047,2039
2063,2084,2140,2051,2120,2071,2057,2050
2074,2084,2138,2026,2094,2075,2062,2066
2079,2088,2129,2033,2104,2096,2072,2074
2072,2079,2116,2023,2064,2116,2068,2080
2062,2072,2092,1986,1929,2108,2062,2086
2054,2064,2069,1961,1864,2107,2062,2083
2063,2059,2051,1937,1789,2106,2052,2084
2061,2066,2057,1963,1825,2078,2060,2089
2054,2058,2064,1979,1894,2069,2061,2095
2054,2060,2067,2011,1947,2022,2050,2112
2068,2070,2080,2046,1975,1988,2054,2113
2073,2078,2087,2046,1934,1991,2047,2103
2071,2066,2080,2026,1927,2016,2056,2085
2064,2062,2067,2026,1982,2053,2051,2058
2059,2047,2048,2018,2045,2064,2046,2041
2046,2042,2041,2007,2063,2037,2053,2030
2042,2040,2037,1997,2000,2030,2067,2029
2037,2041,2035,2000,2010,2037,2056,2028
2049,2036,2048,2014,2075,2046,2053,2023
2050,2041,2053,2025,2107,2061,2058,2028
2055,2042,2044,2026,2116,2064,2060,2019
2058,2043,2041,2033,2130,2064,2057,2021
2054,2041,2041,2044,2126,2065,2050,2013
2054,2043,2046,2052,2090,2067,2039,2008
2053,2039,2045,2047,2052,2038,2015,1994
2047,2037,2039,2039,2040,2017,2022,1994
2042,2039,2044,2034,2017,2022,2040,2005
2056,2042,2039,2023,1987,2026,2036,2003
2046,2032,2031,2023,1969,2037,2037,1992
2040,2037,2035,2031,1995,2055,2035,1996
2038,2034,2041,2038,2017,2062,2037,1996
2037,2032,2036,2037,2008,2066,2046,2007
2031,2037,2041,2030,2011,2045,2053,2022
2040,2036,2036,2037,2065,2012,2061,2033
2052,2029,2040,2040,2143,2014,2060,2055
2055,2030,2033,2042,2157,2022,2065,2066
2055,2032,2039,2051,2121,2037,2053,2065
2057,2032,2035,2040,2080,2038,2055,2071
2056,2034,2038,2048,2095,2058,2042,2085
2060,2033,2028,2048,2114,2082,2064,2075
2046,2026,2025,2039,2084,2101,2052,2068
2023,2017,2016,2029,2066,2114,2066,2075
2026,2026,2028,2039,2066,2117,2065,2086
2033,2038,2044,2050,2077,2132,2083,2084
2045,2045,2045,2057,2088,2138,2076,2079
2050,2049,2039,2057,2096,2135,2089,2076
2054,2050,2031,2064,2112,2129,2094,2074
2057,2060,2032,2063,2127,2091,2043,2073
2060,2068,2039,2058,2068,2020,2038,2074
2066,2067,2040,2038,1974,1969,2043,2053
2059,2058,2033,2014,1943,1946,2035,2043
2054,2053,2029,2006,1899,1943,2037,2024
2044,2047,2041,2030,1920,1951,2035,2009
2050,2060,2065,2088,2012,1959,2041,2002
2057,2062,2059,2088,2049,1969,2039,2007
2056,2056,2034,2080,2067,1986,2032,1997
2044,2059,2041,2080,2077,2015,2022,1988
2047,2060,2049,2073,1997,2052,2018,1980
2034,2044,2052,2038,1901,2072,2022,1973
2033,2042,2061,2009,1831,2077,2028,1977
2049,2058,2073,1996,1792,2055,2030,1979
2049,2057,2077,2005,1808,1994,2037,1999
2044,2052,2067,2018,1891,1964,2043,2012
2052,2052,2061,2030,2009,1996,2066,2030
2054,2053,2073,2038,2092,2046,2074,2034
2065,2060,2080,2035,2113,2102,2054,2037
2054,2064,2082,2020,2098,2127,2050,2025
2048,2053,2071,2024,2121,2130,2058,2022
2040,2052,2062,2024,2158,2118,2054,2038
2041,2054,2060,2035,2211,2083,2037,2055
2047,2059,2061,2058,2216,2036,2058,2072
2050,2057,2065,2062,2208,2046,2076,2073
2048,2059,2068,2057,2220,2065,2068,2074
2055,2065,2068,2052,2241,2064,2066,2085
2055,2056,2063,2044,2234,2051,2049,2079
2041,2040,2054,2026,2216,2043,2038,2076
2029,2035,2050,2026,2215,2036,2045,2078
2030,2049,2048,2044,2199,2030,2045,2082
2033,2051,2050,2056,2221,2032,2041,2069
2027,2039,2044,2051,2227,2043,2014,2056
2032,2045,2044,2052,2224,2049,2038,2049
2041,2054,2046,2049,2102,2040,2047,2043
2046,2047,2048,2036,1955,2038,2043,2032
2050,2052,2059,2054,1959,2054,2058,2033
2056,2052,2064,2078,2003,2057,2061,2018
2047,2034,2059,2080,2008,2037,2053,2003
2036,2019,2054,2077,2012,2036,2029,1994
2027,2012,2044,2066,1978,2037,2037,1993
2018,2013,2047,2050,1907,2035,2056,1996
2028,2032,2066,2060,1943,2052,2067,2007
2035,2039,2081,2065,1983,2064,2075,2006
2038,2037,2042,2057,1990,2044,2058,2000
2035,2027,2033,2053,1971,2031,2039,1994
2028,2017,2026,2053,1940,2030,2047,2001
2031,2021,2027,2048,1941,2028,2062,1996
2033,2022,2029,2040,1950,2037,2039,1992
2037,2036,2037,2064,1976,2045,2056,2000
2047,2056,2055,2094,1997,2050,2049,2010
2055,2058,2055,2098,2029,2038,2061,2016
2052,2050,2028,2089,2067,2035,2042,2022
2054,2038,1998,2076,2066,2026,2072,2029
2048,2039,2009,2080,2042,2015,2064,2040
2052,2046,2023,2071,2025,2003,2056,2044
2041,2050,2026,2050,2028,1996,2051,2052
2038,2041,2015,2030,2024,2000,2043,2058
2026,2036,2019,2011,2024,2013,2049,2059
2033,2035,2024,2001,2012,2017,2036,2071
2039,2045,2031,1998,1994,2016,2064,2084
2040,2043,2026,1980,1974,2005,2040,2077
2042,2036,2029,1964,1960,2008,2032,2076
2046,2053,2054,1981,2020,2046,2057,2089
2058,2060,2079,2004,2075,2074,2052,2083
2061,2062,2084,2013,2085,2079,2064,2076
2051,2061,2087,2029,2112,2087,2067,2056
2050,2054,2093,2053,2147,2092,2066,2051
2041,2058,2089,2061,2169,2076,2064,2044
2044,2062,2081,2064,2164,2069,2053,2034
2052,2070,2075,2063,2178,2055,2059,2028
2046,2058,2055,2053,2189,2041,2032,2022
2042,2046,2036,2035,2189,2030,2022,2011
2033,2040,2032,2032,2244,2062,2052,2009
2041,2043,2042,2029,2256,2088,2059,2013
2049,2052,2055,2026,2178,2087,2057,2014
2056,2059,2066,2008,2062,2073,2052,2015
2054,2055,2057,1989,2005,2065,2066,2002
2048,2042,2038,1969,1948,2049,2064,1998
2042,2042,2039,1970,1929,2046,2051,1995
2043,2050,2051,1997,1940,2047,2059,2000
2046,2050,2057,2016,1932,2048,2043,2010
2047,2056,2066,2025,1981,2055,2062,2013
2053,2062,2070,2026,2023,2054,2047,2018
2053,2054,2063,2025,2047,2038,2059,2026
2046,2045,2060,2015,2063,2037,2058,2020
2041,2043,2058,2022,2072,2040,2062,2030
2041,2047,2060,2032,2073,2039,2059,2040
2046,2053,2058,2036,2071,2035,2066,2057
2054,2055,2068,2041,2063,2023,2051,2071
2057,2060,2072,2042,2038,2025,2074,2086
2067,2064,2066,2039,2026,2033,2066,2101
2070,2071,2066,2034,2014,2029,2065,2112
2078,2069,2056,2025,1997,2023,2055,2103
2065,2056,2047,2010,1949,2016,2054,2090
2046,2047,2041,2012,1960,2029,2061,2078
2046,2045,2044,2022,1970,2028,2056,2076
2054,2054,2061,2024,1973,2032,2042,2074
2059,2064,2059,2031,1957,2029,2012,2054
2053,2060,2055,2023,1909,2041,2027,2048
2049,2051,2041,2010,1870,2071,2022,2043
2043,2040,2036,2004,1851,2057,2032,2038
2040,2038,2027,2011,1849,2028,2022,2035
2044,2038,2024,2023,1877,2004,2037,2038
2058,2043,2024,2034,1943,2018,2042,2034
2059,2057,2020,2061,2019,2052,2044,2031
2058,2051,2032,2075,2071,2090,2044,2029
2051,2044,2044,2085,2118,2134,2044,2005
2043,2037,2039,2075,2144,2168,2061,1995
2041,2034,2032,2062,2134,2215,2076,1999
2052,2036,2034,2064,2121,2244,2087,2006
2055,2041,2025,2065,2069,2185,2058,2004
2045,2040,2026,2080,2029,2092,2035,1999
2045,2042,2025,2087,2033,2030,2022,1997
2049,2050,2031,2093,2035,1985,2029,1998
2056,2057,2043,2080,1950,1972,2009,2007
2042,2060,2038,2053,1842,1938,1999,2010
2038,2055,2027,2033,1868,1917,2038,2024
2034,2054,2031,2040,2005,1973,2043,2040
2041,2066,2059,2060,2115,2028,2058,2045
2046,2070,2089,2058,2202,2049,2055,2052
2046,2069,2092,2034,2281,2063,2061,2055
2049,2063,2078,2029,2346,2083,2076,2062
2049,2075,2081,2035,2347,2089,2080,2067
2054,2080,2092,2035,2290,2066,2076,2088
2056,2079,2104,2045,2233,2042,2048,2088
2051,2072,2100,2060,2276,2044,2065,2085
2046,2068,2097,2076,2334,2060,2047,2081
2037,2056,2083,2065,2221,2042,2052,2077
2038,2051,2070,2042,2062,2033,2039,2088
2047,2060,2074,2057,2006,2038,2039,2082
2053,2066,2068,2056,1978,2037,2041,2069
2049,2066,2059,2033,1998,2030,2036,2059
2047,2056,2050,2017,2010,2046,2035,2053
2046,2041,2034,1997,1961,2040,2025,2052
2032,2035,2026,1972,1921,2027,2031,2044
2043,2036,2035,1970,1910,2008,2028,2028
2048,2034,2038,1979,1916,1999,2017,2012
2045,2045,2049,2005,1957,2009,2025,2012
2045,2039,2052,2032,1979,2015,2023,2015
2047,2038,2053,2048,1990,2016,2024,2009
2042,2037,2052,2049,2002,2016,2028,2004
2031,2045,2056,2049,2016,2018,2025,2005
2036,2043,2051,2045,2016,2019,2027,2000
2037,2043,2048,2036,2018,2022,2027,1996
2026,2027,2038,2028,2015,2032,2028,1991
2031,2027,2038,2033,2028,2052,2051,1997
2040,2037,2044,2048,2044,2070,2058,2005
2040,2041,2039,2055,2070,2079,2062,2005
2041,2041,2043,2052,2085,2076,2057,2002
2039,2042,2046,2052,2092,2068,2061,2006
2043,2051,2056,2052,2080,2064,2064,2024
2054,2058,2058,2053,2061,2047,2058,2030
2055,2064,2057,2043,2053,2047,2053,2027
2046,2051,2048,2038,2046,2057,2041,2035
2047,2049,2046,2049,2060,2065,2054,2044
2046,2043,2048,2052,2064,2065,2055,2054
2038,2036,2052,2052,2060,2072,2055,2059
2038,2037,2046,2052,2059,2082,2054,2059
2037,2036,2052,2054,2054,2071,2053,2061
2035,2035,2054,2038,2032,2054,2031,2067
2036,2032,2044,2034,2016,2040,2028,2068
2034,2021,2040,2045,2076,2065,2043,2081
2032,2030,2043,2060,2110,2070,2039,2082
2042,2039,2048,2062,2080,2061,2053,2075
2045,2040,2047,2059,2060,2049,2026,2072
2056,2050,2053,2059,2046,2036,2029,2069
2060,2045,2046,2057,2049,2027,2030,2064
2057,2040,2044,2062,2065,2028,2039,2045
2050,2045,2041,2061,2064,2039,2042,2026
2050,2041,2033,2062,2062,2050,2030,2030
2057,2041,2037,2050,1991,2019,2033,2028
2055,2041,2032,2023,1887,1972,2035,2016
2048,2044,2029,2010,1865,1972,2023,2013
2059,2054,2040,2028,1948,2009,2041,2014
2064,2052,2047,2048,2002,2034,2038,2008
2057,2044,2029,2053,2024,2037,2039,1993
2047,2026,2026,2052,2028,2040,2035,1983
2044,2028,2029,2040,2010,2041,2034,1984
2043,2041,2048,2038,2004,2044,2035,1995
2052,2057,2062,2049,2029,2089,2062,2006
2052,2062,2056,2045,2049,2099,2025,2008
2046,2048,2054,2048,2124,2092,2020,1998
2048,2049,2054,2064,2215,2091,2036,1999
2050,2048,2047,2076,2276,2035,2036,2015
2060,2056,2051,2117,2404,2043,2044,2039
2062,2057,2047,2122,2464,2115,2062,2041
2064,2046,2038,2089,2396,2138,2059,2045
2057,2047,2036,2066,2331,2148,2068,2051
2050,2048,2049,2055,2225,2120,2047,2047
2040,2055,2037,2049,2118,2101,2052,2053
2042,2055,2036,2034,1984,2071,2043,2067
2043,2045,2023,1974,1773,2037,2020,2066
2037,2034,2017,1972,1788,2030,2057,2079
2038,2025,2021,1996,1878,2022,2044,2068
2030,2025,2025,1999,1921,2014,2019,2072
2031,2024,2026,1991,1875,1988,2005,2066
2044,2036,2045,2013,1923,1993,2038,2061
2041,2039,2052,2040,1992,1995,2055,2058
2039,2021,2043,2028,1960,1986,2033,2040
2031,2006,2033,2018,2010,1980,2035,2040
2035,2004,2038,2036,2086,1976,2035,2038
2035,2020,2037,2060,2146,1990,2034,2033
2027,2021,2041,2053,2119,2004,2024,2007
2007,2013,2032,2019,2075,2019,2010,1995
1999,2015,2042,2034,2179,2061,2022,1991
2006,2019,2047,2054,2245,2147,2047,1991
2015,2040,2052,2061,2268,2175,2051,1989
2037,2062,2065,2072,2251,2171,2034,1996
2056,2090,2068,2066,2159,2125,1999,2007
2068,2090,2060,2059,1981,1999,1988,2020
2069,2078,2055,2055,1895,1947,2024,2018
2060,2058,2049,2052,1932,2002,2042,2009
2052,2040,2041,2043,1920,2024,2033,2010
2052,2052,2039,2049,1919,2024,2047,2022
2070,2062,2055,2089,2004,2068,2052,2038
2077,2067,2067,2113,2026,2104,2067,2031
2063,2061,2063,2107,1982,2115,2065,2024
2048,2043,2055,2090,1977,2114,2077,2032
2051,2040,2048,2102,2043,2080,2080,2045
2056,2039,2052,2131,2094,2080,2079,2049
2050,2042,2050,2140,2090,2108,2079,2052
2046,2038,2042,2125,2044,2130,2062,2037
2042,2042,2033,2095,1971,2126,2069,2037
2044,2037,2029,2069,1919,2087,2049,2047
2035,2033,2028,2060,1915,1970,2039,2074
2044,2046,2043,2063,1964,1872,2011,2101
2060,2062,2056,2041,1961,1893,2023,2102
2064,2067,2056,2025,1989,1963,2034,2103
2061,2064,2059,2011,2054,2031,2052,2086
2062,2068,2055,2003,2074,2056,2061,2089
2060,2061,2066,1988,1998,2029,2054,2070
2054,2052,2060,1975,1933,1997,2040,2055
2045,2045,2065,1976,1954,2005,2029,2047
2040,2037,2055,1968,1977,2039,2036,2044
2045,2035,2043,1976,2029,2084,2048,2041
2047,2035,2052,2009,2088,2089,2039,2022
2050,2050,2082,2037,2122,2089,2036,2023
2050,2064,2098,2044,2117,2068,2039,2015
2052,2068,2096,2032,2109,2055,2047,2020
2051,2060,2082,2022,2090,2035,2042,2010
2049,2046,2060,2019,2079,2032,2019,2013
2045,2045,2060,2026,2097,2033,2024,2012
2049,2046,2058,2039,2133,2033,2037,2006
2057,2044,2058,2042,2138,2038,2034,2011
2054,2034,2049,2044,2128,2039,2036,2003
2052,2029,2043,2042,2104,2047,2034,2000
2054,2034,2052,2045,2098,2058,2050,2002
2048,2042,2059,2045,2085,2050,2045,2000
2043,2037,2053,2037,2063,2050,2037,2006
2037,2045,2050,2020,2013,2052,2029,2015
2054,2036,2061,2014,1976,2042,2031,2013
2057,2045,2063,2018,1943,2016,2022,2024
2056,2055,2063,2019,1933,1967,2030,2033
2059,2061,2057,2028,1969,1920,2024,2040
2052,2057,2050,2035,2051,1971,2026,2045
2047,2051,2045,2030,2072,2020,2038,2034
2040,2050,2047,2046,2096,2064,2064,2046
2048,2050,2058,2063,2115,2093,2073,2072
2053,2052,2067,2078,2146,2128,2065,2094
2058,2062,2061,2094,2172,2162,2050,2093
2056,2057,2049,2097,2170,2148,2055,2080
2038,2038,2026,2074,2139,2096,2051,2072
2034,2034,2027,2062,2083,2063,2066,2070
2049,2044,2029,2053,2030,2042,2068,2070
2051,2048,2023,2035,1970,2022,2024,2064
2052,2046,2017,2021,1960,2024,2047,2053
2054,2042,2024,2035,1994,2037,2033,2043
2037,2038,2043,2050,2083,2040,2023,2024
2030,2041,2055,2072,2107,2043,2037,2023
2037,2035,2066,2087,2098,2054,2048,2017
2033,2028,2068,2088,2085,2054,2047,2012
2031,2030,2073,2090,2075,2060,2050,2008
2037,2029,2069,2085,2075,2042,2039,2008
2039,2027,2062,2084,2064,2036,2054,2003
2039,2028,2058,2090,2052,2045,2051,2003
2040,2037,2045,2094,2068,2052,2034,1994
2040,2033,2038,2091,2082,2053,2038,1986
2040,2038,2039,2087,2081,2050,2046,1987
2038,2033,2027,2080,2079,2058,2046,1993
2033,2023,2013,2060,2080,2061,2064,1993
2040,2025,2017,2040,2087,2054,2053,1991
2043,2030,2021,2021,2086,2050,2053,1999
2045,2037,2023,1999,2074,2051,2047,2010
2058,2040,2016,1992,2068,2043,2041,2010
2052,2038,2019,1984,2056,2034,2042,2018
2060,2051,2038,1992,2044,2045,2047,2039
2063,2059,2053,1988,2004,2036,2052,2035
2061,2053,2058,1988,1982,2026,2040,2034
2048,2058,2070,2000,1972,2016,2030,2043
2051,2074,2076,2013,1956,2001,2037,2056
2049,2072,2069,2016,1977,2024,2051,2063
2046,2070,2060,2025,2020,2041,2045,2064
2052,2063,2060,2057,2070,2076,2070,2078
2043,2055,2057,2068,2108,2113,2045,2065
2029,2049,2062,2057,2131,2157,2059,2055
2025,2060,2069,2042,2101,2179,2043,2053
2035,2063,2058,2022,2044,2153,2058,2067
2038,2047,2051,2014,2048,2102,2053,2073
2038,2044,2051,2023,2104,2085,2061,2079
2051,2050,2048,2045,2163,2037,2069,2080
2049,2046,2046,2065,2228,2057,2064,2062
2047,2046,2039,2077,2226,2074,2039,2039
2038,2038,2032,2058,2157,2047,2006,2021
2037,2037,2034,2041,2066,2020,2000,2008
2034,2043,2040,2052,2068,2038,2011,2014
2039,2052,2044,2061,2077,2049,2041,2013
2039,2050,2038,2068,2072,2069,2034,2009
2042,2043,2038,2068,2079,2076,2034,2007
2042,2047,2037,2068,2040,2091,2045,2004
2044,2049,2045,2060,2107,2110,2054,2008
2050,2052,2041,2063,2184,2123,2038,1999
2040,2037,2040,2041,2168,2135,2032,1986
2037,2040,2060,2043,2091,2096,2032,1989
2037,2056,2082,2055,2065,2089,2049,1997
2036,2054,2084,2068,2096,2049,2014,1997
2040,2052,2078,2086,2166,1996,2027,2016
2047,2063,2090,2097,2195,2024,2070,2032
2066,2069,2097,2107,2187,2053,2071,2051
2064,2065,2088,2087,2135,2052,2077,2051
2070,2057,2068,2071,2092,2044,2082,2054
2064,2049,2055,2047,1950,2039,2082,2063
2066,2045,2053,2029,1747,2016,2072,2063
2066,2047,2056,2043,1735,2009,2064,2066
2056,2047,2066,2064,1884,2041,2060,2072
2058,2055,2081,2080,2070,2065,2059,2067
2054,2064,2081,2072,2126,2057,2065,2054
2040,2056,2073,2055,2058,2044,2047,2054
2028,2035,2062,2056,2085,2016,2048,2066
2018,2026,2054,2084,2146,2037,2055,2063
2016,2024,2048,2089,2127,2051,2039,2063
2016,2032,2046,2057,1981,2036,2045,2052
2021,2036,2038,2029,1863,2020,2045,2047
2031,2031,2037,2055,1859,2027,2052,2045
2039,2019,2029,2069,1937,2056,2050,2030
2027,2008,2012,2046,1976,2062,2034,2020
2031,2004,2001,2026,1945,2046,2046,2010
2022,2004,2004,2013,1890,2022,2025,2014
2018,2023,2021,2011,1865,1956,2020,2017
2034,2035,2026,2005,1840,1913,2017,2026
2035,2044,2032,2019,1990,1905,2009,2030
2046,2055,2049,2048,2129,1966,2022,2021
2050,2060,2054,2060,2137,2052,2033,2016
2044,2049,2044,2045,2081,2095,2046,2002
2041,2042,2039,2018,2025,2090,2057,2005
2034,2035,2020,1980,1979,2060,2074,1991
2032,2017,2013,1964,1962,2042,2069,2000
2029,2026,2025,1991,2003,2049,2074,2002
2034,2044,2046,2011,2060,2060,2069,2010
2041,2056,2063,2041,2108,2080,2080,2015
2047,2062,2073,2042,2088,2084,2081,2015
2045,2061,2078,2048,2082,2092,2093,2021
2047,2063,2088,2058,2074,2086,2080,2027
2045,2061,2081,2053,2065,2077,2082,2035
2043,2048,2069,2033,2058,2056,2077,2036
2049,2051,2069,2027,2029,2021,2051,2042
2053,2051,2075,2021,2017,2007,2046,2047
2049,2053,2083,2041,2084,2042,2055,2058
2055,2069,2084,2062,2146,2093,2069,2064
2053,2071,2081,2070,2168,2101,2054,2076
2053,2070,2073,2066,2140,2089,2059,2080
2045,2064,2065,2051,2055,2064,2045,2077
2043,2051,2051,2024,1980,2039,2028,2074
2046,2054,2046,2027,1980,2035,2036,2079
2046,2058,2047,2035,2006,2038,2035,2077
2049,2055,2046,2040,2037,2047,2043,2070
2044,2052,2040,2040,2054,2063,2051,2064
2041,2044,2035,2041,2040,2068,2050,2065
2050,2044,2036,2036,2002,2058,2041,2044
2046,2041,2040,2041,1993,2039,2023,2027
2040,2044,2049,2048,1987,2029,2024,2020
2044,2047,2052,2053,2015,2037,2048,2022
2050,2050,2056,2065,2078,2047,2046,2021
2053,2054,2064,2076,2099,2056,2048,2020
2059,2052,2061,2068,2072,2083,2061,2014
2054,2055,2054,2053,2001,2064,2048,2012
2040,2044,2044,2042,1995,2027,2054,2000
2032,2029,2027,2029,2047,2004,2039,1986
2034,2014,2016,2006,2040,1971,1994,1969
2020,1997,1998,1961,1934,1924,1971,1964
2019,1998,2004,1983,1950,1946,1990,1971
2035,2024,2022,2058,2140,2008,2010,1976
2033,2029,2023,2062,2167,2029,2025,1981
2042,2029,2026,2052,2128,2026,2030,1993
2041,2031,2023,2060,2118,2025,2035,2012
2046,2033,2029,2065,2105,2028,2050,2011
2036,2032,2020,2053,2087,2031,2059,2020
2015,2011,2011,2045,2076,2028,2046,2029
2018,2012,2003,2043,2068,2034,2054,2045
2033,2034,2015,2047,2069,2036,2056,2037
2051,2065,2044,2064,2080,2049,2059,2040
2058,2085,2070,2077,2083,2057,2075,2044
2053,2077,2068,2066,2080,2058,2071,2050
2046,2059,2059,2049,2054,2055,2066,2056
2046,2061,2065,2052,2030,2057,2064,2078
2052,2064,2068,2049,2033,2054,2074,2082
2055,2064,2077,2052,2083,2050,2060,2087
2052,2060,2078,2045,2064,2064,2047,2084
2054,2070,2089,2052,2051,2060,2030,2073
2056,2073,2094,2049,2036,2056,2024,2065
2052,2075,2108,2044,2003,2024,2026,2055
2045,2071,2106,2049,2070,1983,2051,2058
2059,2069,2096,2066,2205,2043,2059,2066
2052,2057,2087,2057,2223,2078,2080,2051
2056,2057,2085,2056,2176,2122,2081,2046
2051,2055,2077,2070,2182,2119,2069,2020
2041,2052,2069,2057,2140,2077,2061,2007
2032,2053,2065,2054,2121,2072,2057,2022
2040,2042,2061,2077,2204,2094,2056,2032
2051,2046,2065,2086,2212,2081,2063,2032
2053,2051,2062,2081,2212,2064,2080,2027
2054,2048,2059,2072,2204,2050,2069,2022
2051,2045,2049,2066,2136,2027,2060,2020
2046,2038,2041,2057,2051,2010,2050,2004
2045,2039,2045,2062,2048,2030,2058,2005
2053,2049,2057,2072,2047,2038,2066,1993
2031,2044,2052,2043,1933,2004,2056,1988
2031,2036,2043,2004,1876,1975,2041,2009
2035,2024,2037,2008,1896,1991,2048,2010
2041,2032,2041,2013,1820,2020,2042,2029
2046,2037,2048,2035,1945,2051,2051,2039
2052,2037,2045,2042,1996,2060,2051,2031
2039,2038,2043,2036,2002,2058,2060,2032
2029,2034,2043,2036,2007,2047,2061,2039
2030,2034,2032,2024,2000,2032,2039,2050
2024,2025,2040,2031,1967,2015,2047,2061
2026,2033,2049,2029,1942,2031,2056,2068
2039,2039,2052,2027,1938,2047,2054,2084
2055,2042,2041,2024,1940,2053,2053,2070
2047,2030,2021,2020,1974,2049,2046,2074
2040,2023,2025,2049,2034,2017,2046,2092
2054,2028,2033,2070,2076,2000,2054,2089
2053,2031,2032,2067,2086,2016,2044,2076
2034,2029,2025,2062,2075,2029,2050,2060
2027,2033,2011,2056,2055,2037,2050,2055
2027,2031,2010,2061,2051,2038,2035,2045
2029,2028,2007,2059,2041,2032,2026,2034
2037,2034,2017,2059,2037,2020,2039,2034
2035,2031,2019,2059,2040,2022,2048,2022
2036,2030,2029,2058,2046,2033,2052,2020
2033,2034,2038,2057,2045,2039,2057,2017
2045,2045,2052,2056,2039,2049,2060,2014
2049,2056,2060,2051,2067,2064,2063,2016
2054,2061,2058,2050,2058,2098,2083,2020
2058,2063,2067,2056,2069,2142,2080,2019
2059,2066,2087,2066,2047,2159,2082,2004
2056,2052,2093,2066,1992,2167,2064,2004
2050,2057,2091,2047,1912,2165,2065,2009
2055,2062,2095,2035,1876,2151,2083,2010
2053,2058,2080,1998,1912,2129,2073,2017
2052,2047,2066,2000,2081,2085,2082,2026
2056,2049,2077,2057,2221,2068,2096,2042
2069,2058,2094,2097,2158,2052,2076,2052
2067,2065,2084,2068,2092,2002,2057,2044
2068,2053,2068,2047,2035,1966,2029,2036
2062,2057,2070,2030,1974,1974,2038,2035
2053,2059,2064,2025,1994,2001,2044,2035
2047,2052,2058,2033,1993,2013,2054,2043
2043,2041,2055,2026,1973,2029,2060,2050
2051,2040,2048,2031,1982,2046,2051,2061
2045,2047,2042,2029,2005,2055,2058,2069
2044,2044,2036,2031,2020,2047,2060,2076
2045,2043,2032,2028,2038,2034,2029,2076
2029,2024,2010,2011,2052,2026,2006,2066
2024,2019,2006,2008,2038,2030,2038,2072
2041,2036,2021,2018,2042,2022,2044,2061
2042,2039,2030,2027,2069,2022,2034,2052
2037,2045,2041,2046,2102,2030,2039,2046
2039,2038,2036,2049,2116,2027,2016,2035
2029,2040,2034,2049,2098,2033,2018,2027
2035,2046,2037,2062,2088,2039,2033,2028
2033,2035,2035,2052,2073,2046,2048,2020
2044,2033,2019,2045,2064,2051,2055,2019
2051,2041,2020,2048,2061,2053,2046,2022
2059,2057,2033,2047,2064,2044,2046,2021
2052,2043,2033,2051,2056,2038,2044,2011
2042,2040,2037,2058,2057,2040,2042,2005
2038,2035,2038,2059,2074,2041,2039,2006
2033,2031,2042,2071,2074,2038,2038,1999
2031,2028,2028,2063,2065,2032,2026,1988
2029,2017,2030,2060,2054,2020,2043,1991
2040,2028,2033,2066,2060,2029,2045,2000
2047,2035,2045,2078,2069,2038,2042,2011
2046,2038,2053,2081,2060,2039,2048,2018
2048,2038,2050,2073,2060,2041,2050,2025
2048,2032,2046,2064,2050,2041,2052,2022
2047,2040,2057,2065,2046,2064,2058,2031
2041,2048,2058,2061,2017,2099,2058,2032
2045,2049,2055,2058,1988,2106,2040,2036
2046,2054,2052,2048,1974,2087,2025,2038
2044,2055,2053,2048,1963,2030,2020,2043
2037,2056,2050,2041,1959,1983,2025,2060
2053,2061,2051,2045,2011,2004,2028,2074
2056,2063,2047,2041,2048,2040,2006,2065
2051,2054,2035,2025,2045,2042,2023,2084
2054,2052,2031,2020,2078,2031,2036,2098
2060,2050,2041,2033,2122,2052,2045,2095
2044,2048,2044,2039,2114,2094,2056,2095
2047,2060,2050,2052,2102,2124,2055,2090
2050,2060,2038,2045,2111,2113,2049,2088
2049,2055,2039,2054,2118,2098,2048,2078
2050,2052,2043,2053,2082,2067,2045,2067
2050,2048,2047,2050,2041,2038,2051,2056
2049,2043,2049,2055,2039,2043,2035,2051
2054,2044,2049,2062,2014,2061,2053,2046
2054,2052,2049,2070,2062,2095,2071,2047
2061,2054,2039,2094,2159,2122,2077,2034
2060,2047,2035,2064,2049,2104,2035,2024
2051,2035,2013,2021,1925,2078,2051,2016
2049,2031,2003,2027,1968,2074,2043,2012
2047,2027,2006,2025,1987,2046,2057,2000
2043,2026,2001,2015,1942,2031,2029,1994
2036,2020,2002,2009,1927,2011,2019,1982
2028,2019,2001,1997,1944,1995,2009,1976
2026,2017,2015,2026,2034,2008,2032,1986
2035,2036,2043,2054,2109,2016,2045,2006
2038,2027,2037,2055,2140,2034,2053,2016
2038,2026,2034,2049,2136,2045,2057,2019
2039,2035,2051,2050,2121,2047,2052,2023
2041,2057,2063,2055,2093,2047,2034,2024
2052,2066,2073,2048,2044,2033,2046,2031
2059,2074,2081,2043,2012,2031,2036,2040
2061,2080,2097,2051,1987,2025,2055,2046
2055,2076,2103,2035,1987,2036,2035,2046
2050,2076,2100,2038,2058,2078,2049,2061
2056,2078,2106,2064,2132,2114,2082,2069
2058,2080,2103,2067,2155,2123,2082,2079
2046,2064,2093,2067,2184,2127,2036,2071
2047,2054,2079,2045,2192,2096,2048,2081
2048,2045,2067,2058,2243,2060,2029,2092
2037,2031,2056,2050,2254,2041,2026,2088
2034,2022,2045,2032,2220,2049,2038,2077
2038,2029,2041,2018,2052,2049,2038,2069
2040,2023,2042,2012,1882,2046,2044,2062
2042,2024,2043,2018,1890,2051,2041,2053
2041,2027,2045,2016,1934,2049,2037,2046
2044,2027,2047,2022,1977,2049,2033,2030
2035,2021,2044,2035,2014,2053,2036,2016
2027,2013,2037,2038,2038,2056,2045,2026
2035,2019,2050,2051,2053,2058,2064,2028
2040,2029,2051,2057,2052,2066,2069,2022
2045,2027,2044,2059,2034,2055,2058,2017
2039,2023,2036,2055,2020,2052,2069,2020
2038,2024,2037,2064,2028,2062,2060,2031
2045,2032,2036,2061,2043,2071,2070,2029
2056,2033,2032,2061,2042,2071,2078,2030
2050,2027,2017,2044,2039,2061,2072,2033
2048,2027,2006,2032,2034,2055,2052,2041
2061,2043,2009,2036,2032,2062,2064,2046
2069,2051,2015,2029,2032,2052,2047,2036
2063,2057,2016,2026,2030,2036,2020,2035
2055,2052,2018,2023,2028,2014,2011,2030
2049,2052,2012,2014,2029,2007,2020,2023
2039,2043,2006,2011,2033,2026,2025,2031
2038,2041,2008,1993,2036,2057,2027,2036
2037,2042,2027,2002,2040,2059,2033,2044
2044,2050,2047,2021,2048,2054,2039,2054
2048,2047,2059,2034,2051,2047,2062,2053
2045,2045,2071,2034,2053,2051,2057,2063
2042,2046,2088,2037,2050,2052,2056,2078
2040,2056,2105,2043,2073,2067,2056,2082
2045,2065,2108,2063,2108,2089,2045,2090
2052,2066,2106,2061,2129,2111,2065,2092
2042,2063,2096,2054,2100,2120,2058,2097
2043,2059,2090,2040,2045,2102,2058,2094
2047,2065,2092,2043,2016,2071,2041,2088
2053,2064,2086,2053,2031,2044,2044,2087
2054,2062,2075,2048,2044,1994,2041,2089
2054,2058,2071,2058,2088,1954,2039,2085
2062,2060,2071,2056,2072,1968,2048,2075
2039,2050,2076,2030,2073,1997,2032,2054
2046,2058,2082,2051,2148,2066,2075,2053
2056,2073,2098,2071,2202,2087,2076,2050
2055,2066,2090,2077,2257,2099,2070,2040
2058,2060,2079,2075,2226,2075,2060,2041
2053,2061,2070,2047,2114,2047,2059,2035
2060,2065,2065,2045,2103,2044,2070,2029
2057,2063,2058,2030,2040,2035,2056,2023
2057,2058,2056,2009,1958,2045,2053,2027
2057,2052,2058,2032,2018,2064,2065,2027
2049,2035,2045,2036,2012,2064,2034,2012
2042,2027,2031,2009,1888,2028,2036,2015
2048,2043,2043,2012,1881,2001,2039,2015
2049,2043,2043,2021,1920,2000,2026,2008
2032,2031,2035,2024,1970,1990,2038,2013
2027,2042,2038,2035,2001,2010,2041,2023
2040,2050,2054,2041,2011,2039,2064,2030
2046,2046,2056,2039,2024,2072,2066,2034
2047,2052,2053,2030,2017,2074,2046,2036
2043,2051,2050,2029,1998,2058,2063,2048
2040,2045,2043,2034,1973,2017,2026,2049
2034,2035,2051,2038,1956,1962,1995,2057
2029,2028,2052,2032,1948,1963,1985,2060
2021,2025,2046,2025,1969,1979,1992,2065
2014,2023,2052,2035,2019,2007,2016,2083
2024,2039,2069,2061,2088,2043,2030,2093
2036,2051,2072,2072,2107,2052,2019,2095
2027,2031,2057,2065,2084,2060,2040,2098
2029,2028,2052,2060,2082,2055,2038,2091
2033,2043,2053,2062,2068,2056,2050,2085
2041,2044,2062,2062,2053,2048,2055,2075
2037,2043,2061,2070,2050,2046,2068,2067
2037,2039,2058,2064,2049,2039,2045,2060
2039,2042,2048,2051,2040,2019,2018,2047
2042,2031,2047,2042,2038,2014,2018,2030
2030,2029,2039,2039,2049,2034,2006,2012
2024,2031,2028,2029,2064,2057,2019,2004
2024,2030,2025,2022,2061,2100,2054,2008
2022,2028,2027,2012,2056,2110,2040,2018
2030,2040,2033,2010,2054,2078,2039,2025
2041,2047,2046,2019,2039,2045,2033,2017
2050,2052,2057,2029,2044,2044,2038,2022
2053,2050,2057,2028,2049,2041,2046,2014
2043,2036,2041,2028,2034,2028,2040,2010
2031,2026,2039,2024,2035,2040,2036,2016
2034,2035,2045,2036,2051,2053,2055,2024
2040,2040,2048,2044,2060,2047,2060,2029
2048,2044,2046,2043,2060,2041,2054,2033
2052,2046,2058,2045,2063,2047,2051,2032
2050,2057,2066,2046,2062,2049,2056,2042
2052,2057,2065,2037,2056,2074,2050,2047
2051,2053,2062,2031,2040,2075,2049,2041
2048,2049,2064,2031,2036,2064,2053,2045
2045,2047,2072,2035,2041,2044,2043,2046
2049,2050,2074,2042,2050,2002,2040,2063
2051,2061,2080,2046,2075,1989,2056,2082
2050,2052,2082,2052,2075,1995,2034,2095
2048,2053,2070,2045,2072,2004,2016,2085
2046,2045,2068,2050,2069,2013,2005,2091
2046,2050,2063,2051,2059,2018,2012,2089
2034,2034,2056,2036,1998,2028,2028,2085
2034,2033,2048,2021,1933,2064,2043,2079
2037,2037,2046,2005,1865,2116,2032,2064
2039,2036,2035,1988,1794,2133,2033,2059
2034,2033,2036,1982,1749,2105,2031,2058
2036,2035,2039,1997,1812,1992,2023,2061
2043,2043,2034,2023,1935,1892,2026,2069
2049,2057,2050,2064,2055,1876,2049,2074
2057,2056,2055,2085,2140,1941,2055,2069
2048,2050,2041,2092,2228,2026,2064,2044
2048,2043,2030,2101,2330,2074,2050,2038
2046,2033,2020,2087,2328,2077,2036,2026
2040,2026,2005,2060,2239,2066,2056,2019
2038,2019,1993,2031,2114,2049,2046,2011
2036,2013,2000,2011,1952,2033,2023,2000
2038,2024,2033,2018,1939,2050,2028,2005
2041,2036,2061,2053,2019,2061,2035,2004
2037,2028,2068,2059,2054,2065,2036,1998
2037,2034,2074,2056,2071,2065,2040,2009
2045,2050,2074,2054,2081,2063,2065,2005
2042,2043,2080,2049,2079,2064,2065,2008
2034,2035,2078,2050,2082,2072,2064,2010
2041,2045,2088,2057,2079,2069,2061,2016
2041,2043,2090,2061,2070,2059,2039,2027
2041,2048,2096,2062,2074,2060,2048,2034
2043,2045,2094,2062,2076,2055,2053,2038
2046,2044,2084,2058,2070,2048,2025,2049
2044,2039,2074,2056,2070,2052,2043,2060
2047,2042,2058,2056,2067,2046,2063,2065
2047,2046,2050,2053,2077,2052,2069,2071
2045,2046,2042,2046,2074,2043,2067,2076
2044,2044,2038,2039,2066,2030,2052,2083
2041,2035,2029,2029,2067,2025,2058,2089
2040,2038,2021,2014,2060,2026,2029,2069
2024,2030,2010,2013,2052,2030,1997,2072
2024,2031,2018,2022,2055,2043,2020,2089
2034,2046,2042,2038,2063,2051,2011,2085
2035,2054,2058,2044,2062,2054,2044,2080
2036,2050,2068,2048,2063,2060,2038,2069
2043,2052,2066,2051,2066,2064,2041,2064
2045,2050,2059,2054,2065,2062,2041,2051
2045,2047,2049,2054,2061,2055,2050,2049
2047,2043,2042,2048,2053,2074,2049,2041
2044,2036,2034,2033,2051,2073,2063,2028
2043,2039,2030,2034,2045,2077,2060,2034
2047,2043,2033,2042,2056,2071,2061,2033
2048,2042,2029,2052,2053,2019,2036,2037
2046,2047,2034,2043,2034,1992,2042,2028
2044,2051,2047,2029,2026,1988,2031,2019
2044,2055,2052,2019,2044,2013,2032,2018
2035,2047,2058,2020,2029,2023,2031,2005
2037,2040,2056,2021,2071,2042,2034,2005
2034,2050,2067,2031,2135,2060,2052,2014
2048,2050,2064,2036,2119,2056,2030,2017
2053,2057,2079,2040,2074,2066,2050,2022
2044,2068,2086,2046,2003,2052,2045,2022
2050,2066,2097,2047,1953,2025,2035,2016
2044,2061,2095,2053,1916,2003,2041,2022
2041,2054,2087,2032,1877,1944,2041,2030
2045,2052,2068,2022,1839,1928,2045,2034
2038,2053,2070,2054,1924,1995,2074,2054
2059,2062,2073,2082,2045,2066,2078,2068
2056,2057,2066,2090,2146,2102,2094,2079
2053,2053,2047,2074,2173,2111,2083,2090
2046,2046,2036,2053,2111,2089,2051,2087
2044,2041,2020,2032,2036,2074,2065,2096
2050,2048,2031,2031,1998,2068,2075,2087
2044,2041,2028,2023,1995,2055,2079,2084
2037,2033,2010,1999,1983,2051,2075,2080
2045,2042,2010,2005,2040,2089,2069,2084
2045,2048,2026,2013,2136,2106,2060,2078
2044,2055,2038,2020,2177,2112,2072,2068
2047,2050,2039,2035,2214,2119,2075,2073
2045,2050,2040,2033,2252,2104,2066,2062
2048,2045,2033,2028,2268,2093,2071,2047
2045,2042,2033,2048,2259,2094,2067,2043
2040,2039,2039,2057,2167,2057,2076,2038
2051,2049,2047,2044,2105,2047,2071,2045
2051,2049,2045,2023,2009,2035,2066,2037
2047,2043,2035,1991,1788,2004,2055,2027
2035,2040,2039,1984,1750,1999,2048,2018
2037,2034,2039,1987,1830,1985,2032,2011
2039,2044,2054,1995,1901,1983,2036,2008
2043,2046,2052,1991,1960,1989,2030,1996
2031,2031,2038,1993,1947,2006,2036,1996
2028,2034,2046,1993,1994,2033,2049,2005
2037,2045,2059,2011,2113,2062,2058,2012
2035,2045,2051,2027,2188,2080,2070,2020
2050,2050,2061,2054,2222,2102,2068,2026
2051,2057,2058,2051,2178,2106,2055,2030
2044,2045,2055,2040,2171,2105,2075,2030
2038,2046,2048,2042,2160,2103,2071,2045
2045,2045,2050,2030,2137,2077,2044,2045
2050,2043,2048,2001,2044,2034,2047,2047
2045,2045,2039,1990,1932,1991,2024,2056
2042,2049,2052,2014,1929,1999,2057,2059
2050,2058,2062,2039,1980,2029,2056,2076
2052,2064,2068,2036,1987,2039,2069,2086
2054,2067,2068,2035,2001,2047,2074,2096
2050,2068,2067,2025,2013,2037,2061,2108
2061,2059,2062,2018,2020,2029,2052,2092
2053,2054,2048,2030,2030,2020,2054,2096
2047,2055,2062,2038,2038,2003,2053,2105
2056,2061,2064,2042,2051,1996,2039,2091
2053,2054,2052,2032,2051,2016,2047,2085
2046,2050,2046,2026,2044,2032,2050,2076
2040,2045,2033,2019,2031,2028,2041,2069
2045,2046,2046,2029,2036,2041,2044,2056
2056,2052,2047,2046,2075,2052,2062,2053
2056,2047,2053,2051,2107,2054,2064,2041
2049,2048,2050,2052,2118,2065,2056,2035
2048,2042,2056,2057,2131,2065,2070,2024
2043,2039,2049,2062,2149,2068,2070,2026
2036,2033,2040,2058,2142,2067,2051,2018
2042,2028,2034,2039,2063,2061,2060,2010
2038,2024,2027,2023,1998,2045,2036,2008
2042,2024,2017,2006,1910,2028,2034,2000
2032,2021,2016,1983,1808,1958,2037,1998
2039,2033,2034,2010,1878,1909,2027,2014
2055,2050,2049,2042,2003,1964,2052,2019
2057,2051,2044,2058,2029,2000,2048,2020
2054,2048,2032,2060,2017,2005,2051,2020
2047,2049,2036,2051,1978,1989,2047,2014
2041,2048,2027,2035,1944,1987,2037,2016
2045,2056,2027,2016,1962,2030,2037,2019
2039,2063,2044,2025,2015,2061,2039,2025
2042,2065,2053,2043,2073,2100,2057,2049
2054,2070,2065,2047,2075,2111,2047,2062
2060,2080,2076,2045,2077,2113,2047,2068
2061,2074,2070,2036,2076,2107,2047,2078
2054,2062,2051,2022,2069,2064,2028,2075
2048,2057,2044,2012,2018,2029,2027,2074
2051,2058,2046,1997,1958,2027,2029,2072
2052,2055,2037,2002,1988,2039,2046,2078
2042,2046,2029,2003,2034,2052,2035,2076
2038,2046,2034,2017,2050,2058,2038,2077
2043,2059,2040,2034,2020,2075,2039,2077
2043,2058,2039,2030,1981,2081,2040,2060
2041,2049,2041,2017,1965,2077,2028,2047
2032,2051,2050,2015,1973,2074,2044,2043
2043,2052,2059,2026,2033,2038,2043,2049
2044,2046,2055,2039,2127,2025,2050,2050
2052,2050,2058,2059,2162,2044,2045,2036
2041,2047,2057,2060,2150,2056,2052,2028
2040,2050,2051,2052,2148,2066,2045,2016
2035,2048,2054,2052,2126,2103,2032,2007
2038,2045,2053,2046,2087,2141,2035,1989
2028,2041,2052,2039,2027,2141,2047,1991
2025,2039,2050,2041,2014,2108,2038,1994
2028,2035,2040,2041,2015,2037,2038,2003
2033,2042,2046,2049,2044,1918,2068,2021
2043,2039,2059,2073,2078,1910,2064,2032
2057,2044,2072,2090,2069,1972,2063,2033
2060,2054,2082,2086,2051,2013,2056,2031
2057,2048,2065,2061,1997,2015,2057,2024
2052,2047,2056,2047,1938,2006,2033,2006
2038,2038,2039,2022,1907,2000,2009,2002
2033,2031,2025,2029,1913,1984,2020,2007
2037,2036,2024,2057,2012,1997,2046,2031
2048,2047,2032,2063,1997,2030,2062,2044
2049,2058,2032,2063,2010,2062,2052,2046
2044,2051,2030,2065,2075,2069,2045,2045
2042,2042,2016,2071,2144,2093,2044,2038
2032,2029,2003,2061,2125,2106,2056,2044
2027,2026,1994,2049,2073,2088,2046,2063
2039,2042,2003,2020,2029,2061,2044,2073
2044,2051,2009,2000,1992,2054,2050,2078
2035,2039,2004,1974,1994,2044,2021,2075
2029,2032,2003,1963,2067,2070,2021,2074
2030,2050,2024,1973,2121,2095,2033,2088
2050,2070,2044,1995,2127,2126,2080,2090
2063,2083,2063,2015,2122,2142,2070,2095
2070,2083,2073,2030,2116,2138,2078,2081
2069,2078,2067,2039,2090,2126,2071,2067
2063,2068,2064,2037,2085,2124,2088,2058
2060,2066,2065,2037,2087,2117,2071,2053
2059,2054,2050,2033,2082,2102,2066,2048
2055,2054,2052,2031,2096,2092,2053,2036
2050,2045,2057,2032,2151,2088,2066,2026
2039,2044,2065,2038,2150,2073,2056,2026
2028,2050,2075,2046,2131,2052,2060,2025
2043,2056,2079,2046,2124,2056,2063,2026
2043,2068,2075,2055,2182,2061,2085,2026
2047,2062,2075,2065,2209,2060,2080,2023
2047,2056,2076,2058,2173,2070,2082,2024
2043,2059,2081,2052,2100,2055,2078,2021
2049,2067,2084,2043,2010,2034,2079,2029
2050,2059,2079,2038,1909,2045,2074,2026
2040,2068,2086,2068,1978,2039,2072,2041
2055,2069,2093,2104,2092,2036,2068,2046
2051,2067,2084,2090,2097,2026,2045,2035
2049,2047,2070,2050,1966,2026,2038,2030
2041,2050,2084,2082,2050,2068,2052,2035
2039,2057,2090,2095,2083,2087,2049,2040
2045,2052,2084,2102,2075,2070,2052,2044
2032,2048,2073,2085,2008,2032,2045,2054
2035,2050,2072,2065,1974,2036,2061,2067
2048,2054,2072,2069,1983,2041,2055,2079
2049,2061,2071,2087,2022,2048,2044,2068
2044,2057,2065,2084,2034,2021,2017,2066
2035,2052,2059,2076,2025,2030,2020,2058
2027,2039,2046,2061,2019,2045,2034,2060
2020,2030,2044,2041,2021,2055,2039,2066
2026,2040,2052,2012,1994,2047,2038,2067
2024,2032,2048,1997,1983,2038,2040,2057
2024,2033,2036,1986,1981,2034,2029,2062
2031,2033,2021,1972,1987,2039,2029,2057
2032,2024,2012,1968,1991,2032,2036,2048
2035,2033,2024,1974,1992,2031,2041,2031
2033,2043,2040,1988,1993,2023,2050,2035
2042,2050,2054,2006,1993,2027,2050,2044
2045,2052,2057,2020,2007,2040,2063,2035
2040,2052,2061,2026,2011,2048,2044,2031
2041,2053,2065,2036,2018,2054,2043,2028
2044,2056,2068,2039,2021,2062,2033,2019
2043,2057,2065,2038,2021,2058,2054,2020
2059,2060,2061,2033,2015,2074,2069,2022
2049,2066,2064,2039,2005,2077,2067,2022
2042,2059,2060,2035,2000,2070,2051,2016
2052,2056,2059,2037,1998,2065,2047,2025
2060,2066,2062,2040,2003,2062,2073,2032
2062,2058,2057,2033,2007,2045,2046,2032
2054,2058,2060,2029,2006,2041,2057,2029
2048,2054,2051,2015,1962,2030,2039,2024
2047,2051,2043,2010,1963,2021,2042,2022
2046,2043,2030,2005,2010,2004,2050,2027
2044,2042,2041,2026,2065,1987,2046,2039
2049,2051,2047,2053,2122,1982,2055,2061
2064,2051,2053,2056,2147,2023,2073,2075
2064,2048,2053,2058,2142,2064,2067,2076
2060,2042,2054,2058,2133,2092,2073,2079
2059,2044,2056,2062,2109,2091,2063,2073
2052,2044,2062,2053,2057,2049,2061,2063
2042,2039,2061,2048,2013,2026,2039,2057
2035,2033,2055,2050,1990,2024,2019,2052
2018,2027,2056,2057,1981,2048,2024,2053
2017,2038,2064,2066,1997,2064,2030,2058
2028,2044,2065,2067,2023,2060,2036,2068
2039,2054,2060,2070,2037,2062,2053,2068
2043,2060,2057,2064,2044,2066,2064,2054
2050,2050,2046,2064,2038,2049,2047,2047
2045,2049,2047,2069,2028,2036,2034,2035
2041,2045,2042,2070,2040,2040,2065,2021
2038,2046,2032,2060,2046,2062,2056,2019
2035,2046,2033,2053,2053,2047,2043,2020
2039,2050,2031,2048,2055,2056,2057,2018
2035,2048,2029,2040,2045,2061,2064,2005
2034,2044,2022,2019,2034,2039,2050,2005
2037,2037,2001,2008,2045,2018,2066,2005
2040,2031,1982,1992,2036,2015,2042,2002
2033,2031,1983,1987,2025,2024,2022,1998
2020,2030,2002,1984,2012,2026,2015,2001
2030,2042,2017,2000,2015,2030,2021,2004
2040,2056,2033,2008,2023,2045,2045,2014
2045,2062,2039,2013,2023,2047,2053,2024
2054,2061,2044,2020,2040,2049,2073,2021
2054,2063,2050,2024,2039,2048,2034,2019
2050,2060,2045,2017,2043,2041,2040,2030
2052,2055,2044,2021,2036,2040,2060,2033
2049,2051,2063,2027,2038,2046,2058,2031
2048,2047,2072,2043,2048,2052,2056,2045
2042,2050,2074,2046,2050,2058,2051,2049
2034,2047,2065,2031,2010,2083,2063,2056
2031,2039,2052,2017,1964,2075,2055,2062
2034,2031,2047,2004,1913,2042,2057,2069
2048,2043,2047,2004,1907,2001,2056,2087
2046,2039,2045,2015,1944,1938,2037,2094
2059,2042,2041,2026,2038,1976,2037,2091
2044,2025,2034,2034,2098,2042,2054,2086
2042,2034,2045,2055,2144,2095,2064,2094
2054,2055,2067,2070,2143,2106,2042,2085
2043,2054,2066,2060,2114,2105,2054,2070
2039,2049,2061,2054,2096,2103,2063,2060
2033,2050,2052,2044,2079,2099,2054,2048
2037,2041,2048,2044,2069,2091,2059,2048
2036,2045,2051,2045,2050,2082,2056,2040
2054,2060,2049,2046,2036,2086,2049,2051
2063,2069,2051,2038,2022,2082,2051,2054
2061,2066,2042,2033,2038,2076,2062,2061
2071,2074,2053,2033,2086,2082,2076,2057
2071,2077,2054,2038,2121,2088,2074,2046
2072,2070,2049,2037,2076,2076,2069,2042
2064,2072,2039,2028,2032,2098,2061,2022
2064,2066,2032,2018,2004,2084,2056,2005
2059,2047,2013,1983,1888,1995,2034,1993
2040,2029,1992,1956,1811,1916,1998,1986
2026,2010,1986,1961,1856,1868,1993,1991
2024,2018,1992,1970,1880,1892,2000,1995
2030,2032,2013,2015,1989,1975,2019,2010
2043,2050,2038,2042,2084,2049,2047,2015
2054,2065,2055,2062,2104,2089,2048,2031
2052,2062,2052,2071,2124,2110,2079,2044
2054,2058,2048,2073,2146,2131,2066,2049
2052,2053,2047,2084,2144,2126,2068,2049
2049,2043,2037,2080,2118,2109,2071,2053
2054,2047,2033,2075,2094,2081,2061,2057
2044,2041,2035,2066,2061,2061,2067,2057
2031,2039,2024,2067,2085,2095,2065,2064
2040,2050,2035,2076,2100,2113,2056,2066
2038,2052,2039,2066,2087,2108,2070,2065
2039,2044,2045,2059,2062,2089,2055,2072
2030,2042,2047,2067,2061,2037,2050,2088
2042,2056,2062,2079,2071,2036,2028,2094
2049,2069,2076,2079,2080,2052,2035,2092
2048,2074,2081,2074,2068,2029,2046,2091
2051,2080,2091,2070,2042,2001,2020,2088
2059,2083,2090,2057,1973,2029,2027,2081
2054,2079,2080,2024,1933,2087,2040,2056
2052,2070,2073,2000,1900,2123,2063,2045
2049,2073,2064,1980,1826,2129,2057,2041
2054,2068,2052,1946,1777,2085,2044,2040
2053,2063,2053,1959,1794,1994,2036,2047
2056,2066,2063,1998,1912,1963,2047,2051
2058,2071,2066,2047,2094,1995,2076,2053
2070,2072,2070,2053,2174,2040,2046,2052
2070,2058,2058,2032,2271,2076,2030,2032
2061,2052,2050,2017,2312,2112,2045,2014
2048,2045,2030,1977,2212,2077,2021,1999
2031,2023,2006,1961,2130,2027,2015,1995
2022,2012,2004,2009,2185,2030,2029,2003
2036,2024,2024,2064,2129,2024,2055,2018
2052,2030,2026,2066,2002,2011,2038,2030
2061,2035,2038,2062,2029,2036,2043,2028
2055,2039,2037,2055,2080,2046,2026,2024
2054,2038,2044,2046,2074,2036,2026,2026
2051,2046,2043,2035,2052,2023,2032,2040
2053,2049,2057,2048,2051,2030,2020,2046
2057,2053,2061,2056,2031,2037,2060,2040
2049,2049,2060,2039,1984,2039,2044,2041
2047,2056,2062,2035,2012,2048,2043,2055
2039,2045,2056,2031,2053,2056,2044,2068
2037,2041,2037,2028,2070,2051,2040,2075
2036,2034,2038,2027,2083,2056,2040,2078
2050,2051,2056,2051,2138,2076,2042,2090
2054,2062,2065,2071,2154,2086,2048,2084
2043,2053,2072,2072,2098,2079,2031,2085
2044,2053,2072,2067,2057,2015,2006,2090
2058,2059,2070,2066,2048,1989,2003,2096
2058,2054,2059,2054,2054,1985,2017,2091
2056,2055,2061,2046,2056,2015,2013,2070
2054,2055,2053,2035,2039,2038,2021,2049
2048,2056,2047,2016,2046,2065,2041,2052
2056,2057,2048,2025,2060,2084,2045,2041
2055,2053,2050,2021,2054,2084,2050,2042
2059,2063,2055,2029,2051,2078,2049,2045
2060,2064,2055,2033,2051,2072,2029,2048
2055,2057,2047,2036,2035,2066,2036,2033
2054,2051,2044,2035,2001,2075,2043,2029
2051,2046,2039,2033,2024,2058,2043,2022
2056,2046,2029,2035,2050,2056,2053,2026
2063,2043,2036,2057,2093,2061,2056,2023
2055,2037,2029,2068,2099,2064,2048,2014
2050,2032,2036,2072,2101,2068,2046,2022
2047,2040,2053,2088,2113,2082,2033,2028
2060,2044,2053,2072,2115,2057,2029,2022
2058,2042,2048,2041,2052,2027,2034,2028
2060,2040,2050,2044,1999,2027,2048,2033
2059,2041,2052,2058,1956,2045,2064,2027
2050,2038,2051,2069,1994,2040,2041,2035
2050,2032,2050,2075,2053,2025,2037,2039
2054,2041,2047,2075,2053,1995,2030,2044
2052,2042,2034,2072,2061,1992,2028,2049
2052,2038,2032,2070,2066,2020,2032,2053
2047,2030,2021,2069,2071,2044,2027,2056
2036,2027,2019,2061,2048,2053,2040,2056
2035,2035,2026,2044,2009,2044,2038,2065
2037,2044,2026,2034,1996,2049,2033,2072
2042,2051,2020,2026,2009,2059,2027,2070
2037,2033,2017,2020,2017,2046,2018,2067
2032,2021,2013,2014,2003,2017,2042,2071
2038,2031,2027,2018,1967,2000,2038,2080
2051,2043,2030,2018,1943,2006,2040,2082
2060,2048,2026,2024,1947,2020,2053,2075
2055,2050,2033,2030,1973,2033,2051,2068
2049,2046,2041,2038,1982,2037,2050,2058
2046,2045,2043,2037,1981,2040,2037,2049
2047,2049,2054,2032,1969,2040,2029,2049
2052,2055,2052,2023,1922,2034,2036,2049
2060,2053,2046,2015,1970,2048,2026,2042
2054,2047,2046,2019,2088,2062,2028,2029
2045,2049,2044,2027,2087,2062,2028,2029
2054,2057,2044,2041,2043,2070,2060,2030
2063,2059,2048,2048,2049,2073,2050,2023
2059,2051,2044,2056,2087,2079,2057,2022
2053,2045,2039,2049,2084,2071,2043,2012
2040,2033,2032,2040,2070,2067,2038,2010
2043,2036,2033,2036,2078,2073,2051,2016
2048,2046,2044,2054,2087,2078,2040,2024
2048,2047,2043,2049,2071,2055,2015,2021
2052,2051,2045,2036,2044,2053,2000,2015
2047,2042,2042,2026,2003,2051,2019,2011
2043,2046,2034,2024,1979,2043,2031,2018
2047,2043,2038,2024,1973,2037,2029,2040
2061,2046,2036,2029,2008,2004,2039,2050
2061,2043,2045,2054,2078,2010,2046,2059
2050,2033,2047,2065,2106,2019,2028,2062
2037,2029,2055,2071,2101,2032,2024,2063
2042,2047,2070,2078,2069,2052,2022,2069
2042,2053,2062,2062,1976,2068,2037,2069
2040,2042,2045,2039,1896,2051,2044,2074
2036,2037,2045,2053,1870,2040,2040,2082
2047,2045,2054,2067,1883,1994,2030,2091
2046,2039,2050,2069,1948,1947,2040,2107
2065,2055,2059,2109,2085,2013,2053,2116
2082,2073,2057,2112,2120,2049,2055,2109
2082,2075,2049,2112,2116,2061,2038,2101
2065,2068,2027,2110,2120,2049,2014,2078
2060,2058,2021,2110,2146,2037,2048,2065
2068,2050,2018,2105,2166,2035,2024,2056
2064,2046,2019,2091,2136,2030,2021,2039
2050,2040,2010,2078,2142,2048,2015,2022
2046,2041,2023,2073,2127,2069,2021,2013
2049,2047,2035,2062,2102,2097,2030,2020
2050,2052,2039,2054,2078,2092,2033,2009
2044,2050,2029,2041,2075,2073,2036,2011
2044,2042,2026,2043,2072,2063,2010,2000
2040,2038,2022,2028,2059,2048,2020,2004
2043,2030,2027,2006,2036,2042,2029,2007
2038,2034,2029,1999,2032,2037,2036,1999
2042,2037,2049,2011,2036,2026,2002,2009
2050,2051,2062,2023,2047,2037,2029,2020
2061,2052,2066,2029,2047,2043,2032,2018
2057,2052,2052,2037,2056,2045,2026,2021
2050,2041,2042,2039,2060,2045,2020,2020
2045,2041,2031,2041,2068,2052,2020,2028
2050,2045,2038,2050,2071,2059,2046,2038
2059,2048,2047,2059,2075,2061,2055,2040
2055,2042,2054,2057,2076,2064,2041,2044
2060,2041,2056,2058,2076,2064,2058,2050
2058,2040,2056,2066,2068,2060,2044,2059
2057,2043,2060,2062,2067,2058,2052,2064
2053,2044,2055,2056,2066,2055,2052,2080
2045,2040,2051,2061,2071,2051,2049,2091
2048,2046,2039,2059,2070,2061,2051,2098
2048,2042,2029,2061,2064,2055,2036,2095
2042,2025,2010,2048,2052,2052,2037,2093
2042,2021,2008,2052,2042,2052,2036,2097
2051,2041,2017,2053,2042,2055,2030,2093
2049,2046,2021,2045,2042,2040,2029,2086
2040,2039,2013,2028,2037,2038,2033,2069
2041,2028,1994,2018,2033,2039,2023,2063
2043,2029,1993,2020,2038,2046,2045,2053
2041,2021,1989,2020,2014,2027,2018,2044
2040,2015,1970,2010,1992,2005,2027,2038
2033,2016,1969,1997,1968,1996,2018,2028
2035,2013,1978,1997,1969,2001,2030,2016
2040,2022,1989,2006,1985,2019,2031,2017
2034,2019,2004,2009,1998,2039,2018,2014
2029,2014,2011,2012,2019,2059,2056,2016
2040,2033,2043,2039,2055,2058,2046,2020
2034,2049,2075,2035,2043,2040,2046,2005
2043,2051,2087,2039,2046,2001,2030,2013
2045,2055,2092,2072,2137,1998,2023,2013
