CH1,CH2,CH3,CH4,CH5,CH6,CH7,CH8
2059,2046,2072,2055,2000,2044,2038,2072
2058,2052,2073,2060,2010,2038,2057,2072
2055,2049,2069,2063,2025,2033,2049,2076
2049,2048,2066,2056,2037,2030,2052,2079
2059,2048,2064,2050,2057,2032,2042,2075
2050,2035,2054,2056,2109,2041,2057,2076
2048,2041,2055,2067,2137,2055,2056,2081
2056,2044,2053,2068,2124,2049,2050,2082
2059,2047,2051,2063,2102,2039,2038,2073
2050,2041,2052,2053,2077,2045,2024,2060
2058,2045,2060,2059,2099,2049,2039,2065
2063,2046,2065,2059,2121,2050,2039,2063
2058,2046,2070,2062,2133,2057,2035,2057
2060,2038,2069,2068,2145,2068,2059,2051
2060,2037,2063,2075,2170,2078,2079,2042
2049,2035,2053,2069,2158,2076,2068,2033
2050,2031,2049,2064,2109,2060,2067,2021
2052,2031,2057,2054,1997,2031,2035,2001
2045,2029,2055,2050,1939,2014,2030,2005
2043,2033,2052,2059,1980,2024,2039,1997
2050,2036,2056,2070,2017,2034,2028,1994
2043,2029,2048,2067,2022,2031,2036,1999
2041,2036,2049,2063,2015,2033,2060,2011
2053,2049,2054,2046,1976,2026,2054,2015
2058,2048,2050,2040,1961,2020,2067,2028
2058,2046,2051,2054,1984,2026,2054,2039
2064,2047,2047,2061,2038,2038,2045,2049
2066,2043,2042,2060,2060,2050,2036,2064
2071,2047,2037,2058,2061,2066,2046,2062
2061,2047,2050,2063,2075,2070,2037,2059
2055,2053,2067,2065,2080,2070,2050,2063
2047,2054,2078,2069,2078,2071,2066,2066
2052,2049,2070,2062,2075,2068,2051,2062
2049,2049,2065,2060,2084,2072,2057,2067
2056,2053,2061,2054,2083,2071,2053,2071
2056,2052,2049,2041,2076,2069,2040,2076
2057,2045,2037,2024,2016,2059,2039,2070
2051,2030,2023,1997,1907,2046,2045,2074
2043,2026,2021,2010,1946,2049,2050,2082
2057,2034,2026,2020,1990,2041,2043,2074
2053,2034,2023,2026,2016,2025,2045,2071
2058,2036,2022,2031,2038,2015,2045,2069
2047,2030,2020,2031,2051,2005,2055,2067
2044,2029,2019,2032,2060,2003,2048,2059
2037,2030,2040,2035,2071,2015,2048,2047
2048,2039,2051,2047,2087,2033,2054,2050
2050,2042,2058,2052,2061,2044,2033,2048
2056,2049,2057,2049,2023,2044,2029,2032
2050,2043,2055,2039,2005,2035,2038,2026
2052,2036,2054,2040,2004,2037,2040,2020
2049,2034,2047,2034,2011,2036,2033,2006
2046,2035,2039,2030,2025,2038,2027,2001
2048,2033,2048,2025,2018,2042,2040,2002
2044,2037,2045,2033,2021,2037,2037,2003
2049,2037,2047,2038,2026,2042,2050,2008
2056,2050,2054,2041,2024,2046,2058,2015
2052,2045,2048,2040,2020,2046,2046,2018
2056,2046,2044,2039,2016,2047,2060,2033
2051,2048,2052,2053,2038,2046,2066,2042
2060,2047,2050,2057,2047,2053,2048,2050
2055,2051,2048,2062,2050,2046,2066,2055
2051,2046,2049,2065,2056,2038,2066,2057
2053,2042,2044,2056,2039,2037,2057,2065
2051,2040,2045,2057,2016,2035,2064,2076
2046,2047,2045,2058,2032,2037,2073,2069
2041,2039,2043,2054,2061,2028,2062,2071
2044,2040,2035,2058,2079,2032,2056,2078
2049,2036,2034,2071,2102,2039,2070,2081
2048,2033,2034,2071,2105,2052,2052,2076
2043,2025,2022,2058,2078,2060,2032,2067
2038,2026,2025,2055,2050,2064,2046,2073
2042,2032,2027,2051,2033,2070,2055,2068
2045,2024,2020,2037,2012,2065,2048,2067
2046,2029,2019,2030,2001,2051,2062,2059
2052,2030,2031,2047,2022,2031,2066,2064
2051,2041,2051,2060,2048,2019,2066,2064
2051,2047,2056,2077,2068,2028,2063,2055
2050,2044,2061,2086,2073,2042,2067,2052
2044,2034,2062,2084,2072,2057,2064,2042
2047,2043,2073,2086,2070,2059,2069,2036
2046,2046,2088,2093,2066,2063,2061,2029
2057,2052,2088,2094,2063,2060,2077,2016
2049,2055,2089,2089,2068,2057,2068,2012
2048,2057,2083,2084,2065,2054,2064,2010
2046,2054,2075,2074,2059,2045,2059,2005
2043,2041,2058,2054,2049,2038,2049,1996
2040,2033,2046,2036,2047,2043,2061,1999
2046,2050,2038,2020,2043,2049,2060,2012
2049,2050,2042,2000,2036,2047,2064,2023
2046,2042,2043,1986,2034,2045,2058,2028
2043,2047,2039,1977,2034,2046,2063,2038
2047,2049,2040,1970,2036,2049,2051,2044
2058,2054,2022,1961,2041,2044,2063,2059
2057,2053,2028,1968,2037,2045,2064,2071
2058,2055,2039,1986,2043,2044,2058,2070
2057,2052,2037,1993,2048,2036,2055,2072
2058,2045,2034,2004,2039,2035,2036,2075
2050,2042,2033,2003,2046,2035,2043,2076
2050,2044,2038,2011,2039,2041,2028,2083
2054,2043,2033,2014,2046,2044,2011,2077
2050,2040,2033,2021,2049,2044,2019,2080
2042,2030,2040,2023,2042,2036,2016,2063
2041,2032,2049,2034,2042,2035,2016,2075
2046,2045,2068,2040,2057,2051,2016,2081
2052,2047,2074,2042,2054,2049,2042,2081
2049,2049,2069,2042,2057,2054,2065,2073
2049,2047,2069,2038,2060,2063,2053,2067
2049,2046,2060,2041,2072,2060,2059,2059
2048,2047,2053,2045,2066,2063,2059,2047
2044,2044,2046,2041,2069,2056,2060,2048
2048,2035,2037,2038,2056,2053,2053,2042
2046,2040,2038,2039,2048,2049,2065,2035
2041,2037,2042,2039,2044,2049,2060,2025
2044,2036,2038,2039,2052,2052,2052,2021
2048,2046,2041,2046,2054,2049,2045,2014
2050,2049,2045,2046,2063,2049,2049,2007
2052,2048,2042,2049,2049,2044,2051,2001
2041,2035,2035,2040,2038,2035,2049,2002
2039,2028,2037,2043,2046,2031,2045,2005
2044,2039,2051,2047,2043,2041,2046,2006
2048,2043,2053,2034,2038,2043,2034,2016
2048,2049,2056,2027,2034,2047,2035,2024
2052,2051,2054,2027,2041,2046,2050,2035
2050,2046,2060,2024,2041,2042,2041,2047
2058,2048,2066,2033,2046,2050,2047,2057
2052,2049,2071,2040,2046,2048,2056,2063
2057,2049,2080,2049,2053,2044,2061,2069
2058,2057,2080,2049,2052,2049,2041,2071
2057,2053,2068,2046,2050,2049,2056,2081
2055,2052,2063,2042,2042,2045,2051,2080
2051,2052,2060,2044,2039,2048,2048,2080
2049,2050,2058,2040,2042,2041,2058,2082
2047,2047,2055,2036,2031,2044,2052,2074
2039,2034,2047,2026,2009,2035,2050,2072
2044,2036,2041,2029,2003,2038,2046,2081
2046,2050,2048,2038,2007,2046,2042,2084
2051,2047,2041,2036,2019,2043,2053,2078
2047,2051,2044,2039,2020,2052,2047,2081
2047,2050,2042,2047,2021,2045,2061,2074
2045,2053,2034,2044,2025,2046,2056,2066
2046,2045,2033,2046,2026,2049,2066,2062
2050,2047,2034,2044,2060,2049,2060,2059
2048,2043,2046,2046,2080,2049,2070,2054
2051,2050,2045,2047,2102,2052,2049,2043
2048,2049,2048,2045,2083,2052,2070,2031
2049,2041,2041,2042,2070,2051,2063,2027
2049,2042,2047,2035,2051,2044,2060,2021
2054,2039,2047,2030,2039,2038,2054,2012
2051,2037,2046,2025,1995,2030,2056,2006
2040,2031,2048,2027,2013,2035,2069,2001
2032,2029,2049,2028,2053,2031,2070,2001
2037,2041,2056,2027,2078,2048,2054,2017
2041,2041,2056,2039,2108,2060,2064,2023
2050,2042,2060,2043,2085,2060,2057,2028
2044,2047,2058,2046,2087,2057,2061,2041
2050,2045,2050,2051,2137,2066,2064,2044
2048,2048,2051,2042,2130,2060,2037,2058
2052,2049,2056,2036,2100,2067,2044,2063
2047,2045,2053,2053,2088,2079,2049,2071
2045,2034,2051,2054,2076,2073,2068,2069
2038,2030,2044,2035,1926,2046,2067,2066
2039,2030,2050,2031,1852,2035,2063,2071
2036,2030,2048,2040,1884,2018,2052,2066
2035,2028,2050,2041,1958,2009,2043,2070
2042,2032,2049,2050,1994,2011,2045,2070
2033,2028,2045,2039,1994,2002,2032,2070
2039,2031,2053,2040,2004,2009,2048,2080
2050,2045,2066,2042,2018,2018,2053,2078
2050,2043,2059,2044,2038,2024,2047,2076
2054,2041,2046,2042,2059,2035,2048,2071
2048,2038,2043,2053,2106,2043,2050,2064
2042,2042,2036,2065,2145,2057,2044,2056
2044,2039,2040,2062,2148,2063,2068,2054
2048,2039,2041,2046,2093,2056,2066,2045
2044,2040,2034,2037,2021,2050,2060,2046
2047,2040,2043,2034,2028,2048,2071,2044
2055,2047,2051,2037,2035,2050,2067,2026
2051,2049,2052,2043,2037,2050,2065,2016
2041,2051,2050,2040,2040,2049,2070,2009
2041,2046,2052,2043,2045,2050,2071,2008
2045,2049,2054,2042,2054,2053,2063,2002
2036,2037,2037,2040,2054,2044,2034,1999
2036,2035,2039,2037,2060,2043,2035,2005
2052,2050,2051,2047,2060,2033,2052,2012
2043,2056,2057,2047,2058,2031,2063,2027
2045,2057,2059,2051,2059,2030,2046,2033
2046,2051,2063,2045,2060,2041,2046,2044
2047,2046,2059,2047,2061,2036,2057,2043
2052,2045,2050,2045,2050,2029,2042,2051
2041,2041,2056,2034,2054,2032,2054,2052
2040,2038,2054,2039,2055,2040,2054,2058
2042,2043,2047,2044,2050,2033,2050,2062
2046,2041,2045,2044,2040,2025,2044,2064
2041,2045,2041,2046,2047,2023,2022,2065
2036,2044,2044,2048,2053,2030,2021,2068
2039,2048,2047,2041,2047,2027,2042,2068
2038,2043,2052,2039,2049,2028,2049,2065
2032,2028,2043,2034,2038,2021,2045,2069
2035,2040,2061,2035,2046,2042,2058,2073
2043,2055,2079,2043,2054,2044,2054,2075
2046,2058,2084,2039,2060,2062,2050,2072
2048,2061,2074,2051,2058,2070,2057,2070
2059,2065,2072,2046,2063,2076,2053,2072
2058,2059,2068,2047,2058,2066,2046,2072
2051,2056,2066,2047,2058,2035,2050,2056
2051,2054,2053,2047,2058,2011,2044,2054
2050,2048,2051,2043,2070,2019,2037,2037
2051,2052,2046,2049,2071,2026,2048,2031
2046,2047,2057,2053,2068,2022,2047,2028
2050,2048,2059,2055,2078,2019,2041,2017
2044,2048,2055,2050,2071,2017,2050,2017
2038,2049,2051,2048,2058,2007,2042,2007
2033,2042,2051,2044,2044,2014,2023,1997
2028,2040,2045,2029,2025,2022,2017,1998
2033,2044,2056,2033,1994,2031,2013,2009
2047,2061,2061,2038,1971,2042,2036,2014
2048,2063,2060,2040,1974,2045,2037,2027
2057,2058,2065,2057,2048,2052,2028,2037
2053,2061,2072,2066,2071,2052,2035,2034
2048,2058,2077,2073,2106,2053,2030,2046
2045,2052,2078,2078,2115,2049,2032,2045
2050,2044,2077,2085,2117,2049,2031,2052
2040,2044,2081,2099,2143,2061,2041,2058
2043,2046,2090,2110,2146,2059,2052,2064
2044,2057,2098,2104,2128,2059,2042,2079
2051,2064,2087,2090,2054,2046,2048,2079
2051,2057,2083,2048,1947,2034,2033,2084
2045,2050,2076,2043,1947,2029,2044,2084
2045,2052,2066,2048,1987,2028,2026,2076
2041,2034,2054,2047,2021,2027,2020,2072
2036,2034,2050,2047,2030,2033,2021,2073
2035,2051,2055,2041,2030,2041,2030,2069
2041,2053,2068,2041,2001,2038,2030,2078
2046,2061,2062,2033,1991,2039,2032,2077
2059,2062,2055,2033,2011,2045,2040,2079
2059,2059,2046,2037,2024,2047,2049,2076
2049,2048,2035,2035,2041,2049,2043,2070
2050,2045,2027,2033,2048,2054,2049,2052
2047,2044,2035,2029,2045,2052,2046,2043
2050,2046,2031,2017,2046,2055,2054,2036
2049,2042,2022,2016,2066,2058,2052,2029
2044,2043,2033,2022,2083,2063,2053,2024
2048,2049,2029,2032,2075,2062,2045,2015
2050,2049,2030,2033,2061,2059,2053,2009
2046,2046,2030,2030,2044,2052,2040,2001
2040,2034,2024,2032,2032,2038,2017,2002
2029,2032,2025,2027,2037,2043,2006,2005
2039,2036,2032,2035,2039,2045,2027,2016
2044,2043,2032,2040,2038,2045,2038,2018
2047,2040,2037,2037,2047,2045,2037,2026
2046,2031,2027,2036,2041,2041,2030,2033
2043,2041,2035,2031,2042,2039,2051,2046
2052,2044,2047,2041,2041,2036,2034,2057
2053,2048,2063,2040,2030,2037,2026,2066
2050,2052,2068,2043,2041,2039,2024,2072
2054,2057,2074,2050,2041,2042,2038,2081
2049,2060,2083,2052,2041,2039,2040,2083
2055,2061,2082,2051,2046,2041,2044,2080
2059,2062,2073,2050,2043,2038,2055,2085
2059,2065,2069,2048,2048,2036,2046,2090
2051,2059,2070,2052,2045,2034,2029,2094
2055,2045,2058,2040,2043,2033,2040,2097
2044,2038,2056,2042,2040,2034,2024,2086
2048,2049,2061,2047,2052,2050,2047,2089
2053,2053,2064,2047,2054,2053,2055,2090
2051,2057,2061,2053,2057,2056,2060,2082
2053,2057,2062,2054,2052,2060,2060,2071
2050,2051,2062,2048,2047,2075,2062,2066
2049,2046,2055,2044,2054,2087,2085,2062
2046,2047,2056,2060,2054,2098,2070,2056
2047,2045,2061,2066,2057,2106,2056,2051
2040,2048,2064,2068,2069,2106,2058,2049
2042,2053,2066,2071,2071,2105,2080,2042
2042,2047,2070,2079,2073,2104,2076,2031
2048,2047,2065,2073,2066,2097,2035,2023
2043,2050,2064,2069,2057,2085,2045,2018
2048,2049,2056,2065,2062,2077,2047,2018
2045,2040,2043,2055,2055,2064,2056,2015
2037,2031,2044,2053,2038,2042,2056,2005
2040,2043,2044,2049,2045,2025,2062,2019
2041,2048,2050,2053,2048,2008,2048,2023
2047,2049,2054,2056,2051,1996,2049,2033
2049,2054,2048,2053,2063,1998,2046,2041
2050,2057,2050,2052,2062,2007,2045,2050
2053,2050,2047,2041,2055,2026,2062,2054
2047,2051,2043,2034,2039,2043,2060,2059
2047,2047,2038,2027,2056,2050,2057,2071
2054,2047,2043,2025,2066,2053,2068,2078
2046,2050,2058,2028,2045,2047,2065,2080
2053,2055,2053,2034,2015,2018,2057,2086
2054,2053,2059,2040,2030,2015,2042,2090
2055,2054,2060,2055,2053,2032,2046,2090
2055,2051,2066,2061,2084,2058,2035,2087
2051,2042,2056,2053,2080,2067,2050,2078
2044,2030,2043,2037,2065,2053,2059,2077
2039,2038,2048,2040,2074,2057,2056,2082
2047,2042,2048,2035,2063,2052,2057,2081
2042,2036,2046,2022,2069,2053,2061,2078
2037,2034,2049,2012,2065,2058,2041,2073
2047,2041,2059,2032,2056,2062,2033,2076
2049,2049,2072,2045,2052,2068,2065,2076
2053,2056,2070,2048,2088,2074,2049,2059
2049,2044,2067,2053,2101,2079,2060,2048
2041,2040,2060,2050,2081,2069,2047,2046
2044,2034,2052,2046,2059,2060,2034,2038
2044,2032,2056,2047,2061,2064,2054,2036
2042,2042,2060,2050,2068,2062,2039,2025
2041,2045,2060,2051,2093,2057,2054,2018
2047,2050,2060,2053,2110,2060,2050,2018
2040,2042,2049,2033,2033,2048,2040,2003
2033,2025,2037,2016,1957,2045,2046,2006
2032,2039,2053,2029,2010,2047,2017,2009
2036,2042,2054,2022,2032,2043,2033,2013
2033,2045,2040,2018,2051,2047,2035,2024
2042,2041,2043,2016,2059,2047,2029,2030
2036,2045,2040,2033,2072,2049,2035,2043
2047,2045,2042,2032,2065,2046,2058,2053
2047,2057,2045,2029,2057,2039,2054,2064
2044,2049,2047,2035,2047,2041,2040,2071
2051,2056,2053,2029,2041,2045,2048,2074
2050,2055,2048,2035,2045,2046,2051,2079
2046,2050,2045,2029,2046,2046,2025,2085
2046,2044,2046,2029,2056,2049,2034,2077
2049,2043,2043,2026,2054,2046,2044,2087
2047,2043,2046,2034,2052,2047,2046,2086
2049,2047,2052,2031,2041,2036,2039,2085
2045,2040,2049,2027,2050,2033,2056,2082
2045,2043,2056,2040,2055,2038,2048,2094
2045,2051,2056,2048,2064,2042,2056,2089
2046,2057,2054,2045,2070,2044,2040,2080
2044,2047,2049,2050,2061,2044,2047,2074
2043,2047,2045,2050,2058,2046,2038,2071
2040,2041,2052,2050,2056,2047,2037,2059
2038,2046,2059,2049,2055,2054,2044,2051
2044,2048,2056,2061,2059,2060,2073,2046
2048,2052,2035,2051,2062,2059,2064,2037
2050,2047,2015,2049,2068,2065,2071,2036
2048,2046,2003,2044,2071,2073,2064,2028
2046,2040,2007,2047,2058,2064,2033,2021
2046,2037,1998,2048,2053,2060,2062,2013
2043,2043,1998,2042,2050,2058,2062,2007
2044,2026,1986,2035,2048,2047,2057,2006
2029,2014,1990,2032,2053,2051,2040,2005
2037,2026,2000,2037,2054,2054,2037,2010
2038,2028,2002,2030,2039,2050,2037,2024
2044,2032,2002,2022,2042,2054,2043,2025
2038,2032,2000,2017,2033,2046,2057,2034
2038,2026,2014,2018,2038,2044,2038,2048
2034,2030,2024,2020,2037,2047,2040,2051
2029,2031,2037,2025,2034,2046,2048,2054
2032,2033,2058,2030,2012,2049,2024,2067
2037,2035,2088,2048,2058,2061,2016,2075
2044,2045,2104,2068,2125,2066,2039,2082
2045,2060,2108,2076,2128,2072,2044,2086
2056,2063,2106,2078,2133,2071,2021,2087
2045,2058,2101,2076,2138,2077,2028,2092
2046,2051,2104,2081,2121,2079,2023,2089
2044,2040,2088,2073,2103,2069,2009,2083
2033,2036,2083,2046,2039,2042,2027,2080
2043,2043,2083,2045,1947,2043,2050,2087
2044,2053,2067,2038,1845,2037,2051,2089
2053,2046,2065,2038,1907,2048,2043,2076
2047,2048,2063,2057,2005,2062,2033,2075
2051,2046,2064,2054,2029,2068,2042,2068
2048,2039,2054,2049,2009,2059,2046,2057
2044,2034,2046,2038,2000,2048,2046,2054
2041,2027,2039,2027,2021,2035,2037,2041
2036,2029,2045,2028,2051,2033,2044,2033
2038,2029,2049,2033,2075,2042,2040,2031
2032,2037,2061,2047,2080,2055,2041,2020
2034,2040,2058,2046,2067,2053,2036,2006
2036,2032,2057,2043,2043,2047,2034,2002
2031,2036,2048,2040,2024,2046,2056,1996
2023,2028,2044,2033,2010,2040,2046,1985
2018,2024,2038,2025,2021,2040,2043,1994
2026,2037,2056,2030,2037,2058,2064,2000
2042,2050,2060,2038,2051,2058,2063,2010
2045,2048,2060,2040,2053,2057,2062,2028
2049,2052,2057,2042,2051,2060,2060,2034
2053,2055,2061,2050,2055,2063,2049,2047
2059,2067,2080,2048,2058,2061,2046,2052
2058,2062,2076,2054,2061,2059,2043,2062
2059,2059,2076,2052,2061,2059,2031,2064
2053,2051,2066,2048,2064,2049,2032,2068
2050,2044,2065,2060,2069,2057,2052,2063
2042,2051,2069,2069,2089,2062,2041,2070
2048,2055,2074,2075,2105,2047,2025,2077
2045,2061,2074,2078,2126,2055,2030,2086
2054,2062,2071,2088,2143,2065,2051,2085
2054,2062,2058,2076,2128,2058,2028,2079
2045,2041,2056,2069,2111,2054,2035,2071
2047,2047,2055,2069,2108,2052,2035,2073
2049,2051,2054,2065,2114,2040,2018,2069
2041,2042,2053,2060,2126,2028,2027,2065
2045,2038,2050,2056,2093,2028,2045,2058
2039,2042,2049,2046,2008,2017,2045,2058
2045,2038,2052,2042,2008,2035,2054,2054
2052,2044,2055,2034,2011,2034,2064,2049
2047,2045,2054,2031,2020,2044,2054,2047
2042,2044,2056,2038,2016,2039,2049,2041
2045,2044,2061,2050,2025,2045,2051,2030
2046,2052,2066,2052,2030,2043,2046,2022
2047,2051,2062,2047,2037,2042,2039,2020
2056,2051,2059,2049,2072,2039,2050,2013
2046,2047,2056,2049,2086,2052,2039,2010
2048,2045,2050,2047,2065,2044,2030,2006
2044,2036,2044,2044,2041,2040,2042,2002
2042,2040,2046,2045,2037,2037,2050,2016
2044,2046,2048,2045,2034,2040,2037,2012
2045,2046,2042,2035,2042,2037,2045,2024
2044,2049,2043,2041,2041,2036,2054,2030
2042,2047,2041,2035,2030,2037,2059,2040
2040,2038,2040,2038,2028,2036,2045,2059
2049,2048,2038,2039,2035,2037,2041,2067
2057,2051,2037,2040,2040,2038,2056,2073
2056,2055,2039,2038,2040,2038,2051,2069
2060,2056,2032,2040,2043,2027,2031,2073
2054,2056,2032,2043,2044,2030,2027,2081
2053,2061,2044,2048,2052,2030,2040,2085
2057,2055,2048,2050,2045,2031,2039,2082
2063,2056,2049,2050,2056,2025,2044,2087
2055,2050,2041,2041,2043,2024,2035,2083
2049,2044,2040,2044,2046,2025,2019,2090
2052,2056,2053,2051,2055,2042,2047,2092
2055,2055,2056,2050,2057,2055,2059,2093
2053,2057,2059,2057,2059,2067,2055,2084
2054,2067,2071,2055,2060,2078,2059,2074
2051,2057,2073,2058,2066,2083,2059,2077
2052,2059,2069,2057,2067,2079,2076,2068
2050,2060,2068,2058,2069,2081,2064,2054
2052,2060,2070,2055,2066,2085,2069,2048
2049,2060,2064,2058,2058,2078,2057,2043
2045,2057,2061,2048,2054,2072,2060,2030
2044,2050,2057,2041,2057,2084,2049,2025
2048,2059,2052,2044,2051,2093,2051,2017
2041,2057,2047,2044,2055,2106,2051,2010
2051,2053,2052,2044,2057,2114,2048,2010
2052,2052,2044,2038,2053,2078,2044,2000
2040,2039,2039,2034,2039,2027,2037,2000
2029,2039,2039,2040,2035,2027,2042,2008
2043,2052,2048,2038,2032,2029,2054,2011
2044,2056,2052,2038,2039,2048,2056,2026
2044,2059,2049,2043,2042,2046,2064,2033
2045,2058,2050,2041,2040,2044,2057,2046
2052,2057,2049,2040,2034,2038,2039,2058
2053,2057,2052,2043,2036,2033,2042,2064
2055,2056,2059,2049,2035,2030,2039,2064
2054,2060,2053,2053,2036,2021,2039,2062
2054,2060,2054,2046,2042,2023,2044,2070
2047,2056,2054,2045,2035,2026,2053,2069
2053,2054,2060,2052,2039,2037,2040,2071
2050,2050,2055,2050,2039,2045,2039,2074
2046,2049,2053,2053,2039,2046,2033,2083
2048,2048,2058,2048,2036,2042,2031,2069
2037,2038,2045,2042,2039,2046,2018,2070
2035,2036,2045,2041,2047,2051,2036,2080
2049,2055,2056,2051,2052,2053,2025,2081
2043,2044,2059,2060,2045,2055,2040,2078
2050,2046,2055,2058,2046,2058,2038,2066
2049,2045,2055,2054,2042,2053,2039,2072
2050,2046,2055,2059,2052,2056,2043,2062
2050,2053,2054,2061,2050,2057,2045,2054
2050,2056,2053,2055,2045,2059,2065,2050
2055,2055,2055,2051,2044,2054,2055,2041
2047,2050,2052,2049,2044,2050,2041,2031
2047,2041,2047,2049,2040,2052,2042,2031
2046,2034,2044,2036,2037,2050,2039,2011
2048,2039,2045,2044,2040,2054,2028,2009
2046,2037,2043,2040,2041,2052,2053,2008
2041,2042,2046,2042,2041,2044,2029,1997
2037,2033,2035,2039,2047,2045,2010,2006
2043,2035,2036,2041,2036,2046,2040,2007
2054,2058,2049,2046,2043,2050,2041,2016
2053,2062,2057,2043,2043,2048,2045,2017
2053,2064,2055,2042,2041,2049,2055,2024
2056,2060,2052,2044,2039,2048,2034,2038
2056,2056,2049,2044,2035,2049,2038,2053
2055,2054,2046,2042,2036,2052,2037,2058
2052,2057,2050,2048,2036,2054,2046,2060
2052,2058,2046,2046,2040,2056,2030,2072
2054,2052,2048,2053,2044,2054,2031,2073
2055,2057,2049,2052,2047,2050,2043,2080
2053,2056,2056,2046,2043,2052,2036,2082
2054,2054,2053,2048,2040,2048,2045,2088
2052,2054,2051,2048,2043,2046,2057,2089
2046,2048,2055,2049,2045,2039,2046,2078
2040,2036,2042,2043,2044,2041,2026,2080
2040,2034,2040,2043,2050,2047,2058,2087
2054,2048,2046,2046,2052,2059,2048,2088
2048,2045,2048,2055,2057,2055,2061,2078
2045,2049,2046,2051,2053,2057,2056,2078
2053,2047,2057,2048,2055,2056,2048,2073
2055,2045,2057,2049,2059,2049,2029,2061
2052,2040,2055,2051,2049,2046,2019,2053
2048,2040,2046,2050,2047,2049,2031,2050
2046,2043,2054,2052,2052,2051,2028,2043
2048,2036,2048,2051,2052,2044,2024,2031
2045,2041,2046,2050,2049,2044,2038,2025
2044,2041,2045,2047,2050,2052,2051,2020
2044,2042,2045,2049,2043,2052,2035,2011
2045,2038,2040,2046,2044,2049,2048,2016
2050,2033,2038,2050,2046,2053,2037,2005
2038,2026,2033,2039,2050,2066,2059,2003
2035,2027,2029,2043,2051,2090,2057,2012
2042,2033,2041,2047,2059,2098,2050,2020
2042,2036,2036,2045,2056,2095,2056,2025
2041,2034,2032,2046,2052,2092,2055,2031
2043,2040,2032,2046,2060,2094,2036,2043
2037,2038,2034,2048,2062,2091,2036,2049
2039,2037,2035,2050,2063,2087,2054,2054
2046,2034,2029,2041,2059,2085,2060,2060
2043,2031,2026,2042,2056,2080,2050,2070
2038,2034,2031,2042,2056,2072,2066,2073
2048,2037,2029,2044,2060,2065,2053,2073
2044,2037,2034,2044,2061,2043,2043,2074
2052,2044,2035,2050,2065,2023,2056,2076
2044,2035,2035,2043,2053,2004,2051,2082
2039,2030,2025,2038,2038,1997,2053,2078
2036,2013,2009,2030,2024,1989,2051,2069
2029,2015,2009,2030,2021,2001,2055,2081
2032,2023,2019,2044,2018,2025,2061,2071
2038,2030,2038,2043,2017,2028,2073,2071
2037,2034,2052,2054,2031,2039,2055,2072
2038,2041,2079,2063,2037,2040,2061,2062
2043,2054,2088,2070,2040,2039,2070,2059
2046,2060,2078,2071,2041,2040,2065,2060
2045,2057,2065,2067,2046,2044,2047,2062
2056,2054,2059,2061,2056,2050,2061,2051
2059,2049,2054,2064,2056,2054,2063,2038
2057,2053,2057,2059,2057,2048,2066,2035
2044,2047,2059,2061,2059,2044,2066,2025
2048,2048,2058,2056,2053,2043,2061,2018
2057,2051,2061,2056,2053,2040,2028,2013
2048,2052,2067,2057,2054,2038,2040,2004
2034,2038,2059,2041,2044,2032,2024,1995
2034,2030,2049,2032,2035,2037,2057,1997
2037,2042,2060,2040,2045,2043,2066,2010
2034,2048,2074,2048,2048,2042,2052,2014
2039,2057,2087,2054,2052,2038,2049,2024
2038,2059,2087,2058,2062,2047,2053,2026
2044,2060,2091,2066,2061,2054,2044,2044
2047,2057,2091,2068,2066,2061,2026,2050
2045,2056,2085,2071,2065,2065,2033,2051
2046,2051,2076,2073,2065,2068,2059,2058
2041,2051,2082,2072,2061,2063,2050,2063
2045,2049,2070,2065,2064,2060,2042,2067
2044,2052,2068,2058,2051,2062,2032,2066
2037,2048,2065,2050,2045,2066,2044,2074
2048,2049,2056,2037,2042,2061,2039,2074
2048,2048,2064,2028,2035,2060,2033,2070
2038,2037,2047,2017,2027,2047,2034,2070
2030,2037,2038,2015,2036,2057,2042,2077
2038,2041,2039,2014,2040,2069,2052,2075
2046,2046,2035,2018,2037,2062,2070,2071
2044,2049,2033,2025,2042,2058,2056,2067
2045,2043,2032,2031,2048,2064,2068,2060
2044,2039,2036,2044,2045,2067,2054,2060
2038,2036,2033,2048,2053,2067,2063,2049
2036,2033,2032,2045,2060,2064,2070,2048
2046,2038,2036,2052,2050,2063,2078,2044
2044,2041,2038,2053,2050,2052,2063,2027
2039,2042,2037,2050,2059,2052,2054,2021
2043,2031,2029,2054,2059,2056,2052,2007
2036,2033,2030,2054,2056,2053,2068,2010
2046,2043,2027,2050,2057,2058,2069,2012
2041,2040,2026,2043,2057,2056,2058,2007
2046,2036,2018,2033,2049,2051,2038,2006
2040,2032,2012,2023,2047,2050,2036,2010
2048,2046,2021,2022,2043,2055,2043,2013
2053,2050,2030,2026,2042,2051,2038,2014
2056,2050,2032,2021,2043,2050,2048,2018
2053,2051,2031,2016,2043,2050,2037,2032
2046,2037,2036,2012,2032,2028,2036,2038
2042,2034,2042,2012,2017,2019,2035,2044
2039,2038,2064,2020,2023,2018,2045,2053
2047,2054,2077,2034,2035,2034,2036,2061
2049,2061,2085,2041,2039,2046,2035,2062
2047,2057,2069,2037,2042,2047,2049,2066
2052,2064,2066,2034,2033,2051,2024,2074
2054,2056,2078,2036,2036,2052,2025,2070
2049,2058,2076,2041,2033,2052,2022,2070
2055,2056,2083,2042,2037,2056,2058,2079
2046,2050,2076,2043,2038,2046,2039,2071
2044,2043,2070,2039,2038,2043,2050,2081
2043,2050,2075,2041,2040,2047,2055,2078
2052,2049,2075,2044,2040,2052,2052,2072
2047,2057,2078,2041,2041,2055,2053,2074
2056,2064,2091,2043,2038,2058,2053,2067
2049,2066,2094,2047,2040,2054,2058,2067
2050,2065,2086,2050,2031,2052,2060,2063
2052,2061,2071,2049,2034,2056,2068,2057
2047,2054,2073,2054,2035,2058,2073,2053
2044,2057,2061,2051,2043,2057,2064,2050
2048,2057,2066,2047,2037,2041,2079,2037
2045,2059,2062,2050,2035,2033,2064,2022
2039,2055,2058,2046,2043,2031,2067,2015
2036,2053,2053,2043,2048,2038,2065,2008
2044,2052,2054,2042,2054,2042,2050,2004
2044,2040,2047,2040,2056,2047,2052,1994
2045,2033,2033,2036,2052,2044,2046,1992
2038,2040,2032,2044,2046,2048,2048,1997
2036,2047,2035,2044,2044,2050,2036,2007
2038,2045,2023,2043,2046,2053,2046,2017
2044,2043,2009,2037,2045,2055,2050,2032
2040,2043,2008,2045,2046,2057,2041,2037
2043,2041,2009,2053,2042,2056,2043,2044
2035,2040,2014,2055,2042,2054,2054,2048
2025,2034,2012,2051,2046,2054,2042,2056
2031,2031,2014,2052,2042,2051,2038,2062
2036,2028,2020,2056,2047,2046,2051,2066
2032,2033,2028,2053,2041,2034,2056,2068
2034,2038,2044,2056,2041,2040,2031,2072
2030,2046,2069,2065,2041,2039,2044,2073
2041,2063,2085,2074,2051,2040,2029,2083
2044,2060,2098,2082,2047,2032,2028,2072
2034,2049,2092,2077,2050,2034,2010,2072
2032,2057,2092,2073,2053,2043,2041,2073
2040,2056,2081,2062,2051,2044,2046,2074
2041,2053,2071,2040,2032,2046,2040,2082
2051,2064,2075,2033,2035,2051,2042,2082
2054,2074,2097,2042,2043,2056,2059,2078
2066,2091,2107,2053,2052,2057,2062,2074
2064,2082,2093,2045,2047,2064,2050,2076
2061,2080,2080,2038,2054,2064,2076,2061
2058,2073,2075,2044,2065,2063,2078,2057
2056,2077,2069,2049,2054,2047,2064,2042
2051,2074,2071,2046,2051,2036,2060,2037
2049,2066,2068,2041,2045,2025,2057,2029
2048,2067,2066,2040,2044,2016,2048,2026
2049,2059,2060,2042,2043,2015,2058,2013
2046,2054,2054,2036,2037,2002,2049,2011
2036,2042,2048,2037,2038,1996,2033,2009
2035,2048,2054,2041,2032,2010,2048,2016
2046,2057,2054,2039,2035,2021,2062,2016
2047,2054,2053,2041,2033,2029,2047,2022
2048,2056,2054,2042,2042,2042,2050,2034
2050,2063,2055,2040,2044,2044,2032,2045
2050,2060,2052,2043,2044,2044,2038,2058
2045,2061,2054,2048,2038,2051,2050,2057
2049,2061,2058,2044,2034,2055,2062,2070
2047,2062,2057,2043,2045,2066,2041,2078
2047,2063,2064,2047,2044,2071,2042,2074
2052,2069,2061,2051,2050,2067,2013,2088
2052,2066,2058,2051,2047,2059,2028,2089
2050,2066,2056,2045,2047,2053,2046,2090
2046,2065,2058,2042,2051,2057,2044,2090
2045,2062,2052,2039,2039,2044,2051,2082
2038,2049,2041,2040,2031,2030,2056,2083
2044,2054,2054,2045,2048,2037,2047,2086
2054,2057,2047,2047,2048,2038,2059,2086
2049,2058,2052,2046,2046,2044,2056,2084
2050,2054,2050,2047,2045,2054,2048,2073
2051,2057,2048,2045,2054,2059,2048,2070
2048,2053,2048,2041,2046,2064,2057,2066
2045,2057,2045,2035,2037,2060,2049,2059
2040,2057,2037,2029,2038,2064,2043,2050
2041,2054,2036,2034,2041,2071,2053,2044
2043,2057,2036,2036,2038,2080,2079,2038
2045,2052,2038,2039,2028,2076,2066,2033
2041,2052,2042,2037,2016,2061,2049,2019
2039,2054,2037,2031,2011,2054,2055,2022
2036,2048,2038,2036,2035,2069,2055,2022
2033,2035,2033,2036,2055,2070,2043,2016
2035,2033,2026,2034,2055,2069,2048,2013
2040,2037,2034,2047,2060,2079,2038,2021
2046,2045,2032,2049,2062,2065,2033,2024
2043,2048,2030,2054,2078,2026,2036,2029
2041,2046,2035,2053,2081,2010,2020,2045
2040,2034,2033,2058,2106,2021,2034,2056
2042,2039,2040,2057,2092,2036,2018,2069
2043,2043,2042,2047,2051,2033,2030,2072
2038,2035,2045,2042,2026,2034,2044,2082
2038,2038,2043,2042,2035,2041,2050,2085
2035,2036,2043,2037,2040,2044,2057,2088
2037,2034,2042,2038,2040,2049,2056,2092
2043,2036,2037,2040,2041,2051,2065,2099
2043,2040,2032,2041,2049,2061,2066,2092
2041,2039,2031,2040,2044,2057,2067,2091
2037,2035,2035,2032,2041,2045,2076,2097
2035,2043,2041,2038,2042,2051,2067,2107
2055,2065,2054,2048,2061,2057,2070,2105
2058,2066,2051,2059,2067,2056,2068,2102
2060,2063,2052,2056,2067,2048,2071,2084
2052,2062,2054,2055,2052,2052,2053,2083
2054,2060,2061,2055,2053,2053,2057,2073
2055,2055,2065,2060,2058,2060,2046,2064
2046,2059,2071,2056,2056,2057,2043,2054
2048,2056,2076,2063,2057,2053,2046,2043
2045,2057,2074,2057,2046,2038,2038,2038
2044,2051,2068,2053,2039,2029,2034,2032
2040,2054,2060,2051,2047,2026,2032,2026
2039,2049,2059,2050,2057,2027,2049,2015
2038,2051,2062,2049,2060,2031,2036,2018
2041,2046,2055,2043,2055,2027,2035,2021
2032,2039,2042,2045,2042,2017,2033,2014
2034,2039,2042,2045,2039,2027,2031,2016
2040,2041,2048,2052,2055,2043,2036,2025
2036,2047,2050,2055,2056,2050,2016,2032
2029,2055,2048,2056,2050,2052,2018,2042
2034,2054,2048,2052,2044,2056,2028,2048
2035,2054,2043,2049,2031,2059,2033,2053
2028,2044,2041,2041,2027,2054,2026,2064
2030,2045,2036,2044,2023,2044,2032,2065
2034,2048,2035,2043,2020,2036,2032,2070
2037,2053,2028,2048,2015,2030,2050,2073
2033,2049,2031,2049,2016,2030,2047,2077
2036,2047,2033,2050,2016,2029,2026,2080
2035,2050,2023,2047,2021,2034,2038,2085
2036,2046,2027,2038,2022,2041,2043,2082
2033,2042,2025,2032,2023,2041,2037,2081
2028,2028,2016,2032,2030,2041,2036,2089
2026,2031,2015,2027,2053,2054,2034,2081
2035,2042,2021,2037,2072,2077,2050,2086
2041,2052,2021,2040,2062,2069,2027,2085
2038,2050,2026,2043,2058,2064,2033,2089
2041,2052,2027,2044,2051,2069,2042,2084
2035,2049,2039,2050,2054,2080,2068,2080
2034,2052,2041,2051,2056,2082,2047,2077
2043,2061,2058,2054,2060,2082,2062,2061
2048,2065,2067,2051,2052,2077,2062,2063
2046,2062,2071,2054,2050,2069,2052,2051
2045,2059,2067,2059,2052,2064,2035,2048
2046,2058,2073,2063,2059,2049,2042,2033
2037,2050,2063,2063,2061,2034,2050,2026
2037,2051,2049,2055,2055,2015,2042,2020
2025,2053,2045,2054,2052,1999,2043,2015
2032,2049,2039,2046,2042,1985,2037,2017
2028,2036,2041,2043,2037,1995,2047,2023
2036,2050,2048,2041,2043,2013,2028,2030
2046,2055,2048,2038,2038,2027,2036,2032
2043,2058,2045,2029,2039,2033,2038,2035
2049,2064,2048,2028,2041,2036,2040,2045
2040,2067,2058,2033,2046,2039,2037,2056
2048,2063,2059,2035,2052,2039,2051,2073
2047,2062,2061,2040,2052,2034,2048,2075
2037,2062,2062,2045,2051,2031,2050,2083
2049,2065,2061,2040,2052,2030,2054,2085
2045,2062,2055,2047,2048,2043,2041,2084
2044,2058,2051,2043,2052,2051,2060,2085
2045,2052,2050,2047,2043,2043,2047,2075
2038,2045,2043,2042,2029,2038,2054,2072
2026,2042,2040,2033,2030,2041,2058,2081
2024,2034,2032,2026,2034,2047,2065,2080
2027,2037,2027,2037,2036,2053,2083,2087
2037,2045,2038,2054,2053,2069,2093,2096
2043,2051,2045,2063,2057,2074,2049,2092
2039,2045,2046,2064,2066,2084,2061,2089
2035,2044,2044,2065,2064,2077,2070,2084
2034,2047,2043,2060,2054,2068,2061,2077
2033,2045,2042,2065,2054,2065,2065,2075
2033,2051,2038,2060,2047,2058,2055,2065
2034,2053,2036,2061,2046,2045,2048,2059
2036,2057,2035,2061,2052,2034,2051,2049
2040,2058,2034,2059,2055,2042,2041,2039
2036,2054,2027,2050,2056,2041,2041,2027
2039,2050,2026,2047,2057,2036,2062,2028
2036,2052,2027,2042,2055,2033,2066,2013
2038,2049,2026,2034,2044,2023,2062,2011
2027,2036,2023,2024,2028,1995,2056,2006
2023,2036,2028,2015,2015,1995,2053,2015
2026,2053,2033,2013,2027,2009,2042,2022
2034,2064,2039,2013,2028,2021,2038,2032
2041,2067,2051,2025,2025,2022,2043,2041
2036,2070,2060,2037,2027,2028,2047,2046
2039,2066,2063,2038,2032,2029,2044,2051
2039,2065,2061,2045,2044,2034,2048,2062
2037,2065,2061,2048,2038,2033,2044,2070
2039,2069,2056,2045,2043,2037,2044,2075
2038,2064,2053,2047,2039,2038,2050,2077
2043,2063,2048,2040,2037,2041,2060,2083
2039,2060,2047,2040,2039,2041,2058,2094
2048,2064,2053,2030,2042,2041,2051,2098
2041,2062,2042,2027,2045,2046,2046,2102
2050,2062,2044,2026,2037,2037,2052,2091
2039,2050,2038,2022,2032,2030,2036,2095
2042,2051,2053,2033,2043,2034,2048,2092
2046,2063,2069,2050,2049,2045,2058,2092
2047,2060,2065,2053,2045,2042,2040,2087
2046,2061,2056,2054,2051,2041,2033,2082
2042,2060,2058,2059,2052,2046,2047,2077
2039,2059,2057,2057,2048,2053,2056,2076
2031,2055,2049,2057,2049,2062,2075,2063
2031,2056,2052,2060,2043,2064,2052,2058
2031,2053,2046,2056,2044,2064,2045,2054
2032,2056,2040,2058,2032,2061,2054,2043
2034,2054,2031,2056,2038,2036,2052,2039
2039,2053,2035,2070,2043,2017,2077,2029
2037,2054,2028,2066,2022,2012,2071,2019
2037,2049,2015,2043,1996,2005,2056,2014
2030,2035,2001,2015,1964,2004,2045,2001
2021,2020,1986,1987,1926,1996,2028,1993
2013,2024,1984,1970,1907,2002,2031,1997
2020,2043,2007,1988,1975,2035,2054,2018
2032,2049,2011,2001,2046,2047,2054,2030
2038,2049,2006,2017,2086,2041,2053,2043
2039,2050,2015,2038,2133,2050,2068,2058
2039,2052,2012,2048,2146,2065,2087,2067
2035,2045,2008,2047,2099,2070,2064,2074
2033,2039,2006,2051,2090,2070,2064,2079
2035,2038,2031,2061,2087,2063,2044,2080
2046,2052,2057,2062,2055,2040,2067,2080
2035,2058,2072,2051,1996,2018,2063,2079
2032,2057,2078,2067,2043,2022,2061,2073
2035,2054,2083,2080,2087,2014,2070,2078
2035,2049,2075,2075,2100,2005,2068,2082
2026,2042,2072,2072,2110,2003,2052,2077
2026,2036,2059,2072,2122,2009,2031,2080
2024,2039,2049,2071,2130,2027,2034,2092
2031,2049,2051,2068,2124,2048,2055,2090
2033,2050,2045,2060,2117,2062,2067,2082
2033,2046,2045,2053,2100,2082,2065,2077
2032,2058,2051,2054,2065,2087,2062,2081
2034,2066,2067,2046,1965,2069,2059,2074
2039,2066,2068,2033,1914,2052,2056,2069
2036,2058,2062,2020,1958,2049,2034,2069
2040,2068,2060,2023,1994,2052,2067,2055
2035,2059,2064,2029,2012,2052,2070,2047
2039,2066,2062,2041,2022,2050,2059,2044
2039,2063,2062,2047,2029,2045,2052,2040
2035,2062,2073,2047,2026,2040,2043,2037
2042,2061,2060,2041,2027,2032,2050,2032
2040,2055,2055,2036,2016,2029,2036,2020
2028,2046,2042,2033,2019,2030,2018,2011
2030,2043,2047,2040,2024,2037,2033,2020
2032,2050,2054,2044,2031,2043,2051,2025
2038,2044,2058,2042,2029,2040,2052,2029
2037,2052,2065,2046,2031,2047,2060,2041
2040,2061,2064,2051,2026,2046,2056,2049
2028,2060,2061,2047,2031,2050,2042,2061
2036,2060,2054,2046,2033,2043,2047,2061
2042,2055,2047,2045,2040,2059,2048,2070
2042,2058,2054,2049,2034,2067,2054,2082
2047,2060,2058,2053,2042,2068,2069,2083
2048,2058,2051,2049,2042,2072,2086,2100
2046,2050,2051,2050,2040,2064,2068,2097
2046,2046,2045,2048,2037,2056,2042,2099
2042,2049,2050,2052,2039,2061,2079,2091
2042,2050,2046,2048,2037,2071,2057,2091
2037,2037,2037,2036,2031,2068,2061,2100
2036,2038,2041,2036,2039,2075,2045,2100
2049,2049,2047,2052,2043,2071,2040,2095
2055,2052,2045,2050,2043,2027,2053,2099
2054,2057,2044,2047,2045,2018,2051,2089
2048,2054,2036,2040,2042,2031,2043,2080
2043,2051,2032,2039,2043,2032,2042,2071
2045,2052,2029,2042,2048,2035,2032,2064
2039,2050,2026,2044,2049,2036,2016,2051
2038,2048,2029,2050,2056,2041,2034,2045
2044,2052,2034,2042,2054,2032,2030,2046
2036,2041,2026,2041,2055,2030,2038,2035
2035,2034,2022,2043,2047,2036,2029,2026
2032,2033,2022,2040,2052,2034,2033,2025
2030,2039,2021,2040,2055,2040,2040,2023
2043,2045,2025,2051,2052,2032,2034,2021
2041,2036,2023,2042,2046,2032,2017,2023
2036,2029,2023,2036,2049,2058,2033,2017
2036,2036,2026,2042,2043,2069,2010,2022
2026,2035,2024,2040,2053,2077,2020,2023
2031,2033,2024,2040,2044,2073,2028,2033
2042,2028,2025,2036,2049,2061,2025,2036
2038,2032,2035,2045,2054,2061,2029,2049
2042,2049,2040,2050,2057,2064,2053,2062
2041,2055,2059,2060,2059,2051,2052,2072
2051,2072,2072,2062,2058,2052,2058,2082
2053,2070,2072,2065,2062,2049,2060,2087
2054,2067,2071,2067,2062,2050,2080,2093
2046,2062,2062,2058,2051,2037,2065,2099
2051,2056,2062,2061,2052,2029,2052,2098
2051,2055,2056,2048,2041,2028,2043,2092
2052,2050,2052,2050,2038,2030,2038,2086
2043,2040,2040,2045,2032,2024,2024,2093
2038,2042,2036,2038,2021,2024,2039,2093
2043,2057,2050,2047,2021,2022,2050,2093
2044,2052,2046,2045,2019,2024,2039,2091
2047,2060,2045,2041,2029,2034,2031,2086
2049,2055,2054,2042,2033,2044,2004,2082
2051,2052,2048,2047,2040,2052,2040,2073
2052,2052,2044,2045,2040,2046,2047,2067
2046,2052,2048,2042,2040,2046,2052,2063
2045,2043,2036,2044,2037,2050,2068,2053
2046,2043,2041,2043,2043,2048,2071,2040
2045,2043,2036,2040,2043,2054,2060,2037
2041,2043,2039,2041,2041,2054,2072,2027
2042,2039,2036,2039,2042,2049,2050,2027
2037,2040,2035,2033,2025,2040,2072,2010
2031,2032,2029,2034,2017,2037,2055,2006
2034,2017,2017,2028,2003,2025,2057,2013
2032,2018,2015,2023,2011,2031,2062,2011
2038,2026,2021,2025,2008,2036,2058,2024
2036,2029,2013,2021,2012,2036,2052,2022
2028,2025,2012,2031,2034,2058,2056,2035
2034,2030,2025,2055,2058,2070,2058,2052
2037,2037,2033,2058,2066,2061,2067,2055
2037,2036,2031,2058,2062,2054,2069,2068
2037,2029,2028,2055,2053,2054,2042,2069
2039,2024,2025,2059,2048,2052,2062,2076
2039,2025,2027,2052,2046,2042,2057,2082
2044,2027,2027,2053,2043,2035,2064,2083
2045,2027,2027,2049,2036,2032,2043,2088
2046,2033,2024,2053,2031,2026,2017,2079
2043,2033,2009,2050,2017,2032,2057,2085
2041,2026,2004,2046,2014,2036,2071,2087
2033,2022,2007,2043,2005,2039,2054,2088
2035,2034,2026,2044,2001,2063,2057,2088
2040,2054,2053,2054,2010,2078,2057,2096
2045,2061,2073,2047,2008,2080,2061,2090
2052,2070,2076,2039,2013,2084,2076,2092
2057,2069,2075,2031,2020,2096,2065,2096
2060,2065,2068,2026,2032,2094,2076,2090
2064,2062,2064,2024,2053,2093,2058,2083
2052,2054,2057,2025,2044,2072,2058,2070
2052,2064,2060,2029,2040,2049,2064,2064
2052,2058,2063,2032,2053,2028,2053,2050
2046,2056,2066,2035,2062,1995,2040,2038
2038,2047,2053,2032,2058,1985,2042,2038
2037,2053,2056,2043,2068,2000,2051,2031
2045,2056,2064,2060,2063,2019,2054,2031
2056,2057,2071,2064,2071,2041,2058,2038
2054,2050,2070,2058,2067,2055,2067,2028
2048,2054,2068,2057,2030,2050,2047,2024
2050,2058,2063,2054,1987,2042,2046,2021
2047,2056,2060,2045,1980,2022,2040,2037
2056,2056,2058,2038,1979,2023,2045,2050
2056,2054,2057,2034,1944,2026,2059,2057
2062,2052,2056,2028,1937,2013,2052,2065
2060,2049,2047,2029,1965,2003,2043,2063
2059,2047,2049,2031,2000,2006,2043,2064
2049,2048,2054,2037,2061,2029,2060,2067
2044,2045,2045,2048,2106,2043,2053,2070
2047,2048,2048,2054,2119,2052,2055,2069
2044,2047,2044,2051,2094,2046,2044,2078
2045,2047,2047,2050,2069,2046,2043,2076
2043,2048,2048,2047,2058,2053,2051,2079
2040,2040,2041,2041,2043,2066,2060,2083
2037,2030,2032,2026,2017,2078,2044,2086
2030,2025,2030,2019,2005,2084,2049,2075
2036,2031,2037,2025,1997,2075,2062,2072
2041,2031,2038,2029,2009,2062,2048,2072
2038,2032,2039,2036,2019,2046,2056,2073
2036,2031,2046,2041,2024,2005,2055,2081
2039,2037,2048,2041,2032,2006,2041,2070
2044,2039,2047,2038,2028,2017,2029,2064
2042,2040,2045,2037,2029,2028,2025,2059
2050,2048,2046,2033,2030,2036,2044,2061
2049,2051,2047,2037,2034,2035,2045,2054
2049,2047,2051,2040,2044,2042,2049,2047
2050,2041,2047,2036,2064,2051,2036,2030
2051,2046,2041,2031,2060,2055,2056,2025
2047,2043,2047,2037,2079,2073,2057,2015
2047,2042,2044,2041,2087,2082,2053,2023
2047,2041,2040,2039,2082,2074,2042,2019
2036,2029,2042,2037,2070,2056,2047,2019
2040,2037,2044,2041,2064,2051,2053,2025
2042,2034,2045,2038,2058,2053,2044,2029
2047,2031,2040,2033,2061,2052,2031,2036
2048,2034,2046,2039,2070,2038,2021,2041
2050,2038,2039,2037,2064,2037,2031,2046
2054,2041,2049,2041,2065,2030,2034,2061
2053,2040,2043,2035,2060,2020,2055,2070
2056,2041,2057,2034,2060,2011,2044,2071
2051,2048,2062,2042,2058,2014,2048,2080
2053,2048,2065,2042,2053,2024,2040,2080
2058,2047,2067,2047,2070,2037,2043,2084
2052,2052,2062,2047,2081,2047,2048,2089
2055,2050,2062,2049,2080,2048,2045,2095
2058,2052,2055,2049,2058,2050,2045,2091
2055,2052,2059,2049,2065,2048,2042,2093
2053,2042,2052,2051,2091,2049,2051,2094
2054,2045,2054,2062,2120,2062,2067,2098
2063,2053,2054,2058,2118,2064,2069,2099
2061,2043,2050,2051,2096,2067,2063,2094
2054,2043,2054,2039,2034,2064,2050,2087
2055,2039,2047,2031,2021,2064,2058,2074
2056,2035,2044,2032,2027,2074,2058,2069
2053,2040,2051,2031,2033,2100,2062,2054
2060,2035,2046,2021,2022,2092,2055,2044
2054,2027,2040,1996,1981,2064,2031,2032
2042,2028,2043,1998,2001,2067,2034,2028
2050,2032,2046,2006,2038,2057,2043,2031
2055,2035,2052,2020,2094,2028,2044,2036
2056,2037,2053,2035,2148,2026,2030,2033
2063,2035,2053,2050,2181,2044,2041,2027
2060,2025,2047,2052,2121,2047,2029,2019
2047,2009,2035,2036,2003,2024,2041,2018
2043,2015,2041,2046,2007,2028,2045,2026
2051,2032,2049,2046,2020,2008,2045,2029
2056,2028,2045,2041,2002,1994,2031,2028
2048,2029,2043,2027,1995,2004,2023,2033
2048,2024,2036,2031,2008,2013,2037,2026
2047,2026,2033,2033,2015,2017,2039,2039
2044,2027,2032,2036,2026,2019,2041,2040
2051,2025,2025,2040,2019,2035,2044,2045
2048,2018,2019,2040,2025,2061,2051,2045
2049,2018,2022,2041,2052,2101,2050,2045
2041,2009,2019,2040,2070,2109,2035,2050
2037,2004,2012,2036,2094,2089,2030,2056
2034,2006,2014,2040,2097,2091,2048,2062
2037,2014,2009,2034,2092,2089,2025,2065
2039,2020,2009,2029,2035,2059,2018,2062
2038,2008,2002,2026,2036,2043,2016,2072
2040,2011,2008,2032,2076,2052,2038,2072
2051,2028,2019,2037,2093,2064,2052,2074
2053,2036,2019,2031,2088,2079,2036,2071
2063,2042,2025,2030,2061,2075,2042,2071
2063,2044,2038,2025,2022,2063,2041,2073
2061,2049,2050,2021,1988,2041,2044,2056
2058,2052,2069,2024,1994,2043,2048,2059
2066,2058,2080,2039,2028,2056,2036,2059
2078,2057,2072,2050,2033,2061,2060,2057
2076,2056,2071,2054,2021,2055,2049,2040
2064,2045,2060,2043,2002,2046,2048,2033
2068,2031,2051,2042,1982,2039,2050,2017
2053,2029,2051,2033,1974,2032,2051,2012
2052,2028,2066,2048,1985,2058,2056,2013
2047,2029,2074,2054,1992,2061,2050,2005
2034,2013,2072,2045,1980,2054,2050,1992
2032,2016,2065,2046,1990,2050,2046,2000
2047,2034,2071,2052,2002,2054,2065,2012
2055,2034,2064,2045,2009,2039,2074,2015
2057,2035,2051,2038,2023,2020,2057,2011
2068,2032,2051,2040,2050,2030,2033,2015
2064,2040,2057,2050,2058,2060,2033,2016
2055,2033,2047,2046,2046,2071,2027,2031
2051,2030,2046,2043,2019,2030,2034,2037
2045,2032,2048,2042,2015,1996,2004,2042
2039,2030,2056,2047,2078,2012,2007,2040
2036,2040,2057,2061,2114,2017,2021,2050
2044,2048,2059,2053,2082,2016,2046,2070
2050,2052,2058,2042,2084,2024,2013,2080
2059,2053,2056,2049,2140,2058,2034,2082
2070,2050,2049,2039,2145,2081,2030,2072
2061,2032,2033,2015,2029,2074,2050,2070
2053,2030,2042,2028,2046,2094,2065,2073
2052,2036,2058,2034,2035,2089,2059,2067
2056,2040,2065,2047,2016,2089,2059,2056
2056,2041,2068,2054,1993,2068,2049,2060
2056,2043,2067,2051,1988,2067,2057,2057
2056,2037,2063,2051,2005,2090,2056,2038
2057,2032,2063,2061,2056,2097,2059,2031
2046,2024,2052,2046,2057,2076,2053,2016
2038,2019,2045,2037,2062,2044,2046,2007
2038,2023,2037,2024,2041,2017,2047,1998
2041,2016,2037,2028,2058,2016,2028,1999
2045,2023,2039,2053,2126,2036,2055,2005
2056,2041,2055,2077,2161,2066,2068,2004
2056,2046,2047,2076,2176,2090,2058,1988
2050,2051,2050,2063,2143,2085,2029,1975
2039,2034,2023,2027,2051,2063,2035,1976
2029,2023,2014,2010,2043,2081,2035,1989
2041,2033,2018,2020,2063,2102,2034,1999
2049,2034,2017,2020,2068,2098,2056,2012
2049,2034,2016,2012,2080,2084,2045,2012
2049,2035,2016,2015,2063,2056,2056,2013
2050,2035,2021,2006,2037,2038,2023,2024
2054,2035,2021,2007,2055,2041,2038,2025
2056,2030,2014,2017,2095,2063,2054,2031
2050,2031,2010,2026,2122,2078,2051,2038
2048,2024,2008,2030,2136,2082,2054,2044
2042,2018,2001,2031,2140,2079,2033,2047
2033,2016,2003,2037,2160,2063,2059,2053
2041,2011,1998,2038,2116,2044,2043,2054
2040,2013,1998,2030,2018,1993,2044,2061
2042,2017,2012,2043,2046,1978,2040,2050
2028,2002,2014,2033,2047,1980,2036,2046
2024,1999,2015,2011,1949,1986,2034,2039
2034,2010,2028,2016,1948,1993,2028,2034
2043,2019,2037,2031,1979,2001,2032,2037
2042,2036,2043,2026,1946,2005,2043,2036
2046,2044,2053,2015,1876,2008,2051,2040
2060,2057,2065,2017,1926,2009,2067,2042
2063,2052,2062,2009,2000,2018,2058,2036
2055,2045,2057,2004,2011,2028,2060,2022
2051,2039,2048,2013,2017,2037,2068,2007
2045,2033,2038,2014,2009,2047,2046,1998
2041,2036,2034,2017,2043,2056,2037,1987
2043,2034,2033,2021,2064,2070,2051,1980
2035,2032,2031,2027,2052,2062,2044,1976
2043,2033,2038,2025,2035,2058,2054,1974
2042,2045,2045,2020,1989,2063,2047,1969
2044,2046,2050,2015,1937,2059,2049,1970
2048,2050,2070,2027,1916,2058,2063,1978
2052,2062,2064,2033,1916,2045,2051,1980
2056,2047,2052,2024,1897,2025,2050,1984
2055,2033,2038,2010,1891,2040,2057,1987
2052,2026,2038,2021,1923,2052,2056,2011
2053,2033,2048,2027,1949,2060,2056,2018
2037,2029,2048,2030,1989,2067,2047,2013
2028,2024,2039,2031,2004,2067,2034,2019
2031,2031,2049,2038,2063,2071,2051,2031
2051,2055,2067,2056,2125,2079,2057,2031
2063,2070,2080,2060,2177,2069,2036,2032
2057,2064,2076,2064,2192,2025,2050,2031
2054,2053,2073,2040,2120,1989,2027,2027
2057,2052,2067,2040,2044,1997,2032,2036
2054,2049,2054,2035,1993,1998,2029,2027
2047,2033,2041,2027,1998,1995,2011,2026
2048,2032,2039,2034,2045,2005,2018,2026
2060,2033,2039,2032,2081,2022,2021,2022
2055,2041,2045,2038,2120,2031,2015,2008
2044,2034,2052,2046,2125,2045,2007,2000
2036,2031,2056,2065,2123,2059,2020,1994
2029,2032,2068,2087,2133,2064,2036,1988
2027,2036,2068,2100,2168,2072,2051,1986
2031,2041,2072,2111,2177,2079,2057,1991
2033,2039,2070,2107,2159,2088,2058,1976
2029,2032,2063,2088,2136,2095,2047,1963
2028,2024,2056,2083,2125,2098,2055,1949
2031,2021,2047,2071,2026,2084,2048,1944
2033,2021,2051,2056,1896,2077,2052,1942
2049,2016,2056,2053,1935,2078,2045,1930
2035,2016,2048,2058,2021,2066,2018,1927
2032,2011,2046,2054,2069,2065,2046,1929
2040,2019,2041,2065,2080,2070,2059,1940
2041,2023,2035,2058,2069,2039,2044,1926
2030,2017,2025,2037,2059,2009,2046,1926
2021,2021,2019,2025,2046,1989,2044,1945
2033,2019,2009,2011,2038,1983,2049,1971
2053,2033,2017,2009,2043,1998,2072,1989
2063,2042,2020,2010,2049,2028,2060,2001
2063,2036,2007,1997,2038,2039,2061,2000
2039,2035,1996,1999,2040,2050,2050,2001
2032,2032,1998,1999,2033,2065,2039,2003
2039,2037,2007,2004,2007,2067,2036,2003
2048,2036,2008,2005,1998,2064,2047,2006
2048,2037,2019,2019,1998,2071,2055,2018
2057,2045,2018,2022,2036,2095,2067,2020
2048,2033,2008,2018,2074,2104,2050,2005
2036,2019,2003,2026,2118,2129,2061,2007
2038,2032,2037,2052,2149,2156,2077,2009
2040,2034,2052,2056,2132,2140,2078,2020
2056,2041,2058,2053,2097,2113,2071,2022
2055,2052,2069,2053,2082,2094,2061,2004
2057,2059,2091,2055,2063,2074,2050,1994
2060,2067,2101,2050,2042,2052,2055,1988
2061,2066,2097,2047,2042,2030,2033,1979
2042,2055,2076,2034,2029,2013,2025,1970
2036,2041,2060,2023,2004,2008,2031,1959
2035,2042,2056,2034,1999,2012,2024,1943
2044,2050,2065,2064,2046,2014,2033,1946
2043,2057,2058,2050,2085,2016,2028,1940
2045,2049,2045,2032,2096,2019,2033,1940
2036,2048,2043,2031,2109,2028,2035,1939
2037,2041,2035,2029,2096,2028,2022,1930
2027,2040,2043,2031,2067,2037,2028,1924
2030,2045,2044,2037,2058,2061,2040,1940
2034,2041,2038,2038,2034,2074,2040,1945
2033,2037,2043,2020,1999,2064,2032,1950
2033,2043,2036,2006,1971,2057,2025,1966
2033,2047,2041,2017,2024,2043,2041,1985
2041,2045,2044,2034,2073,2036,2065,1992
2040,2045,2038,2046,2089,2030,2063,2002
2038,2039,2040,2034,2078,2035,2064,2006
2044,2034,2040,2035,2079,2048,2059,2004
2039,2027,2030,2026,2052,2036,2045,1996
2020,2019,2026,2015,2057,2021,2027,1993
2023,2027,2020,2009,2068,2017,2011,2000
2050,2042,2027,2011,2060,2032,2026,2006
2048,2051,2045,2036,2027,2062,2037,2017
2045,2050,2045,2041,2034,2065,2045,2007
2036,2053,2053,2044,2072,2064,2051,2017
2043,2059,2050,2045,2082,2048,2058,2019
2042,2053,2041,2031,1972,2024,2022,2026
2060,2053,2039,2001,1813,2004,2026,2019
2054,2052,2033,1992,1795,2006,2048,2004
2036,2050,2035,1996,1783,1996,2034,1992
2034,2050,2039,2018,1876,2038,2060,1985
2024,2032,2033,2039,1984,2064,2063,1987
2034,2036,2037,2047,2026,2075,2076,1988
2046,2061,2061,2062,2045,2078,2081,1993
2064,2066,2068,2058,2066,2084,2075,1988
2072,2060,2057,2058,2101,2088,2062,1977
2074,2057,2048,2055,2117,2077,2053,1968
2068,2044,2024,2042,2072,2043,2031,1947
2056,2034,2009,2044,2152,2065,2043,1932
2038,2012,2003,2052,2193,2095,2044,1936
2016,2003,2008,2053,2156,2105,2045,1917
2013,2018,2026,2049,2094,2097,2035,1923
2010,2028,2032,2056,2077,2078,2044,1946
2028,2032,2033,2051,2067,2058,2036,1957
2031,2032,2026,2046,2051,2035,2032,1966
2036,2033,2028,2037,2022,2033,2037,1986
2047,2032,2021,2036,2020,2037,2029,2003
2047,2037,2033,2040,2031,2038,2034,2009
2047,2043,2039,2051,2040,2024,2022,2018
2058,2046,2040,2050,2044,2008,2021,2013
2062,2044,2030,2046,1994,1991,2036,2004
2059,2035,2013,2033,1954,1993,2029,1999
2057,2035,2009,2042,1960,2015,2026,2003
2059,2031,2009,2043,1969,2026,2050,2003
2052,2040,2020,2050,1990,2033,2055,1990
2021,2035,2020,2047,2025,2042,2045,1998
2017,2026,2013,2057,2055,2061,2050,2022
2029,2040,2019,2075,2091,2088,2076,2025
2021,2038,2017,2078,2109,2078,2065,2016
2015,2033,2012,2070,2100,2072,2069,2016
2027,2042,2005,2061,2110,2082,2047,2013
2040,2040,2006,2051,2112,2088,2074,2021
2053,2045,2011,2060,2133,2093,2048,2018
2056,2040,2013,2056,2153,2090,2036,2022
2060,2027,2004,2031,2153,2085,2037,2017
2054,2019,2004,2016,2134,2082,2047,2004
2064,2032,2027,2020,2112,2080,2043,2003
2078,2041,2030,2024,2065,2073,2044,1996
2073,2033,2025,2005,1948,2063,2030,1977
2062,2029,2031,2011,1890,2059,2040,1964
2064,2050,2069,2026,1915,2055,2042,1960
2054,2046,2069,2015,1872,2036,2046,1956
2040,2033,2061,2013,1873,2024,2032,1955
2031,2047,2058,2027,2006,2049,2045,1953
2022,2047,2049,2042,2083,2067,2051,1947
2010,2035,2042,2052,2141,2090,2075,1982
2046,2041,2056,2063,2208,2104,2085,2023
2091,2069,2080,2067,2209,2108,2073,2049
2111,2084,2093,2056,2180,2124,2088,2069
2137,2092,2088,2046,2120,2132,2068,2066
2132,2085,2082,2045,2084,2134,2053,2038
2106,2059,2076,2044,2035,2120,2054,2000
2055,2037,2066,2046,2012,2109,2047,1978
2020,2035,2063,2044,1985,2068,2024,1978
1996,2033,2054,2011,1943,2022,2024,1988
1950,2017,2040,1987,1978,2013,2029,2026
1992,2014,2029,2010,2049,2014,2058,2039
2020,2031,2025,2015,2053,2006,2026,2036
2032,2043,2035,2060,2128,2021,2031,2039
2053,2075,2055,2095,2189,2019,2032,2033
2050,2082,2073,2104,2181,2019,2051,2027
2051,2093,2091,2111,2166,2027,2040,2031
2057,2087,2083,2094,2146,2054,2031,2027
2048,2076,2064,2086,2123,2071,2026,2014
2036,2060,2053,2072,2076,2053,2030,2009
2040,2056,2043,2049,2010,2032,2032,2005
2051,2058,2041,2033,1998,2040,2046,2001
2047,2053,2045,2021,1982,2042,2039,1987
2038,2041,2036,2016,1956,2032,2035,1978
2037,2041,2036,2018,2011,2022,2051,1974
2044,2044,2039,2026,2026,2028,2056,1973
2039,2046,2040,2032,2005,2023,2044,1964
2032,2049,2046,2032,1984,2017,2030,1965
2040,2043,2054,2040,1976,2007,2007,1958
2034,2050,2047,2046,2019,2034,2027,1961
2049,2051,2057,2052,2060,2057,2028,1959
2033,2045,2050,2032,2041,2059,2020,1966
2034,2045,2045,2041,2042,2053,2026,1983
2050,2053,2064,2062,2065,2060,2038,1991
2049,2052,2058,2059,2067,2039,2033,1997
2043,2042,2045,2055,2060,2040,2041,2006
2043,2031,2029,2049,2060,2042,2051,2021
2043,2023,2024,2043,2055,2042,2036,2024
2045,2026,2027,2046,2051,2046,2058,2026
2055,2040,2043,2052,2054,2049,2050,2022
2051,2040,2039,2052,2049,2047,2047,2032
2032,2027,2023,2058,2052,2055,2043,2036
2029,2040,2035,2069,2063,2060,2047,2040
2034,2049,2035,2067,2070,2060,2051,2040
2028,2021,2025,2062,2060,2068,2066,2044
2034,2024,2030,2074,2062,2075,2074,2052
2037,2028,2034,2075,2074,2080,2059,2054
2035,2021,2028,2068,2064,2066,2030,2054
2035,2025,2029,2074,2071,2064,2048,2046
2042,2021,2030,2072,2100,2073,2062,2025
2036,2024,2033,2067,2118,2089,2066,2011
2027,2022,2023,2055,2105,2097,2050,2014
2030,2018,2027,2050,2092,2105,2037,2008
2032,2024,2039,2041,2086,2116,2058,2011
2042,2042,2057,2047,2092,2122,2060,1993
2038,2051,2072,2052,2046,2090,2041,1987
2050,2051,2073,2045,1989,2061,2042,1973
2048,2038,2058,2025,1924,2045,2032,1968
2040,2034,2047,2014,1880,2052,2052,1972
2039,2046,2058,2024,1921,2039,2050,1978
2043,2049,2052,2039,2006,2029,2062,1983
2048,2045,2050,2061,2093,2056,2078,1985
2065,2062,2052,2067,2097,2055,2060,1993
2069,2053,2049,2057,2067,2035,2050,2010
2059,2048,2046,2058,2069,2024,2057,2007
2054,2045,2046,2062,2050,2017,2063,2004
2037,2052,2060,2056,2013,2020,2057,2014
2050,2069,2062,2035,1936,2007,2069,2031
2054,2077,2058,2035,1961,1994,2058,2037
2050,2074,2056,2047,2030,2004,2061,2047
2048,2068,2053,2055,2033,2031,2053,2053
2047,2062,2050,2055,1998,2051,2057,2054
2048,2063,2043,2047,2000,2072,2080,2065
2055,2062,2041,2058,2018,2101,2069,2067
2052,2053,2032,2056,2027,2125,2072,2061
2052,2040,2026,2052,2043,2119,2060,2053
2037,2021,2011,2049,2065,2119,2049,2050
2039,2027,2014,2060,2131,2104,2039,2044
2041,2031,2016,2066,2156,2052,2008,2019
2024,2029,2016,2057,2171,2016,2033,2027
2030,2029,2011,2064,2196,2013,2031,2030
2029,2020,2010,2043,2160,2010,2046,2033
2020,2019,2024,2051,2113,2014,2053,2035
2032,2038,2046,2068,2112,2035,2056,2019
2038,2050,2066,2078,2124,2060,2069,2018
2042,2065,2081,2076,2104,2064,2051,2003
2030,2066,2079,2084,2152,2072,2057,2000
2040,2061,2074,2078,2147,2067,2076,2005
2041,2048,2062,2047,2060,2042,2046,1986
2049,2039,2041,2031,2024,2030,2040,1990
2050,2039,2031,2040,2068,2039,2032,2008
2053,2042,2031,2046,2106,2043,2030,1991
2046,2032,2025,2045,2110,2047,2030,1970
2036,2030,2030,2054,2086,2056,2051,1981
2044,2038,2042,2054,1970,2051,2043,1990
2045,2034,2037,2057,1971,2039,2028,2000
2044,2025,2038,2065,1989,2022,2016,2017
2052,2031,2033,2076,2011,2019,2042,2014
2043,2029,2037,2090,2036,2029,2041,2023
2043,2033,2033,2084,2046,2037,2052,2046
2054,2038,2024,2075,2059,2054,2038,2038
2053,2044,2028,2075,2066,2052,2045,2044
2036,2030,2018,2067,2065,2036,2047,2043
2040,2032,2016,2057,2054,2040,2047,2032
2031,2028,2018,2062,2047,2048,2024,2037
2031,2032,2017,2054,2051,2066,2025,2048
2027,2028,2006,2052,2057,2067,2049,2058
2030,2034,2021,2052,2066,2071,2047,2048
2028,2030,2021,2053,2066,2081,2060,2056
2031,2032,2020,2052,2070,2086,2060,2063
2040,2038,2010,2040,2073,2078,2056,2062
2038,2045,1999,2024,2063,2055,2058,2061
2030,2038,1990,2002,2050,2029,2062,2052
2036,2043,1998,2005,2045,2031,2041,2062
2049,2055,2024,2015,2053,2048,2051,2065
2057,2069,2038,2021,2052,2058,2057,2057
2054,2076,2062,2033,2054,2067,2058,2059
2060,2087,2099,2054,2058,2069,2058,2048
2058,2080,2117,2063,2058,2070,2056,2027
2049,2067,2111,2067,2057,2068,2056,2009
2050,2060,2098,2070,2064,2070,2039,2006
2050,2058,2081,2068,2064,2073,2040,1993
2043,2050,2069,2062,2057,2064,2048,1990
2047,2056,2065,2059,2044,2060,2060,1981
2030,2045,2051,2037,2028,2049,2035,1969
2019,2035,2033,2028,2019,2039,2030,1988
2030,2042,2039,2032,2027,2041,2044,2001
2035,2053,2047,2044,2037,2043,2046,2007
2038,2060,2047,2054,2046,2051,2040,2013
2047,2059,2049,2049,2045,2048,2033,2023
2058,2058,2037,2055,2045,2056,2041,2028
2051,2058,2044,2062,2050,2055,2038,2042
2049,2061,2063,2071,2055,2055,2051,2048
2044,2060,2078,2069,2035,2041,2035,2042
2045,2054,2078,2071,2044,2046,2050,2044
2036,2055,2073,2068,2052,2047,2046,2036
2037,2047,2060,2070,2050,2043,2038,2040
2041,2054,2050,2064,2066,2050,2044,2049
2038,2060,2048,2072,2094,2060,2051,2058
2046,2060,2059,2081,2095,2047,2053,2068
2053,2053,2052,2075,2086,2039,2036,2064
2045,2032,2030,2075,2082,2043,2016,2069
2041,2031,2034,2076,2085,2063,2041,2065
2045,2039,2038,2079,2084,2059,2034,2051
2046,2038,2032,2064,2065,2045,2034,2042
2048,2025,2018,2043,2018,2029,2031,2043
2045,2020,2006,2035,2000,2026,2041,2031
2036,2016,2013,2039,2012,2029,2040,2026
2028,2018,2022,2042,2033,2042,2037,2017
2017,2027,2023,2062,2064,2078,2051,2029
2029,2049,2042,2104,2112,2107,2045,2034
2040,2062,2062,2127,2128,2123,2075,2027
2039,2061,2060,2128,2150,2143,2065,2014
2034,2056,2051,2117,2148,2133,2062,2004
2034,2052,2051,2105,2117,2075,2058,1993
2032,2046,2057,2095,2098,2040,2058,1988
2034,2059,2057,2085,2072,2036,2041,1982
2027,2044,2045,2073,2057,2038,2036,1980
2029,2044,2043,2075,2047,2038,2033,1983
2035,2054,2049,2077,2049,2047,2043,1993
2034,2060,2056,2073,2056,2051,2040,1992
2037,2062,2060,2081,2063,2055,2039,2008
2037,2068,2071,2082,2066,2059,2032,2003
2044,2067,2068,2064,2052,2065,2022,2018
2043,2058,2051,2051,2041,2066,2025,2014
2031,2051,2037,2024,2027,2066,2006,2024
2032,2039,2032,2008,2018,2060,2020,2036
2036,2036,2039,2005,2019,2055,2016,2040
2035,2040,2052,2023,2041,2019,2033,2050
2038,2051,2057,2044,2064,2024,2039,2055
2042,2062,2063,2053,2066,2040,2029,2066
2048,2069,2073,2060,2076,2050,2041,2064
2045,2072,2069,2055,2076,2055,2030,2063
2033,2058,2050,2049,2068,2044,2026,2059
2034,2045,2041,2048,2060,2046,2024,2064
2035,2052,2046,2045,2061,2052,2038,2067
2042,2063,2046,2038,2047,2044,2034,2062
2035,2051,2045,2032,2043,2042,2040,2065
2042,2061,2063,2047,2056,2047,2039,2057
2045,2077,2074,2054,2059,2056,2019,2051
2047,2080,2068,2056,2067,2055,2018,2046
2052,2071,2068,2068,2072,2054,2024,2037
2045,2068,2062,2072,2065,2053,2030,2029
2039,2060,2054,2084,2069,2045,2017,2022
2043,2056,2054,2089,2075,2040,2021,2020
2047,2058,2060,2092,2081,2040,2037,2013
2049,2056,2058,2090,2078,2046,2038,2003
2044,2053,2051,2090,2069,2047,2034,1990
2037,2048,2043,2093,2067,2047,2027,1984
2040,2048,2035,2083,2058,2040,2019,1982
2030,2041,2007,2065,2059,2029,2029,1974
2030,2021,1987,2056,2058,2030,2042,1982
2028,2024,1982,2063,2063,2043,2032,1989
2031,2019,1974,2063,2062,2052,2041,1994
2022,2021,1980,2049,2063,2057,2045,1997
2020,2020,1984,2032,2056,2051,2050,2000
2027,2019,1971,2006,2047,2055,2058,2012
2032,2015,1969,1999,2039,2067,2061,2027
2042,2020,1985,2005,2050,2081,2061,2038
2048,2026,2001,2021,2060,2085,2062,2044
2051,2042,2027,2030,2063,2076,2045,2053
2061,2045,2036,2049,2054,2058,2042,2043
2046,2045,2033,2050,2039,2036,2038,2034
2047,2041,2018,2054,2031,2032,2045,2044
2040,2036,2009,2054,2028,2037,2035,2045
2031,2035,1990,2026,2030,2045,2038,2033
2026,2020,1972,2014,2036,2049,2012,2032
2018,2022,1984,2032,2068,2065,2031,2038
2023,2037,1999,2049,2090,2071,2050,2057
2032,2042,2006,2055,2084,2076,2055,2067
2040,2045,1995,2049,2089,2082,2053,2062
2051,2045,1986,2053,2087,2080,2053,2056
2050,2050,1988,2058,2085,2078,2053,2051
2055,2054,1988,2050,2070,2073,2061,2051
2054,2051,1997,2048,2060,2065,2061,2042
2055,2055,2005,2055,2063,2060,2061,2030
2043,2049,1980,2041,2051,2057,2029,2016
2041,2042,1961,2026,2042,2052,2044,2013
2039,2051,1972,2033,2043,2032,2035,2006
2041,2060,2015,2048,2049,2030,2044,1993
2041,2076,2059,2065,2041,2031,2035,1987
2038,2084,2099,2070,2036,2030,2041,1977
2036,2081,2114,2069,2040,2031,2022,1975
2034,2079,2121,2070,2033,2039,2044,1984
2046,2090,2138,2076,2046,2055,2047,2003
2061,2098,2157,2078,2050,2063,2060,2008
2058,2101,2161,2070,2048,2064,2051,2005
2049,2101,2156,2072,2049,2059,2045,2022
2048,2095,2152,2063,2053,2060,2055,2028
2055,2078,2119,2053,2051,2062,2064,2038
2053,2070,2093,2044,2053,2055,2080,2046
2052,2065,2083,2047,2050,2052,2062,2053
2058,2061,2080,2056,2049,2050,2063,2058
2056,2054,2059,2064,2061,2051,2064,2065
2055,2054,2055,2079,2069,2058,2069,2065
2059,2056,2063,2098,2069,2055,2054,2056
2050,2052,2065,2110,2069,2052,2047,2054
2053,2050,2060,2110,2072,2046,2045,2056
2047,2048,2050,2109,2068,2039,2057,2051
2052,2038,2036,2106,2065,2044,2036,2056
2043,2037,2031,2109,2056,2062,2022,2055
2045,2040,2031,2105,2064,2071,2042,2055
2051,2045,2027,2093,2061,2048,2035,2051
2046,2050,2023,2087,2064,2043,2016,2043
2048,2052,2021,2085,2057,2035,2010,2046
2053,2057,2030,2076,2052,2044,2016,2041
2046,2060,2046,2076,2053,2069,2026,2036
2048,2069,2053,2077,2048,2090,2033,2037
2046,2068,2044,2056,2049,2108,2037,2034
2046,2055,2036,2025,2034,2078,2046,2030
2042,2047,2035,2005,2025,2044,2056,2022
2048,2061,2052,2020,2039,2032,2058,2022
2046,2070,2053,2038,2049,2027,2067,2024
2051,2063,2059,2058,2062,2034,2066,2026
2062,2057,2079,2082,2059,2050,2066,2026
2060,2062,2089,2098,2053,2065,2055,2013
2049,2051,2092,2106,2055,2061,2044,2005
2053,2049,2115,2118,2061,2070,2061,2008
2051,2068,2130,2122,2056,2071,2057,2010
2046,2066,2114,2116,2055,2064,2065,2012
2044,2057,2102,2110,2048,2061,2021,2023
2044,2055,2098,2115,2046,2050,2046,2027
2048,2058,2112,2121,2050,2057,2058,2034
2055,2082,2132,2142,2061,2060,2058,2050
2056,2087,2131,2145,2072,2062,2057,2058
2061,2081,2114,2134,2066,2046,2031,2066
2058,2072,2095,2119,2061,2041,2029,2066
2052,2070,2079,2103,2054,2047,2021,2061
2054,2064,2075,2083,2046,2056,2040,2066
2052,2072,2077,2085,2046,2060,2033,2070
2060,2069,2077,2091,2053,2054,2013,2069
2059,2055,2062,2086,2050,2053,2007,2066
2048,2036,2041,2070,2036,2044,2023,2062
2041,2041,2038,2056,2036,2050,2048,2071
2060,2054,2052,2063,2044,2057,2064,2063
2055,2050,2050,2061,2037,2057,2043,2070
2053,2050,2064,2059,2041,2061,2064,2065
2054,2058,2088,2078,2047,2063,2071,2068
2058,2064,2080,2080,2049,2056,2070,2060
2060,2052,2049,2069,2043,2053,2076,2047
2056,2049,2033,2059,2040,2044,2061,2041
2049,2048,2036,2060,2049,2047,2074,2046
2047,2055,2035,2061,2054,2044,2058,2024
2046,2046,2019,2045,2043,2035,2055,2022
2039,2049,2021,2054,2056,2037,2055,2019
2049,2062,2033,2052,2064,2059,2057,2020
2047,2065,2004,2037,2055,2062,2051,2014
2058,2060,1983,2020,2052,2059,2064,2008
2050,2052,1972,2014,2031,2045,2028,2000
2041,2038,1969,2006,2031,2045,2016,2000
2044,2050,1986,2015,2034,2055,2037,2002
2050,2066,2006,2025,2036,2052,2058,2015
2052,2062,2011,2012,2033,2040,2057,2020
2055,2066,2023,1999,2029,2019,2055,2033
2056,2076,2046,1990,2025,2026,2025,2037
2058,2073,2054,1980,2022,2022,2029,2048
2048,2068,2074,1975,2025,2033,2050,2055
2049,2072,2097,1987,2031,2040,2064,2077
2066,2092,2120,2007,2043,2052,2079,2076
2070,2103,2125,2013,2049,2059,2080,2082
2075,2106,2118,2024,2048,2063,2069,2083
2065,2096,2105,2033,2048,2058,2072,2092
2067,2088,2090,2038,2049,2056,2050,2097
2068,2078,2073,2037,2049,2058,2069,2096
2064,2077,2067,2038,2050,2052,2058,2088
2052,2061,2053,2041,2043,2050,2049,2092
2055,2059,2050,2042,2047,2062,2062,2095
2058,2064,2053,2046,2047,2068,2047,2088
2064,2067,2050,2050,2048,2061,2041,2084
2065,2064,2045,2044,2042,2059,2055,2082
2057,2063,2049,2054,2049,2052,2042,2067
2052,2065,2050,2065,2061,2046,2031,2062
2056,2060,2042,2065,2063,2057,2029,2059
2055,2062,2036,2069,2061,2059,2045,2061
2055,2054,2036,2076,2066,2065,2039,2049
2059,2056,2046,2094,2063,2063,2049,2041
2066,2050,2053,2102,2061,2049,2027,2032
2052,2044,2043,2097,2060,2034,2036,2030
2060,2048,2044,2104,2067,2009,2028,2033
2062,2051,2042,2089,2073,2016,2026,2024
2052,2057,2044,2075,2065,2033,2044,2024
2057,2061,2052,2064,2060,2039,2024,2016
2063,2064,2063,2059,2061,2049,2044,2017
2071,2078,2077,2067,2074,2051,2061,2022
2072,2084,2068,2070,2065,2039,2054,2022
2065,2081,2074,2086,2067,2041,2041,2034
2077,2084,2077,2099,2068,2048,2052,2047
2070,2079,2080,2108,2073,2045,2049,2041
2066,2082,2096,2126,2081,2050,2047,2058
2067,2086,2126,2127,2068,2054,2051,2069
2070,2081,2106,2112,2062,2054,2047,2084
2070,2072,2090,2097,2059,2047,2033,2074
2073,2073,2071,2096,2054,2047,2044,2083
2068,2067,2051,2099,2049,2036,2032,2081
2066,2068,2045,2097,2041,2030,2051,2082
2063,2061,2043,2116,2048,2031,2050,2082
2066,2060,2045,2130,2059,2040,2061,2088
2072,2058,2035,2112,2054,2043,2057,2088
2066,2041,2014,2085,2049,2051,2038,2095
2063,2033,2005,2070,2048,2054,2042,2087
2064,2051,2011,2068,2047,2045,2048,2088
2058,2057,2018,2053,2046,2041,2044,2082
2056,2055,2036,2037,2051,2045,2060,2078
2054,2053,2040,2016,2046,2042,2037,2081
2054,2049,2044,2007,2041,2045,2046,2074
2068,2061,2038,2004,2053,2052,2052,2070
2070,2063,2042,2026,2054,2051,2054,2067
2076,2069,2041,2048,2063,2050,2044,2059
2073,2066,2056,2060,2062,2047,2047,2054
2067,2074,2074,2072,2063,2050,2051,2045
2065,2072,2086,2064,2048,2043,2044,2035
2058,2055,2060,2034,2035,2035,2030,2021
2060,2055,2063,2010,2025,2032,2048,2020
2064,2060,2078,2015,2032,2031,2034,2016
2060,2058,2091,2025,2036,2023,2021,2017
2060,2062,2095,2038,2047,2026,2031,2019
2063,2066,2090,2060,2047,2030,2044,2031
2072,2061,2072,2072,2049,2035,2042,2038
2070,2052,2049,2089,2056,2040,2032,2044
2075,2055,2051,2113,2059,2040,2041,2051
2070,2051,2062,2121,2052,2037,2052,2060
2070,2041,2053,2116,2044,2035,2047,2066
2068,2036,2051,2131,2045,2033,2053,2073
2071,2040,2052,2150,2054,2043,2057,2084
2068,2033,2033,2146,2047,2044,2055,2086
2059,2025,2014,2135,2040,2037,2064,2077
2048,2029,2007,2124,2041,2036,2060,2073
2045,2036,2021,2113,2058,2042,2066,2078
2046,2042,2014,2082,2044,2050,2051,2082
2044,2051,2007,2061,2036,2049,2040,2096
2052,2057,1996,2045,2031,2043,2049,2086
2053,2048,1990,2020,2027,2036,2049,2092
2045,2045,2004,2010,2020,2028,2052,2098
2052,2054,2063,2009,2015,2026,2050,2089
2051,2075,2107,2003,2020,2025,2049,2086
2064,2089,2126,1999,2030,2031,2048,2094
2069,2089,2110,2010,2047,2039,2063,2088
2074,2090,2119,2030,2066,2052,2055,2082
2071,2087,2127,2052,2064,2057,2052,2082
2072,2093,2134,2060,2068,2056,2074,2078
2077,2095,2127,2070,2076,2065,2066,2070
2077,2089,2119,2068,2072,2058,2060,2061
2067,2083,2103,2061,2070,2057,2039,2052
2060,2075,2090,2050,2059,2052,2042,2041
2067,2071,2077,2049,2065,2052,2056,2038
2061,2063,2071,2053,2070,2054,2060,2037
2065,2063,2064,2046,2059,2044,2052,2035
2055,2053,2058,2047,2052,2042,2052,2036
2058,2060,2063,2053,2058,2045,2060,2038
2061,2070,2066,2054,2054,2041,2060,2043
2064,2070,2066,2046,2057,2042,2044,2059
2066,2066,2063,2050,2044,2035,2051,2066
2068,2068,2068,2052,2045,2034,2037,2074
2067,2067,2073,2070,2052,2039,2039,2078
2064,2068,2075,2079,2047,2038,2069,2088
2068,2067,2070,2084,2044,2042,2041,2093
2066,2062,2070,2090,2048,2043,2030,2098
2064,2061,2064,2088,2050,2041,2049,2098
2059,2060,2057,2092,2044,2046,2043,2104
2063,2063,2047,2098,2044,2052,2044,2106
2060,2060,2049,2088,2039,2051,2031,2110
2056,2054,2051,2080,2041,2053,2022,2115
2055,2046,2046,2071,2036,2035,2051,2108
2046,2041,2046,2056,2031,2033,2055,2108
2050,2051,2061,2064,2037,2041,2056,2108
2064,2057,2062,2056,2050,2047,2065,2116
2067,2066,2070,2051,2043,2048,2058,2107
2061,2062,2072,2047,2042,2045,2036,2102
2055,2056,2072,2040,2039,2045,2043,2101
2051,2044,2052,2023,2026,2036,2050,2092
2053,2038,2044,2004,2018,2036,2047,2088
2055,2045,2053,2009,2023,2040,2058,2082
2058,2062,2069,2030,2029,2043,2064,2083
2066,2062,2069,2038,2042,2047,2065,2071
2070,2065,2062,2044,2053,2055,2075,2065
2067,2065,2053,2046,2062,2050,2072,2051
2067,2060,2047,2056,2064,2054,2068,2041
2064,2059,2040,2057,2060,2050,2054,2042
2058,2044,2031,2051,2058,2041,2048,2040
2050,2039,2010,2054,2047,2041,2037,2043
2047,2035,2009,2057,2052,2037,2049,2049
2046,2042,2005,2053,2043,2033,2048,2053
2048,2035,1994,2036,2041,2033,2058,2057
2052,2037,1985,2032,2028,2032,2062,2072
2048,2035,1990,2033,2032,2033,2054,2085
2052,2034,1996,2023,2020,2035,2080,2092
2061,2054,2019,2025,2029,2039,2054,2100
2063,2063,2043,2043,2041,2045,2068,2109
2077,2075,2059,2058,2057,2043,2072,2123
2075,2075,2051,2059,2057,2040,2058,2124
2073,2069,2040,2044,2044,2033,2069,2131
2073,2063,2030,2029,2027,2028,2058,2131
2068,2068,2039,2032,2028,2029,2039,2134
2074,2080,2060,2047,2032,2026,2066,2142
2074,2077,2055,2042,2031,2020,2061,2134
2073,2069,2049,2046,2029,2031,2061,2140
2083,2078,2064,2054,2047,2041,2066,2134
2078,2076,2066,2056,2045,2054,2041,2133
2077,2076,2072,2065,2048,2065,2034,2126
2078,2074,2062,2064,2048,2071,2065,2124
2073,2066,2056,2064,2042,2078,2069,2118
2073,2064,2037,2064,2048,2076,2045,2115
2072,2053,2024,2057,2048,2076,2066,2103
2067,2042,2013,2053,2052,2051,2049,2090
2057,2038,2001,2051,2042,2017,2047,2079
2056,2040,2000,2042,2041,2023,2046,2074
2051,2028,1988,2028,2042,2036,2054,2061
2051,2027,1981,2017,2031,2041,2053,2056
2046,2033,1993,2013,2030,2031,2032,2042
2049,2039,2005,2018,2034,2036,2028,2045
2051,2040,2023,2029,2036,2035,2007,2052
2062,2066,2051,2038,2038,2038,2031,2068
2066,2073,2056,2040,2038,2039,2048,2065
2064,2062,2049,2035,2034,2033,2046,2075
2066,2062,2055,2041,2024,2037,2037,2087
2073,2069,2076,2047,2030,2037,2050,2095
2073,2074,2076,2049,2026,2038,2050,2107
2072,2072,2057,2038,2024,2034,2038,2118
2073,2064,2056,2042,2021,2041,2033,2130
2082,2071,2075,2049,2035,2041,2051,2133
2086,2091,2095,2053,2038,2048,2063,2147
2099,2099,2103,2059,2045,2048,2059,2155
2110,2104,2112,2064,2045,2046,2069,2161
2109,2101,2106,2061,2046,2047,2083,2161
2093,2092,2095,2059,2042,2043,2065,2152
2089,2081,2085,2055,2044,2049,2064,2149
2084,2067,2066,2050,2042,2041,2049,2149
2075,2067,2068,2051,2042,2048,2070,2150
2091,2078,2074,2059,2051,2055,2070,2154
2088,2078,2071,2057,2055,2052,2065,2154
2088,2071,2072,2064,2051,2048,2067,2148
2091,2072,2066,2063,2050,2048,2052,2142
2085,2078,2070,2069,2045,2052,2067,2139
2088,2078,2074,2067,2053,2050,2077,2126
2086,2085,2080,2068,2055,2055,2077,2129
2100,2084,2082,2066,2049,2049,2056,2117
2090,2075,2090,2072,2042,2041,2056,2112
2089,2066,2079,2073,2032,2032,2042,2104
2085,2061,2075,2070,2032,2031,2072,2094
2080,2062,2077,2077,2036,2034,2044,2089
2083,2064,2073,2075,2031,2036,2046,2081
2078,2059,2056,2066,2038,2038,2037,2068
2070,2046,2039,2046,2031,2037,2049,2074
2065,2050,2035,2043,2034,2042,2052,2082
2084,2069,2039,2058,2031,2047,2060,2093
2077,2065,2038,2057,2037,2049,2074,2109
2084,2068,2045,2048,2046,2055,2068,2115
2086,2075,2051,2043,2047,2068,2084,2125
2079,2067,2045,2036,2045,2082,2094,2126
2079,2065,2042,2028,2042,2080,2074,2131
2078,2064,2034,2028,2035,2067,2100,2144
2080,2067,2041,2025,2026,2069,2091,2145
2084,2071,2057,2026,2034,2068,2092,2153
2090,2082,2072,2042,2039,2060,2079,2155
2092,2082,2077,2044,2039,2045,2066,2154
2098,2088,2078,2046,2037,2062,2058,2149
2088,2085,2073,2052,2042,2065,2047,2141
2085,2085,2075,2051,2042,2053,2047,2141
2076,2068,2064,2052,2032,2050,2041,2140
2075,2063,2066,2053,2035,2060,2065,2146
2085,2063,2086,2079,2051,2065,2069,2150
2080,2068,2080,2081,2054,2060,2076,2149
2080,2064,2058,2078,2049,2053,2087,2147
2083,2058,2031,2056,2037,2042,2073,2140
2074,2056,2024,2054,2031,2034,2086,2131
2070,2055,2027,2070,2038,2043,2085,2129
2075,2059,2037,2090,2039,2041,2087,2124
2070,2058,2035,2094,2056,2045,2079,2116
2081,2054,2027,2090,2052,2042,2072,2111
2074,2057,2023,2088,2052,2046,2064,2101
2072,2054,2017,2088,2049,2053,2073,2092
2062,2054,2004,2060,2028,2048,2075,2083
2066,2046,1998,2025,2015,2039,2069,2078
2062,2036,1999,2007,1994,2031,2040,2073
2054,2030,2011,1993,1988,2020,2045,2078
2054,2046,2035,1984,1994,2026,2054,2084
2073,2078,2080,2007,2006,2034,2064,2097
2087,2090,2100,2022,2012,2035,2052,2108
2081,2093,2091,2046,2008,2039,2063,2117
2087,2081,2075,2060,2018,2038,2052,2122
2085,2077,2066,2073,2020,2041,2061,2130
2085,2075,2070,2064,2024,2037,2073,2134
2089,2069,2068,2055,2028,2041,2067,2144
2087,2067,2070,2055,2030,2044,2056,2146
2076,2068,2064,2038,2021,2043,2067,2153
2078,2065,2059,2025,2021,2038,2070,2149
2080,2059,2048,2025,2028,2035,2055,2161
2085,2056,2044,2026,2029,2028,2053,2163
2077,2055,2041,2026,2024,2034,2047,2161
2076,2060,2045,2021,2020,2029,2047,2157
2070,2049,2029,2015,2010,2021,2043,2154
2070,2042,2022,2002,2011,2034,2043,2162
2079,2045,2024,1988,2013,2042,2068,2161
2080,2045,2009,1980,2020,2041,2072,2161
2085,2046,2012,1992,2032,2050,2083,2161
2086,2058,2012,2008,2032,2054,2083,2154
2084,2064,2009,2015,2043,2064,2077,2153
2090,2056,1995,2025,2040,2053,2074,2146
2084,2050,1996,2032,2033,2053,2085,2133
2073,2046,2009,2043,2032,2049,2068,2128
2073,2047,2031,2052,2032,2045,2082,2115
2072,2057,2056,2064,2039,2043,2070,2103
2075,2047,2058,2069,2032,2035,2052,2095
2064,2037,2039,2067,2029,2033,2054,2086
2067,2044,2031,2069,2029,2037,2054,2084
2062,2045,2034,2072,2032,2040,2048,2082
2054,2042,2034,2068,2033,2039,2047,2082
2060,2048,2041,2065,2034,2038,2059,2094
2069,2052,2054,2053,2028,2041,2046,2096
2069,2055,2069,2052,2024,2038,2048,2100
2066,2069,2102,2052,2020,2038,2054,2106
2072,2075,2118,2039,2017,2029,2042,2115
2074,2068,2093,2008,2010,2029,2037,2124
2073,2072,2079,1997,2005,2030,2045,2137
2076,2061,2067,1993,2003,2028,2034,2138
2074,2057,2048,1984,2004,2027,2027,2139
2071,2055,2053,1984,2003,2032,2044,2140
2066,2063,2069,2002,2010,2026,2060,2154
2075,2074,2085,2017,2016,2022,2036,2161
2083,2075,2080,2026,2023,2024,2029,2160
2080,2067,2067,2027,2022,2030,2054,2170
2076,2062,2064,2025,2027,2035,2040,2157
2073,2052,2051,2028,2027,2039,2072,2154
2069,2054,2058,2039,2036,2048,2064,2160
2083,2061,2053,2044,2047,2047,2063,2164
2084,2067,2047,2049,2054,2052,2063,2162
2077,2065,2043,2046,2046,2052,2083,2154
2078,2061,2037,2039,2051,2049,2073,2152
2079,2061,2032,2044,2052,2053,2081,2140
2082,2062,2034,2051,2058,2052,2064,2137
2076,2067,2039,2047,2042,2056,2072,2137
2083,2060,2039,2046,2030,2050,2066,2126
2080,2059,2038,2035,2015,2045,2074,2118
2084,2056,2042,2042,2006,2046,2083,2106
2075,2046,2040,2051,2012,2041,2066,2092
2062,2049,2041,2040,2014,2036,2082,2084
2071,2049,2046,2042,2017,2040,2076,2083
2065,2045,2052,2034,2020,2034,2073,2077
2060,2037,2053,2031,2016,2034,2073,2082
2062,2042,2050,2031,2021,2040,2076,2086
2070,2056,2062,2037,2031,2049,2065,2096
2073,2068,2083,2046,2041,2052,2065,2102
2079,2074,2073,2037,2029,2050,2050,2106
2074,2063,2058,2040,2037,2047,2050,2117
2070,2062,2058,2038,2048,2049,2066,2129
2069,2063,2056,2047,2064,2053,2064,2136
2072,2060,2055,2048,2059,2049,2062,2139
2075,2061,2052,2042,2053,2042,2060,2144
2072,2058,2051,2039,2044,2034,2066,2149
2067,2054,2046,2047,2051,2020,2045,2150
2069,2055,2047,2055,2056,2027,2044,2148
2067,2055,2054,2061,2048,2036,2037,2150
2069,2055,2056,2062,2050,2045,2040,2158
2069,2047,2052,2063,2052,2043,2041,2158
2064,2035,2044,2052,2046,2045,2056,2156
2062,2038,2052,2060,2060,2054,2066,2156
2074,2047,2050,2058,2065,2061,2064,2149
2070,2047,2047,2070,2067,2063,2063,2146
2067,2044,2031,2067,2050,2075,2055,2150
2066,2044,2023,2057,2034,2078,2071,2137
2064,2037,2013,2055,2013,2079,2061,2130
2064,2037,2013,2056,1993,2076,2054,2123
2061,2038,2008,2047,1965,2056,2048,2116
2054,2034,1992,2033,1969,2022,2047,2112
2058,2029,1973,2027,1974,2003,2058,2101
2063,2034,1979,2030,1993,2017,2063,2090
2064,2034,1995,2043,2038,2038,2057,2092
2064,2039,1995,2046,2073,2048,2056,2087
2064,2044,2003,2039,2058,2050,2058,2083
2073,2043,1998,2038,2044,2059,2044,2072
2063,2032,1997,2035,2046,2067,2037,2068
2061,2032,2011,2036,2042,2076,2060,2080
2065,2053,2040,2045,2041,2078,2053,2096
2070,2058,2061,2041,2042,2079,2053,2102
2072,2058,2064,2038,2051,2077,2054,2107
2073,2060,2050,2039,2063,2080,2050,2119
2070,2060,2051,2054,2060,2080,2054,2123
2075,2057,2053,2046,2065,2070,2050,2130
2064,2056,2069,2048,2070,2062,2044,2137
2069,2056,2091,2052,2067,2046,2035,2137
2065,2059,2097,2069,2060,2031,2037,2138
2068,2065,2095,2084,2064,2026,2068,2140
2064,2064,2075,2086,2050,2019,2082,2148
2069,2066,2068,2084,2056,2010,2065,2155
2066,2058,2067,2066,2028,2000,2071,2142
2070,2057,2051,2059,2001,1980,2040,2145
2057,2043,2036,2043,1977,1979,2059,2145
2054,2045,2050,2052,2002,1992,2063,2144
2063,2056,2057,2062,2054,2001,2047,2141
2050,2046,2041,2045,2090,2017,2041,2125
2046,2040,2035,2045,2151,2057,2060,2129
2053,2053,2047,2088,2206,2085,2075,2136
2068,2067,2070,2113,2231,2102,2085,2135
2069,2071,2077,2122,2262,2121,2094,2128
2065,2068,2076,2114,2254,2112,2080,2117
2058,2061,2073,2091,2185,2090,2078,2109
2059,2057,2064,2056,2090,2057,2068,2098
2052,2043,2044,2017,1985,2028,2046,2080
2045,2030,2037,1996,1931,2010,2036,2073
2044,2037,2060,2010,1870,2010,2053,2076
2050,2048,2068,2015,1873,2009,2043,2072
2050,2053,2052,2003,1920,2007,2024,2064
2048,2030,2033,1999,1942,2015,2037,2063
2047,2028,2024,2014,1977,2030,2045,2065
2049,2036,2028,2022,2007,2034,2041,2064
2045,2037,2027,2032,2016,2034,2053,2076
2048,2037,2029,2029,2024,2035,2043,2080
2043,2041,2020,2034,2038,2046,2047,2088
2048,2042,2020,2024,2042,2051,2059,2092
2045,2041,2010,2033,2037,2052,2060,2103
2049,2039,2020,2037,2038,2048,2060,2109
2046,2033,2024,2044,2043,2045,2060,2112
2040,2032,2031,2047,2043,2041,2047,2119
2049,2034,2034,2056,2049,2036,2052,2120
2055,2029,2041,2064,2057,2034,2052,2127
2041,2027,2037,2063,2068,2032,2044,2124
2032,2019,2032,2062,2072,2027,2056,2125
2041,2029,2045,2068,2062,2025,2040,2122
2035,2020,2033,2063,2055,2020,2030,2120
2042,2022,2031,2064,2068,2024,2042,2121
2039,2035,2026,2065,2061,2011,2022,2124
2045,2029,2019,2061,2061,2000,2032,2119
2042,2024,2022,2059,2059,2007,2044,2116
2048,2030,2042,2068,2065,2024,2055,2115
2051,2030,2034,2062,2070,2032,2052,2112
2048,2033,2034,2054,2040,2037,2044,2106
2040,2027,2023,2038,1984,2031,2056,2098
2045,2031,2032,2041,1984,2040,2069,2085
2053,2047,2057,2061,2009,2050,2065,2088
2058,2061,2064,2066,2028,2047,2074,2080
2058,2061,2054,2059,2039,2044,2060,2066
2056,2060,2039,2050,2034,2055,2057,2061
2056,2063,2057,2051,2020,2068,2033,2051
2057,2058,2063,2038,2009,2062,2060,2046
2044,2044,2056,2026,1997,2050,2045,2037
2033,2038,2045,2030,2016,2050,2045,2049
2052,2049,2046,2033,2039,2029,2031,2069
2053,2062,2066,2046,2066,2013,2039,2082
2068,2072,2078,2051,2064,2023,2049,2097
2068,2075,2066,2045,2062,2046,2056,2106
2072,2072,2060,2047,2075,2066,2069,2117
2072,2076,2058,2051,2085,2073,2084,2128
2073,2070,2059,2052,2079,2068,2065,2134
2072,2064,2065,2048,2072,2070,2072,2132
2072,2064,2063,2042,2060,2061,2057,2121
2063,2054,2062,2032,2021,2042,2042,2120
2058,2053,2052,2012,1926,2042,2044,2110
2050,2044,2045,2006,1892,2036,2047,2107
2053,2043,2040,2013,1955,2046,2043,2111
2047,2045,2041,2019,1996,2048,2038,2117
2047,2034,2033,2030,2022,2029,2026,2115
2051,2039,2046,2048,2044,2017,2049,2125
2054,2045,2056,2050,2036,2040,2063,2124
2048,2044,2055,2053,2026,2055,2065,2119
2056,2041,2055,2051,2001,2067,2066,2109
2052,2043,2047,2053,1981,2073,2035,2106
2044,2044,2043,2041,1980,2075,2053,2106
2047,2045,2044,2048,1990,2075,2076,2100
2055,2050,2043,2046,2012,2036,2069,2104
2060,2056,2044,2056,2009,2016,2082,2086
2066,2055,2039,2054,1998,2018,2049,2078
2053,2041,2030,2050,1991,2028,2062,2057
2044,2031,2019,2044,2003,2037,2049,2042
2044,2024,2013,2042,2016,2045,2033,2033
2041,2028,2017,2043,2017,2053,2058,2034
2039,2023,2006,2037,2018,2040,2022,2029
2031,2013,1997,2036,2023,2034,2036,2024
2036,2015,1997,2043,2049,2037,2034,2033
2034,2020,1998,2035,2058,2025,2036,2035
2033,2018,2002,2042,2093,2031,2029,2038
2035,2019,2008,2048,2132,2038,2048,2051
2033,2011,1999,2046,2131,2033,2053,2063
2033,2014,2011,2058,2109,2026,2044,2075
2048,2025,2054,2072,2095,2022,2043,2085
2057,2057,2096,2080,2077,2015,2046,2093
2061,2072,2111,2082,2064,2009,2060,2095
2060,2076,2113,2070,2046,2020,2067,2101
2066,2072,2106,2072,2082,2028,2058,2105
2069,2069,2097,2067,2111,2032,2055,2112
2066,2066,2084,2063,2130,2043,2051,2113
2062,2060,2074,2059,2130,2042,2053,2116
2061,2052,2066,2046,2119,2038,2038,2117
2052,2033,2038,2039,2083,2037,2041,2105
2046,2026,2023,2031,2048,2048,2058,2118
2058,2038,2024,2037,2065,2054,2078,2118
2056,2044,2027,2046,2095,2061,2068,2109
2054,2048,2027,2044,2088,2054,2050,2098
2049,2049,2025,2021,2026,2038,2060,2089
2058,2044,2029,2009,2019,2047,2057,2092
2056,2044,2034,2026,2046,2061,2050,2079
2061,2048,2047,2033,2072,2062,2055,2073
2058,2047,2051,2031,2047,2065,2065,2069
2063,2043,2044,2018,1992,2049,2058,2054
2057,2040,2043,2010,1985,2033,2043,2040
2047,2038,2059,2029,2048,2030,2048,2040
2055,2044,2070,2051,2105,2046,2041,2036
2052,2059,2082,2066,2124,2062,2050,2034
2062,2062,2081,2070,2092,2059,2042,2023
2047,2049,2058,2045,2072,2069,2040,2023
2044,2041,2048,2048,2102,2087,2050,2031
2052,2052,2063,2061,2129,2099,2062,2027
2049,2050,2057,2059,2098,2073,2048,2035
2059,2045,2053,2055,2052,2038,2053,2056
2064,2052,2056,2057,2031,2015,2053,2061
2067,2059,2066,2060,1961,2013,2082,2075
2065,2067,2061,2047,1924,2019,2073,2083
2063,2059,2058,2024,1913,2026,2070,2087
2064,2054,2050,2015,1915,2023,2058,2086
2059,2047,2044,2009,1960,2020,2061,2083
2058,2046,2034,2009,1955,2021,2055,2083
2052,2047,2037,2025,2001,2028,2060,2086
2055,2050,2042,2044,2029,2032,2057,2083
2058,2050,2051,2040,2020,2028,2061,2088
2059,2048,2045,2041,2028,2023,2034,2095
2054,2042,2039,2047,2055,2013,2029,2088
2043,2034,2034,2043,2074,2009,2046,2085
2055,2033,2032,2044,2078,2012,2049,2089
2063,2037,2033,2043,2046,2014,2060,2086
2053,2042,2036,2044,2028,2019,2050,2087
2058,2039,2042,2056,2060,2036,2045,2076
2063,2047,2049,2062,2089,2039,2064,2078
2066,2050,2043,2052,2056,2022,2063,2072
2065,2051,2049,2043,2024,2013,2055,2062
2061,2045,2047,2038,2005,2014,2062,2053
2064,2049,2033,2044,2021,2024,2060,2047
2054,2049,2034,2060,2027,2025,2065,2046
2057,2044,2033,2063,2046,2037,2045,2042
2056,2050,2029,2069,2060,2042,2044,2028
2058,2045,2020,2069,2052,2049,2047,2022
2058,2044,2016,2062,2050,2053,2042,2008
2050,2038,2011,2060,2049,2046,2022,1995
2045,2023,1999,2049,2043,2028,2023,1996
2035,2024,2002,2047,2031,2017,2030,2008
2045,2036,2013,2055,2013,2010,2038,2013
2045,2044,2013,2041,1986,1999,2029,2013
2050,2042,2009,2038,1969,2002,2037,2024
2044,2036,2001,2031,1972,2004,2046,2026
2035,2017,1992,2019,1994,2008,2033,2025
2030,2017,2001,2015,2015,2025,2027,2041
2037,2022,2026,2028,2041,2039,2055,2048
2049,2035,2055,2050,2057,2055,2063,2059
2054,2044,2084,2078,2080,2068,2052,2066
2054,2046,2091,2081,2091,2076,2059,2070
2054,2049,2072,2083,2076,2074,2057,2072
2057,2044,2052,2084,2039,2078,2027,2085
2051,2037,2026,2083,2008,2076,2041,2085
2051,2038,2013,2090,2000,2069,2023,2085
2048,2032,2004,2075,1997,2061,2033,2084
2049,2017,1983,2062,1990,2062,2050,2083
2039,2017,1966,2050,1998,2064,2050,2077
2046,2035,1976,2041,1997,2058,2065,2071
2042,2044,2006,2047,2022,2059,2059,2068
2051,2058,2036,2044,2050,2064,2064,2067
2053,2065,2065,2042,2023,2068,2053,2070
2061,2070,2065,2021,1968,2066,2047,2064
2061,2068,2063,2016,2016,2059,2052,2060
2060,2082,2068,2018,2111,2062,2064,2056
2062,2090,2084,2032,2146,2081,2067,2057
2072,2089,2096,2058,2223,2109,2069,2047
2071,2083,2094,2075,2260,2128,2077,2043
2064,2076,2087,2086,2288,2144,2096,2046
2068,2073,2089,2079,2295,2159,2093,2040
2066,2066,2077,2080,2322,2169,2092,2041
2062,2063,2077,2080,2357,2166,2081,2029
2058,2048,2071,2072,2296,2125,2067,2015
2040,2028,2056,2071,2281,2116,2072,2012
2045,2037,2061,2099,2362,2129,2086,2016
2054,2047,2057,2092,2361,2120,2074,2025
2047,2042,2048,2058,2270,2075,2047,2020
2047,2043,2049,2016,2008,2003,2024,2011
2042,2041,2048,1974,1722,1951,1983,2018
2035,2036,2045,2001,1774,1977,1981,2028
2036,2037,2056,2029,1848,2007,2011,2026
2044,2042,2055,2006,1759,1997,2008,2031
2040,2040,2045,2011,1801,2019,2016,2043
2041,2037,2048,2022,1877,2029,1990,2057
2049,2041,2045,2029,1916,1998,2024,2072
2052,2050,2051,2036,1970,1978,2034,2078
2043,2045,2047,2048,2029,1993,2032,2070
2041,2032,2032,2039,2106,2027,2037,2068
2030,2026,2033,2064,2197,2059,2034,2060
2034,2021,2032,2069,2205,2059,2025,2053
2024,2017,2033,2064,2165,2048,2025,2060
2038,2029,2033,2053,2108,2042,2031,2058
2041,2033,2033,2045,2058,2033,2037,2061
2042,2037,2040,2041,2009,2034,2039,2062
2047,2044,2046,2052,1984,2040,2049,2066
2051,2050,2049,2055,1987,2046,2034,2065
2059,2061,2052,2047,1971,2042,2036,2057
2062,2066,2056,2034,1959,2045,2036,2057
2066,2067,2057,2040,2034,2051,2053,2060
2067,2070,2063,2040,2050,2042,2039,2056
2067,2074,2061,2034,2012,2028,2043,2040
2061,2062,2057,2032,1994,2016,2031,2033
2056,2052,2057,2024,1910,2006,2019,2019
2049,2040,2048,2001,1790,2006,2028,2007
2043,2036,2048,2018,1894,2034,2041,2000
2049,2041,2050,2045,2004,2052,2039,1997
2043,2036,2045,2049,2012,2046,2052,2000
2044,2036,2030,2050,2028,2043,2068,2010
2048,2039,2020,2048,2034,2045,2059,2013
2047,2044,2021,2060,2056,2057,2057,2019
2046,2048,2032,2072,2078,2060,2043,2032
2056,2054,2039,2082,2076,2057,2067,2039
2054,2054,2029,2069,2052,2049,2066,2035
2048,2043,2015,2036,2008,2039,2053,2038
2041,2036,1997,1996,1918,2029,2044,2046
2040,2030,1996,1981,1873,2072,2046,2048
2044,2030,2014,1984,1826,2080,2060,2055
2043,2036,2018,1999,1917,2076,2072,2056
2042,2041,2021,2032,2072,2095,2081,2063
2049,2047,2037,2058,2138,2113,2077,2071
2048,2050,2058,2075,2128,2123,2083,2080
2050,2052,2066,2064,2064,2123,2068,2076
2047,2047,2059,2043,1996,2108,2059,2073
2041,2036,2054,2013,1920,2072,2049,2070
2040,2036,2044,1992,1919,2016,2038,2066
2040,2037,2033,1982,1978,1978,2032,2054
2038,2040,2034,1994,2018,1968,2019,2050
2037,2034,2033,2010,2067,1988,2008,2045
2042,2036,2040,2046,2173,2039,2029,2040
2041,2042,2034,2070,2238,2076,2021,2034
2036,2030,2033,2072,2221,2094,2033,2029
2037,2035,2032,2077,2225,2101,2037,2024
2040,2035,2033,2086,2245,2120,2030,2016
2038,2036,2034,2084,2232,2132,2037,2020
2043,2043,2029,2082,2216,2133,2047,2014
2039,2046,2038,2075,2195,2140,2061,2009
2044,2051,2039,2074,2175,2143,2077,2008
2052,2058,2055,2077,2137,2155,2075,2013
2064,2067,2058,2088,2137,2151,2084,2021
2068,2063,2049,2075,2114,2106,2053,2002
2057,2047,2034,2046,2036,2052,2057,1993
2049,2042,2028,2021,1964,2022,2038,1999
2049,2039,2010,2005,1956,1998,2030,1994
2035,2036,2004,1988,1952,1995,2017,2001
2038,2039,2004,2006,2028,2009,2024,2004
2042,2044,2017,2033,2108,2062,2049,2020
2051,2052,2026,2063,2201,2087,2029,2038
2056,2058,2034,2084,2210,2104,2022,2039
2056,2066,2037,2093,2133,2087,2045,2051
2056,2058,2041,2095,2085,2083,2043,2048
2056,2052,2039,2087,2057,2066,2036,2050
2051,2052,2041,2069,2060,2058,1999,2057
2059,2055,2044,2040,2009,2024,2010,2059
2047,2048,2047,2019,2001,1995,2007,2050
2043,2037,2045,2016,2035,1980,2019,2047
2046,2040,2061,2040,2077,1976,2020,2047
2048,2035,2059,2034,2049,1976,2024,2045
2042,2041,2046,1990,1878,1961,2035,2044
2042,2048,2050,1995,1905,1984,2053,2046
2046,2044,2052,2015,2005,2008,2048,2049
2042,2047,2047,2011,2046,2013,2046,2040
2037,2041,2039,2001,2027,2013,2050,2032
2032,2036,2023,2008,2013,2023,2058,2022
2038,2038,2031,2024,2015,2036,2051,2021
2040,2051,2033,2028,2014,2064,2057,2013
2042,2044,2025,2017,1994,2080,2034,1998
2038,2027,2012,2008,1976,2099,2048,1998
2035,2022,2006,2006,1961,2111,2040,1989
2038,2020,1999,2016,1949,2120,2050,1980
2035,2021,1998,2015,1939,2081,2043,1983
2039,2018,1996,2029,1960,2024,2046,1983
2048,2018,2000,2036,1984,2015,2061,1983
2046,2016,2001,2038,1983,2025,2060,1977
2038,2007,1981,2029,1982,2039,2047,1976
2035,2004,1982,2023,2000,2041,2055,1976
2041,2022,1998,2032,2026,2039,2032,1994
2035,2025,2009,2028,2042,2037,2035,2000
2036,2032,2033,2033,2076,2039,2044,1997
2039,2027,2037,2025,2155,2044,2037,1995
2034,2026,2036,2031,2230,2042,2040,2000
2032,2025,2028,2044,2214,2042,2050,2015
2039,2027,2027,2055,2179,2052,2039,2026
2045,2041,2035,2054,2102,2049,2052,2039
2052,2050,2049,2063,2073,2059,2053,2041
2051,2064,2070,2074,2083,2066,2047,2047
2053,2071,2070,2074,2078,2067,2047,2049
2048,2064,2056,2061,2053,2061,2046,2051
2054,2047,2050,2046,2020,2053,2042,2049
2040,2041,2047,2030,1938,2048,2046,2049
2044,2039,2069,2020,1873,2033,2027,2046
2044,2042,2072,2011,1878,2029,2018,2049
2051,2051,2072,2017,1933,2034,2035,2050
2053,2055,2066,2026,1978,2030,2028,2040
2062,2055,2068,2026,1982,2033,2020,2039
2060,2056,2051,2024,1933,2029,2026,2041
2056,2052,2054,2016,1934,2048,2046,2039
2054,2056,2054,2027,1992,2062,2058,2034
2058,2054,2059,2034,2029,2075,2044,2022
2051,2047,2056,2047,2076,2079,2045,2015
2043,2038,2042,2049,2128,2082,2035,2002
2039,2029,2028,2054,2163,2089,2043,2000
2042,2032,2023,2068,2181,2108,2051,1996
2045,2042,2034,2077,2160,2108,2073,1997
2052,2043,2046,2086,2181,2107,2073,1984
2054,2042,2050,2081,2164,2095,2071,1986
2047,2041,2040,2062,2140,2075,2071,1977
2044,2023,2024,2041,2040,2050,2053,1971
2042,2024,2039,2040,1929,2037,2057,1972
2046,2044,2054,2066,1957,2070,2073,1977
2048,2051,2056,2088,1983,2083,2095,1983
2050,2053,2052,2102,2001,2091,2078,1991
2051,2048,2039,2098,2016,2090,2071,1993
2043,2042,2022,2062,2018,2066,2066,2006
2038,2040,2012,2029,2002,2040,2040,2002
2034,2037,2004,2031,2058,2050,2042,2009
2034,2033,2006,2061,2182,2080,2041,2026
2043,2031,2014,2073,2304,2105,2074,2033
2058,2050,2050,2075,2322,2104,2069,2038
2053,2068,2089,2064,2209,2089,2048,2043
2064,2072,2091,2030,2074,2039,2028,2050
2061,2073,2076,1988,1958,1993,1998,2041
2061,2070,2086,1973,1912,1965,1994,2036
2056,2069,2087,1984,1854,1948,2006,2033
2053,2060,2063,1975,1820,1938,2008,2031
2054,2060,2064,1977,1890,1966,2014,2038
2061,2075,2075,2011,2020,2007,2036,2037
2059,2070,2077,2034,2065,2031,2039,2043
2062,2072,2072,2058,2102,2056,2053,2038
2061,2074,2068,2080,2160,2073,2075,2042
2070,2071,2064,2085,2169,2075,2072,2046
2065,2065,2052,2079,2153,2072,2059,2033
2065,2062,2046,2090,2163,2074,2041,2022
2060,2057,2042,2096,2186,2088,2078,2010
2058,2056,2037,2110,2225,2095,2077,2002
2053,2045,2033,2092,2202,2073,2074,1993
2046,2037,2030,2066,2114,2056,2054,1974
2041,2029,2023,2029,1955,2022,2043,1965
2037,2029,2024,1984,1682,2008,2033,1963
2036,2030,2024,1983,1738,2034,2026,1961
2032,2036,2032,2015,1924,2062,2053,1951
2029,2027,2027,2045,2075,2088,2048,1949
2023,2024,2028,2054,2156,2102,2053,1963
2032,2043,2059,2060,2124,2092,2049,1965
2037,2040,2065,2067,2097,2073,2054,1969
2036,2040,2075,2080,2060,2064,2031,1977
2035,2036,2080,2077,1999,2060,2046,1982
2030,2033,2072,2049,1929,2051,2041,1987
2033,2035,2065,2041,1970,2027,2020,1993
2022,2033,2062,2046,2001,2013,2016,1989
2011,2024,2052,2033,1988,2010,2015,1994
2008,2021,2037,2008,1949,1996,2016,1993
2013,2015,2032,2014,1956,1990,2025,1992
2014,2016,2029,2037,2036,1999,2017,1996
2029,2032,2042,2058,2068,2008,2022,2008
2031,2035,2046,2063,2059,2020,2023,2008
2032,2035,2031,2038,2036,2021,2031,2022
2023,2023,2024,2010,2039,2020,2029,2016
2023,2019,2023,2001,2108,2030,2010,2014
2025,2033,2033,2015,2113,2050,2024,2033
2042,2044,2049,2054,2168,2101,2049,2029
2041,2055,2059,2082,2183,2130,2038,2019
2038,2050,2062,2093,2196,2148,2055,2017
2046,2043,2055,2091,2186,2156,2061,2020
2041,2045,2060,2075,2110,2134,2058,2018
2047,2059,2071,2055,2080,2079,2050,2015
2057,2072,2081,2060,2142,2063,2055,2024
2064,2079,2085,2073,2263,2075,2049,2026
2076,2078,2079,2072,2276,2055,2047,2014
2071,2071,2069,2047,2200,2005,2041,1987
2057,2047,2051,1999,2056,1954,1997,1966
2041,2032,2034,1948,1819,1920,1999,1954
2036,2029,2035,1946,1739,1927,2010,1944
2030,2031,2039,1978,1855,1965,2017,1953
2034,2024,2035,2009,1978,1994,2056,1961
2041,2024,2038,1999,1912,2007,2038,1965
2054,2033,2040,2015,1967,2030,2053,1972
2054,2038,2046,2029,2067,2051,2059,1970
2058,2040,2047,2033,2086,2061,2050,1974
2043,2041,2045,2033,2065,2060,2053,1977
2039,2045,2042,2038,2022,2061,2063,1994
2049,2050,2051,2049,2049,2086,2059,2004
2060,2051,2060,2057,2072,2104,2051,2010
2052,2052,2068,2064,2018,2121,2076,2017
2048,2059,2071,2060,2034,2121,2047,2029
2048,2059,2061,2048,2044,2111,2047,2028
2048,2054,2053,2034,1997,2091,2046,2037
2055,2054,2056,2046,2028,2104,2050,2047
2066,2057,2064,2076,2051,2112,2035,2056
2069,2062,2064,2072,2047,2066,2039,2048
2057,2052,2049,2041,1929,1945,2004,2032
2031,2028,2028,1994,1907,1897,2010,2022
2025,2022,2023,2002,2022,1921,2011,2018
2028,2036,2038,2055,2149,1978,2012,2022
2041,2049,2052,2098,2184,1996,2019,2024
2050,2052,2056,2081,2103,1993,2021,2015
2048,2053,2048,2063,2078,2013,2030,2006
2040,2053,2052,2037,2075,2038,2064,2007
2045,2048,2051,2043,2093,2068,2086,2011
2047,2049,2048,2042,2071,2093,2069,2009
2052,2042,2040,2034,2091,2071,2073,1992
2046,2036,2033,1989,1914,2017,2060,1983
2036,2034,2025,1969,1860,1990,2058,1982
2040,2039,2028,1996,1909,2002,2056,1978
2041,2040,2038,2014,1948,2019,2049,1973
2047,2050,2043,2028,1996,2029,2060,1962
2043,2046,2040,2037,2028,2039,2042,1959
2036,2037,2040,2034,2035,2044,2037,1961
2026,2023,2028,2026,2054,2056,2040,1958
2022,2025,2031,2037,2114,2078,2066,1962
2027,2041,2031,2037,2138,2079,2052,1973
2031,2042,2037,2044,2155,2103,2044,1978
2035,2040,2044,2054,2182,2125,2041,1999
2045,2048,2045,2061,2176,2127,2051,2010
2054,2056,2041,2049,2141,2124,2048,2019
2050,2052,2055,2050,2107,2115,2036,2029
2048,2055,2052,2067,2099,2104,2035,2038
2057,2057,2055,2080,2124,2104,2066,2039
2059,2052,2054,2085,2116,2116,2064,2038
2058,2048,2060,2081,2092,2102,2046,2038
2053,2045,2050,2064,2061,2064,2024,2031
2040,2042,2045,2050,1948,2020,2000,2026
2036,2035,2041,2041,1884,1978,2018,2031
2030,2033,2046,2045,1896,1938,2014,2030
2028,2029,2045,2028,1946,1932,2009,2032
2031,2032,2043,2003,1954,1965,2025,2042
2040,2042,2046,1992,1926,1999,2029,2044
2044,2052,2048,2014,2000,2031,2049,2036
2048,2050,2057,2062,2159,2048,2026,2035
2042,2043,2046,2050,2112,2033,2039,2028
2043,2044,2037,2029,2025,2015,2030,2014
2038,2031,2036,2036,2086,2023,2023,2006
2035,2030,2034,2054,2139,2025,2029,1999
2041,2040,2045,2073,2158,2036,2034,2004
2039,2040,2051,2067,2129,2032,2038,1996
2046,2045,2049,2054,2090,2034,2040,1989
2040,2036,2040,2052,2075,2048,2031,1981
2032,2036,2045,2047,2061,2063,2037,1964
2033,2039,2048,2047,2058,2062,2032,1965
2031,2039,2043,2045,2059,2067,2041,1962
2033,2040,2039,2042,2063,2068,2028,1959
2028,2027,2032,2035,2062,2064,2027,1952
2026,2024,2035,2029,2059,2058,2015,1960
2032,2041,2042,2041,2058,2057,2017,1970
2036,2038,2040,2044,2065,2057,2020,1980
2037,2045,2042,2045,2065,2062,2024,1986
2036,2040,2038,2040,2066,2064,2029,1993
2029,2043,2027,2044,2063,2064,2035,1990
2032,2045,2026,2044,2055,2072,2049,1998
2040,2050,2027,2043,2066,2095,2049,2009
2039,2042,2032,2047,2065,2103,2060,2013
2038,2045,2038,2053,2065,2116,2051,2022
2043,2046,2043,2059,2063,2104,2050,2033
2044,2045,2040,2057,2056,2093,2045,2034
2039,2044,2037,2051,2047,2083,2035,2032
2037,2030,2034,2053,2047,2082,2043,2037
2037,2032,2032,2058,2049,2089,2059,2042
2036,2031,2036,2065,2047,2080,2042,2036
2035,2018,2040,2068,2043,2068,2025,2045
2035,2021,2038,2068,2038,2066,2047,2045
2049,2040,2049,2067,2025,2043,2046,2048
2048,2038,2042,2064,2028,2025,2038,2044
2047,2036,2045,2064,2045,2011,2033,2043
2047,2040,2042,2078,2085,2011,2048,2036
2045,2039,2034,2071,2074,2005,2028,2028
2042,2035,2012,2044,2056,2007,2033,2017
2028,2031,2003,2041,2077,2031,2023,2009
2044,2046,2028,2066,2092,2064,2062,2006
2048,2062,2045,2073,2080,2094,2062,2012
2055,2060,2036,2062,2057,2092,2034,2007
2049,2046,2027,2057,2078,2077,2035,1986
2042,2041,2019,2053,2141,2066,2030,1979
2039,2031,2020,2035,2161,2061,2025,1971
2037,2031,2011,2006,2081,2052,2012,1967
2036,2029,2006,1984,2029,2038,2015,1959
2032,2020,2016,1989,2034,2025,2026,1948
2031,2038,2044,2023,2086,2047,2061,1970
2038,2048,2062,2065,2135,2080,2052,1980
2049,2053,2078,2085,2152,2078,2052,1986
2046,2055,2072,2045,2046,2036,2040,1991
2043,2050,2064,2027,1987,2011,2019,1995
2043,2046,2053,2021,2021,2004,2020,2007
2041,2044,2049,2033,2141,2029,2029,2011
2037,2041,2053,2065,2166,2046,2025,2013
2031,2036,2053,2061,2060,2031,2014,2014
2023,2033,2049,2041,1944,2019,2032,2016
2028,2036,2053,2042,1973,2024,2021,2024
2031,2037,2053,2050,2026,2027,2029,2031
2035,2037,2044,2046,2030,2035,2041,2031
2038,2036,2043,2047,2023,2042,2028,2035
2034,2036,2044,2048,2027,2042,2040,2032
2030,2028,2038,2034,1935,2029,2048,2032
2034,2026,2040,2022,1866,2024,2045,2042
2034,2040,2056,2043,1916,2033,2047,2046
2045,2051,2064,2054,1957,2033,2030,2043
2043,2046,2063,2054,1996,2029,2018,2036
2040,2043,2063,2058,2012,2033,2031,2033
2042,2044,2056,2053,2032,2040,2030,2021
2039,2035,2048,2046,2061,2050,2012,2012
2038,2029,2040,2039,2062,2060,2012,2003
2036,2030,2045,2048,2072,2064,2049,2001
2040,2030,2047,2053,2062,2060,2043,1989
2039,2034,2044,2047,2098,2054,2050,1995
2047,2040,2058,2049,2131,2055,2061,2001
2053,2047,2058,2057,2102,2056,2071,1988
2053,2048,2059,2054,2054,2060,2031,1989
2052,2043,2055,2051,2016,2073,2024,1982
2048,2038,2055,2059,2004,2076,2017,1978
2031,2026,2042,2049,2002,2073,2050,1973
2039,2029,2034,2029,1981,2071,2033,1975
2042,2041,2048,2026,1944,2057,2045,1987
2055,2049,2052,2034,1964,2070,2023,1996
2045,2040,2050,2047,2000,2081,2022,2008
2050,2042,2043,2038,2029,2062,2047,2007
2050,2034,2026,2024,2069,2024,2036,2009
2047,2031,2021,2022,2032,2005,2028,2018
2043,2027,2022,2019,2005,2021,2044,2024
2048,2023,2023,2032,2030,2043,2048,2034
2042,2034,2025,2055,2068,2061,2046,2039
2044,2033,2028,2078,2106,2080,2052,2047
2042,2035,2028,2082,2096,2071,2045,2049
2044,2031,2021,2080,2100,2060,2038,2048
2038,2023,2012,2075,2096,2064,2051,2046
2036,2022,2015,2059,2011,2056,2029,2042
2039,2017,2008,2031,1953,2015,2012,2035
2025,2008,2006,2008,2002,1999,2013,2041
2029,2013,2015,2026,2083,2024,2038,2046
2036,2025,2033,2062,2112,2046,2045,2041
2041,2038,2048,2075,2100,2050,2045,2039
2045,2049,2068,2075,2084,2055,2064,2042
2051,2056,2078,2068,2071,2052,2070,2040
2058,2058,2069,2062,2061,2051,2058,2034
2054,2059,2067,2060,2064,2056,2061,2030
2054,2062,2062,2049,2049,2047,2041,2023
2061,2068,2058,2050,2065,2054,2045,2016
2061,2061,2056,2053,2072,2054,2044,2008
2050,2052,2044,2056,2064,2048,2050,2000
2055,2042,2042,2049,2061,2047,2054,1985
2046,2034,2032,2049,2069,2046,2044,1989
2035,2026,2025,2042,2048,2050,2053,1982
2030,2035,2032,2041,2042,2043,2053,1981
2038,2039,2032,2025,2028,2036,2033,1973
2026,2034,2037,2023,2022,2039,2029,1972
2034,2041,2055,2035,2016,2042,2030,1973
2037,2046,2065,2042,2014,2042,2039,1986
2038,2049,2080,2049,2019,2043,2034,1997
2052,2043,2082,2061,2033,2054,2029,2007
2054,2042,2070,2065,2056,2060,2045,2016
2053,2039,2058,2059,2058,2051,2036,2021
2044,2032,2050,2047,2064,2054,2025,2031
2042,2041,2046,2053,2082,2061,2035,2033
2051,2037,2052,2057,2089,2065,2057,2039
2046,2043,2050,2055,2070,2064,2041,2043
2045,2047,2058,2052,2060,2057,2038,2050
2045,2050,2064,2050,2048,2057,2049,2054
2053,2052,2067,2057,2064,2064,2057,2057
2056,2053,2062,2064,2076,2058,2051,2054
2055,2054,2066,2057,2045,2046,2041,2056
2046,2039,2047,2039,2028,2034,2032,2042
2040,2033,2040,2039,2030,2035,2025,2049
2037,2042,2045,2048,2040,2049,2043,2054
2047,2045,2043,2053,2039,2054,2058,2054
2043,2042,2049,2051,2040,2058,2054,2051
2050,2053,2052,2053,2044,2062,2030,2051
2050,2052,2057,2058,2043,2067,2050,2048
2046,2047,2056,2052,2045,2065,2054,2039
2050,2045,2057,2063,2049,2062,2024,2030
2047,2053,2061,2062,2053,2063,2044,2025
2053,2057,2064,2064,2051,2069,2038,2020
2057,2049,2062,2064,2051,2066,2045,2007
2057,2050,2065,2072,2061,2066,2036,1999
2060,2053,2067,2073,2055,2067,2034,1995
2053,2057,2071,2072,2068,2066,2049,1986
2059,2052,2065,2082,2072,2071,2060,1984
2057,2050,2061,2084,2070,2064,2046,1975
2048,2036,2048,2066,2061,2053,2029,1969
2039,2028,2037,2064,2050,2056,2056,1983
2047,2040,2036,2059,2048,2057,2049,1984
2043,2041,2030,2051,2038,2059,2045,1980
2043,2042,2028,2049,2039,2058,2033,1992
2046,2046,2021,2051,2060,2063,2034,2010
2042,2040,2018,2058,2077,2070,2043,2015
2049,2046,2021,2055,2087,2067,2022,2027
2052,2046,2027,2059,2088,2077,2041,2033
2061,2050,2040,2058,2087,2085,2070,2055
2064,2057,2056,2062,2090,2090,2068,2052
2069,2069,2073,2073,2073,2100,2061,2055
2074,2074,2083,2069,2042,2091,2071,2069
2078,2067,2074,2061,1974,2069,2081,2069
2064,2059,2068,2056,1965,2034,2066,2056
2059,2055,2055,2054,1959,2016,2029,2053
2056,2046,2061,2052,1938,2018,2019,2046
2041,2035,2067,2059,1970,2040,2024,2043
2044,2042,2079,2076,2012,2071,2037,2054
2056,2052,2086,2085,2005,2076,2044,2046
2056,2058,2079,2088,2045,2073,2056,2058
2055,2062,2080,2112,2155,2084,2076,2065
2062,2068,2088,2121,2184,2101,2066,2058
2059,2070,2085,2108,2124,2082,2058,2042
2057,2070,2078,2100,2058,2069,2054,2037
2056,2062,2071,2088,2001,2036,2046,2025
2053,2054,2061,2057,1889,1992,2022,2012
2048,2055,2049,2035,1878,1997,2025,2001
2044,2058,2052,2038,1958,2019,2023,2006
2046,2056,2044,2036,2018,2041,2008,2004
2049,2054,2044,2036,2059,2056,2003,2003
2046,2050,2044,2019,2064,2062,2011,1991
2043,2046,2031,1998,2077,2066,2026,1993
2042,2039,2022,1997,2108,2053,1988,1984
2038,2035,2017,2006,2140,2038,1980,1983
2039,2045,2038,2035,2165,2042,1997,1992
2045,2059,2051,2049,2194,2035,2024,2002
2047,2052,2047,2050,2148,2025,2020,2002
2045,2053,2040,2043,2039,2012,2026,2009
2043,2055,2052,2037,2008,2006,2041,2014
2048,2059,2059,2041,2013,2012,2035,2027
2051,2068,2063,2046,2017,2019,2039,2034
2053,2067,2064,2045,2032,2022,2050,2048
2052,2063,2052,2045,2056,2031,2058,2053
2055,2058,2038,2054,2087,2043,2058,2049
2051,2057,2038,2056,2086,2044,2057,2049
2046,2047,2036,2055,2066,2037,2052,2058
2053,2057,2031,2051,2046,2029,2054,2064
2053,2053,2030,2044,2039,2022,2046,2060
2052,2048,2034,2056,2048,2021,2050,2059
2047,2042,2029,2054,2053,2034,2031,2048
2041,2040,2034,2067,2058,2044,2030,2059
2048,2048,2042,2071,2063,2056,2065,2056
2044,2043,2044,2062,2043,2081,2074,2050
2040,2045,2042,2056,2027,2087,2046,2043
2045,2047,2049,2063,2037,2092,2041,2041
2038,2045,2051,2070,2058,2092,2042,2032
2039,2048,2050,2069,2063,2069,2047,2030
2044,2045,2056,2078,2100,2051,2041,2036
2048,2049,2067,2095,2126,2056,2070,2036
2049,2061,2078,2108,2124,2073,2060,2032
2053,2062,2084,2109,2113,2089,2042,2032
2053,2054,2080,2090,2092,2093,2057,2011
2051,2054,2065,2052,2045,2070,2044,1987
2043,2043,2055,2010,1980,2047,2037,1973
2033,2038,2047,1990,1956,2021,2022,1977
2031,2039,2053,1997,1987,1996,2038,1976
2035,2041,2049,2025,2047,1991,2013,1984
2036,2044,2053,2047,2111,2023,2032,1988
2047,2056,2068,2070,2137,2046,2049,1998
2042,2056,2064,2073,2149,2055,2043,2001
2045,2051,2059,2084,2148,2054,2041,2008
2038,2050,2062,2093,2125,2058,2037,2008
2044,2049,2064,2098,2116,2059,2041,2023
2040,2047,2058,2090,2072,2047,2037,2028
2029,2041,2052,2069,1943,2042,2046,2042
2044,2038,2038,2078,1968,2055,2040,2039
2042,2038,2023,2082,2046,2074,2044,2047
2037,2033,1994,2072,2089,2078,2037,2049
2031,2030,1981,2065,2097,2081,2035,2053
2029,2029,1984,2067,2103,2080,2035,2056
2035,2035,1983,2065,2111,2083,2054,2057
2036,2037,1976,2058,2102,2094,2058,2051
2033,2028,1974,2045,2081,2080,2066,2053
2026,2019,1980,2032,2024,2057,2048,2053
2024,2018,1996,2013,1996,2038,2041,2050
2028,2018,1989,1985,1986,2038,2063,2052
2035,2018,1986,1982,1983,2039,2063,2049
2031,2020,1983,1975,1971,2029,2052,2056
2038,2030,2001,1979,1986,2036,2050,2053
2039,2042,2025,1996,2008,2039,2041,2040
2042,2053,2056,2017,2038,2037,2051,2043
2048,2055,2075,2027,2047,2042,2046,2037
2041,2055,2077,2029,2076,2046,2050,2018
2036,2056,2078,2034,2105,2069,2066,2015
2042,2066,2096,2054,2144,2103,2064,2013
2050,2080,2105,2064,2141,2113,2049,2003
2046,2076,2103,2064,2115,2104,2059,1996
2041,2065,2095,2060,2141,2075,2050,1999
2046,2066,2097,2066,2094,2013,2044,2003
2047,2055,2096,2064,2029,1988,2035,1988
2041,2058,2098,2055,1911,1991,2040,1993
2043,2072,2107,2039,1841,2008,2045,1987
2043,2066,2100,2042,1912,2036,2046,1997
2045,2068,2087,2053,2024,2047,2062,2004
2046,2064,2077,2051,2060,2041,2050,2008
2047,2065,2069,2055,2059,2031,2056,2025
2050,2059,2065,2056,2047,2028,2042,2034
2049,2052,2062,2049,2037,2018,2055,2039
2054,2046,2056,2038,2029,2011,2062,2045
2045,2050,2066,2038,2028,1997,2071,2050
2050,2049,2067,2042,2020,1995,2061,2054
2040,2045,2061,2044,2026,2000,2049,2046
2045,2039,2053,2041,2019,2008,2031,2052
2039,2037,2052,2044,2036,2012,2034,2052
2034,2043,2051,2049,2049,2037,2044,2055
2033,2041,2052,2054,2052,2058,2038,2053
2026,2035,2042,2043,2040,2074,2037,2055
2026,2033,2037,2041,2038,2091,2036,2067
2030,2039,2049,2043,2034,2085,2041,2060
2034,2042,2054,2042,2040,2069,2038,2062
2036,2051,2063,2045,2041,2053,2052,2064
2045,2062,2075,2051,2054,2054,2051,2061
2043,2064,2076,2054,2060,2067,2058,2057
2047,2070,2077,2066,2068,2082,2058,2053
2051,2071,2069,2072,2050,2088,2054,2051
2050,2064,2073,2062,2013,2087,2061,2042
2056,2059,2066,2056,1988,2076,2053,2028
2052,2059,2056,2059,1985,2078,2041,2023
2049,2051,2051,2064,2001,2081,2064,2012
2049,2053,2054,2058,2007,2083,2042,2007
2036,2048,2050,2059,2003,2083,2045,1996
2034,2046,2040,2057,1949,2080,2051,1993
2035,2043,2033,2043,1950,2047,2057,1981
2030,2026,2018,2033,2058,2044,2049,1978
2027,2024,2012,2064,2163,2044,2063,1996
2040,2034,2014,2063,2136,2030,2061,2004
2046,2035,2012,2061,2080,2012,2057,2012
2052,2037,2012,2069,2081,2015,2061,2019
2045,2036,2016,2067,2076,2021,2062,2019
2043,2038,2016,2056,2062,2013,2042,2032
2039,2031,2006,2045,2087,2013,2038,2040
2038,2032,1995,2036,2116,2033,2033,2045
2038,2025,1988,2038,2142,2045,2057,2061
2037,2025,2004,2056,2172,2060,2054,2068
2044,2043,2041,2075,2181,2064,2061,2071
2046,2051,2069,2075,2180,2076,2035,2070
2050,2060,2073,2074,2207,2085,2076,2079
2049,2065,2086,2080,2185,2082,2072,2084
2051,2068,2095,2083,2188,2070,2066,2080
2043,2053,2082,2073,2181,2048,2064,2072
2044,2048,2076,2065,2133,2041,2051,2069
2042,2060,2071,2037,1950,2028,2057,2076
2048,2061,2065,2030,1908,2023,2063,2073
2044,2059,2048,2027,1890,1988,2053,2072
2041,2040,2034,2011,1845,1970,2055,2058
2034,2038,2029,2031,1911,2006,2056,2057
2037,2047,2037,2060,1985,2048,2076,2060
2036,2047,2042,2074,2021,2059,2080,2049
2038,2049,2040,2065,2025,2070,2073,2043
2036,2041,2035,2053,2057,2089,2085,2034
2031,2044,2035,2044,2049,2087,2076,2028
2033,2045,2033,2041,1995,2070,2058,2024
2027,2046,2036,2038,1971,2041,2035,2016
2031,2044,2042,2040,1969,2006,2040,2005
2032,2052,2061,2044,1961,2010,2020,1999
2033,2063,2065,2038,1943,2014,2018,1994
2030,2045,2057,2027,1920,2009,2020,1994
2024,2041,2047,1999,1833,2004,2034,1999
2037,2054,2058,2009,1833,2019,2050,2014
2045,2061,2065,2037,1942,2038,2050,2022
2053,2070,2069,2059,2025,2063,2052,2025
2052,2069,2069,2079,2064,2082,2067,2033
2055,2064,2078,2093,2109,2093,2061,2041
2053,2062,2070,2084,2100,2086,2034,2047
2052,2064,2073,2079,2058,2064,2029,2054
2045,2060,2072,2084,2043,2044,2043,2064
2045,2063,2073,2096,2064,2042,2044,2064
2037,2055,2067,2104,2099,2045,2052,2067
2044,2054,2064,2097,2132,2028,2023,2064
2037,2046,2062,2090,2183,2020,2034,2065
2041,2052,2058,2091,2232,2023,2032,2069
2042,2052,2063,2098,2239,2020,2028,2074
2045,2052,2068,2080,2177,1999,2027,2070
2034,2046,2056,2042,2097,1989,2040,2061
2030,2038,2043,2014,2036,2002,2049,2067
2041,2059,2047,2018,2025,2032,2039,2069
2046,2055,2047,2003,1995,2030,2056,2063
2043,2045,2045,2006,2000,2034,2059,2059
2039,2050,2047,2036,1997,2056,2064,2060
2041,2050,2057,2071,2093,2074,2055,2052
2045,2047,2051,2071,2103,2068,2059,2044
2047,2041,2042,2062,2076,2056,2053,2040
2040,2041,2042,2045,2054,2043,2049,2034
2046,2043,2041,2046,2046,2047,2050,2016
2033,2043,2046,2028,2005,2034,2050,2011
2028,2036,2042,2018,1992,2028,2050,2000
2026,2034,2042,2022,2013,2041,2050,1996
2014,2032,2034,2037,2058,2061,2052,2000
2024,2029,2030,2038,2055,2056,2055,1995
2025,2024,2014,2029,2041,2045,2033,1988
2021,2014,2016,2032,2035,2040,2043,1994
2022,2028,2034,2043,2048,2044,2035,2002
2041,2044,2042,2057,2043,2038,2031,2002
2037,2044,2051,2054,2039,2026,2032,2010
2034,2042,2061,2057,2037,2021,2050,2023
2041,2047,2075,2071,2042,2032,2047,2033
2041,2052,2078,2077,2046,2035,2042,2040
2049,2051,2070,2079,2039,2036,2055,2051
2042,2052,2072,2084,2053,2032,2036,2056
2041,2053,2075,2090,2061,2033,2049,2068
2041,2055,2069,2094,2069,2035,2048,2068
2042,2055,2073,2087,2071,2043,2032,2073
2037,2049,2065,2080,2066,2048,2046,2073
2039,2048,2057,2071,2067,2039,2028,2078
2031,2047,2053,2061,2067,2048,2040,2070
2025,2043,2041,2053,2062,2060,2048,2060
2026,2029,2018,2031,2048,2058,2028,2060
2019,2020,1996,2005,2029,2047,2026,2069
2020,2024,1996,1985,1982,2052,2037,2067
2025,2025,2010,1990,1970,2035,2019,2064
2031,2042,2032,2009,2005,2008,2035,2061
2036,2046,2059,2031,2055,2023,2036,2065
2041,2052,2064,2042,2086,2043,2034,2066
2044,2044,2063,2034,2077,2068,2057,2060
2043,2042,2062,2039,2064,2081,2037,2049
2039,2037,2067,2045,2072,2088,2043,2038
2039,2043,2062,2050,2092,2088,2048,2036
2042,2044,2068,2059,2085,2059,2044,2032
2040,2046,2072,2058,2051,1996,2046,2025
2038,2045,2062,2029,1940,1950,2033,2007
2035,2038,2054,1998,1817,1956,2045,2007
2040,2041,2054,2029,1969,2012,2055,2012
2039,2040,2054,2063,2147,2049,2036,1997
2029,2031,2047,2064,2136,2053,2031,2000
2025,2032,2036,2060,2104,2054,2038,2003
2044,2045,2056,2075,2076,2055,2050,2002
2041,2053,2071,2076,2080,2058,2060,2014
2046,2052,2078,2073,2082,2057,2052,2029
2046,2049,2075,2062,2065,2045,2054,2035
2046,2046,2060,2048,2033,2038,2037,2037
2045,2048,2055,2048,2043,2045,2046,2057
2045,2052,2045,2057,2047,2056,2048,2061
2049,2043,2040,2061,2060,2055,2055,2064
2040,2046,2037,2065,2058,2059,2069,2073
2042,2038,2041,2072,2056,2068,2052,2076
2044,2038,2026,2069,2060,2061,2054,2081
2049,2037,2026,2067,2057,2058,2046,2083
2045,2038,2016,2066,2076,2058,2041,2082
2041,2031,2022,2063,2114,2060,2039,2084
2034,2032,2017,2052,2138,2050,2035,2077
2033,2026,2019,2050,2143,2042,2029,2075
2032,2025,2013,2051,2162,2042,2038,2088
2037,2039,2024,2048,2161,2035,2032,2087
2047,2053,2035,2060,2149,2036,2028,2089
2053,2056,2052,2058,2121,2034,2025,2075
2056,2059,2074,2055,2082,2033,2025,2065
2047,2069,2103,2045,1954,2021,2025,2058
2046,2068,2123,2035,1937,2021,1989,2045
2056,2066,2112,2029,1967,2029,2010,2044
2048,2062,2094,2012,1979,2032,2002,2038
2046,2054,2082,2013,1994,2036,2029,2038
2047,2052,2079,2019,2005,2039,2033,2021
2047,2047,2072,2030,2024,2048,2032,2016
2045,2047,2071,2035,2044,2057,2040,2013
2043,2047,2061,2040,2056,2059,2052,2002
2042,2048,2059,2050,2064,2053,2062,2011
2041,2037,2053,2046,2053,2040,2050,2006
2036,2035,2042,2036,2050,2042,2031,2007
2040,2043,2039,2033,2046,2045,2050,2014
2049,2049,2046,2034,2026,2052,2056,2021
2043,2048,2060,2037,2029,2046,2045,2018
2047,2048,2060,2038,2040,2038,2041,2023
2043,2051,2046,2036,2031,2034,2058,2026
2044,2053,2045,2034,2030,2035,2036,2040
2053,2053,2040,2034,2026,2030,2044,2053
2052,2051,2038,2036,2036,2036,2026,2060
2053,2046,2032,2045,2038,2037,2048,2061
2049,2048,2031,2046,2041,2042,2031,2067
2050,2050,2027,2053,2038,2038,2050,2073
2053,2051,2030,2050,2044,2044,2030,2073
2046,2049,2032,2048,2040,2045,2042,2079
2046,2052,2029,2050,2048,2044,2040,2079
2048,2051,2024,2043,2043,2041,2036,2077
2037,2041,2009,2040,2034,2034,2008,2073
2035,2035,2019,2034,2037,2038,2017,2078
2045,2053,2045,2042,2044,2041,2033,2076
2047,2053,2070,2056,2052,2049,2058,2073
2049,2056,2081,2067,2052,2049,2042,2074
2045,2052,2092,2064,2046,2045,2043,2067
2042,2051,2085,2067,2042,2044,2044,2073
2043,2046,2076,2063,2044,2052,2037,2064
2045,2048,2065,2065,2052,2054,2028,2060
2041,2050,2063,2068,2048,2049,2032,2057
2044,2047,2061,2061,2056,2047,2034,2051
2038,2046,2054,2063,2054,2053,2045,2036
2044,2049,2061,2071,2060,2058,2054,2023
2046,2055,2064,2064,2066,2060,2053,2021
2043,2050,2058,2052,2043,2055,2049,2010
2043,2039,2061,2043,2014,2039,2041,2012
2046,2044,2057,2045,2029,2037,2035,2002
2036,2038,2049,2032,2050,2049,2039,2003
2038,2047,2049,2030,2048,2055,2033,2014
2052,2055,2050,2034,2021,2043,2041,2015
2055,2054,2057,2031,2020,2033,2049,2029
2052,2051,2060,2036,2033,2028,2027,2030
2043,2051,2063,2038,2057,2030,2034,2030
2034,2040,2049,2021,2047,2015,2019,2032
2025,2037,2042,2009,1996,1999,2008,2045
2040,2043,2045,2029,2013,2016,2029,2063
2048,2050,2046,2048,2043,2045,2042,2073
2048,2052,2043,2052,2051,2051,2021,2075
2054,2056,2047,2050,2031,2057,2024,2083
2047,2056,2054,2041,2011,2053,2021,2091
2052,2056,2052,2041,1993,2051,2039,2089
2052,2058,2056,2035,1988,2052,2043,2096
2049,2053,2063,2037,1985,2053,2049,2092
2045,2048,2055,2022,1986,2033,2033,2089
2035,2035,2042,2019,2024,2026,2021,2082
2038,2037,2055,2044,2100,2045,2037,2085
2052,2052,2066,2067,2146,2062,2041,2080
2046,2056,2054,2062,2080,2050,2043,2079
2048,2053,2055,2046,2036,2033,2034,2073
2044,2051,2049,2045,2045,2034,2012,2069
2044,2048,2039,2045,2067,2039,2058,2066
2044,2053,2038,2043,2069,2048,2045,2060
2043,2052,2038,2038,2066,2046,2050,2052
2041,2053,2034,2040,2063,2044,2036,2047
2047,2054,2036,2047,2058,2051,2057,2042
2052,2053,2038,2046,2061,2056,2063,2037
2048,2058,2041,2048,2062,2060,2056,2030
2045,2055,2035,2043,2067,2060,2050,2022
2046,2053,2042,2051,2060,2060,2057,2015
2043,2053,2051,2048,2082,2068,2050,2004
2034,2043,2035,2049,2102,2064,2057,2002
2032,2037,2039,2048,2095,2062,2040,2012
2040,2046,2049,2051,2086,2064,2041,2018
2040,2046,2047,2052,2070,2057,2048,2027
2043,2054,2051,2052,2050,2049,2049,2033
2042,2049,2048,2046,2034,2032,2037,2039
2047,2051,2047,2043,2034,2025,2065,2044
2047,2050,2050,2043,2045,2031,2056,2048
2053,2055,2053,2048,2029,2033,2062,2058
2051,2057,2056,2042,2017,2037,2044,2066
2055,2056,2048,2031,2007,2030,2033,2070
2050,2049,2047,2026,2021,2035,2057,2075
2052,2044,2043,2026,2050,2048,2046,2076
2052,2050,2052,2040,2076,2062,2049,2076
2052,2048,2052,2054,2061,2070,2048,2091
2053,2050,2047,2064,2092,2076,2072,2090
2047,2041,2044,2064,2110,2078,2057,2081
2040,2025,2030,2052,2096,2071,2052,2078
2039,2037,2038,2065,2158,2090,2072,2082
2051,2047,2049,2084,2218,2093,2070,2084
2052,2050,2047,2075,2220,2089,2049,2076
2049,2043,2043,2049,2157,2074,2045,2066
2046,2042,2047,2020,2065,2044,2045,2069
2048,2045,2045,2015,2022,2032,2036,2062
2051,2050,2053,2004,1876,2013,2046,2050
2052,2049,2048,2008,1872,2002,2025,2056
2059,2051,2044,2020,1942,2026,2057,2053
2060,2050,2043,2030,2022,2046,2060,2041
2047,2052,2043,2037,2074,2062,2067,2035
2047,2046,2036,2042,2103,2059,2062,2028
2045,2039,2023,2041,2104,2046,2052,2015
2042,2034,2022,2033,2061,2024,2042,2006
2033,2036,2028,2032,1999,2011,2047,2008
2036,2043,2047,2044,2040,2023,2030,2004
2042,2035,2048,2054,2080,2036,2005,1998
2038,2032,2046,2064,2089,2038,2048,2004
2044,2045,2039,2066,2048,2028,2055,2021
2050,2045,2034,2053,2003,2017,2027,2024
2038,2040,2032,2046,1992,2028,2028,2029
2045,2043,2035,2058,2001,2057,2040,2038
2049,2057,2054,2075,2055,2063,2058,2051
2058,2068,2079,2079,2066,2072,2058,2061
2060,2080,2089,2085,2067,2059,2054,2061
2063,2077,2097,2081,2050,2040,2048,2064
2058,2072,2101,2078,2046,2024,2032,2071
2062,2067,2098,2071,2051,2011,2031,2075
2063,2056,2088,2068,2058,2000,2027,2073
2052,2052,2065,2042,2008,1997,2016,2072
2054,2056,2060,2023,1926,2002,2026,2080
2053,2054,2061,2014,1939,2020,2037,2074
2048,2043,2054,2003,1980,2029,2018,2068
2040,2042,2049,2006,2001,2043,2020,2065
2041,2047,2052,2012,2009,2048,2036,2067
2037,2042,2053,1996,1991,2044,2035,2063
2043,2048,2048,1997,1998,2011,2031,2078
2047,2046,2052,2015,2034,1993,2049,2082
2052,2049,2060,2030,2066,2022,2051,2074
2049,2050,2057,2039,2091,2060,2047,2069
2048,2044,2056,2052,2088,2102,2050,2066
2053,2048,2057,2051,2074,2111,2057,2058
2055,2050,2058,2055,2071,2104,2057,2051
2055,2047,2056,2051,2066,2097,2052,2046
2050,2054,2054,2047,2060,2090,2059,2029
2046,2048,2054,2045,2051,2091,2051,2023
2049,2043,2048,2039,2050,2100,2050,2017
2048,2039,2045,2044,2045,2101,2059,2016
2051,2041,2045,2039,2042,2098,2042,2008
2038,2036,2041,2038,2040,2076,2056,2005
2041,2031,2033,2032,2033,2043,2046,2004
2045,2039,2046,2039,2034,2008,2047,2014
2045,2041,2047,2035,2037,1992,2034,2025
2044,2047,2052,2040,2031,1989,2040,2029
2043,2042,2054,2040,2030,1985,2042,2032
2048,2039,2051,2028,2027,1995,2046,2042
2047,2048,2045,2032,2037,2005,2051,2059
2053,2041,2045,2030,2035,2018,2054,2062
2050,2044,2041,2030,2039,2036,2039,2069
2049,2045,2045,2036,2035,2045,2042,2061
2051,2043,2047,2030,2034,2046,2048,2064
2042,2042,2054,2041,2039,2038,2046,2068
2045,2039,2054,2057,2045,2037,2043,2069
2039,2039,2051,2064,2054,2036,2051,2073
2040,2040,2047,2068,2059,2035,2052,2073
2045,2034,2045,2067,2055,2027,2057,2066
2036,2025,2035,2065,2087,2034,2047,2072
2037,2026,2030,2073,2139,2049,2048,2082
2049,2036,2038,2086,2168,2062,2036,2088
2058,2043,2047,2090,2169,2068,2048,2090
2056,2045,2053,2100,2181,2076,2039,2082
2047,2046,2056,2105,2188,2082,2051,2081
2054,2049,2062,2096,2171,2080,2053,2076
2059,2058,2070,2096,2116,2088,2072,2076
2067,2064,2073,2077,2032,2080,2073,2069
2057,2063,2073,2049,1851,2051,2055,2059
2052,2053,2070,2034,1806,2037,2051,2048
2056,2050,2070,2041,1878,2054,2050,2038
2050,2049,2064,2037,1950,2054,2043,2027
2040,2047,2063,2034,1979,2028,2048,2022
2036,2048,2064,2031,1967,1993,2039,2016
2041,2051,2054,2019,1920,1960,2028,2006
2039,2035,2031,2008,1925,1946,2018,1996
2028,2014,2018,2007,1991,1960,2016,1996
2031,2023,2024,2010,2049,1982,2030,2001
2044,2038,2033,2004,2029,1985,2024,2005
2046,2036,2029,1996,2015,2006,2034,2016
2042,2038,2031,2011,2036,2021,2043,2026
2048,2044,2040,2035,2064,2030,2047,2037
2038,2044,2046,2039,2070,2046,2062,2048
2039,2045,2047,2030,2058,2052,2054,2056
2040,2044,2043,2027,2070,2049,2040,2061
2044,2047,2042,2032,2078,2051,2037,2073
2045,2048,2050,2030,2083,2060,2051,2081
2049,2052,2049,2031,2072,2070,2049,2077
2048,2045,2050,2027,2060,2091,2040,2076
2042,2045,2059,2028,2061,2091,2054,2078
2054,2052,2072,2036,2066,2080,2023,2087
2050,2055,2067,2033,2052,2065,2048,2088
2048,2040,2047,2020,2028,2067,2035,2086
2034,2035,2036,2010,2010,2080,2050,2080
2043,2038,2034,2015,2012,2100,2052,2074
2040,2039,2039,2015,2005,2108,2062,2058
2039,2043,2042,2013,1995,2093,2056,2065
2035,2041,2045,2024,2014,2072,2043,2069
2054,2040,2050,2034,2056,2055,2050,2073
2056,2046,2052,2051,2089,2030,2073,2073
2054,2052,2052,2061,2094,2038,2069,2070
2054,2046,2054,2054,2090,2063,2057,2060
2044,2041,2047,2048,2081,2072,2075,2049
2041,2042,2053,2057,2071,2070,2076,2036
2047,2041,2056,2053,2072,2070,2065,2033
2048,2050,2061,2063,2072,2070,2064,2024
2047,2049,2063,2055,2062,2069,2061,2015
2046,2042,2057,2047,2053,2059,2055,2010
2042,2041,2051,2050,2047,2053,2060,2001
2030,2028,2040,2032,2036,2050,2050,1996
2031,2025,2029,2029,2037,2049,2065,2004
2041,2033,2039,2040,2036,2053,2058,2013
2047,2033,2039,2041,2041,2040,2047,2020
2042,2042,2031,2041,2035,2036,2041,2030
2042,2040,2035,2044,2040,2041,2065,2043
2048,2045,2045,2043,2048,2045,2053,2053
2052,2051,2063,2038,2055,2046,2048,2059
2046,2047,2068,2035,2061,2046,2037,2060
2046,2050,2076,2029,2059,2042,2041,2075
2049,2058,2079,2026,2050,2050,2051,2077
2046,2052,2076,2029,1995,2048,2032,2083
2052,2046,2065,2033,1969,2060,2021,2087
2052,2046,2053,2022,1963,2069,2032,2090
2060,2049,2056,2031,1969,2066,2049,2089
2051,2046,2053,2026,1972,2058,2058,2092
2045,2040,2039,2021,1959,2045,2048,2082
2042,2027,2036,2018,1972,2039,2032,2084
2039,2026,2037,2023,1970,2030,2043,2083
2045,2036,2040,2017,1952,2009,2048,2077
2043,2034,2038,2013,1956,2008,2034,2071
2046,2038,2040,2040,2023,2020,2030,2072
2043,2040,2040,2047,2076,2032,2033,2067
2045,2044,2045,2054,2107,2048,2019,2064
2047,2052,2044,2049,2052,2058,2026,2057
2049,2046,2038,2042,2051,2065,2039,2055
2050,2053,2043,2042,2058,2066,2031,2042
2057,2051,2049,2043,2072,2071,2034,2040
2063,2066,2054,2053,2096,2046,2037,2046
2064,2058,2054,2067,2109,2024,2054,2029
2057,2054,2051,2062,2100,2020,2067,2015
2042,2047,2054,2052,2089,2026,2047,2015
2045,2043,2060,2047,2068,2025,2027,2011
2039,2036,2064,2038,2048,2022,2027,2006
2036,2038,2064,2033,2043,2025,2027,2017
2037,2048,2073,2046,2054,2040,2025,2019
2050,2042,2073,2044,2049,2041,2032,2024
2041,2036,2068,2048,2045,2043,2061,2027
2046,2033,2061,2047,2051,2040,2062,2035
2039,2035,2060,2048,2053,2050,2048,2044
2043,2036,2061,2049,2052,2058,2061,2059
2046,2044,2059,2053,2045,2056,2057,2066
2047,2040,2058,2047,2045,2061,2068,2071
2043,2037,2056,2041,2039,2056,2043,2072
2041,2035,2049,2036,2042,2054,2048,2077
2041,2036,2060,2038,2036,2050,2066,2084
2043,2043,2071,2050,2044,2056,2056,2088
2047,2045,2064,2055,2062,2060,2052,2096
2048,2046,2061,2056,2076,2065,2075,2099
2048,2039,2060,2051,2076,2059,2060,2093
2043,2026,2050,2045,2069,2055,2060,2097
2038,2026,2049,2037,2061,2066,2057,2095
2041,2038,2052,2048,2066,2067,2072,2087
2036,2035,2050,2048,2069,2065,2049,2079
2035,2036,2051,2051,2076,2072,2060,2073
2036,2036,2053,2060,2087,2081,2058,2071
2040,2039,2050,2062,2094,2074,2071,2073
2042,2042,2052,2063,2101,2078,2078,2066
2043,2049,2053,2071,2090,2058,2062,2064
2038,2045,2049,2065,2084,2045,2061,2057
2040,2048,2042,2063,2073,2037,2043,2052
2044,2041,2044,2052,2056,2045,2053,2043
2045,2036,2046,2035,2024,2044,2058,2028
2044,2038,2039,2022,1989,2046,2046,2024
2033,2035,2044,2018,1959,2045,2041,2018
2032,2038,2050,2018,1991,2045,2041,2019
2038,2035,2056,2030,2041,2040,2037,2006
2026,2023,2044,2036,2063,2041,2043,2006
2028,2017,2047,2035,2066,2037,2040,2014
2037,2033,2051,2042,2067,2029,2031,2024
2037,2037,2060,2055,2070,2040,2029,2029
2045,2035,2069,2057,2072,2051,2026,2035
2041,2034,2069,2056,2067,2052,2033,2044
2044,2043,2064,2057,2052,2047,2021,2058
2048,2047,2061,2049,2063,2052,2042,2064
2047,2043,2059,2046,2044,2046,2037,2070
2049,2043,2057,2048,2036,2055,2040,2081
2046,2040,2056,2051,2026,2059,2058,2080
2043,2040,2055,2052,2056,2067,2067,2084
2044,2038,2054,2056,2097,2072,2070,2088
2037,2038,2040,2048,2068,2061,2068,2090
2038,2033,2033,2041,2030,2051,2042,2093
2038,2041,2032,2043,1971,2040,2048,2092
2038,2031,2022,2031,1951,2032,2036,2083
2031,2022,2011,2043,1984,2031,2023,2078
2032,2027,2013,2041,2014,2037,2010,2076
2033,2030,2011,2048,2027,2043,2045,2080
2043,2042,2020,2075,2075,2071,2058,2083
2047,2040,2018,2083,2124,2088,2051,2076
2044,2025,2000,2070,2135,2091,2060,2075
2040,2020,1990,2058,2174,2080,2061,2056
2032,2006,1974,2043,2182,2063,2049,2054
2026,2003,1980,2015,2043,2041,2052,2041
2027,2014,2001,2020,1952,2050,2058,2032
2032,2029,2028,2038,1989,2063,2048,2028
2036,2036,2036,2031,2009,2059,2051,2020
2033,2032,2030,2020,2016,2042,2046,2017
2033,2032,2033,2029,2021,2026,2029,2012
2034,2034,2068,2043,2018,2032,2036,2011
2033,2042,2091,2064,2053,2052,2040,2010
2035,2034,2101,2056,2033,2046,2034,2008
2031,2030,2102,2066,2025,2047,2057,2016
2034,2049,2094,2074,2022,2052,2049,2019
2040,2046,2088,2079,2068,2065,2039,2026
2044,2053,2093,2091,2113,2073,2047,2030
2051,2059,2103,2081,2137,2077,2021,2038
2049,2063,2106,2079,2134,2078,2047,2042
2044,2059,2103,2074,2154,2085,2051,2049
2046,2051,2091,2071,2156,2079,2044,2058
2045,2049,2075,2065,2120,2052,2019,2061
2032,2042,2061,2046,2077,2027,2024,2064
2030,2039,2056,2051,2056,2029,2029,2074
2041,2046,2058,2035,1939,2021,2024,2070
2044,2047,2052,2018,1897,2030,2015,2074
2048,2044,2043,2025,1976,2044,2013,2082
2042,2049,2046,2022,2036,2057,2042,2081
2036,2045,2041,2027,2044,2056,2046,2080
2031,2030,2034,2026,2029,2050,2022,2075
2029,2026,2042,2036,2039,2062,2046,2080
2037,2043,2066,2046,2046,2068,2046,2072
2044,2056,2078,2051,2036,2069,2044,2070
2046,2063,2076,2057,2045,2075,2044,2075
2042,2059,2078,2058,2037,2072,2042,2069
2035,2056,2074,2046,1970,2063,2056,2059
2042,2048,2067,2038,1982,2052,2050,2057
2036,2050,2068,2040,2044,2056,2046,2051
2037,2046,2066,2049,2068,2054,2056,2042
2041,2048,2072,2062,2052,2064,2037,2036
2035,2043,2071,2063,2058,2068,2048,2024
2033,2038,2070,2057,2058,2068,2049,2014
2037,2036,2058,2051,2055,2058,2043,2017
2037,2038,2054,2044,2043,2049,2035,2000
2030,2028,2051,2038,2046,2046,2037,1999
2033,2024,2039,2029,2037,2047,2037,1993
2019,2018,2028,2025,2037,2046,2034,1997
2016,2021,2029,2031,2042,2060,2055,2012
2037,2032,2035,2046,2050,2066,2071,2018
2033,2034,2047,2056,2073,2073,2075,2014
2030,2034,2043,2059,2077,2067,2071,2022
2030,2029,2031,2050,2066,2067,2067,2031
2027,2028,2022,2041,2048,2063,2053,2043
2027,2026,2009,2041,2047,2063,2064,2056
2039,2030,2012,2038,2055,2064,2041,2057
2038,2030,2010,2032,2062,2069,2072,2060
2041,2036,2016,2034,2048,2068,2073,2071
2044,2041,2023,2035,2015,2061,2059,2072
2041,2042,2025,2023,1968,2037,2039,2078
2046,2045,2018,2023,1973,2029,2046,2084
2047,2044,2029,2033,2008,2036,2061,2090
2049,2053,2034,2034,2009,2036,2054,2088
2049,2049,2031,2028,2024,2040,2046,2084
2044,2048,2033,2043,2053,2049,2042,2080
2044,2056,2042,2048,2060,2053,2068,2080
2047,2060,2044,2047,2039,2050,2062,2080
2052,2058,2045,2039,2031,2041,2041,2081
2048,2046,2033,2027,2044,2037,2039,2068
2038,2037,2030,2021,2049,2038,2040,2060
2033,2038,2029,2025,2065,2033,2052,2056
2027,2039,2039,2035,2049,2018,2041,2057
2034,2048,2051,2030,2019,1995,2056,2064
2042,2057,2066,2048,2025,2014,2047,2056
2056,2076,2081,2059,2025,2031,2053,2050
2057,2074,2094,2050,2004,2039,2046,2045
2047,2070,2080,2046,1976,2043,2050,2029
2045,2064,2070,2046,2004,2059,2050,2019
2044,2057,2063,2053,2041,2080,2060,2017
2041,2054,2064,2057,2054,2086,2047,2016
2035,2038,2051,2052,2073,2098,2041,2004
2036,2035,2046,2052,2073,2087,2041,2012
2039,2041,2055,2055,2068,2062,2037,2018
2046,2043,2058,2057,2054,2058,2049,2020
2043,2047,2057,2057,2056,2065,2052,2035
2042,2053,2063,2057,2061,2062,2045,2038
2041,2054,2064,2060,2069,2061,2039,2045
2040,2051,2064,2061,2067,2070,2045,2058
2039,2046,2064,2058,2057,2070,2050,2063
2040,2052,2064,2064,2058,2071,2040,2075
2042,2053,2061,2060,2055,2073,2051,2075
2047,2052,2064,2061,2054,2056,2044,2080
2040,2054,2065,2068,2038,2042,2037,2081
2044,2051,2059,2058,2037,2014,2037,2084
2040,2045,2047,2052,2025,1989,2041,2084
2040,2043,2046,2057,2023,1974,2040,2084
2034,2048,2046,2054,2019,1961,2036,2079
2028,2030,2041,2050,2014,1976,2041,2081
2033,2032,2040,2056,2028,1995,2034,2085
2039,2041,2048,2057,2031,2011,2016,2080
2040,2040,2041,2054,2049,2025,2041,2082
2040,2049,2050,2061,2072,2039,2057,2082
2037,2050,2050,2063,2093,2050,2037,2073
2043,2042,2047,2066,2087,2048,2055,2062
2039,2044,2051,2060,2080,2041,2054,2058
2045,2050,2050,2061,2067,2038,2059,2058
2046,2044,2041,2061,2067,2037,2071,2051
2041,2042,2045,2060,2062,2037,2068,2041
2050,2048,2041,2058,2057,2036,2064,2033
2047,2045,2041,2054,2049,2043,2052,2028
2048,2054,2045,2053,2050,2052,2038,2023
2045,2051,2041,2038,2042,2074,2064,2026
2045,2053,2036,2038,2046,2099,2049,2015
2038,2049,2026,2030,2038,2082,2046,2006
2037,2040,2014,2027,2037,2067,2042,2000
2034,2040,2020,2032,2041,2058,2039,2007
2034,2053,2036,2040,2045,2051,2041,2013
2037,2045,2039,2042,2045,2047,2041,2025
2035,2047,2038,2050,2045,2052,2045,2026
2040,2050,2040,2050,2045,2048,2037,2042
2047,2054,2040,2047,2045,2047,2023,2039
2051,2052,2045,2051,2045,2048,2042,2053
2047,2053,2050,2052,2039,2044,2040,2062
2044,2047,2060,2058,2046,2047,2068,2071
