CH1,CH2,CH3,CH4,CH5,CH6,CH7,CH8
2014,2016,1993,2021,1933,2019,2031,2066
2031,2030,1996,2037,1992,2050,2059,2081
2036,2034,2022,2082,2116,2079,2066,2088
2038,2034,2025,2090,2121,2074,2067,2070
2030,2032,2014,2063,2085,2065,2050,2058
2036,2028,2003,2031,1993,2058,2061,2047
2044,2024,2004,2013,1954,2049,2058,2046
2047,2030,2032,2029,2021,2051,2051,2044
2057,2042,2047,2046,2040,2042,2050,2040
2056,2047,2049,2043,2031,2041,2046,2027
2056,2054,2038,2040,2029,2039,2041,2025
2052,2055,2042,2043,2024,2038,2038,2020
2045,2050,2045,2051,2027,2040,2023,2012
2051,2050,2047,2049,2015,2041,2050,2009
2051,2047,2045,2032,2009,2036,2040,2010
2054,2049,2044,2016,1994,2036,2051,2012
2055,2054,2054,2009,2008,2034,2029,2010
2057,2065,2067,2016,2008,2045,2057,2024
2072,2074,2071,2025,2017,2053,2056,2027
2071,2079,2065,2028,2023,2065,2071,2032
2074,2067,2066,2034,2047,2086,2061,2031
2066,2060,2061,2046,2050,2099,2068,2028
2049,2054,2060,2036,2025,2104,2064,2029
2044,2052,2064,2035,1999,2096,2045,2033
2046,2045,2064,2035,1999,2074,2046,2044
2051,2045,2063,2035,2012,2024,2046,2057
2056,2046,2060,2038,2043,2025,2053,2070
2058,2054,2063,2045,2072,2042,2052,2076
2046,2057,2069,2040,2068,2050,2051,2087
2049,2058,2063,2040,2070,2054,2049,2094
2051,2060,2063,2051,2080,2054,2052,2107
2058,2071,2065,2053,2084,2049,2051,2099
2052,2056,2057,2056,2087,2044,2052,2096
2052,2052,2057,2058,2086,2051,2045,2099
2049,2053,2045,2056,2109,2028,2047,2087
2046,2044,2036,2050,2116,2036,2045,2087
2047,2053,2049,2070,2138,2067,2057,2074
2049,2057,2046,2066,2081,2054,2044,2052
2040,2056,2040,2043,2023,2032,2049,2040
2040,2048,2033,2042,2040,2041,2050,2045
2050,2046,2038,2057,2089,2058,2051,2049
2051,2046,2036,2040,1987,2043,2054,2038
2050,2034,2033,2016,1888,2034,2052,2031
2053,2036,2034,2015,1935,2051,2038,2021
2044,2037,2028,2020,1967,2056,2030,2011
2047,2044,2036,2029,2012,2069,2042,2013
2052,2045,2040,2033,2028,2072,2047,2008
2059,2040,2042,2034,2045,2051,2034,2006
2041,2031,2039,2038,2076,2012,2025,2008
2037,2029,2039,2048,2061,2015,2020,2012
2052,2046,2049,2060,2058,2036,2056,2017
2051,2051,2046,2066,2082,2055,2049,2016
2047,2045,2044,2072,2104,2073,2055,2022
2045,2033,2038,2076,2087,2070,2039,2021
2045,2030,2028,2055,2016,2056,2047,2024
2040,2027,2025,2019,1940,2027,2033,2026
2036,2020,2023,2001,1946,2021,2030,2024
2033,2022,2033,2004,2047,2040,2030,2039
2040,2034,2058,2036,2190,2078,2027,2060
2048,2043,2074,2071,2224,2044,2038,2080
2045,2042,2073,2054,2139,2010,2028,2090
2049,2044,2072,2068,2122,2047,2048,2096
2047,2050,2074,2082,2116,2066,2063,2097
2042,2053,2076,2081,2132,2072,2047,2088
2032,2040,2078,2077,2138,2077,2047,2083
2033,2048,2083,2079,2136,2078,2057,2084
2047,2055,2090,2077,2096,2075,2044,2084
2049,2054,2079,2055,2008,2062,2048,2078
2047,2055,2079,2051,2004,2065,2051,2071
2050,2057,2073,2055,2011,2061,2049,2062
2049,2052,2062,2039,2013,2053,2051,2045
2042,2040,2039,2026,2008,2047,2044,2035
2047,2039,2046,2023,2015,2051,2044,2030
2041,2047,2064,2035,2017,2054,2046,2038
2047,2061,2076,2046,2039,2070,2053,2026
2051,2067,2071,2044,2058,2069,2034,2029
2059,2066,2057,2031,2049,2057,2025,2025
2058,2062,2058,2022,2026,2043,2026,2015
2060,2061,2056,2022,2008,2045,2040,2013
2064,2052,2062,2039,2003,2032,2017,2011
2050,2039,2060,2039,1963,2014,2027,2011
2051,2032,2068,2048,1903,2014,2039,2016
2057,2051,2081,2077,1983,2046,2041,2028
2061,2052,2092,2098,2055,2071,2058,2028
2065,2053,2087,2111,2099,2096,2065,2035
2061,2047,2080,2113,2153,2101,2074,2033
2056,2057,2066,2114,2189,2118,2080,2036
2056,2049,2061,2121,2238,2114,2079,2040
2050,2044,2053,2105,2235,2083,2063,2049
2052,2037,2059,2074,2087,2039,2054,2053
2048,2035,2067,2064,1972,2031,2067,2066
2056,2047,2082,2077,2059,2054,2049,2078
2058,2045,2081,2056,2052,2059,2066,2078
2052,2033,2066,2036,2022,2049,2055,2080
2041,2027,2047,2029,2040,2047,2053,2076
2034,2024,2039,2029,2084,2054,2059,2073
2033,2025,2036,2032,2041,2042,2028,2081
2032,2027,2031,2013,1985,2038,2050,2074
2037,2034,2023,2013,2015,2068,2054,2082
2035,2031,2023,2027,2045,2084,2060,2071
2032,2035,2041,2031,2032,2086,2054,2071
2039,2039,2053,2032,1957,2061,2065,2073
2056,2053,2044,2031,1876,2012,2053,2075
2057,2047,2037,2020,1915,2011,2060,2059
2048,2040,2026,2007,1934,2023,2052,2042
2046,2042,2028,2004,1959,2005,2029,2026
2045,2046,2025,1998,2009,2014,2063,2030
2043,2046,2039,2020,2077,2046,2062,2034
2058,2052,2048,2046,2084,2051,2053,2028
2055,2052,2034,2039,2033,2046,2039,2014
2046,2051,2023,2031,2001,2059,2031,2013
2040,2033,2018,2028,1982,2050,2025,1999
2036,2020,2016,2016,1941,2031,1986,1996
2031,2025,2027,2001,1949,2006,2002,2001
2036,2032,2047,2025,1996,1987,2022,2010
2044,2040,2054,2052,2086,2008,2053,2021
2058,2042,2059,2064,2118,2046,2050,2030
2057,2049,2059,2067,2124,2073,2051,2043
2063,2052,2064,2081,2140,2088,2069,2041
2060,2053,2072,2078,2119,2069,2068,2045
2056,2054,2081,2069,2118,2064,2062,2044
2048,2054,2081,2058,2104,2056,2055,2037
2042,2048,2080,2032,1976,2035,2047,2048
2032,2046,2076,2033,1984,2042,2043,2059
2032,2042,2066,2044,2059,2046,2040,2060
2035,2033,2061,2057,2080,2057,2051,2083
2037,2031,2046,2054,2067,2045,2051,2092
2036,2038,2040,2030,2007,2024,2061,2081
2034,2021,2024,2025,1985,2022,2045,2081
2032,2020,2030,2022,1998,2051,2062,2086
2043,2043,2035,2022,2057,2067,2072,2086
2053,2043,2032,2027,2071,2076,2071,2092
2054,2045,2031,2039,2051,2078,2066,2086
2055,2052,2042,2039,2042,2071,2069,2071
2056,2050,2043,2045,2054,2063,2071,2065
2050,2039,2040,2031,2037,2053,2053,2051
2046,2040,2038,2017,2058,2052,2054,2032
2043,2044,2045,2036,2108,2071,2056,2039
2047,2046,2059,2047,2104,2080,2049,2030
2043,2043,2058,2046,2080,2088,2032,2026
2040,2050,2063,2050,2094,2095,2061,2026
2051,2058,2062,2055,2085,2090,2039,2026
2052,2052,2059,2044,2109,2084,2057,2016
2051,2047,2054,2047,2156,2070,2034,2019
2042,2039,2049,2047,2196,2066,2052,2021
2043,2044,2056,2046,2150,2055,2054,2015
2056,2058,2067,2047,2058,2047,2032,2014
2054,2056,2060,2040,1978,2046,2027,2006
2048,2045,2051,2017,1909,2039,2046,2006
2047,2046,2049,2009,1980,2020,2038,2021
2056,2043,2045,1998,1985,2009,2026,2026
2048,2039,2031,2009,1997,2022,2038,2031
2047,2034,2023,2033,2032,2047,2050,2047
2052,2040,2030,2043,2006,2056,2062,2066
2061,2040,2026,2037,1980,2049,2058,2070
2057,2037,2026,2035,1972,2047,2053,2084
2060,2047,2031,2032,1972,2036,2056,2086
2061,2051,2039,2030,1984,2036,2052,2087
2049,2045,2036,2028,1990,2024,2052,2086
2040,2043,2027,2021,1988,1996,2033,2084
2033,2024,2019,2028,2061,2009,2000,2080
2023,2016,2008,2038,2129,2036,2015,2081
2033,2024,2018,2057,2154,2055,2039,2080
2035,2023,2033,2059,2132,2065,2049,2072
2041,2027,2032,2054,2088,2069,2053,2072
2050,2030,2047,2050,2070,2061,2047,2068
2052,2039,2066,2053,2050,2048,2052,2065
2057,2054,2084,2047,2022,2022,2049,2058
2056,2056,2090,2046,2004,2030,2043,2043
2056,2055,2096,2048,2015,2031,2044,2041
2051,2054,2101,2055,2021,2030,2042,2029
2053,2056,2099,2076,2083,2050,2039,2024
2052,2051,2082,2083,2106,2052,2031,2024
2047,2043,2056,2061,2032,2036,2025,2016
2039,2038,2051,2044,1980,2018,2023,2012
2043,2028,2042,2032,1953,2002,2018,2005
2034,2017,2032,2021,1960,2011,2016,2001
2032,2019,2038,2024,2006,2056,2048,2011
2052,2043,2063,2062,2089,2078,2056,2022
2062,2049,2071,2091,2147,2093,2065,2029
2062,2049,2065,2085,2172,2090,2052,2018
2051,2038,2060,2075,2150,2057,2049,2015
2045,2036,2057,2063,2095,2028,2029,2025
2047,2032,2061,2054,2040,2011,2031,2028
2044,2039,2066,2057,2021,1984,2050,2041
2050,2048,2072,2056,2030,1998,2053,2056
2055,2054,2069,2049,2040,2023,2062,2062
2052,2055,2069,2056,2069,2055,2061,2071
2058,2060,2084,2071,2091,2068,2068,2090
2052,2060,2083,2070,2101,2065,2055,2094
2053,2058,2076,2056,2103,2066,2074,2095
2052,2046,2074,2055,2097,2064,2060,2094
2046,2037,2068,2054,2087,2056,2052,2093
2042,2038,2072,2057,2088,2060,2038,2095
2048,2048,2072,2056,2052,2056,2029,2090
2054,2042,2064,2045,1989,2046,2040,2087
2058,2040,2051,2028,1937,2044,2030,2079
2048,2038,2045,2023,1955,2036,2002,2070
2044,2032,2043,2025,1986,2018,2026,2051
2046,2034,2045,2044,2031,2002,2038,2047
2052,2038,2058,2064,2075,2039,2054,2040
2049,2048,2060,2073,2098,2071,2057,2041
2052,2048,2056,2077,2109,2086,2050,2022
2050,2036,2042,2072,2111,2083,2037,2026
2044,2035,2046,2065,2113,2072,2048,2017
2047,2031,2034,2064,2112,2062,2050,2021
2052,2027,2028,2056,2122,2053,2043,2011
2046,2026,2026,2052,2115,2051,2035,2006
2038,2017,2026,2053,2088,2052,2041,2001
2037,2016,2028,2045,2036,2055,2045,2011
2042,2035,2048,2051,2032,2066,2069,2021
2050,2041,2043,2043,2030,2076,2058,2024
2053,2041,2037,2039,2020,2072,2065,2036
2051,2047,2038,2056,2028,2069,2074,2033
2050,2050,2047,2081,2055,2069,2066,2036
2051,2056,2067,2107,2082,2075,2053,2040
2053,2049,2065,2108,2085,2080,2050,2047
2054,2049,2063,2106,2064,2074,2036,2056
2055,2047,2047,2096,2022,2056,2046,2062
2054,2042,2042,2097,1987,2032,2048,2064
2050,2038,2034,2089,1969,2028,2044,2078
2056,2044,2054,2094,1983,2034,2042,2083
2065,2040,2056,2086,1989,2032,2052,2090
2063,2041,2057,2078,1996,2034,2033,2092
2056,2034,2049,2063,1992,2038,2043,2098
2054,2036,2041,2045,1997,2031,2052,2093
2052,2036,2036,2026,2021,2037,2053,2073
2050,2032,2026,2024,2071,2045,2031,2062
2045,2016,2017,2007,2090,2052,2022,2061
2041,2022,2016,1993,2068,2066,2031,2056
2045,2026,2015,1983,2026,2063,2038,2053
2039,2028,2012,1981,1997,2062,2018,2047
2051,2028,2026,1993,1999,2060,2043,2042
2053,2034,2036,2019,2022,2032,2033,2045
2058,2044,2060,2036,2056,2020,2048,2039
2052,2043,2052,2037,2043,2029,2043,2028
2047,2037,2044,2033,2019,2034,2037,2027
2046,2037,2047,2031,2016,2042,2050,2027
2055,2044,2054,2038,2026,2046,2049,2026
2058,2051,2060,2034,2035,2035,2051,2019
2045,2042,2056,2032,2054,2025,2041,2021
2049,2051,2063,2034,2061,2024,2038,2024
2056,2070,2081,2036,2093,2033,2065,2020
2058,2070,2077,2055,2149,2056,2053,2035
2061,2068,2074,2082,2184,2073,2088,2036
2064,2066,2077,2075,2092,2068,2067,2041
2067,2066,2069,2051,1954,2062,2074,2046
2064,2060,2061,2027,1920,2053,2062,2049
2054,2057,2062,2025,1954,2049,2056,2047
2051,2052,2057,2041,2045,2057,2062,2056
2054,2044,2056,2049,2068,2058,2060,2062
2052,2045,2049,2047,2081,2065,2054,2064
2054,2046,2049,2056,2092,2068,2061,2073
2048,2046,2050,2042,2080,2062,2045,2087
2050,2048,2045,2042,2080,2061,2054,2095
2047,2044,2043,2038,2083,2048,2021,2088
2032,2035,2040,2036,2082,2037,2045,2089
2042,2042,2056,2047,2067,2030,2040,2093
2052,2056,2066,2061,2032,2037,2041,2089
2057,2064,2077,2068,2030,2037,2036,2086
2054,2063,2070,2070,2009,2038,2047,2076
2048,2062,2068,2066,2006,2038,2058,2065
2047,2054,2059,2058,2000,2033,2047,2066
2044,2059,2065,2058,2007,2034,2030,2062
2041,2058,2070,2066,2028,2045,2025,2047
2049,2060,2073,2082,2053,2052,2051,2043
2055,2062,2070,2084,2059,2056,2064,2039
2058,2060,2066,2080,2040,2051,2048,2025
2054,2046,2055,2066,2025,2050,2047,2020
2052,2047,2044,2058,2027,2054,2048,2018
2047,2036,2027,2043,2021,2046,2058,2015
2042,2036,2014,2038,2017,2047,2061,2016
2045,2034,2012,2041,2030,2046,2038,2010
2048,2043,2022,2033,2049,2030,2040,2018
2048,2053,2026,2034,2048,2036,2046,2024
2050,2045,2022,2032,2058,2060,2037,2025
2046,2044,2028,2031,2063,2066,2060,2025
2053,2048,2039,2028,2061,2064,2059,2030
2056,2054,2041,2034,2050,2070,2054,2037
2059,2056,2032,2031,2064,2071,2055,2041
2053,2053,2028,2029,2058,2060,2062,2050
2056,2051,2031,2034,2053,2062,2052,2058
2050,2054,2039,2046,2051,2056,2059,2064
2047,2053,2050,2060,2046,2055,2053,2074
2048,2060,2064,2071,2054,2057,2063,2078
2056,2059,2064,2067,2057,2067,2059,2089
2052,2057,2046,2053,2067,2070,2046,2086
2046,2046,2042,2037,2058,2085,2042,2085
2043,2038,2037,2026,2047,2082,2012,2083
2040,2043,2048,2022,2040,2087,2043,2089
2045,2050,2061,2030,2046,2073,2046,2080
2053,2058,2063,2034,2036,2029,2008,2072
2047,2059,2062,2036,2017,2022,2029,2062
2045,2056,2059,2036,1997,2040,2025,2063
2042,2059,2054,2027,1981,2056,2015,2051
2043,2051,2038,2015,1978,2048,2030,2037
2045,2049,2018,2018,1996,2024,2045,2042
2049,2053,2016,2016,2024,2017,2027,2045
2052,2054,2020,2016,2051,2034,2018,2041
2043,2060,2021,2020,2052,2054,2040,2041
2049,2061,2019,2021,2051,2063,2049,2034
2057,2061,2017,2028,2044,2063,2044,2034
2055,2062,2025,2027,2053,2063,2054,2025
2057,2064,2034,2037,2073,2060,2049,2027
2061,2062,2030,2040,2076,2053,2016,2016
2054,2051,2030,2044,2068,2060,2042,2018
2051,2056,2037,2043,2057,2072,2056,2026
2057,2064,2042,2043,2055,2073,2060,2029
2052,2059,2042,2041,2049,2067,2060,2023
2047,2054,2042,2040,2053,2070,2050,2022
2047,2056,2040,2033,2052,2048,2045,2020
2045,2051,2046,2044,2047,2026,2049,2024
2043,2052,2044,2044,2050,2026,2032,2030
2044,2051,2049,2043,2050,2037,2032,2045
2046,2055,2059,2052,2054,2038,2040,2052
2049,2054,2063,2049,2054,2047,2037,2060
2045,2053,2055,2048,2058,2045,2039,2070
2044,2057,2049,2050,2058,2051,2030,2086
2051,2053,2034,2056,2059,2050,2064,2099
2054,2048,2021,2058,2069,2050,2054,2093
2048,2041,2011,2046,2055,2040,2029,2094
2032,2030,2009,2042,2051,2041,2044,2087
2031,2036,2025,2042,2045,2046,2050,2083
2039,2041,2032,2044,2048,2048,2047,2083
2043,2046,2035,2038,2038,2053,2047,2080
2041,2051,2036,2039,2041,2048,2058,2072
2051,2052,2039,2039,2045,2051,2052,2068
2055,2055,2048,2040,2045,2058,2062,2056
2058,2058,2050,2041,2046,2052,2052,2048
2059,2060,2047,2045,2046,2058,2047,2052
2055,2064,2037,2037,2041,2052,2028,2042
2055,2056,2037,2036,2039,2046,2034,2039
2059,2056,2065,2039,2035,2041,2039,2029
2052,2060,2081,2045,2032,2041,2056,2028
2051,2062,2087,2051,2039,2046,2051,2025
2054,2066,2090,2050,2042,2044,2052,2013
2048,2063,2059,2042,2037,2045,2052,2016
2045,2050,2020,2043,2036,2043,2027,2013
2038,2044,2009,2057,2045,2048,2056,2016
2053,2051,2006,2063,2052,2046,2052,2020
2050,2051,2009,2062,2054,2043,2060,2017
2058,2051,2013,2072,2069,2048,2062,2033
2056,2056,2014,2075,2073,2055,2069,2032
2061,2054,2019,2073,2068,2060,2064,2042
2058,2052,2026,2070,2072,2055,2058,2048
2058,2055,2032,2073,2067,2056,2069,2053
2052,2048,2034,2062,2065,2055,2053,2060
2051,2047,2032,2059,2062,2054,2041,2071
2052,2047,2041,2057,2055,2050,2049,2072
2049,2042,2052,2057,2058,2053,2062,2078
2048,2046,2068,2051,2050,2057,2058,2076
2043,2051,2070,2040,2046,2056,2051,2087
2042,2045,2068,2017,2035,2051,2061,2085
2028,2028,2062,2004,2033,2050,2057,2093
2041,2045,2101,2027,2038,2062,2055,2093
2054,2073,2130,2046,2049,2068,2060,2090
2062,2077,2125,2052,2056,2077,2038,2079
2057,2075,2107,2040,2054,2075,2043,2077
2057,2071,2093,2042,2048,2062,2056,2076
2056,2068,2076,2042,2044,2047,2056,2067
2061,2066,2072,2045,2040,2059,2060,2056
2064,2062,2065,2041,2044,2056,2064,2050
2066,2065,2063,2041,2046,2059,2053,2033
2060,2057,2065,2043,2049,2047,2045,2031
2058,2061,2061,2048,2056,2044,2050,2023
2056,2054,2062,2044,2061,2053,2052,2019
2057,2058,2047,2044,2064,2046,2041,2019
2060,2061,2050,2042,2056,2029,2033,2022
2054,2060,2042,2036,2045,2015,2027,2011
2050,2054,2036,2031,2046,2012,2031,2010
2046,2043,2033,2034,2043,2014,2018,2009
2060,2045,2031,2027,2027,2022,2037,2016
2050,2047,2019,2027,2028,2029,2033,2016
2058,2055,2037,2042,2027,2039,2048,2023
2057,2061,2043,2051,2037,2049,2066,2027
2057,2069,2054,2059,2038,2057,2063,2030
2060,2059,2050,2063,2046,2054,2055,2046
2061,2057,2049,2056,2047,2049,2057,2055
2054,2053,2050,2063,2054,2043,2060,2065
2058,2052,2064,2072,2046,2041,2073,2061
2046,2058,2076,2081,2057,2044,2067,2075
2047,2052,2077,2084,2055,2045,2068,2082
2045,2056,2072,2080,2053,2046,2066,2087
2045,2051,2078,2074,2056,2053,2068,2087
2046,2042,2074,2068,2049,2047,2058,2086
2042,2040,2068,2069,2045,2046,2050,2083
2048,2055,2069,2070,2046,2041,2040,2082
2048,2055,2060,2061,2045,2037,2036,2072
2047,2060,2056,2050,2038,2018,2038,2070
2045,2058,2047,2037,2028,2017,2025,2053
2044,2063,2046,2029,2038,2024,2039,2037
2044,2059,2040,2018,2032,2029,2044,2038
2043,2058,2037,2019,2031,2034,2036,2025
2043,2056,2037,2016,2030,2039,2044,2021
2048,2054,2037,2011,2035,2040,2040,2020
2038,2050,2033,2002,2029,2042,2038,2013
2045,2049,2029,1997,2031,2040,2039,2015
2044,2052,2037,2004,2034,2045,2022,2022
2051,2053,2043,2011,2040,2043,2021,2014
2052,2060,2050,2023,2041,2045,2049,2020
2054,2057,2059,2032,2042,2043,2041,2015
2052,2056,2056,2035,2054,2047,2048,2013
2051,2068,2060,2040,2056,2043,2050,2020
2056,2062,2064,2041,2056,2041,2054,2019
2056,2067,2060,2040,2056,2039,2057,2017
2054,2059,2052,2043,2059,2043,2041,2020
2047,2057,2053,2040,2048,2040,2023,2027
2050,2054,2042,2039,2047,2033,2044,2037
2052,2053,2055,2042,2050,2032,2033,2036
2045,2061,2053,2040,2053,2040,2051,2041
2045,2061,2055,2041,2062,2051,2054,2055
2050,2055,2054,2048,2058,2043,2040,2064
2049,2051,2050,2044,2060,2038,2049,2074
2048,2047,2046,2040,2054,2030,2055,2080
2048,2049,2050,2037,2048,2022,2040,2086
2047,2053,2046,2035,2048,2024,2041,2093
2045,2046,2040,2034,2043,2020,2018,2087
2035,2040,2043,2027,2041,2025,2036,2088
2043,2050,2047,2042,2049,2036,2041,2096
2054,2052,2046,2039,2042,2036,2035,2088
2052,2053,2044,2038,2047,2046,2046,2079
2056,2054,2045,2038,2043,2051,2043,2059
2051,2054,2046,2039,2041,2052,2059,2056
2053,2043,2044,2041,2042,2058,2059,2052
2054,2050,2040,2037,2041,2072,2055,2043
2055,2055,2043,2040,2042,2077,2044,2030
2050,2051,2051,2039,2040,2078,2049,2023
2046,2060,2042,2040,2044,2077,2045,2017
2052,2065,2042,2036,2040,2074,2049,2018
2053,2058,2047,2039,2037,2077,2058,2018
2057,2058,2046,2044,2048,2073,2055,2018
2058,2061,2048,2040,2043,2075,2064,2010
2049,2049,2043,2034,2046,2054,2038,2009
2048,2046,2045,2036,2037,2033,2047,2013
2050,2055,2045,2042,2054,2016,2045,2014
2052,2055,2046,2047,2056,2014,2048,2009
2048,2053,2048,2047,2063,2015,2054,2021
2052,2059,2053,2048,2063,2025,2059,2021
2059,2060,2048,2046,2061,2045,2050,2027
2055,2060,2048,2047,2067,2066,2041,2037
2050,2054,2045,2049,2062,2077,2028,2040
2046,2056,2040,2042,2062,2073,2033,2049
2050,2060,2039,2046,2056,2058,2055,2058
2051,2056,2041,2049,2058,2050,2050,2066
2049,2056,2041,2049,2062,2055,2040,2078
2054,2056,2045,2049,2056,2058,2056,2086
2058,2052,2048,2051,2064,2053,2058,2087
2050,2054,2043,2048,2061,2053,2053,2088
2044,2045,2035,2042,2047,2044,2050,2093
2047,2044,2033,2032,2053,2045,2051,2090
2056,2055,2041,2041,2050,2048,2050,2085
2051,2051,2050,2042,2051,2053,2049,2072
2042,2053,2050,2041,2053,2052,2055,2063
2037,2050,2041,2043,2049,2050,2049,2060
2046,2057,2049,2041,2043,2054,2030,2051
2045,2055,2048,2040,2042,2056,2042,2045
2040,2058,2043,2038,2052,2065,2044,2044
2048,2061,2047,2040,2056,2067,2037,2032
2049,2057,2043,2040,2059,2060,2044,2029
2047,2056,2050,2038,2046,2050,2040,2021
2043,2052,2052,2037,2040,2042,2052,2024
2048,2052,2051,2038,2036,2038,2060,2011
2048,2055,2050,2039,2029,2044,2050,2008
2048,2053,2048,2039,2027,2044,2044,2004
2041,2040,2037,2029,2015,2035,2045,2006
2040,2035,2039,2026,2012,2035,2043,2004
2046,2053,2043,2036,2023,2047,2052,2012
2052,2059,2047,2042,2024,2051,2048,2017
2056,2061,2053,2039,2030,2053,2056,2028
2058,2060,2051,2041,2039,2054,2052,2029
2052,2060,2049,2037,2051,2064,2054,2034
2058,2060,2045,2040,2067,2071,2061,2035
2056,2053,2043,2044,2086,2072,2053,2036
2048,2054,2044,2049,2095,2072,2061,2044
2054,2056,2043,2054,2089,2069,2046,2046
2058,2058,2049,2050,2077,2069,2050,2058
2044,2050,2045,2049,2072,2059,2050,2065
2045,2052,2049,2048,2069,2050,2060,2073
2041,2049,2048,2045,2059,2045,2051,2074
2042,2044,2041,2047,2060,2043,2043,2074
2023,2032,2036,2042,2052,2030,2033,2076
2022,2035,2036,2041,2046,2030,2040,2080
2028,2044,2041,2044,2050,2041,2058,2084
2038,2046,2036,2042,2050,2042,2038,2077
2047,2046,2040,2044,2049,2047,2059,2074
2047,2050,2041,2042,2050,2048,2059,2066
2047,2052,2040,2042,2044,2044,2072,2063
2044,2049,2042,2044,2045,2052,2077,2054
2052,2051,2040,2043,2052,2048,2076,2049
2047,2054,2045,2048,2050,2050,2081,2044
2048,2050,2043,2044,2045,2059,2079,2038
2049,2046,2041,2045,2047,2062,2065,2034
2046,2044,2041,2043,2046,2062,2068,2023
2045,2045,2033,2043,2049,2060,2074,2026
2047,2046,2037,2043,2054,2064,2085,2026
2046,2044,2037,2043,2059,2068,2066,2022
2038,2039,2036,2039,2046,2070,2059,2015
2035,2037,2032,2040,2057,2066,2063,2008
2042,2054,2042,2053,2065,2060,2078,2014
2051,2053,2049,2050,2066,2041,2062,2016
2048,2057,2054,2057,2059,2027,2052,2015
2052,2050,2055,2053,2070,2044,2052,2020
2049,2059,2055,2048,2064,2051,2047,2025
2049,2059,2049,2049,2068,2056,2059,2042
2048,2056,2050,2048,2071,2048,2050,2050
2051,2056,2054,2047,2071,2045,2067,2058
2048,2059,2048,2050,2066,2050,2051,2064
2053,2058,2049,2052,2061,2052,2051,2075
2045,2062,2043,2046,2056,2048,2053,2092
2045,2057,2048,2042,2052,2042,2073,2093
2050,2058,2047,2040,2052,2042,2052,2097
2047,2052,2049,2042,2048,2044,2060,2094
2040,2040,2046,2046,2047,2036,2057,2091
2041,2044,2047,2053,2055,2034,2040,2092
2047,2052,2054,2050,2052,2048,2044,2090
2051,2052,2051,2052,2051,2043,2047,2086
2055,2059,2051,2046,2042,2031,2028,2082
2055,2062,2055,2049,2042,2031,2049,2073
2056,2064,2048,2048,2040,2031,2053,2061
2052,2053,2042,2043,2036,2029,2043,2049
2049,2051,2038,2043,2026,2026,2035,2039
2041,2045,2042,2040,2014,2023,2050,2040
2044,2053,2046,2039,2018,2016,2055,2034
2044,2050,2046,2037,2015,2026,2051,2026
2037,2046,2039,2031,2022,2050,2054,2015
2044,2054,2039,2051,2051,2070,2053,2020
2043,2056,2050,2054,2052,2078,2072,2019
2041,2058,2045,2050,2047,2088,2072,2011
2044,2050,2037,2046,2045,2072,2056,2011
2043,2043,2039,2045,2046,2042,2066,2016
2044,2047,2043,2055,2051,2060,2082,2019
2059,2051,2041,2057,2061,2078,2090,2016
2045,2052,2039,2054,2065,2096,2089,2019
2043,2055,2046,2057,2076,2102,2080,2022
2048,2061,2053,2061,2072,2087,2080,2028
2057,2067,2058,2069,2077,2079,2082,2040
2060,2066,2057,2073,2086,2092,2079,2040
2054,2070,2050,2071,2084,2091,2079,2052
2055,2068,2051,2077,2088,2095,2068,2060
2058,2060,2050,2070,2088,2061,2068,2064
2052,2058,2054,2066,2067,2007,2075,2069
2052,2055,2051,2055,2035,2016,2077,2074
2046,2057,2044,2052,2031,2036,2076,2093
2052,2063,2048,2045,2024,2059,2071,2091
2058,2055,2041,2040,2018,2045,2049,2086
2044,2044,2030,2034,2018,2034,2048,2083
2039,2042,2027,2034,2019,2024,2038,2086
2050,2056,2042,2043,2020,2023,2037,2083
2051,2058,2047,2040,2016,2020,2024,2083
2054,2059,2042,2040,2011,2026,2021,2072
2052,2055,2040,2035,2008,2027,2046,2052
2047,2049,2036,2028,2010,2031,2044,2039
2043,2046,2033,2034,2008,2025,2035,2028
2041,2042,2031,2032,1981,2019,2019,2025
2038,2045,2030,2026,1965,2016,2017,2017
2041,2044,2028,2022,1961,1984,2010,2017
2044,2046,2028,2029,1978,1966,2027,2015
2040,2052,2028,2031,2003,1995,2040,2016
2044,2061,2032,2054,2052,2023,2052,2015
2046,2064,2041,2055,2077,2031,2056,2013
2041,2064,2040,2057,2101,2038,2053,2016
2039,2046,2035,2052,2095,2044,2063,2010
2040,2041,2030,2050,2080,2045,2055,2018
2043,2057,2038,2050,2066,2046,2060,2022
2049,2051,2039,2048,2058,2047,2068,2017
2041,2047,2037,2048,2054,2046,2066,2027
2043,2055,2042,2047,2052,2044,2070,2026
2046,2061,2033,2049,2055,2049,2065,2032
2048,2059,2038,2046,2054,2056,2063,2033
2045,2058,2035,2042,2053,2053,2064,2045
2044,2055,2036,2047,2050,2060,2066,2047
2043,2051,2044,2045,2055,2061,2053,2056
2045,2047,2045,2046,2056,2064,2058,2068
2042,2056,2044,2050,2056,2059,2040,2082
2049,2054,2042,2047,2056,2058,2052,2084
2048,2060,2047,2049,2054,2049,2051,2090
2060,2058,2046,2049,2052,2040,2044,2090
2047,2055,2043,2042,2038,2031,2042,2093
2053,2050,2039,2045,2050,2028,2051,2102
2056,2060,2051,2044,2047,2024,2047,2090
2060,2062,2051,2048,2047,2032,2054,2093
2065,2065,2054,2045,2044,2039,2071,2086
2067,2065,2050,2046,2045,2041,2052,2081
2068,2060,2050,2048,2044,2041,2056,2064
2059,2058,2056,2044,2043,2038,2050,2049
2050,2056,2052,2050,2044,2045,2051,2044
2051,2058,2050,2050,2047,2048,2063,2038
2043,2065,2050,2055,2047,2047,2069,2048
2056,2061,2055,2052,2057,2046,2064,2042
2054,2055,2051,2051,2056,2050,2054,2032
2059,2059,2047,2055,2047,2036,2058,2032
2059,2058,2055,2050,2047,2035,2053,2024
2058,2063,2052,2051,2056,2038,2055,2019
2050,2053,2046,2046,2044,2038,2050,2012
2041,2045,2040,2042,2038,2033,2068,2017
2049,2058,2052,2054,2049,2045,2066,2019
2052,2053,2048,2059,2054,2044,2062,2028
2052,2060,2051,2058,2050,2045,2059,2027
2048,2062,2053,2051,2051,2047,2028,2027
2047,2057,2052,2056,2054,2049,2049,2028
2037,2058,2053,2058,2058,2048,2065,2032
2045,2059,2055,2061,2058,2049,2055,2037
2049,2058,2054,2054,2058,2063,2068,2042
2047,2059,2057,2055,2065,2068,2073,2058
2050,2066,2065,2056,2059,2068,2052,2065
2049,2065,2062,2062,2062,2068,2062,2076
2043,2062,2055,2052,2057,2061,2072,2081
2052,2056,2052,2047,2049,2056,2060,2091
2049,2062,2054,2049,2048,2051,2057,2100
2053,2064,2053,2049,2034,2037,2043,2091
2044,2048,2043,2040,2025,2024,2049,2096
2044,2046,2041,2040,2024,2041,2044,2093
2047,2058,2047,2046,2034,2050,2050,2079
2044,2051,2041,2044,2036,2046,2032,2073
2039,2051,2040,2045,2020,2036,2038,2066
2042,2042,2038,2044,2022,2034,2030,2065
2043,2043,2035,2049,2026,2031,2032,2058
2046,2043,2029,2047,2037,2044,2038,2048
2050,2048,2034,2053,2053,2053,2047,2044
2047,2052,2042,2060,2058,2046,2049,2031
2053,2054,2045,2059,2056,2044,2052,2035
2053,2053,2051,2047,2049,2046,2056,2027
2054,2055,2046,2051,2046,2048,2052,2021
2047,2056,2055,2061,2048,2050,2044,2031
2056,2066,2056,2057,2050,2052,2039,2031
2056,2062,2056,2049,2042,2048,2043,2023
2049,2047,2048,2051,2032,2049,2042,2018
2050,2052,2046,2046,2036,2051,2059,2019
2046,2058,2050,2052,2048,2050,2058,2019
2049,2052,2044,2051,2051,2048,2055,2019
2031,2047,2038,2051,2047,2042,2060,2020
2034,2044,2041,2046,2044,2039,2069,2027
2043,2054,2053,2051,2041,2051,2064,2040
2048,2057,2052,2052,2025,2054,2062,2043
2046,2059,2052,2041,2010,2067,2063,2048
2048,2055,2045,2044,2006,2070,2065,2059
2051,2056,2045,2042,2003,2065,2060,2062
2048,2050,2045,2037,2003,2039,2060,2072
2045,2047,2048,2041,2021,2014,2065,2085
2042,2047,2048,2057,2065,2018,2084,2098
2044,2054,2059,2070,2088,2030,2079,2111
2047,2060,2058,2065,2082,2043,2083,2108
2045,2047,2050,2051,2059,2027,2069,2100
2035,2046,2044,2045,2054,2020,2052,2093
2037,2053,2044,2052,2051,2022,2037,2084
2045,2052,2048,2053,2059,2037,2045,2078
2039,2051,2046,2048,2061,2042,2051,2063
2035,2050,2042,2043,2062,2064,2047,2059
2036,2048,2041,2044,2066,2079,2064,2051
2039,2052,2041,2046,2052,2069,2038,2050
2038,2054,2036,2038,2025,2049,2052,2042
2041,2054,2040,2030,2011,2051,2055,2031
2039,2057,2046,2035,2000,2035,2050,2032
2047,2050,2041,2032,1993,2022,2041,2030
2051,2047,2040,2036,2007,2029,2047,2023
2050,2050,2042,2040,2018,2043,2057,2013
2046,2055,2040,2050,2014,2043,2050,2007
2051,2061,2044,2058,2030,2038,2060,2016
2049,2056,2040,2047,2029,2023,2052,2008
2039,2046,2031,2041,2023,2009,2039,2003
2042,2033,2035,2042,2020,2014,2056,2011
2053,2055,2037,2054,2018,2026,2053,2016
2056,2056,2038,2048,2044,2039,2053,2018
2047,2046,2032,2049,2071,2056,2054,2014
2044,2041,2031,2033,2051,2053,2055,2015
2028,2039,2031,2022,2033,2044,2062,2022
2028,2042,2038,2037,2064,2063,2049,2028
2040,2038,2036,2045,2084,2064,2052,2035
2039,2039,2036,2040,2063,2050,2055,2046
2037,2035,2043,2037,2043,2038,2049,2055
2043,2047,2045,2035,2032,2033,2059,2071
2042,2040,2041,2030,2033,2026,2057,2070
2037,2043,2039,2035,2029,2024,2058,2078
2040,2041,2045,2036,2051,2025,2058,2084
2044,2046,2047,2047,2047,2028,2055,2091
2043,2045,2046,2047,2053,2032,2042,2092
2042,2039,2052,2046,2069,2040,2053,2088
2040,2046,2056,2056,2086,2058,2048,2090
2035,2047,2058,2051,2070,2053,2052,2086
2043,2052,2051,2043,2054,2050,2043,2073
2052,2051,2053,2039,2052,2054,2026,2070
2048,2061,2052,2042,2043,2054,2032,2060
2057,2053,2055,2041,2036,2055,2060,2059
2053,2058,2048,2041,2035,2054,2039,2060
2052,2056,2046,2041,2039,2050,2051,2052
2054,2051,2042,2045,2039,2047,2061,2044
2054,2054,2044,2042,2044,2046,2068,2035
2051,2054,2044,2035,2029,2046,2059,2026
2046,2047,2038,2029,2031,2043,2052,2015
2044,2046,2040,2040,2029,2053,2059,2012
2040,2053,2035,2035,2041,2060,2060,2008
2044,2049,2041,2035,2045,2058,2066,2008
2031,2039,2036,2032,2079,2051,2052,2007
2033,2040,2037,2033,2113,2052,2060,2007
2036,2046,2046,2043,2132,2063,2060,2008
2045,2056,2042,2051,2140,2055,2048,2016
2048,2053,2047,2051,2137,2031,2016,2019
2044,2051,2038,2053,2120,2015,2026,2026
2050,2047,2036,2042,2100,2026,2034,2029
2048,2054,2037,2043,2074,2030,2021,2044
2049,2055,2042,2047,2035,2039,2040,2045
2052,2058,2047,2037,1934,2029,2033,2064
2052,2054,2043,2036,1947,2025,2047,2063
2047,2053,2046,2038,1975,2012,2034,2070
2041,2048,2046,2032,1970,2001,2038,2075
2040,2048,2047,2029,1974,1994,2016,2080
2030,2044,2045,2025,1974,1993,2013,2084
2028,2038,2036,2022,1980,2012,2021,2075
2025,2033,2042,2026,2018,2038,2032,2085
2032,2042,2048,2044,2058,2058,2037,2089
2038,2048,2049,2048,2079,2074,2041,2093
2049,2048,2050,2055,2089,2086,2039,2087
2042,2043,2053,2045,2074,2078,2056,2079
2040,2042,2044,2038,2046,2069,2044,2067
2037,2041,2044,2032,2041,2066,2043,2060
2044,2041,2042,2033,2033,2074,2042,2050
2048,2042,2043,2030,2038,2079,2036,2046
2046,2044,2044,2034,2037,2077,2030,2041
2042,2044,2043,2033,2042,2074,2048,2033
2043,2043,2044,2036,2036,2067,2041,2035
2041,2034,2041,2024,2039,2035,2021,2022
2043,2031,2038,2023,2040,2029,2014,2013
2043,2036,2040,2025,2038,2043,2012,2015
2044,2039,2043,2018,2028,2054,2034,2001
2043,2038,2045,2018,2018,2053,2040,1995
2043,2036,2043,2015,2010,2061,2046,2006
2038,2050,2050,2026,2024,2066,2038,2017
2045,2055,2061,2038,2043,2058,2048,2019
2043,2060,2070,2051,2051,2038,2074,2027
2049,2061,2066,2050,2057,2051,2093,2038
2053,2061,2066,2052,2057,2071,2092,2051
2048,2066,2063,2050,2060,2075,2092,2056
2055,2059,2064,2043,2053,2092,2081,2048
2045,2052,2061,2043,2042,2082,2069,2049
2044,2051,2057,2032,2034,2063,2060,2059
2042,2051,2060,2030,2022,2063,2052,2061
2043,2052,2060,2034,2024,2077,2054,2077
2045,2053,2055,2038,2036,2060,2041,2088
2043,2051,2059,2044,2043,2059,2067,2090
2041,2053,2053,2045,2046,2056,2060,2090
2030,2037,2044,2032,2034,2004,2040,2087
2027,2036,2037,2029,2032,2000,2044,2090
2033,2045,2039,2032,2040,2026,2050,2087
2041,2047,2040,2038,2044,2044,2046,2085
2035,2047,2037,2037,2042,2040,2044,2076
2034,2045,2036,2029,2036,2018,2036,2068
2029,2044,2034,2027,2017,1995,2032,2056
2030,2042,2032,2022,2010,1993,2022,2046
2036,2049,2028,2027,2013,1998,2009,2042
2037,2042,2027,2026,2021,2005,2013,2037
2035,2037,2021,2019,2023,2001,2038,2029
2040,2035,2021,2022,2019,1992,2021,2025
2037,2040,2030,2020,2026,1991,2016,2021
2041,2039,2032,2024,2025,1997,2009,2022
2042,2040,2035,2021,2009,1994,2011,2018
2039,2040,2036,2025,1999,1991,2040,2020
2039,2039,2032,2023,1998,2003,2035,2013
2038,2029,2031,2024,2012,2019,2046,2014
2039,2040,2039,2030,2023,2043,2045,2014
2042,2042,2045,2028,2030,2035,2033,2008
2043,2045,2051,2027,2030,2029,2035,2018
2045,2046,2055,2031,2043,2030,2040,2029
2050,2055,2065,2038,2053,2036,2043,2042
2053,2065,2075,2043,2053,2047,2060,2054
2065,2073,2080,2042,2057,2057,2058,2058
2069,2078,2084,2044,2072,2069,2072,2069
2074,2077,2085,2047,2089,2089,2050,2075
2065,2073,2080,2042,2086,2117,2058,2087
2071,2070,2071,2039,2086,2106,2062,2093
2064,2070,2073,2045,2070,2077,2041,2096
2061,2066,2064,2048,2081,2070,2048,2097
2058,2064,2066,2052,2110,2060,2049,2102
2055,2066,2067,2046,2098,2052,2049,2103
2052,2061,2057,2051,2103,2053,2041,2107
2045,2053,2061,2050,2082,2048,2058,2105
2052,2066,2062,2052,2062,2042,2052,2108
2057,2055,2066,2059,2070,2026,2062,2094
2053,2042,2055,2047,2058,2007,2041,2081
2045,2029,2033,2007,1968,1973,2025,2065
2045,2033,2038,1998,1966,2016,2029,2067
2058,2043,2042,2020,2003,2061,2035,2070
2070,2046,2051,2028,2011,2070,2053,2055
2064,2041,2042,2019,2014,2078,2042,2038
2062,2045,2046,2031,2025,2078,2042,2030
2056,2052,2045,2028,2003,2057,2019,2030
2053,2048,2046,2028,1997,2047,2040,2026
2047,2032,2042,2022,1971,2037,2044,2014
2049,2036,2040,2012,1956,2051,2038,2008
2042,2033,2035,2007,1946,2049,2016,1996
2027,2021,2031,2002,1951,2052,2010,1994
2022,2028,2033,2010,1959,2050,2024,2000
2030,2034,2035,2026,1992,2036,2025,2011
2046,2045,2050,2051,2082,2037,2041,2038
2057,2053,2059,2073,2117,2048,2054,2052
2059,2053,2060,2074,2130,2056,2068,2049
2057,2056,2056,2068,2145,2062,2057,2033
2049,2044,2050,2054,2132,2073,2055,2039
2049,2044,2046,2043,2106,2076,2059,2047
2046,2049,2049,2042,2078,2053,2056,2057
2043,2052,2050,2044,2076,2045,2055,2065
2047,2036,2050,2050,2088,2051,2068,2068
2045,2040,2049,2056,2151,2049,2058,2077
2048,2045,2052,2068,2204,2045,2039,2082
2053,2054,2055,2074,2222,2043,2025,2093
2052,2052,2052,2054,2145,2038,2023,2081
2044,2040,2035,2042,2113,2040,2021,2081
2039,2033,2039,2047,2127,2038,2019,2082
2046,2041,2048,2061,2135,2041,2038,2072
2040,2041,2049,2046,2090,2050,2038,2067
2041,2037,2047,2030,2010,2043,2032,2051
2044,2043,2050,2013,1900,2030,2034,2051
2043,2042,2049,2006,1915,2038,2024,2041
2054,2048,2047,2021,1972,2076,2030,2035
2048,2045,2051,2025,1996,2084,2038,2022
2049,2040,2048,2031,2032,2086,2042,2026
2049,2046,2049,2033,2040,2083,2041,2025
2047,2047,2055,2030,2026,2073,2039,2018
2036,2045,2052,2034,2016,2061,2043,2013
2035,2038,2048,2027,2008,2050,2041,2011
2031,2033,2042,2022,2005,2025,2027,1995
2023,2021,2024,2013,2015,2011,2027,1993
2025,2019,2027,2022,2046,2011,2031,2001
2029,2032,2043,2041,2060,2012,2047,2012
2044,2050,2058,2047,2068,2015,2052,2020
2054,2060,2063,2055,2080,2025,2034,2028
2059,2053,2064,2065,2107,2049,2034,2028
2056,2054,2065,2061,2119,2071,2052,2037
2054,2052,2057,2059,2115,2082,2059,2045
2056,2055,2057,2058,2098,2077,2049,2047
2049,2051,2052,2049,2082,2083,2051,2053
2057,2043,2054,2054,2089,2091,2054,2066
2045,2043,2055,2059,2118,2093,2038,2069
2053,2042,2057,2050,2109,2093,2044,2080
2049,2042,2056,2052,2072,2068,2046,2079
2044,2047,2051,2033,2034,2055,2043,2086
2041,2044,2043,2026,2005,2057,2048,2088
2044,2040,2047,2026,2009,2048,2035,2093
2035,2030,2043,2019,2025,2042,2038,2092
2038,2037,2048,2014,2035,2027,2042,2086
2041,2037,2041,2008,2056,2007,2035,2075
2047,2037,2039,2018,2093,2014,2048,2080
2050,2040,2044,2022,2026,2010,2055,2078
2056,2045,2042,2023,2012,2013,2048,2070
2061,2049,2048,2025,2005,2012,2044,2050
2052,2044,2041,1997,1915,1994,2037,2035
2049,2041,2042,2001,1923,2008,2053,2033
2047,2043,2045,2024,1995,2020,2046,2029
2052,2043,2042,2031,1966,1998,2040,2024
2052,2034,2038,2016,1948,1988,2034,2009
2039,2021,2030,2011,1939,2001,2017,1999
2040,2022,2033,2021,1976,2034,2034,2000
2042,2031,2036,2040,2025,2059,2046,2001
2035,2026,2034,2040,2039,2053,2041,2002
2033,2028,2036,2037,2055,2057,2045,1998
2035,2031,2038,2035,2053,2048,2044,2002
2043,2043,2046,2034,2057,2063,2054,2008
2051,2049,2054,2040,2050,2084,2056,2029
2054,2048,2053,2048,2084,2092,2058,2035
2056,2054,2058,2055,2108,2102,2053,2042
2061,2055,2056,2058,2122,2101,2062,2044
2065,2047,2055,2059,2121,2091,2060,2053
2058,2051,2057,2057,2093,2082,2050,2057
2059,2052,2051,2056,2104,2082,2053,2064
2055,2051,2047,2054,2132,2096,2048,2065
2053,2047,2038,2038,2068,2073,2038,2080
2052,2042,2033,2028,2015,2065,2048,2090
2068,2042,2037,2038,2058,2081,2043,2096
2070,2049,2042,2059,2099,2094,2051,2093
2055,2043,2047,2053,2098,2075,2038,2074
2044,2037,2040,2038,2041,2029,2007,2078
2038,2037,2034,2006,1908,2000,1994,2067
2036,2034,2030,1986,1846,2003,1979,2047
2032,2034,2035,1993,1878,2033,1987,2035
2026,2036,2033,2019,1964,2044,2004,2031
2029,2046,2047,2053,2072,2054,2020,2040
2038,2049,2059,2084,2126,2065,2039,2041
2049,2039,2055,2077,2131,2086,2042,2040
2045,2047,2047,2076,2160,2121,2038,2036
2041,2047,2050,2064,2156,2124,2055,2032
2043,2045,2048,2063,2151,2096,2040,2038
2048,2050,2057,2071,2184,2097,2057,2031
2050,2052,2057,2068,2199,2100,2050,2024
2042,2054,2050,2049,2134,2058,2024,2014
2041,2049,2046,2016,2003,2002,2006,2004
2034,2032,2033,2010,1927,1976,2002,2001
2034,2037,2035,2017,1843,1967,2007,1999
2042,2049,2042,2027,1849,1959,2026,1998
2045,2049,2043,2040,1943,1965,2029,2016
2047,2048,2047,2055,2012,2002,2033,2020
2050,2049,2050,2074,2075,2037,2048,2030
2053,2043,2048,2076,2114,2037,2050,2027
2055,2046,2049,2076,2133,2040,2056,2038
2050,2057,2049,2072,2119,2031,2047,2037
2052,2053,2052,2070,2113,2048,2065,2045
2053,2049,2051,2063,2098,2051,2041,2061
2053,2051,2053,2061,2077,2055,2042,2062
2044,2054,2050,2051,2081,2056,2031,2062
2037,2050,2047,2043,2083,2050,2033,2068
2043,2050,2041,2033,2037,2042,2038,2080
2041,2044,2036,2012,1940,2030,2030,2077
2042,2031,2026,2007,1973,2014,2034,2065
2035,2029,2021,2006,1995,1998,2014,2078
2038,2042,2034,2014,1973,1987,2019,2073
2041,2052,2045,2037,2003,1998,2035,2077
2053,2051,2050,2048,2029,2021,2023,2076
2056,2048,2045,2052,2024,2021,2021,2068
2054,2048,2054,2049,2033,2021,2007,2067
2056,2056,2050,2040,2041,2010,2018,2052
2053,2051,2045,2040,2043,2003,2031,2050
2056,2050,2048,2039,2050,1999,2035,2037
2055,2042,2050,2044,2089,2010,2021,2025
2050,2043,2036,2032,2062,2015,2034,2014
2044,2032,2031,2009,1966,2003,2034,2000
2034,2013,2019,1991,1999,2017,2025,1991
2022,2013,2018,2004,2028,2055,2035,1999
2016,2017,2035,2042,2105,2131,2061,1998
2021,2017,2039,2054,2110,2131,2071,1994
2031,2025,2045,2047,2076,2105,2066,1994
2044,2037,2049,2044,2072,2076,2050,1997
2045,2037,2046,2041,2078,2068,2054,2007
2042,2036,2035,2041,2104,2067,2058,2012
2049,2038,2038,2044,2106,2070,2077,2026
2059,2050,2041,2045,2077,2067,2080,2030
2056,2046,2046,2051,2068,2053,2064,2035
2060,2054,2050,2043,2039,2039,2061,2034
2046,2047,2040,2044,1991,2025,2050,2042
2041,2037,2037,2030,1936,2017,2028,2046
2043,2029,2030,2023,1898,2005,2049,2051
2039,2026,2022,2024,1958,2004,2058,2062
2046,2026,2022,2021,2007,2017,2064,2083
2045,2031,2027,2031,2048,2046,2065,2093
2058,2037,2033,2032,2072,2055,2071,2088
2046,2025,2036,2035,2105,2059,2081,2087
2048,2036,2039,2039,2103,2056,2089,2092
2044,2032,2033,2029,2101,2039,2053,2063
2026,2017,2020,2012,2102,2041,2048,2047
2022,2020,2025,2019,2054,2051,2061,2052
2036,2030,2028,2025,2053,2048,2057,2046
2042,2035,2032,2034,2071,2050,2056,2034
2040,2038,2036,2044,2074,2063,2050,2016
2039,2039,2048,2048,2057,2064,2032,2000
2045,2052,2058,2038,2026,2081,2028,1982
2028,2036,2050,2035,1993,2085,2017,1976
2027,2040,2054,2052,2014,2053,2016,1983
2032,2051,2068,2060,2059,2026,2039,1997
2041,2058,2067,2067,2062,2035,2042,2004
2051,2056,2063,2051,2053,2049,2056,2006
2056,2065,2066,2050,2037,2042,2034,1994
2053,2051,2050,2037,2018,2029,2037,1994
2048,2048,2053,2035,2024,2026,2049,2002
2055,2045,2059,2039,2029,2013,2037,1987
2053,2042,2051,2037,2060,2015,2033,1994
2052,2053,2060,2056,2108,2037,2052,2011
2063,2055,2058,2057,2087,2055,2046,2015
2062,2056,2057,2052,2068,2058,2051,2026
2062,2047,2055,2050,2066,2075,2048,2035
2074,2043,2054,2053,2102,2085,2058,2045
2070,2042,2056,2059,2139,2087,2064,2044
2075,2045,2049,2065,2146,2085,2048,2036
2064,2046,2062,2070,2140,2093,2070,2033
2051,2041,2059,2078,2155,2069,2052,2045
2048,2032,2049,2063,2137,2049,2035,2046
2041,2027,2038,2048,2142,2034,2037,2047
2040,2025,2040,2053,2171,2032,2018,2046
2036,2017,2037,2046,2126,2051,2027,2056
2025,2016,2036,2019,1923,2038,2038,2070
2033,2028,2042,2025,1934,2041,2041,2071
2037,2032,2040,2028,1962,2052,2019,2061
2038,2035,2042,2017,1990,2047,2034,2041
2037,2034,2029,2027,2074,2025,2046,2039
2041,2039,2043,2054,2132,2045,2050,2044
2044,2053,2056,2075,2220,2080,2053,2029
2033,2050,2056,2084,2243,2105,2074,2017
2021,2047,2043,2030,2066,2094,2066,2002
2016,2036,2027,2003,1924,2067,2058,1996
2026,2036,2027,2011,1929,2069,2060,1983
2027,2034,2026,2034,2026,2053,2051,1982
2027,2039,2028,2056,2129,2062,2042,1986
2034,2039,2037,2071,2150,2069,2056,1986
2034,2035,2045,2065,2111,2067,2036,1973
2029,2021,2022,2040,2021,2056,2034,1979
2024,2008,2020,2037,2070,2075,2038,1992
2033,2027,2026,2031,2080,2070,2041,2000
2041,2027,2028,2026,2000,2040,2038,2004
2041,2054,2052,2041,2005,2029,2030,2003
2050,2060,2057,2045,2006,2023,2052,2011
2061,2055,2046,2038,1981,2008,2049,2017
2053,2045,2045,2034,1983,2014,2048,2017
2056,2043,2050,2039,1988,2018,2037,2018
2051,2039,2040,2035,2002,2025,2035,2032
2052,2046,2041,2041,2006,2031,2029,2040
2039,2037,2040,2049,2012,2040,2046,2052
2033,2046,2049,2058,2033,2056,2051,2061
2030,2044,2055,2061,2024,2074,2039,2064
2025,2044,2058,2056,2004,2064,2054,2066
2021,2040,2050,2050,1988,2049,2034,2061
2024,2032,2043,2042,1987,2043,2028,2062
2034,2027,2039,2028,1987,2043,2019,2070
2033,2035,2044,2018,2015,2060,2031,2066
2032,2034,2046,2035,2053,2094,2049,2072
2041,2044,2056,2048,2068,2103,2049,2058
2045,2055,2068,2055,2078,2077,2038,2056
2053,2067,2075,2062,2097,2028,2032,2052
2049,2068,2076,2066,2097,2029,2036,2043
2053,2068,2074,2074,2123,2064,2047,2034
2047,2057,2064,2071,2132,2080,2034,2031
2048,2052,2054,2057,2094,2069,2030,2025
2036,2040,2040,2054,2054,2064,2031,2015
2041,2027,2029,2054,2102,2078,2013,2008
2034,2036,2037,2054,2139,2098,2034,1998
2036,2043,2041,2030,2044,2058,2038,1996
2039,2042,2034,1991,1900,2037,2028,2004
2041,2027,2019,1972,1850,2028,2037,1988
2032,2024,2032,1994,1921,2051,2026,1988
2035,2042,2051,2018,1995,2074,2025,1989
2037,2034,2044,2028,2026,2083,2039,1993
2042,2032,2043,2032,2041,2076,2042,1988
2034,2031,2041,2043,2092,2064,2028,1989
2031,2031,2043,2050,2141,2072,2018,1999
2028,2039,2053,2062,2197,2081,2037,2006
2038,2033,2056,2050,2152,2046,2027,2018
2033,2040,2059,2059,2059,2013,2034,2030
2034,2046,2059,2072,2066,2009,2021,2020
2021,2046,2061,2069,2061,2016,2026,2014
1996,2043,2049,2056,2042,2024,2033,2039
2005,2042,2048,2048,2045,2024,2031,2070
2028,2032,2036,2048,2085,2032,2054,2091
2042,2034,2036,2064,2114,2042,2054,2092
2053,2032,2042,2052,2095,2019,2022,2091
2046,2017,2028,2029,2067,1996,2011,2082
2045,2033,2027,2031,2057,2006,2025,2077
2042,2024,2029,2032,2035,2013,2020,2053
2028,2023,2035,2029,2056,2033,2024,2040
2032,2054,2053,2046,2077,2051,2052,2057
2060,2074,2075,2055,2070,2059,2051,2062
2062,2068,2067,2047,2051,2048,2052,2054
2049,2066,2061,2046,2023,2015,2046,2032
2045,2062,2057,2029,1986,1996,2046,2020
2041,2060,2051,2020,1958,1995,2010,2008
2034,2057,2049,2033,2031,2030,2040,2010
2037,2040,2045,2047,2083,2041,2051,2008
2040,2030,2038,2044,2079,2044,2050,2012
2045,2019,2026,2037,2085,2034,2034,2005
2031,1992,2012,2021,2088,2048,1997,1994
2025,1992,2004,2017,2099,2071,1997,1995
2029,2010,2019,2037,2104,2095,2022,1988
2028,2026,2044,2058,2103,2100,2036,1988
2042,2037,2054,2054,2099,2094,2044,2003
2072,2026,2050,2056,2105,2089,2063,2017
2053,2008,2032,2058,2125,2065,2072,2008
2038,2017,2037,2068,2145,2056,2045,1989
2025,2015,2035,2054,2159,2052,2016,1993
2016,2015,2027,2048,2157,2047,2029,2004
2010,2023,2039,2055,2149,2049,2038,2011
2006,2034,2054,2068,2165,2066,2041,2024
2017,2060,2071,2065,2115,2077,2066,2045
2038,2069,2071,2045,1979,2075,2063,2063
2035,2065,2057,2042,1943,2074,2059,2077
2045,2061,2055,2049,2038,2086,2064,2082
2040,2037,2040,2049,2090,2077,2058,2092
2035,2014,2020,2030,2030,2036,2031,2081
2031,2022,2037,2041,2002,2013,2021,2088
2057,2038,2053,2047,2004,2021,2057,2095
2068,2037,2050,2069,2076,2066,2065,2096
2067,2050,2054,2089,2123,2080,2065,2093
2064,2042,2047,2080,2091,2053,2063,2081
2064,2041,2043,2066,2077,2034,2033,2045
2055,2051,2045,2075,2098,2037,2043,2038
2069,2048,2055,2086,2149,2040,2062,2035
2075,2044,2060,2081,2117,2060,2076,2046
2068,2046,2047,2054,2073,2052,2088,2061
2074,2042,2036,2035,1993,2030,2077,2066
2084,2034,2029,2000,1848,2000,2040,2040
2076,2040,2037,2002,1919,2016,2005,1989
2059,2052,2045,2029,1998,2057,2014,1954
2012,2038,2050,2043,2016,2058,2026,1968
2008,2014,2046,2041,2005,2060,2040,1997
2023,2026,2053,2050,2030,2048,2035,2015
2030,2034,2047,2048,2058,2009,2053,2031
2026,2032,2029,2029,2034,2005,2059,2039
2060,2037,2049,2041,2090,2040,2066,2032
2066,2064,2071,2066,2087,2064,2085,2012
2047,2046,2064,2057,2017,2063,2054,2013
2038,2029,2055,2049,1989,2042,2035,2008
2027,2025,2038,2024,1951,2027,2007,1998
2001,2013,2029,2036,1998,2040,2021,2005
2008,2015,2033,2048,2038,2084,2017,2000
2009,2029,2043,2051,2024,2112,2014,2027
2021,2044,2043,2054,2031,2105,2029,2069
2043,2054,2057,2053,2085,2097,2062,2078
2056,2065,2062,2057,2128,2121,2074,2090
2058,2072,2072,2057,2123,2142,2098,2108
2070,2042,2038,2018,2040,2122,2054,2118
2083,2015,2003,1986,1976,2088,2034,2100
2098,2024,2012,1982,1922,2067,2008,2081
2092,2035,2016,1990,1892,2037,2011,2056
2075,2044,2033,1991,1887,1978,2023,2030
2045,2026,2040,2024,1952,1985,2044,2054
2066,2037,2059,2046,1933,2003,2055,2072
2047,2033,2049,2043,1957,2036,2058,2053
1995,2030,2041,2063,2025,2057,2050,2051
2003,2046,2046,2093,2135,2089,2066,2044
2035,2066,2055,2103,2183,2102,2071,2033
2061,2076,2066,2082,2122,2073,2079,2021
2074,2076,2060,2078,2144,2066,2071,2010
2051,2038,2048,2084,2291,2085,2050,2008
2044,2010,2041,2078,2347,2103,2068,2022
2042,2008,2046,2089,2423,2132,2097,2035
2060,2021,2043,2089,2332,2104,2072,2029
2057,1995,2027,2072,2185,2064,2062,2019
2052,1998,2052,2105,2247,2068,2079,2028
2094,2022,2073,2098,2231,2062,2055,1999
2059,2002,2054,2043,1995,2021,2017,1969
2025,1983,2040,2021,1851,2019,2034,1991
2022,2007,2051,2080,1985,2048,2047,2008
2019,2016,2057,2095,2052,2058,2048,2030
2029,2025,2059,2108,2129,2075,2085,2077
2068,2024,2043,2056,2019,2067,2089,2097
2077,2007,2022,1988,1829,2024,2048,2084
2064,2031,2032,1979,1804,2000,2046,2058
2048,2042,2052,2039,1935,2027,2032,2053
2065,2051,2073,2077,2066,2056,2044,2052
2055,2052,2077,2105,2151,2094,2061,2059
2046,2063,2094,2111,2187,2111,2083,2088
2050,2068,2079,2095,2184,2069,2053,2073
2020,2036,2062,2067,2150,2041,2049,2074
1993,2054,2065,2076,2181,2051,2064,2074
2016,2068,2057,2053,2088,2037,2042,2094
2043,2084,2048,2029,1920,2014,2051,2093
2044,2085,2039,2034,1879,2002,2018,2077
2047,2080,2046,2048,1888,2006,2016,2040
2032,2068,2050,2024,1812,2008,2044,2021
2028,2061,2054,2035,1876,2016,2047,2018
2019,2041,2036,2024,1911,2021,2038,2009
2014,2037,2024,2022,1938,2041,2036,2018
2027,2035,2024,2042,1984,2074,2053,2029
2055,2039,2033,2049,2002,2083,2062,2040
2067,2055,2042,2031,1958,2073,2074,2019
2045,2050,2037,2026,1964,2076,2069,2016
2066,2075,2057,2032,1975,2066,2071,2035
2087,2086,2059,2015,2001,2010,2027,1992
2055,2069,2035,2012,2093,2007,2017,1962
2010,2042,2031,2058,2184,2048,2048,1982
2027,2061,2052,2108,2235,2091,2043,1982
2029,2052,2053,2105,2217,2099,2048,1985
2026,2055,2047,2091,2178,2079,2063,1990
2028,2050,2046,2082,2150,2078,2056,2008
2015,2037,2053,2077,2139,2071,2037,2022
2017,2042,2069,2092,2241,2100,2039,2033
2035,2041,2069,2102,2279,2126,2047,2022
2050,2050,2087,2111,2259,2128,2052,2032
2063,2063,2095,2104,2230,2128,2063,2040
2062,2062,2089,2104,2215,2116,2066,2058
2061,2056,2076,2105,2216,2084,2068,2056
2014,2033,2065,2105,2161,2011,2018,2049
1990,2031,2056,2094,2087,1945,1993,2042
1978,2036,2055,2090,2026,1964,1998,2039
2001,2027,2037,2076,1995,2003,2021,2070
2046,2023,2021,2050,1948,2033,2062,2103
2073,2027,2030,2041,1949,2041,2070,2106
2058,2029,2040,2070,2006,2062,2072,2113
2052,2043,2033,2075,2006,2069,2057,2120
2054,2058,2019,2067,1974,2062,2058,2114
2064,2077,2024,2086,2038,2071,2044,2082
2069,2085,2032,2102,2145,2078,2034,2046
2074,2083,2034,2108,2219,2106,2063,2060
2099,2074,2027,2101,2309,2114,2088,2044
2077,2062,2018,2056,2082,2081,2067,2031
2056,2045,1992,2005,2009,2049,2055,2006
2014,2019,1961,1988,2149,2042,2017,1981
1983,2017,1991,2030,2280,2069,2016,1957
1965,2042,2022,2093,2239,2080,2034,1973
1996,2065,2044,2101,2063,2056,2039,2009
2026,2072,2034,2072,1885,2014,2046,2024
2055,2073,2035,2070,1970,2020,2053,2047
2089,2081,2043,2064,2027,2017,2053,2049
2093,2065,2027,2034,2017,2000,2034,2023
2062,2039,2014,1981,1903,1978,2030,2005
2041,2021,2014,1940,1771,1976,2024,1996
2022,2013,2030,1948,1828,2013,2036,2005
2031,2013,2067,1978,1833,2032,2036,2024
2026,2031,2092,1992,1874,2045,2053,2030
2018,2059,2117,2016,1983,2076,2041,2048
2027,2078,2129,2041,2078,2096,2034,2043
2017,2072,2117,2038,2099,2087,2035,2059
2029,2059,2084,2042,2156,2065,2018,2088
2042,2047,2056,2049,2147,2057,2051,2105
2047,2046,2043,2051,2110,2029,2048,2112
2034,2038,2028,2032,2073,2019,2022,2088
2014,2023,2016,2011,2022,2016,2030,2064
2015,2027,2026,2026,2031,2038,2068,2092
2034,2043,2040,2069,2093,2076,2067,2073
2025,2048,2054,2083,2095,2061,2068,2061
2004,2046,2046,2065,2005,2027,2053,2056
2005,2038,2034,2051,1952,2010,2044,2060
2012,2046,2037,2049,1956,1992,2049,2060
2024,2056,2031,2037,1999,2006,2059,2061
2041,2054,2031,2068,2101,2050,2089,2068
2058,2071,2037,2106,2171,2087,2094,2064
2055,2060,2030,2103,2150,2088,2083,2044
2040,2053,2050,2103,2107,2085,2072,2024
2046,2054,2060,2091,2080,2069,2052,2018
2037,2050,2070,2078,2068,2068,2063,2007
2024,2057,2085,2073,2076,2073,2045,1997
2018,2040,2073,2054,2070,2066,2054,1997
2010,2042,2091,2048,2069,2072,2056,2010
2031,2070,2120,2065,2066,2079,2060,2024
2044,2084,2124,2068,2047,2059,2053,2023
2047,2075,2116,2067,2062,2042,2046,2028
2048,2080,2117,2090,2127,2061,2044,2027
2042,2076,2106,2086,2130,2019,2034,2027
2036,2065,2083,2085,2157,1982,2038,2021
2013,2057,2068,2081,2147,1994,2043,2014
2003,2055,2057,2076,2174,2022,2042,2032
2018,2054,2045,2067,2169,2046,2056,2045
2028,2049,2041,2061,2146,2060,2072,2069
2036,2060,2059,2063,2161,2078,2064,2102
2060,2078,2064,2076,2166,2073,2081,2111
2066,2080,2065,2016,1907,2054,2082,2113
2073,2072,2048,1995,1906,2050,2072,2106
2070,2043,2032,1983,1931,2048,2049,2082
2037,1997,2001,1982,1944,2078,2049,2068
2027,2010,2020,2048,2049,2137,2076,2089
2067,2061,2077,2111,2114,2110,2074,2104
2092,2074,2069,2071,1975,1980,2069,2112
2080,2069,2052,2063,1934,1959,2066,2104
2055,2071,2048,2121,2090,2002,2081,2074
2002,2082,2056,2158,2217,2045,2052,2064
2022,2095,2047,2173,2302,2093,2059,2056
2033,2086,2045,2161,2248,2088,2049,2040
2048,2073,2025,2101,2058,2050,2049,2019
2036,2057,2003,2063,2018,2033,2039,2005
2019,2053,2005,2058,2055,2038,2037,1990
1995,2050,2018,2061,2092,2035,2045,1988
1989,2050,2024,2066,2111,2026,2046,1993
2002,2050,2022,2065,2104,2034,2032,2008
2027,2062,2026,2062,2071,2016,2025,2014
2033,2062,2040,2050,2031,1995,2026,1997
2021,2065,2067,2057,2028,2009,2049,1997
2033,2074,2093,2079,2039,2019,2044,2000
2029,2086,2094,2079,2046,2016,2041,2001
2035,2077,2083,2062,2040,2009,2044,2008
2027,2071,2078,2055,2054,2014,2042,2017
2025,2069,2068,2069,2104,2033,2053,2011
2027,2069,2068,2068,2090,2056,2055,2023
2028,2067,2069,2068,2080,2080,2078,2048
2039,2073,2073,2080,2085,2088,2093,2068
2051,2071,2065,2067,2075,2062,2071,2078
2040,2059,2048,2066,2074,2012,2057,2084
2039,2065,2054,2078,2105,2005,2057,2100
2042,2070,2055,2082,2119,2033,2061,2093
2043,2063,2050,2070,2092,2045,2049,2084
2028,2050,2033,2060,2066,2050,2048,2074
2023,2034,2015,2049,2048,2051,2051,2081
2012,2033,2005,2044,2060,2068,2051,2092
2028,2044,2015,2054,2067,2073,2065,2096
2028,2055,2021,2074,2081,2074,2058,2084
2031,2055,2028,2077,2079,2061,2068,2072
2021,2038,2025,2082,2081,2058,2069,2051
2018,2038,2024,2072,2075,2048,2056,2044
2027,2047,2028,2067,2068,2034,2035,2028
2033,2049,2017,2052,2060,2009,2048,2017
2022,2036,2009,2038,2054,2005,2044,2014
2024,2038,2025,2043,2059,2010,2026,2021
2036,2051,2044,2046,2057,2012,2033,2020
2038,2054,2047,2051,2059,2014,2075,2013
2056,2069,2060,2067,2067,2023,2067,2015
2058,2071,2048,2072,2063,2004,2039,2004
2025,2056,2035,2074,2069,2001,2039,1989
2010,2039,2039,2066,2057,1996,2026,2005
2036,2029,2039,2064,2056,2013,2060,2034
2049,2046,2053,2076,2068,2026,2064,2035
2042,2063,2062,2078,2069,2022,2059,2040
2034,2077,2055,2082,2068,2012,2072,2051
2042,2069,2045,2078,2076,2015,2054,2056
2046,2061,2047,2083,2072,2025,2044,2035
2024,2064,2059,2091,2073,2049,2046,2029
2016,2066,2052,2082,2069,2049,2046,2021
2017,2064,2036,2070,2072,2057,2050,2045
2048,2068,2031,2068,2075,2061,2065,2046
2025,2059,2026,2065,2081,2076,2048,2054
2018,2060,2020,2060,2078,2086,2062,2069
2029,2066,2032,2064,2079,2087,2051,2079
2036,2059,2026,2063,2065,2057,2049,2086
2033,2067,2025,2057,2054,2034,2025,2088
2030,2060,2026,2055,2042,2014,2026,2075
2020,2062,2026,2067,2055,2030,2024,2075
2031,2073,2045,2085,2061,2044,2043,2079
2039,2072,2048,2090,2066,2060,2042,2079
2040,2074,2058,2100,2075,2059,2044,2072
2040,2081,2077,2113,2075,2072,2039,2073
2039,2075,2073,2103,2075,2062,2031,2053
2024,2065,2054,2091,2059,2058,2066,2036
2023,2058,2051,2083,2055,2047,2063,2033
2035,2061,2064,2094,2062,2053,2067,2022
2033,2069,2083,2109,2082,2060,2066,2022
2034,2070,2095,2121,2118,2061,2072,2028
2043,2072,2097,2126,2127,2058,2064,2029
2049,2068,2097,2118,2126,2061,2046,2028
2050,2069,2104,2124,2120,2056,2065,2031
2057,2078,2105,2125,2118,2044,2074,2029
2056,2071,2089,2110,2108,2036,2056,1998
2046,2071,2073,2084,2034,2012,2028,1978
2038,2058,2050,2049,1911,2008,2028,1981
2053,2048,2049,2066,1993,2037,2046,1982
2055,2059,2064,2088,2046,2044,2055,2003
2050,2076,2083,2109,2065,2032,2036,2021
2042,2084,2086,2104,2066,2009,2038,2026
2018,2078,2064,2086,2052,2005,2028,2034
2026,2076,2044,2066,2042,2010,2010,2033
2026,2063,2033,2046,2045,2011,2041,2032
2026,2071,2044,2046,2047,2025,2062,2049
2029,2071,2044,2044,2050,2041,2064,2055
2035,2065,2037,2039,2057,2051,2053,2072
2040,2065,2027,2041,2072,2057,2039,2074
2032,2066,2027,2043,2072,2053,2056,2085
2039,2058,2030,2041,2066,2057,2045,2079
2028,2055,2023,2048,2065,2052,2035,2083
2023,2050,2024,2050,2068,2052,2047,2076
2024,2053,2002,2049,2063,2049,2035,2072
2019,2040,1989,2069,2062,2045,2048,2063
2029,2052,2040,2110,2074,2056,2059,2053
2035,2064,2060,2131,2087,2052,2065,2043
2028,2061,2055,2130,2077,2049,2030,2040
2038,2061,2043,2125,2072,2045,2046,2042
2043,2056,2020,2128,2070,2043,2052,2045
2050,2051,2008,2123,2061,2043,2045,2032
2051,2063,2005,2120,2069,2058,2050,2028
2052,2067,1998,2125,2079,2064,2041,2015
2038,2052,1983,2119,2077,2050,2022,2002
2037,2042,2003,2126,2078,2041,2044,1998
2035,2061,2023,2119,2080,2030,2034,1995
2045,2062,2028,2103,2066,2023,2012,2000
2034,2031,2017,2077,2047,2014,2012,2010
2036,2011,2007,2041,2038,2017,2004,2009
2034,2031,2030,2032,2031,2017,2010,2014
2031,2040,2056,2017,2015,2012,2029,2015
2062,2088,2120,2024,2022,2034,2046,2016
2074,2135,2157,2032,2033,2042,2041,2012
2059,2122,2145,2028,2037,2040,2036,2025
2053,2106,2117,2025,2055,2048,2051,2038
2055,2102,2098,2042,2059,2055,2073,2054
2052,2096,2082,2056,2062,2052,2080,2071
2047,2083,2045,2051,2058,2038,2062,2070
2033,2066,2054,2057,2067,2045,2060,2055
2056,2087,2088,2069,2077,2052,2054,2059
2056,2095,2095,2076,2077,2047,2053,2080
2061,2091,2096,2076,2065,2037,2041,2089
2053,2088,2089,2068,2058,2042,2047,2081
2046,2068,2072,2062,2044,2040,2042,2088
2031,2066,2066,2066,2044,2048,2060,2101
2051,2097,2073,2089,2056,2059,2052,2108
2061,2096,2063,2101,2055,2055,2038,2106
2062,2086,2040,2095,2041,2043,2034,2093
2064,2075,2023,2080,2036,2032,2036,2074
2061,2065,2007,2068,2036,2034,2050,2063
2047,2051,2000,2068,2053,2040,2040,2036
2040,2050,2005,2068,2064,2039,2038,2014
2034,2039,2003,2061,2060,2034,2030,2022
2037,2039,2003,2066,2064,2033,2019,2030
2034,2031,1999,2058,2049,2022,2011,2031
2033,2034,2006,2049,2047,2028,2015,2030
2050,2056,2031,2055,2050,2034,2006,2027
2060,2076,2064,2060,2053,2034,2023,2038
2074,2077,2067,2052,2046,2027,2023,2022
2051,2045,2052,2035,2035,2024,2001,1991
2029,2040,2053,2031,2042,2027,2021,2006
2054,2069,2080,2054,2058,2036,2035,2017
2055,2089,2077,2055,2052,2032,2046,2023
2058,2099,2084,2062,2057,2040,2040,2031
2064,2104,2098,2082,2068,2047,2049,2040
2065,2113,2109,2091,2067,2056,2026,2055
2048,2097,2095,2093,2073,2048,2056,2056
2044,2081,2084,2087,2074,2037,2044,2045
2031,2068,2070,2089,2083,2046,2027,2040
2039,2077,2078,2093,2089,2050,2030,2046
2037,2076,2068,2092,2072,2058,2038,2063
2057,2082,2061,2084,2075,2067,2041,2077
2058,2075,2037,2071,2062,2054,2028,2069
2048,2062,2014,2064,2059,2045,2018,2070
2037,2051,1995,2056,2057,2033,2012,2084
2021,2042,1998,2056,2057,2008,2022,2087
2003,2043,2011,2059,2053,2014,2022,2098
2032,2064,2035,2066,2056,2022,2046,2099
2047,2068,2038,2068,2054,2032,2051,2095
2055,2070,2035,2063,2053,2035,2045,2083
2059,2064,2022,2048,2039,2030,2016,2070
2042,2064,2024,2054,2047,2037,2033,2064
2044,2079,2046,2063,2060,2041,2049,2070
2066,2093,2039,2062,2052,2035,2038,2060
2072,2085,2022,2053,2040,2025,2024,2050
2067,2075,2025,2058,2045,2026,2034,2029
2054,2074,2047,2073,2063,2031,2043,2014
2038,2069,2062,2088,2070,2045,2070,2018
2038,2073,2057,2089,2060,2043,2061,2022
2032,2060,2040,2070,2046,2033,2031,2022
2038,2058,2046,2058,2050,2016,2053,2021
2034,2060,2058,2051,2031,2021,2044,2009
2038,2071,2084,2043,2030,2026,2041,2016
2051,2086,2107,2053,2038,2035,2046,2028
2054,2088,2124,2062,2038,2038,2073,2025
2061,2094,2134,2072,2046,2040,2060,2035
2067,2094,2124,2076,2043,2042,2056,2038
2062,2092,2110,2065,2038,2039,2040,2035
2035,2078,2092,2065,2054,2042,2052,2038
2035,2080,2089,2077,2082,2054,2063,2057
2051,2093,2088,2080,2089,2058,2069,2060
2060,2080,2087,2079,2082,2054,2043,2065
2054,2060,2065,2071,2067,2039,2055,2074
2059,2060,2058,2060,2062,2029,2050,2075
2061,2068,2057,2067,2080,2024,2056,2090
2066,2070,2053,2068,2096,2029,2075,2106
2066,2069,2046,2085,2126,2026,2076,2103
2046,2046,2042,2098,2122,2021,2052,2087
2032,2033,2042,2101,2107,2031,2065,2078
2035,2047,2052,2112,2096,2051,2078,2095
2055,2052,2080,2119,2070,2044,2074,2101
2060,2056,2084,2118,2050,2028,2075,2085
2039,2054,2064,2109,2036,2039,2060,2073
2039,2051,2043,2109,2034,2052,2053,2068
2050,2044,2016,2095,2028,2058,2047,2054
2068,2043,2019,2076,2022,2065,2036,2048
2050,2024,2002,2071,2024,2077,2037,2046
2037,2022,1991,2067,2026,2078,2045,2040
2019,2034,2004,2069,2028,2077,2043,2042
2038,2048,2003,2067,2040,2062,2024,2046
2049,2064,2004,2059,2030,2044,2013,2036
2045,2067,1998,2055,2030,2036,2035,2034
2038,2075,2010,2048,2033,2028,2036,2019
2031,2074,2025,2032,2010,2000,2023,2012
2019,2061,2038,2019,2003,1994,2024,2017
2041,2076,2058,2018,2024,2011,2024,2026
2040,2081,2080,2028,2056,2031,2027,2026
2055,2096,2102,2042,2070,2047,2050,2038
2065,2103,2107,2043,2075,2068,2058,2042
2076,2099,2108,2050,2064,2067,2059,2046
2072,2104,2110,2050,2013,2061,2057,2058
2068,2097,2110,2058,2001,2061,2065,2073
2070,2091,2093,2051,1997,2053,2064,2073
2061,2083,2077,2044,1997,2057,2056,2077
2062,2074,2065,2043,1995,2062,2050,2077
2058,2070,2060,2036,1996,2063,2061,2079
2057,2066,2056,2039,2013,2061,2036,2082
2046,2058,2050,2028,2041,2051,2040,2085
2045,2057,2036,2036,2117,2058,2036,2085
2047,2052,2016,2040,2120,2061,2020,2090
2039,2041,2005,2041,2088,2044,2034,2090
2038,2046,2005,2040,2061,2028,2029,2098
2045,2051,2000,2033,2048,2026,2059,2097
2053,2047,1994,2039,2061,2022,2039,2087
2049,2057,2004,2054,2086,2012,2022,2078
2049,2051,2012,2061,2081,2011,2029,2073
2045,2044,2014,2060,2049,2010,2031,2068
2048,2054,2020,2063,2045,2020,2023,2055
2053,2057,2025,2064,2064,2052,2018,2048
2052,2068,2044,2058,2065,2057,2020,2033
2059,2074,2049,2057,2058,2054,2040,2032
2053,2059,2054,2046,2063,2049,2033,2026
2055,2058,2054,2047,2065,2033,2029,2026
2056,2064,2059,2061,2077,2017,2052,2029
2055,2063,2064,2070,2093,2011,2059,2035
2056,2063,2082,2073,2036,2011,2043,2026
2047,2046,2073,2056,1997,2020,2050,2019
2039,2050,2066,2055,2047,2045,2048,2018
2044,2064,2069,2066,2074,2051,2040,2019
2050,2059,2057,2068,2093,2048,2054,2030
2056,2046,2033,2063,2099,2050,2034,2036
2055,2046,2053,2078,2092,2052,2037,2041
2060,2059,2073,2085,2043,2054,2057,2047
2052,2049,2054,2076,2008,2049,2060,2054
2056,2045,2037,2070,2044,2055,2074,2057
2055,2046,2016,2071,2048,2049,2059,2058
2046,2041,2000,2060,2021,2043,2046,2072
2047,2027,1975,2047,2018,2045,2052,2080
2039,2013,1971,2028,2017,2051,2036,2088
2053,2022,1981,2029,2033,2058,2027,2094
2062,2043,2006,2044,2069,2073,2061,2106
2081,2078,2050,2071,2114,2075,2050,2116
2064,2080,2063,2065,2098,2061,2048,2105
2044,2056,2056,2039,2064,2055,2027,2096
2040,2051,2058,2026,2043,2043,2047,2092
2045,2050,2061,2022,2040,2049,2068,2103
2053,2047,2059,2003,2037,2049,2047,2100
2054,2051,2077,2010,2044,2067,2048,2091
2068,2089,2086,2033,2054,2071,2063,2083
2072,2077,2089,2044,2057,2079,2041,2079
2062,2064,2069,2041,2048,2049,2059,2069
2057,2064,2053,2033,2037,2018,2057,2058
2074,2077,2054,2028,2037,2019,2045,2059
2079,2080,2049,2030,2047,2026,2056,2060
2081,2070,2037,2028,2051,2029,2055,2055
2073,2063,2032,2029,2058,2040,2061,2036
2061,2061,2048,2034,2062,2061,2050,2022
2057,2062,2072,2042,2072,2079,2035,2012
2051,2055,2078,2049,2084,2087,2027,2015
2047,2047,2072,2058,2079,2091,2020,2016
2067,2061,2072,2070,2086,2092,2030,2026
2073,2061,2051,2073,2080,2041,2038,2039
2076,2054,2031,2058,1991,1986,2042,2035
2067,2054,2014,2059,1976,2000,2042,2033
2051,2041,1999,2065,2024,2027,2050,2024
2044,2029,1983,2054,2047,2037,2036,2027
2042,2036,1983,2060,2074,2057,2031,2037
2051,2043,1990,2056,2075,2073,2045,2060
2064,2057,1985,2039,2047,2065,2050,2073
2077,2059,1982,2027,2014,2047,2043,2082
2069,2050,1974,2034,2006,2031,2052,2092
2062,2043,1981,2030,1998,1998,2053,2107
2068,2051,1996,2028,2013,1995,2052,2108
2065,2053,2010,2044,2045,2024,2053,2107
2065,2049,2026,2051,2028,2037,2056,2108
2053,2034,2017,2041,2025,2034,2063,2107
2058,2040,2022,2038,2049,2028,2064,2110
2053,2048,2036,2044,2095,2041,2057,2099
2053,2054,2070,2052,2142,2044,2054,2095
2057,2076,2108,2047,2145,2028,2053,2089
2058,2091,2122,2048,2112,2007,2036,2077
2065,2086,2119,2030,1983,1977,2048,2064
2060,2087,2114,2040,1964,1978,2036,2060
2070,2092,2104,2039,1992,2003,2032,2053
2070,2079,2088,2031,2003,2016,2033,2047
2060,2068,2068,2030,2017,2024,2030,2034
2059,2059,2050,2031,2031,2039,2040,2029
2053,2039,2030,2029,2042,2070,2026,2032
2063,2047,2024,2028,2042,2111,2050,2051
2094,2065,2026,2041,2052,2098,2037,2047
2089,2069,2018,2043,2050,2075,2034,2039
2075,2055,2004,2032,2040,2056,2037,2032
2078,2048,2007,2025,2035,2052,2050,2029
2063,2053,2028,2029,2041,2051,2048,2021
2048,2047,2038,2039,2044,2053,2055,2031
2030,2049,2036,2037,2055,2055,2045,2026
2029,2061,2053,2042,2054,2060,2047,2051
2046,2072,2059,2038,2039,2043,2040,2054
2057,2070,2071,2037,2034,2040,2024,2069
2070,2080,2090,2044,2031,2034,2027,2073
2082,2095,2127,2056,2027,2043,2027,2076
2080,2096,2128,2059,2035,2050,2038,2084
2081,2099,2132,2069,2048,2056,2038,2096
2083,2103,2135,2065,2052,2059,2036,2107
2086,2095,2136,2048,2034,2053,2050,2108
2072,2087,2123,2047,2028,2054,2036,2110
2068,2085,2108,2052,2029,2050,2045,2108
2065,2067,2088,2053,2020,2044,2040,2111
2051,2055,2081,2054,2025,2046,2036,2109
2049,2055,2081,2071,2037,2052,2054,2104
2061,2059,2078,2069,2034,2059,2048,2114
2069,2051,2078,2058,2034,2055,2048,2108
2067,2047,2062,2056,2025,2051,2034,2093
2062,2044,2052,2050,2027,2055,2037,2086
2062,2038,2052,2052,2022,2054,2024,2071
2061,2038,2041,2054,2024,2057,2045,2059
2054,2033,2038,2052,2031,2056,2035,2058
2064,2038,2029,2061,2030,2062,2061,2067
2077,2056,2026,2060,2028,2054,2055,2054
2069,2053,2016,2059,2025,2048,2035,2033
2051,2041,1999,2040,2023,2039,2028,2019
2044,2041,2005,2040,2020,2044,2030,2013
2047,2058,2011,2035,2030,2052,2043,2025
2051,2059,2018,2030,2029,2054,2060,2036
2051,2055,2015,2027,2021,2049,2048,2044
2051,2047,2003,2011,2013,2045,2050,2040
2061,2056,2009,2015,2010,2037,2054,2027
2054,2064,2026,2030,2016,2048,2057,2019
2054,2062,2047,2044,2028,2056,2074,2038
2054,2063,2064,2055,2043,2056,2080,2050
2062,2077,2086,2060,2041,2055,2073,2057
2064,2090,2083,2062,2040,2062,2088,2064
2058,2081,2066,2053,2032,2056,2068,2069
2063,2070,2053,2052,2027,2060,2068,2075
2062,2061,2051,2049,2036,2051,2056,2073
2052,2050,2040,2048,2029,2054,2050,2081
2054,2058,2076,2064,2028,2056,2060,2094
2053,2058,2085,2060,2029,2050,2056,2096
2050,2048,2061,2056,2030,2048,2039,2099
2034,2039,2065,2062,2041,2047,2049,2094
2035,2029,2063,2075,2048,2047,2036,2092
2037,2035,2073,2083,2057,2067,2041,2093
2056,2057,2089,2094,2065,2086,2038,2091
2067,2068,2086,2085,2036,2080,2041,2072
2059,2054,2062,2068,2030,2063,2030,2053
2055,2052,2036,2062,2028,2046,2039,2064
2059,2055,2028,2060,2029,2040,2040,2058
2049,2050,2024,2060,2023,2048,2045,2045
2043,2042,2011,2053,2016,2047,2029,2042
2030,2023,1998,2040,2010,2044,2050,2036
2028,2031,2000,2032,2011,2043,2044,2033
2032,2050,2015,2026,2025,2047,2065,2037
2048,2069,2031,2008,2026,2052,2060,2039
2054,2075,2039,2001,2020,2047,2069,2030
2057,2062,2036,1985,2015,2042,2055,2031
2058,2062,2042,1981,2015,2052,2072,2039
2068,2082,2078,2002,2035,2062,2064,2045
2076,2092,2088,2009,2030,2057,2056,2047
2068,2084,2071,2006,2027,2057,2067,2046
2075,2083,2059,2015,2045,2055,2074,2048
2074,2077,2055,2028,2058,2045,2062,2053
2068,2070,2056,2044,2054,2039,2056,2046
2068,2058,2047,2046,2047,2036,2071,2051
2074,2059,2043,2044,2040,2046,2077,2063
2069,2056,2058,2054,2041,2051,2070,2061
2070,2054,2069,2064,2045,2055,2066,2056
2054,2053,2074,2067,2049,2065,2063,2056
2055,2055,2067,2079,2060,2064,2068,2072
2061,2062,2065,2080,2074,2073,2062,2077
2067,2058,2053,2086,2073,2078,2079,2094
2054,2051,2039,2081,2058,2072,2073,2090
2051,2047,2024,2073,2049,2061,2070,2092
2045,2046,2024,2073,2040,2045,2052,2100
2047,2042,2018,2064,2035,2049,2045,2099
2042,2038,2008,2049,2041,2059,2047,2103
2042,2033,2002,2036,2041,2069,2067,2104
2055,2049,2021,2036,2039,2070,2044,2101
2059,2050,2031,2022,2026,2060,2057,2099
2056,2049,2027,2007,2024,2049,2061,2090
2051,2040,2007,1971,1999,2041,2057,2082
2057,2045,2004,1957,1983,2039,2065,2074
2058,2056,2028,1964,1996,2048,2060,2062
2064,2071,2056,1981,2012,2057,2072,2059
2060,2068,2048,1989,2020,2061,2086,2054
2065,2055,2023,1988,2015,2056,2073,2054
2061,2041,2013,1993,2012,2053,2062,2047
2056,2049,2011,2009,2016,2050,2061,2042
2060,2054,2020,2014,2024,2058,2059,2050
2058,2053,2025,2020,2020,2061,2070,2045
2070,2067,2026,2029,2021,2061,2069,2038
2072,2065,2029,2027,2012,2051,2057,2028
2051,2046,2026,2015,1997,2032,2048,2031
2048,2035,2019,1998,1982,2035,2051,2033
2058,2041,2038,2014,1992,2038,2039,2036
2061,2056,2068,2029,2018,2047,2072,2035
2061,2064,2079,2042,2043,2055,2075,2039
2068,2071,2080,2054,2040,2056,2081,2045
2077,2089,2083,2068,2034,2058,2072,2050
2081,2101,2086,2068,2031,2060,2073,2054
2076,2084,2094,2060,2024,2056,2071,2058
2067,2072,2102,2046,2027,2063,2078,2070
2063,2067,2092,2035,2032,2060,2060,2080
2060,2060,2080,2023,2044,2058,2063,2084
2063,2051,2071,2010,2038,2061,2074,2083
2065,2048,2068,2004,2037,2058,2064,2094
2055,2062,2075,2018,2035,2062,2062,2108
2062,2074,2088,2035,2032,2062,2066,2123
2064,2067,2078,2028,2009,2057,2046,2109
2060,2062,2068,2028,2009,2048,2051,2111
2067,2064,2069,2033,2013,2047,2042,2104
2062,2064,2052,2033,2000,2040,2048,2098
2065,2052,2045,2030,2000,2043,2042,2092
2055,2054,2041,2036,2010,2048,2060,2087
2062,2055,2043,2041,2013,2053,2050,2083
2065,2063,2043,2041,1993,2048,2051,2072
2064,2063,2042,2042,1977,2052,2046,2065
2060,2064,2047,2049,2000,2051,2056,2064
2058,2059,2049,2049,2014,2046,2045,2054
2061,2056,2045,2046,2027,2049,2053,2049
2059,2050,2030,2044,2011,2045,2034,2050
2049,2046,2028,2040,1998,2045,2037,2034
2053,2045,2042,2046,2011,2052,2042,2037
2054,2047,2054,2055,2038,2062,2050,2039
2049,2041,2040,2042,2024,2047,2031,2023
2034,2029,2017,2029,2042,2045,2056,2020
2036,2016,2008,2031,2052,2059,2049,2018
2040,2041,2035,2057,2055,2071,2050,2022
2045,2046,2038,2069,2092,2070,2073,2027
2054,2047,2049,2066,2124,2073,2062,2026
2056,2055,2060,2064,2117,2073,2058,2037
2057,2054,2061,2056,2122,2071,2058,2046
2058,2056,2057,2038,2111,2064,2060,2057
2059,2060,2062,2036,2070,2052,2070,2068
2060,2065,2077,2040,2052,2043,2066,2069
2062,2070,2096,2054,2026,2039,2062,2075
2061,2068,2110,2056,1984,2039,2066,2083
2066,2073,2117,2049,1887,2026,2070,2089
2061,2069,2090,2042,1886,2030,2065,2098
2064,2061,2084,2043,1943,2038,2083,2101
2060,2058,2071,2050,1951,2026,2060,2104
2060,2047,2047,2042,1967,2018,2046,2108
2056,2045,2025,2043,2019,2028,2051,2106
2051,2042,2014,2046,2059,2051,2063,2108
2055,2044,2009,2054,2054,2060,2083,2101
2052,2047,2012,2051,2050,2072,2066,2082
2046,2049,2011,2039,2053,2076,2052,2076
2052,2050,2016,2026,2033,2077,2053,2063
2057,2053,2018,2004,2013,2078,2065,2058
2059,2047,2005,1996,2016,2076,2057,2053
2053,2045,2001,1989,2021,2059,2066,2051
2054,2052,2021,1996,2024,2039,2072,2054
2064,2052,2037,2006,2043,2050,2088,2051
2060,2042,2036,2008,2045,2055,2062,2046
2059,2042,2042,2008,2037,2054,2076,2038
2069,2051,2058,2015,2028,2054,2066,2030
2070,2034,2067,2021,2016,2051,2046,2033
2056,2023,2043,2023,1998,2033,2017,2023
2034,2007,2019,2031,2021,2033,2011,2022
2037,2007,2004,2039,2038,2041,2008,2027
2048,2021,2007,2057,2063,2043,2032,2020
2054,2027,2014,2078,2074,2042,2056,2020
2053,2028,2037,2083,2092,2050,2047,2031
2052,2037,2049,2089,2092,2049,2040,2039
2052,2039,2042,2079,2073,2049,2035,2037
2047,2039,2041,2088,2105,2063,2054,2055
2059,2052,2054,2100,2142,2069,2044,2060
2062,2067,2060,2103,2173,2081,2071,2072
2067,2067,2060,2102,2170,2079,2071,2069
2055,2063,2054,2080,2125,2075,2057,2071
2052,2061,2040,2062,2073,2069,2042,2082
2054,2057,2036,2059,2073,2059,2043,2089
2051,2061,2044,2063,2097,2054,2047,2083
2042,2052,2030,2044,2102,2056,2043,2085
2047,2047,2030,2013,2019,2024,2032,2093
2038,2037,2035,1982,1878,2012,2031,2110
2048,2054,2070,1989,1888,2032,2056,2117
2061,2080,2109,2013,1981,2052,2056,2114
2072,2084,2108,2020,2014,2052,2063,2112
2079,2081,2099,2020,1998,2050,2064,2098
2065,2078,2091,2021,1964,2040,2058,2086
2055,2065,2077,2006,1952,2039,2039,2064
2039,2047,2049,1991,1912,2043,2054,2062
2059,2056,2043,1998,1920,2050,2078,2068
2064,2051,2044,2002,1916,2032,2072,2060
2077,2056,2056,2010,1937,2026,2064,2044
2073,2064,2060,2010,1939,2019,2066,2034
2065,2052,2065,2010,1964,2034,2058,2039
2065,2068,2073,2035,2018,2063,2067,2052
2058,2065,2062,2029,2001,2069,2068,2047
2059,2048,2031,1996,1985,2066,2044,2030
2057,2031,2011,1989,2019,2078,2040,2025
2062,2026,2016,2015,2074,2100,2039,2044
2071,2018,2010,2034,2092,2112,2068,2057
2078,2013,2006,2024,2068,2102,2030,2032
2066,2009,1998,2025,2111,2071,2031,2041
2073,2036,2032,2063,2187,2064,2052,2042
2049,2055,2045,2069,2156,2063,2053,2031
2030,2062,2056,2056,2075,2075,2047,2052
2047,2074,2060,2058,2035,2090,2060,2047
2052,2074,2071,2053,2012,2078,2076,2067
2065,2065,2071,2051,2007,2071,2098,2102
2103,2066,2066,2040,2003,2050,2075,2105
2113,2068,2074,2049,2019,2016,2060,2126
2107,2050,2069,2037,2031,1994,2041,2097
2074,2034,2065,2033,2042,2021,2059,2084
2066,2025,2049,2032,2061,2040,2061,2092
2045,2008,2035,2026,2054,2061,2047,2095
2019,2014,2043,2030,2056,2064,2047,2103
2009,2042,2055,2044,2054,2061,2049,2104
2042,2063,2055,2053,2048,2067,2056,2099
2065,2074,2048,2057,2049,2077,2081,2107
2061,2057,2040,2045,2038,2071,2062,2111
2063,2046,2037,2038,2027,2061,2052,2101
2050,2046,2032,2030,2023,2054,2030,2084
2040,2042,2038,2034,2020,2060,2047,2052
2043,2058,2057,2045,2040,2070,2054,2044
2061,2067,2056,2055,2048,2070,2063,2046
2062,2058,2046,2061,2043,2063,2063,2060
2056,2056,2045,2067,2038,2060,2044,2053
2044,2050,2049,2066,2037,2054,2043,2035
2049,2052,2052,2075,2035,2053,2069,2037
2053,2062,2064,2077,2040,2052,2065,2033
2056,2054,2062,2076,2037,2037,2032,2024
2048,2044,2044,2065,2036,2016,2012,2025
2053,2038,2034,2057,2025,2022,2038,2022
2057,2044,2038,2064,2038,2032,2022,2017
2058,2055,2044,2062,2035,2040,2045,2019
2057,2049,2023,2057,2037,2042,2036,2032
2062,2047,2009,2055,2019,2040,2042,2045
2064,2047,2015,2061,2026,2048,2040,2050
2056,2062,2061,2090,2029,2058,2037,2041
2061,2066,2087,2102,2037,2060,2041,2046
2060,2069,2102,2114,2042,2059,2050,2060
2062,2069,2092,2115,2032,2059,2048,2068
2064,2057,2073,2102,2036,2061,2044,2083
2055,2049,2046,2104,2042,2055,2050,2082
2063,2052,2038,2108,2053,2054,2058,2098
2051,2056,2038,2123,2060,2054,2050,2100
2061,2064,2045,2119,2070,2068,2059,2098
2063,2060,2027,2080,2064,2058,2055,2093
2043,2030,2000,2055,2045,2051,2024,2086
2036,2032,2006,2028,2040,2044,2031,2094
2044,2033,2019,2019,2030,2032,2057,2099
2055,2047,2048,1996,2026,2036,2067,2098
2059,2050,2050,1973,2006,2019,2052,2093
2054,2042,2039,1954,1990,2017,2047,2077
2059,2044,2027,1958,1994,2018,2042,2068
2052,2045,2013,1972,2011,2022,2048,2057
2051,2039,2020,2002,2025,2031,2044,2053
2047,2046,2039,2038,1990,2031,2046,2045
2046,2044,2062,2081,2006,2043,2051,2044
2059,2060,2094,2107,2054,2048,2057,2037
2071,2063,2102,2114,2078,2058,2059,2046
2076,2063,2093,2098,2063,2053,2048,2046
2072,2063,2082,2068,2028,2057,2042,2043
2061,2044,2057,2046,1996,2037,2043,2037
2037,2016,2038,2053,1981,2032,2021,2018
2044,2043,2080,2075,1998,2058,2046,2013
2070,2088,2106,2088,1992,2055,2069,2018
2062,2077,2101,2085,2014,2054,2071,2026
2058,2071,2089,2091,2013,2050,2066,2034
2056,2062,2080,2082,2024,2047,2078,2039
2054,2045,2049,2057,2010,2049,2066,2047
2052,2036,2019,2041,2010,2058,2057,2052
2052,2030,2013,2041,2028,2064,2061,2061
2050,2030,2011,2040,2058,2073,2064,2074
2056,2031,1989,2031,2069,2080,2081,2080
2051,2021,1954,2022,2050,2087,2078,2087
2054,2022,1948,2030,2076,2071,2064,2090
2051,2022,1949,2039,2133,2073,2074,2094
2053,2024,1959,2049,2169,2062,2037,2096
2056,2030,1962,2058,2140,2034,2017,2094
2045,2018,1958,2043,2111,2031,2018,2096
2056,2030,1953,2029,2085,2048,2035,2099
2063,2033,1949,2000,2051,2047,2048,2086
2058,2020,1946,1989,2021,2043,2052,2087
2050,2019,1979,1999,1978,2038,2030,2075
2048,2022,2014,2010,1914,2018,2024,2063
2045,2026,2040,2024,1947,2021,2037,2058
2053,2031,2042,2034,2011,2036,2054,2059
2059,2055,2067,2052,2032,2053,2058,2061
2073,2058,2088,2073,2054,2050,2055,2060
2075,2062,2123,2091,2084,2062,2069,2064
2077,2073,2126,2095,2115,2069,2055,2056
2064,2070,2096,2090,2112,2076,2042,2045
2059,2064,2088,2083,2076,2080,2024,2034
2059,2076,2085,2063,1956,2060,2054,2041
2068,2066,2062,2018,1848,2026,2029,2031
2052,2026,2021,1972,1800,1989,2023,2020
2043,2039,2050,1991,1928,1981,2028,2034
2054,2068,2102,2040,2015,1994,2032,2031
2065,2075,2105,2042,1981,1996,2019,2044
2065,2066,2100,2039,1977,2008,2031,2045
2061,2062,2086,2034,2026,2057,2031,2041
2060,2057,2071,2033,2061,2089,2043,2059
2064,2059,2072,2055,2094,2116,2057,2071
2071,2058,2073,2077,2123,2134,2075,2068
2071,2062,2073,2080,2121,2123,2077,2070
2061,2057,2069,2055,2094,2105,2058,2060
2055,2044,2051,2033,2100,2096,2057,2069
2056,2044,2049,2025,2140,2084,2063,2081
2057,2047,2046,2008,2109,2059,2074,2102
2061,2045,2044,1988,2004,2028,2062,2101
2053,2041,2048,1971,1888,1979,2049,2104
2051,2042,2043,1982,1936,1969,2060,2105
2048,2032,2033,1977,1946,1994,2044,2100
2050,2036,2036,1993,1986,2048,2057,2100
2057,2045,2051,2036,2060,2098,2077,2101
2058,2042,2056,2041,2054,2106,2082,2098
2070,2034,2051,2040,2119,2127,2087,2099
2086,2031,2040,2032,2126,2124,2091,2093
2080,2027,2037,2026,2116,2113,2088,2079
2075,2035,2051,2026,2106,2094,2058,2061
2068,2039,2053,2001,1974,2060,2043,2043
2060,2043,2055,1999,1903,2054,2056,2031
2036,2044,2064,2022,1924,2064,2079,2024
2032,2035,2059,2037,1983,2062,2084,2030
2046,2052,2060,2077,2146,2055,2094,2051
2065,2065,2069,2124,2265,2078,2090,2055
2074,2072,2073,2116,2293,2096,2083,2039
2055,2044,2046,2060,2144,2061,2053,2028
2038,2026,2023,2026,2067,2026,2058,2024
2044,2038,2043,2049,2114,2024,2068,2019
2059,2042,2066,2068,2121,2008,2055,2014
2053,2042,2069,2067,2057,2001,2054,2008
2047,2038,2066,2051,1996,2003,2052,2017
2049,2031,2054,2018,1876,2024,2046,2020
2056,2033,2051,1995,1780,2050,2040,2034
2059,2031,2053,1996,1776,2067,2060,2038
2064,2035,2049,2006,1862,2084,2049,2054
2071,2039,2049,2026,1973,2066,2043,2082
2071,2037,2059,2051,2063,1999,2072,2107
2080,2049,2064,2070,2139,2008,2086,2106
2070,2050,2065,2067,2171,2032,2077,2106
2064,2055,2058,2041,2179,2040,2075,2112
2063,2047,2050,2004,2020,2001,2055,2094
2052,2030,2028,1988,1938,1988,2030,2070
2028,2013,2022,2010,1994,2012,2035,2059
2023,2021,2028,2049,2069,2045,2046,2065
2029,2020,2036,2062,2087,2054,2053,2071
2030,2028,2042,2068,2061,2059,2055,2081
2036,2043,2049,2072,2032,2060,2048,2086
2037,2039,2047,2071,2058,2056,2067,2085
2043,2045,2051,2064,2029,2045,2052,2077
2052,2051,2060,2058,2020,2046,2076,2066
2058,2069,2076,2080,2079,2067,2066,2058
2061,2067,2066,2076,2015,2061,2056,2049
2060,2051,2050,2044,1906,2048,2056,2040
2053,2041,2039,2039,1950,2040,2040,2020
2047,2032,2032,2031,2032,2027,2049,2015
2044,2027,2034,2038,2063,2030,2057,2020
2042,2031,2039,2033,2009,2018,2030,2010
2045,2027,2027,2014,1998,1989,2020,2000
2041,2015,2023,2022,2063,1990,2019,1997
2041,2020,2031,2039,2065,2015,2034,2014
2059,2028,2037,2043,2072,2026,2057,2015
2060,2027,2043,2050,2057,2029,2054,2006
2054,2036,2052,2052,2039,2038,2049,2030
2067,2047,2057,2052,2030,2037,2040,2030
2043,2024,2038,2050,2025,2032,2061,2047
2045,2024,2038,2064,2039,2043,2056,2048
2036,2032,2040,2080,2055,2048,2053,2037
2021,2035,2041,2075,2042,2041,2056,2048
2043,2030,2044,2078,2046,2050,2059,2056
2054,2024,2042,2079,2043,2041,2054,2068
2056,2026,2038,2073,2044,2030,2051,2088
2066,2042,2043,2084,2079,2056,2061,2109
2070,2063,2045,2111,2106,2069,2065,2107
2052,2059,2046,2103,2099,2055,2060,2086
2046,2028,2032,2086,2085,2042,2046,2084
2038,2022,2026,2078,2069,2047,2055,2093
2044,2037,2034,2071,2062,2039,2050,2088
2042,2033,2030,2056,2053,2037,2038,2078
2035,2023,2016,2039,2037,2036,2032,2056
2035,2020,2020,2022,2037,2038,2044,2045
2036,2019,2022,2015,2032,2041,2047,2039
2028,2024,2031,2022,2043,2052,2058,2037
2035,2031,2049,2029,2053,2059,2059,2032
2039,2037,2042,2034,2060,2054,2036,2032
2051,2043,2035,2032,2074,2051,2068,2029
2052,2043,2027,2030,2070,2054,2034,2024
2047,2041,2037,2026,2067,2053,2027,2028
2050,2034,2049,2037,2066,2056,2049,2018
2054,2037,2051,2046,2080,2061,2055,2029
2062,2036,2045,2054,2073,2066,2050,2024
2054,2025,2038,2043,2057,2068,2067,2022
2044,2015,2030,2040,2030,2062,2075,2032
2054,2030,2054,2052,2013,2068,2045,2029
2060,2054,2073,2054,1993,2066,2059,2028
2059,2056,2086,2066,2002,2060,2073,2036
2060,2051,2096,2074,2003,2059,2073,2040
2058,2040,2084,2064,1975,2048,2052,2047
2062,2047,2075,2057,1948,2035,2053,2046
2059,2045,2061,2052,1953,2025,2046,2048
2053,2034,2052,2058,2004,2035,2058,2053
2045,2020,2033,2054,2040,2039,2050,2051
2040,2024,2023,2039,2043,2034,2036,2057
2041,2018,2011,2019,2040,2035,2056,2064
2039,2019,2012,2005,2004,2041,2058,2073
2041,2033,2037,2024,1982,2048,2047,2088
2043,2046,2056,2035,2026,2062,2049,2092
2047,2041,2060,2049,2046,2065,2051,2097
2056,2038,2053,2038,2065,2071,2075,2112
2071,2054,2049,2045,2074,2088,2056,2121
2076,2047,2045,2059,2086,2099,2074,2103
2076,2039,2042,2064,2112,2102,2076,2088
2075,2042,2051,2072,2112,2103,2079,2073
2067,2041,2052,2074,2038,2082,2056,2061
2041,2016,2047,2066,1995,2069,2058,2045
2020,2011,2047,2076,1993,2050,2039,2037
2019,2024,2044,2075,2011,2035,2045,2043
2057,2043,2040,2085,2061,2034,2056,2049
2061,2038,2030,2082,2102,2015,2047,2049
2061,2038,2010,2064,2069,2020,2050,2040
2055,2040,2011,2052,2109,2036,2043,2029
2071,2036,2014,2034,2093,2039,2046,2038
2073,2038,2020,2019,2066,2043,2039,2026
2049,2033,2007,2007,2131,2033,2041,2022
2034,2025,1997,1994,2088,2021,2048,2024
2043,2039,1998,1984,1968,2016,2043,2032
2055,2036,2007,1986,1902,2009,2056,2035
2066,2052,2025,1993,1911,2007,2053,2045
2076,2056,2045,2008,1929,2006,2046,2048
2079,2052,2044,2022,1930,2009,2040,2030
2052,2035,2044,2038,2039,2035,2035,2034
2053,2055,2067,2086,2198,2068,2058,2062
2069,2067,2091,2129,2321,2099,2090,2080
2072,2061,2082,2126,2349,2118,2078,2089
2063,2055,2065,2105,2329,2131,2070,2087
2050,2048,2058,2083,2234,2113,2086,2098
2038,2059,2052,2064,2126,2100,2056,2103
2056,2052,2045,2049,1932,2085,2057,2116
2066,2051,2054,2047,1878,2100,2071,2125
2068,2043,2058,2045,1881,2064,2054,2109
2049,2024,2056,2007,1781,1996,2031,2087
2042,2033,2074,1980,1812,2004,2047,2081
2052,2034,2072,2016,1957,2027,2058,2089
2041,2019,2052,2044,2040,2020,2049,2100
2038,2010,2058,2068,2090,2058,2087,2090
2057,2038,2076,2098,2132,2094,2079,2080
2056,2050,2069,2087,2159,2121,2062,2064
2052,2039,2050,2083,2204,2139,2057,2060
2056,2038,2044,2080,2199,2138,2043,2058
2049,2042,2030,2054,2118,2102,2035,2037
2046,2034,2028,2022,2020,2040,2021,2020
2058,2037,2013,1996,1900,2001,2016,2014
2056,2040,2020,2004,1841,2003,2025,2002
2045,2021,2012,1996,1872,2033,2001,1991
2031,2027,2032,2013,1968,2061,2026,1997
2042,2026,2025,2021,2021,2033,2019,2010
2044,2026,2034,2033,2050,2016,2039,2035
2062,2043,2051,2059,2063,2008,2052,2064
2085,2060,2062,2070,2045,1972,2047,2072
2085,2056,2055,2059,2011,1968,2028,2050
2064,2063,2064,2056,1980,1964,2035,2039
2062,2059,2064,2054,2001,1980,2054,2050
2056,2044,2056,2056,2049,2006,2031,2052
2054,2041,2058,2055,2072,2028,2049,2039
2051,2047,2053,2041,2038,2031,2037,2036
2054,2060,2047,2032,1955,2026,2054,2045
2057,2056,2040,2035,1948,2035,2035,2052
2051,2040,2028,2036,2031,2029,2027,2068
2042,2036,2018,2060,2099,2009,2042,2079
2039,2035,2017,2075,2164,2019,2034,2080
2041,2030,2019,2070,2148,2029,2053,2086
2050,2041,2020,2055,2102,2026,2027,2085
2044,2027,2014,2037,2068,2029,2057,2084
2044,2024,2014,2048,2075,2046,2069,2091
2045,2033,2019,2054,2102,2066,2081,2096
2050,2036,2020,2055,2083,2067,2077,2086
2038,2028,2020,2053,2066,2056,2070,2072
2035,2022,2008,2052,2070,2057,2066,2062
2041,2024,2013,2049,2098,2066,2075,2048
2046,2029,2009,2049,2123,2074,2063,2045
2054,2034,2013,2051,2102,2074,2068,2055
2054,2034,2007,2044,2102,2070,2062,2040
2050,2035,2004,2048,2117,2070,2057,2030
2056,2035,2005,2030,2093,2061,2064,2025
2047,2036,2009,2031,2061,2064,2056,2012
2043,2044,2038,2040,2033,2072,2069,2016
2049,2059,2061,2037,2017,2075,2059,2025
2065,2047,2057,2025,1968,2059,2048,2021
2063,2025,2039,2020,2010,2068,2061,2016
2066,2015,2044,2035,2049,2068,2074,2008
2060,2031,2073,2062,2105,2059,2063,1980
2035,2026,2069,2062,2113,2061,2039,1994
2044,2020,2066,2062,2110,2065,2054,2016
2045,2022,2068,2066,2107,2053,2033,2013
2030,2032,2077,2086,2118,2050,2063,2034
2050,2069,2086,2092,2138,2059,2080,2050
2065,2077,2089,2093,2152,2053,2070,2055
2066,2064,2078,2091,2139,2047,2072,2064
2064,2054,2072,2082,2086,2040,2064,2056
2065,2058,2078,2086,2066,2038,2065,2079
2085,2063,2082,2081,2054,2037,2062,2087
2072,2053,2075,2061,2034,2028,2060,2084
2062,2046,2079,2039,2019,2024,2067,2094
2049,2056,2086,2017,1983,2025,2064,2084
2026,2049,2068,1996,1878,2016,2050,2090
2037,2044,2059,2002,1864,2034,2045,2092
2043,2041,2061,2041,1954,2047,2067,2087
2044,2040,2052,2039,1981,2034,2028,2073
2048,2043,2058,2027,1937,2026,2017,2061
2042,2039,2059,2020,1947,2014,2025,2057
2039,2035,2056,2024,1970,1985,2020,2056
2037,2040,2056,2045,2024,1990,2055,2034
2028,2026,2054,2056,2108,2036,2058,2021
2023,2025,2046,2077,2151,2077,2055,2016
2029,2029,2045,2084,2157,2083,2060,2025
2044,2030,2036,2075,2098,2077,2055,2033
2051,2025,2041,2084,2081,2072,2068,2021
2054,2038,2047,2072,2048,2060,2049,2008
2041,2036,2044,2059,2045,2060,2044,2004
2033,2041,2040,2058,2044,2060,2047,2000
2030,2029,2021,2046,2004,2057,2032,2004
2043,2018,2025,2032,1951,2060,2053,2015
2042,2029,2033,2035,1969,2064,2068,2016
2045,2031,2036,2045,2005,2062,2040,2005
2034,2038,2039,2048,2051,2054,2040,1999
2037,2042,2046,2046,2068,2059,2060,2018
2046,2046,2044,2054,2067,2064,2072,2034
2055,2058,2064,2053,2025,2055,2078,2052
2061,2061,2069,2059,2007,2047,2081,2063
2065,2057,2053,2041,1959,2019,2075,2070
2061,2053,2047,2037,1981,2029,2062,2078
2059,2051,2045,2061,1993,2052,2072,2073
2053,2051,2047,2054,1932,2043,2052,2069
2050,2059,2050,2046,1928,2049,2056,2079
2050,2046,2030,2070,2078,2069,2049,2076
2040,2034,2027,2072,2168,2068,2052,2077
2041,2028,2025,2076,2260,2073,2038,2079
2030,2022,2030,2104,2364,2088,2053,2077
2019,2021,2032,2100,2318,2087,2043,2077
2027,2023,2026,2052,2128,2042,2021,2068
2044,2029,2023,2038,2058,2040,2023,2069
2050,2032,2033,2044,2026,2027,2013,2068
2033,2029,2031,2011,1866,2007,2022,2062
2037,2042,2031,2014,1889,2026,2037,2058
2056,2061,2051,2043,1950,2052,2047,2056
2062,2071,2071,2058,1991,2060,2038,2039
2053,2067,2087,2070,2038,2062,2036,2032
2053,2061,2073,2056,2073,2058,2013,2031
2049,2045,2050,2044,2154,2060,2034,2027
2052,2036,2041,2063,2242,2075,2036,2029
2054,2048,2043,2055,2168,2074,2036,2036
2055,2045,2041,2041,2076,2048,2028,2026
2047,2040,2038,2037,2013,2034,2019,2020
2042,2036,2038,2043,2024,2033,2012,2024
2050,2041,2037,2050,2050,2046,2015,2033
2063,2047,2046,2048,2051,2048,2018,2029
2052,2040,2058,2043,2045,2047,2037,2029
2053,2052,2078,2036,1986,2040,2035,2014
2039,2050,2073,2017,1918,2030,2044,2017
2053,2043,2072,2014,1980,2032,2048,2028
2050,2041,2072,2009,2015,2027,2052,2041
2045,2050,2080,2008,1996,2021,2055,2047
2046,2057,2085,2017,2036,2033,2050,2064
2062,2062,2094,2051,2098,2069,2066,2078
2066,2062,2081,2076,2145,2097,2073,2084
2046,2053,2071,2081,2078,2096,2066,2091
2037,2055,2078,2082,2054,2094,2070,2096
2044,2064,2080,2092,2122,2102,2061,2110
2057,2065,2068,2090,2161,2095,2045,2105
2051,2049,2057,2061,2105,2055,2044,2093
2035,2044,2048,2022,1994,2009,2043,2092
2044,2039,2048,2023,1912,1992,2039,2081
2034,2032,2033,2031,1983,2026,2035,2074
2032,2025,2033,2041,2062,2055,2029,2070
2040,2033,2029,2032,2046,2069,2029,2071
2053,2046,2043,2007,1928,2048,2026,2058
2045,2051,2044,2013,1876,2043,2022,2043
2053,2046,2041,2036,1954,2038,2012,2012
2040,2026,2036,2051,2058,2031,2012,1990
2032,2016,2044,2080,2197,2036,2028,1994
2028,2024,2062,2102,2234,2029,2030,2004
2027,2039,2073,2093,2126,2011,2012,2011
2042,2044,2069,2092,2069,2023,2015,2026
2051,2044,2068,2098,2065,2016,2035,2026
2053,2045,2058,2087,2067,1983,2040,2026
2053,2040,2053,2081,2018,1997,2068,2039
2071,2039,2045,2062,1957,2049,2094,2040
2070,2037,2042,2042,1808,2060,2080,2013
2047,2019,2014,2021,1824,2078,2061,2006
2039,2012,2023,2038,1955,2080,2040,1991
2019,2001,2002,2022,2037,2070,2052,1981
2023,2008,2010,2031,2114,2073,2060,2022
2033,2006,2029,2019,2125,2061,2063,2033
2022,2014,2044,2018,2119,2061,2062,2048
2042,2038,2058,2041,2139,2061,2075,2065
2057,2064,2065,2088,2189,2080,2080,2077
2065,2061,2058,2096,2159,2066,2089,2075
2047,2040,2038,2075,2060,2011,2061,2088
2036,2029,2038,2052,1996,1986,2056,2073
2031,2024,2041,2022,1973,1990,2042,2067
2031,2026,2057,2020,2032,2030,2037,2073
2039,2026,2052,2031,2150,2040,2035,2072
2036,2010,2036,2043,2173,2065,2045,2086
2049,2017,2039,2054,2146,2088,2052,2096
2056,2023,2040,2035,2064,2049,2042,2095
2051,2035,2037,2019,1973,2023,2016,2079
2043,2043,2054,2009,1935,2006,2026,2075
2051,2067,2065,1983,1791,1984,2015,2069
2054,2069,2050,1936,1628,1967,2022,2055
2045,2066,2046,1928,1653,1958,2017,2042
2046,2068,2058,1957,1791,1972,2018,2035
2051,2062,2066,2020,1991,2040,2038,2039
2048,2061,2068,2088,2189,2094,2064,2039
2049,2051,2058,2107,2250,2102,2064,2022
2046,2043,2053,2085,2197,2072,2068,2013
2049,2043,2049,2068,2176,2053,2044,2007
2044,2042,2049,2061,2132,2049,2026,2012
2049,2040,2045,2048,2102,2039,2027,2015
2042,2030,2032,2032,2057,2025,2012,2009
2032,2028,2025,2026,2050,2017,2012,2007
2041,2035,2036,2039,2050,2021,2017,2010
2042,2048,2045,2049,2069,2042,2015,2014
2051,2058,2065,2055,2074,2042,1994,2013
2049,2060,2066,2054,2072,2031,1993,2005
2044,2054,2062,2052,2072,2029,2023,2016
2045,2058,2067,2055,2070,2033,2033,2022
2052,2056,2056,2056,2058,2040,2051,2033
2043,2053,2060,2060,2074,2047,2042,2048
2045,2053,2063,2063,2101,2055,2042,2051
2044,2051,2052,2062,2098,2056,2053,2059
2044,2052,2057,2056,2076,2067,2044,2072
2045,2049,2058,2046,2043,2066,2052,2078
2045,2050,2048,2042,2021,2069,2039,2078
2042,2048,2041,2040,2010,2083,2046,2075
2044,2041,2040,2032,2008,2085,2034,2072
2032,2029,2037,2030,2013,2102,2038,2074
2036,2033,2035,2055,2085,2111,2054,2082
2038,2048,2043,2074,2130,2064,2054,2076
2043,2045,2043,2079,2130,2040,2037,2073
2043,2038,2040,2066,2085,2036,2044,2069
2037,2037,2041,2062,2039,2042,2048,2050
2035,2029,2029,2063,2017,2028,2029,2039
2032,2024,2036,2066,2028,2017,2023,2026
2031,2029,2037,2071,2032,2012,2042,2014
2027,2029,2032,2068,2038,2010,2046,2020
2041,2023,2033,2069,2038,1993,2051,2010
2030,2017,2022,2063,2032,1974,2036,2001
2027,2010,2024,2052,2037,1975,2040,1997
2031,2016,2036,2064,2034,1998,2048,2002
2038,2028,2049,2069,2023,2028,2064,1998
2039,2036,2053,2062,1971,2047,2051,1991
2037,2032,2041,2044,1928,2046,2041,1986
2034,2023,2036,2027,1900,2037,2012,1993
2036,2035,2054,2035,1893,2030,2046,2011
2054,2060,2069,2034,1881,2026,2057,2024
2062,2061,2047,2026,1849,2037,2048,2027
2067,2058,2040,2019,1896,2024,2030,2032
2067,2056,2039,2029,1985,2045,2038,2028
2058,2051,2035,2042,2121,2094,2042,2033
2060,2059,2054,2068,2290,2128,2057,2044
2057,2063,2055,2086,2357,2137,2067,2053
2064,2067,2061,2092,2350,2146,2070,2049
2061,2064,2057,2078,2368,2147,2050,2067
2059,2052,2047,2071,2329,2129,2049,2067
2062,2046,2056,2067,2222,2092,2032,2067
2047,2039,2054,2045,2143,2074,2020,2063
2035,2034,2054,2046,2136,2038,2004,2077
2044,2038,2047,2029,1978,2002,2032,2085
2037,2022,2028,2001,1846,2001,2022,2083
2030,2019,2027,2006,1885,2022,2025,2078
2034,2045,2047,2027,1962,2043,2025,2068
2041,2048,2052,2035,2003,2037,2026,2071
2039,2051,2061,2040,2024,2017,2020,2063
2042,2052,2068,2057,2036,1991,2018,2049
2047,2052,2065,2057,2010,1980,2008,2045
2051,2045,2059,2048,1992,1984,1993,2030
2051,2042,2055,2053,2008,2010,2003,2027
2050,2045,2052,2048,2019,2024,2018,2026
2039,2035,2048,2044,2015,2029,2037,2020
2044,2039,2046,2049,2060,2051,2040,2019
2043,2041,2043,2054,2100,2063,2026,2023
2044,2038,2050,2056,2108,2069,2031,2024
2053,2034,2048,2056,2125,2069,2037,2019
2057,2039,2050,2056,2134,2070,2030,2013
2057,2030,2048,2053,2129,2059,2017,1993
2035,2013,2025,2039,2068,2053,2035,1990
2035,2006,2015,2031,2019,2048,2020,2002
2051,2025,2017,2035,1935,2035,2041,1994
2029,2017,2009,2033,1915,2020,2025,1990
2021,2023,2012,2037,1957,2018,2024,2004
2030,2033,2015,2050,1981,2025,2032,2006
2033,2038,2016,2052,2007,2021,2026,2009
2021,2031,2018,2052,2015,2030,2023,2014
2029,2029,2016,2052,2026,2031,2027,2033
2047,2038,2018,2055,2032,2033,2046,2038
2046,2036,2017,2044,2033,2024,2033,2038
2041,2023,2011,2039,2052,2041,2042,2045
2036,2017,2001,2042,2086,2062,2054,2051
2030,2015,2008,2044,2079,2071,2050,2052
2030,2020,2022,2052,2075,2076,2050,2056
2025,2020,2045,2056,2082,2078,2063,2064
2033,2025,2050,2056,2083,2071,2066,2066
2024,2020,2049,2050,2083,2056,2047,2069
2027,2022,2051,2052,2058,2054,2050,2074
2043,2044,2071,2053,2012,2051,2053,2074
2052,2055,2086,2057,1990,2061,2056,2072
2051,2060,2096,2063,1987,2067,2072,2066
2050,2063,2105,2054,1988,2058,2056,2052
2038,2065,2101,2045,1972,2037,2046,2040
2040,2061,2087,2035,1937,2020,2052,2033
2043,2062,2077,2039,1952,2008,2036,2026
2048,2053,2058,2026,1960,2009,2018,2013
2042,2045,2046,2026,2003,2045,2030,2017
2050,2051,2057,2053,2033,2080,2048,2017
2058,2062,2064,2054,2058,2101,2058,2025
2057,2062,2064,2060,2130,2112,2071,2036
2060,2057,2058,2060,2159,2093,2084,2024
2057,2051,2050,2052,2129,2061,2077,2011
2047,2044,2025,2028,2006,2019,2066,2009
2038,2024,2014,2011,2038,2031,2043,2008
2030,2027,2030,2038,2144,2051,2049,1998
2045,2042,2041,2036,2043,2041,2049,1997
2043,2045,2048,2043,1968,2058,2034,2003
2050,2059,2044,2062,2000,2064,2034,2008
2049,2052,2046,2066,2053,2053,2032,2001
2045,2041,2040,2061,2043,2012,2018,2001
2031,2027,2032,2050,2014,1984,2021,2005
2025,2017,2032,2035,2020,1988,2013,2013
2018,2024,2031,2031,2008,2006,2018,2025
2023,2026,2033,2029,2013,2034,2030,2035
2022,2028,2043,2051,2068,2052,2051,2040
2020,2033,2062,2082,2115,2051,2062,2050
2034,2041,2072,2084,2118,2042,2052,2064
2033,2050,2079,2081,2085,2045,2057,2074
2042,2055,2083,2070,2078,2042,2048,2060
2026,2033,2062,2051,2055,2022,2032,2064
2019,2027,2059,2045,2044,2027,2032,2064
2032,2033,2064,2050,2039,2034,2034,2065
2036,2032,2045,2054,2035,2041,2040,2062
2033,2026,2041,2066,2059,2045,2030,2041
2031,2023,2033,2072,2074,2055,2030,2031
2026,2028,2040,2087,2104,2060,2016,2025
2026,2027,2036,2088,2122,2060,1995,2012
2024,2027,2032,2084,2134,2046,1999,2003
2025,2022,2022,2080,2111,2042,2026,2008
2026,2019,2016,2066,2080,2050,2021,2002
2030,2018,2004,2051,2034,2042,2016,1996
2026,2016,1980,2029,2006,2034,2033,1997
2036,2014,1982,2034,2017,2055,2025,1995
2032,2005,1983,2023,2006,2062,2025,1975
2033,2005,1996,2017,2011,2063,2022,1982
2035,2021,2018,2012,2016,2064,2025,1978
2026,2019,2038,2008,1999,2051,2023,1970
2023,2038,2052,2000,1983,2050,2028,1965
2016,2057,2062,1997,1996,2020,2022,1991
2027,2055,2072,2002,2019,2007,2036,2013
2040,2062,2086,2013,2028,2017,2032,2017
2051,2080,2104,2020,2034,2028,2023,2015
2055,2087,2106,2030,2040,2036,2025,2025
2063,2073,2101,2031,2065,2052,2028,2033
2054,2062,2082,2037,2086,2060,2057,2039
2050,2064,2076,2041,2082,2067,2058,2047
2051,2065,2080,2043,2077,2054,2045,2056
2047,2063,2074,2037,2035,2050,2052,2059
2050,2061,2074,2048,1987,2061,2079,2078
2053,2062,2077,2040,1956,2063,2079,2094
2056,2064,2081,2043,1960,2060,2091,2098
2065,2062,2091,2053,2001,2070,2073,2106
2066,2067,2092,2067,2079,2069,2059,2099
2055,2063,2087,2064,2087,2061,2032,2099
2056,2062,2077,2050,2071,2037,2044,2084
2057,2068,2071,2032,2075,2008,2019,2069
2052,2060,2066,2034,2086,2015,2006,2057
2047,2054,2062,2057,2157,2038,2022,2043
2038,2048,2063,2093,2225,2040,2017,2039
2034,2046,2057,2047,2019,2010,2025,2025
2034,2048,2052,2007,1881,2013,2029,2014
2032,2047,2048,2011,1952,2036,2040,2003
2034,2041,2053,2026,1996,2053,2042,1991
2038,2047,2053,2032,2000,2041,2040,1984
2033,2043,2051,2033,2011,2033,2044,1980
2031,2045,2051,2033,2026,2036,2039,1987
2035,2048,2050,2040,2044,2040,2034,1989
2036,2053,2059,2044,2046,2033,2051,1994
2038,2045,2053,2043,2040,2033,2056,1990
2030,2029,2037,2035,2026,2012,2034,1976
2022,2026,2028,2024,2019,2002,2022,1976
2022,2032,2033,2035,2037,2016,2023,1989
2018,2033,2037,2049,2052,2021,2022,1986
2020,2022,2030,2041,2021,2016,2024,1984
2024,2018,2030,2031,2009,2041,2019,1977
2021,2023,2041,2045,2040,2063,2029,1988
2033,2030,2049,2064,2080,2088,2043,1998
2033,2030,2042,2066,2073,2086,2055,2005
2028,2026,2041,2059,2073,2091,2047,2015
2021,2020,2031,2043,2069,2081,2049,2021
2010,2017,2020,2042,2068,2068,2044,2030
2007,2014,2017,2034,2076,2065,2035,2034
2013,2016,2021,2034,2087,2066,2046,2046
2020,2030,2038,2047,2093,2069,2039,2058
2029,2052,2058,2052,2088,2061,2038,2069
2043,2068,2067,2057,2080,2018,2032,2067
2038,2064,2042,2043,2059,1967,2013,2076
2035,2047,2020,2037,2043,1979,2015,2079
2036,2040,2013,2036,2024,2001,2031,2075
2033,2029,2001,2028,2034,2017,2047,2070
2032,2021,1998,2025,2062,2022,2042,2055
2017,2024,1994,2036,2073,2026,2042,2043
2026,2032,1992,2045,2084,2049,2041,2039
2030,2024,2003,2047,2083,2081,2065,2029
2035,2024,2012,2054,2082,2107,2053,2022
2039,2039,2026,2065,2072,2141,2068,2019
2049,2056,2058,2070,2037,2148,2060,2013
2049,2058,2077,2041,1930,2103,2048,1998
2044,2051,2080,2027,1941,2081,2044,1997
2054,2054,2085,2034,2009,2077,2012,2001
2045,2056,2086,2045,2016,2032,2021,1988
2036,2057,2092,2039,2020,2015,2021,1980
2042,2053,2090,2040,2050,2021,2014,1980
2027,2033,2072,2025,2063,2020,2023,1974
2018,2021,2061,2022,2079,2024,2024,1968
2022,2043,2074,2033,2072,2016,2009,1987
2037,2058,2074,2037,2057,2004,2010,1997
2042,2061,2077,2039,2049,1997,2031,2014
2058,2067,2078,2050,2066,1996,2052,2025
2061,2072,2080,2055,2073,1989,2049,2030
2056,2069,2072,2060,2063,2006,2026,2032
2054,2067,2067,2050,2055,2028,2030,2038
2052,2063,2074,2049,2063,2045,2043,2039
2056,2059,2075,2050,2062,2050,2042,2044
2051,2052,2064,2046,2056,2060,2025,2038
2039,2032,2063,2046,2053,2077,2018,2050
2043,2026,2059,2049,2053,2072,2014,2051
2034,2034,2057,2057,2047,2066,2024,2053
2035,2040,2060,2059,2058,2052,2024,2061
2037,2045,2051,2062,2062,2044,2023,2061
2031,2031,2041,2072,2064,2049,2032,2052
2024,2025,2067,2093,2075,2060,2034,2054
2032,2024,2078,2097,2073,2057,2031,2054
2033,2023,2076,2102,2072,2055,2029,2052
2030,2015,2057,2102,2068,2047,2036,2046
2029,2011,2030,2097,2064,2047,2034,2037
2027,2022,2023,2098,2054,2054,2032,2030
2041,2024,2016,2092,2055,2054,2030,2021
2032,2017,1997,2068,2021,2055,1997,2009
2027,2009,1973,2046,1999,2071,2028,1993
2025,2017,1978,2058,2009,2090,2031,1992
2034,2027,1970,2054,1998,2112,2022,1989
2038,2038,1979,2043,1981,2101,2014,1994
2037,2046,1991,2037,1968,2070,2040,1997
2036,2047,1989,2004,1956,2040,2030,1978
2022,2041,2003,1974,1943,1999,2018,1979
2024,2033,2009,1978,2027,1979,1994,1987
2027,2021,2033,1983,2050,1982,2010,1998
2039,2035,2047,1975,2044,2022,2044,2007
2055,2058,2061,1981,2037,2060,2032,2006
2058,2066,2073,2003,2049,2081,2049,2003
2058,2073,2070,2031,2067,2089,2044,2006
2047,2057,2062,2044,2074,2097,2058,2006
2037,2045,2048,2060,2093,2062,2064,2031
2055,2054,2067,2066,2123,2040,2070,2038
2056,2063,2081,2078,2157,2076,2062,2043
2058,2064,2097,2080,2159,2108,2054,2045
2060,2058,2096,2083,2197,2119,2057,2047
2051,2051,2082,2064,2170,2113,2054,2046
2050,2040,2068,2047,2052,2097,2047,2049
2039,2038,2058,2035,2045,2063,2039,2046
2024,2034,2063,2044,2089,2043,2037,2048
2016,2031,2056,2045,2100,2035,2032,2046
2010,2025,2046,2036,2072,2033,2020,2045
2011,2015,2042,2029,2034,2024,2017,2048
2013,2021,2040,2011,2007,2015,2028,2056
2023,2027,2034,2004,1972,2010,2045,2052
2022,2025,2030,1998,1940,1996,2019,2044
2023,2030,2034,2010,1931,2003,2020,2048
2036,2041,2064,2041,1961,2003,2030,2037
2034,2047,2063,2043,1985,1998,2024,2023
2038,2035,2058,2043,2007,2012,2028,2022
2040,2039,2059,2052,2031,2037,2034,2023
2041,2041,2054,2057,2065,2060,2036,2013
2040,2037,2048,2062,2109,2077,2047,2010
2042,2037,2050,2056,2080,2085,2060,2009
2034,2038,2033,2043,2063,2077,2046,2006
2022,2036,2029,2040,2063,2074,2054,1996
2031,2038,2025,2042,2073,2088,2062,1996
2037,2033,2016,2034,2081,2082,2022,1991
2023,2016,1993,2016,2043,2081,2043,1986
2029,2014,1977,2010,2022,2078,2032,1991
2030,2029,1979,1997,1952,2057,2004,1987
2019,2025,1970,1966,1926,2015,1998,1984
2016,2020,1973,1970,1974,1997,2007,1992
2033,2040,2003,2000,2029,2009,2022,2008
2042,2045,2010,2009,2046,2016,2017,2010
2042,2061,2040,2025,2063,2031,2024,2026
2052,2069,2063,2047,2066,2031,2006,2032
2051,2068,2066,2037,2069,2012,2016,2033
2037,2064,2071,2042,2062,2022,2027,2041
2045,2074,2091,2053,2064,2035,2044,2054
2049,2081,2105,2060,2048,2059,2043,2061
2047,2082,2092,2068,2050,2077,2057,2074
2044,2070,2075,2055,2065,2074,2053,2077
2041,2052,2051,2034,2049,2047,2053,2078
2033,2043,2031,2016,2033,2022,2042,2075
2029,2040,2051,2033,2036,2033,2046,2073
2035,2054,2068,2048,2067,2042,2057,2071
2047,2065,2076,2052,2062,2043,2060,2060
2047,2066,2084,2044,2050,2045,2057,2059
2047,2072,2086,2037,2056,2072,2059,2057
2044,2073,2080,2040,2081,2086,2061,2055
2043,2071,2084,2037,2084,2084,2050,2047
2042,2066,2072,2032,2045,2059,2037,2035
2054,2067,2067,2029,2002,2021,2034,2027
2043,2056,2043,2015,1939,1977,2046,2013
2024,2029,2012,2018,1944,1988,2043,2001
2027,2030,2010,2047,2050,2032,2051,2001
2042,2047,2025,2072,2100,2047,2057,2011
2058,2056,2046,2076,2098,2052,2066,2010
2056,2060,2053,2080,2113,2055,2071,1995
2056,2066,2056,2070,2129,2060,2071,2005
2054,2060,2052,2065,2128,2058,2060,2006
2048,2051,2043,2063,2191,2055,2058,2002
2042,2043,2044,2082,2240,2061,2065,2002
2039,2052,2045,2069,2179,2076,2070,2003
2046,2055,2033,2035,2061,2072,2073,2002
2040,2045,2016,2002,1967,2030,2059,2001
2037,2037,2010,1965,1852,2009,2057,2008
2045,2047,2036,1999,1983,2034,2067,2021
2048,2056,2054,2025,2097,2048,2062,2025
2042,2051,2065,2028,2110,2045,2054,2031
2045,2057,2078,2035,2095,2048,2058,2037
2046,2062,2092,2037,2096,2053,2056,2049
2045,2059,2088,2039,2083,2053,2044,2055
2047,2056,2086,2043,2064,2062,2049,2069
2044,2050,2074,2039,2045,2069,2056,2073
2038,2053,2068,2031,2020,2060,2050,2075
2036,2043,2061,2042,2057,2049,2047,2070
2038,2036,2053,2046,2062,2048,2040,2073
2038,2037,2055,2047,2065,2048,2050,2065
2042,2044,2054,2036,2070,2038,2052,2067
2045,2042,2056,2036,2082,2033,2056,2067
2043,2041,2056,2033,2081,2036,2057,2054
2042,2045,2053,2040,2092,2045,2054,2050
2039,2044,2067,2048,2086,2049,2037,2037
2032,2042,2061,2046,2067,2048,2024,2021
2026,2032,2051,2041,2046,2055,2024,2016
2024,2028,2053,2045,2014,2056,2033,2013
2033,2031,2056,2038,1928,2048,2046,2006
2036,2032,2059,2042,1947,2045,2048,2002
2030,2019,2044,2035,2000,2052,2037,2005
2047,2010,2039,2043,2032,2059,2043,2000
2046,2013,2049,2042,2046,2048,2045,2005
2054,2018,2040,2037,2028,2046,2046,2010
2065,2026,2028,2034,2002,2042,2049,1998
2056,2018,2012,2026,2017,2040,2042,1988
2043,2020,1995,2029,2022,2044,2024,1998
2042,2030,2001,2040,2039,2045,2022,1984
2040,2051,2019,2064,2052,2054,2022,1993
2050,2064,2022,2066,2034,2057,2028,2009
2066,2060,2023,2066,2030,2054,2011,2013
2065,2054,2024,2066,2035,2050,2026,2032
2061,2060,2020,2060,2074,2051,2046,2032
2058,2050,2003,2047,2081,2061,2052,2027
2042,2029,1985,2033,2096,2080,2045,2036
2038,2026,1978,2027,2082,2072,2043,2054
2047,2031,2005,2033,2074,2070,2038,2067
2056,2054,2041,2044,2074,2094,2046,2076
2054,2067,2063,2049,2093,2124,2066,2082
2060,2079,2077,2048,2116,2138,2078,2088
2057,2075,2091,2031,2058,2117,2056,2076
2038,2053,2077,2011,2100,2076,2017,2071
2031,2042,2072,2022,2193,2044,2019,2068
2032,2047,2079,2020,2170,2011,2006,2068
2036,2053,2081,2002,2060,1981,2012,2063
2040,2054,2082,2001,1975,1973,2017,2064
2044,2052,2078,1991,1874,1975,2012,2052
2042,2055,2061,1982,1862,1962,2019,2049
2049,2049,2059,1996,1914,1968,2010,2034
2041,2054,2064,2023,1975,1992,2023,2028
2046,2063,2090,2054,2036,2023,2022,2029
2057,2069,2111,2061,2063,2046,2036,2031
2054,2064,2101,2056,2061,2064,2030,2033
2060,2064,2095,2062,2070,2068,2049,2025
2057,2059,2088,2068,2073,2071,2045,2015
2056,2060,2086,2066,2076,2062,2055,2004
2051,2064,2083,2063,2051,2047,2049,2002
2050,2063,2084,2062,2036,2043,2046,2002
2042,2044,2070,2057,2045,2034,2042,1994
2044,2036,2062,2056,2027,2020,2035,1993
2045,2046,2070,2073,2071,2043,2063,2004
2051,2043,2066,2086,2108,2054,2049,2008
2056,2053,2065,2071,2071,2049,2047,2008
2046,2055,2056,2053,2058,2055,2046,2012
2043,2046,2056,2062,2060,2051,2042,2009
2050,2041,2061,2062,2064,2030,2028,2021
2052,2043,2057,2056,2067,2011,2028,2034
2043,2037,2038,2034,2068,2028,2038,2043
2043,2031,2030,2030,2104,2077,2046,2050
2041,2025,2027,2041,2108,2130,2067,2057
2043,2019,2037,2052,2095,2146,2053,2055
2033,2020,2033,2058,2081,2136,2033,2056
2035,2030,2033,2056,2059,2081,2045,2061
2029,2029,2027,2043,2037,2032,2031,2064
2039,2024,2027,2039,2045,2012,2040,2058
2032,2014,2012,2033,2033,1978,2022,2070
2031,2018,2009,2033,2039,1967,2002,2071
2044,2031,2015,2052,2052,1983,2011,2074
2051,2042,2016,2062,2060,2006,2031,2077
2056,2042,2016,2059,2056,2012,2064,2062
2052,2033,2007,2052,2050,2018,2047,2053
2047,2029,2010,2048,2047,2024,2038,2050
2044,2024,2003,2040,2036,2022,2032,2039
2041,2025,2006,2035,2031,2025,2040,2026
2042,2030,2013,2029,2033,2025,2030,2021
2036,2032,2015,2030,2054,2035,2034,2017
2040,2040,2028,2035,2073,2042,2043,2021
2050,2063,2046,2038,2071,2052,2042,2021
2060,2067,2052,2040,2066,2052,2039,2012
2062,2066,2051,2030,2064,2049,2037,2013
2059,2056,2045,2027,2057,2036,2036,2010
2055,2053,2050,2015,2049,2031,1997,2002
2049,2043,2039,2012,2042,2030,2021,2002
2042,2036,2039,1999,2045,2037,2032,1999
2045,2034,2037,2002,2047,2047,2039,2003
2037,2040,2056,2005,2059,2051,2039,2009
2044,2051,2073,2016,2065,2051,2044,2012
2049,2056,2076,2027,2060,2050,2049,2018
2058,2057,2074,2029,2061,2049,2056,2034
2052,2057,2073,2028,2075,2063,2056,2039
2055,2052,2067,2036,2083,2069,2058,2044
2053,2050,2068,2035,2074,2055,2053,2055
2057,2048,2059,2031,2061,2048,2042,2059
2050,2044,2049,2026,2056,2040,2031,2055
2042,2032,2037,2030,2035,2027,2054,2059
2029,2031,2034,2030,2008,2007,2054,2057
2031,2024,2036,2032,1996,2006,2065,2064
2029,2033,2048,2050,2026,2013,2053,2073
2036,2025,2053,2048,2052,2013,2053,2067
2031,2028,2060,2049,2015,2026,2039,2074
2041,2051,2079,2057,2005,2042,2051,2080
2051,2064,2090,2050,1987,2036,2049,2070
2050,2060,2072,2033,1976,2021,2020,2062
2048,2048,2053,2014,1976,2007,2007,2053
2044,2046,2038,2026,2016,1983,2041,2058
2051,2056,2044,2036,2064,2001,2061,2058
2063,2068,2049,2054,2096,2046,2052,2045
2063,2063,2056,2052,2097,2073,2052,2038
2068,2061,2042,2042,2070,2064,2048,2034
2056,2051,2041,2035,2052,2059,2054,2024
2052,2048,2029,2024,2023,2059,2058,2017
2048,2047,2021,2018,2018,2078,2068,2019
2053,2041,2025,2017,2012,2080,2074,2019
2060,2043,2033,2024,2025,2069,2062,2010
2061,2050,2047,2043,2066,2067,2052,2006
2052,2038,2034,2034,2064,2055,2053,2000
2049,2038,2027,2034,2041,2039,2034,1996
2051,2034,2026,2022,2017,2061,2056,1988
2045,2034,2013,2013,2001,2070,2036,1980
2047,2032,2010,2010,2000,2056,2043,1983
2038,2024,2009,2004,2019,2049,2037,1989
2044,2033,2027,2022,2069,2019,2052,2020
2054,2048,2051,2060,2155,1983,2081,2049
2061,2055,2069,2083,2192,1993,2088,2063
2062,2061,2068,2087,2203,2039,2102,2060
2068,2055,2071,2075,2190,2093,2101,2058
2065,2053,2068,2071,2186,2115,2075,2065
2062,2044,2057,2057,2145,2102,2076,2071
2056,2035,2053,2045,2076,2058,2053,2066
2050,2033,2040,2038,2018,2039,2050,2074
2043,2035,2038,2023,1936,2035,2059,2086
2047,2036,2046,2022,1964,2037,2064,2085
2043,2027,2049,2027,1995,2033,2061,2091
2044,2036,2060,2049,2070,2061,2062,2098
2052,2051,2077,2067,2134,2084,2078,2084
2045,2044,2066,2083,2185,2088,2067,2074
2045,2044,2062,2085,2117,2060,2058,2068
2046,2035,2047,2051,1981,2018,2050,2061
2038,2026,2032,2040,2001,2009,2050,2041
2035,2017,2018,2035,2082,2038,2039,2027
2033,2022,2017,2032,2102,2068,2058,2030
2042,2028,2020,2020,2045,2064,2056,2022
2053,2033,2031,2009,1940,2056,2052,2021
2052,2040,2039,2028,1971,2048,2061,2031
2051,2042,2050,2047,2024,2021,2045,2028
2063,2045,2050,2058,2077,2023,2047,2026
2064,2039,2046,2058,2085,2035,2038,2021
2063,2036,2044,2058,2050,2038,2049,2016
2058,2034,2037,2039,2028,2022,2044,2007
2050,2027,2041,2040,2005,2023,2039,1995
2038,2031,2059,2044,2012,2038,2062,1998
2044,2040,2078,2051,2018,2039,2065,2003
2046,2045,2085,2053,2023,2038,2058,2015
2051,2045,2084,2055,2023,2033,2064,2020
2055,2041,2067,2052,2029,2037,2064,2022
2051,2046,2062,2056,2074,2041,2073,2033
2051,2041,2064,2063,2150,2043,2060,2046
2065,2044,2067,2075,2228,2053,2074,2046
2074,2049,2064,2075,2238,2048,2055,2041
2069,2045,2062,2074,2192,2044,2064,2048
2064,2045,2070,2076,2142,2034,2064,2058
2055,2047,2074,2071,2099,2033,2063,2064
2049,2046,2070,2075,2092,2042,2048,2064
2045,2048,2064,2065,2016,2057,2050,2073
2047,2045,2051,2048,1965,2077,2049,2074
2030,2021,2029,2031,1987,2077,2050,2073
2022,2010,2020,2034,2016,2067,2058,2082
2031,2024,2029,2041,2008,2085,2066,2077
2036,2037,2030,2055,2064,2106,2066,2071
2034,2039,2018,2055,2037,2126,2073,2065
2039,2025,2003,2057,2012,2127,2071,2058
2044,2029,2009,2064,2014,2141,2054,2060
2058,2029,2028,2066,2055,2126,2075,2064
2053,2029,2024,2076,2127,2088,2075,2063
2050,2020,2010,2075,2174,2041,2059,2047
2031,2012,2000,2035,2118,2031,2056,2022
2034,2015,2005,2014,1969,2032,2050,2021
2048,2028,2014,2001,1931,2040,2061,2019
2050,2042,2020,2019,2051,2042,2057,2022
2053,2039,2014,2035,2113,2053,2056,2012
2055,2031,2004,2058,2146,2076,2061,2008
2047,2026,2000,2052,2095,2059,2043,2002
2046,2011,1989,2036,2023,2039,2045,2003
2046,2003,1997,2044,2022,2034,2042,2018
2051,2013,2005,2059,2031,2043,2056,2027
2057,2026,2025,2066,2032,2048,2037,2017
2055,2043,2045,2072,2031,2046,2054,2010
2049,2049,2063,2067,2026,2021,2060,2014
2060,2057,2084,2069,2023,2004,2044,2020
2065,2052,2092,2073,2023,2012,2042,2032
2067,2048,2109,2087,2021,2024,2059,2048
2070,2058,2132,2107,2035,2031,2058,2058
2070,2059,2142,2106,2061,2038,2048,2063
2066,2055,2133,2097,2101,2043,2037,2056
2053,2042,2119,2089,2121,2054,2042,2061
2046,2036,2101,2088,2107,2052,2064,2073
2043,2037,2112,2087,2113,2062,2045,2098
2044,2057,2126,2095,2141,2075,2047,2100
2053,2060,2106,2101,2158,2073,2040,2099
2040,2038,2071,2085,2127,2060,2043,2094
2035,2030,2048,2076,2054,2045,2038,2094
2032,2036,2039,2075,1998,2035,2043,2080
2036,2045,2029,2062,1969,2031,2058,2073
2039,2042,2010,2035,1956,2018,2044,2066
2037,2033,1990,2005,1941,2012,2045,2066
2040,2029,1989,1995,1975,2025,2028,2058
2044,2032,1994,1995,2015,2038,2039,2055
2054,2050,1999,1997,2034,2047,2072,2048
2060,2060,2014,2005,2036,2051,2072,2044
2057,2052,2022,2007,2022,2047,2067,2034
2058,2057,2037,2011,2011,2054,2066,2036
2058,2056,2047,2017,2002,2049,2049,2023
2055,2049,2047,2007,1996,2044,2049,2018
2052,2037,2038,2013,2034,2054,2055,2020
2053,2042,2041,2032,2060,2066,2079,2028
2054,2043,2036,2030,2047,2058,2068,2013
2056,2035,2030,2034,2021,2044,2055,2004
2050,2038,2034,2048,2031,2048,2064,2018
2054,2043,2028,2040,2057,2056,2066,2009
2049,2043,2025,2045,2081,2061,2042,2008
2042,2038,2023,2035,2069,2049,2044,2015
2041,2039,2023,2037,2068,2042,2049,2029
2049,2039,2030,2043,2065,2049,2042,2041
2050,2043,2036,2042,2060,2049,2069,2045
2054,2042,2032,2042,2058,2050,2069,2058
2054,2044,2038,2040,2054,2053,2070,2069
2061,2051,2055,2055,2057,2060,2077,2078
2059,2061,2071,2055,2052,2064,2075,2084
2053,2061,2075,2053,2050,2072,2079,2089
2054,2062,2068,2053,2050,2061,2075,2088
2054,2062,2074,2058,2047,2063,2072,2092
2059,2052,2066,2060,2047,2048,2044,2091
2049,2034,2043,2039,2028,2031,2043,2082
2037,2026,2033,2036,2029,2020,2026,2082
2033,2027,2032,2045,2016,2025,2052,2082
2043,2027,2026,2039,2017,2030,2057,2080
2047,2027,2026,2034,2046,2043,2071,2080
2050,2039,2038,2047,2065,2070,2076,2076
2052,2046,2040,2071,2100,2096,2082,2078
2056,2045,2043,2079,2102,2078,2056,2072
2070,2052,2053,2080,2076,2042,2047,2060
2067,2052,2060,2069,2050,2031,2047,2049
2063,2048,2062,2059,2016,2048,2070,2039
2058,2047,2065,2053,2014,2056,2068,2042
2062,2040,2057,2043,2015,2061,2063,2028
2056,2047,2059,2046,2013,2065,2075,2021
2055,2052,2082,2047,2023,2069,2061,2022
2054,2045,2088,2044,2017,2065,2071,2024
2042,2036,2081,2061,2068,2061,2055,2016
2041,2026,2084,2067,2083,2036,2064,2014
2048,2028,2076,2063,2076,2022,2057,2016
2051,2033,2064,2076,2145,2045,2076,2019
2061,2034,2050,2078,2160,2046,2068,2029
2050,2026,2039,2053,2122,2046,2077,2035
2050,2029,2022,2034,2084,2033,2066,2039
2048,2033,2032,2035,2066,2025,2051,2041
2047,2051,2053,2035,2010,2028,2069,2040
2058,2059,2057,2021,1937,2028,2058,2053
2058,2055,2049,2023,1959,2039,2051,2062
2051,2041,2028,2030,1983,2042,2072,2071
2051,2041,2025,2029,1999,2043,2066,2069
2043,2038,2018,2033,1999,2039,2067,2083
2053,2043,2021,2030,1985,2044,2058,2096
2052,2057,2044,2036,1978,2049,2062,2097
2050,2068,2055,2037,2004,2055,2038,2099
2061,2073,2058,2040,2030,2058,2044,2103
2051,2051,2048,2033,2035,2060,2056,2095
2051,2040,2039,2030,2002,2049,2043,2108
2059,2047,2032,2020,1970,2018,2055,2100
2055,2040,2027,2009,1956,2002,2050,2086
2051,2041,2028,2022,2011,2005,2056,2086
2056,2041,2030,2036,2062,2005,2051,2086
2052,2039,2029,2033,2032,1989,2033,2061
2048,2034,2028,2010,1981,1985,2033,2045
2041,2029,2027,2000,1975,2003,2042,2043
2051,2043,2043,2026,2029,2043,2063,2050
2060,2059,2073,2060,2075,2075,2081,2049
2069,2068,2086,2074,2108,2087,2082,2052
2070,2073,2097,2078,2116,2109,2080,2054
2070,2067,2083,2065,2098,2103,2075,2049
2067,2068,2067,2055,2069,2090,2075,2044
2060,2060,2066,2055,2058,2081,2083,2021
2061,2049,2062,2056,2062,2073,2061,2020
2062,2051,2056,2069,2090,2063,2068,2034
2067,2054,2062,2084,2109,2070,2078,2035
2076,2061,2056,2085,2120,2072,2043,2036
2068,2049,2053,2088,2146,2079,2043,2031
2061,2045,2051,2101,2167,2075,2044,2036
2060,2040,2052,2094,2164,2071,2066,2030
2053,2036,2051,2085,2128,2049,2055,2038
2051,2040,2035,2067,2080,2042,2040,2053
2047,2036,2033,2058,2047,2051,2034,2062
2046,2036,2029,2053,2009,2039,2046,2069
2049,2037,2023,2054,2013,2019,2047,2073
2044,2031,2027,2056,2027,2015,2059,2079
2050,2032,2028,2066,2038,2026,2054,2106
2057,2046,2030,2073,2060,2036,2060,2101
2062,2040,2019,2071,2070,2050,2065,2114
2065,2042,2015,2063,2072,2049,2071,2101
2040,2022,2009,2034,1977,2039,2054,2092
2033,2029,2014,2028,1914,2051,2062,2103
2042,2044,2038,2038,1967,2071,2076,2106
2049,2040,2041,2034,1995,2078,2069,2099
2044,2041,2042,2031,1988,2077,2056,2095
2052,2040,2044,2023,1979,2080,2056,2087
2047,2046,2042,2017,1972,2080,2064,2077
2049,2052,2063,2030,1990,2094,2046,2067
2040,2051,2067,2037,2005,2075,2059,2053
2043,2046,2060,2035,2030,2053,2049,2048
2042,2034,2049,2033,2040,2050,2044,2041
2052,2030,2049,2031,2037,2053,2034,2033
2046,2027,2052,2032,2042,2038,2034,2030
2039,2038,2056,2034,2066,2004,2048,2026
2042,2035,2057,2038,2061,1980,2055,2026
2043,2037,2056,2042,2050,1991,2023,2033
2048,2035,2037,2037,2032,1994,2013,2020
2044,2020,2018,2033,2028,2009,2033,2014
2039,2015,2009,2034,2035,2021,2040,2016
2042,2020,2018,2044,2050,2032,2049,2019
2042,2022,2027,2057,2059,2041,2054,2021
2055,2046,2053,2077,2075,2050,2048,2028
2068,2061,2070,2092,2065,2053,2040,2028
2070,2068,2070,2078,2050,2067,2045,2047
2062,2056,2067,2075,2049,2074,2060,2040
2056,2047,2072,2081,2055,2065,2052,2043
2058,2046,2077,2083,2072,2038,2039,2047
2060,2047,2074,2086,2095,2029,2022,2054
2060,2044,2072,2089,2107,2037,2047,2072
2068,2044,2063,2094,2131,2054,2046,2088
2068,2041,2059,2091,2123,2057,2059,2098
2066,2042,2062,2087,2111,2056,2066,2102
2060,2045,2060,2083,2101,2058,2061,2105
2053,2039,2047,2062,2042,2056,2046,2085
2041,2022,2033,2038,1929,2051,2042,2083
2028,2025,2042,2033,1912,2057,2049,2089
2043,2038,2052,2041,1959,2068,2060,2085
2045,2042,2053,2042,1991,2038,2032,2083
2041,2032,2047,2044,2036,2000,2028,2085
2045,2032,2044,2046,2097,2010,2038,2080
2052,2020,2042,2055,2106,2026,2039,2064
2053,2026,2036,2032,2039,2013,2027,2054
2056,2029,2036,2024,1996,2027,2036,2046
2052,2029,2034,2034,2003,2046,2061,2042
2055,2027,2046,2032,2018,2056,2070,2036
2056,2034,2058,2050,2032,2060,2061,2032
2062,2051,2078,2065,2059,2066,2061,2030
2054,2057,2087,2073,2065,2062,2027,2030
2064,2056,2089,2070,2058,2057,2035,2020
2059,2046,2064,2064,2055,2058,2048,2021
2052,2035,2053,2057,2049,2055,2048,2021
2046,2041,2064,2053,2041,2053,2043,2024
2053,2055,2080,2058,2041,2053,2069,2034
2055,2065,2080,2053,2046,2047,2062,2027
2055,2060,2069,2047,2046,2039,2053,2035
2059,2049,2073,2058,2065,2049,2072,2039
2071,2050,2062,2056,2073,2054,2063,2043
2062,2041,2047,2060,2072,2069,2049,2053
2055,2041,2042,2061,2071,2075,2058,2053
2056,2043,2036,2061,2060,2062,2050,2056
2058,2044,2024,2049,2041,2053,2051,2069
2059,2041,2025,2046,2036,2045,2059,2072
2054,2039,2029,2037,2041,2054,2076,2080
2041,2038,2024,2025,2046,2065,2069,2065
2030,2032,2020,2016,2028,2057,2062,2070
2032,2037,2033,2019,2020,2052,2047,2084
2038,2047,2054,2030,2026,2051,2049,2084
2037,2042,2056,2033,2008,2020,2029,2092
2042,2037,2050,2034,2037,2011,2044,2100
2050,2045,2044,2051,2079,2022,2056,2090
2048,2042,2033,2054,2100,2042,2059,2082
2051,2038,2016,2040,2084,2051,2057,2080
2043,2026,2005,2019,2042,2032,2051,2077
2050,2026,2011,2013,2002,2018,2053,2066
2052,2031,2031,2021,1964,2014,2046,2052
2046,2033,2049,2030,1944,2004,2046,2037
2033,2028,2055,2030,1956,2018,2039,2035
2038,2038,2070,2054,2023,2042,2056,2035
2043,2056,2102,2092,2080,2061,2066,2035
2056,2059,2111,2093,2095,2053,2069,2037
2057,2048,2107,2093,2082,2032,2059,2039
2053,2044,2103,2099,2081,2042,2059,2037
2062,2044,2104,2108,2137,2059,2060,2032
2058,2044,2093,2114,2150,2066,2059,2021
2049,2033,2067,2097,2126,2054,2030,2019
2040,2024,2054,2086,2062,2056,2050,2019
2043,2036,2060,2066,1954,2055,2057,2024
2042,2034,2056,2043,1966,2039,2041,2017
2043,2033,2039,2028,2005,2056,2049,2024
2038,2030,2048,2024,2009,2085,2053,2024
2043,2045,2064,2029,1997,2091,2063,2046
2062,2068,2090,2026,1986,2080,2053,2047
2060,2076,2094,2015,1982,2058,2052,2057
2062,2074,2090,2031,2019,2033,2059,2071
2068,2070,2088,2058,2040,2045,2072,2083
2064,2066,2081,2069,2053,2069,2077,2090
2068,2060,2071,2072,2078,2082,2075,2084
2058,2056,2058,2062,2080,2070,2062,2081
2056,2047,2058,2064,2074,2056,2040,2090
2046,2051,2050,2049,2088,2049,2034,2086
2046,2041,2037,2035,2143,2034,2019,2070
2039,2030,2023,2022,2162,2028,2040,2076
2043,2037,2039,2031,2164,2058,2049,2094
2053,2048,2046,2032,2171,2059,2035,2091
2050,2047,2041,2022,2160,2060,2029,2092
2048,2044,2032,2029,2156,2069,2041,2085
2048,2045,2034,2032,2114,2077,2042,2066
2045,2044,2034,2026,2054,2068,2040,2054
2041,2038,2018,2008,1988,2075,2044,2043
2044,2032,2015,1990,1923,2078,2048,2045
2042,2031,2016,2002,1947,2094,2030,2037
2041,2036,2022,2021,1986,2104,2042,2044
2050,2050,2037,2035,2004,2090,2027,2052
2074,2063,2042,2040,2014,2056,2068,2052
2073,2066,2049,2031,2006,2042,2037,2038
2064,2052,2039,2024,2008,2034,2049,2032
2056,2046,2028,2033,2049,2047,2040,2026
2043,2028,2005,2029,2053,2027,2023,2015
2038,2026,2008,2039,2077,2010,2027,2013
2041,2035,2035,2081,2152,2021,2061,2028
2053,2049,2054,2083,2105,2022,2052,2031
2060,2058,2057,2081,2039,2023,2069,2047
2070,2049,2053,2073,2024,2031,2055,2043
2060,2043,2045,2075,2058,2047,2039,2035
2044,2035,2053,2082,2076,2050,2045,2026
2038,2042,2058,2072,2089,2044,2042,2035
2048,2046,2066,2029,2020,2022,2033,2046
2044,2044,2062,2008,2002,2031,2050,2055
2056,2053,2069,2024,2046,2041,2051,2070
2067,2052,2068,2040,2111,2049,2042,2070
2058,2047,2065,2043,2150,2051,2050,2069
2062,2051,2070,2051,2156,2043,2044,2075
2050,2051,2084,2052,2141,2041,2044,2083
2041,2054,2079,2059,2129,2045,2043,2093
2040,2044,2051,2050,2090,2037,2035,2100
2043,2033,2030,2041,2023,2036,2024,2093
2040,2036,2033,2038,2004,2036,2021,2086
2035,2036,2025,2017,1903,2027,2035,2080
2045,2039,2023,2010,1889,2042,2054,2072
2046,2049,2029,2028,1963,2074,2048,2075
2049,2045,2024,2028,2005,2092,2052,2064
2052,2043,2027,2033,2024,2096,2054,2060
2055,2041,2031,2035,2043,2092,2042,2055
2052,2046,2034,2035,2074,2080,2036,2041
2049,2044,2028,2043,2094,2077,2046,2039
2057,2046,2036,2048,2092,2070,2041,2034
2049,2046,2039,2049,2064,2043,2029,2026
2048,2042,2038,2039,2024,2014,2040,2030
2053,2034,2027,2030,2026,2009,2048,2032
2049,2037,2031,2030,2034,1999,2027,2025
2040,2030,2033,2026,2019,1987,2024,2009
2025,2024,2035,2020,2008,1981,2033,2008
2033,2028,2043,2020,2009,1998,2038,2019
2043,2043,2055,2034,2047,2032,2055,2027
2052,2041,2051,2047,2050,2045,2036,2026
2057,2048,2059,2044,2026,2054,2044,2024
2049,2052,2054,2049,2007,2054,2031,2029
2060,2052,2056,2050,1993,2046,2055,2036
2054,2047,2054,2046,1986,2042,2050,2038
2052,2043,2052,2049,1987,2035,2053,2049
2054,2043,2050,2050,1997,2039,2063,2060
2057,2046,2047,2047,2003,2043,2068,2069
2053,2044,2047,2049,2025,2060,2057,2076
2056,2040,2054,2062,2081,2074,2053,2090
2059,2044,2058,2071,2115,2072,2057,2095
2055,2040,2049,2076,2139,2068,2036,2086
2045,2040,2052,2071,2140,2054,2040,2085
2033,2034,2051,2080,2132,2041,2034,2083
2028,2034,2062,2079,2130,2041,2023,2081
2041,2041,2069,2080,2095,2033,2042,2082
2043,2042,2072,2085,2078,2043,2030,2080
2050,2046,2070,2092,2088,2066,2049,2085
2049,2049,2063,2105,2126,2081,2037,2080
2047,2047,2052,2110,2150,2083,2054,2075
2048,2039,2038,2103,2127,2073,2038,2065
2046,2030,2028,2078,2085,2066,2034,2052
2041,2028,2023,2057,2037,2057,2042,2040
2044,2039,2039,2043,1953,2038,2043,2034
2046,2051,2057,2040,1955,2037,2048,2035
2058,2063,2072,2042,1993,2042,2043,2038
2059,2055,2059,2036,2013,2045,2038,2033
2059,2052,2049,2020,2006,2042,2037,2035
2053,2045,2037,2013,1994,2034,2049,2035
2076,2057,2047,2013,1993,2049,2052,2021
2069,2051,2033,2011,1988,2045,2050,2022
2059,2037,2005,2001,1989,2031,2043,2015
2057,2039,1998,2006,1997,2032,2048,2012
2052,2036,2004,2010,1998,2018,2026,2025
2049,2042,2007,2011,1987,2010,2040,2036
2043,2044,2015,2009,1989,2006,2041,2032
2043,2045,2030,2014,1988,2001,2040,2036
2048,2052,2038,2019,2020,2013,2037,2039
2050,2051,2046,2032,2089,2041,2031,2042
2051,2048,2043,2039,2108,2054,2035,2050
2051,2051,2060,2039,2089,2053,2049,2067
2051,2054,2061,2038,2080,2060,2067,2065
2054,2050,2063,2037,2080,2069,2063,2079
2043,2046,2058,2051,2095,2078,2061,2077
2045,2044,2050,2055,2099,2078,2059,2088
2040,2038,2036,2047,2093,2084,2052,2083
2041,2035,2027,2035,2075,2066,2073,2088
2032,2025,2011,2022,2055,2049,2057,2089
2032,2020,2012,2020,2043,2041,2033,2098
2046,2035,2029,2028,2037,2036,2060,2093
2046,2050,2042,2036,2063,2038,2065,2093
2057,2054,2050,2042,2053,2045,2075,2086
2054,2059,2055,2043,2034,2059,2066,2079
2055,2058,2049,2041,2035,2048,2068,2062
2057,2049,2046,2026,2030,2039,2052,2056
2050,2040,2042,2028,2058,2046,2060,2048
2049,2044,2040,2034,2072,2054,2039,2038
2058,2048,2042,2040,2069,2051,2030,2038
2056,2046,2049,2035,2047,2048,2060,2032
2049,2040,2044,2043,2040,2051,2063,2031
2056,2041,2048,2035,2027,2040,2061,2019
2043,2031,2036,2031,2014,2032,2055,2019
2036,2032,2039,2033,2016,2034,2069,2010
2032,2033,2036,2036,2023,2038,2050,2017
2033,2037,2045,2039,2030,2040,2054,2014
2043,2035,2048,2041,2039,2044,2039,2019
2053,2043,2046,2047,2047,2039,2057,2020
2053,2041,2050,2051,2078,2047,2062,2023
2058,2043,2052,2058,2093,2051,2063,2030
2059,2050,2054,2054,2073,2045,2065,2031
2058,2052,2060,2047,2062,2046,2072,2033
2051,2054,2058,2043,2051,2047,2061,2044
2048,2050,2065,2048,2032,2047,2057,2057
2049,2048,2078,2053,2021,2050,2077,2058
2045,2049,2080,2064,2059,2062,2070,2067
2044,2054,2079,2076,2086,2071,2072,2082
2050,2047,2072,2091,2096,2086,2070,2090
2049,2047,2065,2096,2121,2101,2070,2101
2050,2048,2068,2111,2133,2112,2066,2109
2054,2046,2069,2113,2154,2120,2064,2106
2042,2038,2066,2113,2156,2112,2059,2094
2041,2027,2061,2105,2194,2103,2057,2101
2039,2043,2063,2093,2141,2093,2078,2094
2052,2041,2062,2073,2039,2067,2065,2090
2054,2043,2066,2058,1992,2011,2034,2076
2047,2033,2057,2041,2017,1977,2022,2061
2043,2025,2038,2060,2088,2001,2033,2059
2042,2034,2049,2076,2116,2026,2038,2045
2048,2034,2047,2086,2117,2039,2054,2042
2054,2030,2034,2061,2070,2042,2038,2037
2047,2032,2022,2040,2041,2040,2032,2033
2046,2021,1992,2002,1920,2031,2056,2035
2049,2007,1972,1985,1893,2029,2054,2033
2063,2022,1986,1997,1946,2025,2042,2026
2051,2025,2008,2006,1965,2010,2038,2017
2046,2031,2012,2019,2007,2020,2045,2018
2051,2037,2009,2027,2003,2034,2032,2012
2049,2040,2002,2019,1980,2032,2028,2002
2045,2030,1994,2016,1994,2046,2040,2016
2054,2040,1994,2021,2000,2056,2063,2027
2060,2027,1974,2008,1994,2055,2073,2032
2073,2024,1965,2001,1997,2067,2077,2039
2061,2022,1965,2014,2023,2078,2061,2037
2062,2016,1974,2029,2060,2087,2079,2030
2047,2021,1998,2037,2084,2079,2060,2025
2051,2028,2015,2041,2111,2080,2070,2038
2056,2044,2033,2035,2064,2085,2076,2056
2056,2042,2027,2013,1995,2068,2072,2067
2051,2034,2023,2002,2016,2050,2068,2075
2047,2046,2056,2020,2059,2038,2057,2083
2053,2068,2095,2039,2060,2045,2055,2090
2062,2085,2107,2046,2059,2052,2040,2094
2055,2074,2087,2033,2042,2059,2049,2099
2054,2059,2071,2010,2029,2046,2020,2088
2029,2025,2056,2001,2025,2034,2021,2085
2028,2026,2064,2017,2056,2048,2031,2094
2039,2046,2093,2041,2082,2070,2032,2092
2051,2069,2115,2039,2051,2085,2048,2092
2068,2081,2112,2030,2028,2100,2057,2081
2067,2072,2108,2035,2039,2099,2034,2086
2064,2067,2100,2042,2051,2086,2047,2076
2064,2059,2087,2040,2043,2078,2042,2055
2056,2055,2070,2033,2034,2062,2011,2044
2053,2050,2069,2039,2035,2024,2018,2037
2050,2042,2059,2038,2046,1988,2034,2036
2044,2042,2052,2033,2046,2003,2042,2034
2045,2046,2053,2026,2027,2025,2016,2022
2044,2052,2044,2029,2013,2037,2036,2020
2047,2050,2043,2036,2026,2038,2032,2016
2042,2049,2049,2040,2040,2043,2044,2016
2039,2042,2043,2034,2032,2041,2022,2012
2037,2038,2044,2038,2025,2038,2024,2016
2051,2051,2060,2049,2025,2046,2054,2024
2056,2063,2068,2051,2030,2049,2035,2030
2059,2056,2070,2049,2032,2044,2036,2036
2062,2056,2062,2051,2035,2046,2025,2035
2067,2057,2073,2052,2031,2048,2043,2037
2075,2059,2075,2051,2035,2048,2050,2045
2060,2050,2080,2055,2029,2035,2019,2047
2056,2051,2086,2060,2029,2038,2022,2053
2059,2046,2094,2069,2053,2045,2032,2053
2058,2048,2091,2075,2077,2052,2038,2062
2047,2043,2092,2075,2073,2055,2059,2062
2046,2039,2082,2069,2068,2051,2045,2083
2045,2041,2072,2070,2061,2050,2047,2081
2043,2037,2062,2066,2060,2051,2039,2084
2047,2034,2060,2063,2052,2048,2037,2079
2036,2025,2046,2055,2035,2031,2045,2079
2031,2020,2037,2042,2033,2034,2034,2080
2035,2044,2040,2050,2038,2040,2039,2080
2047,2037,2042,2038,2040,2043,2033,2076
2044,2040,2030,2039,2041,2046,2042,2074
2046,2043,2038,2033,2043,2048,2042,2067
2051,2044,2043,2031,2039,2056,2041,2068
2056,2048,2042,2025,2031,2054,2032,2066
2065,2049,2043,2019,2035,2060,2018,2055
2064,2044,2034,2020,2031,2052,2038,2037
2058,2037,2026,2012,2025,2052,2032,2021
2047,2034,2037,2022,2028,2052,2044,2022
2048,2032,2049,2034,2031,2055,2040,2030
2051,2037,2057,2042,2034,2049,2034,2025
2048,2035,2048,2039,2030,2041,2031,2014
2037,2039,2050,2038,2030,2042,2045,2023
2049,2046,2045,2043,2031,2046,2034,2022
2046,2039,2037,2046,2034,2044,2049,2021
2042,2033,2028,2055,2047,2053,2032,2026
2054,2049,2033,2064,2054,2056,2045,2027
2064,2058,2037,2063,2060,2057,2037,2035
2066,2062,2038,2068,2071,2058,2051,2035
2058,2061,2044,2066,2060,2056,2060,2033
2055,2053,2047,2062,2058,2053,2051,2034
2056,2053,2053,2059,2062,2047,2027,2037
2055,2045,2039,2050,2048,2042,2046,2045
2055,2053,2041,2050,2060,2050,2042,2061
2056,2056,2051,2052,2061,2056,2061,2066
2057,2057,2053,2044,2060,2056,2050,2076
2056,2058,2053,2040,2052,2055,2050,2086
2055,2047,2048,2039,2048,2052,2056,2092
2051,2043,2036,2038,2045,2046,2041,2092
2048,2036,2032,2029,2025,2043,2040,2100
2041,2030,2031,2018,2008,2034,2044,2089
2038,2023,2035,2018,1997,2039,2036,2094
2036,2042,2058,2022,1990,2041,2035,2091
2047,2048,2069,2028,1983,2033,2041,2089
2049,2049,2064,2029,1991,2035,2045,2084
2053,2052,2066,2040,2010,2040,2048,2083
2055,2058,2077,2044,2023,2053,2061,2073
2054,2059,2084,2052,2053,2058,2043,2063
2052,2058,2083,2059,2098,2061,2056,2053
2052,2062,2088,2064,2116,2065,2034,2047
2050,2063,2080,2065,2122,2065,2047,2042
2053,2060,2068,2062,2111,2060,2054,2035
2047,2061,2065,2062,2093,2050,2028,2034
2054,2064,2057,2057,2074,2052,2053,2035
2055,2053,2045,2058,2067,2057,2045,2030
2049,2052,2036,2059,2015,2049,2052,2026
2052,2057,2039,2041,1942,2043,2058,2018
2049,2048,2028,2039,1964,2045,2048,2012
2045,2042,2025,2037,2025,2047,2046,2011
2048,2045,2031,2044,2076,2060,2053,2025
2049,2043,2035,2041,2066,2050,2060,2024
2043,2044,2044,2038,2010,2070,2053,2013
2046,2049,2043,2035,2005,2087,2065,2021
2052,2050,2041,2045,2014,2084,2071,2028
2045,2040,2050,2047,2003,2072,2054,2034
2049,2050,2054,2046,1999,2044,2051,2040
2050,2048,2056,2052,2033,2018,2038,2053
2058,2053,2055,2065,2073,2008,2049,2065
2061,2059,2064,2064,2037,1999,2065,2077
2056,2050,2065,2078,2011,2023,2081,2092
2060,2055,2071,2086,2022,2051,2074,2102
2052,2055,2084,2085,2033,2056,2083,2098
2050,2054,2076,2079,2039,2061,2065,2100
2049,2053,2064,2078,2052,2057,2064,2092
2041,2042,2056,2068,2050,2041,2053,2090
2034,2036,2053,2061,2069,2033,2025,2077
2037,2040,2059,2069,2077,2031,2037,2086
2043,2044,2069,2073,2089,2061,2053,2092
2043,2045,2071,2066,2059,2076,2061,2086
2043,2047,2062,2049,2029,2069,2061,2085
2053,2055,2068,2045,2007,2052,2052,2071
2060,2069,2082,2041,1997,2041,2046,2057
2063,2076,2083,2045,2022,2037,2032,2054
2062,2069,2084,2053,2044,2041,2050,2052
2065,2072,2077,2050,2058,2041,2046,2043
2056,2062,2059,2045,2070,2030,2041,2020
2051,2042,2048,2033,2069,2033,2044,2018
2050,2035,2044,2034,2040,2044,2053,2022
2040,2037,2037,2039,2063,2062,2042,2022
2042,2043,2040,2049,2061,2068,2060,2028
2046,2045,2037,2042,2043,2059,2057,2027
2042,2036,2027,2032,2053,2054,2025,2020
2049,2031,2027,2036,2107,2065,2020,2017
2044,2036,2020,2035,2122,2057,2024,2016
