CH1,CH2,CH3,CH4,CH5,CH6,CH7,CH8
2040,2037,2028,2022,2015,2035,2025,2055
2036,2037,2031,2012,2006,2033,2036,2058
2047,2046,2053,2006,2024,2043,2041,2066
2051,2067,2071,2000,2026,2047,2037,2065
2065,2076,2101,2007,2025,2050,2051,2065
2058,2066,2103,2008,2033,2049,2036,2061
2055,2056,2074,2006,2038,2052,2024,2059
2051,2046,2052,2014,2042,2051,2048,2055
2052,2048,2055,2029,2043,2052,2060,2051
2053,2052,2059,2038,2047,2061,2072,2053
2055,2055,2060,2040,2039,2055,2066,2047
2060,2056,2054,2034,2042,2055,2062,2047
2055,2059,2057,2038,2042,2054,2041,2039
2056,2063,2057,2037,2042,2054,2040,2040
2050,2059,2056,2034,2044,2052,2027,2044
2050,2048,2050,2033,2042,2050,2046,2042
2051,2044,2041,2027,2037,2046,2017,2032
2040,2035,2033,2027,2037,2051,2016,2029
2044,2034,2049,2035,2041,2056,2040,2030
2048,2039,2046,2037,2035,2045,2034,2030
2043,2040,2049,2041,2047,2049,2025,2036
2037,2040,2046,2042,2050,2048,2033,2040
2046,2042,2041,2046,2053,2052,2051,2042
2042,2044,2032,2040,2053,2043,2057,2046
2036,2039,2038,2041,2050,2043,2053,2053
2037,2040,2033,2048,2054,2043,2027,2054
2041,2041,2042,2059,2055,2051,2048,2056
2041,2032,2041,2062,2060,2053,2058,2056
2042,2029,2032,2070,2066,2056,2054,2057
2040,2030,2017,2075,2055,2058,2048,2066
2051,2030,2015,2065,2053,2056,2052,2067
2052,2027,2000,2071,2053,2056,2051,2064
2051,2027,1990,2066,2046,2040,2037,2061
2035,2020,1981,2063,2052,2041,2040,2062
2041,2028,1987,2064,2052,2049,2056,2066
2041,2039,2001,2069,2052,2056,2067,2063
2044,2038,2009,2065,2046,2050,2053,2055
2047,2030,2011,2052,2037,2048,2065,2051
2039,2032,2022,2045,2036,2044,2055,2043
2037,2038,2034,2031,2026,2046,2032,2036
2047,2037,2045,2026,2018,2046,2032,2038
2043,2038,2045,2008,2011,2039,2064,2029
2040,2037,2051,1996,2025,2041,2058,2027
2041,2038,2071,2009,2038,2046,2070,2033
2050,2054,2093,2025,2046,2056,2069,2033
2056,2068,2101,2033,2041,2057,2061,2041
2050,2067,2104,2041,2042,2058,2074,2038
2059,2071,2108,2050,2051,2061,2068,2042
2053,2065,2122,2047,2040,2054,2045,2036
2049,2049,2108,2046,2034,2046,2041,2030
2046,2049,2105,2048,2032,2046,2061,2041
2046,2057,2093,2051,2029,2052,2062,2041
2048,2052,2081,2043,2030,2049,2047,2044
2043,2050,2068,2033,2024,2042,2036,2040
2050,2050,2060,2029,2017,2040,2042,2042
2045,2051,2064,2034,2020,2044,2061,2043
2041,2053,2061,2034,2041,2050,2065,2048
2048,2050,2051,2034,2051,2058,2065,2056
2049,2048,2046,2027,2054,2053,2064,2054
2045,2041,2046,2032,2067,2057,2054,2059
2044,2042,2048,2042,2064,2053,2062,2054
2042,2039,2049,2043,2056,2052,2048,2060
2048,2043,2050,2036,2047,2047,2047,2054
2048,2052,2060,2040,2036,2047,2048,2067
2051,2048,2053,2040,2037,2043,2032,2054
2035,2037,2038,2039,2036,2042,2033,2056
2034,2037,2040,2040,2033,2046,2047,2064
2048,2060,2046,2051,2031,2047,2053,2060
2052,2052,2042,2053,2031,2044,2050,2063
2052,2049,2039,2050,2030,2044,2040,2057
2055,2047,2028,2047,2032,2041,2032,2052
2057,2043,2021,2041,2034,2052,2038,2048
2054,2037,2010,2041,2034,2050,2044,2040
2050,2034,2010,2042,2030,2050,2055,2037
2047,2035,2017,2044,2037,2052,2043,2040
2046,2025,2011,2044,2059,2047,2022,2032
2041,2018,2010,2044,2076,2051,2037,2023
2038,2017,2005,2042,2073,2047,2032,2026
2040,2012,2011,2041,2063,2049,2045,2023
2037,2019,2006,2042,2055,2039,2054,2027
2039,2022,2001,2033,2038,2034,2029,2023
2029,2003,1991,2025,2020,2025,2023,2019
2029,2009,2000,2024,2032,2030,2028,2030
2047,2043,2040,2041,2038,2035,2034,2036
2052,2057,2069,2061,2042,2041,2033,2041
2051,2071,2087,2065,2048,2040,2046,2038
2054,2072,2085,2062,2051,2044,2046,2041
2058,2080,2096,2074,2061,2048,2040,2046
2058,2082,2076,2064,2075,2052,2054,2049
2059,2072,2062,2062,2078,2059,2034,2062
2054,2062,2044,2060,2079,2068,2049,2059
2055,2057,2032,2061,2079,2062,2061,2063
2047,2054,2036,2054,2068,2057,2061,2061
2057,2057,2035,2049,2059,2057,2054,2059
2053,2057,2042,2050,2064,2059,2047,2057
2051,2054,2040,2040,2053,2052,2059,2054
2049,2048,2045,2028,2041,2048,2055,2050
2043,2043,2043,2022,2039,2044,2044,2055
2038,2047,2050,2029,2040,2046,2053,2059
2055,2060,2072,2043,2053,2062,2048,2056
2052,2057,2072,2042,2051,2062,2068,2050
2054,2056,2067,2048,2052,2062,2047,2050
2052,2059,2060,2050,2054,2068,2044,2044
2052,2058,2056,2050,2052,2069,2052,2044
2057,2058,2056,2054,2050,2056,2048,2050
2052,2054,2055,2043,2049,2055,2046,2043
2057,2055,2052,2038,2044,2055,2042,2037
2054,2058,2047,2041,2046,2056,2049,2030
2052,2053,2047,2037,2057,2056,2044,2032
2052,2048,2044,2037,2052,2055,2043,2030
2049,2041,2040,2042,2052,2053,2059,2034
2053,2041,2040,2044,2054,2063,2058,2029
2050,2044,2039,2046,2050,2064,2066,2035
2053,2036,2039,2045,2042,2059,2035,2031
2043,2032,2038,2035,2045,2054,2044,2031
2041,2035,2052,2047,2049,2057,2062,2036
2058,2054,2057,2052,2046,2053,2053,2036
2059,2051,2050,2056,2054,2053,2062,2041
2056,2046,2048,2055,2051,2050,2067,2037
2055,2044,2046,2051,2058,2054,2056,2044
2060,2047,2042,2058,2060,2058,2063,2047
2051,2046,2046,2060,2058,2053,2070,2044
2047,2049,2038,2060,2050,2057,2055,2046
2048,2043,2036,2059,2049,2056,2056,2050
2045,2046,2027,2060,2065,2056,2056,2046
2038,2040,2022,2066,2059,2051,2062,2049
2040,2038,2036,2071,2059,2053,2061,2051
2042,2040,2044,2077,2057,2050,2033,2051
2042,2046,2049,2074,2056,2048,2050,2053
2042,2043,2048,2064,2052,2047,2046,2054
2039,2032,2031,2048,2044,2046,2045,2057
2036,2030,2029,2038,2043,2047,2030,2056
2043,2042,2044,2043,2049,2050,2031,2053
2052,2054,2054,2046,2057,2052,2049,2052
2053,2052,2054,2050,2049,2055,2051,2056
2045,2045,2041,2044,2052,2051,2060,2046
2046,2041,2032,2036,2048,2051,2034,2033
2047,2030,2029,2043,2044,2044,2023,2033
2041,2034,2026,2042,2041,2045,2024,2033
2044,2039,2034,2032,2039,2041,2022,2032
2045,2036,2050,2037,2044,2045,2033,2034
2051,2050,2062,2040,2051,2052,2040,2031
2050,2057,2058,2036,2049,2057,2043,2037
2056,2055,2043,2030,2046,2052,2054,2032
2053,2050,2035,2034,2044,2055,2053,2034
2054,2045,2041,2043,2050,2058,2041,2023
2047,2040,2034,2039,2044,2051,2033,2024
2043,2037,2029,2037,2036,2050,2031,2027
2048,2044,2032,2041,2051,2054,2060,2035
2053,2050,2037,2045,2057,2057,2065,2035
2055,2049,2031,2046,2056,2059,2049,2040
2053,2054,2032,2042,2058,2060,2046,2042
2058,2053,2028,2044,2059,2069,2042,2044
2051,2051,2033,2039,2058,2068,2061,2045
2053,2046,2026,2036,2057,2069,2057,2049
2052,2040,2024,2018,2046,2065,2058,2051
2049,2042,2031,2021,2047,2074,2044,2049
2056,2035,2033,2017,2040,2078,2041,2057
2047,2028,2044,2022,2030,2078,2046,2063
2040,2020,2058,2034,2037,2091,2040,2063
2034,2031,2070,2049,2045,2098,2051,2071
2045,2045,2085,2066,2049,2086,2049,2065
2048,2055,2095,2071,2045,2033,2038,2058
2039,2042,2087,2067,2042,2019,2027,2063
2039,2044,2087,2067,2048,2031,2036,2059
2058,2059,2091,2072,2046,2044,2045,2062
2058,2061,2093,2066,2051,2050,2030,2050
2057,2065,2093,2059,2045,2044,2045,2056
2059,2061,2102,2070,2047,2030,2042,2048
2060,2058,2102,2076,2058,2028,2042,2048
2055,2055,2099,2089,2052,2038,2042,2038
2056,2054,2090,2084,2054,2037,2048,2034
2057,2052,2080,2081,2056,2037,2040,2034
2046,2042,2071,2074,2060,2045,2038,2032
2050,2048,2076,2073,2066,2049,2047,2030
2051,2054,2067,2064,2058,2058,2028,2024
2061,2058,2054,2074,2056,2057,2048,2028
2059,2051,2050,2057,2042,2049,2048,2029
2056,2046,2038,2048,2047,2047,2022,2029
2052,2033,2021,2037,2031,2040,2025,2031
2054,2033,2020,2037,2029,2045,2043,2033
2052,2046,2023,2042,2042,2054,2059,2039
2054,2047,2023,2033,2039,2051,2055,2033
2050,2040,2021,2024,2037,2046,2045,2034
2054,2036,2025,2023,2040,2049,2030,2040
2054,2045,2042,2033,2048,2054,2047,2037
2057,2046,2053,2037,2051,2049,2038,2040
2052,2044,2059,2032,2049,2050,2041,2038
2049,2040,2053,2033,2045,2049,2033,2044
2049,2044,2064,2043,2042,2052,2051,2046
2045,2045,2074,2052,2050,2059,2045,2047
2041,2042,2082,2051,2058,2064,2034,2057
2045,2042,2082,2048,2058,2060,2030,2055
2052,2039,2068,2047,2054,2053,2045,2051
2046,2035,2050,2033,2046,2049,2053,2050
2038,2027,2037,2018,2038,2036,2039,2047
2032,2017,2032,2024,2034,2035,2037,2046
2040,2024,2047,2019,2039,2038,2023,2051
2036,2035,2053,2009,2038,2030,2025,2050
2038,2033,2042,2009,2031,2035,2028,2048
2034,2033,2049,2017,2036,2038,2047,2049
2038,2049,2071,2031,2046,2045,2040,2049
2044,2056,2082,2046,2053,2048,2042,2042
2051,2058,2077,2049,2050,2054,2045,2043
2051,2059,2072,2049,2050,2052,2054,2039
2051,2051,2064,2047,2046,2045,2042,2036
2055,2051,2063,2044,2040,2038,2031,2035
2048,2048,2066,2045,2037,2033,2044,2033
2054,2052,2061,2043,2038,2042,2039,2031
2052,2048,2058,2048,2041,2041,2038,2034
2054,2051,2054,2050,2041,2042,2056,2033
2055,2051,2058,2045,2041,2047,2046,2033
2046,2047,2055,2042,2042,2038,2024,2029
2050,2044,2056,2039,2037,2033,2030,2027
2046,2053,2068,2051,2047,2045,2056,2031
2056,2052,2059,2047,2055,2048,2056,2036
2051,2043,2057,2046,2054,2051,2052,2035
2047,2050,2057,2053,2056,2050,2026,2042
2047,2047,2061,2055,2058,2051,2044,2047
2050,2045,2061,2056,2062,2050,2059,2045
2054,2044,2057,2058,2058,2051,2042,2044
2052,2044,2063,2056,2050,2054,2040,2049
2051,2043,2057,2056,2051,2056,2044,2052
2048,2037,2052,2056,2057,2052,2052,2061
2048,2041,2047,2053,2053,2055,2048,2061
2050,2038,2045,2058,2062,2054,2048,2059
2055,2042,2043,2061,2056,2047,2051,2060
2055,2039,2040,2058,2048,2045,2044,2067
2045,2037,2030,2053,2045,2043,2045,2060
2042,2029,2024,2042,2037,2036,2038,2056
2042,2034,2023,2048,2034,2034,2064,2052
2053,2047,2033,2049,2036,2034,2043,2050
2052,2043,2028,2035,2037,2034,2059,2047
2042,2041,2028,2032,2040,2043,2066,2046
2045,2036,2024,2027,2037,2044,2043,2041
2045,2038,2034,2029,2040,2049,2063,2034
2045,2054,2048,2041,2044,2046,2033,2048
2054,2064,2058,2041,2042,2047,2034,2040
2058,2068,2063,2049,2043,2051,2035,2040
2061,2069,2066,2052,2044,2053,2028,2044
2060,2069,2072,2052,2051,2054,2056,2036
2061,2070,2087,2055,2045,2056,2055,2042
2060,2074,2083,2051,2045,2056,2039,2041
2054,2066,2075,2049,2035,2047,2039,2030
2052,2054,2061,2042,2015,2044,2040,2030
2057,2042,2052,2032,1998,2035,2033,2023
2038,2025,2032,2017,1994,2022,2036,2029
2042,2025,2026,2020,2015,2040,2044,2039
2046,2038,2030,2034,2050,2052,2057,2035
2050,2041,2032,2043,2065,2059,2053,2044
2046,2043,2034,2048,2081,2056,2060,2044
2046,2046,2038,2052,2074,2052,2052,2044
2049,2046,2038,2047,2061,2054,2048,2054
2046,2044,2042,2046,2061,2055,2051,2047
2045,2048,2046,2054,2064,2056,2053,2049
2047,2050,2061,2060,2062,2053,2056,2053
2050,2044,2068,2057,2065,2046,2048,2055
2050,2049,2079,2064,2056,2046,2045,2057
2047,2045,2073,2062,2056,2044,2035,2057
2053,2044,2068,2058,2053,2044,2053,2059
2041,2042,2063,2065,2056,2044,2059,2061
2041,2046,2051,2068,2055,2045,2052,2056
2036,2033,2042,2070,2047,2033,2036,2050
2035,2029,2041,2075,2052,2035,2018,2049
2044,2042,2040,2077,2049,2044,2035,2056
2039,2039,2037,2078,2055,2038,2040,2043
2040,2035,2029,2079,2049,2042,2040,2043
2041,2030,2024,2068,2050,2039,2024,2044
2037,2026,2020,2060,2047,2043,2013,2040
2040,2029,2025,2057,2045,2044,2041,2029
2038,2032,2024,2050,2045,2048,2051,2033
2043,2037,2029,2041,2050,2051,2016,2038
2040,2037,2036,2050,2053,2053,2036,2030
2045,2038,2030,2049,2050,2048,2051,2032
2037,2033,2023,2032,2038,2044,2048,2027
2034,2029,2011,2029,2033,2046,2045,2024
2034,2038,2026,2031,2039,2056,2052,2029
2042,2063,2060,2037,2040,2057,2052,2037
2051,2077,2055,2034,2047,2051,2042,2019
2045,2055,2037,2022,2040,2044,2037,2018
2041,2048,2026,2023,2045,2052,2057,2026
2049,2056,2030,2029,2042,2056,2050,2036
2048,2052,2030,2033,2044,2062,2062,2036
2049,2053,2019,2025,2053,2064,2062,2044
2057,2056,2017,2027,2057,2065,2042,2044
2056,2054,2015,2030,2054,2061,2050,2040
2053,2051,2020,2038,2055,2059,2058,2044
2054,2052,2022,2042,2052,2050,2053,2040
2054,2052,2034,2046,2051,2044,2042,2043
2048,2053,2050,2051,2050,2040,2049,2050
2050,2055,2064,2050,2048,2036,2057,2052
2055,2055,2080,2051,2043,2029,2043,2045
2049,2050,2087,2045,2045,2028,2059,2050
2041,2045,2094,2041,2046,2029,2055,2056
2036,2054,2100,2038,2045,2039,2045,2050
2042,2042,2094,2027,2039,2042,2045,2060
2043,2044,2099,2024,2042,2051,2034,2065
2053,2069,2096,2035,2053,2053,2026,2060
2055,2064,2094,2037,2051,2046,2029,2056
2055,2068,2091,2042,2045,2045,2040,2056
2052,2061,2083,2048,2050,2045,2053,2045
2054,2062,2088,2056,2051,2042,2059,2045
2053,2062,2076,2057,2048,2051,2042,2042
2057,2064,2073,2057,2051,2049,2032,2037
2055,2053,2070,2050,2054,2050,2043,2032
2053,2047,2062,2051,2049,2052,2053,2039
2052,2053,2064,2049,2057,2050,2052,2035
2052,2057,2063,2055,2060,2050,2053,2035
2054,2057,2063,2057,2053,2039,2059,2034
2049,2049,2063,2055,2054,2037,2037,2031
2054,2052,2056,2056,2048,2041,2061,2023
2045,2041,2049,2047,2037,2032,2056,2021
2039,2036,2048,2043,2040,2037,2056,2028
2050,2046,2061,2054,2053,2043,2051,2034
2049,2050,2053,2058,2048,2044,2064,2031
2047,2054,2057,2055,2051,2044,2077,2033
2050,2051,2058,2056,2050,2040,2065,2036
2052,2049,2057,2055,2046,2050,2038,2036
2047,2043,2057,2051,2046,2054,2050,2044
2049,2049,2057,2056,2056,2059,2056,2039
2044,2049,2054,2053,2057,2060,2056,2044
2049,2048,2051,2056,2056,2064,2071,2043
2048,2048,2052,2052,2058,2054,2061,2044
2053,2050,2053,2054,2055,2045,2048,2049
2044,2043,2054,2051,2050,2042,2062,2049
2046,2044,2050,2054,2051,2044,2038,2060
2046,2046,2052,2047,2054,2054,2027,2059
2041,2037,2038,2040,2052,2049,2027,2052
2042,2036,2041,2033,2049,2056,2042,2054
2050,2048,2047,2044,2059,2055,2056,2050
2053,2052,2052,2047,2051,2051,2070,2058
2053,2053,2052,2050,2053,2044,2069,2056
2049,2056,2048,2046,2052,2043,2053,2050
2050,2049,2053,2046,2046,2043,2049,2045
2051,2058,2051,2052,2046,2039,2043,2039
2052,2050,2053,2054,2046,2041,2073,2036
2057,2057,2052,2062,2054,2047,2070,2039
2059,2055,2056,2056,2056,2047,2074,2040
2057,2055,2059,2055,2050,2043,2056,2026
2045,2050,2052,2052,2045,2044,2041,2025
2046,2047,2051,2050,2047,2041,2053,2019
2042,2041,2048,2048,2045,2045,2060,2015
2044,2045,2051,2055,2046,2053,2068,2020
2047,2038,2040,2045,2046,2043,2062,2015
2042,2036,2038,2047,2045,2034,2057,2020
2048,2046,2042,2049,2053,2041,2062,2024
2046,2051,2043,2044,2047,2045,2067,2021
2052,2051,2045,2043,2044,2043,2046,2024
2046,2051,2041,2041,2051,2042,2064,2037
2048,2048,2039,2032,2048,2040,2055,2032
2047,2047,2045,2027,2047,2045,2046,2031
2051,2043,2038,2031,2048,2039,2021,2037
2053,2046,2046,2037,2050,2042,2035,2040
2046,2052,2044,2042,2050,2041,2040,2047
2047,2047,2043,2040,2042,2042,2060,2048
2051,2049,2047,2040,2050,2043,2047,2053
2046,2043,2050,2042,2050,2050,2024,2060
2054,2044,2046,2041,2052,2053,2020,2066
2046,2047,2042,2042,2057,2056,2052,2061
2046,2037,2041,2034,2053,2050,2049,2058
2045,2031,2036,2036,2046,2047,2051,2055
2051,2045,2047,2045,2054,2053,2050,2056
2049,2053,2047,2047,2053,2062,2035,2052
2054,2054,2043,2047,2060,2065,2053,2050
2049,2051,2049,2046,2053,2064,2062,2050
2051,2046,2041,2048,2055,2064,2056,2041
2048,2047,2039,2050,2052,2072,2055,2040
2044,2045,2042,2050,2054,2071,2059,2035
2052,2049,2044,2048,2051,2072,2047,2031
2046,2047,2047,2044,2063,2074,2054,2027
2048,2049,2045,2053,2058,2073,2060,2028
2048,2051,2041,2053,2059,2073,2049,2026
2049,2044,2040,2044,2051,2082,2039,2022
2052,2045,2041,2043,2054,2072,2027,2024
2060,2052,2047,2046,2049,2068,2030,2020
2044,2045,2041,2042,2037,2059,1998,2017
2043,2044,2035,2045,2037,2055,2004,2015
2043,2045,2044,2044,2044,2033,2020,2027
2054,2049,2047,2042,2043,2004,2027,2027
2050,2046,2043,2044,2041,2012,2038,2027
2049,2046,2043,2046,2050,2025,2034,2032
2045,2045,2048,2041,2044,2042,2036,2026
2050,2051,2042,2042,2045,2064,2042,2032
2044,2046,2037,2043,2043,2056,2040,2033
2044,2040,2040,2043,2045,2058,2050,2042
2036,2040,2043,2041,2039,2061,2052,2050
2042,2045,2040,2045,2039,2047,2047,2053
2046,2047,2050,2055,2047,2035,2047,2054
2049,2047,2049,2060,2050,2037,2053,2056
2044,2049,2050,2054,2049,2046,2052,2056
2045,2046,2053,2051,2054,2052,2060,2049
2045,2046,2046,2048,2056,2055,2049,2037
2033,2035,2041,2039,2042,2051,2030,2038
2035,2039,2048,2048,2046,2054,2038,2039
2046,2049,2044,2051,2043,2057,2045,2042
2044,2046,2049,2047,2039,2056,2023,2038
2043,2045,2045,2034,2032,2048,2034,2036
2046,2048,2042,2045,2036,2048,2026,2030
2039,2052,2049,2046,2039,2042,2039,2034
2042,2043,2044,2043,2035,2049,2050,2029
2044,2054,2045,2047,2038,2053,2048,2026
2042,2048,2046,2043,2039,2058,2046,2022
2051,2046,2046,2044,2050,2052,2040,2030
2043,2046,2044,2045,2041,2049,2046,2027
2045,2048,2047,2046,2044,2057,2056,2026
2044,2044,2044,2050,2057,2059,2051,2028
2043,2049,2049,2053,2064,2055,2043,2027
2045,2055,2042,2050,2057,2049,2030,2024
2039,2040,2034,2044,2049,2041,2039,2017
2042,2034,2036,2042,2042,2041,2041,2029
2044,2037,2037,2047,2051,2053,2045,2030
2037,2044,2043,2048,2064,2067,2064,2035
2043,2045,2043,2053,2068,2069,2071,2032
2046,2044,2040,2052,2079,2067,2066,2037
2046,2045,2044,2053,2080,2058,2058,2041
2049,2044,2042,2050,2069,2056,2066,2045
2047,2047,2043,2045,2051,2046,2057,2044
2055,2044,2042,2040,2039,2041,2058,2045
2047,2048,2041,2049,2044,2049,2052,2039
2044,2044,2042,2048,2047,2059,2058,2050
2042,2036,2039,2048,2046,2062,2067,2054
2037,2040,2041,2041,2038,2061,2052,2058
2031,2040,2040,2042,2048,2056,2050,2056
2030,2045,2040,2042,2052,2058,2039,2056
2026,2037,2036,2040,2043,2055,2057,2059
2037,2034,2039,2040,2049,2060,2058,2062
2040,2048,2043,2046,2056,2059,2044,2059
2045,2054,2044,2045,2050,2047,2043,2056
2042,2047,2046,2042,2042,2043,2027,2049
2045,2050,2049,2047,2052,2040,2035,2046
2044,2049,2047,2044,2051,2038,2032,2039
2050,2051,2044,2042,2050,2040,2039,2039
2047,2049,2044,2046,2050,2048,2042,2040
2052,2047,2043,2047,2052,2042,2039,2039
2051,2050,2045,2043,2047,2043,2039,2029
2043,2053,2041,2048,2052,2045,2030,2034
2049,2048,2046,2037,2052,2056,2038,2037
2049,2046,2045,2042,2051,2058,2033,2036
2048,2046,2045,2039,2048,2050,2032,2030
2048,2045,2047,2036,2047,2038,2029,2024
2034,2037,2040,2033,2046,2035,2024,2023
2030,2035,2038,2034,2047,2045,2032,2020
2044,2044,2045,2044,2066,2063,2060,2031
2046,2051,2051,2049,2068,2073,2054,2042
2053,2049,2052,2051,2073,2079,2045,2038
2043,2058,2048,2054,2061,2073,2048,2034
2047,2052,2049,2053,2067,2068,2049,2038
2050,2048,2055,2051,2064,2067,2050,2034
2045,2049,2048,2051,2067,2063,2056,2038
2044,2046,2044,2051,2063,2055,2059,2043
2043,2045,2050,2051,2059,2058,2076,2055
2042,2049,2046,2042,2055,2056,2068,2053
2048,2052,2050,2047,2055,2053,2061,2064
2049,2051,2049,2046,2044,2049,2045,2059
2049,2047,2047,2043,2041,2040,2035,2059
2039,2046,2040,2042,2045,2042,2046,2067
2037,2041,2036,2042,2043,2037,2022,2053
2033,2031,2032,2038,2047,2034,2032,2052
2029,2035,2036,2040,2057,2043,2042,2053
2039,2042,2039,2040,2053,2039,2029,2050
2038,2045,2042,2036,2056,2035,2045,2047
2039,2048,2045,2044,2058,2035,2049,2041
2042,2050,2050,2047,2061,2043,2047,2041
2044,2052,2048,2040,2054,2048,2039,2044
2053,2057,2052,2041,2054,2045,2057,2044
2053,2056,2056,2041,2053,2045,2037,2047
2050,2060,2049,2045,2055,2043,2046,2042
2054,2055,2052,2039,2055,2043,2033,2038
2052,2061,2049,2039,2049,2049,2044,2035
2046,2054,2046,2040,2050,2058,2046,2031
2044,2050,2046,2040,2049,2061,2041,2029
2045,2050,2051,2045,2052,2061,2052,2037
2053,2052,2051,2044,2059,2063,2043,2032
2046,2040,2044,2041,2048,2061,2047,2038
2043,2044,2042,2039,2054,2061,2033,2041
2049,2053,2052,2050,2058,2056,2068,2052
2051,2055,2059,2049,2053,2050,2070,2053
2048,2047,2055,2051,2052,2050,2060,2057
2055,2047,2058,2048,2047,2050,2066,2062
2055,2055,2060,2045,2045,2051,2058,2058
2056,2055,2057,2041,2033,2045,2047,2051
2054,2052,2052,2034,2023,2047,2037,2048
2042,2045,2047,2034,2014,2048,2049,2055
2048,2047,2046,2037,2019,2059,2064,2065
2048,2051,2049,2036,2031,2059,2069,2055
2051,2047,2051,2040,2039,2058,2074,2052
2043,2049,2045,2040,2044,2058,2051,2055
2049,2048,2049,2042,2048,2061,2044,2051
2047,2044,2047,2037,2046,2059,2053,2056
2047,2046,2041,2036,2037,2047,2029,2051
2038,2033,2033,2028,2029,2038,2023,2043
2031,2033,2037,2032,2037,2041,2025,2051
2032,2042,2038,2038,2037,2045,2030,2056
2041,2037,2037,2036,2041,2054,2049,2055
2046,2035,2041,2043,2044,2048,2056,2042
2041,2034,2047,2045,2049,2051,2039,2046
2040,2032,2044,2043,2050,2050,2058,2043
2042,2036,2040,2041,2050,2047,2075,2040
2040,2039,2035,2045,2061,2050,2064,2044
2041,2036,2036,2044,2077,2056,2073,2041
2036,2037,2035,2042,2067,2062,2058,2046
2037,2033,2032,2041,2056,2060,2059,2036
2036,2034,2036,2038,2053,2054,2062,2033
2024,2027,2026,2034,2042,2050,2031,2027
2026,2025,2032,2037,2044,2056,2043,2024
2035,2026,2037,2036,2045,2052,2049,2021
2030,2020,2031,2038,2055,2064,2064,2026
2029,2024,2034,2040,2067,2078,2060,2045
2044,2038,2042,2043,2061,2080,2056,2046
2049,2050,2053,2047,2044,2082,2059,2056
2057,2054,2059,2050,2036,2091,2059,2055
2060,2061,2063,2047,2038,2083,2046,2048
2058,2065,2054,2043,2032,2072,2031,2054
2056,2064,2056,2034,2026,2077,2049,2062
2055,2058,2052,2035,2011,2078,2044,2051
2054,2056,2052,2026,2007,2043,2014,2052
2052,2049,2049,2033,2052,1992,2038,2054
2055,2054,2050,2041,2082,1969,2050,2055
2055,2050,2046,2042,2099,1978,2031,2064
2055,2055,2051,2045,2111,1995,2041,2061
2056,2051,2046,2044,2129,2007,2005,2061
2055,2046,2043,2048,2130,2006,2017,2062
2053,2040,2043,2043,2146,2012,2034,2068
2061,2047,2049,2057,2154,2020,2039,2068
2060,2047,2049,2059,2124,2031,2045,2068
2062,2043,2045,2054,2088,2040,2044,2064
2064,2041,2047,2033,1983,2034,2034,2061
2062,2044,2052,2036,1962,2046,2050,2059
2066,2045,2055,2043,1995,2058,2056,2057
2063,2047,2055,2050,2020,2058,2056,2053
2059,2045,2059,2050,2027,2064,2064,2052
2052,2050,2059,2036,1971,2056,2046,2046
2048,2053,2057,2022,1916,2047,2038,2042
2046,2058,2053,2019,1933,2046,2050,2048
2056,2066,2059,2024,1962,2046,2052,2046
2052,2068,2056,2025,1997,2056,2050,2041
2056,2066,2051,2028,1998,2064,2016,2034
2048,2041,2035,2015,2003,2068,2023,2027
2042,2036,2027,2016,2029,2071,2030,2021
2040,2035,2034,2018,2049,2081,2024,2023
2038,2039,2031,2018,2044,2054,2024,2016
2041,2037,2030,2019,2020,2018,2018,2014
2034,2033,2030,2022,2004,1993,2033,2022
2034,2033,2037,2012,1969,1966,2018,2032
2036,2040,2036,2024,1964,1958,2031,2039
2044,2037,2036,2033,1982,1968,2031,2045
2048,2039,2042,2041,2016,1983,2036,2051
2050,2044,2044,2042,2046,2000,2027,2051
2054,2050,2048,2058,2088,2042,2045,2070
2055,2053,2054,2071,2110,2066,2058,2073
2051,2051,2051,2069,2109,2077,2064,2063
2043,2051,2043,2063,2096,2091,2060,2067
2042,2047,2037,2051,2068,2073,2053,2058
2033,2030,2023,2036,2023,2061,2042,2054
2032,2027,2017,2019,1984,2038,2050,2058
2039,2036,2029,2016,1947,2005,2038,2054
2040,2033,2026,1995,1883,1975,2028,2048
2042,2037,2021,1982,1857,1969,2016,2044
2049,2036,2025,1995,1888,1973,2015,2044
2045,2032,2022,2005,1939,1994,2011,2043
2046,2046,2028,2036,2033,2043,2040,2046
2054,2056,2049,2073,2152,2080,2052,2047
2060,2062,2060,2101,2269,2109,2063,2043
2059,2061,2056,2101,2310,2138,2066,2043
2052,2055,2048,2094,2293,2139,2081,2038
2051,2053,2046,2084,2245,2132,2072,2029
2046,2046,2030,2077,2217,2132,2073,2028
2039,2041,2027,2075,2244,2125,2057,2023
2044,2043,2029,2077,2234,2088,2063,2029
2040,2040,2030,2080,2165,2051,2044,2033
2036,2036,2029,2078,2118,2069,2044,2030
2040,2046,2026,2053,1954,2068,2042,2031
2039,2039,2013,2002,1788,2052,2036,2023
2028,2035,2009,1978,1742,2044,2025,2019
2031,2034,2013,1997,1852,2059,2039,2026
2034,2035,2023,2020,1938,2049,2013,2035
2044,2042,2037,2036,1986,2022,2041,2047
2046,2052,2055,2064,2058,2023,2067,2064
2056,2058,2051,2072,2075,2043,2061,2075
2053,2056,2055,2076,2090,2057,2058,2069
2046,2049,2047,2062,2086,2050,2054,2067
2038,2028,2030,2050,2074,2035,2049,2065
2034,2026,2024,2031,2065,2011,2032,2058
2035,2028,2033,2021,2024,2010,2044,2063
2035,2040,2057,2024,1963,2014,2035,2058
2034,2046,2076,2021,1956,2021,2025,2062
2038,2058,2080,2019,1981,2049,2036,2065
2043,2060,2076,2023,1983,2085,2038,2065
2041,2057,2065,2024,1979,2097,2046,2056
2047,2065,2080,2032,1983,2077,2051,2059
2059,2076,2084,2038,1984,2073,2060,2051
2068,2075,2092,2051,2028,2063,2060,2057
2071,2080,2102,2064,2083,2057,2053,2042
2051,2075,2094,2066,2101,2052,2044,2037
2049,2076,2084,2056,2082,2037,2017,2032
2046,2068,2069,2042,2054,2035,2017,2033
2052,2054,2060,2041,2039,2051,2047,2036
2051,2058,2060,2045,2028,2051,2053,2030
2044,2055,2052,2036,2028,2047,2032,2027
2040,2050,2046,2046,2050,2056,2043,2034
2039,2048,2045,2066,2095,2066,2035,2026
2039,2039,2040,2061,2089,2056,2041,2031
2036,2038,2033,2062,2080,2053,2056,2033
2044,2043,2032,2070,2076,2060,2047,2038
2043,2041,2025,2068,2067,2061,2056,2039
2045,2038,2029,2070,2064,2060,2045,2037
2051,2040,2020,2063,2069,2063,2039,2042
2048,2042,2024,2066,2071,2058,2065,2043
2044,2043,2024,2078,2081,2057,2050,2041
2046,2031,2025,2082,2074,2055,2041,2043
2049,2027,2019,2080,2055,2052,2052,2043
2042,2028,2020,2075,2037,2042,2023,2046
2037,2026,2027,2071,2040,2045,2014,2047
2029,2023,2033,2065,2043,2043,2038,2044
2032,2024,2037,2047,2044,2044,2040,2041
2030,2035,2032,2030,2037,2045,2061,2044
2032,2045,2054,2027,2048,2048,2047,2049
2043,2048,2068,2028,2054,2069,2049,2054
2033,2052,2067,2030,2056,2077,2038,2053
2043,2060,2077,2037,2057,2088,2059,2058
2043,2061,2080,2036,2058,2088,2072,2056
2046,2065,2081,2040,2062,2089,2063,2056
2051,2065,2083,2034,2059,2088,2063,2049
2053,2060,2082,2025,2050,2076,2048,2033
2054,2061,2088,2021,2037,2071,2041,2028
2052,2062,2092,2026,2048,2061,2046,2027
2045,2062,2084,2025,2045,2044,2039,2028
2054,2064,2082,2034,2051,2041,2052,2029
2050,2060,2064,2038,2054,2038,2050,2031
2050,2050,2050,2042,2049,2013,2034,2024
2048,2050,2044,2040,2056,2001,2037,2028
2046,2046,2043,2044,2050,2000,2050,2041
2058,2053,2044,2048,2056,2021,2065,2045
2064,2061,2047,2040,2049,2031,2055,2043
2058,2050,2040,2041,2043,2036,2039,2040
2053,2040,2039,2046,2047,2052,2047,2031
2050,2042,2048,2043,2043,2048,2043,2030
2052,2046,2048,2047,2049,2043,2050,2035
2039,2046,2050,2039,2045,2045,2055,2039
2046,2052,2054,2046,2054,2047,2063,2045
2050,2052,2054,2051,2049,2050,2052,2051
2048,2054,2058,2052,2056,2058,2059,2054
2053,2055,2067,2048,2055,2058,2058,2049
2048,2058,2061,2046,2050,2058,2046,2053
2050,2059,2067,2053,2062,2062,2053,2060
2052,2061,2067,2053,2066,2072,2062,2066
2051,2059,2069,2060,2072,2078,2061,2058
2050,2057,2067,2055,2063,2094,2058,2062
2048,2058,2062,2056,2070,2104,2064,2063
2044,2058,2063,2059,2068,2099,2070,2066
2048,2049,2052,2052,2062,2077,2061,2061
2044,2039,2054,2051,2058,2017,2021,2059
2036,2045,2056,2051,2052,2008,2029,2059
2048,2054,2063,2053,2050,2020,2031,2058
2045,2053,2060,2053,2042,2024,2014,2048
2041,2055,2060,2053,2042,2036,2019,2040
2046,2056,2062,2055,2051,2037,2047,2043
2051,2059,2054,2057,2044,2045,2056,2048
2049,2060,2060,2057,2047,2048,2053,2041
2045,2053,2055,2056,2048,2053,2052,2038
2043,2054,2056,2057,2051,2062,2043,2049
2045,2054,2054,2057,2051,2060,2052,2047
2049,2053,2055,2052,2047,2058,2075,2050
2055,2056,2054,2053,2040,2046,2066,2041
2046,2047,2050,2058,2037,2032,2060,2040
2043,2045,2050,2054,2041,2022,2063,2030
2041,2044,2049,2053,2038,2025,2056,2030
2036,2034,2041,2044,2036,2026,2059,2030
2035,2033,2043,2051,2044,2044,2051,2030
2048,2048,2057,2058,2054,2044,2058,2037
2048,2050,2057,2062,2054,2047,2058,2038
2055,2049,2051,2059,2057,2038,2044,2042
2054,2055,2052,2062,2059,2043,2050,2040
2054,2054,2046,2056,2057,2043,2038,2040
2047,2052,2042,2054,2060,2052,2057,2044
2052,2050,2040,2062,2064,2048,2063,2041
2049,2051,2036,2060,2069,2061,2052,2049
2054,2049,2032,2062,2076,2065,2074,2049
2051,2049,2028,2061,2071,2062,2074,2058
2048,2048,2029,2053,2067,2055,2072,2062
2045,2046,2026,2048,2059,2054,2068,2063
2043,2044,2018,2041,2055,2045,2056,2065
2044,2037,2016,2035,2048,2040,2058,2059
2042,2033,2015,2034,2038,2035,2040,2052
2042,2023,2011,2029,2043,2034,2026,2054
2036,2019,2013,2040,2041,2038,2046,2057
2046,2038,2023,2038,2050,2043,2060,2058
2053,2045,2023,2041,2052,2043,2060,2057
2053,2045,2021,2043,2050,2046,2061,2055
2051,2043,2017,2036,2054,2049,2058,2041
2049,2040,2014,2034,2053,2051,2069,2038
2047,2038,2012,2033,2044,2049,2064,2035
2039,2033,2015,2029,2038,2048,2041,2026
2044,2035,2026,2035,2046,2050,2033,2031
2050,2044,2029,2032,2040,2051,2046,2031
2051,2040,2027,2036,2041,2050,2053,2034
2046,2039,2025,2040,2046,2038,2048,2041
2049,2048,2033,2041,2045,2043,2066,2043
2050,2057,2055,2042,2055,2059,2072,2047
2060,2067,2069,2052,2058,2065,2048,2048
2059,2063,2075,2047,2050,2060,2038,2050
2057,2056,2080,2053,2054,2052,2039,2048
2058,2077,2090,2056,2060,2060,2029,2049
2064,2078,2085,2059,2055,2058,2025,2049
2063,2075,2086,2058,2067,2060,2030,2053
2064,2077,2083,2065,2069,2064,2054,2050
2069,2075,2079,2059,2070,2064,2060,2051
2073,2070,2073,2061,2074,2057,2038,2053
2066,2065,2064,2064,2073,2055,2027,2052
2066,2064,2058,2058,2068,2058,2031,2052
2059,2059,2048,2052,2056,2067,2040,2052
2052,2052,2042,2049,2051,2045,2039,2050
2053,2047,2041,2043,2043,2034,2032,2053
2044,2043,2037,2052,2040,2041,2025,2055
2046,2044,2034,2053,2042,2049,2039,2062
2044,2043,2047,2062,2048,2047,2028,2060
2045,2041,2054,2067,2041,2041,2029,2048
2033,2026,2042,2050,2037,2038,2036,2045
2033,2025,2030,2062,2037,2042,2029,2052
2036,2036,2016,2073,2045,2049,2028,2046
2043,2032,2011,2085,2053,2051,2024,2046
2042,2034,2018,2093,2062,2055,2033,2043
2041,2034,2031,2112,2069,2057,2035,2042
2042,2033,2029,2111,2079,2055,2042,2036
2041,2033,2018,2112,2084,2058,2056,2030
2046,2030,2003,2111,2079,2063,2063,2036
2040,2030,1994,2104,2071,2062,2064,2031
2044,2034,1982,2090,2068,2056,2062,2031
2042,2027,1968,2077,2062,2048,2046,2023
2040,2027,1955,2068,2055,2045,2058,2022
2034,2022,1952,2053,2049,2040,2046,2020
2031,2026,1962,2052,2039,2037,2054,2018
2037,2021,1965,2047,2046,2037,2053,2020
2033,2020,1955,2030,2038,2029,2031,2016
2025,2009,1945,2011,2033,2039,2030,2015
2019,2010,1950,1997,2022,2042,2054,2024
2021,2021,1985,1981,2012,2032,2046,2025
2025,2033,2020,1959,1993,2021,2033,2023
2031,2045,2050,1945,1998,2028,2049,2026
2042,2064,2076,1955,2017,2041,2054,2037
2054,2077,2090,1976,2044,2049,2061,2043
2050,2079,2096,1995,2054,2050,2045,2050
2053,2070,2091,2014,2059,2056,2046,2056
2061,2070,2098,2034,2065,2062,2040,2065
2054,2065,2091,2041,2060,2067,2041,2066
2048,2060,2074,2042,2054,2063,2041,2073
2050,2050,2076,2044,2059,2057,2053,2066
2054,2044,2076,2046,2054,2062,2062,2075
2047,2046,2092,2043,2054,2060,2055,2074
2059,2053,2095,2060,2052,2054,2059,2070
2048,2052,2090,2061,2045,2047,2045,2063
2047,2050,2088,2052,2049,2049,2056,2068
2050,2058,2090,2056,2054,2052,2057,2072
2054,2060,2077,2054,2059,2056,2064,2070
2056,2066,2080,2056,2057,2058,2056,2063
2051,2068,2081,2060,2051,2046,2047,2054
2053,2065,2088,2056,2048,2039,2043,2054
2052,2067,2095,2056,2050,2043,2030,2045
2054,2058,2091,2054,2050,2043,2058,2049
2051,2053,2083,2049,2058,2042,2049,2050
2058,2049,2068,2044,2061,2047,2040,2045
2054,2051,2064,2049,2054,2049,2028,2050
2051,2050,2073,2065,2062,2043,2042,2038
2049,2058,2087,2066,2061,2047,2041,2031
2049,2071,2092,2078,2067,2055,2057,2041
2058,2078,2105,2094,2076,2073,2051,2043
2056,2064,2088,2093,2073,2060,2054,2028
2046,2050,2069,2088,2070,2064,2051,2028
2046,2048,2070,2083,2070,2064,2062,2039
2055,2052,2064,2078,2078,2068,2058,2036
2048,2042,2047,2070,2080,2066,2057,2038
2041,2043,2024,2059,2080,2068,2060,2047
2046,2039,2016,2044,2068,2069,2061,2043
2049,2048,2013,2044,2072,2068,2068,2045
2050,2048,2006,2034,2054,2056,2054,2050
2051,2037,1990,2024,2032,2043,2052,2048
2042,2034,1984,2024,2040,2037,2052,2054
2044,2033,1978,2020,2046,2043,2047,2061
2047,2028,1971,2014,2043,2040,2039,2067
2032,2028,1983,2004,2034,2031,2050,2068
2037,2037,2002,2010,2026,2032,2037,2066
2041,2047,2024,2010,2034,2045,2048,2062
2036,2047,2028,2010,2038,2044,2050,2056
2028,2029,2007,1993,2036,2037,2048,2056
2022,2013,1997,1999,2026,2046,2056,2054
2029,2023,2016,2016,2009,2047,2041,2049
2030,2026,2030,2020,2045,2050,2049,2050
2043,2030,2043,2030,2068,2050,2064,2054
2044,2036,2056,2032,2057,2054,2073,2052
2046,2044,2064,2034,2044,2048,2076,2051
2048,2051,2081,2045,2071,2051,2059,2052
2052,2062,2105,2054,2075,2046,2064,2051
2050,2063,2114,2055,2093,2052,2062,2050
2053,2065,2105,2057,2096,2063,2070,2043
2051,2056,2099,2048,2072,2050,2065,2041
2048,2042,2079,2033,2084,2047,2072,2032
2039,2032,2066,2046,2098,2057,2049,2030
2045,2036,2062,2056,2081,2063,2056,2033
2042,2032,2052,2056,2047,2058,2056,2031
2035,2029,2041,2050,1986,2044,2041,2032
2032,2024,2043,2043,1900,2033,2051,2027
2041,2049,2057,2054,1945,2048,2041,2033
2052,2053,2063,2069,2006,2062,2045,2038
2061,2058,2071,2082,2040,2071,2053,2041
2050,2050,2079,2084,2050,2073,2052,2042
2051,2046,2081,2079,2029,2065,2065,2047
2045,2042,2067,2066,2029,2055,2054,2036
2037,2037,2054,2065,2058,2060,2051,2038
2031,2035,2046,2067,2103,2059,2059,2033
2026,2030,2036,2068,2129,2063,2057,2048
2029,2036,2035,2063,2119,2057,2060,2049
2044,2043,2036,2063,2104,2062,2072,2065
2046,2050,2046,2074,2096,2071,2081,2073
2054,2054,2039,2069,2083,2070,2075,2069
2052,2050,2023,2077,2083,2058,2064,2065
2042,2045,2004,2065,2070,2050,2046,2059
2033,2030,2008,2062,2057,2038,2056,2051
2028,2032,2013,2072,2046,2034,2045,2052
2030,2028,2030,2067,2029,2022,2021,2049
2030,2035,2062,2066,2025,2019,2018,2052
2032,2052,2097,2068,2035,2026,2046,2051
2042,2069,2125,2072,2044,2041,2052,2055
2054,2075,2140,2066,2046,2052,2056,2053
2051,2076,2134,2058,2052,2051,2052,2047
2053,2068,2122,2062,2055,2054,2069,2045
2051,2066,2112,2058,2061,2054,2066,2043
2052,2055,2091,2069,2058,2052,2063,2042
2054,2054,2091,2089,2070,2053,2076,2048
2057,2067,2093,2096,2080,2062,2064,2045
2061,2073,2087,2097,2082,2062,2074,2051
2062,2065,2072,2094,2086,2071,2064,2044
2064,2054,2049,2079,2072,2057,2056,2035
2049,2043,2018,2067,2055,2059,2044,2028
2047,2041,2003,2055,2056,2063,2070,2043
2057,2049,1996,2056,2068,2047,2069,2042
2056,2047,1986,2042,2061,2030,2048,2045
2052,2037,1962,2040,2051,2034,2062,2042
2054,2032,1950,2026,2024,2037,2065,2049
2057,2030,1952,2018,1958,2041,2057,2044
2052,2023,1966,2009,1953,2037,2044,2053
2045,2020,1978,2007,2000,2031,2058,2046
2040,2029,2021,2002,2042,2043,2048,2050
2040,2040,2042,1997,2038,2049,2051,2052
2042,2050,2042,1982,1994,2038,2053,2051
2037,2042,2025,1965,1944,2027,2046,2047
2037,2032,2027,1963,1939,2025,2023,2049
2029,2030,2028,1963,1962,2019,2035,2045
2034,2029,2037,1993,2031,2031,2041,2059
2039,2031,2034,2017,2121,2060,2057,2070
2051,2039,2044,2025,2100,2058,2048,2071
2046,2046,2055,2007,1979,2002,2041,2069
2054,2051,2074,2020,1986,1983,2046,2061
2049,2066,2084,2019,1970,1997,2048,2054
2050,2067,2080,2018,1960,2016,2054,2051
2052,2069,2080,2040,2044,2058,2074,2056
2056,2068,2078,2064,2120,2076,2066,2054
2062,2065,2078,2070,2158,2095,2067,2052
2058,2058,2080,2064,2145,2098,2065,2048
2057,2055,2087,2064,2113,2090,2070,2050
2058,2062,2092,2061,2112,2086,2041,2046
2051,2062,2097,2061,2108,2062,2040,2047
2060,2073,2120,2071,2106,2035,2050,2045
2061,2074,2130,2078,2104,2047,2060,2047
2059,2070,2122,2072,2088,2052,2063,2037
2053,2056,2101,2052,2042,2036,2034,2034
2046,2045,2080,2035,2014,2035,2051,2030
2055,2056,2076,2041,2026,2042,2060,2033
2050,2053,2068,2059,2100,2061,2062,2040
2049,2048,2063,2070,2125,2059,2058,2040
2047,2037,2047,2051,2044,2046,2025,2035
2045,2033,2038,2047,2003,2050,2040,2041
2039,2036,2031,2050,2005,2057,2056,2047
2042,2043,2040,2048,2005,2045,2036,2053
2052,2047,2043,2046,2029,2040,2056,2045
2049,2049,2050,2050,2025,2030,2053,2054
2042,2044,2064,2040,1968,2009,2043,2049
2039,2041,2073,2043,1997,2020,2050,2040
2049,2053,2096,2073,2039,2037,2065,2060
2052,2061,2086,2085,2064,2036,2048,2064
2055,2047,2069,2084,2108,2058,2047,2063
2047,2036,2048,2070,2153,2063,2042,2062
2036,2026,2030,2049,2163,2054,2044,2059
2042,2032,2035,2036,2148,2054,2043,2057
2045,2040,2048,2029,2138,2064,2040,2059
2052,2051,2047,2035,2135,2073,2035,2050
2057,2053,2040,2039,2141,2085,2044,2052
2057,2051,2026,2037,2126,2084,2061,2046
2053,2051,2022,2035,2102,2069,2052,2046
2056,2054,2030,2040,2078,2040,2050,2042
2052,2044,2034,2037,2043,2034,2049,2028
2049,2041,2047,2024,1901,2020,2044,2021
2041,2052,2054,2017,1885,2030,2058,2028
2052,2054,2054,2026,1936,2046,2060,2035
2060,2061,2054,2024,1991,2065,2068,2041
2066,2057,2044,2033,2036,2084,2064,2046
2060,2060,2050,2050,2057,2094,2073,2048
2066,2059,2054,2058,2079,2104,2060,2043
2055,2058,2060,2076,2115,2123,2065,2037
2056,2064,2062,2089,2174,2135,2073,2047
2055,2059,2065,2084,2176,2118,2060,2044
2054,2052,2059,2073,2129,2088,2065,2038
2051,2050,2053,2048,2038,2045,2050,2043
2047,2046,2046,2026,2010,2001,2032,2045
2046,2047,2045,2001,1999,1970,2032,2044
2040,2045,2050,2013,1988,1976,2035,2047
2045,2052,2062,2021,1968,1986,2040,2049
2049,2056,2059,2027,1991,2001,2033,2053
2049,2058,2046,2036,2035,2028,2033,2056
2045,2052,2036,2040,2041,2049,2040,2060
2043,2050,2039,2058,2034,2050,2039,2063
2044,2051,2056,2056,2052,2066,2059,2064
2045,2054,2061,2061,2097,2086,2062,2070
2053,2045,2059,2061,2113,2083,2070,2062
2053,2043,2052,2061,2116,2073,2056,2065
2054,2052,2059,2060,2107,2063,2062,2074
2064,2060,2060,2057,2130,2056,2056,2061
2061,2056,2057,2054,2173,2050,2043,2060
2057,2048,2049,2041,2129,2028,2042,2043
2051,2047,2045,2036,2106,2017,2027,2036
2047,2041,2039,2045,2113,2023,2021,2032
2047,2042,2037,2046,2117,2022,2029,2025
2036,2043,2039,2045,2073,2006,2027,2021
2035,2044,2040,2041,1995,2003,2034,2032
2041,2045,2037,2039,1963,2007,2039,2031
2044,2048,2028,2026,1906,2017,2042,2032
2040,2039,2027,2003,1790,2019,2055,2035
2049,2052,2038,2040,1883,2066,2070,2043
2058,2054,2049,2072,2005,2089,2082,2032
2048,2049,2040,2065,2011,2085,2070,2031
2047,2044,2033,2060,1982,2085,2070,2037
2047,2049,2038,2056,1959,2073,2064,2041
2049,2053,2035,2064,1942,2057,2060,2041
2054,2047,2036,2083,1991,2035,2069,2043
2050,2044,2039,2097,2080,2034,2068,2035
2038,2043,2038,2083,2062,2010,2044,2024
2032,2035,2030,2058,2068,2023,2064,2035
2036,2041,2047,2092,2240,2076,2074,2044
2036,2046,2058,2132,2330,2129,2073,2046
2040,2055,2054,2116,2322,2150,2084,2037
2044,2051,2050,2100,2244,2142,2068,2036
2041,2047,2058,2096,2090,2111,2037,2040
2049,2048,2061,2081,1905,2065,2030,2047
2050,2054,2065,2069,1914,2036,2040,2053
2052,2060,2067,2070,1977,2010,2035,2065
2043,2045,2053,2056,1978,1970,2028,2064
2039,2031,2042,2020,1868,1955,2022,2068
2043,2045,2054,2024,1860,1973,2038,2057
2045,2048,2060,2040,1893,2002,2048,2043
2039,2041,2053,2034,1902,1997,2035,2044
2043,2037,2040,2030,1918,2017,2058,2051
2044,2035,2030,2043,2001,2042,2053,2046
2049,2039,2024,2041,2048,2051,2042,2041
2040,2032,2026,2026,2046,2033,2043,2033
2035,2034,2018,2005,2022,2033,2040,2033
2044,2038,2017,2004,2055,2065,2063,2042
2050,2041,2030,2017,2086,2067,2052,2036
2044,2047,2028,2017,2124,2065,2037,2035
2056,2049,2032,2038,2197,2085,2067,2037
2054,2054,2041,2062,2242,2096,2054,2030
2056,2053,2047,2085,2216,2089,2040,2036
2045,2046,2039,2078,2166,2064,2034,2028
2047,2048,2040,2056,2100,2052,2066,2036
2054,2052,2046,2051,2041,2061,2047,2045
2056,2056,2048,2039,1985,2072,2070,2047
2056,2051,2044,2044,2026,2079,2070,2050
2059,2051,2037,2047,2032,2058,2062,2048
2049,2042,2029,2025,1898,2015,2065,2046
2049,2037,2025,2013,1837,2000,2055,2050
2045,2039,2034,2022,1848,1999,2042,2046
2048,2039,2033,2015,1808,1994,2061,2052
2043,2036,2033,2028,1925,2020,2054,2057
2036,2033,2032,2060,2137,2062,2061,2049
2038,2035,2037,2082,2249,2081,2080,2059
2038,2038,2034,2070,2275,2081,2052,2065
2038,2030,2030,2085,2327,2118,2074,2068
2052,2043,2043,2092,2274,2112,2073,2067
2045,2029,2041,2069,2237,2088,2066,2058
2037,2019,2026,2053,2167,2045,2037,2050
2036,2029,2028,2054,2174,2069,2029,2053
2035,2036,2024,2060,2150,2098,2043,2045
2040,2040,2037,2081,2148,2120,2055,2060
2055,2047,2040,2105,2169,2125,2069,2064
2056,2054,2048,2102,2056,2095,2060,2070
2067,2061,2053,2110,2099,2043,2084,2081
2078,2070,2060,2112,2160,2037,2073,2081
2069,2069,2057,2051,1966,2012,2065,2060
2060,2061,2054,2008,1861,1984,2044,2048
2050,2055,2035,1980,1880,1961,2042,2024
2036,2044,2027,1976,1894,1970,2063,2020
2036,2045,2036,2009,1896,2007,2069,2025
2045,2050,2047,2029,1885,2037,2068,2042
2046,2051,2046,2063,2000,2059,2072,2037
2051,2046,2043,2074,2034,2040,2052,2029
2046,2040,2042,2065,2014,2026,2042,2031
2053,2050,2046,2060,2003,2016,2012,2032
2058,2056,2049,2048,1969,2033,2034,2037
2061,2054,2053,2049,1980,2042,2017,2037
2059,2057,2054,2058,1993,2028,2013,2041
2057,2058,2054,2060,2008,2030,2028,2042
2059,2061,2056,2069,1980,2044,2049,2053
2058,2070,2065,2084,1968,2067,2050,2068
2056,2069,2062,2082,2008,2080,2046,2080
2063,2070,2062,2075,2005,2079,2075,2081
2064,2067,2056,2081,2038,2085,2064,2088
2063,2068,2060,2092,2071,2114,2081,2088
2072,2071,2063,2096,2116,2128,2067,2102
2064,2064,2054,2088,2172,2121,2055,2093
2057,2052,2035,2032,2088,2075,2036,2074
2044,2030,2012,1975,1972,2005,2013,2067
2043,2025,2005,1990,1888,2004,2013,2069
2059,2039,2032,2031,1944,2050,2043,2061
2049,2044,2041,2041,1979,2026,2033,2062
2053,2041,2043,2038,1962,2003,2013,2056
2051,2046,2045,2062,2034,2016,2034,2060
2055,2049,2060,2080,2124,2037,2064,2058
2059,2045,2054,2083,2103,2030,2048,2061
2060,2053,2049,2059,2022,2007,2041,2063
2046,2051,2050,2046,1950,1993,2040,2060
2045,2057,2051,2023,1880,1960,2027,2053
2051,2058,2048,2038,2036,1971,2010,2043
2041,2044,2037,2047,2149,2008,2006,2033
2039,2035,2028,2069,2252,2051,2018,2030
2042,2040,2036,2056,2153,2088,2030,2039
2039,2038,2022,2034,2074,2099,2026,2022
2031,2018,2019,2051,2185,2115,1999,2014
2032,2019,2024,2045,2121,2092,2024,2023
2041,2039,2034,2030,1965,2085,2029,2027
2047,2048,2036,2018,1876,2057,2023,2019
2047,2046,2043,2034,1884,2000,2028,2037
2049,2042,2043,2059,1996,1999,2044,2056
2049,2048,2043,2096,2134,2084,2070,2066
2066,2052,2057,2125,2248,2155,2083,2067
2067,2054,2057,2127,2259,2170,2088,2076
2062,2050,2056,2122,2209,2191,2080,2076
2067,2049,2054,2105,2189,2148,2069,2088
2068,2054,2055,2085,2142,2044,2040,2092
2072,2048,2042,2056,2148,2000,2033,2081
2058,2040,2032,2054,2251,1990,2007,2071
2051,2037,2040,2080,2328,1986,2015,2063
2046,2049,2049,2099,2246,1986,2024,2063
2038,2045,2044,2083,2046,1984,2017,2068
2051,2046,2051,2044,1911,1997,2036,2093
2069,2072,2074,2085,1958,2030,2051,2089
2069,2072,2081,2131,2082,2047,2039,2084
2057,2071,2068,2080,1936,2023,2037,2064
2041,2060,2045,1991,1569,1976,2006,2056
2047,2061,2037,1958,1538,1969,2012,2051
2048,2055,2030,2009,1829,2021,2016,2040
2045,2045,2029,2075,2089,2085,2045,2043
2043,2045,2027,2077,2136,2100,2067,2036
2048,2050,2024,2073,2107,2091,2052,2035
2048,2061,2024,2084,2155,2079,2047,2039
2048,2061,2028,2082,2096,2073,2047,2035
2052,2067,2035,2064,1942,2067,2058,2036
2048,2064,2036,2041,1907,2073,2054,2039
2051,2061,2038,2062,2084,2097,2068,2037
2042,2049,2026,2055,2198,2090,2045,2034
2030,2024,2015,2034,2178,2052,2031,2030
2032,2029,2023,2044,2229,2052,2011,2034
2039,2034,2019,2045,2303,2035,2010,2033
2040,2040,2025,2022,2135,1998,2024,2033
2041,2038,2023,2002,1952,1998,2015,2033
2035,2043,2028,2007,1919,2007,2023,2039
2039,2045,2036,2016,1931,2024,2044,2052
2038,2052,2039,2041,1964,2034,2051,2051
2046,2051,2047,2037,1976,2042,2062,2060
2049,2055,2048,2044,1994,2055,2050,2073
2057,2055,2058,2055,2048,2070,2036,2070
2050,2055,2055,2056,2108,2070,2034,2069
2044,2048,2044,2047,2168,2054,2028,2058
2029,2028,2031,2026,2150,2042,2034,2045
2024,2019,2017,2012,2123,2029,2037,2047
2027,2011,2015,2021,2097,2040,2042,2053
2035,2019,2022,2040,2182,2074,2061,2065
2047,2032,2034,2060,2197,2090,2059,2065
2047,2037,2032,2048,2167,2081,2052,2062
2042,2058,2050,2030,2068,2077,2058,2057
2052,2068,2059,2047,2112,2111,2072,2064
2059,2076,2060,2079,2205,2111,2042,2062
2048,2066,2050,2064,2136,2066,2060,2047
2040,2051,2040,2025,2028,1995,2043,2036
2038,2041,2031,1997,1810,1938,2028,2029
2038,2035,2020,1996,1839,1938,2031,2034
2038,2037,2028,2023,1949,1968,2032,2026
2037,2042,2034,2081,2094,2020,2034,2019
2032,2040,2036,2106,2161,2032,2033,2026
2024,2033,2025,2106,2172,2032,2033,2021
2026,2031,2032,2086,2128,2037,2025,2026
2023,2028,2034,2057,2043,2029,2043,2015
2018,2032,2038,2028,1981,2030,2052,2013
2018,2046,2043,2034,1953,2041,2049,2014
2026,2045,2046,2041,1958,2033,2056,2036
2050,2049,2042,2038,1988,2036,2061,2056
2059,2056,2044,2031,1977,2016,2062,2064
2060,2053,2040,2020,1913,1992,2072,2066
2068,2053,2042,2031,1973,2005,2055,2071
2067,2061,2055,2052,2057,2034,2054,2080
2078,2068,2051,2060,2118,2045,2067,2059
2069,2062,2050,2059,2110,2034,2043,2042
2060,2061,2044,2056,2099,2026,2047,2038
2052,2048,2040,2045,2064,2021,2025,2050
2044,2033,2043,2032,1992,2020,2019,2051
2028,2026,2034,2018,1855,2013,2010,2050
2024,2027,2036,2030,1954,2054,2020,2050
2024,2036,2043,2046,2002,2079,2050,2044
2021,2030,2038,2040,2012,2068,2057,2049
2027,2033,2043,2051,2029,2064,2045,2067
2047,2049,2056,2065,2071,2067,2032,2067
2058,2058,2055,2059,2070,2052,2042,2072
2057,2058,2042,2054,2033,2032,2039,2061
2050,2049,2039,2044,1983,2015,2027,2052
2046,2051,2040,2034,1980,2009,2014,2045
2046,2043,2045,2053,2039,2031,2033,2038
2049,2052,2061,2064,2107,2055,2022,2051
2054,2051,2067,2069,2130,2060,2020,2045
2060,2047,2071,2081,2157,2073,2059,2053
2057,2051,2080,2101,2210,2107,2099,2055
2063,2059,2078,2103,2192,2106,2115,2063
2065,2048,2067,2066,2044,2049,2080,2059
2063,2043,2051,2030,1819,1982,2065,2045
2047,2030,2034,2002,1669,1941,2027,2033
2040,2021,2009,1989,1698,1917,1988,2029
2027,2023,2005,2031,1910,1973,2039,2029
2041,2024,2013,2059,2057,2024,2057,2028
2044,2029,2008,2052,2088,2048,2046,2037
2050,2038,2020,2041,2079,2070,2047,2040
2052,2049,2032,2051,2069,2082,2054,2038
2060,2056,2042,2041,2032,2080,2045,2037
2054,2052,2040,2040,2096,2087,2044,2042
2050,2040,2033,2054,2121,2088,2038,2044
2048,2039,2026,2054,2155,2085,2041,2048
2044,2038,2026,2073,2210,2111,2045,2058
2053,2049,2041,2102,2256,2124,2057,2060
2050,2050,2045,2111,2213,2099,2057,2063
2050,2048,2039,2105,2185,2091,2073,2068
2052,2047,2040,2100,2109,2074,2058,2070
2050,2056,2052,2074,2104,2051,2045,2064
2040,2045,2051,2047,2060,2043,2034,2060
2046,2042,2053,2032,1928,2057,2051,2064
2055,2057,2063,2046,1905,2054,2058,2068
2051,2051,2062,2061,1995,2049,2048,2058
2052,2047,2055,2044,1966,2014,2045,2055
2054,2041,2047,2019,1845,2012,2040,2046
2049,2035,2049,2010,1835,2011,2046,2034
2038,2038,2046,2009,1927,2018,2035,2026
2042,2036,2047,2004,2007,2028,2052,2028
2046,2035,2042,2020,2112,2050,2047,2027
2043,2026,2041,2040,2154,2073,2050,2031
2033,2041,2052,2063,2194,2086,2041,2030
2036,2042,2056,2047,2078,2064,2013,2025
2044,2051,2062,2041,2022,2043,2015,2024
2049,2055,2068,2049,1991,2064,2020,2021
2058,2056,2061,2047,2002,2083,2010,2004
2038,2035,2042,2042,2048,2082,2024,2017
2042,2034,2040,2052,2078,2084,2035,2031
2055,2054,2055,2062,2107,2064,2037,2039
2061,2052,2053,2072,2124,2061,2038,2047
2067,2058,2057,2062,2137,2048,2039,2041
2067,2049,2057,2068,2153,2037,2034,2030
2058,2053,2058,2079,2198,2056,2025,2037
2050,2059,2062,2082,2152,2079,2024,2044
2048,2056,2053,2062,2039,2087,2040,2058
2058,2058,2054,2067,2084,2108,2050,2069
2065,2067,2057,2078,2143,2128,2060,2067
2073,2065,2057,2084,2192,2125,2051,2055
2051,2056,2054,2076,2162,2102,2044,2053
2046,2056,2050,2065,2125,2077,2033,2065
2054,2050,2049,2052,2055,2036,2037,2061
2050,2045,2042,2032,1996,1994,2006,2042
2034,2022,2035,2018,1997,1973,2023,2050
2040,2026,2042,2060,2096,2016,2018,2062
2050,2051,2062,2085,2108,2041,2025,2049
2056,2051,2056,2061,2015,2032,2005,2039
2054,2045,2052,2042,1947,2028,2011,2036
2056,2039,2058,2047,1976,2033,2027,2036
2050,2047,2061,2054,2001,2040,2037,2041
2051,2055,2062,2055,2017,2042,2028,2038
2056,2058,2063,2055,2016,2040,2051,2033
2053,2052,2058,2053,2029,2046,2033,2038
2054,2047,2058,2068,2054,2066,2036,2037
2063,2052,2072,2076,2067,2072,2057,2038
2056,2050,2060,2076,2059,2075,2070,2036
2060,2041,2061,2076,2041,2059,2062,2026
2050,2035,2063,2069,2029,2044,2043,2020
2036,2034,2056,2061,2007,2031,2027,2018
2033,2030,2051,2061,2001,2020,2011,2020
2041,2036,2055,2060,2001,2034,2033,2035
2055,2046,2052,2070,2017,2049,2041,2036
2052,2047,2042,2064,1981,2053,2040,2029
2049,2037,2029,2048,1930,2078,2033,2024
2042,2027,2023,2029,1921,2078,2023,2015
2039,2033,2012,2037,1989,2080,2020,2014
2038,2030,2019,2049,2054,2076,2015,2027
2046,2031,2016,2074,2107,2018,1997,2046
2047,2037,2020,2085,2173,1945,2027,2069
2057,2037,2025,2074,2195,1962,2008,2063
2055,2033,2019,2056,2199,2012,2015,2062
2043,2032,2024,2044,2180,2047,2046,2056
2044,2032,2017,2018,2054,2050,2040,2058
2037,2035,2021,1991,1934,2069,2046,2059
2045,2045,2043,2029,2031,2100,2048,2060
2050,2052,2057,2042,2058,2101,2044,2059
2052,2052,2063,2044,2062,2097,2046,2067
2049,2061,2074,2047,2065,2091,2049,2069
2053,2065,2069,2056,2065,2078,2045,2063
2052,2055,2060,2059,2085,2021,2043,2058
2051,2054,2051,2078,2122,2015,2046,2058
2046,2046,2047,2061,2071,2052,2041,2040
2045,2036,2042,2063,2053,2094,2040,2034
2045,2036,2038,2067,2076,2114,2063,2036
2053,2026,2043,2068,2058,2108,2027,2029
2039,2029,2033,2068,2062,2053,2053,2040
2048,2028,2037,2084,2096,2005,2044,2048
2054,2031,2026,2077,2066,2025,2027,2052
2051,2033,2010,2057,2028,2036,2023,2038
2046,2032,2008,2051,2056,2047,2067,2032
2048,2031,2003,2058,2067,2054,2046,2029
2050,2020,1980,2055,2044,2044,2042,2022
2037,2011,1969,2054,2045,2043,2045,2020
2044,2019,1974,2056,2060,2059,2071,2018
2040,2022,1974,2050,2060,2066,2049,2025
2040,2027,1970,2043,2056,2060,2029,2024
2036,2020,1961,2031,2056,2050,2018,2024
2038,2024,1969,2013,2049,2040,2020,2032
2032,2032,1985,2017,2043,2036,2040,2035
2037,2038,2009,2024,2051,2043,2040,2052
2037,2048,2032,2028,2054,2061,2037,2061
2048,2055,2065,2036,2054,2076,2078,2064
2057,2075,2098,2052,2078,2082,2082,2068
2063,2090,2122,2070,2090,2084,2064,2074
2065,2090,2134,2073,2071,2091,2065,2083
2063,2086,2143,2082,2037,2086,2063,2086
2067,2084,2151,2078,2026,2084,2068,2086
2056,2070,2137,2070,1998,2072,2062,2075
2052,2058,2129,2055,1957,2065,2060,2067
2051,2060,2123,2040,1935,2044,2052,2059
2051,2062,2112,2026,1902,2006,2044,2050
2042,2045,2091,2004,1928,1997,2042,2038
2037,2044,2084,2021,2023,2020,2041,2042
2040,2050,2082,2029,2113,2021,2046,2048
2053,2057,2088,2055,2163,2024,2062,2044
2055,2058,2088,2071,2200,2042,2058,2044
2051,2049,2080,2093,2210,2069,2058,2043
2046,2043,2071,2088,2183,2067,2047,2031
2039,2036,2065,2069,2110,2054,2052,2028
2040,2046,2063,2054,2064,2046,2057,2026
2043,2040,2061,2042,2045,2032,2048,2025
2047,2044,2065,2047,2058,1995,2050,2031
2049,2047,2068,2056,2067,2001,2057,2029
2044,2041,2059,2045,2052,2019,2053,2026
2035,2030,2055,2044,2060,2038,2049,2026
2039,2044,2062,2056,2070,2060,2046,2029
2045,2039,2067,2053,2068,2060,2047,2029
2044,2051,2064,2063,2080,2062,2061,2026
2045,2051,2067,2058,2086,2062,2054,2026
2053,2056,2072,2059,2078,2043,2040,2028
2045,2050,2069,2057,2075,2033,2029,2033
2044,2047,2062,2058,2076,2039,2050,2041
2048,2046,2073,2063,2064,2037,2035,2045
2045,2044,2064,2065,2065,2042,2030,2042
2043,2035,2058,2070,2073,2042,2031,2043
2045,2038,2058,2078,2068,2039,2054,2053
2041,2037,2051,2078,2069,2036,2041,2047
2037,2031,2046,2071,2068,2039,2040,2051
2035,2027,2036,2067,2063,2038,2030,2047
2036,2024,2036,2063,2045,2034,2033,2039
2032,2015,2032,2058,2055,2031,2020,2029
2027,2014,2029,2061,2056,2044,2044,2039
2036,2027,2034,2062,2068,2056,2052,2037
2036,2028,2039,2074,2073,2054,2054,2037
2040,2030,2039,2074,2066,2051,2060,2036
2045,2033,2038,2073,2069,2050,2056,2032
2044,2038,2034,2066,2064,2045,2053,2024
2041,2042,2028,2058,2064,2046,2037,2035
2036,2044,2031,2052,2063,2051,2050,2033
2042,2044,2024,2046,2060,2050,2031,2027
2038,2039,2029,2045,2055,2046,2044,2027
2042,2041,2036,2040,2051,2044,2046,2025
2035,2037,2039,2040,2051,2026,2039,2013
2036,2030,2027,2038,2051,2034,2026,2012
2034,2028,2032,2042,2052,2047,2039,2013
2025,2019,2017,2019,2037,2049,2031,2021
2021,2010,2029,2015,2035,2038,2023,2021
2022,2017,2058,2034,2047,2048,2055,2033
2036,2039,2092,2046,2054,2060,2063,2035
2047,2054,2109,2056,2064,2076,2061,2040
2046,2058,2103,2060,2071,2067,2052,2042
2050,2058,2104,2053,2058,2058,2054,2039
2052,2056,2093,2054,2064,2065,2059,2050
2052,2055,2091,2058,2072,2079,2084,2052
2052,2059,2091,2056,2073,2074,2066,2056
2056,2062,2096,2053,2067,2076,2073,2056
2055,2058,2087,2059,2067,2069,2056,2051
2053,2058,2080,2053,2064,2062,2054,2046
2053,2056,2078,2057,2056,2066,2042,2043
2045,2052,2074,2043,2051,2065,2027,2039
2041,2049,2066,2049,2058,2035,2027,2042
2037,2043,2064,2049,2054,2014,2019,2034
2035,2038,2057,2040,2057,2030,2045,2047
2036,2039,2059,2050,2055,2034,2065,2046
2054,2048,2062,2054,2064,2040,2072,2056
2052,2050,2064,2052,2063,2036,2073,2057
2052,2052,2062,2053,2060,2025,2068,2055
2049,2049,2064,2043,2049,2015,2056,2046
2050,2051,2064,2047,2053,2014,2062,2045
2057,2054,2063,2051,2057,2018,2051,2038
2051,2056,2063,2051,2061,2023,2050,2044
2053,2050,2059,2055,2065,2032,2042,2037
2053,2048,2061,2062,2066,2036,2043,2029
2048,2046,2062,2057,2059,2033,2070,2030
2048,2046,2062,2053,2060,2037,2052,2027
2044,2050,2058,2057,2058,2048,2046,2030
2046,2042,2062,2049,2063,2067,2049,2033
2047,2040,2061,2045,2049,2082,2034,2030
2034,2032,2043,2042,2029,2054,2039,2021
2038,2032,2049,2044,2033,2045,2047,2021
2045,2051,2048,2051,2051,2052,2021,2022
2044,2045,2051,2055,2061,2063,2025,2018
2038,2045,2056,2058,2059,2056,2030,2022
2039,2044,2054,2056,2062,2049,2043,2020
2040,2040,2051,2056,2059,2045,2055,2033
2044,2041,2051,2057,2057,2040,2055,2027
2038,2042,2052,2056,2058,2054,2056,2030
2042,2033,2054,2065,2060,2065,2040,2034
2033,2033,2063,2065,2068,2074,2050,2042
2035,2032,2060,2068,2069,2071,2035,2034
2034,2032,2072,2075,2070,2052,2040,2040
2033,2032,2080,2077,2056,2038,2047,2045
2037,2025,2073,2070,2049,2039,2038,2048
2041,2032,2070,2072,2046,2045,2036,2052
2034,2031,2055,2070,2050,2033,2031,2050
2032,2030,2054,2074,2048,2028,2050,2057
2043,2046,2058,2081,2055,2028,2040,2053
2045,2050,2057,2076,2058,2040,2034,2052
2046,2050,2047,2076,2060,2045,2032,2046
2046,2048,2042,2069,2058,2051,2056,2041
2040,2044,2031,2064,2066,2054,2052,2043
2048,2046,2034,2058,2061,2052,2044,2039
2042,2038,2034,2050,2048,2054,2025,2037
2045,2042,2034,2041,2046,2045,2058,2033
2050,2041,2025,2032,2040,2048,2060,2034
2050,2044,2029,2026,2034,2040,2049,2030
2051,2047,2032,2028,2047,2043,2050,2029
2052,2047,2030,2019,2050,2039,2061,2027
2050,2043,2018,2024,2050,2042,2039,2029
2052,2041,2022,2029,2044,2046,2066,2024
2044,2034,2018,2026,2046,2054,2085,2023
2040,2028,2017,2033,2049,2060,2069,2026
2050,2036,2033,2040,2049,2065,2075,2025
2043,2035,2030,2038,2041,2065,2068,2031
2052,2030,2036,2041,2040,2074,2056,2038
2050,2035,2044,2042,2042,2079,2051,2044
2052,2039,2040,2041,2042,2086,2057,2036
2055,2038,2043,2042,2041,2074,2082,2042
2054,2036,2044,2044,2051,2037,2073,2046
2052,2034,2049,2040,2049,2010,2065,2044
2050,2040,2054,2041,2045,1995,2068,2044
2045,2037,2052,2036,2040,2004,2066,2044
2041,2037,2060,2032,2039,2012,2056,2045
2045,2045,2061,2037,2038,2021,2051,2049
2046,2052,2068,2045,2042,2029,2060,2060
2050,2054,2065,2044,2042,2035,2060,2056
2040,2040,2054,2037,2035,2037,2049,2053
2038,2036,2052,2039,2036,2042,2061,2044
2037,2043,2058,2040,2044,2048,2042,2043
2042,2045,2053,2047,2043,2042,2057,2042
2040,2043,2056,2048,2038,2031,2061,2043
2046,2050,2054,2049,2033,2027,2051,2043
2046,2048,2050,2042,2034,2028,2044,2036
2050,2042,2051,2049,2041,2032,2059,2038
2042,2049,2057,2054,2047,2035,2044,2040
2048,2047,2053,2055,2051,2048,2058,2028
2046,2044,2049,2055,2052,2060,2056,2026
2049,2048,2047,2050,2057,2056,2059,2031
2051,2046,2046,2051,2053,2056,2046,2037
2053,2049,2047,2052,2055,2063,2041,2041
2053,2049,2043,2051,2055,2068,2048,2041
2054,2046,2043,2050,2061,2064,2069,2033
2045,2034,2026,2047,2050,2051,2055,2030
2035,2033,2024,2041,2050,2053,2061,2038
2042,2045,2037,2052,2053,2061,2086,2037
2050,2044,2040,2046,2050,2050,2080,2043
2046,2042,2034,2047,2046,2053,2075,2046
2053,2047,2032,2049,2045,2065,2084,2050
2054,2051,2032,2052,2042,2063,2077,2048
2057,2048,2031,2047,2051,2061,2077,2049
2054,2046,2033,2049,2050,2063,2080,2051
2050,2043,2038,2052,2044,2060,2074,2042
2049,2052,2042,2054,2048,2058,2073,2043
2051,2054,2051,2056,2051,2052,2066,2054
2057,2051,2047,2055,2067,2035,2050,2055
2049,2052,2045,2055,2100,2019,2025,2054
2047,2048,2047,2051,2104,2024,2020,2056
2040,2045,2047,2054,2107,2041,2013,2055
2036,2040,2040,2046,2101,2037,2018,2053
2042,2045,2044,2044,2090,2039,2049,2058
2050,2048,2052,2050,2074,2049,2050,2060
2050,2048,2057,2050,2032,2053,2051,2053
2054,2052,2061,2038,1906,2045,2055,2049
2051,2057,2066,2035,1910,2050,2055,2038
2055,2060,2070,2039,1968,2066,2048,2042
2057,2059,2078,2044,2006,2074,2063,2046
2057,2059,2078,2039,2032,2093,2073,2044
2066,2064,2088,2044,2036,2077,2066,2043
2064,2064,2079,2050,2038,2077,2065,2033
2064,2066,2076,2050,2044,2084,2063,2030
2068,2066,2073,2054,2047,2087,2065,2029
2067,2071,2068,2050,2047,2071,2050,2025
2072,2064,2068,2053,2041,2053,2029,2023
2064,2065,2069,2047,2039,2034,2038,2017
2051,2049,2053,2040,2027,2014,2037,2016
2046,2045,2048,2036,2027,2026,2058,2026
2044,2056,2057,2043,2040,2049,2059,2041
2056,2058,2056,2052,2039,2068,2054,2047
2059,2061,2059,2052,2049,2069,2095,2046
2054,2052,2059,2052,2040,2045,2086,2045
2046,2047,2055,2046,2037,2021,2065,2044
2042,2043,2049,2044,2033,2002,2053,2048
2045,2050,2052,2045,2040,2017,2061,2054
2051,2052,2057,2051,2042,2029,2063,2056
2049,2059,2056,2060,2053,2043,2047,2061
2054,2059,2056,2058,2060,2045,2055,2056
2044,2054,2056,2057,2065,2045,2052,2064
2041,2047,2045,2050,2053,2068,2057,2066
2036,2047,2036,2044,2041,2072,2065,2068
2039,2047,2039,2041,1996,2052,2058,2063
2039,2039,2036,2033,2008,2030,2050,2059
2035,2043,2034,2039,1999,2032,2038,2064
2043,2049,2043,2050,2010,2057,2065,2066
2052,2057,2050,2055,2010,2075,2069,2072
2053,2055,2050,2055,2017,2076,2059,2062
2055,2048,2048,2048,2025,2074,2056,2047
2052,2052,2044,2040,2016,2053,2057,2045
2044,2047,2045,2026,2025,2042,2064,2041
2041,2041,2048,2035,2046,2055,2053,2034
2042,2045,2050,2043,2052,2064,2062,2042
2045,2050,2047,2049,2030,2045,2035,2044
2048,2050,2048,2048,2034,2031,2034,2046
2049,2052,2048,2055,2047,2036,2051,2039
2044,2050,2047,2057,2053,2038,2060,2034
2047,2047,2039,2053,2060,2039,2058,2034
2044,2044,2045,2049,2062,2043,2056,2031
2046,2042,2039,2046,2052,2046,2059,2021
2037,2033,2033,2047,2054,2054,2052,2022
2041,2038,2036,2051,2054,2053,2043,2027
2045,2045,2035,2050,2043,2043,2053,2032
2049,2049,2038,2042,2032,2038,2045,2039
2046,2046,2040,2039,2025,2037,2041,2038
2050,2046,2038,2046,2027,2047,2050,2040
2051,2049,2041,2046,2031,2061,2054,2038
2052,2051,2041,2048,2035,2060,2049,2051
2062,2055,2039,2048,2045,2070,2054,2057
2053,2053,2038,2045,2051,2077,2053,2065
2056,2054,2044,2047,2048,2069,2057,2060
2048,2047,2042,2046,2041,2064,2061,2068
2051,2045,2043,2037,2027,2056,2055,2072
2046,2044,2041,2042,2017,2045,2053,2070
2049,2036,2038,2037,2015,2041,2049,2063
2046,2042,2036,2032,2006,2028,2024,2057
2042,2039,2032,2031,2005,2021,1991,2056
2043,2049,2044,2043,2019,2045,2043,2064
2054,2057,2046,2038,2005,2061,2069,2060
2056,2056,2038,2030,2008,2066,2058,2056
2059,2054,2037,2034,2022,2074,2063,2054
2054,2053,2038,2039,1997,2048,2060,2047
2048,2050,2031,2026,1957,1976,2013,2036
2049,2049,2037,2027,1988,1958,2021,2037
2052,2055,2047,2049,2046,1989,2041,2046
2062,2062,2047,2055,2078,2022,2052,2054
2064,2062,2049,2058,2096,2047,2044,2052
2060,2057,2049,2056,2102,2050,2063,2046
2057,2050,2045,2059,2106,2034,2040,2041
2056,2045,2034,2051,2106,2029,2046,2036
2049,2047,2036,2043,2076,2027,2039,2029
2042,2045,2036,2030,2052,2030,1997,2028
2040,2034,2031,2020,2032,2031,2012,2029
2042,2035,2032,2030,2025,2038,2030,2035
2042,2047,2039,2045,2033,2018,2009,2044
2046,2040,2042,2054,2070,1978,2034,2048
2061,2054,2045,2079,2145,1986,2046,2046
2050,2052,2047,2080,2170,2007,2020,2042
2049,2051,2046,2069,2164,2010,2013,2045
2043,2047,2041,2067,2150,2019,2037,2047
2048,2044,2042,2066,2149,2054,2039,2050
2049,2040,2038,2056,2136,2087,2057,2054
2047,2042,2036,2036,2057,2067,2036,2047
2039,2042,2035,2009,1950,2054,2033,2055
2046,2044,2038,1996,1846,2044,2036,2055
2048,2047,2037,1998,1846,2053,2037,2060
2051,2053,2048,2038,1976,2075,2044,2070
2065,2069,2064,2063,2035,2089,2033,2067
2056,2060,2047,2052,2014,2082,2034,2068
2051,2051,2052,2051,2031,2093,2042,2070
2064,2062,2050,2050,2052,2086,2048,2062
2051,2061,2041,2052,2056,2065,2038,2057
2054,2061,2041,2051,2061,2064,2045,2053
2054,2052,2035,2052,2080,2065,2041,2044
2054,2054,2035,2055,2096,2063,2044,2039
2056,2053,2031,2059,2102,2061,2034,2044
2053,2049,2039,2051,2088,2064,2044,2035
2045,2049,2036,2054,2073,2048,2035,2036
2049,2051,2035,2045,2030,2001,2033,2027
2046,2050,2035,2038,1999,1999,2032,2030
2040,2043,2040,2030,1974,2011,2025,2026
2046,2044,2037,2023,1958,2017,2026,2028
2044,2051,2037,2021,1964,2000,2016,2030
2046,2055,2041,2034,2006,1978,2047,2038
2043,2052,2042,2036,2043,1988,2040,2037
2042,2046,2041,2036,2062,2013,2056,2038
2046,2054,2047,2047,2079,2034,2047,2039
2058,2052,2047,2046,2065,2035,2057,2031
2060,2056,2050,2042,2049,2040,2052,2036
2062,2059,2048,2042,2060,2054,2053,2040
2058,2059,2049,2042,2051,2057,2056,2032
2053,2051,2046,2042,2045,2061,2063,2039
2051,2053,2046,2042,2048,2069,2055,2043
2051,2047,2036,2044,2019,2068,2060,2044
2046,2051,2038,2052,2089,2083,2075,2046
2051,2055,2047,2061,2121,2091,2079,2060
2046,2058,2048,2063,2125,2102,2079,2064
2050,2062,2049,2060,2138,2109,2092,2070
2045,2058,2052,2064,2162,2111,2088,2065
2046,2053,2046,2064,2156,2109,2081,2074
2041,2049,2043,2044,2118,2089,2060,2062
2022,2030,2023,2016,2055,2083,2059,2051
2026,2031,2029,2013,1966,2091,2055,2059
2040,2050,2036,2020,1933,2111,2070,2058
2035,2046,2034,2017,1961,2118,2045,2055
2042,2042,2038,2019,2014,2078,2045,2064
2053,2043,2040,2029,2046,2055,2065,2054
2044,2042,2035,2042,2049,2062,2080,2052
2046,2041,2030,2044,2056,2028,2077,2055
2053,2053,2030,2059,2066,1979,2060,2051
2044,2052,2036,2057,2057,1982,2045,2048
2047,2046,2031,2052,2029,2006,2070,2040
2043,2044,2029,2042,2008,2018,2065,2036
2035,2046,2023,2043,2029,2020,2065,2040
2035,2041,2011,2040,1989,2001,2057,2028
2036,2046,2019,2028,1932,2002,2043,2025
2038,2043,2012,2017,1913,1997,2028,2017
2029,2025,2000,2016,1932,2000,2016,2011
2032,2024,2000,2023,1965,2006,2014,2025
2040,2034,2001,2028,2006,2002,2024,2028
2040,2027,1999,2020,2050,2009,2032,2032
2044,2030,2003,2028,2084,2020,2025,2040
2052,2036,2011,2034,2103,2045,2044,2040
2053,2035,2006,2036,2099,2042,2057,2040
2051,2037,2019,2038,2077,2058,2066,2034
2043,2041,2027,2043,2070,2088,2063,2035
2039,2049,2034,2046,2074,2104,2078,2037
2048,2061,2057,2058,2083,2103,2076,2054
2056,2067,2051,2056,2078,2087,2071,2064
2054,2065,2051,2058,2058,2077,2063,2065
2045,2068,2060,2045,2042,2074,2082,2066
2053,2073,2058,2050,2047,2065,2079,2071
2055,2073,2056,2038,2032,2045,2059,2061
2045,2054,2044,2022,2012,2023,2032,2067
2043,2051,2052,2022,2023,2022,2043,2072
2050,2063,2065,2030,2068,2012,2041,2066
2052,2055,2058,2016,2048,1987,2036,2062
2053,2060,2063,2012,2021,1990,2029,2059
2064,2075,2074,2013,2019,2003,2024,2058
2071,2077,2081,2011,2015,2008,2054,2052
2070,2080,2081,2010,2002,2000,2050,2048
2064,2075,2068,2009,1994,1998,2032,2039
2063,2068,2056,2011,1991,2006,2023,2032
2055,2062,2047,2006,2001,2050,2023,2030
2049,2053,2043,2013,2046,2063,2051,2032
2062,2062,2052,2036,2074,2057,2055,2041
2058,2069,2053,2040,2071,2057,2052,2046
2062,2066,2050,2032,2055,2059,2056,2054
2056,2064,2051,2043,2052,2060,2065,2045
2048,2050,2043,2035,2052,2052,2059,2043
2053,2041,2042,2034,2033,2061,2066,2050
2059,2052,2042,2034,2023,2078,2076,2051
2057,2052,2044,2039,2041,2098,2083,2056
2068,2066,2049,2060,2068,2107,2075,2057
2065,2064,2060,2053,2014,2078,2072,2052
2057,2057,2061,2023,1931,2034,2049,2044
2047,2054,2063,1994,1788,1974,2028,2038
2043,2054,2069,2004,1836,1963,2005,2044
2039,2055,2084,2050,1980,1977,2052,2058
2047,2056,2099,2081,2050,2035,2062,2076
2057,2067,2106,2096,2110,2089,2076,2070
2060,2064,2106,2120,2164,2115,2070,2074
2051,2066,2104,2136,2177,2120,2068,2070
2044,2062,2088,2126,2098,2083,2065,2063
2042,2053,2073,2105,2098,2035,2033,2060
2046,2044,2056,2118,2169,2023,2037,2054
2033,2026,2022,2096,2180,2013,2052,2051
2040,2030,2012,2091,2216,2026,2053,2052
2043,2035,2010,2104,2241,2056,2051,2057
2053,2046,2028,2117,2212,2066,2054,2058
2061,2059,2029,2111,2146,2076,2056,2052
2060,2051,2019,2098,2075,2086,2056,2046
2058,2057,2010,2083,2011,2089,2036,2039
2060,2051,1994,2078,2030,2087,2031,2040
2062,2053,1983,2066,2003,2068,2030,2032
2059,2050,1986,2029,1874,2049,2036,2026
2049,2042,1981,2006,1856,2032,2060,2023
2053,2038,1984,1991,1938,2023,2043,2029
2043,2030,1972,1974,1988,1997,2017,2023
2031,2023,1968,1961,1996,1995,2009,2026
2032,2026,1983,1974,1984,2009,1996,2024
2025,2015,2003,1986,2001,2021,2026,2023
2027,2022,2027,1979,2020,2029,2030,2029
2048,2044,2061,1981,2018,2038,2042,2046
2052,2060,2084,1992,2015,2038,2031,2049
2057,2064,2090,1997,2012,2039,2035,2051
2060,2072,2081,1996,2015,2041,2028,2048
2058,2070,2077,1989,2025,2049,2047,2054
2058,2069,2073,1997,2037,2071,2033,2058
2057,2071,2082,2013,2060,2092,2031,2051
2052,2064,2085,2019,2058,2109,2038,2057
2053,2061,2083,2025,2062,2116,2042,2062
2052,2054,2073,2028,2095,2115,2057,2065
2046,2052,2066,2028,2087,2114,2035,2067
2049,2043,2060,2023,2058,2094,2052,2067
2039,2048,2055,2014,2012,2033,2032,2059
2038,2048,2053,2010,1975,1984,2026,2066
2039,2047,2056,2014,1974,1999,2024,2068
2044,2045,2056,2020,2013,2015,2036,2075
2053,2053,2061,2034,2047,2035,2038,2074
2053,2057,2057,2041,2064,2061,2040,2071
2058,2061,2058,2040,2058,2058,2044,2075
2063,2058,2056,2045,2049,2024,2034,2058
2052,2060,2061,2044,2032,2010,2028,2053
2060,2060,2063,2045,2065,2024,2029,2056
2062,2064,2061,2044,2087,2048,2037,2046
2060,2061,2057,2041,2098,2041,2048,2038
2055,2052,2047,2032,2084,2030,2036,2028
2043,2052,2047,2018,2009,2018,2039,2039
2052,2053,2047,2019,1954,2013,2026,2035
2053,2058,2045,2025,1944,2014,2035,2039
2054,2053,2045,2024,1969,2027,2038,2033
2058,2054,2040,2021,1989,2034,2034,2040
2052,2043,2030,2021,1992,2032,2036,2030
2050,2042,2027,2017,1983,2029,2028,2031
2049,2047,2034,2028,1986,2042,2046,2040
2049,2041,2032,2039,2045,2048,2040,2030
2040,2038,2024,2048,2082,2054,2061,2033
2049,2039,2035,2058,2097,2067,2056,2044
2053,2049,2039,2044,2053,2055,2070,2044
2050,2050,2039,2041,2025,2040,2044,2045
2051,2044,2038,2040,1996,2028,2044,2049
2054,2044,2039,2032,1996,2028,2046,2057
2050,2049,2034,2043,2029,2022,2036,2060
2056,2059,2044,2045,2016,2006,2042,2057
2058,2058,2043,2032,2007,2002,2048,2064
2058,2057,2041,2024,2024,2019,2050,2073
2051,2053,2039,2037,2091,2044,2037,2069
2055,2046,2026,2051,2130,2051,2043,2067
2046,2037,2016,2040,2158,2049,2028,2060
2036,2030,2012,2026,2117,2052,2024,2056
2043,2042,2026,2014,2000,2053,2034,2065
2049,2047,2038,2016,1999,2050,2036,2065
2056,2044,2042,2023,2024,2057,2041,2046
2048,2040,2045,2044,2040,2079,2044,2046
2047,2042,2050,2061,2031,2096,2044,2044
2053,2044,2056,2058,2010,2085,2046,2037
2047,2050,2056,2052,2007,2032,2030,2032
2055,2048,2056,2053,2070,2030,2032,2033
2054,2044,2058,2063,2146,2049,2040,2030
2044,2043,2050,2053,2084,2045,2045,2028
2044,2038,2046,2031,1977,2036,2049,2030
2045,2044,2047,2027,1985,2022,2044,2029
2049,2043,2058,2028,2006,2015,2061,2027
2046,2054,2081,2050,2039,2018,2041,2027
2052,2056,2081,2055,2041,2018,2028,2020
2044,2052,2079,2050,2029,2018,2016,2017
2038,2053,2079,2052,2032,2035,2050,2023
2049,2054,2064,2044,2028,2037,2040,2027
2039,2050,2050,2039,1996,2045,2042,2024
2038,2038,2043,2033,2024,2044,2044,2032
2042,2044,2041,2032,2020,2046,2041,2030
2048,2045,2045,2039,2037,2044,2041,2038
2054,2051,2049,2045,2020,2039,2046,2042
2057,2056,2058,2045,2020,2040,2040,2052
2056,2056,2063,2042,2028,2036,2043,2056
2061,2058,2064,2035,2005,2031,2040,2059
2055,2058,2062,2017,1980,2032,2034,2067
2059,2064,2075,2021,2003,2056,2040,2071
2061,2059,2074,2026,1998,2067,2050,2076
2052,2053,2068,2017,1994,2058,2039,2077
2045,2047,2059,2017,1997,2042,2058,2063
2044,2039,2054,2022,2021,2061,2060,2070
2042,2045,2064,2031,2034,2071,2077,2072
2051,2059,2064,2028,2014,2057,2068,2070
2047,2057,2050,2016,2000,2048,2063,2054
2043,2049,2043,2017,2004,2067,2053,2044
2041,2046,2041,2022,1954,2078,2049,2047
2042,2041,2041,2030,1986,2093,2050,2039
2046,2047,2048,2045,2061,2075,2058,2042
2047,2050,2050,2047,2058,2035,2050,2042
2057,2054,2052,2055,2092,2005,2049,2050
2059,2051,2057,2067,2123,2019,2058,2049
2061,2053,2061,2075,2150,2058,2055,2050
2071,2055,2057,2066,2142,2055,2056,2037
2067,2050,2051,2055,2116,2046,2048,2036
2060,2046,2047,2053,2091,2034,2063,2035
2057,2043,2052,2066,2082,2033,2036,2024
2048,2034,2039,2065,2052,2022,2029,2013
2041,2025,2041,2054,2045,2042,2047,2025
2040,2032,2043,2047,2071,2065,2053,2020
2041,2032,2034,2039,1972,2070,2036,2031
2040,2029,2020,2009,1845,2056,2027,2029
2037,2019,2019,2023,1919,2046,2036,2035
2045,2032,2038,2062,2010,2058,2040,2040
2046,2053,2062,2084,2010,2054,2042,2050
2058,2056,2078,2094,2030,2050,2036,2049
2054,2047,2070,2097,2092,2048,2025,2052
2055,2045,2059,2112,2102,2050,2017,2049
2056,2039,2039,2099,2057,2031,1993,2053
2048,2032,2029,2092,2049,2014,2001,2047
2056,2036,2026,2099,2093,2030,2028,2058
2055,2042,2026,2103,2081,2036,2045,2064
2057,2051,2026,2091,2048,2029,2019,2064
2057,2042,2009,2070,2014,2024,2020,2065
2057,2047,1987,2062,2031,2033,2019,2064
2066,2065,1999,2074,2043,2046,2028,2068
2068,2062,2004,2068,2036,2045,2029,2059
2064,2054,2004,2063,2060,2039,2030,2059
2057,2052,2004,2063,2071,2032,2026,2058
2058,2048,2007,2041,2065,2022,2017,2057
2054,2047,2015,2012,2042,2017,2030,2046
2061,2050,2022,2011,2034,2042,2051,2047
2054,2049,2047,2019,2052,2062,2034,2052
2049,2043,2050,2000,2009,2061,2041,2048
2055,2043,2055,2018,2055,2075,2045,2052
2049,2045,2051,2039,2077,2072,2051,2040
2051,2042,2051,2054,2073,2059,2053,2043
2054,2038,2044,2049,2073,2054,2041,2041
2050,2028,2038,2052,2073,2053,2041,2036
2042,2018,2022,2046,2049,2042,2049,2034
2043,2017,2010,2030,2036,2032,2042,2040
2045,2033,2009,2012,2022,2023,2046,2042
2049,2024,1992,1994,2019,2024,2045,2046
2039,2017,1978,1976,2011,2022,2047,2049
2051,2027,1999,1982,2020,2043,2051,2061
2060,2039,2034,1993,2033,2057,2046,2059
2063,2058,2070,2012,2072,2070,2043,2064
2073,2078,2110,2018,2078,2085,2045,2057
2080,2099,2126,2027,2060,2079,2070,2062
2076,2090,2111,2007,2035,2063,2069,2060
2068,2070,2093,1994,2025,2027,2059,2058
2058,2060,2082,1984,2011,1980,2057,2071
2055,2068,2102,2007,2028,1992,2064,2079
2060,2089,2118,2030,2031,2017,2053,2078
2058,2113,2120,2006,1863,2013,2042,2066
2044,2107,2106,2006,1884,2022,2033,2059
2046,2104,2096,2031,2016,2064,2035,2064
2052,2109,2090,2050,2110,2086,2040,2059
2052,2094,2078,2058,2130,2069,2055,2058
2050,2085,2072,2037,2074,2055,2033,2061
2048,2082,2066,2028,2035,2042,2037,2055
2053,2070,2061,2023,2029,2034,2050,2052
2054,2069,2052,2018,2031,2037,2050,2046
2059,2063,2053,2022,2037,2042,2050,2040
2056,2057,2043,2019,2035,2049,2052,2038
2047,2042,2031,2019,2036,2052,2050,2040
2051,2035,2021,2018,2033,2054,2059,2043
2038,2033,2020,2024,2038,2059,2041,2036
2046,2025,2021,2028,2041,2062,2051,2041
2040,2024,2027,2037,2046,2066,2062,2046
2044,2018,2026,2037,2043,2064,2074,2046
2049,2007,2004,2020,2027,2048,2027,2045
2047,2010,1990,2016,2035,2054,2060,2052
2050,2018,1996,2030,2041,2058,2065,2051
2052,2029,2005,2031,2041,2040,2043,2052
2051,2031,1995,2030,2041,2032,2060,2054
2059,2041,1990,2028,2041,2023,2049,2052
2061,2044,1979,2041,2051,2020,2033,2048
2062,2051,1985,2051,2060,2034,2063,2048
2057,2047,1979,2055,2067,2041,2054,2042
2050,2045,1974,2057,2062,2039,2059,2047
2051,2047,1982,2047,2051,2045,2052,2049
2047,2038,1980,2042,2048,2060,2046,2053
2042,2040,1985,2032,2040,2053,2057,2058
2039,2044,1998,2031,2042,2043,2048,2057
2044,2056,2016,2043,2043,2045,2066,2065
2043,2070,2051,2056,2049,2043,2055,2061
2046,2067,2058,2049,2037,2035,2054,2062
2043,2059,2061,2046,2037,2034,2039,2067
2046,2061,2066,2052,2037,2036,2035,2057
2033,2050,2082,2063,2036,2028,2027,2058
2030,2038,2106,2073,2029,2026,2024,2052
2027,2038,2111,2084,2032,2026,2023,2050
2026,2034,2120,2088,2041,2035,2043,2048
2035,2041,2117,2095,2054,2053,2038,2043
2040,2040,2122,2114,2064,2063,2061,2053
2037,2041,2117,2116,2066,2062,2053,2058
2037,2041,2106,2120,2062,2056,2060,2050
2043,2045,2088,2114,2070,2046,2061,2047
2044,2049,2081,2107,2069,2051,2070,2048
2047,2062,2072,2098,2061,2051,2060,2038
2044,2050,2060,2088,2061,2051,2065,2042
2042,2050,2046,2080,2052,2039,2034,2028
2033,2037,2048,2059,2029,2017,2044,2021
2022,2029,2043,2042,2016,2000,2039,2028
2036,2035,2049,2028,2005,2008,2047,2037
2042,2040,2046,2012,2004,2004,2045,2044
2036,2043,2039,1989,2003,2001,2034,2048
2035,2046,2041,1966,1997,2003,2046,2050
2039,2048,2043,1956,2002,1994,2042,2047
2044,2059,2059,1971,2042,2026,2051,2057
2045,2064,2058,1988,2076,2040,2051,2065
2057,2065,2058,1994,2070,2043,2032,2080
2055,2064,2045,2002,2061,2046,2030,2072
2056,2055,2039,2003,2058,2059,2040,2076
2058,2051,2039,2014,2048,2065,2058,2080
2048,2040,2030,2017,2059,2071,2065,2079
2050,2038,2020,2039,2065,2066,2071,2076
2046,2034,2027,2046,2070,2070,2074,2073
2038,2032,2022,2042,2064,2060,2058,2060
2031,2030,2012,2046,2059,2052,2056,2064
2032,2038,2014,2051,2070,2057,2068,2064
2041,2042,2015,2061,2080,2066,2072,2059
2049,2040,2008,2058,2068,2064,2069,2059
2042,2034,1999,2060,2047,2053,2074,2060
2045,2029,1995,2037,2027,2034,2053,2050
2041,2021,1993,2027,2007,2027,2049,2053
2045,2025,2004,2030,2015,2034,2040,2052
2053,2041,2027,2040,2019,2035,2046,2039
2044,2047,2036,2044,2015,2026,2044,2037
2040,2043,2027,2031,2009,2020,2051,2038
2041,2042,2024,2021,2020,2023,2027,2050
2050,2042,2020,2011,2035,2023,2031,2061
2047,2044,2019,2013,2054,2033,2042,2060
2056,2044,2038,2002,2042,2037,2049,2054
2050,2045,2046,1997,2038,2026,2048,2049
2047,2054,2068,2005,2044,2028,2044,2046
2052,2072,2101,2037,2052,2041,2046,2054
2055,2084,2127,2042,2053,2042,2058,2057
2062,2092,2147,2041,2046,2041,2069,2057
2053,2093,2143,2034,2042,2045,2058,2056
2061,2081,2127,2038,2056,2050,2060,2061
2060,2075,2121,2055,2068,2058,2062,2067
2063,2067,2114,2066,2048,2061,2081,2077
2068,2066,2113,2068,2051,2056,2067,2072
2070,2067,2111,2074,2059,2055,2059,2064
2066,2057,2102,2080,2062,2063,2059,2059
2046,2049,2098,2081,2051,2061,2058,2048
2042,2046,2092,2073,2043,2053,2062,2058
2038,2047,2105,2080,2050,2054,2053,2063
2046,2050,2101,2081,2054,2042,2055,2054
2045,2043,2084,2063,2028,2021,2041,2060
2034,2037,2061,2063,2050,2036,2043,2062
2028,2043,2047,2078,2050,2063,2058,2060
2037,2049,2067,2100,2045,2074,2058,2055
2032,2049,2084,2122,2050,2081,2065,2058
2044,2059,2098,2119,2036,2067,2056,2053
2050,2069,2095,2116,2021,2028,2040,2061
2047,2077,2093,2120,2026,2007,2031,2054
2053,2080,2087,2106,2031,2014,2033,2045
2053,2074,2069,2101,2024,2036,2041,2040
2052,2076,2058,2109,2061,2056,2054,2039
2052,2080,2044,2119,2093,2062,2063,2043
2060,2083,2042,2113,2102,2062,2057,2050
2061,2088,2025,2098,2092,2058,2080,2054
2063,2067,2000,2071,2083,2054,2060,2049
2058,2058,1987,2050,2079,2033,2049,2042
2049,2051,1996,2037,2074,2020,2039,2037
2031,2032,2011,2020,2060,2014,2028,2026
2027,2020,2009,1992,2038,2018,2040,2034
2028,2032,2040,1976,2027,2011,2035,2037
2036,2047,2053,1957,2032,2026,2051,2050
2057,2053,2048,1959,2025,2040,2078,2056
2063,2056,2041,1977,2044,2054,2087,2065
2062,2064,2070,2039,2069,2062,2087,2072
2068,2066,2099,2077,2093,2062,2086,2072
2064,2060,2103,2099,2111,2063,2085,2070
2062,2060,2124,2124,2118,2065,2084,2065
2059,2055,2133,2143,2109,2063,2074,2066
2052,2047,2125,2138,2097,2052,2079,2063
2041,2029,2101,2117,2089,2045,2067,2057
2032,2018,2074,2095,2082,2044,2053,2057
2036,2015,2049,2080,2077,2044,2065,2064
2032,2012,2041,2064,2054,2036,2063,2062
2031,2015,2034,2056,2014,2034,2063,2069
2041,2023,2027,2049,2005,2036,2069,2073
2049,2025,2002,2040,2026,2041,2071,2065
2055,2022,1990,2027,2018,2032,2064,2060
2037,2005,1974,1983,2002,2017,2052,2047
2029,1994,1957,1950,1983,2011,2033,2048
2026,2004,1986,1949,1993,2015,2042,2045
2047,2037,2033,1969,2007,2029,2068,2051
2049,2052,2054,1990,2031,2038,2050,2058
2051,2054,2044,1981,2040,2047,2061,2056
2054,2048,2030,1986,2028,2050,2057,2058
2058,2049,2028,1993,2039,2049,2061,2060
2055,2059,2040,2005,2041,2054,2072,2055
2066,2073,2048,2012,2049,2057,2078,2055
2071,2070,2053,2020,2048,2056,2077,2050
2073,2074,2060,2023,2036,2045,2068,2047
2069,2070,2073,2028,2041,2040,2054,2042
2060,2069,2078,2046,2060,2047,2054,2052
2066,2080,2090,2056,2067,2043,2062,2054
2070,2087,2095,2060,2070,2037,2060,2058
2074,2098,2100,2061,2065,2039,2058,2070
2075,2091,2079,2052,2057,2042,2062,2070
2071,2079,2060,2050,2064,2044,2066,2065
2066,2063,2045,2047,2067,2044,2071,2066
2065,2061,2037,2032,2063,2057,2059,2065
2068,2062,2033,2040,2064,2056,2063,2064
2061,2064,2069,2059,2062,2058,2051,2068
2069,2074,2097,2069,2062,2061,2066,2070
2069,2073,2110,2065,2058,2068,2056,2067
2064,2065,2108,2049,2057,2076,2050,2063
2062,2066,2090,2045,2045,2076,2050,2068
2058,2061,2070,2045,2036,2071,2016,2058
2052,2039,2039,2040,2036,2078,2048,2053
2043,2028,2015,2039,2049,2075,2044,2062
2051,2042,2016,2054,2049,2027,2046,2064
2043,2038,2034,2070,2056,2000,2043,2053
2048,2046,2053,2083,2065,2011,2043,2058
2052,2053,2062,2090,2064,2024,2056,2055
2051,2055,2038,2084,2058,2031,2062,2051
2055,2050,2011,2065,2059,2038,2058,2046
2051,2037,1996,2049,2050,2039,2048,2042
2050,2035,1988,2041,2048,2038,2050,2043
2042,2031,1996,2034,2049,2046,2062,2044
2045,2036,2006,2040,2048,2049,2068,2048
2046,2037,2004,2030,2039,2051,2059,2051
2043,2038,2015,2023,2038,2039,2061,2045
2040,2046,2045,2029,2078,2034,2056,2040
2051,2053,2082,2031,2098,2034,2054,2033
2037,2053,2107,2033,2105,2025,2055,2029
2037,2062,2126,2047,2120,2025,2043,2041
2047,2078,2132,2051,2074,2015,2037,2046
2051,2068,2127,2036,2044,2014,2047,2042
2052,2074,2124,2029,2013,2013,2055,2049
2057,2070,2106,2010,1960,2004,2031,2047
2053,2066,2107,2029,1893,2019,2057,2056
2064,2079,2116,2058,1956,2045,2064,2064
2068,2078,2120,2072,2030,2070,2066,2069
2066,2087,2114,2080,2067,2087,2075,2070
2062,2084,2113,2086,2067,2088,2075,2070
2061,2078,2099,2075,2034,2080,2066,2073
2052,2068,2092,2059,2005,2056,2076,2072
2045,2065,2088,2061,2001,2046,2070,2080
2054,2068,2099,2075,2021,2060,2071,2073
2051,2069,2098,2071,2006,2056,2042,2057
2034,2053,2070,2052,2002,2057,2028,2055
2035,2050,2061,2057,2046,2061,2062,2062
2047,2066,2071,2078,2097,2053,2063,2066
2056,2065,2068,2085,2096,2028,2065,2070
2062,2066,2069,2073,2100,2027,2053,2067
2054,2062,2074,2065,2088,2039,2053,2056
2047,2061,2060,2051,2085,2055,2040,2051
2047,2053,2046,2045,2075,2060,2033,2040
2044,2048,2041,2046,2062,2042,2017,2039
2044,2052,2052,2057,2058,2033,2027,2038
2050,2065,2073,2069,2056,2038,2026,2039
2051,2068,2078,2071,2056,2050,2027,2035
2055,2062,2057,2063,2048,2056,2048,2031
2050,2051,2034,2062,2042,2055,2044,2028
2051,2041,2008,2062,2032,2049,2010,2035
2055,2029,2014,2072,2014,2054,2043,2038
2046,2029,2017,2076,2008,2053,2028,2021
2039,2024,2014,2075,2016,2039,2035,2026
2045,2035,2024,2080,2029,2053,2053,2033
2053,2038,2004,2069,2026,2069,2047,2030
2042,2029,1971,2045,2036,2079,2049,2035
2041,2028,1955,2039,2029,2088,2054,2039
2040,2033,1949,2037,2026,2082,2050,2041
2051,2041,1951,2041,2039,2055,2041,2052
2056,2053,1974,2059,2061,2043,2056,2058
2057,2061,1991,2069,2079,2053,2052,2053
2058,2058,1979,2056,2076,2052,2046,2047
2046,2047,1971,2032,2056,2064,2023,2047
2030,2043,1980,2011,2022,2070,2033,2045
2031,2055,2018,1997,2000,2061,2047,2055
2032,2057,2036,1978,1987,2050,2034,2053
2026,2054,2063,1968,1996,2028,2036,2054
2039,2061,2091,1981,2005,1980,2020,2071
2043,2063,2111,1998,2043,1980,2032,2081
2058,2072,2126,2011,2073,2015,2050,2082
2069,2082,2131,2028,2088,2044,2064,2084
2066,2077,2117,2039,2089,2059,2054,2079
2053,2065,2074,2034,2091,2061,2044,2075
2054,2056,2052,2033,2062,2038,2043,2058
2046,2050,2049,2034,2059,2032,2010,2063
2043,2050,2061,2050,2078,2038,2029,2058
2048,2056,2066,2054,2075,2038,2043,2051
2049,2053,2072,2059,2081,2048,2045,2053
2047,2055,2078,2062,2080,2058,2053,2046
2045,2055,2083,2066,2074,2064,2042,2044
2048,2054,2089,2071,2066,2060,2042,2040
2044,2055,2087,2066,2053,2046,2040,2040
2054,2061,2095,2071,2063,2049,2039,2037
2055,2067,2078,2079,2077,2050,2038,2034
2052,2061,2068,2086,2080,2052,2030,2032
2043,2052,2058,2083,2078,2037,2047,2035
2045,2047,2052,2063,2070,2049,2041,2041
2058,2059,2043,2058,2074,2057,2042,2050
2060,2060,2043,2056,2058,2055,2072,2047
2057,2070,2048,2055,2054,2069,2063,2047
2058,2065,2032,2045,2044,2080,2070,2052
2061,2061,2015,2031,2022,2077,2056,2047
2057,2045,2006,2029,2000,2064,2056,2048
2053,2038,2000,2033,2008,2059,2028,2056
2046,2040,2001,2047,2033,2024,2028,2056
2053,2031,1993,2051,2030,2014,2056,2064
2049,2025,1992,2044,2035,2026,2045,2063
2046,2028,2003,2069,2071,2040,2052,2060
2044,2031,2040,2097,2113,2049,2049,2064
2043,2028,2061,2108,2131,2055,2042,2061
2034,2019,2060,2102,2131,2052,2044,2064
2030,2016,2054,2082,2104,2038,2037,2062
2026,2007,2049,2075,2081,2046,2038,2068
2027,2019,2062,2077,2093,2056,2036,2075
2041,2046,2092,2078,2102,2054,2049,2068
2044,2057,2103,2072,2008,2041,2040,2062
2048,2061,2114,2070,1935,2040,2056,2065
2059,2073,2104,2073,1983,2042,2057,2070
2060,2072,2084,2068,2022,2042,2051,2061
2049,2059,2053,2069,2053,2043,2043,2056
2044,2040,2041,2073,2059,2047,2034,2050
2045,2040,2043,2062,2048,2033,2043,2042
2039,2033,2044,2041,2035,2025,2045,2049
2042,2037,2057,2044,2035,2030,2034,2043
2045,2048,2070,2052,2037,2030,2036,2056
2046,2056,2075,2046,2074,2039,2046,2045
2045,2059,2076,2058,2086,2040,2040,2052
2048,2065,2077,2082,2091,2034,2039,2053
2057,2067,2073,2093,2081,2025,2037,2053
2048,2056,2065,2094,2073,2016,2028,2059
2053,2062,2064,2098,2057,2012,2033,2054
2056,2058,2059,2084,2053,2019,2036,2051
2044,2047,2052,2062,2033,2023,2035,2043
2035,2037,2033,2018,1988,2022,2032,2034
2034,2029,2019,1981,1945,2035,2048,2029
2040,2027,2020,1972,1942,2043,2047,2043
2036,2032,2035,1966,1967,2040,2032,2039
2026,2045,2046,1957,1972,2041,2056,2043
2041,2046,2041,1966,1999,2058,2051,2055
2042,2050,2044,1988,2040,2062,2060,2072
2049,2055,2049,2010,2077,2055,2052,2074
2043,2048,2055,2033,2099,2056,2054,2073
2050,2058,2067,2044,2109,2051,2069,2074
2054,2068,2067,2039,2084,2049,2052,2076
2050,2066,2058,2032,2059,2038,2048,2068
2039,2054,2057,2026,2046,2030,2033,2057
2035,2058,2064,2026,2041,2033,2042,2062
2040,2079,2078,2026,2041,2043,2058,2071
2045,2076,2072,2027,2035,2042,2061,2066
2038,2060,2058,2032,2044,2048,2054,2064
2046,2053,2057,2031,2040,2061,2049,2060
2041,2048,2048,2032,2049,2059,2065,2058
2038,2048,2051,2041,2045,2069,2070,2056
2049,2054,2051,2044,2048,2060,2059,2060
2049,2055,2047,2042,2054,2051,2056,2053
2052,2057,2049,2037,2039,2043,2045,2048
2049,2052,2047,2048,2041,2046,2046,2047
2056,2054,2043,2046,2036,2047,2062,2055
2047,2052,2040,2040,2030,2046,2054,2044
2041,2050,2041,2038,2018,2045,2048,2042
2048,2054,2048,2044,2019,2044,2053,2050
2054,2058,2060,2049,2031,2042,2029,2038
2046,2050,2052,2047,2038,2033,2033,2033
2043,2054,2045,2043,2037,2035,2042,2045
2054,2058,2039,2053,2046,2044,2044,2050
2056,2054,2025,2069,2059,2044,2052,2049
2048,2053,2032,2079,2058,2047,2062,2051
2043,2041,2036,2084,2057,2046,2063,2051
2044,2048,2047,2087,2059,2039,2057,2048
2042,2045,2069,2098,2042,2033,2056,2051
2042,2050,2073,2095,2021,2022,2053,2051
2046,2052,2072,2084,2017,2020,2051,2053
2041,2038,2059,2071,2015,2018,2041,2056
2039,2029,2044,2060,2029,2040,2024,2060
2045,2040,2064,2088,2073,2057,2035,2068
2054,2047,2072,2094,2101,2074,2055,2080
2056,2045,2064,2097,2116,2076,2056,2076
2050,2041,2046,2088,2106,2072,2066,2077
2044,2030,2032,2066,2062,2043,2062,2072
2033,2013,2017,2038,2022,2024,2037,2064
2031,2015,2018,2036,2014,2024,2038,2066
2037,2031,2029,2034,2009,2023,2033,2060
2035,2026,2023,2017,2013,2020,2034,2052
2032,2024,2008,2019,2032,2050,2046,2059
2036,2031,2015,2018,2033,2068,2040,2064
2033,2038,2018,2010,2011,2061,2068,2061
2040,2050,2035,2019,1988,2062,2060,2066
2046,2064,2055,2036,1993,2063,2064,2067
2057,2077,2066,2051,2004,2037,2066,2069
2062,2075,2078,2055,2059,2041,2083,2069
2061,2080,2086,2088,2134,2055,2074,2066
2060,2081,2093,2084,2155,2062,2071,2066
2063,2071,2090,2060,2134,2056,2064,2068
2060,2066,2079,2044,2135,2068,2060,2058
2056,2064,2069,2029,2129,2077,2065,2054
2047,2047,2054,2025,2122,2078,2065,2052
2039,2048,2062,2036,2120,2073,2051,2048
2048,2054,2070,2041,2112,2068,2054,2048
2050,2056,2063,2034,2020,2050,2051,2054
2050,2052,2055,2020,1909,2034,2048,2057
2056,2050,2047,2024,1929,2034,2061,2058
2056,2044,2049,2034,1976,2050,2050,2053
2050,2045,2050,2034,1994,2073,2052,2056
2049,2052,2059,2027,2015,2085,2034,2058
2044,2050,2046,2029,2014,2096,2030,2065
2045,2047,2043,2031,2037,2095,2032,2070
2054,2046,2048,2044,2066,2057,2043,2080
2056,2058,2052,2050,2096,2030,2040,2090
2060,2052,2051,2065,2101,2057,2049,2084
2048,2046,2044,2066,2070,2067,2050,2076
2048,2041,2048,2062,2056,2070,2043,2075
2046,2046,2046,2055,2045,2060,2043,2077
2038,2037,2038,2038,2022,2036,2042,2073
2042,2036,2030,2016,1963,2017,2050,2077
2054,2043,2036,2027,1987,2026,2060,2074
2057,2049,2043,2040,2013,2037,2058,2079
2058,2053,2045,2036,2028,2036,2049,2072
2059,2050,2036,2031,2038,2041,2058,2068
2050,2041,2030,2032,2050,2041,2062,2061
2050,2045,2027,2039,2078,2055,2068,2068
2053,2041,2028,2041,2078,2054,2068,2054
2044,2035,2016,2026,2075,2045,2056,2045
2041,2026,1996,2018,2079,2044,2057,2042
2043,2021,1988,2033,2066,2052,2047,2045
2046,2016,1974,2041,2050,2048,2054,2042
2040,2007,1962,2037,2071,2031,2057,2043
2041,2013,1951,2052,2095,2034,2056,2049
2044,2026,1956,2066,2080,2040,2081,2056
2045,2031,1962,2059,2037,2030,2061,2044
2029,2016,1952,2041,2009,2018,2064,2038
2026,2011,1952,2044,2024,2031,2066,2043
2036,2027,1973,2052,2010,2029,2073,2048
2039,2027,1979,2047,1986,2023,2058,2050
2027,2016,1971,2037,1991,2022,2070,2044
2034,2021,1987,2040,1994,2033,2060,2054
2046,2043,2024,2052,2030,2048,2064,2062
2059,2069,2056,2063,2048,2067,2065,2062
2056,2062,2044,2057,2053,2090,2074,2063
2044,2054,2053,2049,2025,2107,2071,2060
2048,2046,2059,2038,1997,2097,2070,2060
2045,2047,2059,2017,1971,2082,2063,2066
2045,2044,2079,2012,1999,2044,2049,2079
2046,2055,2110,2030,2049,2001,2045,2085
2054,2069,2135,2054,2090,1995,2064,2094
2056,2076,2123,2049,2116,2020,2069,2096
2047,2061,2099,2041,2113,2046,2064,2096
2046,2051,2083,2044,2080,2061,2068,2092
2049,2064,2096,2050,2065,2071,2081,2091
2066,2072,2096,2060,2105,2080,2058,2090
2064,2071,2088,2061,2137,2088,2043,2089
2056,2072,2080,2059,2188,2084,2080,2076
2049,2061,2082,2045,2147,2056,2056,2073
2051,2064,2088,2022,2036,2025,2046,2055
2045,2062,2084,2022,2057,2019,2041,2043
2047,2060,2090,2050,2162,2041,2044,2052
2047,2065,2097,2073,2228,2058,2033,2052
2039,2059,2090,2072,2179,2036,2024,2044
2042,2052,2081,2056,2094,2001,2009,2041
2040,2045,2073,2041,2023,2000,2030,2043
2047,2047,2068,2036,1994,2001,2036,2045
2047,2042,2060,2033,2000,2009,2049,2051
2050,2045,2055,2045,2020,2017,2060,2049
2037,2037,2051,2056,2027,2006,2043,2047
2038,2036,2048,2058,2031,2010,2051,2043
2036,2039,2060,2064,2056,2027,2045,2055
2046,2049,2066,2061,2083,2029,2040,2053
2051,2048,2064,2066,2134,2042,2036,2060
2052,2046,2060,2069,2159,2053,2051,2070
2045,2045,2058,2062,2162,2059,2062,2070
2046,2049,2059,2066,2149,2058,2066,2068
2041,2046,2055,2068,2155,2067,2073,2061
2047,2047,2058,2070,2163,2066,2074,2060
2045,2053,2056,2072,2162,2069,2080,2067
2050,2051,2054,2084,2158,2090,2067,2070
2042,2041,2061,2083,2128,2095,2056,2071
2032,2034,2059,2059,1963,2058,2052,2077
2035,2034,2044,2033,1867,2034,2051,2077
2039,2037,2050,2053,1911,2036,2052,2086
2038,2036,2051,2061,1944,2037,2023,2078
2041,2028,2042,2046,1969,2019,2018,2072
2032,2024,2037,2047,1972,2004,2012,2076
2043,2050,2049,2057,1978,1996,2040,2078
2049,2054,2049,2065,1997,2003,2058,2073
2044,2057,2047,2064,2020,2018,2051,2067
2047,2052,2042,2070,2039,2028,2051,2068
2052,2055,2037,2055,2032,2040,2043,2069
2058,2063,2034,2044,2035,2058,2064,2066
2054,2054,2030,2047,2052,2065,2060,2051
2051,2053,2027,2034,2030,2048,2047,2054
2053,2049,2029,2028,2019,2061,2053,2062
2053,2051,2030,2025,2032,2077,2047,2068
2053,2045,2017,2019,2050,2082,2036,2059
2050,2038,2014,2015,2046,2085,2032,2052
2047,2027,2020,2023,2058,2093,2050,2053
2049,2037,2026,2032,2089,2107,2047,2054
2055,2035,2018,2040,2109,2110,2073,2048
2040,2027,2010,2049,2111,2097,2031,2043
2042,2028,2020,2057,2098,2077,2039,2051
2062,2041,2032,2068,2154,2034,2051,2051
2056,2049,2036,2080,2157,2003,2039,2045
2057,2044,2034,2072,2126,2004,2037,2041
2051,2044,2042,2056,2089,2010,2004,2045
2050,2044,2050,2059,2025,2016,2029,2050
2050,2048,2055,2046,1909,2003,2023,2050
2052,2043,2052,2034,1870,1992,2029,2051
2055,2037,2038,2022,1894,1994,2043,2048
2044,2029,2019,2000,1904,1983,2031,2048
2046,2020,2011,1999,1962,2000,2040,2055
2044,2019,2005,2013,2024,2037,2039,2062
2047,2030,2021,2044,2074,2057,2048,2069
2051,2038,2024,2055,2077,2057,2044,2074
2056,2029,2015,2044,2065,2044,2027,2066
2042,2019,2003,2038,2053,2044,2026,2050
2037,2013,2008,2035,2054,2047,2032,2056
2041,2033,2030,2049,2052,2058,2044,2060
2051,2038,2036,2056,2043,2050,2038,2064
2042,2041,2033,2060,2031,2043,2024,2060
2038,2034,2031,2050,2003,2016,2030,2062
2045,2031,2034,2047,1983,1987,2015,2058
2044,2032,2043,2044,1971,1972,2004,2052
2037,2034,2054,2039,1966,1981,1997,2045
2040,2039,2075,2046,1986,2019,2032,2052
2049,2054,2091,2070,2026,2056,2059,2056
2060,2061,2099,2089,2065,2078,2078,2064
2061,2060,2101,2100,2086,2097,2080,2066
2064,2060,2104,2101,2088,2100,2078,2062
2060,2054,2101,2094,2068,2090,2070,2061
2057,2061,2089,2098,2067,2091,2069,2054
2060,2051,2084,2097,2064,2089,2078,2052
2051,2041,2059,2082,2052,2071,2060,2053
2052,2032,2050,2079,2040,2054,2059,2052
2052,2042,2043,2081,2062,2057,2058,2048
2050,2043,2050,2093,2093,2068,2062,2053
2049,2042,2043,2081,2071,2059,2061,2050
2054,2039,2029,2064,2037,2050,2044,2045
2048,2030,2019,2046,2024,2049,2040,2044
2039,2032,2017,2044,2017,2038,2024,2051
2040,2024,2011,2035,2018,2033,2013,2049
2046,2026,2010,2030,2014,2025,2017,2058
2052,2026,2006,2024,2035,2028,2040,2066
2052,2038,2012,2028,2050,2038,2053,2067
2048,2036,2010,2033,2054,2020,2024,2062
2041,2028,2002,2028,2057,2009,2032,2061
2042,2021,2002,2033,2058,2014,2024,2065
2044,2017,2012,2045,2072,2032,2029,2069
2045,2024,2028,2059,2084,2042,2057,2060
2035,2013,2019,2050,2073,2039,2045,2058
2033,2011,2020,2053,2085,2050,2055,2066
2038,2029,2058,2073,2092,2056,2054,2066
2052,2047,2095,2089,2097,2067,2065,2060
2057,2075,2119,2092,2090,2073,2057,2064
2064,2087,2112,2088,2075,2061,2056,2057
2057,2070,2096,2090,2067,2062,2060,2053
2057,2064,2078,2090,2075,2048,2059,2041
2050,2052,2072,2082,2057,2032,2049,2035
2053,2057,2065,2075,2038,2028,2042,2033
2055,2056,2055,2069,2046,2028,2043,2034
2038,2042,2023,2048,2025,2017,2067,2033
2031,2032,2006,2025,1997,1995,2062,2040
2042,2035,2010,2024,1995,2012,2054,2051
2053,2041,2018,2029,2017,2019,2056,2054
2050,2049,2019,2021,2050,2033,2074,2058
2064,2048,2012,2010,2054,2028,2076,2056
2055,2046,2018,2020,2054,2033,2061,2056
2067,2058,2031,2022,2081,2043,2061,2068
2072,2058,2015,2026,2084,2035,2062,2062
2062,2047,2004,2034,2074,2044,2040,2049
2056,2045,2007,2041,2060,2052,2076,2052
2055,2045,2021,2058,2056,2064,2076,2052
2059,2055,2022,2061,2072,2077,2076,2055
2054,2050,2015,2053,2056,2079,2078,2046
2045,2045,2008,2035,2027,2073,2073,2056
2045,2039,2000,2015,1988,2063,2047,2059
2041,2039,2007,1998,1933,2042,2045,2066
2049,2045,2033,2005,1909,2023,2045,2066
2053,2058,2084,2027,1940,1996,2050,2063
2050,2066,2106,2048,2014,2004,2064,2076
2047,2066,2107,2064,2094,2042,2053,2078
2054,2066,2103,2067,2125,2064,2071,2076
2049,2052,2082,2060,2083,2063,2061,2070
2047,2051,2072,2060,2057,2048,2054,2073
2052,2058,2074,2058,2044,2055,2071,2079
2056,2062,2073,2059,2039,2064,2054,2078
2054,2062,2082,2068,2043,2062,2053,2070
2059,2063,2076,2071,2044,2073,2052,2061
2059,2057,2067,2071,2003,2089,2059,2058
2050,2048,2064,2053,1953,2088,2052,2054
2045,2043,2054,2050,1918,2063,2030,2047
2042,2040,2048,2038,1898,2030,2021,2045
2043,2047,2056,2053,1983,2013,2039,2051
2054,2055,2051,2067,2129,2052,2047,2050
2056,2052,2051,2057,2176,2066,2057,2052
2052,2052,2038,2035,2079,2046,2029,2047
2054,2053,2032,2024,2001,2041,2036,2048
2061,2054,2028,2027,1992,2015,2047,2057
2058,2053,2023,2036,2022,2002,2052,2049
2048,2047,2011,2040,2085,2013,2030,2045
2046,2053,2018,2062,2128,2040,2041,2036
2058,2055,2029,2080,2138,2056,2050,2033
2052,2061,2025,2078,2129,2067,2031,2039
2047,2055,2018,2070,2125,2072,2035,2037
2046,2048,2028,2062,2120,2087,2057,2044
2044,2058,2036,2075,2123,2084,2035,2046
2047,2060,2040,2074,2110,2065,2030,2052
2048,2060,2026,2073,2098,2057,2030,2046
2042,2053,2019,2056,2063,2046,2014,2049
2045,2037,1994,2030,2016,2043,2017,2046
2039,2025,1989,2035,2020,2047,2005,2053
2041,2031,1998,2048,2048,2061,2018,2053
2040,2025,2012,2048,2051,2060,2039,2058
2032,2027,2016,2035,2048,2049,2045,2054
2036,2018,2017,2020,2035,2042,2029,2053
2026,2017,2022,2007,2010,2022,2022,2047
2013,2008,2025,2007,1996,2014,2027,2052
2015,2018,2036,2008,1980,2007,2033,2061
2039,2044,2052,2013,1997,2011,2043,2065
2037,2040,2045,2024,2028,2024,2054,2064
2040,2035,2038,2024,2044,2039,2030,2048
2035,2034,2050,2025,2072,2047,2024,2053
2043,2043,2062,2041,2108,2072,2044,2054
2044,2050,2045,2029,2112,2063,2042,2050
2049,2036,2020,2014,2090,2062,2053,2045
2052,2036,2012,2016,2065,2070,2053,2053
2046,2036,2020,2026,2097,2073,2060,2047
2043,2034,2017,2025,2064,2064,2058,2048
2039,2037,2018,2009,1947,2057,2072,2044
2049,2046,2026,2024,1977,2067,2056,2050
2050,2045,2041,2047,2003,2060,2047,2032
2050,2056,2056,2052,2016,2060,2055,2033
2041,2042,2058,2054,2024,2045,2054,2031
2034,2040,2066,2049,2018,2038,2029,2032
2044,2046,2076,2046,2002,2032,2059,2040
2046,2050,2080,2057,2027,2036,2066,2050
2057,2064,2101,2058,2039,2047,2069,2043
2063,2078,2122,2069,2087,2057,2069,2047
2066,2090,2138,2078,2125,2059,2062,2055
2066,2093,2136,2074,2141,2064,2074,2056
2056,2081,2120,2058,2107,2066,2043,2051
2057,2069,2094,2043,2076,2057,2041,2046
2049,2063,2085,2036,2057,2058,2053,2044
2041,2061,2076,2036,2038,2046,2035,2045
2041,2058,2066,2036,2036,2015,2040,2061
2045,2053,2054,2048,2051,2003,2069,2077
2052,2059,2055,2054,2003,2018,2078,2076
2044,2058,2057,2051,1955,2035,2053,2074
2054,2058,2058,2058,1995,2055,2074,2072
2043,2045,2047,2058,2013,2053,2045,2061
2041,2034,2035,2064,2027,2049,2048,2059
2041,2039,2036,2060,2036,2054,2046,2064
2052,2045,2033,2054,2022,2052,2038,2062
2049,2044,2025,2044,2011,2048,2033,2061
2053,2049,2021,2037,2005,2046,2018,2057
2048,2042,2013,2030,1999,2047,2030,2048
2048,2039,2019,2025,2008,2060,2045,2039
2050,2056,2041,2045,2039,2073,2038,2038
2049,2051,2057,2055,2039,2079,2030,2028
2039,2053,2055,2051,2035,2044,2034,2031
2047,2056,2063,2050,2035,2017,2034,2025
2049,2068,2085,2068,2048,2021,2031,2033
2050,2072,2087,2077,2056,2041,2049,2032
2052,2073,2084,2079,2054,2048,2048,2034
2046,2061,2084,2081,2052,2053,2043,2035
2040,2059,2090,2085,2055,2047,2035,2021
2039,2046,2074,2076,2055,2042,2042,2022
2037,2031,2062,2070,2059,2051,2058,2029
2044,2039,2049,2061,2044,2048,2056,2028
2037,2027,2024,2048,2040,2052,2035,2033
2036,2022,2010,2028,2044,2049,2042,2035
2034,2019,2006,2031,2046,2051,2041,2036
2033,2025,2005,2034,2051,2050,2048,2039
2038,2021,2013,2044,2054,2056,2043,2042
2032,2020,2012,2045,2050,2055,2046,2047
2032,2025,2011,2048,2046,2055,2041,2055
2036,2029,2028,2058,2049,2060,2033,2058
2040,2043,2064,2059,2045,2061,2050,2059
2045,2066,2091,2063,2042,2048,2045,2067
2042,2060,2082,2055,2033,2041,2024,2060
2044,2055,2060,2043,2060,2054,2046,2065
2044,2050,2047,2028,2061,2058,2049,2066
2039,2043,2040,2020,2041,2044,2049,2058
2030,2031,2026,2019,2043,2050,2040,2059
2028,2028,2027,2036,2060,2061,2045,2058
2033,2039,2033,2045,2062,2070,2042,2054
2033,2036,2038,2052,2058,2069,2041,2056
2039,2047,2048,2047,2058,2060,2039,2055
2048,2054,2043,2043,2053,2062,2022,2050
2044,2053,2041,2051,2047,2083,2027,2053
2045,2048,2038,2066,2076,2106,2041,2055
2048,2044,2038,2081,2070,2106,2050,2056
2039,2038,2040,2062,2041,2066,2051,2046
2040,2045,2044,2056,2037,2031,2030,2037
2039,2052,2046,2060,2038,2026,2021,2040
2038,2053,2050,2065,2029,2031,2051,2037
2037,2048,2054,2063,2040,2039,2069,2039
2044,2050,2066,2058,2016,2028,2060,2032
2040,2061,2084,2043,1985,2022,2060,2040
2042,2060,2083,2031,1947,2007,2057,2034
2032,2050,2070,2016,1922,1995,2049,2025
2033,2049,2056,2016,1952,2009,2061,2032
2041,2052,2044,2018,2009,2044,2073,2036
2044,2054,2043,2033,2059,2071,2070,2041
2044,2048,2050,2037,2082,2091,2076,2045
2052,2060,2069,2044,2082,2101,2041,2047
2054,2075,2081,2050,2065,2076,2041,2043
2054,2071,2074,2046,2052,2065,2070,2053
2051,2065,2059,2043,2054,2071,2078,2066
2053,2064,2054,2048,2066,2067,2065,2062
2050,2057,2047,2047,2078,2058,2063,2068
2053,2053,2039,2049,2078,2055,2062,2066
2051,2053,2046,2055,2051,2046,2060,2068
2046,2045,2054,2063,2046,2047,2053,2065
2040,2041,2049,2064,2042,2051,2058,2065
2040,2038,2050,2069,2039,2053,2043,2065
2037,2030,2028,2063,2037,2046,2051,2053
2028,2025,2017,2066,2040,2057,2047,2054
2036,2040,2012,2077,2042,2062,2058,2062
2040,2046,2023,2077,2040,2065,2050,2058
2047,2058,2032,2087,2037,2063,2053,2053
2043,2053,2028,2086,2034,2051,2043,2034
2035,2049,2029,2077,2022,2025,2040,2030
2025,2035,2030,2058,2017,2013,2026,2035
2028,2041,2042,2053,2018,2017,2033,2041
2034,2051,2056,2053,2038,2021,2053,2033
2040,2057,2070,2063,2065,2030,2030,2032
2040,2058,2079,2065,2094,2038,2047,2034
2042,2070,2098,2068,2118,2060,2068,2033
2045,2084,2111,2075,2126,2074,2055,2037
2051,2082,2106,2078,2092,2074,2041,2046
2052,2078,2089,2071,2090,2075,2041,2040
2048,2075,2071,2062,2053,2078,2031,2029
2039,2058,2050,2040,2007,2098,2049,2033
2037,2051,2045,2022,1959,2105,2062,2040
2042,2055,2051,2016,1965,2110,2050,2034
2044,2052,2052,2017,1961,2108,2066,2033
2040,2051,2065,2030,1972,2072,2030,2039
2044,2055,2070,2041,2023,2022,2003,2047
2049,2056,2072,2052,2056,2012,2026,2043
2044,2055,2071,2060,2072,1999,2025,2056
2038,2056,2079,2070,2101,2014,2041,2055
2036,2055,2074,2082,2097,2041,2035,2046
2037,2055,2078,2079,2068,2059,2038,2050
2036,2057,2077,2075,2054,2068,2037,2052
2041,2052,2080,2072,2044,2059,2046,2050
2040,2050,2073,2074,2030,2034,2065,2060
2039,2044,2059,2075,2061,2054,2060,2056
2040,2046,2055,2075,2058,2065,2055,2056
2039,2045,2044,2064,2024,2055,2057,2056
2031,2036,2036,2053,1983,2046,2036,2050
2029,2038,2040,2048,1996,2016,2033,2063
2052,2051,2043,2050,2049,1988,2044,2066
2047,2052,2036,2044,2065,1998,2060,2062
2046,2052,2028,2033,2075,2018,2041,2054
2045,2044,2024,2034,2087,2032,2041,2050
2047,2038,2022,2033,2081,2038,2044,2046
2045,2045,2027,2038,2080,2037,2045,2044
2044,2042,2028,2047,2066,2038,2061,2045
2038,2045,2028,2035,2035,2023,2024,2037
2048,2051,2047,2032,2038,2025,2020,2027
2050,2057,2054,2036,2043,2043,2041,2027
2049,2060,2061,2039,2044,2057,2048,2029
2046,2052,2052,2031,2050,2077,2040,2026
2042,2050,2044,2033,2058,2098,2035,2021
2042,2041,2033,2033,2064,2097,2037,2028
2039,2037,2019,2032,2069,2057,2026,2026
2040,2037,2024,2036,2076,2044,2033,2033
2041,2040,2030,2048,2077,2049,2044,2036
2042,2051,2024,2042,2080,2050,2048,2035
2051,2043,2017,2045,2071,2048,2044,2032
2047,2043,2015,2049,2078,2050,2046,2039
2045,2046,2026,2055,2061,2041,2043,2045
2047,2044,2025,2053,2043,2028,2045,2044
2039,2044,2036,2059,2039,2029,2043,2048
2048,2042,2042,2062,2043,2038,2062,2055
2048,2050,2050,2061,2047,2053,2072,2062
2045,2055,2053,2065,2056,2050,2046,2055
2040,2040,2044,2048,2041,2050,2041,2052
2037,2031,2036,2036,2027,2043,2050,2055
2033,2035,2050,2045,2036,2049,2040,2060
2038,2031,2055,2040,2036,2059,2055,2062
2044,2036,2058,2038,2035,2053,2055,2065
2040,2032,2044,2036,2032,2038,2044,2064
2039,2030,2031,2033,2032,2041,2023,2067
2045,2036,2042,2045,2036,2052,2035,2061
2038,2031,2035,2048,2035,2057,2043,2057
2040,2040,2038,2050,2048,2071,2063,2057
2046,2049,2041,2055,2044,2066,2059,2049
2047,2056,2048,2059,2036,2053,2069,2043
2045,2053,2054,2061,2031,2055,2047,2041
2044,2054,2056,2066,2035,2058,2048,2037
2042,2049,2057,2058,2036,2047,2049,2039
2038,2041,2053,2060,2042,2038,2048,2040
2040,2043,2056,2061,2034,2039,2031,2031
2040,2049,2064,2056,2032,2048,2043,2036
2038,2049,2063,2056,2060,2051,2033,2034
2044,2044,2060,2054,2090,2058,2049,2029
2042,2037,2049,2049,2098,2072,2044,2028
2036,2036,2049,2067,2135,2086,2057,2027
2035,2042,2045,2073,2158,2100,2066,2034
2036,2040,2047,2075,2137,2094,2064,2043
2042,2052,2049,2072,2112,2087,2054,2040
2045,2049,2047,2078,2085,2078,2053,2045
2041,2048,2054,2073,2033,2062,2034,2048
2049,2052,2050,2063,1936,2043,2031,2049
2047,2045,2041,2054,1968,2042,2045,2040
2053,2045,2044,2066,2034,2038,2049,2048
2053,2049,2043,2072,2057,2036,2063,2055
2044,2042,2044,2072,2063,2034,2060,2051
2042,2041,2037,2067,2053,2046,2058,2043
2035,2039,2024,2054,2019,2040,2055,2046
2031,2022,2001,2022,1954,2013,2026,2042
2026,2010,1974,1991,1876,1986,2006,2040
2015,2015,1970,1978,1853,1949,2004,2041
2024,2020,1982,1991,1881,1925,2009,2049
2022,2023,1983,1996,1946,1948,2012,2040
2026,2032,1990,2040,2052,2017,2044,2063
2037,2044,2006,2077,2133,2079,2059,2068
2057,2062,2028,2091,2150,2092,2058,2061
2051,2057,2043,2085,2139,2095,2041,2061
2044,2054,2050,2066,2093,2076,2034,2045
2043,2045,2050,2039,2050,2074,2041,2044
2042,2048,2064,2043,2031,2080,2040,2044
2054,2068,2113,2057,2034,2073,2051,2050
2054,2084,2153,2067,2036,2056,2039,2051
2066,2100,2176,2071,2039,2067,2051,2053
2073,2093,2169,2074,2050,2070,2030,2050
2072,2090,2138,2082,2053,2068,2026,2039
2065,2082,2111,2076,2055,2061,2037,2030
2051,2063,2081,2069,2057,2056,2025,2024
2042,2050,2069,2068,2044,2048,2024,2028
2042,2044,2060,2069,2041,2049,2040,2032
2027,2045,2053,2062,2045,2050,2022,2019
2021,2040,2048,2056,2068,2050,2043,2030
2028,2049,2060,2064,2090,2060,2048,2031
2037,2056,2065,2064,2107,2069,2059,2036
2047,2052,2074,2067,2102,2079,2054,2042
2053,2053,2081,2062,2090,2083,2053,2049
2051,2055,2075,2052,2073,2074,2041,2055
2058,2058,2068,2038,2062,2067,2032,2053
2056,2046,2076,2041,2067,2060,2041,2050
2058,2057,2083,2051,2057,2044,2051,2052
2046,2056,2071,2054,2054,2041,2036,2047
2043,2053,2072,2067,2070,2055,2049,2045
2043,2048,2068,2069,2070,2053,2042,2050
2044,2039,2058,2063,2048,2050,2040,2048
2028,2030,2048,2057,2048,2050,2052,2047
2024,2026,2042,2058,2033,2043,2038,2038
2018,2020,2040,2056,2035,2044,2032,2035
2016,2017,2022,2049,2023,2025,2027,2040
2017,2019,2017,2058,2042,2033,2033,2048
2024,2031,2027,2065,2051,2038,2023,2051
2035,2035,2029,2060,2029,2038,2044,2050
2043,2045,2043,2065,2021,2042,2049,2059
2043,2056,2064,2073,2026,2036,2044,2045
2040,2070,2078,2070,2026,2030,2050,2050
2045,2065,2073,2064,2016,2028,2040,2051
2047,2058,2057,2055,2026,2038,2052,2049
2051,2056,2048,2054,2054,2058,2049,2042
2050,2055,2040,2050,2063,2063,2054,2039
2045,2053,2047,2053,2060,2060,2057,2040
2047,2075,2078,2063,2057,2062,2053,2041
2062,2094,2094,2071,2058,2061,2047,2038
2062,2088,2095,2074,2050,2061,2043,2036
2045,2080,2090,2067,2058,2060,2041,2032
2046,2071,2082,2054,2064,2068,2028,2026
2047,2060,2077,2055,2058,2094,2046,2040
2043,2057,2084,2062,2070,2109,2070,2042
2051,2066,2092,2074,2068,2105,2068,2039
2039,2064,2080,2077,2069,2087,2041,2033
2032,2056,2075,2072,2061,2037,2044,2025
2032,2049,2069,2072,2059,1997,2042,2033
2037,2046,2064,2070,2047,1995,2034,2041
2035,2050,2056,2072,2047,2010,2051,2049
2042,2051,2056,2081,2045,2028,2041,2050
2046,2053,2044,2084,2044,2030,2055,2054
2037,2048,2047,2093,2054,2027,2052,2057
2037,2056,2060,2105,2060,2034,2043,2057
2041,2053,2060,2091,2058,2046,2048,2053
2040,2052,2056,2082,2051,2052,2048,2054
2038,2049,2043,2072,2051,2053,2050,2057
2044,2049,2042,2071,2051,2058,2060,2057
2037,2044,2029,2054,2040,2062,2051,2049
2036,2036,2001,2037,2022,2080,2040,2042
2036,2041,1989,2032,2017,2086,2038,2047
2038,2042,1985,2030,2011,2077,2028,2047
2038,2050,1985,2025,1996,2063,2022,2038
2044,2052,1991,2027,2015,2047,2035,2049
2053,2058,2005,2034,2045,2018,2037,2061
2048,2064,2028,2029,2044,2025,2039,2055
2047,2065,2049,2014,2028,2026,2040,2059
2056,2065,2058,2006,2041,2004,2034,2068
2051,2058,2049,2004,2073,2023,2042,2058
2050,2054,2044,2003,2100,2048,2055,2055
2053,2058,2053,2012,2098,2051,2070,2054
2058,2068,2053,2019,2098,2061,2074,2052
2060,2064,2048,2034,2113,2060,2070,2049
2060,2069,2056,2044,2141,2064,2072,2048
2060,2064,2059,2049,2107,2068,2056,2042
2053,2052,2047,2046,2090,2066,2051,2038
2048,2045,2044,2046,2123,2068,2066,2036
2055,2054,2043,2063,2122,2069,2072,2035
2052,2052,2040,2048,2018,2047,2053,2039
2054,2051,2046,2051,2024,2049,2020,2043
2057,2062,2058,2069,2037,2047,2038,2049
2058,2070,2064,2080,2061,2034,2037,2054
2062,2068,2067,2080,2056,2007,2017,2060
2054,2065,2074,2071,2031,1994,2028,2058
2054,2064,2071,2058,1999,1992,2035,2056
2054,2067,2070,2052,1975,2014,2043,2053
2050,2052,2055,2032,1943,2044,2035,2052
2047,2049,2051,2018,1928,2064,2045,2057
2039,2046,2060,2029,1921,2063,2046,2049
2042,2044,2055,2037,1967,2064,2032,2054
2036,2044,2057,2053,2028,2057,2046,2060
2039,2049,2065,2066,2081,2009,2038,2067
2035,2040,2056,2055,2098,2018,2050,2060
2031,2040,2041,2034,2070,2036,2047,2053
2035,2041,2040,2027,2038,2049,2052,2054
2039,2045,2036,2026,2022,2062,2056,2055
2042,2044,2041,2040,2052,2075,2044,2064
2046,2044,2046,2053,2073,2074,2058,2062
2058,2046,2040,2047,2069,2070,2069,2057
2052,2043,2041,2053,2066,2068,2065,2053
2041,2045,2040,2048,2070,2063,2066,2056
2045,2042,2038,2053,2116,2066,2050,2051
2050,2046,2042,2064,2148,2063,2053,2045
2053,2046,2040,2064,2179,2077,2044,2046
2053,2045,2038,2058,2177,2085,2045,2033
2042,2047,2038,2047,2171,2078,2045,2030
2042,2046,2034,2043,2133,2086,2034,2039
2046,2046,2043,2037,2136,2096,2052,2039
2042,2051,2047,2041,2138,2086,2051,2037
2042,2043,2041,2055,2113,2054,2032,2032
2039,2038,2034,2060,2007,2034,2033,2042
2046,2055,2037,2058,1956,2018,2029,2033
2040,2050,2033,2044,1930,2002,2030,2042
2041,2041,2029,2041,1925,1996,2023,2039
2035,2040,2027,2036,1935,1995,2024,2034
2039,2039,2018,2038,1948,2016,2016,2040
2041,2040,2025,2048,1987,2030,2013,2040
2040,2039,2028,2055,2027,2040,2036,2048
2044,2045,2040,2058,2032,2052,2033,2051
2043,2042,2045,2060,2045,2057,2049,2057
2048,2045,2050,2064,2036,2045,2033,2061
2048,2054,2049,2070,2039,2040,2036,2062
2047,2047,2047,2068,2058,2056,2041,2058
2040,2047,2048,2065,2066,2054,2039,2063
2046,2045,2055,2064,2053,2045,2026,2070
2051,2043,2064,2057,2036,2029,2028,2065
2038,2035,2051,2044,2006,2013,2017,2056
2037,2035,2042,2038,1986,2017,2026,2058
2052,2048,2052,2046,2014,2031,2039,2060
2049,2060,2070,2055,2034,2042,2062,2062
2056,2063,2070,2057,2043,2044,2040,2060
2058,2061,2066,2050,2021,2032,2052,2053
2051,2051,2046,2029,1963,2011,2031,2053
2048,2054,2040,2026,1935,2001,2041,2045
2051,2045,2035,2018,1912,2011,2038,2033
2051,2041,2034,2018,1936,2028,2054,2034
2054,2048,2039,2038,1992,2042,2058,2039
2051,2054,2051,2056,2038,2043,2048,2040
2052,2056,2061,2057,2054,2050,2033,2039
2053,2055,2061,2062,2060,2060,2051,2025
2056,2049,2064,2063,2069,2067,2043,2030
2050,2060,2071,2051,2019,2072,2029,2037
2050,2059,2072,2042,1988,2067,2028,2029
2051,2064,2068,2039,1979,2066,2036,2035
2060,2068,2059,2032,2011,2075,2029,2029
2063,2063,2053,2045,2081,2054,2041,2037
2071,2060,2050,2078,2150,2068,2062,2046
2065,2061,2047,2085,2136,2094,2055,2050
2060,2052,2034,2065,2117,2104,2059,2043
2051,2042,2020,2047,2114,2082,2053,2035
2040,2036,2011,2024,2080,2053,2041,2031
2038,2038,2021,2037,2099,2052,2057,2042
2043,2037,2023,2038,2084,2048,2049,2040
2044,2042,2032,2054,2127,2058,2054,2050
2044,2047,2030,2065,2146,2062,2058,2056
2052,2046,2029,2072,2157,2050,2057,2062
2047,2045,2032,2072,2138,2044,2045,2067
2049,2047,2028,2058,2092,2048,2075,2075
2043,2047,2033,2031,2036,2048,2056,2061
2036,2031,2024,1998,1964,2058,2055,2050
2033,2035,2037,2000,1988,2077,2069,2067
2047,2059,2050,2010,1999,2093,2071,2062
2052,2054,2040,1989,1897,2068,2057,2056
2045,2050,2045,1968,1822,2035,2040,2059
2051,2054,2065,2009,1921,2031,2048,2059
2052,2069,2085,2035,1960,2013,2043,2057
2060,2068,2081,2048,2060,2016,2027,2045
2048,2061,2061,2067,2188,2080,2041,2035
2051,2063,2058,2064,2150,2129,2060,2031
2056,2070,2079,2080,2150,2136,2047,2041
2064,2078,2104,2112,2239,2112,2017,2049
2066,2080,2116,2132,2301,2098,2030,2060
2076,2084,2115,2129,2312,2138,2036,2053
2076,2079,2101,2107,2206,2128,2036,2040
2065,2070,2079,2068,2097,2128,2025,2023
2050,2059,2062,2054,2006,2100,2005,2013
2033,2039,2043,2030,1918,2003,1996,2014
2027,2036,2038,2014,1842,1889,2003,2029
2046,2050,2048,2026,1906,1872,2014,2028
2051,2059,2067,2089,1985,1919,2014,2029
2046,2055,2057,2089,1940,1958,2023,2012
2046,2043,2049,2087,1986,1989,2007,2016
2043,2042,2046,2082,2021,2004,2027,2026
2050,2052,2055,2058,1981,1998,2035,2039
2044,2053,2056,2027,1916,1982,2024,2051
2047,2055,2062,2014,1825,1984,2038,2066
2048,2056,2050,2021,1832,2001,2047,2064
2042,2050,2029,2037,2021,2054,2019,2064
2042,2043,2023,2081,2189,2114,2042,2067
2046,2042,2029,2117,2227,2143,2074,2059
2041,2040,2034,2114,2152,2128,2071,2062
2040,2038,2031,2084,2123,2098,2071,2056
2028,2030,2036,2081,2133,2061,2056,2064
2040,2035,2063,2085,2126,2056,2057,2058
2039,2041,2069,2060,2197,2054,2057,2048
2039,2033,2057,2060,2276,2092,2033,2034
2026,2021,2035,2033,2076,2061,2031,2028
2023,2033,2043,2020,1913,2041,2055,2040
2039,2049,2053,2052,1917,2023,2051,2049
2049,2058,2056,2059,1983,1975,2046,2068
2061,2064,2049,2061,2082,1988,2061,2062
2055,2054,2039,2063,2143,2046,2071,2056
2043,2049,2030,2073,2174,2101,2069,2045
2044,2040,2028,2090,2222,2127,2082,2043
2041,2040,2033,2116,2197,2119,2052,2035
2038,2033,2023,2096,2017,2059,2050,2021
2036,2029,2012,2026,1757,2011,2028,2004
2029,2035,2015,2013,1687,2001,2015,2002
2033,2036,2014,2040,1793,2021,2005,2005
2035,2022,2004,2068,2007,2036,2019,2018
2032,2031,1998,2089,2130,2040,2026,2025
2043,2036,1997,2095,2140,2016,2037,2031
2043,2035,1990,2072,2095,2022,2020,2034
2047,2033,2005,2064,2058,2023,2028,2037
2044,2043,2020,2053,1998,2017,2031,2033
2041,2038,2024,2027,2010,2033,2030,2037
2045,2038,2044,2041,2098,2051,2041,2038
2048,2046,2055,2056,2140,2040,2030,2037
2049,2050,2061,2032,2145,2028,2028,2046
2051,2057,2063,2000,2095,2064,2046,2052
2055,2068,2073,1978,1986,2100,2044,2060
2051,2065,2062,1942,1816,2097,2040,2055
2042,2052,2045,1915,1775,2104,2049,2055
2042,2045,2054,1921,1785,2057,2038,2055
2036,2042,2087,1931,1781,1972,2017,2056
2039,2058,2117,1987,1923,1970,2040,2058
2038,2054,2116,2048,2056,2006,2061,2073
2054,2064,2117,2113,2158,2064,2089,2081
2062,2068,2097,2151,2226,2081,2068,2076
2055,2060,2074,2167,2229,2074,2062,2072
2050,2046,2064,2175,2234,2066,2063,2060
2045,2038,2052,2169,2242,2078,2062,2050
2034,2022,2031,2118,2217,2102,2056,2029
2028,2012,2000,2001,1866,2074,2074,2011
2025,2011,1986,1948,1671,2076,2084,2012
2026,2014,1988,1990,1920,2089,2082,2009
2032,2018,1988,2023,2167,2077,2063,2003
2026,2018,1985,2035,2160,2057,2051,2000
2031,2020,1984,2064,2156,2060,2053,2012
2043,2037,1997,2080,2093,2031,2050,2027
2051,2039,2002,2078,2020,2049,2054,2038
2064,2053,2003,2062,1999,2040,2070,2037
2066,2053,2006,2036,2075,2015,2063,2046
2056,2041,2017,2033,2114,2052,2056,2040
2052,2046,2046,2059,2122,2097,2072,2036
2061,2072,2099,2093,2200,2082,2061,2028
2063,2076,2119,2115,2229,2047,2053,2038
2068,2082,2120,2135,2203,2059,2068,2050
2064,2087,2113,2137,2096,2079,2064,2055
2067,2085,2098,2152,2208,2118,2070,2061
2073,2088,2096,2177,2337,2135,2070,2064
2072,2083,2089,2165,2308,2099,2064,2055
2057,2075,2080,2119,2224,2027,2040,2042
2057,2080,2084,2107,2185,1991,2029,2038
2044,2077,2084,2122,2150,2025,2056,2049
2053,2085,2096,2157,2185,2070,2058,2051
2047,2080,2093,2132,2030,2050,2052,2049
2040,2052,2064,2031,1733,1985,2022,2033
2027,2042,2055,1983,1711,1949,2021,2032
2025,2058,2065,2005,1830,1947,2005,2045
2044,2075,2087,2017,1947,2005,2023,2051
2056,2085,2084,2008,2087,2055,2041,2066
2058,2081,2077,2026,2184,2101,2052,2067
2063,2073,2069,2035,2261,2149,2059,2054
2057,2066,2056,2016,2248,2168,2056,2047
2056,2060,2058,2000,2219,2161,2042,2043
2053,2054,2046,1971,2108,2112,2043,2034
2054,2051,2039,1942,1922,1982,2037,2040
2046,2044,2027,1920,1761,1946,2018,2032
2050,2041,2018,1921,1646,1929,2018,2037
2048,2048,2037,1966,1670,1881,2036,2054
2073,2057,2062,2005,1770,1894,2070,2064
2079,2062,2059,2026,1928,1974,2076,2064
2076,2061,2064,2044,1980,2022,2078,2048
2068,2066,2064,2041,1956,2030,2063,2046
2068,2066,2065,2056,2014,2054,2048,2041
2063,2061,2059,2115,2214,2141,2061,2031
2059,2049,2043,2136,2367,2178,2036,2025
2047,2045,2040,2124,2326,2137,2022,2017
2051,2035,2034,2099,2276,2107,2033,2009
2048,2030,2026,2072,2187,2070,2010,2007
2047,2033,2038,2055,1977,2016,2026,2022
2050,2042,2063,2109,1948,2017,2016,2026
2054,2054,2089,2160,2094,2053,2025,2037
2060,2059,2110,2202,2215,2071,2036,2045
2067,2063,2112,2200,2058,2034,2041,2043
2053,2056,2108,2202,1877,2002,2036,2053
2064,2068,2123,2248,1860,1998,2039,2059
2062,2078,2129,2274,1903,1979,2060,2055
2054,2064,2105,2252,1934,1953,2037,2039
2045,2058,2097,2254,1986,1957,2040,2048
2052,2076,2112,2260,2098,2010,2048,2053
2067,2076,2112,2256,2056,2030,2036,2053
2050,2053,2085,2208,1860,2021,2038,2035
2039,2045,2066,2180,1808,2032,2046,2034
2046,2048,2062,2144,1918,2073,2057,2032
2040,2049,2050,2087,2001,2103,2049,2029
2035,2045,2039,2031,2080,2137,2058,2033
2044,2040,2032,1961,2046,2122,2045,2037
2037,2037,2001,1865,1973,2056,2032,2021
2025,2019,1967,1777,1942,2015,2022,2014
2019,2007,1954,1788,2019,2040,2030,2015
2022,2009,1968,1816,2056,2060,2038,2011
2030,2021,1966,1819,2028,2056,2035,2020
2044,2026,1975,1828,2012,2046,2052,2023
2048,2032,1994,1871,1998,2011,2037,2031
2046,2042,2012,1924,1956,2006,2056,2039
2051,2052,2019,1964,1968,2012,2067,2042
2052,2055,2029,1975,1998,2030,2063,2038
2056,2046,2031,1980,2015,2038,2040,2038
2054,2041,2032,1987,2071,2055,2045,2033
2052,2049,2039,2015,2179,2088,2041,2041
2050,2056,2042,2047,2287,2116,2068,2037
2046,2048,2037,2064,2328,2122,2079,2035
2042,2046,2038,2063,2276,2112,2061,2034
2036,2039,2034,2041,2162,2078,2035,2031
2042,2045,2035,2029,2050,2048,2012,2030
2043,2045,2027,2014,1998,2049,2007,2029
2037,2034,2021,2026,1991,2057,2012,2025
2038,2035,2023,2038,2013,2069,2021,2042
2045,2045,2029,2029,1932,2054,2050,2049
2047,2047,2037,2030,1947,2079,2061,2059
2048,2049,2041,2044,2037,2118,2077,2052
2050,2048,2039,2045,2050,2137,2081,2054
2043,2042,2036,2044,2084,2125,2089,2060
2046,2040,2040,2050,2092,2104,2092,2066
2042,2031,2037,2047,2019,2080,2074,2052
2039,2027,2036,2045,2029,2052,2051,2055
2034,2030,2037,2065,2056,2026,2043,2046
2029,2027,2032,2086,2106,2001,2032,2048
2031,2023,2033,2099,2102,1985,2018,2037
2030,2017,2026,2089,1997,1963,2005,2027
2027,2030,2038,2089,1980,1954,2016,2024
2023,2037,2052,2096,2070,1985,1996,2011
2025,2031,2051,2077,2030,2009,2020,2016
2032,2048,2060,2099,2092,2050,2044,2021
2034,2041,2053,2091,2109,2056,2040,2012
2030,2032,2030,2050,2086,2067,2052,2002
2024,2025,2011,2029,1998,2072,2049,2006
2026,2025,1999,2047,2134,2068,2063,2011
2028,2036,1986,2052,2212,2054,2057,2013
2042,2039,1997,2070,2244,2066,2065,2030
2053,2049,2010,2063,2195,2058,2064,2020
2043,2044,2001,2043,2151,2048,2039,2026
2043,2045,2017,2036,2119,2051,2052,2038
2047,2055,2038,2036,2104,2048,2039,2037
2047,2053,2057,2028,1964,2039,2038,2037
2048,2055,2052,2010,1783,2027,2056,2037
2055,2061,2071,2037,1831,2054,2063,2051
2068,2067,2083,2064,1886,2055,2082,2054
2065,2071,2084,2059,1903,2038,2055,2049
2058,2069,2079,2047,1872,2019,2063,2050
2049,2064,2066,2050,1860,2018,2080,2055
2051,2048,2049,2041,1890,2012,2066,2044
2040,2042,2039,2042,1961,2000,2044,2037
2032,2031,2034,2045,2003,1986,2030,2032
2029,2032,2042,2039,2066,1991,2019,2038
2027,2034,2045,2031,2102,2003,2024,2052
2040,2035,2031,2048,2144,2032,2040,2051
2042,2046,2038,2060,2154,2041,2023,2045
2038,2034,2035,2035,2107,2028,2020,2050
2043,2037,2020,2023,2082,2036,2020,2062
2057,2045,2028,2012,2081,2045,2035,2055
2050,2038,2033,2020,2066,2035,2032,2049
2048,2039,2054,2030,2074,2032,2036,2046
2041,2037,2040,2028,2083,2029,2043,2048
2037,2034,2032,2030,2074,2040,2062,2044
2040,2038,2035,2038,2053,2047,2059,2042
2039,2038,2035,2044,2047,2060,2077,2043
2045,2042,2038,2053,2045,2055,2090,2045
2046,2042,2038,2048,2030,2055,2090,2044
2043,2035,2027,2053,2052,2062,2077,2041
2040,2036,2016,2044,2055,2062,2059,2044
2044,2039,2003,2042,2050,2063,2066,2033
2044,2049,2003,2052,2048,2072,2069,2034
2043,2043,1996,2050,2063,2074,2064,2028
2042,2032,1990,2041,2047,2052,2046,2018
2034,2014,1974,2027,2069,2043,2050,2011
2033,2015,1990,2041,2128,2054,2037,2019
2034,2021,2007,2037,2051,2039,2041,2024
2044,2035,2032,2026,2014,2032,2051,2035
2056,2056,2059,2042,2072,2037,2047,2035
2058,2067,2075,2049,2072,2032,2039,2037
2055,2071,2086,2060,2067,2041,2042,2042
2054,2066,2076,2064,2064,2053,2058,2040
2053,2056,2072,2064,2056,2050,2050,2050
2053,2047,2062,2060,2043,2046,2061,2059
2054,2049,2066,2057,2043,2058,2059,2060
2057,2050,2076,2061,2039,2056,2060,2064
2050,2061,2085,2058,2038,2059,2064,2059
2046,2056,2097,2062,2034,2068,2062,2054
2049,2056,2098,2079,2065,2097,2051,2069
2056,2060,2094,2091,2070,2109,2065,2070
2049,2056,2086,2098,2064,2112,2067,2058
2044,2045,2078,2102,2060,2104,2059,2066
2045,2054,2068,2114,2068,2114,2065,2061
2049,2049,2056,2119,2083,2097,2061,2062
2051,2043,2049,2112,2089,2043,2057,2059
2046,2038,2040,2109,2110,2016,2042,2038
2043,2033,2037,2110,2118,2025,2046,2040
2046,2042,2030,2107,2122,2055,2042,2044
2049,2040,2022,2098,2130,2070,2058,2041
2054,2041,2006,2074,2122,2062,2047,2038
2052,2040,1997,2054,2100,2056,2037,2034
2049,2041,2000,2044,2070,2057,2040,2023
2044,2038,2008,2031,1987,2061,2056,2026
2042,2033,2000,2008,1879,2048,2048,2009
2024,2010,1982,1980,1918,2051,2026,1992
2005,1997,1990,1986,2027,2053,2020,2006
2014,2017,2032,1988,2026,2032,2016,2005
2016,2036,2087,2001,1979,1997,2029,2018
2033,2053,2130,2030,2018,1952,2040,2040
2051,2074,2146,2048,2041,1962,2043,2051
2057,2072,2128,2047,2045,1989,2036,2049
2057,2073,2108,2052,2041,2025,2041,2048
2054,2066,2101,2053,2044,2072,2053,2045
2055,2060,2093,2036,2005,2100,2054,2032
2048,2053,2077,2028,1965,2105,2055,2028
2038,2042,2056,2021,1950,2088,2027,2024
2039,2046,2059,2049,2015,2047,2014,2037
2041,2049,2064,2080,2100,2017,2020,2059
2051,2052,2067,2098,2132,2005,2046,2077
2053,2052,2071,2098,2133,2021,2060,2078
2050,2049,2065,2089,2124,2061,2075,2070
2050,2047,2057,2073,2102,2078,2075,2074
2045,2039,2054,2061,2079,2068,2066,2068
2040,2036,2048,2048,2059,2051,2052,2057
2026,2023,2033,2042,2041,2053,2050,2054
2031,2022,2037,2043,2031,2080,2054,2060
2037,2032,2034,2048,2029,2089,2052,2052
2041,2032,2027,2050,2098,2104,2047,2044
2031,2029,2019,2045,2087,2110,2049,2039
2033,2027,2016,2040,2030,2100,2047,2035
2038,2038,2024,2035,1986,2088,2058,2036
2045,2046,2029,2030,1951,2065,2036,2028
2042,2046,2023,2022,1973,2001,2027,2039
2046,2053,2044,2047,2102,1930,2039,2055
2059,2067,2068,2075,2195,1976,2077,2057
2063,2066,2068,2073,2164,2007,2076,2050
2060,2068,2062,2066,2149,2047,2058,2052
2060,2068,2066,2079,2168,2060,2059,2051
2061,2062,2068,2084,2233,2068,2061,2049
2062,2063,2063,2079,2190,2063,2080,2040
2062,2052,2056,2052,2044,2041,2042,2032
2050,2039,2059,2050,2026,2040,2052,2034
2047,2046,2065,2068,2086,2063,2061,2044
2056,2058,2074,2081,2111,2060,2058,2044
2055,2058,2074,2076,2100,2064,2065,2047
2054,2060,2071,2049,1919,2037,2065,2047
2050,2053,2055,2002,1747,2027,2056,2046
2049,2050,2056,2030,1907,2068,2044,2038
2040,2041,2050,2064,2081,2134,2065,2050
2051,2042,2044,2096,2193,2156,2071,2055
2050,2038,2045,2114,2236,2158,2071,2066
2056,2043,2045,2135,2320,2190,2076,2075
2052,2048,2045,2137,2310,2158,2086,2091
2059,2052,2045,2119,2277,2120,2094,2090
2048,2042,2036,2077,2213,2058,2077,2073
2034,2027,2026,2021,2069,1968,2040,2052
2026,2016,2021,2014,2034,1981,2045,2050
2018,2005,2011,2006,2016,1981,2028,2041
2013,1997,2001,1999,1987,1976,2015,2034
2018,2007,2008,2026,1923,1967,2021,2036
2033,2021,2030,2046,1851,1974,2028,2044
2043,2036,2056,2066,1872,1980,2034,2045
2040,2037,2051,2060,1912,1997,2026,2035
2041,2037,2042,2057,1972,2019,2030,2048
2049,2043,2049,2093,2055,2054,2058,2052
2057,2053,2066,2109,2082,2058,2050,2054
2062,2051,2079,2104,2073,2040,2045,2042
2051,2053,2084,2107,2074,2040,2030,2036
2051,2056,2087,2097,2062,2031,2044,2030
2044,2055,2076,2092,2053,2026,2045,2025
2038,2054,2070,2082,2047,2029,2050,2033
2049,2054,2066,2074,2052,2039,2062,2030
2051,2059,2066,2073,2056,2037,2068,2035
2051,2061,2056,2064,2059,2037,2039,2032
2050,2045,2034,2043,2055,2040,2053,2040
2047,2045,2030,2029,2050,2050,2059,2040
2060,2057,2044,2033,2056,2056,2075,2051
2053,2054,2042,2025,2056,2047,2072,2047
2051,2041,2020,2003,2045,2044,2072,2043
2048,2029,2008,1989,2033,2039,2066,2050
2045,2018,2006,1986,2033,2039,2043,2050
2043,2028,2013,1994,2039,2042,2057,2049
2044,2040,2032,2010,2049,2041,2071,2054
2051,2048,2049,2026,2046,2040,2071,2058
2056,2051,2050,2031,2055,2047,2074,2057
2053,2051,2051,2036,2054,2062,2080,2061
2048,2047,2055,2039,2061,2064,2077,2061
2049,2036,2041,2037,2059,2054,2066,2062
2040,2034,2036,2033,2055,2054,2069,2064
2047,2039,2040,2034,2052,2056,2063,2061
2047,2042,2036,2032,2052,2040,2060,2064
2051,2041,2033,2027,2044,2039,2061,2060
2044,2036,2028,2034,2068,2050,2065,2063
2041,2043,2037,2049,2076,2054,2067,2063
2046,2047,2039,2050,2077,2048,2065,2063
2049,2049,2043,2056,2065,2042,2063,2068
2055,2047,2041,2047,2030,2025,2054,2055
2051,2052,2041,2049,2013,2012,2058,2047
2053,2051,2051,2044,2020,2002,2046,2040
2046,2047,2045,2057,2057,2012,2050,2036
2042,2051,2051,2076,2104,2035,2062,2044
2045,2049,2046,2088,2115,2043,2062,2044
2050,2046,2047,2084,2118,2053,2059,2038
2045,2044,2043,2088,2115,2061,2080,2036
2040,2040,2041,2083,2111,2068,2084,2037
2041,2033,2034,2064,2064,2055,2062,2035
2042,2021,2018,2037,1979,2053,2072,2037
2041,2021,2011,2030,1989,2056,2064,2037
2036,2023,2013,2040,2034,2044,2071,2031
2037,2026,2022,2061,2046,2065,2072,2033
2040,2029,2019,2062,2054,2080,2088,2034
2036,2020,1999,2055,2058,2091,2090,2033
2036,2019,1997,2059,2072,2093,2092,2037
2038,2021,2012,2082,2089,2094,2088,2045
2045,2032,2027,2086,2095,2082,2086,2045
2050,2035,2032,2084,2087,2078,2090,2049
2045,2039,2040,2087,2069,2084,2071,2040
2044,2041,2040,2081,2057,2085,2062,2038
2044,2043,2036,2074,2067,2077,2064,2044
2048,2045,2035,2064,2066,2074,2059,2052
2045,2047,2034,2049,2057,2045,2056,2050
2045,2034,2028,2037,2042,2020,2046,2053
2033,2032,2015,2014,2020,2018,2032,2054
2034,2034,2029,2013,2028,2022,2038,2048
2042,2042,2060,2012,2037,2022,2034,2055
2043,2065,2090,2008,2047,2039,2037,2055
2055,2084,2085,2009,2049,2041,2038,2058
2055,2068,2067,1997,2071,2034,2041,2060
2051,2059,2048,1982,2098,2005,2022,2050
2055,2049,2034,1982,2124,2021,2026,2049
2058,2059,2041,1997,2139,2036,2030,2057
2068,2067,2056,2021,2132,2043,2032,2053
2065,2066,2062,2029,2086,2035,2035,2050
2067,2072,2069,2026,2062,2045,2045,2038
2064,2067,2059,2021,2030,2053,2046,2029
2058,2062,2051,2013,1901,2047,2065,2042
2059,2057,2037,2018,1892,2057,2076,2037
2048,2046,2028,2029,1932,2062,2076,2030
2046,2049,2027,2031,1954,2057,2059,2030
2042,2038,2027,2030,1988,2047,2055,2028
2045,2038,2034,2039,2042,2049,2037,2018
2030,2024,2031,2032,2047,2058,2039,2020
2027,2022,2038,2025,2000,2064,2045,2024
2032,2028,2052,2021,2028,2059,2050,2028
2036,2043,2074,2030,2050,2063,2045,2031
2036,2045,2091,2055,2093,2077,2048,2036
2053,2062,2107,2068,2115,2083,2061,2043
2048,2068,2108,2073,2131,2067,2049,2052
2055,2070,2107,2075,2174,2056,2046,2053
2056,2065,2096,2065,2146,2018,2019,2051
2050,2060,2085,2053,2119,2024,2033,2056
2055,2059,2081,2062,2137,2049,2045,2057
2052,2054,2069,2063,2155,2063,2043,2060
2048,2048,2056,2065,2137,2067,2064,2054
2036,2035,2047,2068,2107,2072,2057,2060
2043,2035,2038,2055,2057,2070,2050,2068
2047,2035,2039,2046,2017,2055,2055,2060
2040,2034,2024,2014,1965,2011,2033,2049
2033,2023,2019,1986,1877,1955,2008,2046
2032,2024,2013,1986,1840,1945,2020,2046
2041,2028,2023,1994,1850,1968,2006,2046
2046,2033,2018,2004,1889,2004,2049,2048
2051,2036,2030,2013,1936,2023,2063,2042
2052,2044,2039,2038,2025,2059,2038,2031
2048,2036,2042,2044,2076,2087,2042,2026
2043,2036,2036,2035,2079,2094,2037,2016
2036,2034,2038,2016,2034,2090,2010,2014
2031,2027,2036,2001,2021,2033,1983,2009
2038,2032,2041,2011,2029,1999,2010,2026
2048,2047,2046,2024,2044,2007,2021,2036
2045,2053,2064,2032,2066,1949,2029,2045
2057,2055,2073,2055,2136,1952,2042,2048
2052,2060,2072,2072,2222,2005,2059,2047
2057,2060,2066,2079,2257,2045,2070,2042
2051,2047,2058,2066,2205,2066,2058,2034
2040,2036,2047,2067,2157,2071,2063,2026
2040,2040,2042,2062,2116,2078,2064,2030
2045,2040,2039,2054,2051,2076,2059,2028
2041,2039,2041,2050,1991,2083,2060,2031
2047,2038,2043,2052,1988,2092,2058,2042
2054,2045,2050,2057,2033,2087,2051,2041
2053,2044,2056,2066,2105,2074,2053,2044
2049,2054,2056,2073,2166,2072,2055,2048
2055,2051,2049,2064,2170,2053,2052,2053
2055,2044,2041,2052,2085,2036,2057,2058
2054,2048,2038,2057,2028,2032,2048,2056
2054,2046,2037,2061,2058,2035,2043,2054
2043,2034,2027,2059,2086,2044,2056,2057
2038,2030,2027,2054,2077,2042,2047,2060
2038,2028,2027,2054,2035,2042,2045,2061
2043,2029,2034,2046,1998,2047,2042,2053
2039,2021,2025,2041,2041,2053,2050,2053
2038,2013,2030,2047,2065,2058,2043,2062
2051,2032,2043,2046,2065,2065,2050,2058
2042,2034,2040,2042,2028,2045,2053,2054
2041,2034,2038,2028,2020,2035,2044,2046
2043,2035,2040,2022,2017,2043,2053,2044
2052,2038,2059,2033,2004,2033,2037,2050
2054,2066,2085,2046,2008,2009,2038,2053
2061,2075,2096,2059,2037,2015,2046,2055
2061,2075,2095,2065,2056,2026,2042,2052
2057,2071,2088,2056,2052,2040,2053,2051
2064,2072,2090,2049,2052,2058,2032,2042
2064,2067,2075,2053,2057,2059,2051,2036
2069,2059,2064,2055,2060,2054,2042,2038
2064,2060,2053,2052,2061,2048,2063,2038
2066,2055,2053,2055,2041,2037,2039,2037
2065,2047,2049,2051,1996,2029,2026,2024
2054,2035,2042,2044,1989,2029,2025,2024
2045,2028,2044,2046,2010,2041,2035,2030
2046,2038,2054,2058,2038,2054,2049,2033
2045,2042,2063,2080,2077,2068,2064,2039
2040,2050,2083,2088,2115,2094,2058,2041
2046,2054,2097,2089,2121,2111,2064,2049
2048,2053,2098,2086,2130,2120,2058,2054
2049,2053,2092,2082,2111,2118,2048,2049
2044,2047,2083,2070,2034,2085,2047,2052
2038,2040,2069,2038,1926,2031,2039,2042
2033,2034,2055,2034,1923,1973,2039,2046
2029,2024,2036,2030,1944,1931,2027,2045
2024,2022,2025,2025,1972,1955,2023,2048
2033,2030,2026,2050,1998,1998,2024,2059
2053,2042,2036,2067,2029,2043,2032,2065
2048,2046,2050,2059,2029,2063,2030,2066
2051,2041,2054,2047,2113,2087,2044,2051
2035,2027,2053,2078,2282,2116,2040,2051
2032,2034,2059,2120,2337,2140,2053,2056
2043,2049,2059,2116,2276,2123,2058,2061
2046,2046,2046,2077,2158,2050,2038,2054
2040,2043,2031,2022,1955,1973,2011,2038
2045,2035,2025,1995,1871,1976,2022,2045
2045,2045,2044,2045,1999,2010,2030,2047
2053,2055,2056,2069,2073,2028,2053,2043
2048,2062,2065,2063,2093,2017,2042,2034
2049,2064,2074,2060,2086,2010,2040,2031
2044,2055,2064,2054,2087,2033,2049,2020
2048,2057,2058,2043,2100,2074,2060,2037
2052,2054,2051,2041,2074,2098,2065,2042
2049,2057,2047,2017,1935,2098,2080,2040
2047,2052,2037,2001,1901,2093,2056,2032
2046,2058,2039,1994,1915,2087,2025,2031
2043,2049,2031,1990,1919,2070,2028,2022
2038,2043,2022,1977,1902,2034,2021,2025
2036,2039,2035,1994,1953,1976,2022,2041
2046,2052,2048,2021,2061,1951,2020,2041
2049,2056,2054,2020,2040,1968,2023,2044
2052,2052,2052,2036,2040,2014,2042,2032
2050,2058,2057,2069,2117,2064,2045,2035
2042,2053,2064,2074,2134,2064,2059,2037
2040,2056,2064,2059,2088,2050,2050,2041
2047,2054,2058,2048,2058,2035,2049,2037
2049,2051,2058,2040,2048,2029,2028,2040
2044,2051,2048,2031,2036,2028,2014,2044
2047,2050,2042,2030,2064,2046,2046,2058
2048,2051,2037,2036,2074,2057,2066,2058
2046,2046,2037,2034,2044,2048,2057,2057
2043,2043,2033,2025,2022,2031,2044,2060
2046,2041,2027,2029,2021,2020,2035,2052
2035,2039,2021,2018,2022,2018,2049,2050
2029,2027,2013,2022,2047,2024,2030,2049
2039,2031,2014,2039,2105,2037,2028,2056
2042,2033,2021,2056,2149,2056,2039,2051
2038,2038,2026,2052,2135,2065,2045,2057
2044,2045,2030,2046,2102,2068,2067,2053
2046,2045,2038,2051,2099,2077,2047,2050
2048,2051,2043,2052,2078,2071,2065,2043
2054,2053,2041,2047,2062,2072,2052,2039
2045,2041,2036,2034,2027,2039,2039,2033
2042,2040,2028,2024,1987,2021,2038,2030
2040,2039,2034,2025,1990,2034,2047,2030
2041,2036,2036,2031,2010,2041,2026,2031
2039,2044,2053,2052,2050,2058,2048,2028
2041,2048,2077,2088,2107,2069,2050,2034
2045,2057,2092,2096,2084,2063,2046,2042
2045,2056,2093,2084,2052,2023,2031,2024
2042,2039,2087,2071,2041,2011,2040,2018
2036,2042,2086,2071,2040,2024,2041,2035
2041,2048,2090,2078,2042,2028,2029,2043
2046,2047,2086,2081,2052,2044,2056,2040
2052,2050,2075,2080,2058,2056,2053,2040
2050,2048,2070,2081,2049,2055,2056,2043
2051,2048,2066,2083,2055,2044,2056,2047
2043,2046,2061,2082,2062,2047,2046,2056
2044,2044,2058,2081,2066,2046,2041,2060
2044,2050,2062,2084,2069,2049,2039,2066
2052,2047,2054,2074,2070,2058,2039,2064
2056,2050,2044,2069,2072,2061,2033,2069
2047,2041,2039,2062,2066,2062,2054,2060
2047,2044,2035,2061,2074,2059,2037,2059
2046,2043,2026,2055,2085,2058,2040,2056
2044,2044,2020,2057,2079,2047,2043,2056
2038,2035,2023,2061,2046,2019,2024,2044
2031,2022,2030,2071,2012,2009,2017,2037
2029,2029,2038,2077,2010,2022,2036,2051
2045,2032,2029,2070,1997,2024,2017,2049
2042,2029,2020,2062,2009,2024,2040,2042
2044,2022,2014,2064,2027,2032,2043,2045
2041,2033,2010,2066,2047,2046,2062,2048
2042,2036,2010,2072,2082,2066,2055,2047
2041,2033,2002,2074,2086,2077,2059,2041
2045,2031,1996,2079,2081,2075,2055,2033
2043,2032,1998,2074,2067,2066,2056,2036
2041,2032,1988,2067,2066,2070,2050,2034
2046,2030,1983,2043,2094,2076,2058,2034
2037,2019,1971,2016,2095,2050,2051,2033
2035,2014,1968,1986,2072,2000,2037,2020
2027,2013,1984,1966,2043,1988,2047,2024
2036,2027,2000,1969,2023,2027,2050,2039
2040,2031,2013,1975,2030,2042,2055,2035
2041,2038,2037,1987,2026,2054,2051,2037
2043,2050,2053,2011,1988,2064,2053,2040
2050,2061,2085,2014,1891,2056,2038,2039
2057,2067,2102,2032,1981,2062,2043,2046
2057,2076,2105,2052,2100,2069,2036,2044
2050,2058,2088,2059,2158,2070,2043,2046
2042,2045,2071,2058,2135,2082,2042,2046
2041,2051,2078,2047,2093,2090,2052,2044
2051,2050,2076,2038,2060,2108,2040,2041
2051,2053,2075,2037,2039,2098,2024,2037
2050,2056,2080,2037,2034,2061,2035,2056
2050,2057,2082,2041,2049,1998,2024,2071
2053,2057,2078,2049,2079,1970,2038,2075
2054,2056,2077,2042,2024,1976,2044,2076
2050,2051,2072,2038,1960,2001,2052,2070
2047,2050,2057,2033,1971,2031,2044,2059
2036,2034,2045,2027,1976,2044,2057,2066
2035,2035,2056,2027,1960,2058,2046,2061
2043,2049,2058,2034,1926,2036,2030,2057
2050,2057,2058,2041,1965,1991,2030,2061
2058,2056,2067,2059,2037,1992,2030,2066
2060,2061,2077,2085,2071,2016,2036,2060
2056,2053,2071,2083,2099,2050,2029,2052
2058,2051,2064,2080,2137,2076,2050,2055
2062,2053,2056,2081,2150,2080,2042,2047
2063,2055,2057,2083,2114,2063,2045,2047
2056,2057,2051,2070,2064,2049,2056,2043
2056,2052,2055,2073,2054,2047,2057,2046
2054,2054,2053,2060,2036,2052,2041,2047
2058,2049,2056,2056,2043,2045,2036,2036
2052,2041,2049,2046,2035,2042,2048,2037
2048,2043,2062,2066,2089,2060,2049,2038
2051,2044,2073,2072,2124,2052,2040,2032
2039,2036,2078,2073,2138,2052,2032,2020
2032,2030,2072,2065,2145,2059,2050,2025
2044,2034,2063,2066,2139,2066,2058,2039
2047,2037,2049,2053,2173,2071,2058,2037
2042,2034,2036,2026,2138,2058,2054,2037
2037,2030,2026,2003,2106,2062,2051,2033
2046,2042,2039,2036,2149,2084,2060,2042
2054,2046,2052,2041,2116,2081,2059,2051
2056,2052,2050,2030,2017,2040,2041,2049
2056,2054,2053,2032,2002,2009,2056,2057
2054,2051,2050,2045,2117,2017,2057,2072
2053,2044,2040,2031,2015,2014,2049,2064
2046,2037,2036,2028,1938,2031,2045,2064
2042,2034,2042,2037,1989,2054,2050,2064
2045,2040,2041,2038,1980,2046,2049,2066
2046,2046,2042,2037,1998,2046,2053,2061
2045,2041,2039,2032,2023,2033,2038,2049
2044,2034,2039,2027,2023,2018,2041,2058
2042,2043,2051,2037,2040,2030,2026,2059
2051,2055,2063,2062,2093,2049,2025,2059
2051,2055,2064,2047,2052,2046,2026,2047
2051,2051,2064,2040,2016,2055,2048,2043
2056,2059,2072,2038,1993,2077,2026,2045
2056,2058,2078,2035,1989,2085,2023,2040
2051,2054,2075,2030,1990,2089,2020,2033
2053,2053,2067,2034,2003,2078,2032,2033
2053,2057,2084,2056,2029,2019,2046,2033
2053,2052,2088,2078,2077,1999,2054,2028
2047,2045,2082,2081,2054,2001,2039,2020
2049,2046,2081,2073,1991,1981,2043,2022
2047,2046,2071,2058,1960,1980,2048,2023
2045,2045,2057,2036,1919,1987,2047,2020
2051,2047,2064,2040,1945,2014,2053,2030
2050,2045,2060,2047,1963,2016,2044,2025
2050,2043,2054,2047,1939,2010,2036,2030
2056,2050,2061,2045,1949,2031,2047,2030
2048,2045,2046,2031,2015,2038,2046,2033
2045,2036,2030,2034,2072,2034,2024,2025
2044,2028,2029,2040,2101,2047,2017,2019
2036,2030,2024,2052,2141,2073,2047,2027
2047,2042,2037,2066,2204,2092,2067,2038
2051,2051,2044,2058,2173,2087,2062,2035
2053,2050,2044,2035,2160,2087,2066,2040
2054,2054,2040,2024,2141,2095,2065,2046
2053,2045,2031,2021,2114,2088,2067,2045
2059,2042,2039,2028,2097,2086,2055,2047
2058,2040,2041,2054,2115,2071,2064,2057
2047,2032,2040,2077,2115,2042,2045,2049
2047,2035,2045,2084,2072,2028,2044,2053
2045,2036,2059,2081,2055,2029,2041,2042
2039,2019,2060,2067,2007,2025,2036,2041
2041,2022,2062,2070,2030,2044,2037,2046
2043,2040,2074,2076,2059,2042,2041,2049
2039,2040,2073,2080,2043,2037,2035,2046
2048,2046,2066,2072,2033,2031,2040,2036
2049,2044,2061,2071,2028,2027,2038,2038
2050,2042,2048,2070,2043,2032,2035,2028
2049,2041,2036,2068,2074,2040,2028,2020
2047,2042,2025,2060,2103,2054,2041,2023
2039,2037,2024,2055,2087,2046,2048,2022
2048,2034,2016,2046,2083,2050,2066,2020
2046,2027,2014,2033,2074,2060,2067,2022
2045,2029,2009,2024,2072,2066,2070,2026
2048,2036,2021,2022,2069,2072,2058,2032
2056,2053,2046,2028,2062,2060,2039,2026
2055,2049,2046,2019,2048,2046,2049,2031
2055,2049,2032,2008,2038,2047,2041,2021
2046,2032,2010,2001,2047,2045,2044,2022
2037,2026,2009,1994,2053,2045,2047,2025
2052,2038,2029,1999,2040,2036,2047,2034
2054,2058,2060,2027,2048,2015,2041,2042
2064,2065,2067,2042,2049,2019,2034,2043
2056,2065,2059,2035,2044,2032,2042,2044
2052,2052,2044,2027,2057,2046,2041,2041
2042,2045,2036,2028,2065,2068,2050,2040
2049,2045,2036,2021,2055,2070,2041,2035
2046,2044,2038,2014,2045,2057,2048,2041
2044,2043,2039,2017,2026,2034,2050,2037
2046,2048,2050,2025,2029,2031,2053,2054
2046,2056,2060,2035,2046,2041,2061,2058
2046,2057,2056,2043,2075,2053,2044,2061
2043,2054,2052,2037,2108,2066,2049,2054
2045,2049,2050,2040,2134,2071,2060,2053
2037,2038,2045,2040,2162,2068,2049,2052
2038,2039,2050,2043,2165,2055,2042,2057
2045,2049,2066,2047,2145,2060,2039,2066
2050,2054,2058,2040,2104,2064,2033,2060
2051,2052,2055,2022,1979,2055,2050,2052
2050,2050,2044,2002,1847,2037,2052,2053
2049,2049,2044,2009,1909,2044,2059,2045
2040,2042,2046,2026,1980,2049,2046,2041
2051,2044,2046,2033,1980,2047,2052,2040
2047,2044,2046,2043,1968,2053,2052,2040
2045,2045,2046,2049,2008,2053,2060,2037
2035,2045,2045,2048,2010,2054,2057,2035
2036,2044,2044,2049,2032,2054,2061,2040
2044,2039,2038,2050,2069,2057,2059,2039
2043,2041,2034,2051,2097,2053,2046,2042
2046,2044,2036,2041,2103,2039,2047,2042
2052,2044,2030,2020,2073,2026,2042,2031
2035,2030,2017,1997,2045,2040,2053,2027
2028,2023,2015,2020,2064,2087,2062,2027
2050,2045,2031,2062,2118,2118,2094,2041
2055,2048,2030,2058,2070,2086,2078,2037
2051,2041,2029,2046,2045,2061,2075,2039
2050,2036,2024,2040,2061,2050,2077,2045
2054,2035,2015,2043,2034,2034,2075,2057
2047,2033,2018,2054,2061,2047,2076,2059
2047,2031,2022,2059,2067,2053,2057,2054
2047,2038,2030,2072,2061,2072,2043,2052
2051,2039,2048,2084,2078,2087,2053,2052
2057,2047,2048,2086,2090,2091,2048,2054
2045,2036,2047,2084,2081,2102,2050,2051
2042,2029,2035,2054,1952,2080,2030,2046
2037,2027,2038,2059,1942,2044,2053,2046
2042,2027,2047,2061,1929,2018,2043,2045
2041,2037,2058,2064,2022,2010,2020,2039
2041,2035,2071,2076,2079,2037,2034,2046
2040,2046,2077,2100,2078,2065,2045,2065
2053,2061,2084,2092,2045,2068,2043,2061
2053,2062,2078,2082,2032,2073,2059,2053
2050,2056,2078,2081,2025,2081,2051,2055
2052,2051,2075,2063,2021,2073,2051,2050
2052,2049,2068,2056,2028,2022,2045,2045
2053,2041,2061,2057,2033,1980,2046,2042
2042,2042,2048,2057,2019,1983,2043,2033
2040,2036,2024,2040,2003,2001,2042,2033
2040,2027,2011,2027,1996,2016,2031,2036
2040,2018,1997,2019,1993,2025,2053,2034
2033,2020,2003,2025,2006,2014,2039,2038
2038,2021,2006,2027,2009,2020,2050,2036
2037,2026,2022,2027,2034,2021,2028,2029
2039,2031,2029,2033,2106,2043,2044,2037
2043,2032,2038,2051,2154,2043,2049,2025
2040,2027,2042,2065,2181,2048,2061,2029
2047,2032,2048,2077,2204,2066,2060,2036
2049,2042,2053,2080,2195,2084,2070,2043
2044,2046,2061,2081,2218,2104,2071,2048
2056,2055,2069,2080,2219,2114,2062,2052
2058,2059,2093,2088,2133,2121,2077,2052
2065,2064,2104,2082,2089,2125,2081,2060
2070,2067,2099,2081,2042,2117,2071,2060
2066,2074,2085,2044,1869,2078,2055,2051
2058,2060,2069,2027,1847,2035,2041,2040
2049,2046,2053,2000,1858,1982,2010,2039
2045,2048,2048,2021,1917,1995,2025,2050
2048,2050,2041,2025,1912,1972,2017,2059
2050,2046,2025,2034,1975,1964,2028,2063
2050,2034,2007,2026,2014,1969,2028,2064
2046,2033,2009,2025,2057,1995,2032,2057
2040,2030,2004,2016,2076,2006,2026,2060
2038,2025,2010,2013,2056,2020,2034,2066
2049,2034,2013,2017,2052,2039,2049,2065
2052,2039,2012,2021,2054,2051,2043,2057
2055,2040,2016,2024,2053,2057,2054,2054
2053,2042,2016,2028,2058,2053,2047,2049
2057,2037,2008,2027,2064,2053,2052,2049
2054,2037,2008,2033,2063,2047,2041,2044
2047,2033,2018,2043,2056,2049,2032,2040
2048,2035,2019,2040,2038,2038,2037,2042
2054,2029,2011,2033,1994,2032,2044,2041
2052,2028,2008,2034,1989,2030,2042,2038
2047,2035,2013,2044,2021,2037,2035,2041
2042,2036,2023,2051,2038,2035,2037,2035
2052,2038,2034,2059,2049,2031,2020,2040
2054,2047,2042,2049,2044,2030,2013,2041
2053,2049,2045,2044,2036,2019,2018,2034
2040,2039,2048,2037,2029,2019,2016,2028
2047,2042,2061,2050,2036,2036,2032,2031
2050,2058,2088,2054,2038,2051,2035,2042
2051,2068,2095,2058,2043,2057,2045,2051
2069,2072,2103,2060,2037,2059,2062,2063
2066,2072,2101,2052,2030,2053,2043,2052
2057,2061,2094,2053,2020,2054,2064,2056
2061,2049,2091,2051,2016,2054,2059,2047
2057,2046,2090,2056,2005,2047,2044,2054
2058,2041,2082,2050,2007,2043,2056,2056
2058,2046,2088,2058,2008,2039,2043,2060
2055,2055,2091,2054,2008,2032,2027,2059
2051,2055,2092,2061,2035,2039,2042,2065
2051,2055,2077,2069,2096,2047,2056,2070
2049,2056,2067,2078,2125,2064,2059,2068
2058,2060,2065,2082,2144,2061,2061,2074
2059,2053,2052,2067,2104,2039,2041,2066
2046,2044,2035,2055,2075,2038,2045,2066
2051,2044,2033,2042,2065,2075,2062,2060
2056,2053,2036,2028,2044,2081,2050,2059
2062,2056,2038,2016,1995,2064,2046,2052
2055,2050,2031,1994,1949,2031,2033,2044
2054,2045,2033,1991,1990,2004,2039,2052
2060,2049,2032,2012,2066,2007,2053,2056
2062,2049,2032,2020,2066,2022,2050,2047
2059,2053,2043,2023,2035,2035,2047,2041
2062,2053,2051,2025,2019,2034,2053,2039
2048,2051,2052,2026,2006,2035,2059,2038
2052,2048,2043,2020,1996,2036,2056,2038
2045,2043,2041,2024,2001,2031,2028,2036
2045,2042,2041,2023,2001,2035,2033,2039
2045,2048,2050,2031,2018,2049,2042,2037
2043,2044,2055,2043,2037,2056,2055,2035
2033,2037,2046,2048,2053,2053,2041,2039
2032,2035,2056,2060,2111,2050,2033,2040
2045,2054,2077,2098,2182,2070,2055,2042
2052,2066,2088,2111,2202,2080,2079,2043
2061,2069,2090,2103,2187,2083,2080,2046
2060,2069,2082,2079,2107,2054,2051,2050
2052,2057,2067,2038,2002,2025,2058,2048
2052,2060,2064,2027,1958,2030,2058,2054
2057,2064,2073,2038,1965,2038,2060,2066
2055,2068,2079,2037,1978,2038,2049,2063
2057,2066,2071,2030,1986,2036,2049,2064
2057,2057,2064,2032,2000,2025,2042,2066
