CH1,CH2,CH3,CH4,CH5,CH6,CH7,CH8
2048,2060,2079,2024,2045,2049,2055,2029
2056,2061,2073,2023,2043,2047,2053,2024
2052,2047,2056,2020,2039,2036,2050,2024
2061,2053,2052,2029,2049,2036,2057,2024
2059,2050,2051,2028,2054,2035,2059,2027
2056,2049,2056,2034,2055,2033,2061,2030
2057,2064,2070,2046,2058,2033,2053,2034
2060,2073,2072,2050,2057,2043,2048,2039
2059,2068,2082,2060,2060,2043,2039,2036
2048,2061,2082,2067,2060,2039,2051,2042
2045,2048,2082,2067,2064,2040,2053,2054
2045,2054,2073,2073,2070,2045,2055,2055
2046,2055,2076,2072,2064,2048,2051,2064
2055,2044,2067,2072,2063,2049,2055,2067
2052,2043,2066,2073,2058,2047,2036,2079
2043,2043,2065,2083,2054,2045,2031,2078
2042,2040,2048,2081,2047,2045,2036,2081
2038,2028,2031,2071,2040,2030,2039,2074
2030,2021,2025,2061,2041,2039,2020,2078
2031,2034,2036,2075,2045,2049,2035,2071
2039,2037,2047,2075,2051,2055,2031,2071
2040,2040,2045,2059,2035,2053,2036,2075
2035,2032,2037,2047,2026,2051,2043,2068
2037,2040,2040,2052,2027,2014,2034,2064
2042,2040,2035,2048,2020,2008,2030,2061
2046,2034,2019,2040,2026,2014,2038,2060
2053,2028,2014,2043,2031,2037,2046,2055
2052,2020,2006,2043,2038,2058,2047,2040
2052,2013,1998,2037,2026,2053,2023,2030
2045,2012,1977,2020,2023,2043,2027,2023
2032,2006,1955,2016,2020,2042,2028,2012
2024,1994,1939,2001,2025,2033,2036,2007
2019,2006,1956,2000,2025,2039,2027,2019
2045,2040,1989,2009,2033,2040,2029,2027
2050,2041,1992,2005,2035,2032,2018,2022
2062,2046,2008,2011,2041,2045,2023,2023
2070,2060,2031,2020,2043,2045,2035,2015
2067,2066,2044,2017,2041,2038,2048,2012
2048,2064,2048,2018,2046,2052,2043,2014
2047,2063,2050,2016,2047,2071,2054,2029
2045,2061,2052,2010,2049,2080,2053,2040
2042,2050,2060,2012,2048,2072,2049,2047
2046,2063,2081,2017,2043,2069,2048,2061
2058,2081,2109,2043,2064,2036,2061,2077
2068,2091,2114,2055,2078,2026,2042,2085
2075,2094,2100,2052,2079,2038,2054,2078
2064,2079,2082,2049,2061,2041,2043,2080
2059,2061,2054,2051,2061,2048,2051,2083
2051,2049,2027,2046,2058,2048,2052,2086
2044,2042,2013,2046,2049,2037,2028,2070
2036,2028,2006,2039,2044,2047,2048,2075
2040,2033,2007,2037,2038,2051,2046,2090
2060,2048,2019,2039,2033,2052,2034,2089
2061,2051,2035,2044,2030,2043,2029,2083
2066,2049,2039,2039,2024,2037,2060,2076
2063,2053,2049,2043,2022,2037,2046,2069
2051,2053,2072,2049,2024,2035,2051,2054
2035,2049,2082,2043,2018,2032,2034,2041
2033,2051,2110,2045,2010,2027,2035,2033
2036,2061,2115,2041,1990,2014,2029,2030
2032,2057,2110,2027,1977,2007,2034,2029
2022,2044,2111,2024,1960,2007,2038,2017
2025,2046,2107,2013,1941,2007,2031,2014
2029,2056,2094,2024,1964,2022,2034,2016
2047,2067,2100,2049,2005,2039,2045,2019
2046,2067,2085,2048,2036,2026,2032,2018
2040,2052,2069,2056,2083,2034,2049,2025
2054,2059,2076,2085,2144,2062,2078,2036
2058,2068,2081,2086,2143,2072,2081,2035
2057,2064,2066,2065,2118,2073,2072,2035
2053,2054,2054,2058,2107,2077,2069,2029
2051,2050,2051,2050,2091,2077,2082,2038
2049,2057,2053,2045,2083,2072,2080,2044
2059,2053,2060,2046,2078,2064,2050,2043
2056,2048,2052,2050,2066,2062,2065,2045
2058,2056,2058,2047,2066,2066,2074,2058
2059,2053,2056,2057,2073,2078,2086,2060
2050,2057,2056,2060,2077,2076,2079,2078
2048,2051,2046,2059,2078,2072,2080,2084
2055,2052,2041,2067,2082,2070,2082,2080
2050,2050,2038,2068,2063,2077,2074,2087
2049,2045,2027,2062,2047,2062,2069,2089
2036,2027,2010,2047,2032,2046,2060,2079
2040,2028,2012,2049,2032,2049,2049,2085
2038,2043,2021,2057,2032,2051,2044,2074
2041,2044,2016,2060,2030,2047,2035,2072
2049,2047,2017,2060,2024,2041,2029,2069
2042,2044,2010,2049,2028,2054,2041,2071
2044,2043,2011,2043,2033,2063,2054,2061
2047,2042,2003,2035,2022,2059,2054,2046
2047,2049,2005,2037,2036,2067,2048,2035
2048,2041,2003,2044,2051,2074,2053,2036
2041,2039,2013,2050,2060,2079,2047,2037
2051,2041,2021,2047,2057,2078,2051,2024
2048,2048,2026,2041,2048,2065,2018,2026
2046,2044,2027,2052,2048,2054,2024,2022
2041,2042,2026,2039,2056,2052,2017,2021
2050,2029,2028,2031,2055,2041,2020,2012
2045,2017,2026,2009,2028,2016,2025,2016
2048,2020,2027,2002,2028,2013,2018,2020
2051,2039,2055,2020,2044,2032,2019,2023
2050,2063,2091,2044,2058,2040,2036,2039
2057,2066,2094,2051,2061,2045,2055,2039
2055,2060,2086,2046,2060,2045,2062,2041
2046,2063,2086,2052,2070,2052,2071,2045
2040,2064,2096,2054,2078,2056,2074,2052
2049,2068,2095,2061,2075,2061,2064,2061
2048,2070,2094,2064,2058,2066,2071,2075
2048,2058,2082,2060,2059,2071,2070,2076
2045,2055,2065,2062,2061,2064,2060,2080
2044,2050,2066,2055,2075,2054,2059,2091
2045,2048,2063,2046,2067,2056,2048,2093
2044,2038,2046,2038,2045,2067,2045,2088
2041,2030,2043,2032,2036,2081,2030,2083
2036,2027,2044,2026,2025,2084,2033,2080
2033,2026,2039,2037,2015,2079,2028,2084
2032,2038,2054,2055,2022,2072,2037,2085
2045,2044,2065,2076,2043,2034,2037,2092
2051,2050,2071,2096,2079,2017,2048,2094
2051,2046,2070,2107,2095,2032,2040,2077
2042,2037,2057,2104,2084,2035,2037,2066
2040,2029,2046,2105,2060,2038,2030,2053
2039,2028,2042,2100,2060,2059,2034,2051
2039,2034,2044,2108,2054,2065,2051,2052
2040,2020,2028,2112,2058,2059,2036,2041
2033,2019,2024,2116,2056,2065,2027,2038
2039,2030,2037,2117,2064,2061,2042,2035
2044,2036,2048,2124,2062,2060,2012,2035
2042,2037,2048,2119,2062,2057,2020,2035
2049,2034,2034,2100,2054,2060,2034,2029
2060,2044,2028,2079,2054,2054,2015,2024
2055,2043,2029,2068,2049,2049,2010,2024
2068,2060,2034,2054,2051,2038,2006,2032
2071,2058,2022,2029,2045,2026,2020,2028
2066,2037,2019,2023,2036,2014,2015,2014
2044,2025,2013,2019,2035,2007,2010,2005
2015,2018,2002,1990,2024,2006,2017,2014
2005,2005,1975,1969,2006,2003,2009,2030
1998,2005,1966,1962,2010,2005,2026,2055
2029,2028,1996,1978,2023,2019,2044,2072
2047,2048,2019,1987,2026,2019,2045,2071
2051,2060,2015,1980,2028,2024,2030,2068
2043,2066,2020,1994,2044,2035,2021,2078
2045,2066,2052,2022,2046,2043,2048,2082
2051,2080,2080,2041,2052,2046,2044,2085
2052,2081,2075,2039,2053,2054,2054,2089
2048,2070,2075,2035,2041,2060,2043,2088
2030,2054,2057,2027,2035,2064,2048,2093
2043,2057,2057,2025,2035,2065,2051,2094
2046,2068,2075,2031,2033,2060,2040,2099
2045,2076,2076,2020,2034,2056,2032,2093
2050,2075,2075,2017,2026,2069,2040,2082
2048,2064,2071,2021,2021,2080,2040,2070
2045,2068,2060,2014,1996,2078,2027,2064
2047,2058,2044,2013,1978,2057,2028,2063
2051,2062,2052,2024,1980,2023,2038,2060
2056,2074,2069,2042,1987,2020,2026,2048
2062,2078,2078,2049,2001,2000,2016,2051
2062,2071,2078,2058,2034,1986,2019,2047
2045,2060,2075,2058,2062,2027,2039,2040
2046,2064,2085,2065,2077,2062,2056,2035
2053,2063,2073,2071,2073,2069,2035,2036
2053,2057,2060,2061,2058,2063,2031,2029
2039,2040,2050,2060,2044,2053,2020,2023
2047,2052,2055,2060,2046,2024,2042,2036
2055,2065,2069,2070,2056,2029,2019,2042
2061,2069,2069,2067,2060,2033,2035,2036
2051,2057,2070,2065,2063,2045,2031,2024
2046,2045,2058,2058,2063,2057,2044,2027
2046,2041,2053,2056,2065,2063,2049,2032
2040,2053,2063,2057,2069,2063,2054,2056
2049,2061,2060,2059,2064,2063,2068,2061
2059,2052,2048,2057,2057,2053,2063,2064
2055,2044,2043,2061,2063,2052,2067,2074
2060,2043,2043,2062,2057,2053,2060,2087
2057,2042,2034,2062,2058,2051,2050,2083
2049,2044,2024,2058,2049,2046,2049,2081
2040,2035,2006,2048,2037,2041,2044,2081
2030,2025,2000,2044,2040,2039,2030,2081
2028,2017,1990,2044,2038,2029,2030,2081
2014,2019,1978,2050,2035,2020,2025,2082
2030,2039,1988,2059,2032,2019,2043,2091
2041,2041,1995,2062,2023,2021,2055,2083
2039,2033,1983,2047,2012,2016,2030,2082
2033,2025,1966,2030,1985,2014,2005,2069
2031,2015,1951,2019,1991,2018,2003,2059
2037,2017,1971,2048,2022,2022,2032,2054
2039,2022,1992,2058,2023,2026,2021,2046
2038,2019,2004,2045,2043,2047,2042,2051
2050,2028,2001,2067,2079,2080,2040,2052
2057,2029,2032,2098,2107,2087,2053,2044
2054,2041,2047,2121,2112,2090,2062,2039
2053,2043,2057,2119,2092,2093,2033,2029
2039,2046,2066,2113,2057,2081,2040,2015
2035,2042,2060,2107,2048,2083,2051,2020
2041,2036,2052,2097,2044,2077,2044,2019
2047,2039,2044,2093,2045,2076,2061,2015
2050,2045,2041,2090,2048,2078,2047,2019
2054,2053,2027,2068,2039,2073,2047,2019
2047,2047,2015,2058,2039,2055,2050,2017
2047,2043,2023,2047,2026,2043,2033,2020
2041,2047,2045,2036,2021,2013,2041,2023
2046,2059,2064,2032,2016,1998,2035,2031
2042,2057,2070,1998,2011,2009,2025,2046
2046,2070,2101,1982,2002,2008,2042,2052
2040,2062,2095,1962,2012,2018,2028,2059
2036,2054,2110,1968,2030,2034,2043,2070
2035,2045,2110,1978,2044,2045,2048,2076
2034,2040,2103,1991,2044,2048,2057,2082
2036,2039,2093,2016,2048,2059,2061,2093
2039,2032,2083,2029,2045,2068,2065,2101
2037,2031,2071,2033,2036,2070,2053,2093
2025,2024,2058,2036,2022,2066,2029,2085
2028,2021,2070,2049,2023,2063,2035,2079
2033,2045,2091,2066,2021,2055,2038,2083
2058,2082,2112,2081,2034,2024,2041,2093
2067,2085,2110,2088,2051,2017,2037,2090
2060,2086,2106,2076,2043,2021,2040,2079
2061,2086,2092,2067,2043,2028,2050,2075
2061,2070,2071,2050,2035,2030,2043,2066
2060,2063,2070,2048,2036,2036,2030,2062
2053,2066,2078,2058,2047,2038,2037,2054
2052,2070,2077,2057,2061,2049,2024,2058
2059,2079,2082,2060,2052,2045,2055,2048
2054,2066,2079,2065,2047,2043,2059,2031
2050,2060,2074,2060,2050,2047,2053,2029
2051,2056,2065,2064,2044,2046,2054,2029
2055,2042,2053,2065,2043,2036,2019,2023
2050,2034,2046,2062,2036,2029,2027,2032
2042,2033,2039,2061,2039,2040,2020,2027
2036,2030,2035,2063,2050,2044,2043,2022
2044,2032,2038,2060,2047,2036,2040,2024
2045,2031,2017,2046,2034,2029,2037,2022
2046,2021,2013,2039,2044,2030,2040,2030
2047,2032,2020,2042,2048,2035,2044,2046
2057,2037,2006,2032,2039,2036,2038,2059
2049,2025,1987,2026,2020,2023,2046,2061
2043,2013,1982,2031,2015,2025,2049,2065
2042,2018,1981,2034,2014,2025,2038,2072
2039,2019,1974,2036,2026,2035,2038,2062
2033,2030,2013,2062,2061,2052,2081,2084
2040,2056,2039,2080,2069,2060,2074,2089
2041,2055,2039,2072,2054,2052,2071,2092
2043,2057,2041,2059,2039,2044,2054,2085
2042,2059,2054,2062,2027,2037,2045,2081
2049,2077,2077,2072,2020,2038,2051,2079
2053,2074,2078,2079,2021,2033,2036,2078
2046,2066,2067,2087,2020,2038,2033,2068
2050,2068,2079,2090,2031,2045,2039,2070
2049,2072,2072,2090,2036,2048,2037,2068
2050,2064,2062,2081,2038,2046,2063,2065
2058,2055,2064,2069,2034,2038,2055,2050
2051,2044,2056,2046,2022,2044,2055,2042
2045,2037,2068,2026,2013,2051,2043,2038
2040,2035,2076,2022,2011,2046,2036,2036
2044,2040,2066,2011,2008,2045,2014,2033
2041,2027,2049,2009,2018,2029,2026,2035
2042,2032,2060,2051,2064,2025,2049,2035
2041,2053,2086,2072,2117,2040,2075,2039
2041,2063,2085,2074,2107,2048,2065,2030
2040,2052,2084,2068,2091,2056,2057,2029
2045,2051,2071,2066,2093,2062,2061,2028
2052,2051,2064,2063,2076,2060,2057,2037
2057,2049,2061,2060,2082,2054,2060,2037
2055,2051,2074,2064,2079,2049,2045,2036
2056,2055,2082,2070,2088,2054,2046,2034
2049,2060,2089,2066,2075,2055,2046,2028
2048,2052,2080,2057,2066,2055,2048,2031
2046,2050,2068,2052,2061,2060,2058,2043
2046,2052,2068,2055,2053,2065,2061,2055
2043,2055,2072,2051,2056,2061,2062,2063
2032,2044,2059,2045,2050,2049,2071,2062
2033,2044,2054,2043,2037,2044,2061,2071
2047,2050,2066,2047,2027,2037,2070,2077
2056,2050,2058,2052,2021,2031,2052,2089
2050,2044,2056,2037,2011,2026,2058,2082
2044,2038,2051,2033,2013,2041,2043,2086
2046,2045,2055,2043,2012,2041,2050,2078
2043,2055,2057,2045,2018,2041,2043,2085
2046,2047,2056,2044,2017,2039,2061,2080
2056,2051,2058,2041,2017,2039,2081,2079
2057,2058,2055,2036,2016,2049,2070,2081
2052,2045,2048,2031,2008,2044,2071,2074
2051,2044,2044,2032,2006,2045,2045,2063
2054,2053,2042,2032,2019,2049,2056,2057
2047,2047,2048,2036,2018,2044,2045,2043
2043,2041,2048,2047,2022,2039,2027,2041
2038,2049,2053,2050,2024,2040,2033,2043
2034,2049,2048,2049,2032,2057,2039,2033
2042,2057,2050,2055,2053,2087,2067,2028
2044,2056,2054,2057,2061,2096,2051,2026
2041,2056,2058,2063,2058,2094,2041,2023
2036,2046,2049,2057,2050,2067,2034,2006
2038,2043,2048,2050,2033,2019,2025,2003
2037,2048,2049,2048,2030,2005,2016,2005
2040,2045,2045,2039,2022,1998,2026,2004
2038,2040,2041,2036,2022,2000,2024,2014
2033,2036,2039,2038,2036,2010,2038,2025
2037,2034,2042,2046,2063,1989,2058,2044
2040,2049,2045,2057,2074,2026,2084,2050
2047,2046,2040,2055,2061,2054,2073,2056
2057,2052,2044,2050,2056,2067,2098,2060
2057,2052,2047,2054,2058,2074,2088,2058
2050,2047,2049,2059,2069,2074,2083,2062
2047,2047,2044,2060,2071,2071,2048,2067
2040,2040,2040,2056,2058,2067,2061,2067
2035,2041,2043,2055,2048,2044,2061,2058
2032,2040,2043,2043,2027,2031,2044,2063
2037,2034,2042,2038,2022,2024,2032,2061
2033,2019,2036,2033,2024,2032,2042,2070
2032,2021,2032,2037,2018,2044,2057,2070
2035,2038,2040,2046,2024,2045,2043,2080
2039,2046,2050,2058,2037,2022,2054,2078
2041,2049,2042,2058,2051,2017,2061,2073
2036,2046,2035,2056,2045,2041,2068,2065
2036,2044,2038,2053,2037,2059,2051,2056
2036,2049,2045,2054,2032,2072,2052,2046
2038,2045,2046,2055,2037,2078,2050,2045
2042,2049,2045,2051,2042,2068,2047,2029
2039,2052,2051,2055,2049,2070,2052,2033
2038,2052,2048,2054,2045,2058,2031,2029
2045,2048,2044,2056,2036,2047,2031,2028
2044,2047,2035,2053,2036,2058,2037,2017
2033,2036,2034,2049,2039,2047,2062,2011
2042,2047,2039,2051,2024,2036,2043,2015
2047,2043,2041,2038,2008,2018,2045,2015
2045,2047,2042,2051,2017,1982,2017,2026
2058,2062,2054,2067,2039,1974,2043,2033
2064,2067,2057,2077,2053,1987,2046,2037
2072,2069,2060,2082,2100,2026,2060,2038
2071,2063,2049,2078,2126,2070,2045,2045
2071,2054,2037,2072,2130,2084,2048,2047
2063,2055,2033,2076,2149,2059,2052,2038
2058,2044,2031,2076,2132,2048,2057,2039
2042,2040,2035,2070,2096,2047,2050,2037
2037,2039,2039,2066,2094,2054,2074,2052
2031,2032,2039,2063,2069,2059,2076,2060
2030,2037,2045,2054,2017,2046,2082,2069
2030,2041,2041,2033,1924,2011,2060,2067
2029,2046,2048,2040,1970,2009,2057,2080
2033,2056,2063,2049,2002,2008,2051,2074
2032,2044,2056,2041,1977,1993,2033,2072
2034,2041,2051,2026,1935,1979,2027,2079
2045,2045,2052,2019,1904,2000,2040,2077
2048,2060,2054,2036,1973,2061,2056,2079
2054,2062,2059,2066,2060,2092,2046,2077
2062,2064,2052,2079,2101,2093,2039,2066
2050,2054,2050,2081,2088,2078,2044,2058
2044,2053,2050,2078,2055,2051,2048,2045
2042,2049,2056,2087,2057,2037,2025,2035
2048,2047,2049,2085,2050,2028,2018,2028
2047,2047,2043,2078,2033,2024,2027,2028
2051,2047,2046,2074,2040,2029,2034,2022
2051,2047,2051,2079,2043,2040,2054,2016
2042,2048,2043,2085,2050,2046,2052,2015
2043,2050,2039,2081,2054,2050,2061,2008
2040,2042,2031,2070,2058,2055,2072,2014
2037,2037,2015,2052,2047,2046,2044,2004
2030,2023,2003,2018,2022,2054,2035,2001
2031,2026,2007,2011,2014,2057,2039,2003
2031,2035,2021,2006,2020,2051,2038,2006
2036,2041,2038,2005,2008,2047,2042,2004
2038,2044,2060,2003,1999,2031,2053,2018
2043,2053,2060,2015,2041,2014,2066,2032
2052,2055,2058,2026,2074,2039,2089,2043
2058,2049,2049,2034,2079,2058,2084,2044
2053,2041,2048,2038,2072,2073,2098,2042
2050,2037,2050,2043,2059,2061,2080,2051
2045,2034,2052,2047,2054,2060,2086,2052
2050,2038,2058,2054,2047,2052,2083,2063
2051,2040,2060,2058,2038,2053,2070,2066
2047,2034,2057,2063,2036,2051,2076,2073
2045,2044,2054,2057,2038,2060,2071,2075
2042,2047,2052,2058,2035,2058,2064,2073
2046,2037,2039,2045,2025,2052,2062,2076
2040,2038,2033,2040,2020,2049,2068,2083
2053,2046,2035,2035,2019,2052,2068,2083
2055,2042,2030,2028,2013,2050,2054,2074
2052,2041,2025,2028,2014,2044,2065,2070
2044,2039,2015,2035,2007,2039,2068,2070
2053,2033,1998,2035,2006,2042,2062,2059
2046,2025,1981,2027,2018,2061,2052,2046
2042,2014,1979,2038,2048,2079,2070,2047
2048,2024,2001,2058,2064,2088,2067,2042
2054,2026,2015,2063,2044,2072,2058,2037
2047,2030,2029,2076,2035,2031,2063,2026
2050,2030,2023,2077,2037,2025,2069,2014
2038,2024,2011,2060,2042,2030,2061,2014
2033,2011,1987,2052,2043,2028,2062,2008
2018,1997,1972,2040,2044,2024,2053,2000
2022,2003,1982,2037,2042,2037,2050,2000
2038,2023,2001,2047,2053,2049,2059,2017
2043,2019,2008,2045,2071,2057,2066,2024
2033,2002,2013,2033,2070,2044,2062,2018
2032,2012,2049,2032,2062,2039,2054,2017
2044,2026,2068,2032,2050,2037,2049,2018
2039,2027,2060,2028,2052,2043,2066,2029
2043,2033,2065,2030,2058,2046,2082,2038
2046,2052,2061,2046,2065,2053,2070,2046
2058,2068,2069,2057,2077,2059,2051,2054
2060,2076,2079,2065,2078,2060,2061,2061
2068,2070,2076,2062,2072,2059,2062,2068
2060,2068,2061,2054,2073,2052,2077,2072
2058,2072,2064,2047,2060,2053,2058,2071
2056,2080,2072,2037,2058,2042,2061,2075
2055,2081,2070,2029,2055,2039,2068,2083
2060,2077,2046,2006,2037,2028,2049,2082
2054,2061,2026,1986,2027,2024,2053,2089
2054,2050,2019,1990,2031,2025,2055,2090
2065,2047,2020,2007,2035,2036,2061,2087
2065,2056,2034,2039,2046,2042,2050,2067
2070,2060,2043,2053,2052,2047,2045,2063
2066,2054,2055,2055,2051,2052,2058,2065
2063,2050,2047,2053,2043,2046,2053,2052
2052,2046,2045,2056,2030,2043,2061,2054
2053,2054,2044,2068,2030,2036,2049,2052
2056,2054,2043,2065,2035,2035,2034,2032
2055,2051,2051,2058,2039,2037,2050,2034
2060,2066,2064,2058,2050,2044,2055,2035
2057,2067,2070,2058,2043,2046,2041,2035
2059,2074,2081,2058,2048,2050,2067,2036
2060,2076,2083,2052,2050,2048,2055,2030
2052,2071,2075,2055,2052,2042,2055,2025
2058,2062,2068,2048,2041,2043,2067,2029
2061,2056,2064,2047,2041,2037,2061,2036
2064,2056,2064,2049,2046,2043,2058,2031
2066,2058,2067,2046,2053,2044,2062,2037
2060,2053,2070,2044,2057,2054,2067,2030
2056,2058,2075,2058,2059,2050,2073,2032
2054,2065,2081,2063,2045,2049,2076,2032
2054,2064,2081,2067,2052,2052,2078,2030
2046,2069,2082,2066,2055,2050,2075,2032
2042,2062,2076,2068,2053,2051,2057,2046
2040,2065,2078,2068,2057,2054,2070,2060
2050,2069,2077,2065,2058,2053,2073,2067
2054,2065,2058,2063,2057,2052,2067,2071
2046,2060,2053,2058,2056,2048,2074,2075
2052,2056,2044,2055,2053,2054,2062,2078
2053,2058,2050,2051,2047,2047,2049,2075
2047,2047,2043,2047,2038,2041,2064,2072
2048,2049,2038,2049,2037,2044,2062,2082
2048,2055,2047,2054,2034,2046,2062,2078
2047,2058,2044,2051,2044,2047,2070,2073
2044,2057,2041,2047,2035,2047,2060,2066
2052,2054,2035,2049,2035,2045,2055,2059
2046,2054,2033,2054,2033,2039,2054,2053
2049,2051,2039,2056,2032,2040,2050,2041
2052,2055,2041,2060,2033,2039,2047,2042
2054,2053,2040,2061,2033,2040,2028,2034
2052,2053,2039,2056,2035,2042,2025,2028
2055,2058,2041,2057,2041,2046,2034,2031
2061,2056,2032,2057,2039,2049,2038,2030
2057,2047,2022,2056,2036,2051,2043,2021
2057,2054,2033,2059,2039,2055,2058,2022
2055,2050,2037,2055,2032,2047,2045,2013
2043,2039,2027,2049,2030,2042,2051,1994
2032,2029,2022,2052,2040,2047,2057,2001
2034,2041,2028,2051,2044,2048,2061,2014
2042,2044,2035,2054,2051,2042,2053,2024
2046,2050,2035,2047,2046,2052,2062,2031
2050,2052,2033,2044,2041,2054,2064,2034
2054,2038,2026,2036,2039,2048,2058,2034
2056,2038,2031,2044,2051,2056,2060,2032
2054,2049,2049,2062,2059,2053,2042,2026
2049,2063,2066,2072,2070,2055,2044,2029
2043,2056,2064,2070,2058,2056,2066,2047
2047,2059,2063,2067,2052,2050,2063,2068
2046,2049,2062,2069,2049,2051,2061,2072
2041,2047,2056,2059,2036,2045,2059,2077
2038,2045,2049,2064,2039,2044,2062,2075
2038,2046,2043,2056,2026,2045,2051,2075
2038,2043,2037,2038,1997,2047,2047,2070
2039,2034,2028,2019,1986,2047,2020,2072
2038,2042,2024,2023,1977,2049,2041,2066
2047,2039,2033,2019,1965,2019,2039,2071
2055,2050,2049,2028,1984,1999,2055,2078
2058,2054,2052,2035,2023,2000,2065,2077
2053,2043,2038,2030,2037,2018,2056,2062
2039,2039,2029,2037,2076,2058,2052,2056
2048,2051,2045,2071,2113,2087,2074,2049
2058,2064,2059,2076,2113,2089,2061,2040
2057,2063,2066,2075,2090,2084,2057,2038
2051,2059,2069,2060,2083,2075,2057,2036
2050,2053,2066,2055,2073,2072,2067,2032
2050,2055,2062,2058,2059,2067,2057,2029
2050,2054,2055,2053,2046,2064,2052,2021
2055,2048,2048,2058,2044,2073,2043,2019
2051,2041,2033,2056,2039,2089,2053,2017
2052,2050,2040,2052,2048,2095,2067,2018
2059,2058,2053,2062,2054,2102,2065,2024
2061,2059,2056,2060,2061,2081,2063,2027
2053,2053,2045,2056,2067,2027,2046,2019
2047,2051,2042,2054,2064,2004,2066,2028
2047,2049,2041,2058,2075,2021,2062,2026
2050,2047,2047,2063,2075,2023,2057,2038
2051,2052,2045,2061,2071,2034,2048,2045
2051,2052,2043,2057,2078,2051,2060,2052
2051,2050,2047,2058,2076,2058,2062,2057
2055,2055,2055,2061,2079,2070,2064,2066
2058,2051,2047,2067,2077,2069,2052,2070
2050,2055,2057,2073,2071,2076,2060,2078
2054,2051,2058,2077,2064,2070,2047,2069
2045,2040,2051,2073,2047,2048,2032,2060
2035,2023,2030,2064,2026,2015,2027,2052
2024,2014,2026,2061,2013,1996,1999,2048
2029,2031,2033,2080,2017,2009,2030,2059
2039,2044,2047,2084,2039,2027,2042,2064
2045,2042,2044,2097,2048,2033,2043,2062
2047,2044,2042,2098,2041,2022,2015,2062
2050,2045,2046,2098,2034,2022,2029,2056
2049,2056,2054,2102,2024,2021,2030,2048
2049,2070,2067,2103,2034,2029,2043,2046
2055,2072,2073,2104,2039,2039,2056,2040
2052,2061,2065,2095,2043,2047,2045,2040
2047,2061,2055,2089,2048,2055,2037,2033
2044,2063,2052,2085,2055,2051,2037,2023
2048,2058,2037,2074,2062,2056,2043,2024
2048,2053,2033,2056,2064,2059,2044,2021
2046,2050,2014,2035,2066,2058,2040,2017
2048,2041,2010,2034,2053,2042,2040,2016
2036,2030,1997,2024,2031,2034,2029,2005
2031,2024,1999,2019,2020,2032,2026,2014
2037,2027,1996,2016,2016,2036,2051,2018
2032,2025,1993,2018,2021,2050,2062,2017
2034,2036,2008,2030,2041,2057,2073,2025
2044,2050,2014,2026,2044,2056,2073,2028
2054,2048,2009,2013,2029,2053,2083,2037
2055,2046,2020,2009,2030,2043,2070,2046
2057,2047,2047,2011,2026,2042,2071,2054
2059,2056,2063,2015,2031,2052,2071,2061
2056,2065,2078,2035,2047,2062,2072,2059
2058,2079,2091,2050,2063,2062,2070,2066
2056,2081,2087,2051,2076,2059,2070,2068
2055,2072,2077,2050,2091,2056,2060,2073
2053,2072,2069,2056,2094,2039,2047,2080
2054,2061,2055,2050,2082,2021,2054,2070
2046,2052,2040,2038,2060,2046,2043,2078
2039,2048,2033,2036,2052,2086,2059,2076
2041,2055,2034,2039,2042,2102,2068,2073
2040,2047,2023,2038,2025,2093,2055,2064
2040,2042,2023,2029,2008,2065,2055,2067
2058,2052,2027,2031,2003,2043,2062,2059
2057,2059,2030,2027,2000,2047,2055,2053
2052,2050,2024,2020,2005,2055,2056,2044
2051,2052,2033,2028,2080,2081,2071,2053
2059,2057,2046,2036,2125,2079,2067,2045
2057,2050,2040,2041,2150,2081,2078,2033
2051,2054,2049,2040,2157,2070,2054,2023
2049,2047,2037,2036,2159,2042,2032,2020
2043,2031,2024,2028,2144,2028,2060,2017
2044,2013,2006,2023,2119,2020,2069,2015
2043,2020,2010,2022,2094,2011,2040,2013
2039,2024,2017,2028,2069,2014,2033,2010
2043,2034,2023,2026,2042,2024,2034,2014
2044,2031,2024,2029,1962,2026,2049,2007
2038,2029,2021,2035,1938,2031,2048,2005
2037,2033,2023,2037,1982,2039,2045,2011
2038,2036,2015,2041,2016,2044,2043,2010
2035,2033,2004,2032,2025,2010,2028,2018
2034,2035,2008,2035,2028,1995,2034,2019
2037,2047,2024,2042,2031,2002,2051,2027
2041,2053,2049,2052,2048,2032,2052,2036
2050,2065,2064,2061,2061,2052,2062,2044
2055,2072,2067,2059,2061,2060,2067,2058
2055,2058,2051,2060,2064,2059,2031,2062
2048,2055,2038,2056,2059,2054,2040,2062
2050,2050,2042,2052,2057,2064,2042,2062
2053,2043,2037,2043,2057,2061,2041,2067
2044,2033,2037,2035,2045,2053,2039,2068
2033,2021,2024,2029,2034,2047,2042,2072
2042,2022,2032,2027,2032,2017,2028,2081
2044,2033,2038,2032,2017,1991,2016,2082
2056,2035,2039,2029,2008,1987,2009,2075
2062,2038,2037,2031,2002,1991,2026,2071
2056,2031,2026,2030,2005,2002,2024,2064
2037,2017,2005,2010,1992,2014,2025,2036
2020,2014,2006,2013,2005,2024,2032,2033
2035,2049,2047,2054,2029,2033,2052,2038
2042,2057,2065,2071,2060,2038,2047,2031
2050,2061,2081,2086,2067,2065,2061,2034
2063,2065,2075,2099,2069,2075,2068,2036
2064,2066,2069,2089,2068,2068,2057,2037
2066,2064,2050,2079,2050,2057,2041,2033
2050,2056,2038,2072,2045,2054,2053,2031
2056,2068,2035,2086,2043,2051,2056,2028
2058,2065,2037,2086,2036,2049,2057,2023
2061,2066,2046,2069,2038,2070,2055,2018
2072,2073,2045,2062,2044,2091,2058,2008
2064,2059,2019,2037,2043,2090,2054,2005
2056,2050,2011,2021,2033,2097,2067,2007
2044,2044,2006,2003,2024,2084,2047,2018
2053,2054,2029,2015,2042,2039,2057,2044
2063,2070,2078,2050,2081,2003,2061,2054
2074,2074,2092,2055,2102,2029,2056,2052
2062,2065,2076,2051,2116,2051,2062,2056
2053,2060,2062,2052,2115,2039,2049,2064
2064,2071,2063,2058,2096,2017,2050,2064
2061,2067,2063,2050,2085,2025,2035,2070
2057,2065,2054,2041,2067,2054,2034,2076
2053,2060,2060,2038,2061,2073,2039,2080
2055,2061,2067,2046,2071,2103,2030,2083
2062,2063,2072,2054,2064,2097,2046,2088
2054,2060,2063,2051,2066,2094,2040,2091
2063,2064,2056,2051,2064,2080,2045,2088
2049,2056,2044,2048,2060,2063,2041,2083
2054,2056,2054,2047,2064,2061,2034,2079
2060,2059,2057,2049,2074,2061,2016,2069
2051,2060,2060,2050,2065,2056,2032,2052
2046,2049,2055,2049,2060,2045,2039,2045
2045,2048,2049,2046,2036,2037,2042,2039
2050,2046,2043,2047,2047,2038,2052,2031
2041,2038,2031,2045,2068,2054,2046,2024
2038,2032,2024,2045,2068,2075,2047,2027
2043,2033,2026,2045,2076,2087,2046,2029
2041,2034,2034,2047,2075,2082,2053,2020
2042,2037,2025,2044,2046,2057,2035,2017
2042,2043,2042,2048,2035,2018,2050,2020
2049,2049,2056,2052,2034,2024,2034,2012
2044,2046,2060,2051,2022,2027,2037,2005
2045,2050,2048,2042,2012,2039,2047,2014
2052,2056,2051,2047,2023,2044,2057,2018
2055,2064,2051,2056,2060,2053,2052,2020
2053,2065,2054,2059,2075,2057,2052,2021
2046,2063,2051,2062,2078,2064,2049,2027
2058,2070,2050,2057,2071,2075,2050,2037
2059,2065,2054,2047,2063,2066,2053,2042
2060,2058,2050,2044,2048,2042,2041,2042
2051,2056,2040,2043,2048,2036,2001,2046
2053,2049,2047,2044,2049,2039,2009,2052
2052,2050,2045,2042,2051,2043,2046,2064
2052,2057,2049,2050,2057,2049,2038,2071
2051,2051,2054,2046,2064,2051,2018,2067
2049,2053,2059,2043,2074,2054,2026,2069
2044,2055,2067,2055,2065,2055,2038,2071
2053,2053,2062,2054,2062,2051,2060,2072
2037,2046,2047,2061,2061,2052,2035,2071
2038,2039,2042,2082,2073,2056,2043,2072
2038,2040,2054,2102,2054,2065,2028,2071
2046,2032,2063,2105,2025,2064,2029,2072
2045,2029,2060,2103,2001,2052,2033,2058
2044,2025,2063,2103,1992,2048,2007,2055
2053,2031,2060,2106,1993,2030,2027,2048
2046,2038,2056,2124,2027,1999,2042,2051
2052,2056,2052,2146,2075,2011,2046,2039
2049,2062,2053,2154,2109,2034,2055,2026
2041,2055,2039,2156,2122,2054,2046,2023
2038,2051,2037,2142,2118,2062,2063,2018
2038,2049,2030,2126,2088,2055,2050,2005
2040,2050,2029,2097,2068,2051,2034,2003
2036,2044,2024,2066,2053,2042,2050,1996
2035,2046,2031,2026,2044,2042,2055,1998
2029,2031,2028,1999,2038,2042,2045,2007
2032,2036,2029,1980,2045,2050,2037,2005
2036,2049,2025,1968,2064,2050,2054,2013
2041,2040,2001,1950,2073,2045,2069,2018
2043,2030,1998,1947,2062,2038,2054,2034
2041,2045,2016,1970,2045,2032,2054,2040
2051,2058,2049,1999,2059,2045,2064,2045
2057,2066,2073,2018,2069,2052,2049,2052
2054,2065,2089,2036,2083,2049,2069,2052
2049,2067,2086,2039,2083,2060,2069,2064
2055,2062,2080,2029,2057,2056,2064,2063
2053,2048,2070,2015,2001,2058,2067,2065
2041,2044,2067,1996,1990,2050,2042,2068
2032,2039,2057,1993,2008,2041,2047,2070
2031,2040,2058,1998,2025,2043,2060,2068
2031,2046,2064,2009,2034,2044,2042,2076
2032,2047,2064,2021,2043,2045,2024,2069
2026,2045,2063,2029,2045,2053,2044,2068
2035,2057,2062,2044,2054,2061,2062,2076
2037,2058,2062,2042,2050,2061,2038,2074
2038,2053,2060,2039,2033,2052,2053,2070
2045,2045,2060,2036,2028,2046,2050,2062
2046,2046,2055,2033,2032,2051,2035,2048
2039,2046,2056,2038,2050,2056,2058,2044
2037,2044,2057,2036,2056,2056,2050,2036
2033,2047,2056,2041,2060,2053,2063,2036
2038,2053,2047,2038,2059,2049,2057,2038
2040,2044,2043,2040,2055,2045,2052,2037
2045,2041,2041,2036,2050,2043,2048,2032
2046,2043,2040,2041,2053,2036,2035,2021
2042,2042,2038,2036,2046,2035,2059,2019
2041,2041,2034,2037,2036,2039,2046,2015
2029,2042,2031,2034,2026,2043,2040,2003
2028,2037,2032,2026,2010,2047,2038,2007
2028,2041,2026,2027,2005,2053,2040,2008
2043,2048,2036,2036,2002,2051,2026,2012
2037,2046,2046,2032,2017,2034,2040,2017
2034,2044,2057,2052,2051,2025,2064,2029
2038,2051,2066,2071,2089,2041,2076,2031
2040,2057,2073,2073,2097,2057,2070,2037
2045,2056,2075,2073,2096,2073,2075,2042
2049,2058,2076,2070,2082,2071,2072,2043
2041,2056,2073,2058,2077,2072,2066,2048
2044,2048,2068,2062,2069,2061,2028,2059
2045,2049,2062,2062,2068,2041,2037,2064
2043,2044,2045,2061,2062,2015,2037,2073
2037,2026,2034,2051,2051,1973,2024,2077
2033,2012,2015,2044,2044,1982,2024,2073
2032,2008,2008,2044,2057,2008,2037,2064
2021,2009,1996,2043,2058,2022,2039,2071
2023,2000,1984,2035,2055,2024,2058,2074
2032,2010,1981,2039,2038,2022,2051,2066
2036,2018,1986,2033,2022,2013,2040,2064
2036,2017,1981,2025,2007,2014,2036,2056
2037,2021,1989,2017,1998,2021,2043,2048
2031,2018,2001,2024,2022,2045,2039,2045
2044,2026,2006,2038,2066,2067,2058,2047
2048,2027,2005,2055,2094,2070,2064,2048
2049,2029,2023,2063,2100,2075,2069,2039
2038,2023,2017,2058,2100,2063,2056,2030
2038,2019,2015,2046,2071,2045,2040,2024
2030,2011,2010,2027,2044,2030,2039,2020
2028,2010,2021,2019,2033,2032,2043,2016
2025,2037,2068,2040,2042,2038,2046,2016
2041,2067,2121,2059,2054,2046,2045,2031
2052,2103,2157,2072,2066,2050,2047,2030
2061,2116,2157,2078,2076,2054,2060,2027
2061,2111,2142,2083,2079,2059,2064,2022
2055,2103,2115,2071,2079,2054,2061,2022
2045,2083,2086,2046,2059,2049,2065,2023
2049,2060,2067,2036,2065,2049,2039,2033
2052,2050,2061,2026,2058,2048,2043,2039
2048,2053,2070,2033,2067,2053,2057,2045
2048,2056,2060,2024,2063,2053,2060,2050
2044,2050,2056,2022,2064,2050,2061,2051
2042,2052,2062,2032,2062,2053,2058,2066
2052,2067,2075,2045,2069,2060,2072,2071
2061,2072,2078,2049,2067,2059,2068,2080
2057,2068,2067,2046,2061,2061,2072,2092
2053,2058,2058,2046,2055,2053,2073,2093
2055,2051,2055,2040,2048,2055,2062,2092
2059,2051,2052,2037,2043,2049,2074,2088
2033,2034,2043,2028,2029,2043,2059,2093
2034,2039,2046,2029,2019,2034,2046,2096
2037,2045,2055,2037,2018,2024,2057,2088
2028,2048,2048,2032,2016,2021,2054,2078
2028,2041,2042,2027,2018,2027,2030,2072
2042,2043,2044,2033,2050,2051,2055,2070
2050,2062,2052,2047,2074,2064,2048,2063
2049,2054,2046,2049,2070,2057,2050,2044
2041,2046,2046,2044,2068,2052,2051,2033
2038,2048,2042,2043,2072,2049,2041,2032
2040,2052,2046,2042,2064,2047,2043,2027
2047,2046,2042,2047,2060,2055,2044,2031
2045,2048,2044,2046,2054,2057,2054,2021
2047,2047,2040,2040,2043,2068,2039,2011
2040,2046,2035,2036,2042,2073,2049,2009
2042,2035,2030,2039,2045,2070,2043,2016
2040,2028,2025,2037,2041,2052,2047,2019
2042,2036,2031,2051,2058,2025,2051,2028
2054,2047,2042,2063,2073,2017,2047,2026
2052,2045,2046,2062,2074,2026,2019,2027
2053,2043,2050,2063,2077,2043,2030,2027
2052,2045,2045,2061,2074,2065,2045,2039
2051,2053,2052,2062,2080,2080,2051,2044
2051,2051,2056,2058,2083,2087,2065,2040
2050,2054,2057,2060,2067,2083,2067,2049
2053,2051,2057,2063,2064,2066,2046,2057
2054,2056,2053,2072,2064,2029,2053,2065
2058,2049,2052,2068,2063,2020,2041,2068
2053,2054,2053,2067,2064,2022,2050,2072
2055,2044,2050,2053,2057,2035,2060,2075
2044,2031,2030,2033,2055,2040,2057,2074
2038,2021,2017,2024,2044,2045,2060,2085
2035,2023,2027,2017,2043,2038,2051,2078
2030,2033,2039,2021,2045,2035,2048,2079
2035,2047,2056,2030,2049,2034,2047,2074
2031,2060,2070,2030,2046,2030,2062,2068
2021,2061,2071,2035,2041,2031,2046,2065
2025,2052,2073,2045,2035,2039,2050,2066
2037,2063,2073,2049,2040,2041,2062,2061
2045,2066,2064,2045,2036,2033,2031,2054
2050,2062,2058,2049,2036,2018,2039,2051
2055,2058,2045,2047,2049,2026,2038,2041
2047,2045,2047,2041,2051,2022,2050,2034
2046,2045,2053,2050,2053,2026,2044,2040
2044,2054,2059,2053,2052,2024,2051,2037
2049,2053,2066,2055,2052,2017,2041,2026
2049,2058,2060,2053,2049,2013,2038,2023
2043,2057,2062,2046,2052,2009,2043,2020
2042,2055,2052,2049,2047,2002,2040,2016
2034,2041,2050,2049,2041,2006,2040,2011
2031,2041,2050,2052,2059,2030,2052,2026
2043,2051,2046,2050,2060,2040,2039,2024
2045,2049,2046,2053,2057,2047,2054,2019
2043,2046,2038,2041,2051,2054,2065,2023
2038,2048,2044,2048,2058,2073,2065,2034
2061,2058,2058,2064,2058,2088,2071,2045
2065,2066,2067,2064,2058,2112,2088,2052
2064,2070,2066,2061,2056,2098,2064,2054
2060,2064,2063,2056,2054,2083,2044,2054
2056,2064,2063,2054,2053,2060,2035,2049
2043,2062,2056,2049,2056,2049,2038,2066
2048,2054,2054,2044,2058,2058,2047,2070
2047,2049,2045,2045,2052,2063,2037,2068
2045,2046,2033,2044,2053,2072,2059,2074
2054,2044,2026,2047,2062,2070,2056,2085
2046,2040,2016,2042,2061,2063,2057,2078
2041,2031,2014,2035,2053,2053,2060,2080
2039,2035,2017,2037,2060,2054,2051,2086
2046,2043,2024,2036,2059,2058,2054,2085
2047,2043,2027,2037,2046,2037,2046,2076
2046,2041,2017,2025,2040,2012,2044,2073
2042,2044,2013,2020,2023,2018,2035,2075
2054,2045,2011,2020,1995,2027,2036,2064
2056,2042,2018,2024,1981,2063,2038,2052
2049,2046,2021,2032,1984,2113,2042,2037
2050,2046,2024,2012,1988,2168,2047,2029
2051,2052,2030,2035,2040,2186,2054,2031
2047,2061,2037,2063,2080,2119,2056,2019
2039,2044,2034,2055,2070,2049,2045,2005
2032,2030,2026,2047,2061,2031,2055,2019
2036,2036,2036,2069,2078,2015,2060,2027
2045,2039,2037,2069,2068,2009,2037,2018
2037,2031,2037,2069,2059,2005,2009,2018
2038,2037,2037,2070,2050,2004,2027,2018
2044,2052,2036,2071,2048,2003,2033,2026
2056,2059,2040,2071,2034,2001,2021,2021
2054,2060,2056,2067,2030,2008,2035,2027
2060,2057,2069,2067,2047,2019,2052,2039
2055,2056,2088,2056,2056,2029,2058,2041
2058,2067,2099,2054,2063,2032,2065,2049
2058,2065,2096,2057,2079,2038,2068,2062
2059,2063,2106,2064,2091,2049,2062,2070
2056,2063,2096,2067,2101,2059,2060,2068
2061,2065,2090,2071,2086,2051,2052,2075
2052,2057,2093,2081,2077,2016,2035,2074
2046,2053,2089,2079,2077,1995,2048,2073
2043,2048,2080,2081,2066,2014,2042,2066
2041,2043,2080,2083,2058,2016,2029,2072
2032,2034,2064,2074,2068,2030,2034,2069
2029,2031,2067,2072,2072,2037,2058,2069
2034,2041,2076,2073,2072,2040,2057,2062
2038,2045,2079,2070,2064,2032,2051,2060
2042,2045,2071,2070,2066,2030,2044,2063
2048,2050,2061,2054,2057,2033,2031,2051
2043,2045,2050,2038,2055,2033,2047,2052
2037,2042,2035,2029,2057,2038,2046,2044
2044,2038,2023,2006,2056,2034,2040,2037
2048,2025,2010,1997,2041,2030,2035,2036
2049,2029,2010,2001,2044,2032,2053,2048
2054,2039,2033,2017,2057,2041,2050,2041
2055,2047,2045,2037,2068,2048,2032,2044
2062,2055,2055,2041,2073,2059,2032,2045
2063,2057,2053,2043,2071,2060,2022,2036
2062,2055,2051,2053,2068,2041,2038,2022
2053,2039,2042,2042,2050,2028,2052,2022
2052,2036,2047,2046,2050,2029,2039,2024
2048,2041,2059,2051,2050,2030,2024,2022
2054,2047,2051,2052,2043,2032,2029,2025
2062,2045,2051,2049,2041,2026,2025,2018
2058,2043,2042,2044,2047,2029,2032,2026
2051,2037,2026,2035,2039,2038,2028,2035
2051,2044,2012,2028,2045,2033,2035,2043
2053,2046,2014,2026,2044,2036,2021,2045
2054,2058,2028,2029,2042,2032,2029,2043
2052,2055,2046,2035,2050,2036,2038,2051
2051,2056,2064,2030,2051,2049,2050,2061
2047,2054,2064,2030,2058,2034,2034,2070
2047,2051,2070,2027,2046,2020,2035,2070
2042,2044,2066,2020,2045,2029,2008,2076
2048,2052,2079,2028,2042,2035,2030,2084
2048,2043,2074,2034,2030,2027,2038,2081
2036,2038,2070,2039,2019,2030,2019,2084
2042,2042,2060,2040,2020,2029,2038,2084
2045,2036,2053,2034,2020,2041,2042,2076
2042,2033,2044,2032,2038,2049,2034,2068
2048,2031,2050,2048,2062,2062,2046,2065
2050,2041,2057,2061,2063,2061,2025,2065
2050,2054,2064,2067,2060,2062,2035,2062
2061,2055,2068,2064,2068,2058,2031,2059
2053,2061,2062,2062,2063,2061,2035,2046
2053,2054,2053,2053,2056,2045,2018,2031
2055,2034,2029,2041,2038,2031,2020,2021
2042,2029,2011,2026,2005,2034,2026,2016
2026,2016,1991,1983,1930,2042,2003,2003
2020,2010,1986,1962,1887,2036,2001,1995
2018,2013,1998,1954,1873,2034,2024,1983
2027,2023,2020,1967,1890,2020,2010,1992
2043,2048,2042,2007,1967,1997,2035,2026
2074,2073,2072,2058,2081,2007,2065,2046
2075,2089,2082,2083,2171,2053,2071,2052
2076,2084,2074,2089,2184,2093,2070,2049
2072,2074,2072,2079,2160,2099,2070,2050
2071,2067,2055,2059,2125,2084,2064,2048
2058,2044,2037,2045,2086,2069,2059,2046
2059,2038,2023,2031,2073,2046,2038,2042
2052,2044,2029,2030,2068,2046,2051,2054
2047,2054,2041,2040,2064,2056,2057,2052
2043,2066,2056,2039,2068,2072,2051,2058
2042,2066,2053,2040,2069,2080,2048,2078
2047,2061,2048,2036,2059,2082,2056,2083
2054,2056,2039,2043,2055,2076,2062,2082
2047,2053,2032,2036,2054,2061,2056,2089
2049,2049,2032,2038,2051,2026,2049,2097
2046,2048,2032,2036,2043,2026,2040,2090
2047,2042,2029,2030,2031,2042,2046,2086
2042,2048,2041,2027,2024,2050,2039,2081
2039,2052,2050,2027,2015,2044,2050,2072
2041,2052,2066,2032,2025,2030,2028,2080
2051,2070,2095,2054,2042,2004,2026,2074
2054,2080,2132,2064,2044,1999,2034,2069
2052,2078,2128,2060,2036,2015,2041,2057
2056,2070,2111,2058,2046,2036,2038,2051
2052,2062,2089,2049,2059,2061,2049,2039
2054,2054,2072,2051,2069,2073,2038,2037
2046,2048,2056,2054,2068,2083,2042,2026
2049,2035,2043,2052,2069,2073,2048,2034
2045,2032,2039,2057,2078,2065,2052,2031
2040,2029,2045,2068,2094,2073,2042,2028
2050,2047,2068,2084,2103,2088,2042,2029
2056,2053,2082,2092,2093,2084,2023,2029
2059,2047,2077,2091,2082,2091,2043,2036
2056,2048,2084,2095,2089,2113,2047,2019
2057,2042,2060,2105,2097,2106,2034,2009
2044,2029,2031,2122,2120,2096,2032,2014
2042,2018,2025,2136,2122,2068,2022,2008
2035,2000,2030,2139,2148,2024,2026,2006
2025,2021,2047,2157,2174,2035,2013,2014
2031,2045,2059,2150,2179,2052,2014,2026
2032,2041,2051,2128,2167,2062,2024,2033
2042,2042,2043,2122,2135,2059,2032,2036
2039,2039,2044,2106,2094,2059,2051,2048
2042,2039,2031,2088,2063,2058,2038,2052
2036,2030,2013,2060,2035,2051,2036,2056
2032,2027,1995,2020,1936,2032,2017,2066
2027,2030,2001,1984,1877,2018,2027,2070
2034,2035,2020,1942,1896,2022,2040,2072
2035,2038,2029,1931,1937,2029,2023,2074
2035,2045,2048,1937,1965,2029,2033,2075
2045,2055,2058,1943,2006,2054,2026,2080
2056,2073,2058,1955,2036,2072,2028,2070
2059,2075,2054,1969,2037,2068,2035,2062
2062,2076,2056,1971,2022,2061,2029,2059
2057,2075,2061,1990,2023,2047,2024,2057
2062,2075,2064,2010,2038,2026,2052,2061
2064,2073,2068,2026,2058,2024,2038,2050
2062,2062,2067,2026,2050,2038,2035,2044
2054,2050,2062,2024,2047,2045,2043,2025
2048,2047,2060,2027,2048,2047,2041,2022
2049,2049,2061,2028,2049,2057,2041,2023
2051,2041,2061,2032,2043,2052,2048,2026
2048,2041,2058,2024,2030,2047,2032,2019
2042,2047,2051,2020,2019,2047,2029,2016
2035,2048,2052,2016,2010,2044,2035,2021
2045,2059,2051,2025,2027,2055,2040,2041
2055,2063,2054,2030,2036,2044,2051,2036
2054,2067,2056,2037,2034,2035,2064,2038
2060,2062,2053,2037,2047,2029,2052,2037
2061,2060,2055,2040,2064,2027,2047,2044
2054,2064,2059,2042,2091,2037,2062,2049
2061,2064,2051,2045,2095,2046,2047,2042
2052,2064,2058,2058,2105,2071,2055,2051
2059,2072,2074,2073,2114,2073,2044,2056
2067,2068,2069,2065,2092,2043,2032,2063
2057,2058,2053,2054,2062,2013,2014,2066
2055,2053,2050,2042,2044,1998,2033,2072
2051,2050,2047,2038,2032,1990,2053,2078
2040,2050,2047,2037,2029,1999,2033,2077
2034,2043,2043,2037,2023,1997,2027,2074
2036,2041,2035,2031,2031,2008,2026,2077
2030,2043,2038,2033,2038,2039,2046,2072
2032,2044,2040,2028,2025,2064,2054,2072
2037,2041,2037,2031,2029,2086,2042,2063
2047,2047,2034,2020,2013,2090,2039,2056
2044,2038,2034,2026,2025,2074,2058,2070
2050,2053,2047,2047,2049,2028,2063,2061
2056,2052,2043,2037,2058,2045,2054,2047
2046,2053,2043,2044,2082,2064,2066,2039
2047,2054,2050,2063,2118,2072,2068,2026
2048,2049,2055,2055,2097,2056,2060,2031
2042,2048,2049,2038,2055,2034,2040,2026
2052,2048,2041,2029,2010,2028,2069,2012
2044,2039,2034,2018,2032,2031,2068,2014
2042,2036,2031,2029,2068,2049,2067,2020
2052,2036,2034,2044,2101,2066,2076,2028
2051,2038,2034,2058,2103,2072,2070,2025
2054,2041,2046,2062,2104,2078,2077,2023
2052,2045,2045,2062,2083,2070,2065,2019
2056,2050,2047,2059,2069,2052,2056,2010
2055,2044,2045,2050,2048,2046,2054,2013
2056,2044,2044,2048,2028,2047,2056,2030
2052,2046,2043,2040,2019,2032,2040,2026
2050,2042,2036,2032,2021,2018,2036,2034
2054,2042,2041,2040,2050,2027,2056,2050
2063,2056,2053,2058,2090,2030,2056,2062
2059,2059,2057,2066,2111,2027,2045,2065
2059,2048,2056,2067,2118,2036,2052,2074
2056,2052,2049,2064,2107,2037,2038,2067
2046,2044,2044,2062,2087,2055,2048,2073
2042,2038,2043,2051,2084,2074,2051,2078
2035,2017,2032,2040,2072,2081,2052,2075
2041,2024,2037,2041,2069,2081,2051,2087
2058,2049,2048,2046,2068,2084,2056,2089
2058,2057,2049,2048,2072,2097,2057,2075
2048,2057,2042,2043,2069,2103,2054,2074
2044,2057,2040,2039,2054,2099,2037,2067
2050,2050,2035,2035,2044,2093,2055,2057
2044,2049,2041,2035,2042,2093,2062,2042
2045,2051,2038,2046,2052,2091,2078,2034
2044,2056,2045,2050,2058,2071,2069,2030
2048,2060,2051,2048,2057,2064,2064,2024
2041,2060,2050,2051,2061,2051,2052,2026
2046,2060,2057,2047,2057,2051,2053,2024
2061,2069,2061,2045,2062,2066,2062,2024
2060,2061,2056,2045,2058,2078,2055,2021
2064,2054,2048,2036,2051,2071,2041,2018
2041,2037,2042,2029,2043,2060,2026,2011
2026,2039,2042,2033,2056,2072,2038,2017
2041,2049,2062,2039,2038,2084,2045,2023
2050,2053,2056,2035,2003,2068,2015,2021
2054,2050,2053,2024,1975,2035,2034,2009
2052,2057,2052,2018,1942,2028,2005,2024
2053,2056,2054,2018,1956,1982,1980,2031
2062,2064,2062,2037,2001,1961,1997,2043
2065,2064,2059,2043,2027,2010,1994,2049
2063,2063,2052,2048,2059,2080,2004,2065
2063,2059,2051,2054,2084,2108,2025,2066
2066,2052,2051,2057,2092,2089,2038,2070
2058,2043,2048,2046,2078,2030,2050,2082
2054,2060,2056,2052,2062,1929,2022,2085
2051,2064,2066,2043,2025,1917,2034,2072
2056,2065,2057,2035,1992,1957,2025,2060
2035,2048,2036,2011,1969,2000,2023,2053
2031,2033,2019,1994,1957,2002,2032,2056
2039,2039,2027,1998,1991,1969,2039,2072
2043,2049,2044,2027,2057,1996,2031,2077
2056,2060,2054,2047,2082,2004,2046,2075
2057,2064,2056,2064,2097,2031,2075,2075
2054,2061,2047,2052,2106,2060,2066,2057
2048,2055,2046,2056,2100,2067,2057,2037
2036,2049,2043,2050,2094,2072,2046,2023
2040,2046,2039,2052,2080,2059,2050,2022
2039,2047,2039,2047,2051,2048,2052,2022
2042,2049,2040,2044,2048,2056,2050,2024
2043,2047,2045,2052,2074,2063,2036,2016
2046,2048,2048,2061,2083,2066,2028,2006
2043,2054,2047,2061,2082,2062,2052,2005
2041,2052,2045,2053,2070,2050,2044,1998
2043,2043,2032,2044,2036,2044,2053,1996
2032,2036,2028,2043,2033,2063,2054,2006
2048,2050,2038,2047,2061,2074,2032,2010
2042,2042,2034,2049,2068,2068,2044,2009
2039,2037,2031,2036,2041,2045,2037,2006
2040,2038,2032,2034,2071,2057,2034,2008
2032,2047,2046,2049,2091,2064,2047,2012
2034,2056,2049,2060,2081,2047,2044,2029
2038,2057,2052,2054,2069,2050,2046,2038
2049,2062,2059,2054,2068,2055,2030,2038
2056,2066,2058,2052,2056,2069,2054,2047
2051,2062,2056,2056,2050,2062,2063,2053
2045,2054,2052,2048,2057,2027,2044,2055
2043,2057,2054,2049,2063,2037,2031,2044
2032,2047,2053,2055,2080,2039,2049,2052
2030,2053,2053,2070,2105,2035,2057,2062
2033,2041,2050,2058,2105,2050,2060,2069
2040,2043,2048,2065,2092,2064,2094,2083
2053,2051,2056,2058,2080,2072,2114,2077
2047,2058,2058,2055,2070,2071,2151,2082
2052,2052,2059,2049,2054,2063,2143,2084
2059,2060,2056,2048,2054,2054,2136,2078
2057,2060,2062,2049,2057,2040,2140,2068
2060,2068,2064,2060,2060,2039,2132,2056
2047,2062,2064,2053,2052,2025,2121,2039
2033,2062,2052,2048,2032,1997,2090,2039
2044,2053,2049,2046,2037,1981,2092,2036
2036,2050,2052,2044,2044,1989,2078,2032
2033,2046,2041,2039,2046,2015,2058,2030
2026,2039,2039,2045,2059,2028,2021,2030
2041,2042,2046,2054,2108,2031,2019,2029
2054,2051,2057,2049,2128,2056,1950,2013
2085,2052,2046,2047,2123,2062,1990,2000
2077,2044,2046,2051,2111,2043,2047,2001
2057,2051,2049,2054,2112,2028,2056,2000
2037,2040,2041,2052,2107,2050,2049,1998
2033,2030,2040,2050,2100,2050,2073,2003
2036,2029,2034,2039,2078,2020,2057,2004
2047,2044,2040,2042,2052,2018,2061,2009
2057,2049,2047,2041,2003,2029,2048,2015
2042,2044,2042,2026,1925,2029,2052,2025
2031,2044,2042,2016,1940,2039,2037,2039
2040,2035,2042,2032,1995,2035,2030,2054
2036,2037,2038,2035,2022,2053,2019,2062
2038,2029,2036,2035,2027,2049,2036,2066
2035,2036,2038,2045,2053,2036,2030,2080
2033,2042,2043,2051,2057,2024,2020,2092
2043,2030,2035,2042,2039,2016,2012,2078
2030,2020,2031,2038,2024,2017,2002,2064
2025,2029,2039,2042,2009,2010,2010,2068
2045,2036,2040,2036,1993,2028,2010,2063
2040,2035,2029,2024,1986,2034,2012,2052
2038,2036,2024,2019,1985,2036,2004,2053
2045,2037,2024,2026,1998,2062,2026,2044
2053,2034,2031,2035,2020,2090,2026,2046
2047,2032,2022,2033,2032,2110,2027,2024
2032,2022,2005,2028,2027,2117,2030,2025
2033,2028,2027,2038,2046,2096,2041,2039
2052,2049,2052,2073,2094,2056,2066,2035
2047,2062,2065,2087,2132,2072,2080,2027
2048,2059,2060,2086,2147,2086,2071,2006
2047,2051,2056,2081,2132,2090,2055,1995
2045,2054,2053,2082,2118,2084,2053,1990
2034,2054,2056,2072,2101,2075,2034,1968
2027,2040,2046,2061,2095,2063,2013,1969
2025,2051,2054,2065,2083,2067,2025,1990
2035,2071,2071,2070,2041,2060,2053,2002
2043,2071,2070,2057,1990,2035,2039,1993
2041,2071,2063,2037,1983,2001,2041,2013
2046,2060,2051,2030,1982,2010,2051,2037
2050,2058,2046,2029,2016,2022,2038,2064
2060,2060,2047,2029,2042,2035,2041,2085
2068,2063,2059,2057,2074,2063,2033,2107
2067,2067,2071,2085,2100,2073,2058,2115
2066,2066,2072,2080,2100,2073,2055,2118
2064,2064,2064,2078,2089,2053,2073,2116
2055,2057,2051,2062,2076,2036,2060,2102
2043,2042,2041,2056,2070,2047,2048,2108
2040,2043,2037,2056,2076,2074,2030,2101
2043,2038,2037,2055,2062,2069,1994,2072
2028,2024,2027,2036,2048,2065,1966,2062
2024,2021,2029,2036,2044,2078,1999,2078
2026,2028,2036,2045,2027,2077,2019,2075
2043,2039,2039,2035,2014,2058,2046,2072
2064,2058,2046,2034,2009,2050,2040,2078
2081,2056,2039,2028,2013,2043,2019,2066
2065,2048,2036,2034,2017,2073,2040,2053
2063,2055,2049,2045,2036,2082,2081,2050
2064,2061,2054,2049,2024,2056,2060,2046
2057,2054,2046,2038,1990,2010,2035,2045
2057,2046,2043,2035,2000,1988,2026,2040
2059,2036,2036,2029,2010,2013,2027,2042
2058,2032,2038,2031,2034,2039,2024,2024
2048,2030,2029,2033,2066,2056,2020,2000
2031,2023,2024,2036,2074,2065,2007,1993
2031,2020,2030,2040,2084,2069,2013,1987
2022,2010,2020,2041,2076,2077,2026,2006
2028,2019,2026,2047,2063,2082,2056,2015
2044,2037,2038,2044,2058,2079,2060,2018
2058,2058,2050,2048,2051,2080,2079,2019
2064,2061,2054,2046,2052,2097,2049,2016
2057,2055,2043,2047,2053,2121,2060,2016
2051,2048,2040,2036,2057,2123,2053,2007
2046,2042,2036,2037,2045,2080,2034,2018
2051,2042,2040,2040,2050,1972,2016,2021
2060,2041,2043,2046,2075,1957,2042,2037
2060,2049,2050,2047,2089,2008,2057,2052
2058,2051,2049,2045,2083,2031,2068,2060
2058,2060,2056,2060,2072,2036,2057,2060
2064,2059,2062,2046,2043,2026,2063,2065
2070,2057,2059,2047,2033,2025,2049,2070
2068,2050,2051,2036,2003,2028,2017,2061
2049,2031,2039,2023,1971,2028,2022,2060
2047,2025,2033,2009,1928,2022,2014,2061
2051,2038,2044,2013,1945,2016,2015,2059
2056,2052,2054,2029,1967,2006,2030,2066
2060,2062,2065,2043,1996,2002,2042,2069
2064,2065,2062,2060,2012,2006,2054,2069
2071,2066,2062,2054,2007,2022,2052,2056
2065,2054,2056,2044,2045,2045,2051,2055
2058,2045,2056,2048,2084,2053,2062,2045
2050,2043,2047,2051,2127,2065,2062,2032
2043,2045,2051,2053,2151,2081,2064,2034
2042,2043,2052,2050,2113,2086,2069,2037
2056,2045,2051,2050,2082,2065,2065,2029
2058,2049,2045,2044,2082,2062,2074,2019
2054,2045,2049,2041,2082,2086,2086,2022
2055,2047,2049,2051,2086,2082,2070,2014
2046,2040,2050,2055,2071,2079,2051,1998
2045,2043,2047,2058,2072,2087,2041,1998
2048,2052,2060,2059,2065,2072,2042,1993
2041,2039,2042,2039,2046,2070,2038,2000
2039,2040,2039,2038,2018,2111,2033,1993
2037,2036,2033,2020,1996,2118,2032,2000
2037,2036,2039,2017,2003,2089,2041,2017
2044,2043,2038,2018,1972,2069,2017,2020
2045,2049,2044,2022,1973,2011,2002,2010
2040,2050,2046,2047,2054,1973,2029,2045
2045,2044,2047,2069,2131,2023,2049,2054
2043,2044,2050,2081,2154,2046,2066,2063
2047,2046,2047,2081,2180,2073,2062,2071
2043,2047,2041,2077,2169,2061,2050,2074
2043,2050,2043,2064,2125,2038,2044,2071
2038,2052,2042,2059,2092,2022,2046,2069
2039,2050,2034,2036,2050,2011,2019,2066
2035,2045,2028,2032,2030,2016,2016,2072
2050,2058,2032,2031,2027,2022,2036,2075
2051,2043,2025,2020,2029,2042,2055,2072
2043,2035,2019,2023,2033,2054,2062,2060
2033,2029,2019,2021,2014,2066,2058,2054
2024,2036,2018,2025,2013,2088,2055,2052
2027,2041,2016,2027,2020,2099,2067,2042
2037,2053,2021,2034,2022,2102,2058,2036
2040,2057,2027,2035,2045,2092,2064,2033
2040,2058,2034,2045,2085,2056,2055,2042
2046,2057,2042,2051,2109,2046,2048,2028
2046,2051,2038,2049,2115,2060,2051,2028
2044,2045,2034,2045,2113,2061,2038,2022
2050,2045,2044,2043,2107,2045,2039,2019
2047,2050,2042,2046,2089,2035,2029,2014
2041,2038,2038,2036,2067,2006,2019,2006
2036,2037,2041,2031,2039,2001,2009,2010
2038,2043,2047,2032,2014,2008,2014,2006
2039,2055,2069,2035,1968,2026,2017,2028
2055,2069,2079,2042,1944,2047,2040,2026
2063,2074,2093,2055,2000,2053,2044,2032
2068,2082,2094,2061,2035,2061,2047,2036
2063,2076,2086,2059,2053,2038,2052,2028
2056,2069,2079,2061,2066,2044,2043,2020
2057,2063,2076,2061,2060,2049,2043,2022
2050,2058,2057,2061,2055,2084,2043,2032
2044,2050,2048,2052,2058,2075,2041,2037
2046,2048,2046,2051,2050,2069,2031,2042
2042,2051,2056,2049,2046,2079,2046,2050
2045,2054,2057,2056,2041,2088,2056,2058
2042,2050,2054,2050,2028,2092,2054,2060
2034,2027,2042,2033,2015,2050,2050,2060
2029,2029,2038,2040,2033,2050,2038,2066
2031,2028,2047,2041,2031,2062,2042,2063
2031,2032,2048,2044,2029,2079,2047,2064
2035,2038,2041,2039,2022,2076,2052,2061
2039,2038,2049,2041,2020,2065,2057,2060
2047,2041,2043,2035,2011,2037,2024,2051
2050,2041,2031,2027,1996,2029,2017,2035
2043,2033,2024,2024,2008,2052,2030,2016
2029,2026,2013,2033,2028,2053,2031,2002
2032,2028,2013,2031,2039,2057,2041,2011
2039,2032,2016,2040,2047,2058,2039,2019
2041,2037,2012,2042,2052,2042,2040,2017
2040,2038,2002,2039,2052,2037,2038,2016
2046,2036,1994,2043,2054,2053,2061,2008
2046,2040,1993,2052,2082,2063,2062,2006
2046,2044,1987,2053,2088,2055,2059,2001
2036,2020,1967,2042,2074,2039,2038,1994
2028,2017,1962,2040,2080,2038,2039,2009
2035,2032,1973,2042,2073,2023,2021,2003
2037,2036,1997,2052,2063,2018,2035,2004
2041,2048,2015,2060,2071,2039,2039,2010
2048,2057,2054,2080,2097,2058,2038,2013
2043,2052,2062,2083,2124,2074,2056,2011
2045,2049,2076,2071,2109,2082,2015,2007
2038,2043,2077,2060,2044,2060,2018,2014
2029,2042,2063,2043,1971,2021,2007,2021
2031,2042,2051,2040,1956,1997,2001,2036
2032,2045,2055,2043,1970,1990,2012,2052
2030,2045,2051,2045,1966,1980,2010,2050
2021,2037,2046,2037,1983,2000,2016,2057
2021,2040,2044,2060,2039,2034,2031,2068
2046,2055,2067,2086,2083,2068,2034,2078
2039,2050,2059,2089,2099,2084,2042,2069
2039,2041,2060,2069,2107,2087,2069,2075
2039,2030,2050,2049,2088,2068,2066,2069
2029,2025,2043,2027,2060,2043,2063,2055
2035,2020,2038,2009,2023,2031,2039,2043
2032,2022,2038,2002,2015,2033,2033,2034
2025,2038,2053,2010,2015,2041,2037,2037
2023,2055,2076,2036,2030,2060,2024,2030
2030,2068,2083,2059,2051,2079,2039,2027
2041,2067,2086,2062,2075,2082,2052,2031
2047,2057,2076,2064,2085,2080,2013,2017
2038,2042,2065,2068,2092,2073,2027,2008
2031,2030,2051,2058,2090,2070,2033,1998
2033,2032,2044,2051,2070,2089,2027,2008
2036,2035,2036,2029,2034,2101,2040,1997
2037,2035,2040,2013,2020,2108,2038,1995
2032,2037,2042,1997,2020,2093,2031,1997
2036,2056,2068,2015,2030,2078,2040,2001
2051,2076,2088,2037,2044,2060,2039,2013
2061,2077,2088,2039,2054,2043,2052,2025
2063,2079,2078,2054,2072,2050,2062,2027
2065,2072,2075,2066,2058,2037,2059,2020
2053,2063,2072,2061,2023,2039,2058,2015
2043,2054,2053,2057,2014,2036,2057,2023
2046,2051,2045,2053,2003,2033,2047,2034
2049,2044,2028,2032,1999,2037,2056,2039
2044,2048,2035,2059,2053,2049,2073,2062
2067,2067,2051,2094,2096,2052,2064,2075
2074,2076,2046,2088,2093,2122,2076,2072
2062,2070,2043,2081,2066,2165,2067,2062
2052,2067,2044,2062,2039,2132,2046,2046
2040,2054,2039,2043,2017,2006,1997,2044
2033,2043,2038,2020,2003,1942,1994,2048
2036,2047,2032,2016,2017,1987,2029,2054
2041,2051,2043,2018,2034,2044,2049,2066
2051,2064,2058,2016,2052,2075,2058,2067
2053,2065,2077,2011,2058,2081,2056,2059
2050,2069,2081,2016,2057,2076,2070,2061
2056,2064,2078,2022,2034,2067,2046,2057
2053,2059,2075,2034,2056,2052,2067,2049
2053,2058,2076,2039,2071,2048,2068,2037
2048,2052,2063,2042,2082,2048,2051,2031
2041,2039,2050,2043,2062,2041,2068,2015
2035,2030,2035,2033,2026,2019,2058,2008
2037,2029,2018,2035,2029,2024,2055,2002
2037,2031,2013,2047,2094,2033,2036,1994
2036,2024,2004,2047,2115,2030,2052,1994
2037,2018,1996,2043,2078,2030,2039,1994
2040,2013,1983,2019,2045,2029,2003,1993
2038,2012,1977,2028,2062,2049,2029,1995
2047,2018,1981,2049,2076,2068,2010,2000
2056,2024,1990,2058,2075,2073,2026,1999
2059,2029,1987,2046,2065,2092,2022,2002
2054,2025,1988,2035,2044,2105,2027,2004
2049,2016,1982,2017,2020,2106,2026,2013
2047,2013,1987,2007,2002,2088,2012,2010
2034,2027,2013,2010,1982,2000,2002,2012
2028,2034,2035,2002,1991,1930,2012,2019
2038,2046,2058,2022,2037,1954,2038,2032
2034,2059,2091,2046,2071,2001,2060,2036
2037,2067,2105,2059,2081,2030,2048,2052
2041,2065,2097,2051,2072,2042,2058,2070
2048,2061,2086,2055,2070,2048,2059,2072
2054,2057,2072,2061,2075,2056,2059,2075
2040,2049,2071,2068,2085,2075,2069,2072
2040,2043,2061,2071,2083,2070,2060,2064
2042,2040,2051,2067,2088,2065,2052,2067
2051,2055,2049,2056,2084,2059,2053,2071
2053,2048,2044,2050,2078,2023,2032,2071
2049,2049,2038,2049,2066,1986,2017,2062
2048,2050,2039,2044,2031,1981,2015,2040
2040,2038,2032,2030,2015,1988,2004,2033
2026,2030,2027,2030,2024,2018,2015,2033
2032,2036,2054,2028,2040,2038,2035,2029
2037,2050,2077,2039,2045,2037,2036,2023
2046,2065,2102,2052,2045,2055,2037,2025
2052,2072,2107,2062,2048,2064,2033,2030
2056,2073,2094,2055,2049,2062,2030,2025
2065,2064,2093,2055,2064,2077,2044,2023
2070,2067,2101,2058,2077,2087,2043,2018
2067,2070,2099,2055,2070,2075,2046,2020
2055,2061,2087,2042,2055,2065,2050,2001
2038,2055,2076,2039,2056,2059,2048,2001
2048,2063,2074,2046,2058,2064,2061,2008
2054,2070,2072,2051,2052,2055,2055,2020
2049,2064,2069,2047,2058,2046,2060,2022
2055,2059,2061,2048,2060,2054,2066,2027
2059,2062,2056,2046,2064,2050,2061,2042
2053,2054,2049,2051,2069,2044,2050,2038
2052,2057,2052,2050,2062,2053,2034,2033
2051,2066,2054,2053,2054,2052,2043,2032
2048,2057,2059,2040,2031,2027,2030,2028
2039,2050,2047,2036,1998,2022,2027,2029
2044,2044,2047,2035,1998,2035,2021,2042
2046,2050,2046,2037,2011,2031,2026,2045
2045,2052,2054,2045,2052,1996,2026,2051
2045,2050,2056,2056,2101,2023,2035,2064
2042,2045,2053,2059,2100,2046,2034,2060
2029,2035,2048,2055,2093,2043,2034,2065
2030,2034,2059,2049,2093,2038,2022,2066
2040,2042,2072,2055,2073,2028,2031,2059
2045,2041,2076,2053,2072,2030,2044,2056
2053,2048,2079,2057,2069,2037,2047,2052
2058,2058,2069,2055,2060,2037,2062,2036
2057,2053,2065,2046,2047,2032,2068,2031
2056,2050,2056,2046,2026,2010,2062,2030
2057,2049,2043,2043,2028,2016,2065,2022
2047,2048,2048,2047,2038,2024,2048,2024
2046,2045,2033,2046,2034,2018,2054,2018
2047,2043,2037,2040,2031,2045,2027,2006
2049,2049,2040,2042,2027,2075,2020,1989
2049,2041,2043,2031,2032,2098,2032,1992
2046,2043,2041,2047,2077,2122,2036,1996
2049,2043,2040,2057,2115,2086,2052,1996
2037,2044,2038,2057,2108,2040,2056,1998
2037,2040,2042,2059,2091,2028,2066,2012
2060,2050,2052,2065,2076,2033,2042,2015
2056,2050,2047,2058,2059,2027,2045,2019
2056,2050,2054,2057,2059,2038,2040,2015
2066,2056,2068,2054,2060,2053,2056,2010
2049,2052,2056,2050,2052,2061,2069,2019
2045,2051,2058,2046,2043,2086,2070,2026
2050,2056,2060,2040,2056,2097,2067,2035
2060,2054,2059,2047,2081,2100,2070,2045
2064,2060,2060,2049,2066,2096,2060,2051
2057,2057,2066,2044,2072,2060,2051,2058
2053,2062,2074,2055,2073,2045,2066,2060
2045,2056,2066,2056,2060,2042,2054,2052
2041,2052,2054,2043,2053,2055,2038,2059
2042,2039,2043,2044,2052,2046,2052,2068
2039,2030,2034,2039,2054,2018,2050,2069
2039,2026,2018,2041,2053,2016,2035,2064
2029,2039,2034,2042,2042,2016,2036,2070
2037,2046,2041,2048,2041,2016,2043,2072
2042,2054,2048,2052,2051,2015,2034,2063
2039,2049,2037,2042,2049,2026,2028,2056
2040,2044,2032,2035,2066,2036,2018,2049
2039,2042,2034,2047,2077,2034,2031,2041
2045,2050,2044,2043,2054,2037,2018,2039
2050,2046,2050,2040,2044,2039,2038,2018
2049,2044,2048,2045,2031,2040,2031,2012
2044,2038,2039,2035,2026,2031,2014,1999
2039,2033,2034,2032,2044,2042,2030,2005
2043,2039,2042,2047,2059,2057,2045,2013
2049,2047,2052,2060,2082,2076,2037,2009
2044,2057,2066,2066,2100,2094,2054,2002
2040,2058,2065,2060,2098,2090,2049,2006
2045,2046,2052,2052,2081,2086,2046,2011
2052,2040,2054,2058,2091,2096,2061,2016
2051,2055,2061,2062,2090,2094,2046,2007
2038,2052,2058,2066,2125,2083,2059,2007
2042,2047,2054,2058,2133,2076,2043,2013
2037,2040,2043,2054,2133,2063,2032,2021
2037,2040,2041,2051,2125,2057,2026,2034
2044,2054,2046,2043,2103,2070,2053,2028
2041,2050,2039,2033,2037,2082,2026,2028
2040,2047,2039,2020,1993,2069,2027,2034
2038,2046,2037,2021,1962,2056,2021,2040
2047,2045,2046,2019,1945,2031,2017,2048
2049,2044,2040,2024,1915,1997,2023,2066
2053,2041,2049,2039,1932,2004,2024,2077
2048,2037,2045,2044,2024,2041,2008,2075
2050,2044,2046,2050,2078,2065,2026,2070
2038,2039,2038,2053,2078,2055,2013,2069
2040,2038,2029,2053,2060,2053,2026,2065
2046,2043,2040,2058,2069,2063,2046,2069
2052,2052,2042,2060,2061,2071,2059,2070
2050,2061,2060,2067,2054,2074,2051,2065
2051,2068,2060,2065,2049,2074,2041,2056
2050,2065,2066,2062,2055,2089,2060,2052
2049,2060,2056,2060,2052,2080,2058,2041
2047,2046,2046,2058,2055,2081,2056,2027
2049,2041,2050,2067,2044,2075,2039,2024
2049,2042,2054,2072,2039,2073,2046,2024
2039,2046,2067,2079,2037,2064,2035,2017
2032,2046,2066,2076,2041,2042,2021,2017
2031,2041,2060,2077,2043,2009,2017,2016
2035,2036,2058,2079,2050,1992,2031,2015
2032,2041,2054,2077,2056,2004,2010,2010
2032,2042,2040,2075,2050,2020,2024,2014
2036,2043,2057,2080,2071,2047,2018,2019
2047,2050,2056,2084,2080,2050,2035,2015
2049,2053,2049,2083,2075,2043,2048,2016
2037,2043,2039,2073,2067,2046,2027,2009
2038,2042,2035,2068,2063,2052,2047,2012
2038,2038,2028,2054,2061,2064,2048,2012
2039,2044,2026,2044,2067,2074,2058,2019
2042,2052,2031,2036,2076,2087,2052,2031
2050,2063,2037,2031,2072,2093,2037,2042
2046,2062,2040,2042,2074,2087,2055,2044
2049,2067,2052,2042,2080,2089,2074,2049
2052,2078,2060,2043,2086,2085,2073,2071
2060,2083,2058,2039,2086,2086,2070,2074
2064,2067,2057,2033,2084,2081,2058,2075
2052,2061,2053,2028,2076,2067,2063,2071
2049,2057,2056,2037,2070,2058,2053,2076
2044,2044,2050,2032,2057,2040,2025,2075
2041,2053,2049,2026,2050,2021,2032,2074
2043,2063,2045,2021,2038,1996,2038,2079
2047,2058,2037,2013,2022,1983,2040,2073
2054,2050,2032,2008,2020,1996,2040,2069
2052,2049,2037,2014,2018,2009,2040,2068
2052,2051,2043,2021,2027,2053,2061,2066
2053,2058,2052,2032,2027,2085,2059,2062
2055,2067,2055,2030,2030,2099,2058,2044
2055,2066,2046,2035,2038,2091,2051,2038
2058,2061,2049,2044,2045,2095,2060,2037
2058,2054,2051,2050,2053,2099,2058,2038
2060,2059,2057,2052,2052,2100,2060,2037
2057,2057,2047,2046,2044,2095,2064,2032
2058,2052,2043,2040,2031,2088,2051,2023
2054,2047,2043,2036,2020,2117,2050,2016
2046,2045,2037,2027,2008,2108,2029,2008
2038,2025,2028,2013,2000,2046,2031,2004
2034,2025,2023,2028,2028,1967,2043,2011
2055,2045,2044,2058,2068,1991,2041,2018
2058,2048,2049,2073,2078,2018,2057,2031
2066,2057,2055,2084,2110,2013,2062,2039
2060,2049,2055,2082,2111,2033,2046,2033
2055,2054,2047,2070,2078,2044,2035,2031
2043,2052,2044,2057,2052,2063,2051,2027
2048,2048,2042,2047,2010,2064,2056,2041
2048,2037,2029,2037,1982,2058,2052,2047
2048,2030,2020,2026,1932,2044,2059,2048
2051,2025,2018,2021,1955,2014,2061,2057
2043,2021,2017,2034,2011,2007,2048,2068
2043,2028,2033,2052,2057,2038,2044,2074
2044,2020,2054,2066,2072,2063,2062,2073
2039,2022,2056,2076,2056,2067,2067,2065
2028,2019,2048,2075,2047,2054,2029,2068
2027,2023,2050,2074,2046,2042,2041,2068
2038,2032,2047,2092,2058,2014,2041,2073
2047,2038,2049,2104,2065,2012,2031,2071
2046,2038,2045,2105,2060,2022,2021,2061
2045,2039,2045,2101,2069,2037,2037,2057
2045,2036,2022,2086,2080,2058,2057,2053
2049,2032,2020,2080,2075,2064,2048,2043
2050,2028,2008,2068,2066,2066,2053,2034
2044,2023,1994,2054,2057,2055,2031,2025
2034,2016,1990,2034,2043,2046,2028,2017
2033,2025,1994,2014,2033,2056,2032,2017
2039,2035,2001,2003,2033,2074,2032,2021
2044,2042,2024,2008,2033,2089,2042,2017
2052,2047,2028,1999,2032,2093,2053,2032
2053,2047,2023,1994,2031,2091,2073,2041
2068,2054,2016,1994,2036,2048,2055,2037
2058,2056,2026,2002,2038,2015,2059,2043
2063,2058,2038,2026,2058,2029,2061,2067
2080,2070,2058,2041,2066,2042,2068,2054
2067,2059,2039,2042,2061,2055,2068,2038
2058,2053,2026,2048,2064,2062,2088,2032
2042,2042,2016,2061,2068,2069,2084,2041
2046,2045,2016,2062,2070,2065,2070,2048
2047,2040,2010,2060,2065,2058,2050,2049
2049,2041,2018,2064,2064,2061,2042,2044
2049,2045,2019,2065,2064,2046,2021,2041
2044,2039,2029,2067,2060,2025,2010,2038
2041,2034,2033,2062,2066,2018,2006,2044
2037,2025,2024,2053,2063,2019,2012,2062
2036,2025,2020,2048,2052,2011,2016,2074
2046,2028,2027,2044,2043,2018,2008,2076
2043,2046,2046,2043,2032,2031,2036,2075
2037,2049,2049,2029,2030,2038,2032,2064
2034,2044,2067,2023,2031,2033,2024,2066
2036,2052,2086,2014,2034,2035,2047,2075
2043,2061,2096,2011,2026,2035,2036,2081
2051,2067,2093,2008,2029,2042,2033,2083
2054,2067,2078,2005,2031,2041,2029,2089
2055,2061,2060,2004,2029,2043,2020,2089
2065,2053,2037,1998,2028,2052,2017,2070
2057,2052,2027,2009,2041,2053,2027,2040
2047,2052,2034,2016,2035,2054,2044,2027
2035,2057,2044,2022,2017,2043,2022,2031
2041,2056,2043,2022,2021,2032,2048,2038
2050,2058,2045,2031,2036,2041,2054,2038
2049,2058,2040,2027,2057,2036,2052,2040
2040,2055,2046,2025,2039,2039,2058,2041
2056,2071,2052,2035,2024,2042,2057,2044
2060,2068,2057,2042,2038,2049,2051,2039
2057,2060,2059,2049,2057,2049,2066,2033
2061,2061,2065,2046,2061,2040,2066,2036
2072,2056,2063,2048,2049,2029,2062,2031
2067,2053,2061,2050,2059,2044,2054,2021
2073,2065,2090,2056,2065,2088,2048,2018
2064,2076,2110,2075,2076,2139,2045,2004
2040,2077,2123,2077,2038,2151,2049,2019
2046,2074,2129,2062,1988,2123,2036,2022
2040,2063,2113,2052,1987,2056,2022,2038
2038,2059,2104,2040,2024,1943,2030,2069
2052,2058,2100,2043,2085,1917,2043,2072
2059,2072,2116,2067,2146,1976,2050,2077
2060,2076,2112,2092,2207,2047,2064,2080
2058,2079,2112,2104,2277,2103,2063,2082
2050,2062,2098,2107,2266,2118,2080,2082
2045,2049,2093,2096,2184,2089,2066,2081
2041,2037,2087,2073,2028,2037,2041,2076
2038,2026,2074,2054,1938,2007,2015,2080
2045,2029,2075,2045,1869,1992,2003,2080
2047,2043,2089,2044,1909,2001,2028,2087
2045,2052,2102,2058,1982,2009,2024,2088
2044,2056,2104,2062,1996,2007,2035,2070
2039,2052,2093,2078,2038,2018,2031,2056
2041,2050,2096,2094,2078,2034,2004,2046
2051,2055,2092,2108,2100,2041,2038,2041
2046,2062,2086,2103,2081,2046,2019,2038
2036,2058,2067,2074,2056,2051,2034,2039
2036,2057,2058,2043,2038,2055,2046,2035
2044,2050,2044,2031,2035,2053,2046,2035
2039,2051,2040,2018,2021,2039,2038,2026
2044,2054,2042,2012,2017,2035,2026,2033
2049,2056,2033,2001,2014,2034,2051,2027
2048,2051,2024,1988,2002,2025,2049,2016
2045,2045,2013,1986,2000,2016,2048,2020
2045,2041,2014,1996,2020,2027,2067,2026
2054,2050,2030,2003,2043,2058,2086,2032
2054,2049,2024,2008,2044,2065,2089,2033
2055,2054,2025,2014,2045,2063,2081,2040
2058,2051,2030,2037,2059,2062,2070,2043
2054,2050,2034,2037,2075,2069,2080,2037
2050,2047,2039,2036,2086,2067,2086,2045
2048,2047,2045,2037,2090,2060,2069,2046
2045,2043,2039,2044,2092,2052,2066,2055
2046,2052,2045,2051,2102,2046,2070,2064
2045,2055,2047,2044,2066,2046,2064,2076
2036,2051,2053,2042,2017,2041,2082,2079
2043,2052,2064,2048,2041,2046,2060,2084
2045,2050,2073,2056,2085,2055,2058,2082
2049,2058,2073,2065,2090,2061,2054,2085
2047,2047,2062,2061,2083,2048,2047,2081
2035,2028,2040,2051,2067,2036,2044,2085
2038,2029,2042,2058,2046,2045,2036,2090
2043,2043,2054,2064,2043,2052,2064,2085
2045,2047,2053,2061,2037,2041,2054,2076
2042,2043,2047,2054,2020,2043,2067,2060
2031,2032,2033,2043,2032,2043,2050,2059
2031,2035,2034,2043,2076,2058,2051,2057
2044,2044,2037,2033,2070,2059,2065,2052
2046,2055,2036,2039,2062,2066,2045,2050
2051,2050,2033,2038,2053,2064,2062,2048
2047,2043,2024,2044,2026,2052,2068,2045
2046,2036,2016,2034,2023,2037,2050,2035
2044,2035,2017,2038,2013,2030,2036,2037
2046,2038,2027,2032,2017,2026,2052,2031
2045,2039,2024,2019,2004,2033,2054,2021
2046,2036,2014,2007,1959,2054,2039,2013
2036,2034,2013,1996,1926,2050,2023,2002
2012,2012,2000,1993,1899,2046,2024,1999
2015,2016,2009,2003,1889,2035,2030,2004
2039,2038,2033,2013,1927,1995,2019,2025
2051,2060,2049,2045,2011,1975,2034,2052
2077,2060,2051,2062,2092,2018,2043,2050
2071,2059,2055,2053,2114,2053,2061,2057
2064,2058,2057,2061,2144,2084,2068,2054
2058,2061,2062,2065,2147,2082,2067,2057
2055,2056,2067,2068,2155,2071,2071,2064
2052,2049,2064,2071,2150,2077,2066,2066
2045,2046,2068,2068,2141,2081,2064,2074
2047,2048,2063,2065,2133,2094,2069,2071
2050,2044,2060,2046,2072,2087,2064,2070
2042,2042,2051,2018,1928,2056,2042,2076
2048,2044,2037,2011,1896,2028,2040,2076
2050,2040,2042,2020,1922,2019,2034,2077
2043,2044,2045,2042,1984,2022,2045,2081
2037,2040,2049,2056,2027,2041,2046,2086
2043,2043,2050,2044,2047,2063,2067,2092
2052,2053,2054,2049,2074,2055,2079,2106
2059,2059,2062,2055,2076,2060,2054,2100
2060,2054,2065,2044,2068,2059,2070,2092
2054,2052,2063,2050,2061,2065,2074,2084
2049,2044,2054,2036,2046,2066,2073,2072
2044,2039,2059,2048,2077,2059,2077,2057
2044,2033,2064,2050,2096,2051,2072,2045
2037,2024,2057,2048,2101,2045,2064,2042
2031,2009,2047,2068,2145,2060,2064,2045
2041,2025,2060,2102,2164,2071,2049,2043
2042,2028,2055,2101,2117,2073,2065,2031
2046,2024,2052,2105,2122,2076,2060,2031
2050,2028,2052,2098,2103,2086,2068,2032
2053,2029,2048,2084,2075,2104,2053,2026
2054,2029,2048,2082,2057,2106,2054,2020
2041,2025,2047,2074,2042,2109,2038,2018
2044,2039,2050,2081,2063,2101,2058,2041
2056,2047,2034,2096,2134,2071,2092,2048
2061,2042,2029,2097,2150,2008,2080,2048
2054,2030,2005,2074,2083,1975,2071,2046
2058,2033,1984,2070,2039,1996,2062,2050
2062,2028,1978,2076,2026,2032,2065,2044
2053,2023,1975,2070,2027,2046,2072,2030
2044,2016,1976,2068,2018,2061,2066,2044
2048,2027,1986,2075,2015,2073,2077,2053
2053,2031,1991,2072,1965,2066,2066,2049
2042,2014,1981,2043,1933,2035,2062,2051
2033,2002,1974,2024,1952,2013,2053,2065
2025,2005,1984,2017,2022,2024,2046,2067
2026,2011,2010,2025,2084,2039,2061,2070
2027,2022,2020,2017,2058,2027,2042,2073
2023,2010,2005,1994,2011,1995,2030,2074
2025,2006,2007,1989,2010,1996,2029,2075
2034,2013,2023,1998,1999,2024,2027,2080
2039,2025,2043,1996,1996,2032,2041,2073
2033,2030,2057,1982,1955,2033,2051,2068
2031,2033,2062,1974,1932,2036,2039,2064
2025,2039,2055,1983,1934,2020,2025,2067
2020,2051,2063,2001,1919,2024,2051,2083
2055,2069,2075,1997,1910,2041,2070,2083
2060,2080,2087,2002,1943,2066,2078,2084
2063,2089,2104,2016,1929,2069,2078,2079
2073,2081,2098,2028,1956,2069,2078,2074
2068,2072,2090,2050,2033,2096,2101,2069
2070,2070,2083,2061,2052,2112,2096,2057
2065,2069,2074,2064,2067,2121,2086,2048
2069,2065,2070,2076,2084,2118,2071,2038
2058,2060,2060,2083,2109,2067,2052,2024
2047,2058,2054,2082,2130,2013,2080,2025
2045,2066,2066,2093,2138,2019,2086,2039
2051,2080,2084,2083,2133,2034,2081,2059
2055,2077,2079,2066,2180,2031,2085,2060
2063,2073,2070,2052,2178,1987,2071,2048
2064,2058,2052,2015,2074,1946,2055,2049
2063,2042,2043,2019,2058,1947,2064,2051
2059,2037,2046,2046,2089,1974,2066,2045
2046,2024,2041,2023,1977,1993,2059,2044
2039,2016,2029,2014,1972,2031,2056,2040
2023,2008,2020,2021,2000,2052,2061,2041
2023,2011,2021,2033,1965,2048,2063,2050
2030,2021,2034,2037,1979,2051,2072,2076
2044,2033,2040,2032,2007,2056,2071,2089
2045,2042,2047,2035,1997,2047,2082,2105
2055,2059,2072,2046,1995,2040,2100,2122
2068,2073,2086,2049,2013,2028,2069,2117
2070,2074,2083,2054,2025,2014,2047,2094
2053,2063,2065,2068,2094,2011,1998,2088
2065,2060,2062,2077,2121,2021,1997,2092
2068,2056,2054,2080,2098,2026,2003,2081
2051,2050,2051,2065,2081,2042,2007,2059
2049,2049,2053,2056,2068,2047,2036,2048
2043,2050,2055,2029,1996,2009,2018,2043
2047,2053,2057,2014,1987,2003,2035,2046
2044,2060,2062,2034,1987,2026,2039,2049
2042,2060,2066,2050,1987,2047,2046,2052
2051,2059,2056,2059,2000,2063,2056,2045
2052,2060,2065,2059,1995,2072,2061,2041
2059,2065,2061,2046,1958,2060,2057,2041
2052,2060,2055,2042,1945,2058,2061,2035
2053,2061,2059,2058,2014,2068,2052,2033
2052,2063,2067,2077,2057,2075,2048,2022
2043,2046,2049,2070,2070,2063,2060,2027
2040,2039,2050,2070,2104,2059,2040,2037
2046,2045,2052,2063,2101,2047,2031,2026
2050,2039,2048,2053,2035,2040,2045,2023
2057,2046,2055,2059,2077,2039,2049,2028
2054,2043,2057,2060,2069,2028,2035,2040
2050,2038,2052,2067,2049,2027,2041,2041
2052,2040,2056,2077,2093,2048,2041,2053
2055,2040,2040,2073,2125,2054,2028,2049
2044,2034,2030,2072,2153,2060,2051,2050
2044,2032,2024,2071,2171,2082,2053,2049
2045,2040,2023,2076,2184,2112,2062,2064
2053,2051,2027,2074,2190,2137,2071,2075
2058,2043,2016,2058,2162,2164,2072,2068
2050,2040,2002,2042,2093,2163,2070,2077
2055,2036,2002,2033,2017,2126,2032,2083
2068,2041,2015,2016,1932,2038,2033,2076
2059,2030,2006,1992,1859,1958,2012,2074
2051,2033,2018,2012,1908,1973,2023,2089
2055,2053,2056,2053,2003,2012,2035,2100
2054,2065,2070,2067,2087,2041,2047,2098
2056,2066,2071,2069,2137,2060,2049,2100
2057,2061,2068,2072,2150,2069,2068,2096
2054,2059,2070,2076,2158,2060,2057,2090
2062,2060,2084,2069,2188,2077,2085,2080
2065,2055,2083,2076,2195,2101,2085,2069
2061,2044,2072,2075,2217,2093,2055,2056
2039,2026,2045,2050,2169,2048,2037,2038
2027,2016,2010,2008,2024,1998,2022,2040
2040,2015,2020,2019,1928,2002,2034,2030
2045,2031,2038,2025,1812,2017,2041,2017
2050,2041,2048,2037,1870,2031,2029,2023
2059,2063,2062,2054,1925,2038,2030,2024
2060,2070,2070,2056,1981,2034,2015,2009
2038,2046,2051,2059,2040,2036,2013,1993
2023,2026,2038,2056,2008,2067,2034,2000
2029,2040,2051,2059,2032,2082,2043,2011
2040,2047,2054,2059,2037,2094,2033,2021
2053,2056,2062,2058,2013,2090,2047,2032
2054,2048,2057,2050,1988,2009,2016,2026
2044,2041,2047,2050,2058,2014,2011,2032
2043,2036,2048,2059,2052,2065,2021,2046
2060,2062,2083,2072,1997,2080,2026,2047
2055,2066,2076,2054,1989,2088,2024,2055
2055,2059,2053,2064,2019,2080,2039,2072
2063,2047,2068,2095,2018,1975,2050,2097
2063,2053,2066,2103,1987,1917,2042,2105
2062,2046,2072,2070,1906,1924,2040,2086
2049,2041,2052,2041,1836,1968,2046,2079
2053,2028,2043,2038,1903,2044,2080,2074
2039,2021,2034,2050,2014,2065,2058,2069
2043,2017,2037,2049,2028,2067,2054,2083
2042,2027,2038,2036,2004,1999,2069,2085
2039,2047,2052,2036,2042,1966,2070,2087
2040,2044,2049,2033,2020,1993,2057,2067
2024,2045,2049,2037,2046,2018,2059,2038
2009,2040,2049,2052,2088,2041,2049,2034
2012,2034,2045,2067,2117,2048,2029,2035
2020,2034,2052,2065,2110,2043,2016,2031
2025,2033,2054,2064,2083,2042,2035,2024
2034,2032,2050,2058,2060,2053,2042,2024
2033,2025,2036,2041,2025,2043,2031,2008
2032,2025,2042,2037,2008,2034,2037,2015
2032,2032,2049,2047,2010,2021,2017,2015
2034,2032,2046,2050,2008,2021,2016,2014
2037,2033,2048,2057,1998,2026,2043,2021
2035,2025,2039,2047,2008,2040,2036,2019
2039,2034,2044,2064,2039,2077,2063,2027
2050,2033,2047,2069,2056,2100,2080,2039
2057,2036,2049,2073,2062,2145,2080,2035
2057,2030,2050,2058,2094,2190,2082,2037
2065,2045,2048,2049,2067,2179,2076,2046
2082,2064,2063,2045,1999,2078,2073,2053
2076,2069,2070,2057,2024,2011,2064,2061
2075,2082,2075,2073,2075,2050,2076,2069
2078,2092,2085,2070,2068,2081,2080,2083
2072,2080,2069,2056,2024,2093,2070,2084
2069,2067,2055,2051,2018,2101,2084,2079
2058,2046,2038,2030,1950,2079,2049,2064
2048,2036,2026,2011,1874,2024,2029,2061
2048,2039,2035,2000,1806,2009,2035,2064
2044,2032,2035,2001,1803,2010,2033,2071
2046,2036,2040,2020,1847,1982,2045,2083
2037,2045,2052,2053,1997,1979,2046,2085
2038,2041,2054,2085,2198,2045,2065,2086
2041,2035,2052,2098,2295,2098,2070,2082
2027,2030,2045,2084,2297,2095,2053,2082
2037,2021,2029,2059,2188,2056,2041,2071
2047,2017,2025,2061,2173,2031,2041,2067
2047,2015,2034,2095,2250,2035,2038,2060
2053,2007,2024,2093,2247,2019,2028,2046
2040,1989,2014,2068,2222,2017,2012,2022
2027,2008,2041,2071,2170,2039,2030,2022
2027,2023,2052,2045,2032,2031,2032,2029
2027,2022,2055,2042,2056,2043,2051,2027
2032,2028,2053,2033,2032,2051,2060,2020
2023,2038,2053,2037,2091,2064,2059,2024
2031,2054,2070,2052,2126,2069,2042,2030
2034,2052,2062,2057,2112,2050,2042,2033
2036,2055,2060,2062,2089,2048,2045,2025
2036,2038,2057,2050,2054,2054,2039,2025
2045,2040,2051,2044,1964,2032,2043,2028
2043,2044,2049,2043,1959,2039,2028,2031
2044,2046,2050,2043,2003,2039,2029,2026
2038,2044,2051,2043,2043,2043,2019,2040
2044,2042,2049,2057,2100,2068,2032,2036
2053,2040,2048,2063,2130,2092,2058,2041
2049,2043,2055,2069,2113,2099,2056,2055
2053,2057,2066,2064,2098,2083,2049,2059
2056,2057,2071,2052,2065,2036,2057,2057
2047,2046,2061,2042,2030,2020,2042,2057
2040,2039,2044,2032,2028,2036,2046,2058
2041,2028,2043,2032,2043,2067,2072,2079
2059,2030,2044,2038,2054,2084,2067,2090
2062,2029,2046,2032,2037,2080,2056,2080
2055,2025,2041,2022,2004,2043,2059,2074
2034,2015,2036,2023,2015,2030,2043,2065
2021,2008,2035,2038,2060,2061,2047,2065
2020,2008,2029,2048,2090,2091,2069,2085
2038,2016,2034,2044,2078,2111,2067,2097
2057,2019,2028,2038,2075,2111,2077,2105
2054,2013,2024,2032,2075,2082,2078,2095
2058,2014,2014,2037,2074,2044,2050,2065
2038,2015,2016,2065,2073,2027,2057,2067
2041,2011,2025,2085,2085,2008,2059,2069
2048,2012,2028,2080,2018,1994,2044,2063
2058,2023,2033,2070,1985,2009,2050,2054
2057,2032,2034,2085,2101,2042,2054,2057
2054,2043,2033,2098,2199,2075,2038,2046
2048,2046,2032,2095,2256,2086,2057,2033
2049,2060,2040,2097,2211,2079,2056,2037
2059,2057,2039,2078,2108,2084,2067,2038
2052,2053,2030,2076,2054,2089,2091,2014
2037,2038,2016,2075,1985,2064,2057,1996
2025,2019,2007,2051,1916,2026,2022,1994
2020,1998,1998,2049,1908,1999,1997,2000
2023,1999,2012,2054,1943,2002,2007,2020
2034,2003,2027,2069,1983,1976,2016,2032
2045,2030,2048,2087,2000,1970,2037,2042
2056,2054,2066,2081,2015,2002,2048,2042
2050,2058,2058,2065,1991,2022,2048,2043
2044,2042,2037,2055,2004,2021,2047,2047
2046,2044,2026,2060,2024,2017,2044,2046
2042,2046,2030,2063,2043,2011,2041,2053
2038,2042,2034,2066,2018,2005,2032,2064
2040,2043,2046,2074,2030,2017,2046,2078
2045,2052,2062,2088,2030,2020,2053,2077
2045,2047,2054,2073,2011,2024,2052,2079
2043,2053,2054,2060,2002,2027,2042,2088
2043,2058,2050,2034,1979,1997,2043,2083
2036,2050,2027,1988,1949,1986,2032,2084
2037,2038,2029,1970,1971,1983,2036,2087
2052,2071,2069,1997,2026,2009,2048,2094
2060,2084,2097,2010,2070,2038,2042,2088
2062,2091,2106,2024,2122,2080,2033,2084
2061,2092,2108,2039,2146,2100,2036,2074
2059,2091,2110,2036,2116,2075,2034,2064
2058,2097,2119,2044,2138,2052,2045,2065
2061,2080,2107,2037,2117,2037,2029,2057
2056,2068,2090,2033,2083,2022,2057,2046
2060,2061,2077,2031,2045,2006,2049,2039
2067,2057,2074,2025,2002,2015,2046,2040
2078,2057,2076,2042,2028,2053,2055,2047
2085,2069,2086,2070,2074,2080,2065,2039
2082,2068,2088,2076,2117,2106,2089,2039
2083,2056,2077,2068,2109,2127,2083,2024
2052,2031,2056,2051,2083,2118,2070,2019
2028,2023,2048,2042,2064,2109,2076,2021
2023,2032,2053,2003,1911,2065,2078,2026
2027,2044,2050,1961,1778,2008,2049,2014
2022,2035,2034,1943,1838,1972,2021,2009
2036,2038,2045,1974,1965,1995,2039,2031
2059,2047,2060,2037,2076,2010,2045,2049
2063,2042,2062,2075,2133,2038,2051,2058
2060,2040,2060,2094,2169,2057,2048,2074
2062,2049,2069,2094,2133,2073,2060,2079
2064,2059,2076,2088,2099,2088,2063,2060
2050,2053,2078,2080,2108,2101,2066,2052
2032,2048,2065,2070,2126,2100,2064,2057
2031,2044,2051,2073,2127,2101,2056,2064
2034,2045,2047,2059,2068,2124,2070,2078
2038,2046,2053,2040,2010,2133,2073,2079
2034,2045,2054,2041,1963,2144,2056,2085
2038,2033,2048,2028,1995,2138,2043,2084
2040,2033,2042,2007,1991,2066,2027,2082
2046,2039,2052,1998,1874,2004,2020,2064
2038,2055,2057,2005,1738,2035,2021,2073
2043,2057,2063,2028,1849,2066,2055,2078
2046,2056,2067,2046,1982,2017,2094,2093
2064,2054,2063,2069,2097,1980,2088,2086
2055,2051,2047,2061,2192,2026,2092,2058
2048,2048,2048,2078,2244,2054,2075,2055
2049,2051,2053,2077,2160,2054,2071,2048
2043,2056,2054,2070,2126,2054,2057,2045
2047,2058,2056,2091,2183,2075,2089,2045
2051,2057,2060,2089,2059,2048,2062,2034
2049,2052,2056,2093,2045,2050,2037,2021
2048,2053,2063,2121,2106,2097,2053,2010
2060,2062,2068,2124,2147,2141,2027,2008
2049,2052,2058,2107,2187,2161,2050,2005
2031,2034,2051,2084,2125,2130,2045,2011
2037,2035,2058,2076,1999,2127,2060,2027
2047,2047,2057,2052,1884,2111,2061,2016
2043,2036,2048,2008,1846,2058,2026,2017
2029,2033,2035,1960,1815,1966,2016,2013
2028,2027,2027,1933,1780,1918,2005,2020
2038,2030,2032,1963,1983,1918,2009,2023
2036,2027,2032,2001,2136,1950,2028,2017
2027,2023,2035,2073,2277,2046,2041,2030
2038,2029,2049,2120,2293,2095,2070,2041
2030,2024,2049,2107,2195,2064,2066,2045
2030,2031,2052,2106,2177,2061,2068,2062
2032,2029,2042,2061,1988,2032,2064,2066
2028,2019,2032,2040,1965,2025,2053,2072
2027,2021,2036,2061,2052,2029,2053,2073
2044,2031,2043,2053,2037,2033,2047,2079
2046,2032,2038,2028,2060,2018,2033,2081
2053,2021,2026,2035,2101,2024,2044,2089
2056,2023,2034,2045,2092,2043,2035,2081
2044,2016,2035,2044,2058,2052,2019,2064
2044,2026,2042,2036,2031,2041,2018,2056
2049,2036,2041,2047,2036,2020,2017,2053
2052,2041,2051,2049,2040,2026,2009,2034
2049,2043,2047,2050,2039,2021,2002,2036
2037,2037,2042,2043,2026,2009,1996,2032
2032,2039,2045,2047,2026,1997,2000,2021
2048,2053,2056,2057,2039,2011,2007,2024
2067,2061,2067,2058,2048,2037,2033,2024
2059,2066,2072,2084,2089,2060,2038,2029
2058,2057,2070,2096,2121,2066,2029,2027
2045,2052,2066,2079,2096,2080,2034,2022
2040,2047,2054,2057,2041,2087,2025,2009
2039,2041,2049,2038,2000,2079,2025,2003
2021,2027,2028,2026,1967,2089,2035,1999
2014,2030,2038,2037,1991,2088,2056,2027
2041,2041,2054,2049,2020,2086,2081,2047
2054,2051,2054,2051,2051,2099,2095,2051
2059,2053,2057,2049,2056,2098,2085,2056
2069,2072,2066,2060,2081,2096,2070,2059
2069,2072,2074,2061,2032,2074,2059,2050
2061,2068,2070,2069,2023,2086,2069,2054
2059,2053,2068,2072,2037,2096,2072,2051
2054,2060,2068,2081,2041,2014,2074,2047
2047,2060,2074,2075,2027,1966,2076,2046
2050,2067,2082,2078,2022,1991,2086,2066
2056,2054,2069,2058,1991,2002,2069,2069
2050,2051,2061,2057,2000,2018,2067,2073
2049,2033,2049,2053,2044,2036,2052,2074
2053,2029,2047,2048,2141,2043,2045,2079
2046,2019,2030,2031,2187,2047,2038,2067
2030,2024,2041,2047,2196,2057,2043,2060
2031,2056,2065,2068,2198,2078,2058,2082
2053,2058,2072,2072,2175,2074,2072,2102
2060,2047,2070,2073,2183,2061,2054,2104
2065,2047,2052,2051,2128,2028,2050,2086
2055,2039,2044,2027,2040,1988,2025,2054
2026,2026,2026,2017,1914,1981,2014,2034
2031,2040,2045,2040,1909,2003,2037,2034
2039,2054,2057,2055,1947,2026,2062,2040
2037,2051,2061,2060,1997,2028,2069,2040
2031,2041,2045,2057,2022,2027,2050,2035
2032,2048,2044,2059,2076,2045,2040,2027
2030,2053,2049,2066,2094,2056,2044,2024
2036,2047,2040,2059,2104,2057,2044,2026
2044,2038,2032,2068,2138,2055,2047,2026
2048,2044,2042,2075,2136,2043,2035,2016
2044,2045,2046,2066,2104,2020,2036,2009
2045,2044,2044,2052,2059,2048,2042,2019
2046,2047,2040,2047,2050,2073,2040,2026
2040,2042,2038,2053,2070,2062,2037,2025
2038,2040,2042,2064,2076,2064,2041,2023
2044,2042,2042,2056,2081,2067,2050,2025
2042,2035,2037,2059,2082,2075,2068,2031
2043,2033,2034,2059,2090,2070,2072,2035
2054,2047,2043,2069,2086,2058,2062,2033
2070,2060,2049,2070,2081,2066,2072,2042
2067,2066,2045,2069,2083,2063,2057,2050
2068,2044,2033,2058,2064,2030,2056,2063
2066,2032,2034,2058,2059,2000,2031,2059
2052,2025,2045,2062,2054,1995,2032,2053
2035,2023,2060,2069,2053,2000,2025,2045
2014,2032,2078,2082,2065,2033,2045,2059
2000,2040,2088,2087,2060,2052,2051,2080
2015,2045,2087,2095,2066,2062,2061,2084
2034,2052,2082,2094,2068,2052,2053,2083
2043,2058,2074,2090,2068,2038,2035,2084
2045,2056,2070,2083,2058,2038,2050,2075
2050,2061,2066,2077,2056,2044,2043,2063
2059,2064,2065,2076,2069,2047,2048,2053
2054,2070,2067,2082,2080,2051,2044,2046
2056,2064,2061,2071,2084,2056,2043,2041
2064,2059,2055,2070,2069,2048,2037,2040
2056,2060,2054,2058,2052,2052,2049,2038
2053,2056,2048,2042,2046,2063,2054,2031
2063,2053,2043,2037,2035,2066,2054,2027
2061,2058,2037,2034,2062,2072,2057,2024
2067,2061,2041,2024,2056,2058,2059,2032
2063,2059,2034,2016,2036,2011,2052,2031
2062,2046,2025,2009,2000,1974,2034,2021
2052,2036,2016,1997,1955,1961,2030,2018
2041,2037,2026,2015,1967,1979,2058,2012
2043,2041,2038,2036,1984,2020,2069,2025
2041,2035,2033,2024,2016,2053,2062,2026
2051,2033,2035,2051,2004,2070,2071,2036
2051,2034,2040,2068,2022,2093,2075,2043
2054,2034,2034,2083,2140,2117,2104,2049
2051,2034,2040,2090,2226,2129,2077,2048
2037,2036,2045,2093,2208,2104,2086,2043
2043,2037,2058,2089,2160,2052,2063,2047
2040,2046,2065,2070,2096,1998,2058,2054
2046,2065,2069,2080,2076,1986,2049,2070
2047,2069,2075,2071,2026,1986,2063,2071
2049,2068,2069,2066,2022,2004,2070,2075
2054,2062,2064,2080,2040,2011,2069,2083
2056,2065,2056,2067,2035,1990,2047,2079
2048,2050,2048,2055,2023,1957,2048,2071
2028,2036,2038,2049,2047,1984,2062,2075
2031,2035,2042,2056,2070,2026,2072,2077
2046,2033,2041,2058,2096,2049,2080,2070
2040,2021,2033,2065,2102,2070,2085,2063
2037,2016,2032,2060,2082,2097,2089,2057
2040,2018,2023,2051,2047,2101,2074,2046
2041,2019,2022,2042,2018,2090,2059,2038
2040,2021,2010,2031,2002,2091,2049,2026
2037,2018,1996,2026,2010,2122,2044,2025
2038,2021,1997,2049,2076,2145,2043,2019
2044,2026,1994,2074,2098,2108,2044,2018
2046,2035,2010,2094,2064,2080,2051,2014
2049,2034,2015,2088,2028,2046,2037,2006
2055,2031,2017,2095,2033,2024,2028,2004
2055,2019,2019,2103,2036,2011,2045,1999
2064,2023,2007,2101,2039,2008,2024,1988
2038,2001,1988,2086,2032,1989,2030,1980
2022,1988,1977,2085,2036,2015,2024,1984
2025,1996,1977,2082,2064,2045,2041,1992
2019,2008,1976,2082,2060,2054,2033,1993
2016,2015,1974,2081,2062,2050,2047,2010
2039,2030,1981,2083,2067,2056,2061,2019
2046,2041,2000,2086,2069,2057,2058,2021
2059,2047,2024,2077,2061,2041,2052,2016
2055,2045,2026,2046,2038,2024,2049,2014
2040,2032,2023,2010,2017,2017,2032,2025
2029,2026,2013,1977,2005,2010,2037,2033
2028,2022,2024,1952,2009,2015,2048,2044
2040,2038,2053,1962,2039,2030,2071,2065
2048,2074,2110,1994,2038,2047,2076,2075
2065,2097,2149,2029,2065,2067,2105,2088
2069,2114,2168,2059,2091,2074,2089,2096
2081,2120,2173,2075,2116,2074,2085,2092
2065,2105,2145,2068,2111,2053,2063,2083
2057,2089,2129,2055,2128,2043,2066,2092
2057,2090,2126,2037,2065,2037,2081,2085
2063,2077,2107,2011,2003,2026,2052,2070
2057,2073,2088,2000,2016,2010,2047,2066
2062,2072,2078,2014,2006,2022,2028,2052
2053,2069,2069,2034,1975,2055,2032,2039
2052,2058,2071,2036,1998,2076,2038,2021
2057,2058,2061,2054,2125,2100,2052,2025
2053,2050,2065,2079,2192,2123,2048,2029
2054,2053,2061,2088,2163,2106,2053,2029
2052,2058,2061,2073,2142,2100,2042,2027
2053,2057,2066,2065,2107,2083,2049,2019
2046,2050,2060,2044,2056,2066,2053,2014
2045,2044,2049,2034,2044,2072,2064,2008
2042,2044,2050,2033,2031,2072,2060,2005
2049,2045,2042,2019,1956,2077,2044,2003
2047,2042,2044,2032,1980,2093,2032,1999
2050,2047,2050,2029,1984,2090,2032,1995
2052,2050,2050,2029,1987,2102,2025,1999
2048,2050,2051,2033,1991,2101,2041,2005
2056,2064,2056,2042,2008,2036,2040,2011
2062,2058,2058,2044,2011,1963,2039,2012
2052,2056,2053,2038,2011,1975,2040,2010
2049,2051,2050,2041,2009,2026,2044,2006
2060,2050,2039,2027,1997,2052,2050,2016
2051,2042,2038,2037,2031,2040,2063,2039
2054,2045,2058,2061,2094,2067,2065,2047
2044,2057,2061,2075,2119,2070,2060,2069
2042,2058,2059,2088,2149,2069,2072,2083
2051,2058,2057,2089,2151,2090,2081,2091
2059,2051,2056,2079,2125,2075,2077,2069
2060,2051,2046,2064,2096,2049,2058,2067
2061,2043,2038,2049,2070,2004,2048,2069
2050,2038,2035,2047,2059,1965,2031,2076
2058,2046,2045,2050,2051,1960,2036,2068
2068,2058,2050,2057,2060,1958,2032,2067
2062,2055,2049,2056,2068,1960,2018,2066
2049,2059,2056,2059,2060,1984,2039,2061
2043,2062,2047,2058,2050,1992,2033,2056
2048,2057,2044,2059,2042,2040,2039,2048
2058,2061,2049,2056,2055,2082,2050,2047
2072,2063,2048,2054,2047,2128,2065,2042
2065,2060,2044,2050,2044,2177,2062,2035
2056,2047,2036,2048,2050,2153,2061,2031
2045,2043,2027,2050,2051,2031,2051,2023
2044,2044,2029,2047,2043,1951,2039,2014
2044,2034,2029,2042,2043,1976,2050,2009
2035,2035,2030,2041,2042,2019,2048,2007
2041,2047,2037,2042,2047,2035,2059,2009
2046,2045,2034,2046,2042,2039,2063,2015
2052,2044,2036,2046,2049,2043,2064,2020
2061,2052,2044,2052,2055,2058,2058,2027
2061,2052,2046,2053,2055,2051,2049,2019
2059,2047,2039,2055,2052,2046,2061,2018
2052,2048,2044,2051,2063,2050,2060,2013
2053,2052,2053,2059,2072,2062,2066,2010
2048,2050,2056,2065,2067,2054,2040,2018
2045,2050,2055,2062,2061,2037,2040,2026
2038,2048,2050,2056,2057,2033,2050,2030
2037,2045,2052,2057,2057,2039,2019,2038
2041,2036,2044,2052,2061,2044,2033,2046
2041,2038,2044,2053,2059,2040,2038,2044
2042,2040,2039,2046,2049,2037,2012,2053
2043,2038,2048,2052,2050,2045,2039,2057
2043,2049,2052,2056,2058,2059,2048,2063
2038,2051,2058,2057,2052,2072,2036,2064
2041,2043,2051,2058,2052,2071,2035,2065
2043,2045,2053,2063,2060,2082,2027,2078
2054,2062,2060,2066,2067,2054,2038,2076
2062,2068,2060,2075,2067,2034,2043,2071
2069,2067,2058,2071,2069,2040,2034,2063
2067,2068,2058,2071,2066,2047,2041,2052
2064,2068,2056,2062,2058,2032,2030,2053
2056,2064,2053,2048,2034,2021,2017,2052
2058,2060,2049,2056,2034,2021,2028,2042
2059,2054,2048,2052,2039,2020,2016,2035
2054,2064,2046,2059,2044,2024,2028,2029
2053,2057,2043,2057,2051,2023,2007,2026
2049,2046,2044,2058,2057,2027,2013,2020
2051,2039,2039,2050,2043,2030,2037,2014
2048,2034,2039,2050,2038,2040,2038,2013
2046,2034,2038,2049,2046,2045,2045,2023
2052,2039,2040,2051,2041,2044,2023,2009
2037,2034,2030,2045,2040,2043,2041,2014
2035,2025,2030,2053,2043,2041,2012,2022
2040,2040,2040,2057,2052,2033,2012,2023
2038,2041,2035,2058,2050,2035,2032,2025
2038,2043,2039,2064,2055,2040,2031,2015
2039,2043,2040,2064,2049,2032,2017,2017
2044,2040,2041,2056,2045,2020,2028,2026
2043,2038,2041,2050,2049,2022,2049,2034
2045,2046,2043,2059,2050,2029,2068,2044
2052,2053,2049,2066,2065,2048,2061,2058
2057,2045,2048,2065,2061,2063,2066,2063
2057,2051,2050,2065,2060,2050,2081,2073
2054,2052,2053,2061,2060,2044,2086,2073
2059,2048,2054,2062,2052,2033,2085,2080
2057,2050,2056,2061,2046,2026,2081,2085
2057,2058,2058,2062,2054,2010,2083,2086
2060,2052,2054,2061,2056,1987,2051,2074
2052,2054,2056,2061,2062,1978,2034,2069
2046,2050,2056,2068,2060,1984,2031,2068
2047,2056,2058,2063,2061,2011,2035,2063
2049,2052,2058,2062,2056,2031,2032,2058
2046,2045,2046,2054,2058,2057,2025,2046
2039,2041,2043,2046,2056,2074,2013,2046
2040,2046,2045,2045,2049,2061,2022,2045
2046,2042,2045,2040,2049,2066,2045,2047
2048,2048,2040,2039,2045,2073,2033,2040
2052,2049,2040,2042,2041,2078,2057,2040
2050,2049,2036,2041,2044,2098,2046,2036
2052,2049,2034,2046,2059,2115,2079,2032
2056,2051,2038,2052,2059,2098,2064,2036
2056,2046,2035,2054,2057,2058,2040,2019
2046,2040,2034,2053,2053,2002,2033,2020
2054,2046,2030,2062,2055,2010,2026,2015
2047,2038,2022,2052,2060,2030,2030,2013
2043,2034,2018,2056,2061,2041,2020,2016
2045,2048,2029,2065,2074,2053,2038,2017
2049,2046,2034,2074,2081,2065,2047,2026
2045,2050,2039,2062,2075,2070,2051,2023
2045,2047,2040,2064,2071,2091,2079,2015
2047,2044,2040,2062,2064,2091,2070,2023
2053,2048,2046,2058,2054,2096,2064,2022
2049,2052,2043,2058,2061,2116,2044,2029
2046,2044,2049,2058,2072,2114,2070,2043
2052,2045,2051,2053,2081,2097,2070,2050
2053,2047,2063,2048,2071,2071,2068,2048
2046,2049,2060,2052,2056,2052,2069,2061
2046,2058,2056,2046,2038,2028,2060,2064
2044,2045,2046,2040,2038,2005,2038,2064
2045,2048,2044,2037,2038,2022,2035,2072
2046,2046,2044,2037,2033,2024,2037,2064
2041,2040,2041,2035,2030,2029,2034,2074
2044,2038,2042,2041,2034,2044,2072,2081
2057,2048,2045,2042,2035,2058,2080,2074
2049,2048,2049,2044,2041,2066,2077,2066
2046,2045,2047,2048,2050,2081,2070,2064
2047,2048,2057,2056,2047,2089,2081,2054
2040,2044,2053,2056,2055,2086,2066,2048
2041,2039,2054,2056,2056,2072,2070,2048
2038,2045,2051,2059,2061,2069,2066,2033
2042,2046,2046,2059,2069,2074,2060,2027
2045,2045,2049,2062,2080,2080,2050,2026
2050,2050,2057,2065,2080,2081,2051,2022
2055,2056,2055,2057,2078,2081,2060,2011
2052,2055,2055,2055,2072,2071,2057,2018
2050,2048,2049,2058,2076,2070,2061,2019
2057,2051,2052,2057,2077,2089,2046,2023
2058,2045,2049,2057,2074,2093,2046,2021
2051,2037,2036,2051,2058,2072,2035,2007
2043,2034,2040,2043,2043,2024,2025,2013
2048,2044,2044,2048,2029,2003,2030,2003
2047,2038,2042,2045,2025,2010,2036,2005
2045,2037,2042,2045,2032,2039,2037,2011
2042,2036,2041,2051,2036,2065,2054,2017
2042,2037,2037,2047,2050,2082,2070,2021
2051,2041,2036,2050,2057,2088,2062,2029
2053,2044,2037,2045,2042,2088,2053,2028
2042,2039,2036,2035,2020,2085,2054,2030
2048,2044,2045,2036,2018,2094,2063,2035
2045,2041,2043,2032,2015,2099,2064,2042
2046,2042,2041,2042,2026,2072,2053,2057
2050,2045,2049,2058,2064,2016,2058,2085
2057,2054,2058,2073,2103,2005,2064,2083
2059,2055,2063,2076,2104,1991,2051,2081
2054,2050,2050,2069,2093,2009,2047,2074
2045,2042,2045,2053,2078,2031,2057,2071
2043,2046,2047,2054,2063,2058,2064,2077
2049,2049,2043,2050,2047,2067,2061,2080
2051,2046,2047,2044,2036,2067,2057,2072
2049,2044,2046,2040,2032,2047,2056,2069
2051,2051,2048,2049,2035,2018,2039,2069
2051,2055,2049,2051,2050,2027,2051,2061
2052,2051,2048,2060,2055,2051,2065,2052
2064,2051,2049,2049,2051,2058,2077,2044
2061,2056,2050,2051,2046,2063,2080,2044
2060,2059,2049,2054,2046,2060,2064,2036
2060,2054,2041,2048,2053,2064,2051,2020
2062,2060,2047,2050,2063,2059,2044,2012
2055,2059,2043,2055,2063,2059,2037,2000
2051,2056,2036,2052,2060,2040,2022,1995
2043,2050,2031,2049,2046,2029,2007,1989
2037,2035,2021,2042,2035,2014,2013,1987
2030,2030,2017,2038,2034,2033,2030,1994
2042,2040,2024,2058,2048,2048,2032,1997
2040,2037,2025,2056,2055,2047,2048,2000
2034,2039,2026,2062,2056,2047,2041,2014
2038,2040,2025,2069,2064,2047,2052,2024
2044,2041,2027,2063,2060,2044,2049,2030
2051,2041,2029,2066,2058,2035,2015,2032
2054,2043,2032,2062,2052,2035,2019,2044
2051,2047,2035,2061,2052,2039,2026,2044
2046,2043,2043,2062,2056,2033,2034,2046
2043,2039,2038,2060,2055,2037,2033,2058
2043,2040,2035,2066,2061,2058,2031,2060
2042,2037,2038,2063,2056,2088,2059,2064
2044,2035,2034,2064,2053,2114,2076,2070
2049,2038,2034,2056,2056,2135,2053,2072
2049,2038,2032,2043,2041,2158,2054,2063
2042,2036,2044,2043,2044,2161,2044,2066
2044,2043,2056,2046,2046,2123,2066,2073
2049,2060,2057,2047,2025,2003,2050,2068
2052,2050,2043,2033,1993,1921,2048,2057
2051,2046,2034,2024,1984,1964,2065,2061
2051,2047,2018,2017,1979,2011,2070,2062
2056,2044,2010,2013,1982,2036,2046,2062
2062,2045,2009,2027,2003,2053,2030,2055
2069,2050,2010,2032,2040,2064,2037,2044
2066,2035,2010,2040,2063,2073,2033,2037
2063,2029,2033,2065,2103,2088,2033,2032
2074,2039,2062,2084,2106,2092,2058,2029
2074,2047,2072,2080,2086,2105,2034,2021
2057,2042,2077,2079,2073,2104,2024,2018
2050,2046,2079,2075,2060,2067,2017,2014
2042,2050,2083,2071,2050,2043,2023,2017
2055,2051,2077,2071,2045,2061,2016,2006
2044,2045,2077,2069,2020,2040,2015,1997
2039,2049,2084,2066,2002,2015,2024,1998
2036,2054,2082,2058,2008,2013,2017,2004
2045,2062,2086,2057,2020,2010,2034,2009
2042,2059,2072,2052,2022,2013,2023,2009
2056,2064,2071,2067,2078,2023,2050,2014
2062,2072,2075,2075,2130,2030,2067,2027
2056,2077,2070,2063,2126,2018,2061,2028
2052,2074,2066,2051,2132,2005,2048,2032
2054,2074,2060,2037,2134,2009,2048,2031
2060,2066,2051,2034,2123,2029,2060,2044
2060,2053,2042,2024,2091,2042,2060,2053
2061,2042,2029,2009,2030,2059,2043,2064
2052,2041,2022,1997,1964,2066,2028,2065
2048,2040,2026,1997,1930,2076,2050,2069
2056,2056,2039,2012,1964,2092,2064,2062
2058,2065,2038,2026,1993,2081,2051,2058
2055,2059,2036,2035,2022,2079,2043,2060
2053,2061,2045,2042,2060,2091,2047,2065
2051,2066,2046,2044,2064,2075,2051,2070
2051,2064,2046,2031,2048,2060,2045,2070
2062,2064,2047,2033,2054,2076,2072,2077
2060,2061,2054,2041,2066,2076,2065,2067
2053,2062,2046,2038,2024,2061,2064,2057
2055,2059,2040,2028,1994,2045,2054,2052
2054,2060,2039,2023,1976,2032,2059,2043
2053,2053,2040,2023,1973,2009,2042,2040
2049,2049,2028,2014,1964,2000,2047,2028
2046,2038,2019,2007,1951,2020,2048,2026
2053,2042,2026,2007,1972,2048,2072,2033
2053,2041,2027,2015,2023,2106,2090,2025
2056,2043,2023,2009,2014,2135,2095,2016
2046,2033,2020,2008,1986,2131,2071,2008
2040,2030,2015,2001,1935,2119,2075,2011
2041,2028,2018,1998,1905,2074,2078,2022
2050,2049,2037,2027,1947,1992,2082,2050
2069,2063,2053,2057,2015,1965,2071,2055
2071,2060,2056,2059,2056,1957,2070,2051
2071,2056,2045,2036,2057,1987,2077,2035
2068,2044,2031,2024,2031,2000,2041,2028
2052,2042,2034,2029,2052,2024,2034,2026
2044,2042,2038,2041,2081,2037,2046,2035
2044,2040,2037,2036,2035,1991,2035,2037
2039,2037,2037,2039,2056,1985,2029,2045
2045,2033,2033,2050,2099,2059,2049,2057
2050,2029,2026,2063,2123,2087,2053,2072
2049,2038,2036,2056,2115,2068,2065,2085
2058,2044,2045,2048,2096,2068,2070,2109
2069,2041,2047,2060,2109,2078,2073,2101
2054,2034,2040,2055,2085,2054,2036,2098
2053,2033,2034,2042,2084,2049,2055,2092
2048,2040,2041,2047,2119,2058,2048,2087
2051,2056,2060,2057,2118,2094,2036,2062
2037,2041,2054,2047,2082,2115,2026,2046
2034,2031,2047,2036,2071,2119,2044,2043
2044,2036,2037,2022,2050,2105,2040,2049
2058,2044,2029,2021,2025,2064,2024,2049
2061,2048,2037,2035,2060,1989,2020,2060
2071,2058,2044,2052,2117,1967,2039,2075
2083,2065,2046,2060,2137,1978,2047,2069
2081,2056,2048,2039,2072,2020,2006,2057
2067,2051,2045,2031,2045,2045,2009,2054
2059,2049,2053,2033,2052,2064,2011,2040
2057,2050,2060,2035,2059,2062,2001,2029
2057,2047,2049,2038,2075,2035,1994,2035
2067,2045,2050,2044,2089,2026,2015,2040
2071,2052,2051,2043,2096,2056,2033,2036
2062,2053,2050,2035,2053,2089,2015,2024
2059,2054,2048,2024,2005,2081,2033,2013
2060,2058,2046,2039,2000,2027,2038,2014
2060,2061,2049,2035,2008,2033,2045,2022
2059,2057,2044,2033,2004,2072,2075,2024
2064,2047,2035,2029,2006,2085,2086,2036
2066,2044,2027,2030,1985,2107,2100,2050
2070,2041,2026,2033,2045,2114,2104,2046
2057,2038,2030,2036,2054,2112,2105,2028
2046,2046,2039,2048,2063,2115,2085,2037
2064,2053,2051,2048,2029,2121,2077,2059
2072,2063,2054,2045,2019,2129,2104,2089
2079,2058,2048,2033,2017,2138,2147,2127
2078,2057,2042,2028,2020,2114,2147,2160
2081,2050,2047,2028,2014,2077,2175,2191
2096,2073,2062,2048,2043,2060,2175,2192
2088,2070,2065,2058,2078,2012,2134,2185
2076,2062,2056,2054,2095,1921,2117,2173
2067,2062,2049,2057,2124,1965,2133,2160
2062,2051,2043,2047,2129,2028,2151,2145
2053,2043,2032,2027,2037,2044,2181,2126
2043,2042,2030,2014,1952,2051,2154,2119
2038,2046,2027,2013,1956,2061,2072,2091
2047,2049,2029,2026,2009,2084,1981,2072
2052,2050,2037,2048,2085,2084,1960,2031
2037,2046,2032,2036,2106,2034,1832,1978
2028,2037,2025,2034,2124,2014,1826,1939
2019,2026,2023,2036,2150,2051,1902,1958
2021,2026,2027,2046,2163,2044,1962,1978
2038,2038,2035,2050,2173,2041,2022,1979
2042,2050,2039,2050,2153,2028,2013,1982
2046,2052,2039,2050,2104,2005,2029,1995
2053,2054,2041,2044,2061,1998,2041,1990
2041,2046,2029,2038,1999,2010,2071,2000
2048,2050,2028,2025,1934,2027,2074,2010
2065,2058,2034,2035,1949,2061,2072,2003
2059,2051,2035,2017,1904,2063,2054,1997
2057,2053,2036,2011,1853,2076,2040,2011
2060,2061,2044,2025,1920,2103,2076,2024
2056,2060,2048,2036,1967,2140,2074,2044
2055,2054,2047,2040,1985,2118,2041,2055
2056,2048,2036,2031,1985,2024,2016,2043
2052,2050,2042,2034,1991,1927,1994,2035
2046,2065,2047,2045,2024,1962,2018,2036
2043,2064,2050,2035,2050,2022,2029,2042
2042,2058,2044,2042,2073,2072,2045,2046
2040,2051,2037,2041,2077,2097,2054,2054
2039,2054,2037,2045,2072,2106,2068,2064
2040,2044,2033,2039,2054,2085,2068,2069
2043,2050,2030,2036,2041,2054,2091,2082
2053,2040,2023,2027,2036,2029,2079,2094
2050,2035,2019,2026,2022,2026,2072,2092
2055,2041,2012,2019,2018,2013,2023,2081
2038,2032,2008,2016,2018,2027,2038,2058
2034,2034,2007,2015,2025,2039,2037,2056
2030,2025,2002,2019,2025,2035,2042,2058
2038,2028,2003,2020,2034,2038,2053,2060
2042,2026,2001,2026,2049,2047,2065,2045
2039,2032,2002,2030,2048,2055,2053,2033
2039,2030,2011,2027,2030,2060,2034,2030
2045,2035,2016,2021,2015,2068,2039,2027
2039,2037,2012,2016,2000,2064,2029,2020
2035,2032,2004,2001,1997,2077,2016,2014
2029,2032,2010,2019,2034,2127,2026,2025
2042,2038,2021,2047,2067,2154,2045,2026
2053,2053,2025,2052,2069,2136,2060,2023
2060,2049,2019,2051,2044,2111,2074,2027
2055,2041,2021,2044,2030,2095,2060,2017
2048,2033,2017,2040,2031,2064,2073,2036
2053,2030,2006,2038,2043,2057,2080,2030
2047,2023,1992,2024,2038,2039,2063,2028
2039,2027,1996,2043,2071,2052,2068,2029
2041,2033,2008,2054,2072,2032,2050,2029
2046,2033,2016,2056,2052,2011,2049,2026
2045,2038,2025,2057,2031,1989,2034,2022
2045,2036,2021,2054,2018,1991,2034,2034
2037,2033,2017,2050,2023,2064,2042,2041
2041,2034,2017,2064,2041,2091,2063,2055
2049,2038,2022,2069,2060,2089,2072,2065
2047,2036,2021,2082,2062,2086,2075,2068
2045,2023,2013,2079,2048,2060,2069,2075
2036,2020,2008,2074,2039,2039,2056,2073
2032,2004,1999,2056,2008,2011,2041,2067
2014,1988,1989,2039,1993,1999,2036,2071
2002,1996,1998,2044,1990,2003,2039,2081
2025,2030,2038,2049,1990,2018,2061,2086
2049,2061,2069,2055,1986,2036,2054,2084
2051,2063,2074,2045,1986,2015,2031,2074
2054,2057,2065,2030,1985,1969,2042,2065
2049,2051,2041,2019,2008,1984,2033,2055
2055,2049,2024,2010,2039,2037,2045,2050
2059,2054,2017,2010,2012,2077,2041,2042
2059,2044,2014,2007,1998,2092,2041,2041
2058,2056,2027,2005,1997,2104,2058,2038
2060,2062,2054,1989,1943,2093,2042,2026
2062,2066,2075,1972,1890,2075,2022,2008
2055,2058,2084,1953,1872,2067,2024,2005
2042,2056,2087,1952,1861,2058,2021,1997
2037,2058,2099,1968,1889,1988,2030,2023
2053,2081,2126,2020,2012,1893,2060,2057
2055,2096,2136,2059,2142,1949,2061,2057
2064,2097,2128,2074,2183,2026,2070,2051
2069,2106,2145,2086,2185,2066,2059,2044
2068,2109,2138,2082,2138,2060,2071,2039
2074,2099,2124,2066,2099,2040,2048,2036
2065,2093,2112,2056,2057,2022,2058,2031
2058,2085,2108,2054,2042,2017,2065,2032
2057,2084,2097,2051,2039,2002,2037,2051
2067,2077,2088,2041,2028,1998,2038,2049
2060,2069,2076,2043,2040,1989,2025,2052
2054,2061,2069,2035,2044,1999,2035,2057
2050,2064,2060,2030,2035,2018,2073,2066
2050,2065,2053,2026,2040,2051,2077,2072
2056,2062,2056,2014,2040,2070,2058,2087
2061,2064,2047,2000,2063,2063,2057,2087
2049,2057,2051,2000,2061,2048,2031,2081
2044,2049,2046,1998,2026,2038,2031,2068
2038,2039,2050,1994,1997,2056,2036,2077
2041,2049,2050,2001,1993,2100,2025,2076
2052,2046,2053,2002,1990,2097,2050,2077
2052,2054,2060,2013,1994,2059,2038,2086
2057,2051,2065,2030,1983,2055,2058,2087
2060,2066,2074,2050,2033,2071,2068,2091
2059,2067,2079,2065,2068,2081,2071,2093
2061,2066,2073,2068,2064,2090,2073,2070
2053,2056,2059,2053,2024,2128,2065,2048
2044,2046,2046,2033,1952,2123,2070,2031
2039,2042,2044,2020,1923,2083,2050,2023
2033,2035,2031,1999,1909,2069,2041,2005
2034,2034,2030,1982,1890,1999,1995,2013
2049,2050,2045,1990,1905,1924,2013,2041
2069,2069,2078,2030,1974,1920,2034,2059
2077,2066,2075,2037,2062,1960,2041,2054
2064,2051,2062,2034,2080,2019,2037,2037
2052,2043,2053,2030,2072,2054,2061,2032
2058,2054,2050,2031,2072,2070,2068,2032
2061,2044,2041,2016,2058,2073,2057,2021
2040,2036,2029,2008,2054,2059,2064,2017
2041,2036,2029,2027,2075,2057,2066,2018
2033,2034,2022,2037,2115,2061,2057,2028
2031,2033,2028,2036,2105,2049,2055,2034
2034,2035,2035,2039,2077,2033,2028,2036
2046,2041,2044,2044,2066,2033,2036,2043
2048,2047,2047,2042,2047,2022,2026,2056
2051,2049,2043,2050,2064,2020,2037,2063
2054,2045,2058,2057,2062,2027,2032,2064
2051,2038,2061,2055,2070,2041,2039,2067
2047,2044,2061,2057,2134,2061,2054,2082
2048,2042,2066,2058,2165,2064,2057,2080
2045,2033,2059,2064,2164,2060,2050,2069
2022,2024,2050,2051,2092,2047,2039,2069
2027,2031,2053,2052,2029,2042,2064,2074
2032,2041,2054,2059,2052,2058,2054,2072
2033,2041,2052,2075,2058,2069,2044,2067
2041,2049,2051,2071,2060,2074,2044,2066
2046,2045,2046,2062,2055,2076,2068,2064
2046,2050,2042,2052,2056,2067,2067,2059
2042,2048,2030,2045,2045,2065,2064,2047
2052,2052,2028,2038,2035,2062,2046,2054
2056,2056,2028,2041,2045,2049,2036,2039
2060,2052,2033,2040,2043,2043,2049,2036
2063,2057,2039,2044,2043,2050,2054,2031
2045,2048,2025,2036,2042,2052,2057,2026
2041,2040,2024,2033,2039,2031,2048,2017
2046,2041,2023,2024,2021,2022,2055,2020
2054,2040,2020,2015,2016,2020,2039,2022
2053,2037,2016,2012,2022,2029,2036,2020
2048,2033,2012,2020,2085,2039,2025,2019
2054,2039,2020,2036,2125,2061,2042,2024
2060,2045,2026,2042,2134,2083,2036,2024
2058,2050,2030,2055,2160,2073,2036,2010
2042,2051,2036,2059,2169,2080,2052,2017
2039,2042,2046,2061,2157,2112,2057,2036
2044,2035,2047,2067,2135,2077,2048,2034
2043,2036,2044,2052,2085,2010,2032,2033
2042,2034,2033,2040,2001,1972,2026,2035
2037,2034,2040,2025,1970,1991,2009,2044
2042,2035,2043,2031,1991,2037,2020,2055
2049,2040,2055,2050,2016,2066,2023,2062
2050,2051,2054,2041,1991,2076,2022,2066
2041,2044,2039,2037,2013,2088,2037,2072
2038,2038,2039,2033,2036,2094,2040,2074
2037,2035,2032,2034,2025,2082,2047,2073
2038,2036,2030,2022,2002,2052,2054,2070
2033,2036,2029,2027,2001,2044,2045,2078
2036,2043,2035,2042,2012,2071,2053,2074
2033,2044,2039,2032,1984,2093,2054,2060
2041,2050,2034,2014,1926,2082,2040,2055
2053,2045,2037,2005,1885,2027,2020,2043
2048,2033,2024,1997,1877,1967,2018,2032
2040,2020,2006,1990,1903,1935,2010,2032
2041,2021,2014,2022,2007,1998,2033,2038
2048,2036,2035,2053,2078,2103,2052,2039
2043,2049,2039,2054,2072,2149,2047,2043
2052,2060,2041,2052,2052,2109,2049,2043
2063,2054,2041,2046,2018,1981,2029,2032
2060,2045,2042,2035,1985,1948,2028,2027
2050,2035,2037,2029,1982,1986,2036,2024
2050,2039,2033,2026,1985,2014,2027,2022
2052,2046,2033,2036,1997,2023,2029,2024
2046,2037,2025,2030,2020,2047,2047,2027
2043,2036,2030,2042,2059,2082,2077,2029
2052,2051,2036,2057,2065,2092,2069,2032
2051,2047,2038,2050,2067,2090,2043,2029
2052,2046,2036,2046,2074,2089,2058,2030
2059,2055,2055,2063,2099,2109,2061,2036
2063,2060,2056,2067,2084,2120,2079,2044
2066,2053,2058,2060,2061,2078,2063,2047
2063,2049,2053,2051,2041,2018,2051,2055
2057,2043,2037,2047,2033,2000,2054,2051
2047,2037,2031,2048,2032,2008,2047,2046
2049,2034,2032,2052,2036,2040,2055,2042
2041,2040,2039,2058,2049,2047,2041,2043
2036,2050,2046,2061,2051,2021,2033,2058
2041,2053,2037,2056,2046,2031,2025,2068
2047,2050,2040,2059,2049,2032,2047,2070
2046,2052,2037,2055,2049,2016,2019,2075
2043,2048,2035,2047,2044,1994,2016,2080
2048,2044,2044,2047,2038,2003,2049,2087
2060,2055,2043,2049,2028,2016,2053,2088
2070,2062,2043,2043,2019,2006,2044,2088
2064,2058,2039,2038,2019,2002,2038,2073
2056,2051,2028,2046,2019,1992,2040,2066
2054,2052,2030,2045,2030,1993,2047,2056
2053,2050,2029,2047,2026,1991,2047,2043
2051,2040,2026,2043,2035,1970,2040,2049
2050,2044,2029,2043,2033,1969,2045,2042
2046,2050,2034,2049,2039,1990,2054,2036
2050,2050,2037,2064,2047,2025,2056,2039
2052,2051,2041,2060,2036,2036,2043,2037
2056,2055,2037,2054,2027,2045,2049,2035
2056,2049,2040,2048,2029,2061,2040,2029
2060,2051,2043,2049,2028,2098,2028,2026
2055,2049,2034,2044,2027,2101,2014,2021
2052,2040,2042,2043,2037,2105,2021,2020
2067,2052,2057,2048,2050,2112,2032,2030
2065,2058,2061,2050,2039,2108,2048,2031
2065,2059,2069,2050,2033,2070,2028,2032
2073,2060,2072,2047,2032,2014,2055,2041
2070,2061,2075,2039,2027,2019,2026,2044
2071,2050,2072,2039,2029,2028,2031,2057
2056,2043,2068,2039,2024,2035,2018,2059
2055,2053,2067,2048,2027,2038,2042,2039
2040,2054,2068,2054,2028,2033,2049,2035
2034,2052,2067,2050,2023,2032,2054,2045
2050,2047,2057,2041,2038,2017,2039,2057
2038,2041,2044,2042,2058,2009,2030,2072
2037,2036,2050,2047,2065,2010,2039,2078
2046,2051,2053,2054,2064,2025,2024,2078
2054,2052,2055,2053,2066,2037,2031,2075
2044,2041,2046,2055,2061,2031,2023,2069
2041,2031,2034,2052,2053,2016,2026,2067
2043,2034,2037,2053,2048,2016,2033,2076
2046,2032,2036,2049,2045,2000,2036,2088
2050,2037,2037,2045,2025,1979,2018,2088
2044,2035,2039,2047,2013,1981,2015,2079
2048,2041,2039,2054,2020,1995,2000,2075
2060,2046,2050,2070,2006,2029,2024,2058
2054,2039,2054,2081,2035,2043,2028,2040
2048,2039,2048,2084,2032,2076,2037,2047
2062,2039,2051,2081,2030,2108,2054,2046
2057,2045,2046,2079,2024,2153,2041,2041
2059,2046,2044,2076,2007,2128,2059,2029
2050,2046,2024,2058,1988,2104,2064,2006
2035,2031,2007,2044,1969,2095,2044,1990
2032,2026,1996,2026,1949,2080,2046,1987
2026,2015,1993,2028,1981,2072,2028,1976
2025,1998,1983,2018,2004,2046,2029,1986
2023,1993,1979,2019,2018,2016,2042,2000
2042,2012,1996,2035,2054,2047,2060,2017
2058,2031,2008,2045,2068,2078,2066,2028
2059,2038,2010,2036,2066,2093,2073,2031
2047,2023,1990,2015,2045,2085,2048,2033
2042,2029,1980,1999,2019,2063,2051,2029
2051,2038,1987,1993,2041,2042,2046,2034
2054,2038,1992,1985,2048,2003,2046,2042
2048,2033,2004,1972,2044,2000,2029,2043
2050,2043,2016,1987,2065,2020,2042,2061
2052,2038,2008,1990,2066,2035,2042,2070
2047,2022,2002,1992,2061,2037,2053,2072
2038,2030,2023,2006,2054,2045,2052,2080
2047,2033,2042,2029,2055,2042,2041,2089
2048,2035,2063,2038,2054,2041,2035,2085
2053,2042,2074,2050,2054,2042,2027,2079
2045,2044,2082,2064,2056,2042,2020,2073
2048,2048,2096,2082,2048,2048,2033,2087
2058,2044,2099,2081,2056,2056,2048,2088
2060,2045,2103,2084,2057,2060,2047,2086
2049,2053,2111,2094,2063,2068,2054,2074
2047,2057,2115,2097,2065,2072,2059,2060
2040,2055,2103,2093,2060,2074,2059,2044
2037,2046,2088,2087,2053,2074,2058,2042
2039,2047,2076,2083,2056,2070,2052,2035
2043,2045,2062,2078,2058,2070,2038,2036
2050,2040,2053,2065,2056,2071,2042,2040
2053,2040,2053,2058,2049,2064,2044,2034
2052,2046,2045,2050,2050,2052,2040,2024
2036,2041,2044,2043,2046,2046,2041,2022
2046,2039,2048,2038,2044,2036,2040,2029
2049,2039,2048,2017,2024,2047,2019,2023
2042,2025,2037,2002,2012,2049,2002,2027
2044,2033,2055,2007,2018,2023,2010,2042
2062,2061,2082,2019,2023,2003,2002,2038
2083,2071,2086,2017,2029,2008,2014,2037
2074,2071,2081,2016,2040,2023,2017,2031
2054,2063,2072,2011,2040,2030,2053,2037
2049,2064,2069,2017,2044,2037,2045,2033
2050,2073,2073,2020,2045,2050,2058,2044
2047,2075,2070,2024,2056,2058,2055,2063
2062,2084,2070,2023,2065,2051,2068,2075
2073,2086,2076,2033,2060,2050,2050,2087
2067,2078,2070,2034,2056,2052,2052,2088
2060,2067,2060,2033,2060,2047,2044,2085
2056,2063,2061,2040,2057,2049,2044,2083
2054,2061,2064,2040,2054,2044,2050,2088
2046,2060,2063,2038,2057,2028,2029,2086
2041,2058,2057,2036,2055,2006,2000,2087
2033,2043,2054,2031,2040,2004,2032,2095
2038,2053,2049,2037,2045,2026,2044,2094
2055,2058,2060,2041,2050,2042,2063,2091
2049,2057,2059,2038,2045,2039,2046,2077
2038,2045,2051,2031,2033,2042,2054,2069
2039,2046,2054,2033,2032,2050,2059,2074
2038,2051,2053,2037,2033,2059,2032,2063
2048,2062,2060,2040,2029,2057,2049,2064
2055,2067,2072,2039,2028,2052,2036,2065
2055,2071,2073,2042,2026,2047,2042,2051
2055,2065,2071,2040,2006,2036,2026,2044
2056,2067,2064,2042,1998,2032,2050,2039
2052,2056,2059,2038,1996,2033,2058,2036
2042,2046,2052,2029,1992,2031,2060,2033
2047,2042,2049,2031,1989,2032,2066,2035
2046,2040,2043,2035,2008,2036,2054,2027
2038,2023,2031,2029,2023,2029,2047,2025
2040,2022,2027,2025,2019,2038,2034,2028
2045,2031,2028,2027,2020,2032,2026,2022
2037,2025,2012,2027,2013,2024,2034,2019
2036,2025,2002,2020,2026,2025,2028,2030
2052,2016,2000,2030,2065,2032,2046,2035
2057,2016,2008,2050,2114,2044,2041,2031
2054,2012,2013,2052,2154,2055,2034,2034
2044,2018,2018,2062,2172,2064,2045,2036
2042,2030,2022,2075,2176,2075,2054,2047
2040,2044,2026,2085,2188,2087,2064,2053
2027,2044,2029,2089,2152,2086,2059,2058
2018,2034,2006,2074,2129,2091,2034,2057
2015,2018,1990,2072,2097,2108,2047,2066
2028,2026,2001,2075,2017,2106,2023,2065
2039,2039,2004,2048,1903,2042,2010,2070
2043,2040,2000,2040,1941,2016,2012,2065
2041,2026,2003,2061,2004,2006,2033,2080
2042,2035,2025,2090,2040,2009,2072,2093
2050,2032,2037,2097,2072,2023,2053,2080
2043,2027,2043,2071,2054,2014,2050,2073
2043,2029,2041,2062,2049,2017,2048,2074
2050,2043,2056,2061,2067,2039,2074,2069
2058,2059,2070,2068,2077,2047,2067,2075
2067,2050,2063,2053,2062,2036,2050,2059
2052,2037,2053,2040,2036,2033,2052,2037
2043,2033,2049,2018,2011,2050,2067,2038
2051,2041,2059,2008,1977,2043,2057,2035
2058,2053,2063,1989,1946,2038,2046,2032
2055,2059,2076,1979,1935,2050,2046,2030
2041,2054,2085,1994,1949,2034,2038,2044
2052,2061,2096,2018,1981,1998,2056,2053
2052,2068,2093,2035,2012,2008,2071,2055
2049,2056,2079,2019,2009,2033,2067,2045
2042,2058,2079,2026,2023,2067,2099,2042
2059,2086,2099,2043,2057,2076,2090,2050
2075,2104,2106,2055,2085,2071,2074,2043
2075,2094,2106,2065,2118,2078,2051,2040
2071,2094,2110,2066,2113,2090,2062,2037
2059,2094,2102,2065,2096,2085,2059,2033
2051,2089,2094,2060,2082,2049,2043,2041
2051,2082,2083,2062,2072,2035,2046,2048
2048,2078,2082,2059,2073,2060,2074,2060
2056,2074,2078,2055,2058,2071,2073,2079
2061,2072,2068,2048,2023,2047,2074,2079
2060,2064,2064,2039,1993,2022,2067,2074
2053,2058,2064,2034,1965,2012,2041,2075
2044,2056,2062,2019,1936,2006,2036,2077
2032,2046,2042,2006,1930,2010,2041,2069
2032,2034,2036,2007,1956,2034,2045,2063
2034,2030,2041,2036,2024,2074,2070,2074
2043,2038,2057,2058,2064,2102,2081,2093
2053,2049,2062,2064,2086,2111,2094,2108
2067,2044,2053,2063,2100,2113,2085,2102
2068,2041,2047,2055,2089,2096,2090,2077
2040,2031,2044,2043,2060,2063,2074,2044
2028,2020,2036,2036,2035,2054,2053,2033
2027,2022,2024,2034,2030,2049,2058,2038
2032,2031,2030,2038,2040,2058,2060,2039
2028,2050,2036,2054,2044,2057,2064,2027
2030,2062,2035,2064,2071,2083,2066,2028
2039,2076,2029,2064,2084,2115,2073,2042
2038,2052,2022,2062,2109,2135,2078,2050
2043,2047,2018,2053,2108,2146,2064,2057
2051,2045,2009,2051,2099,2178,2060,2040
2036,2040,2008,2044,2093,2178,2043,2027
2034,2026,2002,2031,2015,2076,2020,2022
2032,2021,2001,2025,1922,1930,2010,2008
2027,2019,2006,2038,1947,1949,2017,2007
2033,2027,2016,2047,2012,2041,2035,2028
2049,2041,2029,2062,2063,2102,2063,2034
2057,2050,2038,2070,2076,2112,2060,2029
2055,2054,2039,2073,2075,2050,2050,2034
2048,2040,2035,2064,2057,2006,2042,2034
2043,2045,2032,2060,2046,1991,2040,2042
2054,2050,2031,2070,2048,1969,2049,2064
2060,2060,2035,2083,2059,1954,2034,2082
2062,2063,2025,2080,2056,1964,2057,2087
2059,2051,2013,2069,2044,1979,2062,2084
2045,2033,1993,2042,2042,2010,2055,2080
2038,2025,1975,2023,2039,2049,2064,2078
2031,2017,1967,2017,2046,2064,2061,2080
2030,2018,1970,2017,2045,2067,2066,2089
2041,2024,1994,2042,2038,2065,2062,2090
2045,2063,2062,2074,2035,2056,2037,2078
2044,2077,2109,2090,2036,2054,2047,2073
2048,2084,2126,2097,2039,2057,2030,2074
2051,2081,2123,2098,2044,2049,2060,2072
2054,2082,2109,2095,2049,2045,2068,2075
2056,2071,2078,2095,2039,2030,2056,2061
2049,2062,2060,2091,2030,2011,2061,2057
2046,2058,2044,2089,2031,2012,2065,2054
2043,2055,2023,2099,2038,2027,2041,2045
2050,2053,2004,2092,2038,2037,2055,2042
2046,2044,1992,2090,2037,2053,2056,2026
2039,2036,1981,2076,2036,2059,2056,2028
2044,2036,1980,2066,2036,2061,2056,2018
2044,2036,1992,2041,2030,2048,2052,2028
2035,2028,1992,2016,2026,2039,2044,2025
2035,2023,1992,2008,2030,2040,2053,2022
2045,2028,1979,2011,2051,2050,2056,2021
2047,2035,1986,2016,2056,2059,2056,2025
2042,2027,1984,2014,2062,2060,2064,2034
2050,2030,2001,2028,2069,2063,2066,2032
2052,2026,2015,2041,2065,2056,2068,2040
2043,2028,2024,2059,2069,2054,2064,2042
2049,2030,2044,2064,2070,2052,2062,2055
2056,2037,2058,2069,2066,2064,2072,2059
2044,2036,2066,2065,2062,2054,2061,2057
2037,2032,2064,2068,2062,2055,2063,2068
2036,2037,2070,2077,2069,2059,2063,2076
2038,2037,2065,2077,2071,2057,2063,2085
2032,2033,2057,2076,2057,2051,2050,2089
2033,2021,2043,2060,2039,2042,2040,2091
2016,2009,2040,2038,2017,2026,2050,2093
2013,2009,2063,2026,2006,2020,2043,2090
2023,2031,2111,2016,1997,2021,2044,2088
2032,2051,2139,2026,1993,2021,2022,2091
2039,2062,2154,2030,1999,2018,2026,2088
2050,2074,2182,2048,2020,2034,2040,2093
2071,2115,2206,2055,2051,2058,2055,2094
2085,2125,2172,2043,2054,2068,2054,2091
2080,2100,2112,2055,2068,2067,2070,2077
2073,2082,2066,2066,2069,2069,2042,2064
2062,2069,2021,2084,2070,2067,2044,2058
2056,2061,1993,2096,2062,2068,2055,2053
2055,2050,1974,2100,2065,2063,2050,2049
2066,2053,1959,2109,2068,2062,2049,2045
2065,2052,1937,2097,2062,2055,2037,2040
2058,2050,1937,2087,2049,2044,2019,2032
2060,2043,1924,2065,2040,2033,2033,2017
2042,2034,1929,2050,2027,2024,2030,2016
2049,2033,1951,2028,2021,2029,2041,2022
2048,2032,1973,2014,2023,2023,2038,2021
2039,2029,1996,2003,2010,2017,2029,2026
2034,2042,2029,2000,2015,2019,2028,2031
2034,2053,2056,1993,2022,2025,2012,2030
2050,2067,2100,2010,2025,2034,2042,2051
2053,2072,2144,2018,2030,2037,2052,2053
2046,2073,2140,2009,2030,2032,2056,2066
2051,2074,2137,2007,2033,2034,2052,2073
2051,2077,2152,2011,2039,2058,2045,2072
2054,2082,2157,2023,2053,2078,2062,2087
2064,2103,2167,2034,2060,2087,2070,2094
2062,2103,2155,2034,2057,2089,2061,2107
2058,2102,2155,2047,2061,2066,2069,2119
2057,2085,2141,2042,2052,2031,2055,2118
2053,2060,2108,2026,2050,2033,2059,2118
2060,2074,2097,2038,2061,2052,2063,2120
2074,2085,2092,2031,2064,2052,2052,2110
2069,2072,2085,2036,2053,2046,2057,2100
2060,2060,2071,2044,2045,2047,2054,2081
2058,2055,2062,2053,2051,2045,2035,2069
2054,2054,2055,2073,2050,2047,2036,2062
2058,2065,2053,2087,2038,2038,2024,2070
2056,2058,2063,2101,2042,2033,2044,2067
2049,2059,2052,2104,2044,2041,2028,2059
2052,2046,2040,2101,2053,2041,2050,2048
2041,2045,2025,2100,2064,2054,2068,2035
2039,2041,2011,2096,2066,2057,2060,2023
2037,2032,1988,2089,2059,2050,2035,2017
2032,2029,1987,2077,2056,2052,2035,2023
2037,2030,1991,2064,2049,2049,2028,2027
2037,2020,1988,2051,2054,2043,2036,2028
2036,2025,2016,2050,2050,2039,2048,2035
2045,2037,2045,2053,2046,2031,2037,2034
2050,2049,2072,2052,2036,2022,2046,2040
2047,2060,2102,2049,2041,2025,2060,2041
2056,2071,2108,2037,2037,2029,2061,2045
2055,2051,2108,2022,2051,2041,2069,2049
2056,2051,2107,2017,2049,2041,2070,2052
2051,2050,2111,2010,2046,2050,2078,2063
2055,2060,2111,2012,2054,2046,2078,2067
2056,2060,2102,2015,2053,2049,2068,2081
2058,2060,2093,2020,2042,2043,2072,2088
2055,2051,2086,2028,2034,2031,2064,2092
2057,2058,2072,2039,2036,2030,2067,2085
2068,2080,2089,2060,2042,2044,2072,2091
2065,2078,2088,2066,2047,2042,2050,2087
2061,2072,2068,2072,2046,2032,2041,2088
2050,2060,2070,2076,2042,2031,2036,2098
2053,2055,2064,2081,2044,2033,2028,2100
2047,2059,2059,2079,2051,2043,2041,2094
2053,2065,2064,2091,2058,2053,2052,2085
2053,2065,2068,2096,2055,2060,2054,2080
2061,2067,2069,2096,2056,2056,2049,2075
2072,2080,2087,2106,2058,2051,2058,2063
2065,2071,2096,2101,2051,2051,2051,2042
2053,2057,2093,2090,2041,2035,2045,2045
2049,2049,2084,2085,2043,2020,2042,2040
2038,2048,2089,2079,2040,2007,2029,2029
2022,2048,2087,2064,2047,2012,2040,2033
2032,2053,2070,2045,2042,2032,2037,2040
2057,2053,2061,2023,2034,2039,2046,2033
2056,2048,2049,2009,2024,2027,2051,2027
2055,2044,2056,2007,2017,2020,2042,2026
2050,2074,2114,2042,2039,2027,2071,2035
2066,2105,2138,2061,2048,2039,2060,2035
2066,2100,2137,2061,2051,2034,2062,2045
2081,2093,2119,2063,2047,2031,2060,2048
2074,2084,2096,2056,2053,2038,2042,2050
2071,2086,2083,2057,2065,2058,2041,2039
2062,2076,2061,2058,2065,2098,2060,2032
2046,2058,2050,2064,2070,2118,2053,2027
2026,2043,2036,2073,2064,2111,2048,2033
2017,2038,2026,2066,2066,2090,2045,2055
2028,2044,2012,2057,2071,2082,2064,2072
2046,2040,1986,2064,2085,2077,2054,2083
2053,2043,1962,2056,2083,2077,2047,2087
2045,2037,1928,2040,2073,2071,2050,2079
2026,2030,1908,2036,2067,2068,2046,2070
2021,2017,1890,2034,2058,2057,2045,2076
2024,2010,1896,2042,2058,2054,2039,2088
2039,2031,1902,2060,2059,2055,2050,2078
2044,2039,1912,2063,2054,2049,2047,2087
2054,2043,1930,2067,2055,2046,2050,2073
2049,2033,1963,2055,2038,2041,2045,2072
2041,2034,1989,2034,2010,2035,2051,2058
2028,2015,2005,2016,1983,2024,2046,2042
2015,2006,1999,2007,1971,2018,2029,2033
2011,2006,2023,2016,1980,2032,2010,2031
2024,2039,2079,2053,1990,2010,2038,2052
2048,2083,2150,2087,1987,1985,2043,2063
2068,2098,2170,2091,1973,1979,2033,2052
2054,2074,2149,2071,1966,1989,2033,2038
2049,2080,2169,2089,2042,2045,2058,2043
2083,2120,2216,2134,2117,2073,2069,2050
2086,2121,2211,2135,2131,2065,2061,2042
2078,2109,2175,2099,2122,2066,2065,2042
2078,2105,2141,2095,2135,2075,2056,2040
2072,2094,2107,2068,2106,2082,2056,2019
2053,2074,2085,2032,2072,2076,2036,2015
2035,2058,2061,1997,2036,2067,2039,2019
2033,2050,2057,1990,2022,2056,2035,2022
2039,2055,2068,2007,2033,2047,2044,2036
2048,2063,2089,2025,2035,2018,2038,2050
2050,2064,2105,2041,2020,2011,2038,2048
2041,2064,2101,2034,1991,2010,2024,2057
2047,2062,2103,2024,1960,1994,2030,2063
2050,2064,2109,2025,1955,1986,2018,2070
2052,2063,2107,2023,1953,2003,2010,2068
2042,2055,2102,2018,1977,2039,2022,2073
2048,2060,2101,2034,2012,2071,2037,2083
2045,2046,2073,2037,2034,2056,2042,2084
2046,2045,2071,2070,2101,2038,2075,2109
2060,2068,2082,2092,2167,2086,2099,2104
2057,2067,2073,2086,2154,2101,2087,2098
2061,2067,2063,2074,2125,2104,2064,2102
2062,2065,2051,2063,2098,2084,2067,2086
2065,2063,2037,2062,2078,2086,2050,2076
2059,2050,2024,2054,2066,2091,2022,2054
2051,2040,2008,2052,2045,2093,2041,2049
2051,2042,2001,2040,2049,2105,2074,2050
2060,2042,1992,2047,2058,2091,2069,2055
2071,2049,2005,2072,2085,2040,2066,2066
2071,2049,2001,2069,2098,2040,2061,2047
2065,2040,1992,2059,2078,2047,2037,2025
2052,2044,1993,2053,2047,2064,2044,2023
2054,2052,2002,2063,2035,2066,2047,2019
2052,2035,1994,2057,2025,2060,2030,2016
2050,2024,1986,2061,2018,2030,2037,2018
2037,2017,1984,2069,2020,1987,2019,2027
2046,2023,1998,2070,2030,1957,2049,2032
2049,2034,2030,2070,2053,1983,2069,2034
2065,2064,2101,2091,2067,2021,2058,2044
2078,2096,2156,2102,2081,2046,2052,2048
2070,2095,2150,2086,2070,2051,2041,2051
2053,2071,2128,2077,2061,2051,2044,2045
2040,2058,2100,2038,2045,2043,2042,2051
2044,2051,2086,2034,2044,2059,2048,2064
2053,2073,2094,2035,2041,2070,2055,2075
2055,2084,2108,2037,2052,2082,2068,2083
2041,2075,2107,2047,2043,2080,2072,2091
2046,2071,2110,2057,2050,2074,2086,2094
2056,2079,2119,2065,2065,2048,2085,2117
2071,2075,2101,2056,2060,2026,2078,2103
2059,2053,2082,2047,2054,2031,2070,2106
2050,2056,2080,2049,2045,2036,2042,2107
2039,2055,2066,2039,2045,2035,2029,2100
2036,2057,2069,2033,2040,2037,2034,2089
2045,2061,2066,2029,2036,2047,2044,2081
2048,2054,2058,2008,1991,2092,2028,2059
2036,2052,2051,1981,1928,2099,2012,2042
2038,2056,2041,1968,1892,2089,2017,2046
2052,2054,2023,1968,1888,2062,2025,2033
2060,2054,2022,1982,1911,1970,2018,2046
2059,2054,2028,2004,2004,1953,2029,2054
2052,2051,2020,2020,2076,1995,2041,2053
2057,2049,2032,2031,2115,2052,2058,2054
2061,2059,2044,2041,2122,2094,2057,2056
2061,2057,2039,2036,2098,2092,2059,2047
2064,2050,2028,2031,2082,2057,2051,2030
2061,2043,2035,2044,2073,2042,2050,2023
2064,2052,2038,2065,2079,2051,2053,2029
2063,2051,2033,2066,2062,2052,2054,2031
2049,2049,2035,2049,2051,2041,2053,2036
2049,2047,2030,2045,2050,2006,2044,2031
2050,2047,2044,2046,2049,2006,2054,2038
2048,2038,2050,2051,2050,2027,2074,2052
2048,2042,2046,2053,2047,2038,2074,2059
2059,2046,2060,2066,2045,2037,2074,2066
2056,2054,2068,2081,2035,2026,2059,2070
2052,2062,2075,2090,2040,2028,2052,2077
2073,2071,2069,2108,2056,2040,2055,2089
2077,2064,2045,2100,2051,2039,2070,2090
2075,2051,2024,2073,2040,2045,2067,2099
2064,2040,1991,2054,2027,2040,2068,2088
2047,2025,1973,2028,2015,2042,2056,2075
2041,2032,1986,2037,2037,2005,2047,2089
2046,2060,2024,2052,2040,1965,2018,2103
2056,2077,2034,2051,2038,1970,2032,2090
2046,2077,2056,2047,2049,2002,2042,2081
2050,2072,2058,2037,2070,2048,2058,2078
2048,2068,2051,2021,2083,2068,2063,2057
2045,2062,2068,2018,2069,2070,2074,2047
2047,2065,2101,2036,2061,2081,2067,2050
2045,2064,2109,2035,2055,2090,2058,2046
2050,2063,2099,2032,2064,2116,2071,2052
2054,2066,2096,2038,2069,2118,2081,2058
2058,2070,2094,2042,2071,2093,2085,2062
2056,2062,2085,2054,2058,2013,2079,2059
2059,2050,2059,2036,2032,1960,2083,2051
2051,2035,2041,2027,2029,1970,2086,2043
2050,2035,2031,2034,2025,1986,2065,2018
2031,2024,2017,2029,2021,1997,2054,2027
2029,2023,2030,2041,2044,2024,2049,2036
2032,2044,2056,2052,2057,2045,2067,2044
2045,2066,2070,2058,2052,2067,2063,2040
2031,2054,2058,2055,2033,2092,2040,2039
2035,2051,2050,2036,1991,2120,2062,2024
2045,2050,2055,2036,1959,2157,2054,2019
2041,2047,2051,2025,1908,2166,2043,2015
2035,2035,2045,2014,1885,2150,2053,2018
2036,2047,2053,2029,1925,2074,2060,2034
2044,2050,2059,2043,1989,1954,2049,2041
2038,2048,2050,2032,2011,1920,2033,2042
2031,2044,2050,2053,2066,1997,2048,2057
2043,2055,2075,2099,2134,2047,2077,2078
2050,2071,2075,2106,2177,2085,2094,2094
2047,2053,2060,2083,2170,2078,2080,2096
2039,2029,2036,2060,2102,2035,2065,2105
2038,2026,2022,2049,2091,2034,2066,2115
2050,2037,2026,2045,2056,2038,2064,2115
2051,2030,2025,2029,1939,2040,2049,2103
2054,2032,2036,2042,1906,2060,2045,2095
2060,2038,2042,2070,1947,2058,2039,2105
2072,2045,2037,2084,1972,2024,2028,2077
2066,2034,2026,2082,1992,1995,2023,2062
2050,2023,2026,2077,2010,1999,2020,2053
2049,2022,2018,2062,1999,2057,2030,2045
2040,2032,2031,2064,1988,2096,2030,2035
2033,2036,2049,2079,2030,2107,2040,2028
2026,2035,2053,2086,2043,2099,2037,2025
2027,2029,2051,2096,2047,2050,2033,2028
2036,2028,2049,2109,2100,1985,2042,2042
2049,2037,2045,2116,2134,2002,2055,2037
2042,2024,2028,2102,2128,2037,2054,2032
2043,2025,2017,2091,2119,2065,2070,2034
2039,2031,2010,2080,2112,2060,2061,2027
2041,2036,2006,2071,2107,2044,2046,2030
2048,2034,1997,2079,2099,2049,2057,2032
2051,2038,1992,2091,2092,2050,2036,2039
2051,2046,1989,2083,2082,2044,2036,2048
2061,2040,1978,2054,2054,2031,2050,2056
2060,2032,1980,1994,2024,2020,2038,2059
2055,2028,2010,1948,2008,2018,2052,2077
2060,2031,2028,1926,2003,2023,2042,2079
2064,2036,2052,1930,2006,2031,2045,2096
2060,2044,2079,1957,2031,2042,2051,2106
2059,2050,2096,1996,2042,2047,2046,2110
2048,2054,2105,2010,2048,2051,2050,2099
2026,2056,2103,2023,2036,2043,2038,2088
2048,2066,2102,2031,2013,2046,2050,2091
2063,2068,2108,2044,2016,2053,2061,2105
2068,2069,2092,2049,2056,2043,2066,2097
2074,2069,2084,2040,2076,2027,2032,2094
2059,2061,2077,2043,2053,2011,2023,2086
2048,2060,2070,2033,2030,2007,2040,2078
2037,2059,2067,2028,2037,2022,2056,2064
2041,2059,2060,2020,2035,2031,2065,2061
2048,2053,2061,2027,2027,2031,2069,2065
2044,2056,2056,2027,2016,2027,2062,2065
2047,2050,2056,2032,2021,2031,2072,2063
2049,2050,2053,2027,2020,2026,2084,2052
2044,2044,2054,2030,2026,2036,2102,2055
2046,2044,2062,2040,2025,2038,2103,2059
2059,2053,2064,2032,2020,2037,2093,2050
2061,2046,2054,2033,2019,2029,2096,2043
2046,2039,2039,2031,2018,2027,2098,2034
2044,2036,2039,2041,2040,2041,2129,2038
2048,2042,2052,2056,2053,2051,2147,2046
2050,2043,2058,2058,2062,2050,2146,2053
2042,2041,2051,2056,2044,2040,2123,2057
2046,2038,2050,2052,2034,2034,2039,2046
2048,2043,2049,2049,2028,2023,1978,2038
2044,2047,2049,2053,2026,2013,1954,2044
2042,2039,2039,2044,2012,2009,1885,2039
2034,2040,2040,2041,2005,2024,1940,2047
2041,2044,2058,2045,2012,2042,1995,2060
2049,2049,2055,2049,2020,2053,2027,2069
2045,2035,2045,2042,2028,2043,2021,2080
2042,2031,2044,2040,2033,2019,2027,2099
2044,2036,2044,2053,2063,2043,2053,2106
2050,2037,2050,2061,2102,2064,2051,2100
2041,2023,2036,2052,2085,2068,2045,2105
2047,2023,2031,2041,2073,2069,2047,2121
2055,2032,2036,2048,2063,2058,2049,2111
2051,2030,2026,2047,2054,2030,2040,2087
2037,2038,2022,2057,2041,2007,2033,2072
2014,2032,2026,2060,2047,1996,2030,2067
2026,2031,2025,2060,2037,1999,2040,2071
2042,2027,2016,2057,2035,2011,2036,2063
2050,2026,2005,2062,2045,2015,2047,2051
2059,2044,2009,2080,2055,2019,2042,2046
2064,2045,1999,2076,2048,2026,2030,2041
2065,2035,1986,2059,2035,2020,2034,2024
2054,2015,1966,2047,2039,2019,2040,2023
2049,1996,1961,2049,2042,2036,2035,2022
2035,1999,1968,2056,2051,2078,2049,2023
2028,2021,1990,2068,2053,2125,2056,2025
2016,2022,1995,2058,2006,2113,2037,2025
2018,2017,1995,2030,1984,2092,2027,2028
2019,2012,1994,2004,1973,2076,2023,2038
2024,2017,1997,1985,1961,2040,2033,2046
2039,2037,2026,1994,1999,2026,2046,2056
2059,2067,2076,2021,2062,2030,2061,2060
2067,2082,2114,2039,2074,2046,2085,2063
2065,2099,2134,2050,2084,2064,2069,2073
2062,2097,2135,2054,2080,2067,2068,2076
2066,2091,2125,2053,2064,2068,2065,2079
2060,2090,2117,2054,2055,2061,2055,2092
2065,2086,2116,2058,2057,2064,2060,2094
2059,2084,2112,2068,2061,2065,2072,2104
2069,2081,2095,2058,2059,2072,2088,2112
2066,2082,2093,2057,2058,2075,2051,2106
2059,2072,2080,2057,2057,2081,2050,2109
2053,2061,2074,2045,2039,2072,2030,2088
2044,2055,2069,2038,2019,2057,2030,2086
2043,2058,2071,2043,2010,2016,2018,2103
2056,2063,2073,2048,2006,1975,2011,2096
2048,2064,2070,2044,2008,1984,2013,2082
2051,2061,2069,2050,2039,2020,2030,2087
2053,2072,2073,2069,2074,2067,2064,2082
2061,2065,2061,2067,2085,2076,2049,2073
2054,2056,2053,2066,2089,2081,2048,2066
2058,2055,2048,2061,2077,2067,2058,2068
2058,2058,2060,2058,2072,2040,2053,2073
2063,2061,2068,2063,2072,2032,2041,2067
2064,2057,2054,2069,2073,2021,2041,2064
2057,2056,2041,2063,2069,2019,2011,2059
2057,2056,2038,2070,2067,2024,2019,2040
2047,2047,2027,2068,2067,2028,2034,2022
2031,2029,2017,2055,2055,2018,2025,2001
2027,2021,2019,2063,2054,2033,2042,2014
2036,2032,2024,2069,2069,2053,2066,2029
2045,2030,2024,2073,2066,2047,2063,2025
2053,2040,2029,2083,2060,2039,2055,2030
2050,2045,2034,2080,2059,2061,2057,2046
2062,2041,2034,2086,2059,2077,2072,2055
2058,2044,2036,2088,2072,2085,2085,2043
2047,2031,2029,2080,2063,2076,2085,2028
2034,2030,2020,2074,2047,2059,2090,2042
2044,2042,2015,2067,2051,2072,2082,2053
2034,2036,2008,2054,2042,2093,2083,2062
2043,2038,2017,2039,1996,2089,2076,2072
2044,2034,2031,2020,1954,2081,2079,2074
2045,2039,2038,2014,1917,2061,2067,2069
2043,2036,2043,2013,1901,2001,2059,2085
2043,2034,2045,2025,1932,1931,2064,2102
2038,2027,2052,2033,2012,1980,2082,2101
2041,2035,2051,2027,2049,2027,2076,2102
2048,2041,2059,2039,2088,2036,2063,2092
2043,2046,2062,2044,2085,2038,2050,2091
2042,2042,2061,2046,2081,2038,2063,2080
2031,2039,2058,2045,2070,2044,2057,2064
2024,2040,2051,2047,2065,2053,2045,2058
2032,2039,2046,2045,2067,2056,2051,2055
2043,2041,2055,2049,2076,2065,2048,2048
2044,2040,2060,2046,2080,2081,2046,2041
2036,2038,2042,2034,2059,2080,2034,2036
2033,2037,2034,2032,2012,2063,2022,2026
2032,2040,2038,2041,1987,2070,2035,2016
2037,2048,2057,2046,2000,2106,2044,2020
2035,2063,2088,2066,2024,2134,2073,2023
2046,2066,2091,2064,2011,2126,2073,2029
2040,2060,2076,2053,2012,2074,2062,2035
2049,2056,2068,2055,2009,2001,2073,2050
2056,2061,2064,2062,2032,1950,2085,2056
2060,2050,2062,2067,2071,1988,2094,2051
2061,2052,2059,2072,2077,2030,2092,2042
2056,2056,2049,2050,2050,2044,2071,2041
2053,2050,2043,2051,2085,2053,2076,2050
2053,2059,2044,2042,2077,2043,2074,2055
2048,2056,2034,2031,2069,2050,2078,2062
2050,2046,2018,2046,2076,2057,2074,2067
2051,2040,2024,2059,2080,2062,2060,2069
2044,2043,2038,2077,2076,2066,2050,2076
2049,2045,2045,2081,2066,2065,2069,2084
2047,2043,2049,2076,2057,2055,2060,2080
2042,2044,2050,2075,2056,2044,2048,2089
2047,2034,2043,2063,2029,2030,2047,2073
2038,2029,2028,2046,1998,2016,2041,2079
2038,2024,2016,2049,1990,2026,2047,2087
2037,2028,2017,2048,2008,2031,2052,2083
2032,2022,2005,2035,2020,2046,2051,2079
2036,2024,2012,2058,2078,2083,2064,2070
2041,2028,2030,2082,2108,2113,2079,2066
2040,2027,2027,2087,2109,2114,2075,2050
2032,2024,2003,2087,2114,2106,2055,2044
2034,2022,2000,2082,2104,2088,2081,2039
2035,2026,2001,2073,2069,2089,2078,2028
2026,2026,2004,2072,2039,2082,2066,2026
2023,2021,2006,2067,2019,2061,2047,2011
2032,2033,2029,2069,2012,2056,2037,2016
2034,2049,2043,2067,2013,2029,2047,2032
2045,2055,2067,2069,2031,2006,2073,2035
2052,2057,2070,2075,2061,2014,2070,2030
2051,2062,2089,2076,2069,2001,2069,2036
2044,2063,2084,2054,2055,1980,2070,2035
2048,2049,2063,2032,2038,1940,2033,2027
2044,2043,2043,2012,2026,1945,2027,2023
2040,2047,2046,2012,2042,2008,2034,2030
2044,2053,2051,2025,2060,2049,2060,2039
2052,2064,2066,2033,2066,2096,2069,2047
2051,2067,2068,2047,2072,2125,2075,2050
2052,2074,2081,2064,2080,2145,2072,2057
2053,2071,2073,2061,2076,2175,2082,2063
2054,2070,2066,2047,2059,2185,2073,2068
2054,2068,2057,2044,2048,2105,2048,2072
2048,2064,2052,2038,2016,2016,2036,2065
2038,2055,2045,2029,2002,2016,2032,2074
2045,2049,2042,2040,2018,2001,2054,2091
2044,2046,2033,2041,2037,2007,2054,2091
2035,2031,2020,2039,2035,2029,2060,2084
2031,2038,2027,2040,2003,2031,2054,2087
2041,2033,2023,2033,1997,2023,2042,2073
2027,2019,2012,2032,2008,2038,2041,2070
2026,2015,2001,2034,2025,2046,2045,2063
2036,2010,1985,2045,2043,2052,2050,2056
2026,1996,1974,2052,2054,2068,2049,2048
2030,2007,1993,2061,2071,2067,2047,2036
2029,1999,1986,2051,2057,2058,2026,2027
2032,2001,1984,2048,2055,2046,2027,2025
2040,2018,2013,2070,2095,2034,2020,2013
2047,2044,2040,2096,2119,2013,2019,2015
2049,2061,2037,2106,2124,2017,2046,2028
2062,2074,2031,2110,2128,2022,2049,2025
2060,2070,2017,2111,2125,2026,2052,2016
2060,2065,2014,2097,2111,2021,2059,2024
2052,2069,2013,2092,2097,2024,2065,2019
2046,2077,2030,2092,2087,2030,2054,2020
2061,2081,2039,2059,2041,2024,2063,2023
2056,2074,2043,2039,1946,1994,2050,2026
2056,2066,2055,2019,1878,1954,2047,2034
2061,2070,2083,2026,1919,1957,2030,2036
2069,2076,2101,2026,1938,1972,2023,2039
2055,2063,2081,2007,1944,1980,2021,2030
2042,2051,2064,2005,1957,2014,2040,2035
2025,2045,2069,2015,1990,2041,2031,2038
2034,2050,2086,2032,2018,2064,2039,2052
2042,2065,2106,2044,2029,2078,2050,2067
2041,2066,2118,2051,2028,2084,2035,2071
2046,2077,2119,2058,2045,2090,2055,2080
2051,2092,2117,2068,2064,2093,2062,2084
2050,2091,2112,2066,2057,2080,2035,2079
2059,2076,2090,2053,2036,2072,2042,2086
2049,2071,2088,2055,2036,2059,2018,2083
2062,2078,2092,2057,2050,2047,2049,2080
2063,2083,2093,2064,2056,2050,2058,2084
2068,2088,2083,2069,2044,2050,2064,2079
2065,2076,2074,2057,2042,2045,2033,2075
2069,2074,2063,2050,2012,2044,2053,2076
2066,2069,2057,2052,2004,2050,2044,2060
2062,2056,2052,2048,2012,2058,2044,2051
2044,2045,2058,2061,2011,2060,2052,2034
2040,2046,2062,2058,1997,2062,2045,2028
2036,2057,2071,2050,1982,2049,2033,2026
2035,2057,2067,2049,1979,2033,2017,2022
2038,2056,2058,2044,1970,2016,2015,2013
2036,2047,2057,2050,1989,2006,2025,2024
2052,2065,2060,2072,2033,2023,2052,2032
2059,2050,2039,2078,2064,2046,2054,2030
2056,2041,2039,2071,2076,2060,2070,2025
2067,2046,2051,2074,2083,2063,2053,2017
2056,2058,2071,2077,2070,2060,2058,2024
2059,2064,2075,2064,2040,2060,2057,2029
2049,2052,2059,2038,2005,2040,2042,2032
2045,2048,2050,2024,1989,2015,2030,2026
2036,2047,2059,2019,1993,2007,2027,2030
2027,2053,2066,2034,2063,2036,2036,2043
2046,2061,2066,2039,2097,2052,2042,2052
2047,2066,2058,2041,2074,2045,2053,2070
2058,2056,2053,2027,2045,2029,2055,2064
2051,2049,2044,2030,2053,2023,2037,2070
2038,2048,2054,2047,2067,2030,2039,2081
2041,2047,2061,2065,2090,2030,2032,2082
2032,2043,2052,2074,2094,2037,2043,2070
2020,2024,2031,2068,2086,2063,2057,2074
2030,2028,2040,2080,2096,2100,2042,2073
2036,2041,2040,2082,2096,2104,2058,2070
2051,2043,2044,2084,2089,2090,2040,2070
2046,2056,2050,2084,2080,2068,2032,2061
2038,2051,2046,2086,2077,2068,2036,2053
2036,2041,2043,2082,2077,2062,2038,2051
2042,2040,2035,2081,2075,2062,2042,2044
2046,2045,2032,2077,2077,2046,2040,2047
2058,2044,2020,2064,2068,2030,2047,2038
2060,2036,2007,2047,2055,2022,2040,2031
2041,2032,1995,2025,2036,2018,2029,2022
2044,2042,2007,2023,1997,2017,2056,2020
2042,2056,2019,2022,2007,2025,2064,2024
2023,2057,2032,2020,2033,2035,2064,2027
2029,2054,2037,2028,2019,2039,2049,2026
2041,2054,2044,2011,2006,2048,2068,2028
2045,2052,2041,2020,2008,2019,2054,2040
2054,2060,2055,2028,2013,2004,2035,2033
2054,2062,2056,2025,2033,2006,2031,2035
2059,2071,2078,2039,2049,2028,2013,2030
2051,2069,2082,2053,2057,2060,2011,2028
2044,2067,2071,2053,2063,2073,2050,2024
2044,2061,2064,2056,2062,2088,2065,2034
2051,2060,2062,2054,2064,2088,2077,2049
2049,2067,2062,2054,2057,2077,2066,2052
2052,2059,2054,2049,2052,2070,2073,2056
2048,2046,2052,2046,2049,2077,2087,2057
2046,2054,2056,2054,2054,2071,2072,2064
2044,2048,2052,2046,2028,2046,2078,2073
2044,2051,2049,2028,1998,2035,2079,2074
2045,2050,2049,2016,1983,2041,2078,2075
2047,2038,2040,2011,1973,2047,2050,2069
2037,2037,2030,2008,1970,2044,2037,2067
2036,2038,2031,2011,1991,2061,2040,2074
2048,2047,2046,2037,2040,2081,2040,2074
2053,2052,2053,2059,2062,2090,2038,2067
2047,2050,2045,2046,2043,2087,2016,2050
2038,2043,2026,2035,2020,2081,2023,2044
2042,2041,2027,2027,1994,2070,2018,2038
2041,2038,2020,2024,1987,2047,2038,2031
2042,2039,2026,2036,2023,2013,2032,2032
2050,2055,2042,2053,2080,2021,2052,2029
2054,2061,2042,2056,2097,2046,2057,2030
2048,2055,2043,2055,2090,2073,2058,2022
2053,2057,2032,2045,2083,2072,2065,2014
2045,2051,2027,2037,2071,2072,2061,2018
2039,2046,2015,2031,2056,2067,2063,2012
2040,2032,2004,2023,2043,2064,2058,2009
2039,2027,2003,2026,2042,2063,2055,2011
2034,2043,2033,2038,2045,2061,2061,2016
2038,2048,2040,2032,2050,2049,2060,2028
2039,2044,2039,2031,2047,2051,2052,2024
2039,2056,2056,2035,2027,2068,2066,2021
2044,2067,2067,2034,1995,2067,2055,2032
2051,2060,2049,2026,1978,2054,2050,2037
2046,2047,2034,2027,1972,2033,2024,2027
2036,2041,2025,2028,2004,1994,2037,2033
2031,2031,2040,2059,2076,1994,2053,2050
2035,2031,2040,2071,2121,2038,2068,2061
2044,2033,2042,2078,2132,2073,2064,2080
2060,2040,2043,2078,2136,2072,2053,2074
2055,2040,2046,2075,2100,2072,2043,2060
2049,2031,2025,2059,2070,2086,2050,2066
2037,2013,2027,2048,2053,2096,2049,2071
2032,2018,2041,2058,2056,2109,2044,2079
2043,2058,2079,2075,2064,2113,2062,2076
2057,2079,2100,2087,2079,2085,2061,2064
2057,2082,2085,2086,2076,2071,2041,2058
2051,2066,2066,2071,2057,2012,2013,2055
2041,2060,2069,2060,2028,1991,2021,2048
2035,2058,2061,2049,2011,1999,2029,2039
2035,2059,2059,2047,2000,2025,2025,2032
2035,2055,2066,2049,2005,2013,2033,2028
2040,2060,2063,2058,2032,1988,2034,2031
2045,2054,2070,2064,2074,1996,2050,2034
2057,2056,2079,2059,2080,2021,2043,2033
2055,2058,2076,2061,2057,2042,2029,2029
2056,2056,2070,2054,2028,2029,2042,2025
2046,2052,2052,2038,2007,2026,2010,2014
2042,2033,2042,2034,2025,2035,2011,2010
2037,2033,2049,2055,2046,2047,2002,2014
2046,2038,2052,2061,2041,2034,2008,2017
2050,2047,2061,2067,2033,2042,2025,2017
2053,2045,2059,2063,2029,2062,2036,2015
2045,2046,2061,2058,2039,2056,2056,2019
2041,2054,2073,2073,2080,2047,2063,2028
2044,2059,2081,2081,2102,2047,2068,2034
2043,2050,2082,2077,2085,2042,2067,2040
2046,2050,2074,2059,2071,2041,2065,2038
2043,2044,2067,2037,2040,2047,2047,2041
2034,2038,2056,2020,2020,2072,2048,2035
2026,2024,2043,2019,2020,2100,2070,2048
2032,2029,2053,2038,2018,2114,2074,2057
2037,2033,2051,2048,2034,2088,2041,2074
2042,2044,2057,2067,2070,2024,2052,2092
2054,2046,2076,2091,2098,1986,2042,2093
2052,2051,2085,2108,2099,1992,2032,2091
2052,2051,2077,2107,2091,2024,2035,2087
2050,2044,2069,2098,2071,2056,2068,2086
2064,2056,2072,2098,2068,2078,2066,2083
2059,2064,2075,2096,2070,2080,2077,2077
2056,2057,2058,2075,2041,2055,2057,2059
2035,2032,2037,2052,2032,2045,2053,2036
2028,2033,2038,2060,2072,2062,2058,2027
2034,2044,2052,2075,2082,2084,2065,2028
2041,2053,2050,2061,2080,2091,2054,2030
2044,2052,2049,2058,2076,2104,2064,2027
2033,2041,2038,2037,2072,2111,2062,2022
2030,2027,2009,2008,2057,2111,2064,2022
2023,2014,1985,1982,2037,2089,2064,2014
2020,2011,1982,1976,2030,2058,2064,2002
2015,2005,1986,1977,2029,2015,2050,1995
2020,2013,1996,1980,2033,2000,2040,1999
2024,2028,2022,1987,2031,2015,2046,2010
2030,2032,2038,2005,2032,2019,2042,2005
2038,2040,2034,2003,2015,2013,2038,2017
2041,2034,2022,1999,1998,2011,2062,2019
2037,2034,2036,2012,2012,2004,2052,2026
2042,2047,2049,2018,2018,2004,2046,2026
2038,2057,2067,2038,2046,2011,2046,2028
2044,2060,2064,2049,2080,2007,2063,2041
2040,2056,2057,2062,2102,2028,2076,2055
2032,2047,2048,2073,2104,2061,2068,2062
2035,2046,2053,2079,2094,2066,2083,2068
2046,2047,2061,2070,2086,2069,2077,2073
2045,2038,2064,2066,2075,2059,2076,2079
2045,2040,2062,2070,2066,2051,2060,2091
2041,2044,2060,2066,2058,2036,2055,2092
2045,2057,2068,2062,2056,2027,2043,2092
2053,2075,2068,2063,2042,2032,2050,2087
2054,2065,2058,2053,2040,2034,2021,2073
2052,2068,2062,2056,2057,2006,1980,2075
2058,2075,2062,2061,2061,1999,1987,2073
2062,2074,2068,2061,2056,1993,2002,2068
2062,2075,2060,2041,2051,2027,2012,2046
2061,2059,2041,2027,2053,2064,2025,2039
2057,2054,2040,2028,2063,2091,2036,2029
2059,2061,2048,2031,2079,2100,2043,2031
2066,2070,2048,2032,2079,2096,2033,2034
2059,2065,2048,2037,2075,2081,2032,2030
2050,2058,2039,2035,2063,2070,2026,2023
2055,2055,2026,2031,2054,2079,2020,2016
2047,2048,2022,2034,2065,2091,2042,2016
2046,2047,2028,2031,2075,2107,2049,2018
2050,2041,2020,2035,2076,2132,2064,2019
2051,2043,2026,2035,2074,2159,2044,2022
2047,2043,2032,2037,2069,2151,2044,2028
2046,2051,2039,2037,2053,2074,2043,2027
2053,2058,2050,2045,2050,1955,2047,2026
2052,2060,2057,2040,2053,1949,2032,2035
2065,2062,2054,2042,2055,2011,2034,2045
2057,2053,2058,2046,2052,2050,2043,2041
2054,2053,2050,2042,2029,2087,2036,2041
2041,2043,2048,2026,2004,2065,2036,2043
2048,2040,2035,2029,1987,2044,2039,2046
2042,2035,2036,2018,1980,2031,2007,2053
2040,2036,2030,2018,2000,1995,2035,2066
2037,2039,2032,2037,2062,2019,2035,2072
2032,2033,2029,2041,2066,2052,2038,2069
2021,2023,2024,2028,2058,2077,2007,2072
2030,2028,2032,2028,2043,2063,2015,2076
2046,2051,2039,2036,2033,2023,2024,2077
2054,2057,2045,2048,2069,2005,2047,2083
2053,2056,2051,2060,2105,2022,2045,2071
2042,2056,2053,2063,2110,2042,2049,2062
2042,2046,2060,2061,2093,2056,2045,2054
2047,2034,2066,2055,2073,2045,2024,2048
2051,2035,2072,2052,2036,2047,2054,2043
2056,2029,2074,2059,2040,2053,2051,2031
2046,2043,2072,2062,2051,2054,2036,2015
2039,2040,2073,2069,2053,2048,2044,2010
2034,2046,2057,2072,2060,2044,2034,2013
2044,2048,2060,2071,2056,2044,2037,2019
2054,2055,2062,2076,2065,2042,2044,2022
2058,2056,2057,2075,2066,2027,2039,2014
2053,2051,2053,2067,2053,2017,2040,2023
2047,2050,2048,2069,2053,2016,2047,2028
2051,2061,2064,2074,2062,2019,2051,2031
2048,2063,2069,2066,2057,2021,2045,2024
2042,2050,2056,2045,2059,2020,2053,2022
2042,2045,2051,2028,2053,2010,2062,2030
2047,2051,2054,2025,2065,2009,2050,2031
2051,2059,2058,2032,2068,2013,2058,2035
2056,2061,2056,2033,2061,2012,2052,2041
2060,2059,2060,2027,2066,2004,2050,2044
2060,2058,2058,2032,2064,2019,2044,2060
2054,2054,2056,2027,2055,2056,2052,2066
2046,2049,2059,2023,2052,2062,2059,2066
2049,2052,2057,2029,2049,2060,2066,2070
2048,2046,2045,2020,2040,2049,2055,2080
2056,2042,2043,2023,2033,2034,2040,2079
2050,2034,2035,2022,2033,2030,2036,2075
2052,2030,2032,2020,2026,2037,2024,2072
2039,2036,2043,2026,2034,2040,2031,2072
2052,2052,2054,2039,2037,2049,2035,2072
2058,2055,2055,2036,2033,2047,2032,2067
2050,2058,2058,2037,2030,2053,2037,2066
2050,2050,2044,2030,2032,2079,2023,2056
2045,2050,2043,2028,2028,2109,2043,2049
2041,2045,2041,2026,2031,2117,2051,2039
2048,2045,2035,2024,2023,2103,2066,2039
2041,2036,2032,2026,2027,2067,2052,2035
2038,2033,2033,2037,2033,2023,2032,2027
2031,2036,2042,2045,2038,2030,2039,2022
2045,2054,2063,2052,2043,2048,2034,2022
2064,2057,2074,2052,2044,2057,2048,2026
2066,2059,2068,2051,2035,2047,2048,2018
2054,2044,2057,2040,2031,2052,2048,2021
2056,2042,2053,2045,2039,2058,2043,2021
2058,2055,2062,2052,2048,2055,2051,2020
2062,2052,2061,2050,2088,2056,2043,2019
2056,2041,2052,2048,2105,2050,2024,2021
2047,2037,2053,2049,2117,2045,2019,2020
2034,2043,2055,2051,2125,2046,2026,2019
2046,2050,2058,2057,2139,2047,2039,2040
2049,2057,2061,2061,2139,2052,2041,2039
2042,2052,2050,2070,2138,2059,2038,2044
2044,2058,2058,2080,2138,2068,2046,2057
2053,2065,2065,2075,2113,2063,2056,2065
2050,2062,2057,2066,2040,2051,2060,2079
2047,2054,2059,2053,1904,2052,2052,2077
2044,2046,2059,2038,1883,2045,2051,2067
2032,2032,2049,2025,1900,2047,2037,2056
2022,2021,2033,2016,1907,2035,2042,2062
2025,2019,2034,2025,1942,2016,2053,2072
2037,2034,2038,2039,1982,2005,2047,2074
2033,2026,2034,2035,2014,2033,2023,2059
2035,2040,2043,2062,2072,2068,2046,2066
2058,2061,2067,2088,2110,2086,2060,2068
2060,2066,2065,2077,2099,2087,2058,2059
2063,2052,2044,2053,2075,2089,2059,2056
2056,2037,2025,2039,2064,2082,2063,2047
2057,2032,2022,2037,2067,2068,2057,2040
2058,2026,2014,2025,2067,2056,2024,2036
2047,2024,2016,2015,2046,2044,2017,2012
2046,2035,2024,2012,2019,2052,2026,2004
2043,2042,2027,2018,2014,2069,2041,2010
2051,2049,2034,2015,2018,2062,2049,2020
2063,2050,2046,2021,2017,2030,2034,2011
2050,2041,2049,2038,2028,2007,2019,2010
2039,2049,2065,2060,2047,2020,2047,2016
2040,2067,2073,2067,2052,2040,2055,2008
2042,2069,2069,2060,2051,2059,2053,2012
2038,2067,2066,2054,2054,2065,2054,2015
2049,2061,2063,2047,2044,2064,2056,2017
2047,2062,2068,2058,2063,2074,2056,2027
2053,2068,2067,2066,2086,2078,2049,2035
2052,2059,2064,2058,2092,2076,2049,2040
2053,2064,2060,2060,2094,2079,2065,2044
2057,2060,2052,2059,2095,2073,2047,2054
2048,2060,2049,2055,2098,2076,2042,2057
2057,2055,2039,2051,2081,2089,2057,2070
2047,2048,2041,2052,2082,2097,2053,2080
2043,2048,2037,2052,2084,2100,2051,2080
2046,2047,2037,2050,2058,2084,2050,2074
2041,2035,2043,2051,2033,2053,2030,2088
2041,2047,2062,2057,1999,2072,2052,2084
2051,2052,2061,2038,1951,2072,2056,2071
2051,2046,2057,2027,1898,2035,2024,2058
2046,2045,2043,2006,1857,1994,2015,2049
2043,2042,2046,2001,1859,1929,2013,2064
2046,2040,2040,2005,1927,1906,2007,2060
2052,2050,2047,2037,2017,1971,2033,2061
2058,2062,2058,2065,2080,2016,2035,2056
2060,2062,2056,2071,2106,2049,2050,2037
2055,2064,2038,2059,2125,2082,2052,2022
2053,2059,2016,2052,2125,2078,2046,2019
2048,2048,2010,2062,2130,2073,2038,2009
2047,2049,2014,2072,2161,2075,2044,2012
2048,2046,2014,2069,2156,2070,2045,2008
2042,2032,2013,2080,2148,2068,2035,2000
2035,2026,2022,2090,2179,2078,2028,2002
2037,2029,2040,2101,2177,2084,2029,2007
2042,2042,2047,2094,2108,2068,2033,2010
2038,2050,2057,2076,2035,2062,2046,2010
2040,2047,2064,2060,2014,2047,2042,2008
2045,2055,2072,2052,2015,2034,2040,2020
2057,2060,2080,2033,2019,2036,2043,2029
2047,2053,2075,2026,2043,2058,2041,2020
2044,2046,2060,2033,2036,2060,2032,2024
2045,2044,2055,2035,2003,2051,2034,2035
2043,2050,2057,2040,1984,2039,2038,2053
2055,2061,2064,2054,2026,1996,2052,2065
2060,2063,2071,2080,2093,2020,2060,2078
2058,2058,2074,2091,2119,2047,2061,2071
2049,2054,2071,2085,2121,2081,2044,2068
2038,2050,2061,2072,2092,2082,2033,2059
2027,2034,2047,2056,2039,2063,2025,2062
2029,2030,2046,2058,2068,2070,2028,2056
2032,2034,2047,2057,2087,2057,2043,2060
2041,2034,2063,2075,2131,2043,2056,2069
2056,2057,2077,2103,2183,2059,2065,2072
2053,2056,2060,2097,2163,2064,2055,2064
2047,2046,2040,2085,2160,2095,2060,2057
2052,2042,2028,2077,2151,2105,2052,2044
2050,2035,2024,2065,2081,2084,2041,2034
2043,2031,2016,2035,1971,2094,2041,2024
2035,2025,2017,2038,1926,2143,2054,2027
2041,2034,2032,2039,1931,2159,2042,2026
2050,2045,2035,2045,2024,2177,2047,2026
2045,2048,2023,2034,2070,2168,2069,2034
2047,2051,2015,2018,2086,2129,2072,2041
2065,2075,2045,2033,2131,2084,2057,2036
2062,2074,2041,2011,2060,1980,2025,2009
2044,2057,2031,1975,1992,1954,2040,2021
2061,2066,2045,1998,2043,1999,2064,2031
2061,2061,2055,2010,2066,2023,2064,2032
2056,2055,2058,2005,2028,2028,2051,2024
2049,2039,2054,1985,1928,2014,2033,2017
2042,2038,2050,1950,1799,2014,2027,2015
2037,2037,2044,1927,1687,2012,2022,2015
2033,2033,2039,1933,1669,1974,2025,2022
2039,2033,2049,1961,1674,1913,2030,2042
2051,2041,2066,2003,1814,1910,2039,2060
2052,2042,2083,2073,2061,1960,2052,2060
2055,2041,2075,2108,2208,2035,2057,2063
2036,2035,2069,2137,2249,2094,2066,2072
2035,2044,2069,2142,2202,2077,2060,2065
2044,2046,2062,2109,2135,2044,2007,2057
2024,2021,2039,2077,2084,2012,1986,2039
2006,2010,2027,2091,2175,2019,2005,2043
2022,2036,2063,2140,2266,2054,2026,2064
2049,2057,2086,2156,2297,2083,2044,2068
2053,2052,2068,2131,2264,2076,2032,2064
2044,2038,2042,2093,2198,2057,2028,2044
2035,2034,2024,2065,2137,2040,2033,2027
2027,2024,2014,2044,2075,2028,2033,2024
2030,2021,2026,2029,2059,2031,2027,2027
2041,2038,2054,2042,2125,2067,2037,2027
2054,2049,2075,2035,2169,2086,2053,2041
2060,2054,2080,2013,2159,2087,2056,2028
2049,2047,2061,1993,2107,2101,2046,2005
2027,2044,2062,2005,2098,2119,2056,2004
2043,2046,2062,2031,2123,2125,2059,2006
2045,2056,2067,2055,2137,2116,2039,2006
2059,2061,2064,2067,2151,2064,2066,2031
2073,2042,2052,2059,2089,2015,2063,2029
2063,2038,2044,2016,1791,1984,2047,2021
2053,2050,2039,1986,1636,1973,2042,2013
2046,2045,2038,1989,1705,1985,2039,2008
2040,2039,2032,2028,1888,2005,2039,2002
2028,2035,2030,2070,2071,2044,2052,2011
2033,2037,2022,2062,2082,2031,2064,2018
2027,2026,2008,2028,1990,1993,2042,2031
2029,2021,1997,2026,2040,1993,2029,2040
2034,2019,1992,2043,2089,2016,2033,2045
2056,2030,2007,2065,2118,2032,2039,2053
2076,2043,2024,2071,2129,2026,2052,2064
2083,2037,2015,2077,2151,2037,2046,2077
2071,2041,2017,2064,2110,2048,2045,2077
2063,2039,2018,2048,2084,2054,2047,2051
2032,2008,2015,2044,2081,2070,2043,2052
2024,2013,2027,2053,2042,2088,2063,2061
2003,2038,2056,2077,2026,2091,2067,2069
2005,2069,2091,2100,2010,2083,2083,2090
2045,2102,2129,2105,1992,2078,2081,2104
2064,2107,2135,2096,1990,2081,2079,2094
2072,2090,2116,2080,2007,2104,2071,2071
2058,2065,2092,2045,1986,2166,2090,2058
2048,2052,2079,2013,1983,2173,2081,2042
2051,2048,2085,1995,2014,2139,2060,2028
2039,2044,2071,1990,2024,2030,2028,2023
2035,2027,2055,1994,1996,1873,2020,2053
2043,2042,2066,2011,2009,1853,2017,2055
2058,2062,2071,2004,2000,1924,2023,2049
2063,2077,2075,2006,2083,2015,2050,2039
2071,2077,2059,2028,2171,2090,2057,2031
2061,2058,2040,2040,2236,2140,2054,2012
2050,2054,2042,2049,2258,2139,2062,2003
2043,2050,2054,2038,2186,2096,2028,2008
2047,2045,2061,2028,2184,2071,2029,2021
2056,2040,2053,2043,2216,2040,2005,2018
2036,2036,2055,2065,2153,2019,2021,2028
2039,2047,2051,2051,1952,2014,2035,2043
2038,2050,2046,2023,1726,2023,2042,2039
2046,2070,2066,2029,1751,2069,2039,2053
2062,2080,2066,2030,1809,2104,2070,2086
2071,2081,2067,2045,1894,2125,2079,2092
2074,2086,2062,2031,1901,2101,2065,2095
2073,2083,2060,2030,1933,2080,2074,2109
2083,2083,2064,2062,2082,2097,2064,2100
2067,2077,2064,2103,2103,2109,2068,2092
2056,2075,2074,2126,2087,2090,2078,2096
2051,2055,2061,2119,2198,2065,2066,2103
2059,2036,2047,2108,2274,2088,2077,2110
2064,2061,2068,2133,2341,2136,2102,2116
2083,2080,2079,2139,2323,2110,2098,2118
2080,2083,2076,2120,2301,2058,2077,2102
2070,2060,2058,2067,2112,1983,2037,2087
2052,2049,2044,2003,1904,1927,2033,2062
2046,2040,2042,2007,1955,1952,2026,2051
2043,2036,2044,1999,1939,1954,2013,2030
2045,2035,2028,1930,1786,1924,1998,2010
2038,2032,2027,1910,1886,1953,2009,2001
2041,2038,2045,1974,2084,2008,2029,2008
2043,2042,2053,2018,2114,2030,2019,2009
2046,2050,2064,2032,2090,2014,2012,2007
2047,2052,2062,2031,2050,2026,2025,2008
2050,2049,2058,2034,1998,2018,1999,2000
2047,2035,2047,2022,1878,2011,2010,1997
2027,2038,2070,2032,1871,2018,2021,1998
2026,2059,2076,2045,1842,1992,2042,2012
2035,2067,2073,2050,1918,2026,2060,2029
2035,2067,2077,2093,2099,2101,2067,2044
2050,2067,2085,2129,2231,2149,2096,2066
2065,2066,2090,2146,2267,2163,2093,2079
2064,2059,2078,2122,2163,2154,2088,2088
2070,2064,2065,2102,2112,2125,2071,2079
2057,2055,2044,2064,2052,2097,2047,2053
2026,2037,2029,2035,2096,2107,2022,2040
2021,2028,2023,2033,2107,2093,2017,2043
2017,2023,2026,2037,2126,2039,2018,2042
2018,2034,2030,2048,2204,2039,2011,2050
2026,2042,2049,2092,2473,2112,2031,2066
2053,2058,2070,2119,2516,2145,2037,2062
2064,2058,2062,2068,2236,2123,2025,2050
2049,2035,2036,1963,1823,2068,2010,2041
2050,2025,2025,1932,1724,2021,1990,2052
2041,2031,2029,1936,1754,1990,1989,2045
2031,2033,2031,1962,1758,1960,2007,2056
2033,2060,2054,1996,1703,1960,2017,2058
2013,2061,2062,2018,1713,2029,2044,2062
2025,2064,2063,2037,1847,2132,2071,2071
2041,2060,2057,2035,1971,2211,2083,2050
2049,2053,2049,2014,2002,2124,2039,2027
2050,2044,2037,1994,1875,1967,2010,2008
2038,2037,2036,2003,1887,1920,2013,2027
2063,2044,2053,2055,2025,1964,2038,2045
2070,2074,2082,2125,2279,2033,2066,2067
2066,2068,2072,2148,2431,2051,2048,2043
2053,2055,2059,2150,2493,2052,2059,2028
2054,2060,2058,2112,2357,1980,2022,2017
2062,2066,2049,2044,2121,1935,2034,2026
2078,2067,2053,2072,2095,1990,2049,2030
2087,2057,2052,2100,2167,2040,2055,2013
2068,2041,2052,2122,2284,2049,2064,2002
2060,2025,2048,2137,2297,2032,2053,2005
2030,2010,2029,2103,2207,2029,2044,2011
2013,2015,2030,2069,2153,2048,2052,2021
2013,2045,2047,2062,2062,2033,2052,2018
2008,2065,2064,2044,1950,2043,2038,2025
2021,2057,2071,2057,2037,2080,2065,2045
2036,2046,2071,2060,2045,2079,2058,2064
2051,2056,2073,2056,2001,2069,2046,2077
2054,2072,2061,2049,2009,2047,2040,2066
2041,2063,2072,2097,2102,2041,2079,2084
2049,2050,2074,2138,2179,2069,2088,2104
2064,2060,2088,2169,2220,2108,2107,2117
2080,2083,2108,2187,2210,2134,2123,2104
2081,2086,2105,2172,2139,2122,2118,2099
2082,2078,2084,2151,2003,2113,2110,2076
2045,2051,2061,2149,2072,2109,2088,2063
2027,2032,2029,2123,2125,2073,2071,2054
2013,2023,2011,2069,2080,2064,2059,2047
2044,2019,1995,2016,2035,2078,2057,2074
2091,2027,1986,1960,1928,2067,2046,2062
2094,2022,1990,1929,2034,2082,2043,2025
2060,2022,1994,1934,2035,2026,2016,2009
2043,2012,2000,1919,1882,1958,2006,2019
2073,2015,2005,1921,1795,1947,2031,2019
2068,2027,2014,1939,1663,1921,2017,2019
2049,2046,2027,1938,1545,1892,1978,2007
2041,2058,2032,1959,1658,1905,1970,1997
2038,2067,2049,1987,1821,1976,1999,1988
2023,2054,2051,2023,2055,2048,2029,2006
2034,2059,2069,2061,2259,2105,2054,2020
2054,2077,2081,2086,2454,2145,2082,2033
2066,2082,2086,2099,2499,2150,2077,2038
2067,2082,2078,2076,2438,2130,2074,2036
2045,2063,2068,2048,2392,2123,2054,2027
2035,2059,2062,2028,2312,2090,2058,2027
2033,2048,2039,2004,2137,2025,2023,2027
2026,2037,2026,1979,1976,1955,2024,2040
2035,2038,2034,1971,1763,1940,2039,2047
2039,2042,2047,2002,1847,1976,2045,2052
2037,2030,2042,2019,1844,1971,2041,2060
2040,2024,2047,2037,1973,2012,2041,2071
2045,2028,2056,2051,2032,2035,2056,2073
2046,2013,2033,2030,1979,2030,2049,2080
2038,1981,2006,2008,1946,2006,2022,2078
2028,1980,2001,1996,1921,1984,1998,2049
2008,1989,2003,2002,1911,1970,2004,2030
2014,2018,2034,2025,1977,1981,2009,2038
2030,2035,2053,2039,2039,2005,2015,2046
2035,2040,2056,2050,2104,2041,2025,2056
2035,2072,2072,2090,2122,2076,2048,2062
2055,2094,2088,2109,2084,2082,2055,2071
2068,2091,2076,2086,2008,2052,2050,2053
2057,2082,2068,2063,1905,2031,2039,2021
2046,2070,2062,2045,1812,2028,2062,2024
2036,2044,2045,1988,1665,1998,2044,2033
2033,2014,2021,1959,1698,1980,2044,2026
2021,2007,2013,2000,1953,2008,2047,2018
2027,2004,2013,2043,2121,2035,2058,2018
2025,2000,2000,2049,2281,2066,2051,2008
2018,1999,2004,2034,2168,2061,2046,2014
2027,2015,2010,1993,1983,2014,2025,2000
2022,2015,2015,1997,2052,2011,2016,1984
2012,2014,2018,2051,2181,2052,2016,1983
2017,2020,2021,2085,2179,2078,2029,1988
2027,2035,2028,2081,2109,2076,2042,2002
2036,2032,2017,2064,2087,2044,2027,2011
2030,2020,2005,2062,2089,2009,2023,2023
2038,2010,1995,2073,2118,2011,2055,2046
2046,2011,2000,2072,2118,2009,2058,2050
2052,2003,1989,2062,2087,1995,2032,2054
2042,2000,1989,2071,2049,1981,1999,2046
2036,2000,2003,2081,2039,1992,2000,2043
2032,2006,2016,2084,2029,2004,2013,2049
2042,2013,2025,2091,2022,2048,2023,2050
2033,2007,2014,2086,2008,2063,2013,2055
2035,2007,2012,2073,1996,2100,2019,2069
2036,2013,2021,2074,2004,2094,2005,2073
2047,2022,2030,2075,2018,2007,2016,2078
2059,2031,2034,2077,2066,2002,2052,2080
2068,2040,2045,2076,2093,2046,2057,2081
2075,2055,2073,2081,2107,2086,2070,2076
2088,2086,2091,2075,2098,2085,2067,2055
2070,2081,2082,2057,2073,2074,2075,2034
2050,2074,2070,2029,2064,2060,2049,2022
2040,2075,2049,2008,2057,2047,2054,2027
2029,2089,2064,2012,2070,2047,2051,2044
2060,2095,2074,2009,2077,2064,2046,2046
2077,2091,2062,2000,2061,2058,2031,2033
2083,2102,2064,1990,2044,2040,2035,2023
2079,2094,2067,1985,2022,2006,2041,2020
2070,2088,2066,1986,2000,1989,2010,1995
2046,2068,2057,1978,1986,2004,2010,1995
2048,2080,2065,2014,2032,2041,2033,2017
2061,2088,2077,2049,2067,2036,2054,2034
2067,2095,2078,2061,2075,2028,2037,2042
2082,2095,2074,2053,2077,2039,2035,2034
2071,2075,2060,2042,2084,2069,2046,2035
2060,2056,2041,2044,2098,2077,2053,2034
2052,2055,2039,2043,2101,2078,2072,2033
2051,2063,2045,2038,2076,2099,2069,2035
2049,2064,2047,2043,2064,2104,2051,2031
2046,2056,2050,2035,2050,2096,2024,2035
2042,2042,2038,2035,2047,2074,2032,2039
2045,2048,2032,2047,2061,2033,2045,2064
2048,2058,2041,2075,2054,2011,2043,2081
2064,2065,2041,2082,2050,2034,2059,2078
2056,2047,2028,2064,2044,2048,2048,2067
2038,2030,2023,2043,2016,2063,2053,2068
2043,2029,2029,2035,2021,2087,2065,2067
2043,2039,2042,2039,2016,2089,2058,2062
2046,2046,2041,2055,2053,2108,2080,2053
2049,2041,2026,2054,2104,2088,2066,2050
2045,2027,2024,2054,2134,2040,2056,2045
2046,2034,2049,2063,2106,2008,2044,2035
2047,2052,2071,2063,2064,2004,2040,2019
2048,2055,2076,2058,2054,2000,2043,2004
2041,2048,2060,2060,2051,2028,2040,1992
2034,2032,2048,2053,2053,2046,2045,1997
2028,2028,2034,2056,2049,2064,2044,1992
2032,2037,2023,2053,2046,2065,2017,1986
2033,2043,2028,2054,2053,2072,2008,1987
2040,2046,2024,2040,2043,2052,2021,1992
2034,2038,2026,2033,2031,2030,2012,1989
2038,2036,2025,2028,2027,2026,2015,1988
2046,2051,2061,2040,2040,2032,2039,1998
2061,2081,2087,2052,2054,2057,2036,2004
2065,2087,2092,2072,2051,2069,2048,2003
2062,2077,2077,2078,2051,2069,2034,2001
2052,2067,2062,2083,2076,2061,2023,1996
2052,2063,2065,2080,2088,2069,2034,2006
2059,2069,2071,2077,2085,2083,2030,2013
2064,2072,2080,2072,2047,2096,2050,2014
2064,2078,2086,2070,2014,2100,2040,2026
2063,2071,2085,2068,2003,2059,2040,2040
2065,2065,2075,2067,1998,2031,2029,2052
2064,2065,2058,2058,1965,2006,2019,2057
2066,2064,2043,2052,1944,2002,2020,2057
2049,2047,2029,2028,1931,2035,2015,2041
2032,2036,2024,2016,1899,2032,1999,2026
2015,2028,2018,2003,1885,2023,2001,2033
2029,2029,2031,2012,1878,1980,2021,2056
2044,2045,2058,2028,1892,1927,2044,2066
2060,2063,2077,2058,1947,1937,2065,2062
2051,2064,2086,2056,1953,1953,2060,2056
2050,2063,2094,2052,1953,1950,2049,2052
2052,2063,2094,2052,1986,1934,2038,2047
2053,2066,2097,2077,2091,1978,2031,2032
2049,2057,2091,2093,2163,2040,2033,2020
2042,2048,2085,2109,2186,2086,2039,2015
2049,2048,2080,2104,2204,2090,2022,2010
2035,2036,2058,2085,2222,2079,2011,2002
2025,2017,2049,2117,2351,2107,2046,2001
2033,2033,2058,2137,2405,2113,2042,1997
2029,2027,2052,2113,2367,2098,2056,1994
2030,2027,2043,2098,2280,2077,2034,1976
2018,2023,2043,2066,2114,2064,2025,1971
2020,2024,2042,2039,2000,2070,2037,1987
2051,2048,2054,2062,2083,2086,2057,2002
2060,2057,2056,2060,2003,2068,2061,2010
2054,2051,2062,2037,1937,2051,2027,2017
2048,2056,2061,2057,2053,2067,2049,2012
2042,2052,2065,2061,2077,2060,2054,2006
2039,2042,2052,2049,2079,2031,2049,2014
2039,2038,2049,2052,2068,2023,2044,2018
2038,2045,2055,2061,2041,2033,2066,2036
2049,2047,2053,2069,2037,2037,2053,2054
2061,2052,2053,2066,2042,2040,2047,2065
2070,2046,2058,2064,2042,2037,2036,2059
2056,2045,2057,2056,2054,2041,2063,2050
2029,2048,2046,2059,2057,2044,2041,2048
2023,2044,2037,2047,2059,2049,2017,2050
2021,2030,2031,2050,2062,2064,2013,2065
2030,2039,2033,2057,2071,2077,2036,2070
2049,2057,2041,2060,2070,2085,2041,2064
2055,2048,2034,2064,2067,2078,2038,2048
2037,2040,2034,2065,2060,2072,2043,2041
2037,2041,2043,2069,2056,2070,2038,2041
2048,2046,2058,2077,2061,2070,2046,2032
2042,2052,2071,2089,2059,2073,2060,2037
2042,2055,2077,2088,2044,2076,2064,2039
2044,2058,2078,2091,2058,2073,2054,2023
2046,2063,2079,2094,2064,2065,2056,2022
2048,2061,2078,2095,2059,2049,2049,2017
2044,2052,2073,2091,2059,2036,2043,2004
2045,2047,2076,2089,2052,2035,2031,1998
2047,2047,2081,2089,2048,2032,2055,2008
2052,2051,2076,2088,2039,2028,2051,2002
2048,2038,2062,2065,2017,2033,2045,2010
2048,2027,2047,2039,1997,2021,2043,2007
2050,2033,2029,2021,2003,2018,2042,2002
2044,2022,2013,2021,2058,2031,2046,2004
2044,2026,2024,2038,2098,2029,2046,2002
2042,2022,2032,2050,2123,2031,2028,1999
2036,2026,2028,2071,2154,2066,2047,2013
2039,2032,2027,2084,2120,2079,2042,2027
2040,2038,2027,2093,2105,2086,2050,2038
2030,2035,2023,2079,2056,2080,2054,2042
2039,2034,2018,2061,1965,2054,2042,2036
2031,2026,2027,2068,2038,2064,2045,2047
2039,2033,2041,2084,2057,2073,2045,2051
2030,2020,2042,2076,2046,2052,2049,2056
2041,2022,2047,2093,2080,2047,2055,2070
2065,2040,2072,2111,2064,2055,2063,2085
2069,2038,2070,2099,2040,2048,2042,2086
2057,2034,2061,2097,2027,2063,2054,2075
2050,2045,2064,2100,2055,2080,2058,2072
2036,2039,2051,2090,2066,2082,2028,2053
2023,2052,2040,2078,2049,2081,2052,2038
2010,2056,2040,2057,1993,2098,2056,2042
2016,2060,2036,2051,2032,2135,2061,2041
2033,2063,2044,2076,2161,2138,2040,2038
2037,2069,2060,2076,2179,2052,2046,2024
2031,2057,2059,2082,2133,1963,2038,2020
2033,2045,2053,2077,2079,1962,2039,2019
2041,2046,2046,2066,2068,2003,2037,2018
2049,2045,2038,2054,2090,2014,2031,2017
2049,2045,2032,2043,2066,1997,2030,2014
2040,2048,2032,2032,1993,1991,2031,1996
2029,2052,2034,2045,1965,2004,2039,1989
2025,2036,2018,2044,2008,2038,2040,1995
2030,2032,2019,2058,2077,2075,2046,1997
2042,2038,2025,2056,2072,2081,2046,1996
2035,2042,2024,2046,2059,2073,2042,2002
2042,2044,2035,2059,2122,2060,2050,2010
2042,2050,2029,2063,2160,2038,2042,2022
2050,2045,2019,2059,2169,2030,2056,2014
2048,2030,1998,2040,2131,2019,2053,2022
2030,2022,1974,2009,2074,2031,2066,2022
2020,2022,1987,2011,2057,2050,2046,2030
2038,2047,2035,2043,2033,2035,2045,2042
2050,2061,2065,2062,1961,2043,2048,2062
2055,2073,2088,2088,2026,2066,2076,2077
2057,2080,2094,2113,2104,2077,2066,2080
2058,2078,2077,2098,2125,2070,2067,2080
2053,2069,2065,2078,2115,2070,2050,2073
2052,2053,2054,2072,2086,2060,2038,2077
2055,2057,2075,2080,2047,2060,2039,2082
2068,2069,2089,2073,2017,2038,2026,2078
2065,2061,2074,2029,1994,2001,2032,2054
2052,2050,2065,2014,1982,1998,2011,2044
2040,2049,2084,2019,1961,2006,2018,2035
2016,2053,2091,2028,1943,2023,2040,2034
2023,2064,2084,2034,1961,2021,2047,2035
2027,2053,2060,2033,1989,2009,2049,2037
2040,2056,2057,2054,2056,2032,2059,2041
2054,2055,2055,2073,2110,2056,2061,2036
2050,2057,2054,2070,2106,2062,2063,2036
2047,2050,2059,2070,2088,2052,2053,2035
2040,2048,2046,2052,2050,2044,2067,2021
2037,2045,2039,2049,2058,2049,2085,2017
2036,2041,2029,2044,2064,2052,2056,2010
2037,2033,2024,2037,2067,2058,2050,2008
2045,2051,2043,2034,2069,2051,2062,2012
2054,2072,2068,2049,2070,2059,2065,2022
2061,2077,2077,2058,2079,2061,2059,2025
2068,2072,2065,2055,2084,2053,2062,2031
2062,2065,2052,2045,2074,2052,2061,2029
2062,2059,2044,2040,2054,2052,2048,2034
2063,2062,2053,2042,2051,2063,2058,2031
2055,2062,2062,2045,2093,2060,2058,2031
2051,2051,2064,2035,2081,2049,2051,2040
2043,2065,2069,2033,2054,2029,2043,2052
2049,2066,2080,2038,2040,2026,2066,2057
2038,2062,2077,2052,2039,2019,2070,2067
2040,2069,2074,2055,2032,2023,2066,2072
2046,2059,2068,2055,2041,2021,2070,2076
2043,2058,2060,2058,2035,2014,2053,2071
2041,2048,2043,2050,2028,2010,2050,2074
2040,2044,2047,2044,2017,2029,2048,2070
2037,2049,2052,2051,2063,2048,2034,2074
2046,2055,2053,2065,2121,2066,2047,2065
2049,2057,2058,2070,2085,2075,2045,2067
2055,2057,2054,2064,2063,2081,2062,2059
2056,2060,2059,2057,2044,2087,2053,2050
2046,2064,2061,2054,2029,2090,2058,2046
2053,2057,2070,2057,2024,2059,2046,2045
2059,2064,2073,2077,2067,2057,2036,2038
2057,2062,2069,2068,2053,2026,2030,2029
2059,2045,2053,2050,2019,2001,2023,2017
2052,2035,2037,2034,1998,2045,2040,2012
2042,2031,2028,2018,1988,2075,2037,2002
2030,2026,2015,2018,2041,2098,2029,1990
2028,2007,2003,1997,2016,2115,2019,1977
2009,1982,1977,1970,1933,2091,2004,1976
2008,1992,1982,1968,1904,2070,2001,1987
2025,2008,1988,1959,1876,2039,2012,1989
2035,2014,1984,1950,1866,1913,1993,2009
2048,2034,2014,2018,2040,1850,2056,2047
2072,2060,2045,2107,2233,1964,2098,2060
2071,2046,2040,2134,2293,2048,2085,2055
2066,2028,2021,2125,2280,2100,2086,2049
2069,2028,2014,2088,2097,2051,2046,2027
2063,2033,2012,2034,1863,1984,2028,2028
2066,2029,2008,2009,1848,1965,2013,2036
2055,2024,2016,2030,1948,1970,2014,2060
2056,2036,2040,2082,2101,2018,2031,2084
2056,2054,2055,2107,2246,2057,2051,2088
2041,2071,2075,2112,2294,2091,2043,2101
2059,2086,2088,2096,2246,2111,2044,2098
2066,2074,2079,2047,2154,2090,2041,2092
2054,2062,2072,2027,2138,2097,2031,2089
2054,2045,2072,2022,2051,2097,2040,2083
2050,2049,2085,2039,1970,2061,2056,2074
2052,2065,2096,2054,1934,2001,2061,2078
2051,2066,2090,2056,1918,1983,2047,2060
2051,2060,2069,2076,1995,2004,2030,2050
2056,2061,2061,2095,2068,2024,2033,2041
2044,2051,2051,2101,2090,2016,2053,2040
2044,2047,2044,2081,2076,2005,2049,2031
2039,2035,2029,2056,2074,2007,2051,2026
2045,2035,2029,2054,2078,2017,2054,2017
2051,2047,2041,2060,2072,2018,2053,2014
2055,2050,2043,2058,2065,2028,2055,2009
2055,2048,2042,2058,2073,2040,2046,2013
2050,2043,2030,2047,2066,2066,2063,2008
2050,2039,2025,2049,2056,2107,2069,2012
2047,2046,2036,2058,2058,2137,2062,2019
2057,2058,2045,2073,2071,2128,2063,2010
2056,2060,2052,2081,2090,2122,2044,2019
2051,2060,2047,2081,2086,2118,2062,2022
2053,2057,2050,2075,2091,2100,2061,2024
2050,2055,2046,2067,2122,2074,2053,2026
2046,2046,2039,2058,2089,2042,2035,2024
2039,2039,2033,2058,2041,2052,2042,2037
2045,2041,2039,2059,2021,2065,2039,2051
2055,2060,2056,2056,2031,2045,2040,2057
2058,2061,2057,2059,2047,2053,2052,2069
2061,2057,2046,2050,2066,2055,2058,2070
2058,2049,2043,2042,2074,2053,2041,2072
2053,2050,2045,2042,2042,2053,2044,2071
2046,2050,2051,2042,2030,2043,2034,2068
2047,2049,2063,2050,2040,2054,2045,2077
2061,2061,2073,2063,2062,2061,2040,2079
2058,2062,2071,2063,2059,2054,2043,2071
2056,2054,2062,2056,2045,2041,2031,2060
2055,2048,2058,2046,2031,2015,2043,2057
2055,2052,2047,2044,2025,2007,2046,2045
2054,2056,2039,2045,2025,2025,2036,2037
2049,2050,2037,2056,2032,2044,2043,2025
2050,2043,2033,2052,2034,2046,2029,2028
2043,2042,2036,2048,2040,2053,2044,2035
2047,2041,2035,2043,2035,2049,2039,2030
2046,2037,2030,2040,2034,2049,2070,2026
2045,2036,2033,2042,2043,2053,2061,2027
2046,2036,2035,2050,2055,2058,2067,2021
2052,2038,2036,2051,2066,2056,2062,2017
2046,2034,2037,2041,2053,2056,2054,2021
2044,2033,2033,2036,2052,2050,2055,2016
2045,2042,2040,2046,2053,2052,2053,2025
2045,2038,2040,2044,2048,2056,2037,2024
2046,2033,2039,2044,2040,2055,2053,2018
2045,2039,2039,2044,2050,2059,2060,2018
2038,2032,2037,2042,2045,2066,2057,2027
2043,2039,2039,2050,2038,2069,2058,2029
2041,2042,2039,2056,2039,2068,2042,2032
2036,2044,2046,2054,2050,2068,2049,2043
2045,2045,2053,2057,2064,2044,2051,2051
2047,2046,2053,2054,2061,2026,2053,2054
2045,2039,2051,2052,2053,2022,2041,2067
2044,2046,2059,2057,2047,2024,2038,2077
2048,2046,2066,2053,2043,2033,2041,2084
2051,2046,2064,2052,2039,2027,2054,2086
2037,2029,2046,2051,2030,2032,2050,2083
2040,2033,2044,2055,2016,2032,2050,2082
2049,2046,2060,2069,2038,2037,2051,2088
2057,2052,2070,2074,2030,2048,2074,2089
2055,2050,2081,2079,2036,2060,2072,2085
2061,2042,2081,2097,2064,2062,2074,2091
2074,2044,2094,2110,2111,2053,2070,2082
2076,2050,2101,2127,2141,2069,2081,2066
2067,2054,2096,2136,2170,2095,2071,2045
2059,2045,2075,2135,2136,2117,2099,2054
2062,2037,2064,2118,2058,2121,2077,2053
2063,2042,2058,2110,2087,2096,2086,2042
2056,2050,2041,2076,1982,2048,2043,2026
2035,2040,2013,2027,1804,2021,2019,2014
2038,2037,1998,2033,1874,2014,2019,2006
2041,2019,1993,2044,2016,2016,2003,2005
2037,1995,1981,2020,2057,2008,1995,2000
2029,1999,2000,2017,2053,2024,2022,2016
2047,2026,2013,2009,2031,2032,2033,2020
2054,2038,2031,2005,2040,2038,2025,2027
2055,2044,2032,2016,2090,2037,2015,2012
2030,2033,2029,2019,2101,2036,2022,2003
2018,2039,2049,2029,2080,2020,2030,2013
2034,2041,2045,2030,2059,2001,2035,2036
2036,2036,2033,2032,2047,1987,2026,2054
2039,2041,2028,2041,2040,1981,2025,2057
2041,2037,2024,2046,2046,2006,2043,2065
2050,2043,2018,2050,2050,2028,2046,2071
2045,2028,2004,2051,2043,2050,2052,2068
2039,2014,1996,2038,2036,2061,2018,2078
2040,2013,1993,2033,2010,2074,2029,2073
2052,2017,1991,2016,1989,2056,2031,2067
2035,2018,1991,2001,1953,2038,2025,2063
2028,2020,1998,1989,1944,2036,2042,2064
2022,2029,2012,1989,1941,2001,2042,2075
2036,2046,2042,2012,1990,1982,2038,2086
2057,2067,2065,2035,2070,2016,2063,2080
2069,2077,2084,2041,2090,2041,2068,2076
2064,2072,2068,2014,2079,2050,2043,2062
2049,2059,2051,2003,2063,2051,2039,2052
2050,2047,2049,2012,2058,2054,2054,2047
2048,2047,2062,2018,2037,2056,2056,2044
2044,2048,2062,2024,2034,2052,2048,2041
2056,2053,2057,2020,2052,2052,2042,2038
2057,2064,2067,2022,2068,2056,2030,2036
2059,2070,2069,2026,2077,2061,2025,2033
2060,2065,2067,2030,2072,2065,2051,2029
2059,2065,2061,2032,2058,2055,2025,2027
2049,2050,2052,2024,2044,2044,2031,2022
2051,2050,2052,2033,2057,2048,2023,2016
2056,2063,2063,2044,2061,2043,2027,2026
2059,2065,2071,2049,2056,2038,2034,2028
2062,2070,2069,2052,2057,2038,2037,2042
2058,2070,2074,2052,2056,2049,2046,2042
2060,2066,2070,2048,2045,2054,2043,2043
2063,2059,2072,2049,2045,2059,2044,2048
2056,2058,2074,2050,2055,2064,2049,2045
2058,2059,2069,2046,2049,2065,2042,2050
2053,2056,2064,2044,2037,2058,2049,2063
2055,2057,2060,2041,2022,2049,2049,2065
2050,2056,2062,2044,2045,2051,2036,2073
2048,2054,2060,2052,2062,2054,2050,2080
2050,2052,2057,2048,2069,2050,2027,2085
2049,2052,2058,2053,2066,2055,2035,2091
2046,2045,2052,2046,2047,2046,2044,2087
2044,2038,2043,2040,2039,2048,2035,2093
2047,2047,2047,2044,2036,2045,2043,2090
2045,2052,2053,2044,2046,2044,2045,2088
2053,2058,2056,2049,2044,2046,2052,2089
2056,2066,2062,2055,2042,2050,2058,2085
2056,2064,2063,2051,2041,2050,2032,2076
2053,2066,2058,2053,2037,2048,2046,2066
2051,2068,2055,2053,2041,2050,2063,2056
2046,2060,2056,2053,2043,2049,2061,2053
2050,2059,2054,2050,2047,2052,2064,2044
2051,2055,2047,2049,2045,2049,2058,2044
2054,2050,2048,2048,2041,2052,2049,2034
2055,2053,2049,2054,2046,2050,2052,2029
2044,2050,2046,2052,2045,2053,2045,2030
2042,2051,2045,2046,2043,2045,2057,2028
2047,2050,2043,2050,2043,2046,2041,2027
2042,2040,2040,2043,2042,2046,2029,2019
2039,2036,2039,2043,2048,2044,2028,2024
2041,2046,2044,2052,2054,2049,2049,2029
2046,2049,2040,2048,2044,2048,2033,2029
2049,2051,2043,2046,2049,2049,2044,2032
2046,2049,2042,2052,2047,2055,2056,2038
2048,2050,2039,2050,2053,2055,2062,2040
2050,2052,2039,2055,2057,2053,2052,2043
2048,2046,2037,2049,2057,2053,2051,2049
2051,2043,2037,2055,2051,2047,2051,2044
2046,2044,2033,2055,2055,2058,2036,2057
2045,2049,2035,2054,2052,2053,2040,2061
2046,2044,2038,2056,2054,2053,2060,2066
2050,2045,2040,2050,2052,2050,2056,2076
2045,2043,2037,2055,2049,2050,2060,2078
2048,2044,2038,2049,2049,2046,2048,2083
2045,2049,2043,2046,2043,2039,2040,2083
2041,2035,2035,2042,2040,2042,2039,2092
2036,2030,2037,2050,2040,2048,2049,2087
2042,2034,2039,2045,2039,2051,2055,2080
2037,2033,2032,2048,1996,2050,2052,2076
2041,2034,2032,2053,2016,2051,2058,2073
2052,2030,2039,2052,2005,2049,2041,2072
2055,2036,2039,2053,1989,2035,2045,2064
2057,2043,2042,2053,1973,2026,2051,2062
2063,2048,2042,2046,1960,2031,2042,2059
2064,2045,2043,2038,1937,2034,2039,2056
2057,2041,2029,2015,1898,2023,2040,2046
2064,2032,2018,1988,1924,2026,2026,2035
2065,2014,2010,2001,2013,2029,2037,2033
2060,2018,2023,2039,2104,2040,2069,2044
2064,2036,2037,2062,2144,2052,2070,2045
2077,2047,2044,2060,2199,2067,2071,2034
2064,2020,2025,2044,2232,2068,2036,2034
2061,2017,2017,2043,2250,2063,2025,2023
2043,2023,2018,2067,2238,2078,2024,2017
2027,2022,2017,2067,2101,2053,2026,2032
2039,2031,2023,2046,1971,2030,2041,2029
2061,2039,2034,2054,1992,2053,2054,2030
2063,2049,2048,2075,2087,2093,2074,2044
2060,2054,2053,2082,2106,2103,2065,2046
2047,2041,2052,2063,2038,2091,2062,2050
2045,2046,2044,2055,2018,2087,2055,2061
2053,2050,2048,2057,2049,2088,2067,2074
2062,2053,2041,2060,2076,2071,2057,2086
2060,2047,2034,2049,2046,2053,2041,2090
2049,2040,2020,2029,1981,1992,2035,2085
2035,2028,2004,2010,1892,1969,2027,2086
2036,2029,2011,2017,1855,2007,2051,2086
2039,2047,2035,2032,1858,2035,2041,2076
2033,2042,2031,2031,1883,2052,2038,2083
2037,2056,2045,2036,1959,2099,2038,2090
2054,2079,2075,2060,1992,2099,2059,2112
2078,2094,2096,2076,2081,2124,2079,2116
2089,2097,2098,2081,2159,2179,2073,2109
2082,2093,2095,2074,2144,2203,2071,2093
2072,2084,2075,2061,2091,2184,2041,2071
2058,2069,2064,2051,2040,2070,2027,2045
2046,2056,2056,2042,2041,1903,2015,2031
2041,2057,2050,2041,2064,1893,2033,2030
2051,2056,2053,2074,2137,1980,2045,2033
