CH1,CH2,CH3,CH4,CH5,CH6,CH7,CH8
2033,2042,2054,1991,2025,2033,2045,2022
2029,2035,2042,2000,2034,2046,2059,2028
2042,2051,2051,2020,2036,2045,2051,2027
2037,2047,2056,2028,2037,2046,2056,2028
2035,2054,2068,2031,2044,2052,2069,2030
2046,2057,2075,2037,2053,2060,2060,2034
2050,2059,2072,2039,2056,2057,2051,2041
2049,2051,2059,2032,2057,2055,2059,2042
2045,2038,2046,2035,2052,2057,2045,2051
2044,2040,2041,2037,2058,2057,2061,2060
2047,2048,2049,2044,2062,2057,2063,2061
2052,2045,2049,2050,2069,2061,2056,2062
2048,2045,2051,2055,2065,2067,2067,2074
2046,2038,2051,2059,2060,2068,2039,2078
2041,2032,2047,2058,2058,2058,2039,2078
2040,2033,2052,2069,2050,2062,2045,2080
2040,2034,2056,2061,2052,2064,2039,2078
2038,2029,2040,2058,2048,2063,2034,2072
2044,2027,2038,2069,2040,2056,2035,2077
2037,2021,2036,2058,2032,2052,2040,2071
2028,2032,2046,2067,2042,2050,2037,2065
2037,2042,2053,2079,2049,2050,2034,2066
2047,2043,2044,2077,2053,2044,2034,2055
2034,2035,2036,2073,2044,2037,2041,2042
2031,2022,2037,2064,2044,2042,2048,2037
2036,2019,2032,2052,2034,2037,2040,2029
2034,2024,2038,2045,2043,2044,2047,2021
2024,2023,2036,2042,2044,2052,2023,2027
2028,2033,2032,2042,2039,2054,2040,2027
2039,2039,2028,2040,2036,2050,2032,2029
2040,2038,2025,2028,2035,2043,2033,2033
2042,2033,2013,2033,2034,2045,2018,2033
2039,2016,2002,2031,2023,2037,2031,2033
2041,2016,2003,2031,2024,2036,2038,2028
2039,2033,2010,2035,2024,2039,2034,2022
2037,2038,2018,2021,2017,2037,2017,2024
2028,2038,2029,2009,2011,2036,2021,2025
2032,2043,2043,2000,2004,2035,2008,2042
2039,2050,2038,2001,2009,2032,2024,2046
2052,2057,2018,1992,2001,2037,2058,2047
2053,2047,2006,1979,2004,2036,2040,2048
2038,2041,2013,1993,2031,2038,2032,2051
2033,2034,2038,2007,2051,2047,2029,2061
2035,2042,2056,2025,2062,2055,2043,2070
2050,2061,2076,2033,2065,2063,2049,2079
2046,2062,2085,2031,2063,2059,2044,2085
2045,2070,2082,2026,2055,2059,2054,2089
2056,2072,2079,2033,2050,2057,2026,2087
2045,2062,2066,2028,2050,2052,2031,2089
2039,2057,2058,2024,2052,2052,2036,2085
2042,2068,2070,2042,2054,2058,2037,2077
2043,2063,2077,2035,2062,2052,2043,2074
2040,2061,2073,2030,2058,2051,2041,2078
2043,2062,2093,2039,2066,2056,2046,2074
2060,2067,2097,2040,2067,2057,2039,2062
2064,2074,2094,2038,2048,2054,2037,2058
2057,2058,2076,2039,2044,2052,2052,2057
2053,2063,2073,2040,2054,2053,2054,2046
2053,2078,2084,2049,2060,2060,2054,2043
2054,2078,2091,2055,2057,2056,2033,2043
2047,2073,2075,2050,2056,2052,2045,2037
2043,2057,2063,2041,2051,2055,2040,2030
2041,2055,2060,2045,2050,2056,2028,2030
2047,2051,2051,2046,2044,2049,2037,2028
2041,2034,2036,2043,2037,2044,2032,2026
2048,2026,2032,2046,2038,2048,2029,2033
2056,2039,2038,2056,2047,2056,2010,2028
2044,2039,2039,2051,2045,2050,2026,2021
2043,2040,2034,2051,2038,2050,2039,2027
2037,2041,2035,2048,2039,2050,2040,2040
2034,2043,2037,2049,2041,2051,2049,2039
2038,2053,2046,2049,2048,2053,2038,2043
2039,2068,2058,2057,2055,2060,2044,2050
2043,2068,2065,2064,2059,2063,2039,2060
2044,2063,2058,2069,2056,2057,2044,2065
2041,2047,2043,2064,2058,2047,2028,2064
2036,2042,2046,2060,2057,2052,2014,2064
2041,2041,2054,2054,2047,2048,2017,2064
2035,2039,2058,2058,2045,2045,2047,2067
2035,2043,2061,2060,2043,2051,2016,2075
2024,2041,2060,2056,2042,2040,2028,2080
2032,2043,2049,2059,2040,2041,2015,2088
2046,2047,2060,2066,2043,2049,2047,2090
2050,2057,2070,2064,2043,2050,2058,2081
2048,2059,2069,2068,2043,2054,2024,2076
2041,2062,2069,2062,2035,2041,2022,2077
2043,2056,2064,2053,2028,2038,2021,2061
2045,2045,2056,2041,2028,2037,2042,2050
2045,2049,2053,2042,2027,2044,2032,2052
2042,2054,2053,2054,2034,2046,2045,2049
2039,2056,2066,2068,2046,2045,2065,2045
2041,2056,2075,2080,2048,2050,2035,2042
2042,2051,2069,2076,2053,2051,2023,2034
2042,2051,2063,2069,2055,2050,2042,2035
2047,2042,2043,2046,2050,2049,2036,2026
2047,2043,2037,2041,2045,2047,2039,2024
2046,2040,2026,2034,2035,2040,2038,2019
2043,2030,2013,2044,2041,2042,2041,2024
2038,2037,2010,2051,2050,2050,2059,2030
2045,2050,2015,2054,2050,2057,2060,2029
2047,2047,2014,2055,2052,2056,2024,2027
2052,2049,2008,2044,2054,2058,2043,2037
2047,2052,2000,2042,2055,2056,2046,2032
2047,2041,1993,2029,2052,2048,2043,2037
2040,2035,1998,2023,2045,2045,2041,2044
2040,2036,2012,2015,2045,2049,2050,2047
2047,2039,2017,2016,2059,2053,2046,2057
2052,2054,2030,2016,2064,2056,2032,2062
2047,2055,2025,2011,2058,2050,2049,2058
2035,2038,2024,2018,2054,2047,2040,2074
2039,2038,2037,2028,2055,2044,2037,2071
2036,2043,2053,2042,2056,2049,2040,2079
2040,2045,2066,2054,2060,2045,2033,2076
2026,2030,2060,2051,2057,2041,2024,2078
2032,2034,2064,2052,2054,2046,2046,2068
2039,2052,2061,2048,2047,2045,2047,2068
2042,2039,2049,2048,2039,2045,2043,2072
2044,2043,2053,2058,2024,2045,2044,2074
2043,2037,2060,2069,2027,2044,2064,2066
2041,2035,2064,2078,2037,2045,2072,2064
2046,2046,2080,2090,2045,2055,2055,2060
2055,2051,2075,2095,2058,2054,2051,2050
2048,2041,2060,2096,2047,2050,2042,2049
2038,2033,2041,2080,2049,2045,2046,2041
2036,2029,2026,2078,2047,2044,2041,2039
2044,2035,2042,2077,2047,2046,2044,2039
2043,2036,2050,2088,2057,2047,2047,2031
2036,2031,2057,2091,2062,2049,2056,2026
2037,2038,2056,2087,2055,2043,2038,2019
2039,2034,2042,2060,2037,2031,2033,2015
2040,2025,2031,2034,2024,2028,2037,2023
2045,2038,2066,2035,2029,2044,2041,2023
2050,2071,2111,2037,2040,2045,2049,2035
2044,2076,2123,2025,2046,2047,2030,2040
2058,2082,2107,2016,2049,2054,2052,2050
2067,2084,2086,2016,2054,2057,2049,2057
2069,2071,2069,2029,2051,2052,2052,2060
2055,2054,2040,2018,2049,2049,2051,2052
2046,2035,2018,2014,2045,2050,2058,2039
2037,2033,2014,2019,2050,2053,2060,2038
2029,2024,2002,2014,2049,2045,2046,2046
2020,2014,1977,1998,2043,2045,2046,2053
2024,2008,1958,1988,2035,2042,2037,2063
2026,2009,1949,1989,2030,2043,2061,2067
2024,2019,1968,1998,2046,2052,2049,2077
2029,2035,1997,2023,2048,2046,2060,2080
2027,2028,1998,2027,2039,2046,2067,2080
2032,2021,1998,2017,2030,2042,2064,2080
2034,2027,2006,2014,2021,2040,2066,2083
2039,2034,2048,2020,2029,2043,2035,2081
2044,2066,2110,2037,2042,2056,2061,2082
2056,2102,2145,2050,2048,2076,2058,2073
2063,2100,2141,2047,2048,2076,2062,2063
2054,2088,2124,2053,2045,2071,2066,2052
2053,2076,2112,2049,2039,2066,2056,2042
2051,2073,2095,2053,2029,2066,2070,2040
2053,2072,2096,2058,2047,2054,2058,2042
2060,2072,2099,2064,2059,2033,2071,2051
2057,2066,2088,2059,2055,2036,2058,2043
2053,2060,2082,2055,2044,2041,2066,2032
2053,2064,2074,2053,2046,2050,2066,2039
2057,2068,2071,2059,2046,2055,2056,2032
2058,2054,2048,2053,2046,2044,2056,2031
2047,2045,2038,2045,2048,2036,2055,2026
2048,2045,2027,2046,2053,2037,2056,2034
2052,2041,2024,2034,2052,2043,2052,2029
2055,2038,2019,2025,2053,2045,2050,2028
2053,2042,2018,2025,2059,2050,2063,2020
2053,2037,2020,2027,2053,2054,2040,2035
2045,2041,2017,2036,2063,2061,2065,2043
2046,2049,2021,2049,2068,2062,2064,2052
2041,2049,2027,2048,2062,2059,2066,2062
2049,2051,2023,2049,2059,2050,2062,2065
2052,2048,2016,2052,2063,2045,2064,2067
2050,2037,2007,2054,2062,2040,2062,2062
2044,2033,2011,2045,2052,2036,2052,2069
2033,2036,2020,2052,2053,2044,2048,2072
2023,2039,2044,2059,2056,2049,2059,2073
2020,2047,2061,2058,2049,2041,2050,2065
2017,2038,2063,2054,2038,2037,2037,2067
2018,2034,2059,2050,2038,2042,2023,2069
2029,2041,2062,2053,2049,2045,2031,2065
2028,2037,2063,2058,2053,2039,2042,2067
2029,2042,2075,2063,2043,2042,2032,2060
2035,2051,2089,2056,2040,2043,2021,2056
2041,2058,2101,2053,2037,2041,2011,2048
2041,2066,2098,2054,2034,2038,2013,2038
2041,2074,2099,2053,2027,2030,2022,2039
2049,2072,2099,2058,2031,2046,2047,2037
2046,2068,2085,2062,2040,2050,2051,2045
2055,2068,2076,2056,2055,2057,2052,2043
2055,2062,2058,2054,2053,2055,2039,2036
2047,2052,2047,2053,2047,2048,2053,2033
2043,2053,2041,2056,2050,2050,2028,2028
2045,2057,2051,2051,2060,2047,2028,2020
2035,2044,2037,2038,2049,2035,2028,2019
2036,2035,2022,2025,2033,2030,2038,2019
2039,2044,2024,2027,2049,2040,2051,2024
2040,2037,2015,2022,2051,2046,2040,2036
2042,2035,2013,2033,2052,2045,2024,2038
2044,2037,2014,2025,2043,2042,2024,2042
2043,2025,2004,2025,2047,2046,2034,2042
2044,2031,2011,2012,2041,2042,2043,2048
2050,2043,2027,2021,2037,2045,2043,2058
2061,2051,2038,2037,2049,2048,2045,2057
2063,2058,2060,2052,2064,2053,2063,2056
2058,2061,2056,2056,2064,2057,2057,2057
2051,2052,2046,2049,2050,2052,2053,2066
2045,2044,2039,2048,2042,2051,2062,2066
2036,2042,2037,2041,2042,2049,2061,2064
2028,2037,2039,2041,2038,2053,2047,2065
2023,2033,2033,2047,2038,2044,2038,2065
2016,2024,2016,2041,2033,2035,2023,2068
2020,2010,1998,2034,2033,2035,2030,2073
2034,2025,2016,2039,2038,2043,2026,2068
2034,2035,2031,2051,2039,2045,2023,2076
2045,2044,2037,2052,2038,2045,2036,2073
2046,2037,2033,2050,2032,2042,2032,2058
2050,2037,2048,2048,2039,2048,2022,2046
2051,2050,2057,2042,2042,2050,2023,2034
2049,2045,2054,2035,2038,2048,2042,2030
2047,2043,2060,2029,2036,2053,2053,2026
2043,2047,2050,2025,2043,2053,2070,2028
2036,2051,2037,2022,2043,2059,2062,2030
2030,2055,2021,2021,2044,2049,2062,2022
2034,2046,2019,2018,2039,2044,2041,2019
2037,2042,2022,2018,2027,2042,2040,2022
2035,2041,2030,2008,2015,2032,2033,2024
2031,2037,2031,2002,2014,2029,2035,2013
2031,2046,2037,2008,2013,2032,2021,2018
2032,2050,2040,2018,2026,2040,2043,2027
2043,2058,2043,2022,2038,2049,2049,2028
2049,2055,2045,2022,2042,2053,2067,2040
2052,2064,2059,2033,2055,2060,2055,2038
2059,2064,2075,2042,2059,2061,2061,2033
2059,2067,2089,2053,2060,2063,2064,2040
2063,2074,2100,2061,2066,2061,2052,2053
2061,2071,2103,2066,2062,2064,2053,2055
2056,2073,2102,2081,2066,2063,2080,2060
2054,2063,2095,2086,2065,2062,2070,2065
2041,2051,2087,2082,2061,2058,2060,2070
2047,2055,2087,2080,2059,2059,2043,2071
2047,2049,2078,2080,2058,2057,2025,2071
2040,2049,2070,2076,2052,2052,2046,2076
2047,2057,2088,2085,2046,2042,2022,2070
2041,2049,2078,2094,2043,2035,1999,2073
2034,2049,2085,2100,2051,2043,2011,2073
2041,2054,2085,2106,2049,2049,2020,2077
2046,2048,2080,2094,2044,2044,2024,2074
2049,2039,2058,2074,2036,2043,2027,2067
2035,2026,2026,2039,2015,2029,2028,2051
2025,2023,2021,2032,2015,2033,2007,2048
2033,2045,2053,2055,2027,2041,2015,2046
2048,2071,2091,2070,2046,2057,2022,2052
2061,2079,2098,2073,2066,2066,2051,2047
2062,2074,2099,2081,2068,2065,2046,2049
2061,2060,2082,2074,2058,2060,2046,2041
2059,2046,2046,2054,2053,2055,2046,2029
2053,2026,2017,2034,2046,2053,2051,2025
2041,2027,2003,2021,2036,2043,2037,2022
2044,2023,1990,2011,2035,2046,2043,2018
2040,2017,1976,1998,2036,2042,2043,2006
2038,2009,1960,1994,2036,2049,2058,2008
2040,2023,1973,2010,2053,2058,2059,2015
2038,2030,1980,2009,2052,2056,2044,2021
2043,2032,1987,2010,2054,2051,2024,2025
2042,2037,2000,2013,2054,2049,2036,2022
2050,2041,2021,2013,2042,2048,2051,2026
2042,2040,2019,2015,2038,2045,2059,2036
2039,2031,2005,2004,2046,2052,2050,2042
2041,2027,1993,1998,2051,2050,2051,2044
2032,2034,2018,2016,2059,2055,2039,2045
2048,2051,2046,2035,2056,2063,2037,2060
2056,2056,2061,2043,2056,2059,2046,2069
2065,2050,2053,2032,2054,2053,2055,2067
2066,2049,2051,2024,2048,2051,2042,2067
2054,2043,2053,2042,2046,2051,2049,2063
2046,2046,2064,2059,2051,2052,2040,2069
2049,2050,2083,2071,2059,2057,2054,2075
2052,2067,2086,2077,2060,2058,2057,2068
2045,2055,2068,2067,2061,2059,2046,2055
2034,2041,2047,2056,2050,2056,2045,2055
2040,2038,2041,2048,2042,2058,2043,2053
2039,2043,2056,2058,2047,2058,2049,2051
2049,2064,2061,2067,2056,2069,2047,2049
2048,2073,2062,2073,2056,2073,2044,2043
2048,2061,2054,2060,2055,2062,2037,2039
2050,2061,2041,2059,2044,2057,2040,2033
2041,2046,2028,2043,2037,2043,2040,2018
2031,2038,2016,2030,2024,2036,2035,2030
2032,2036,2032,2033,2028,2038,2024,2037
2041,2051,2063,2041,2040,2044,2040,2029
2050,2068,2084,2046,2042,2039,2022,2028
2045,2063,2072,2048,2035,2029,2046,2028
2045,2060,2069,2053,2037,2031,2021,2031
2052,2064,2073,2062,2051,2042,2035,2032
2054,2062,2069,2066,2056,2046,2045,2039
2050,2063,2070,2060,2051,2052,2048,2043
2052,2057,2057,2051,2050,2046,2053,2043
2057,2064,2061,2047,2049,2051,2043,2051
2061,2074,2078,2046,2046,2049,2050,2051
2054,2079,2082,2047,2048,2053,2055,2051
2051,2069,2079,2045,2052,2050,2051,2059
2054,2073,2081,2056,2058,2050,2054,2064
2055,2068,2090,2055,2053,2047,2050,2062
2045,2066,2080,2059,2062,2049,2045,2073
2050,2064,2084,2059,2056,2046,2055,2076
2062,2070,2094,2067,2060,2052,2062,2079
2053,2066,2089,2073,2055,2052,2048,2077
2042,2048,2084,2063,2051,2040,2038,2071
2042,2046,2075,2065,2048,2037,2029,2078
2038,2055,2081,2066,2048,2047,2038,2076
2049,2059,2077,2073,2043,2045,2044,2069
2048,2062,2074,2075,2040,2048,2038,2069
2046,2060,2070,2074,2036,2047,2039,2057
2046,2055,2065,2075,2038,2054,2044,2063
2045,2051,2057,2072,2037,2056,2053,2053
2044,2045,2044,2069,2029,2061,2036,2047
2048,2045,2033,2058,2038,2063,2043,2034
2046,2044,2030,2057,2044,2058,2028,2035
2050,2049,2032,2066,2044,2049,2022,2036
2048,2052,2040,2072,2053,2054,2019,2039
2055,2054,2038,2071,2054,2062,2022,2039
2058,2050,2033,2070,2062,2063,2026,2028
2058,2049,2026,2067,2052,2057,2050,2026
2054,2027,2001,2046,2037,2041,2027,2019
2037,2010,1982,2030,2034,2041,2035,2019
2040,2033,2000,2053,2046,2057,2056,2026
2056,2041,2015,2064,2055,2060,2060,2037
2044,2041,2006,2063,2052,2054,2058,2035
2046,2036,1992,2059,2058,2056,2054,2031
2037,2047,2012,2066,2054,2061,2056,2036
2044,2059,2024,2073,2053,2057,2056,2040
2049,2066,2033,2066,2051,2049,2045,2043
2047,2062,2041,2059,2053,2049,2037,2041
2044,2068,2059,2060,2058,2058,2050,2053
2044,2070,2059,2053,2063,2057,2059,2061
2043,2059,2050,2040,2051,2054,2053,2069
2046,2040,2039,2025,2054,2053,2056,2062
2035,2031,2032,2017,2039,2056,2044,2069
2037,2029,2031,2001,2032,2044,2045,2081
2038,2031,2042,2001,2028,2036,2032,2072
2026,2032,2066,2015,2035,2039,2047,2066
2034,2055,2084,2035,2043,2045,2053,2078
2043,2058,2068,2028,2044,2042,2065,2075
2051,2054,2050,2028,2036,2036,2050,2073
2043,2061,2054,2039,2033,2046,2055,2066
2054,2064,2050,2042,2036,2046,2052,2064
2056,2064,2046,2046,2034,2049,2058,2061
2062,2067,2041,2047,2046,2051,2058,2050
2060,2068,2039,2059,2052,2059,2074,2051
2056,2069,2039,2056,2053,2050,2059,2042
2054,2068,2031,2061,2053,2056,2040,2037
2063,2068,2039,2063,2048,2051,2045,2038
2067,2073,2046,2063,2051,2050,2048,2036
2059,2083,2055,2065,2047,2054,2050,2035
2068,2078,2059,2057,2050,2056,2062,2033
2066,2072,2061,2053,2038,2046,2049,2029
2051,2062,2071,2047,2030,2039,2043,2018
2043,2047,2063,2043,2036,2041,2051,2022
2051,2049,2063,2042,2031,2041,2047,2028
2054,2059,2070,2043,2030,2046,2046,2029
2051,2059,2073,2036,2031,2048,2044,2028
2044,2062,2081,2040,2042,2051,2058,2033
2052,2058,2075,2039,2030,2056,2043,2044
2043,2055,2075,2043,2031,2050,2069,2048
2047,2057,2066,2051,2037,2045,2081,2051
2040,2054,2064,2039,2033,2046,2067,2059
2044,2063,2064,2047,2044,2050,2039,2063
2051,2061,2066,2046,2043,2050,2059,2075
2053,2064,2059,2052,2045,2044,2058,2084
2052,2057,2055,2054,2043,2048,2058,2087
2056,2050,2051,2053,2048,2057,2049,2082
2046,2041,2034,2041,2035,2050,2054,2081
2036,2036,2027,2033,2031,2050,2041,2086
2048,2046,2031,2044,2033,2053,2054,2080
2047,2035,2027,2044,2031,2045,2045,2078
2043,2029,2024,2046,2029,2042,2051,2072
2032,2030,2026,2047,2030,2043,2028,2056
2032,2036,2036,2054,2037,2044,2058,2061
2041,2044,2040,2056,2035,2049,2045,2054
2035,2052,2031,2055,2035,2043,2049,2047
2034,2050,2040,2055,2038,2040,2024,2036
2041,2057,2049,2067,2040,2046,2022,2036
2042,2064,2068,2072,2042,2053,2042,2033
2043,2059,2070,2071,2037,2049,2043,2029
2037,2056,2072,2073,2038,2052,2041,2024
2041,2055,2073,2070,2041,2051,2053,2019
2039,2052,2056,2062,2028,2048,2026,2022
2034,2050,2035,2050,2024,2040,2020,2021
2044,2045,2026,2039,2016,2038,2038,2025
2049,2050,2018,2035,2026,2044,2053,2024
2045,2044,2007,2021,2023,2047,2045,2026
2035,2037,1992,2012,2023,2055,2023,2022
2034,2034,1995,2011,2016,2063,2028,2024
2045,2047,2018,2019,2018,2066,2049,2031
2059,2057,2044,2030,2034,2068,2049,2040
2055,2062,2062,2041,2030,2066,2046,2049
2050,2059,2070,2053,2039,2045,2055,2057
2053,2055,2064,2067,2057,2041,2059,2062
2044,2049,2055,2070,2054,2052,2043,2063
2034,2050,2035,2076,2067,2054,2039,2067
2038,2047,2036,2087,2072,2064,2068,2078
2047,2051,2039,2087,2070,2062,2072,2077
2045,2046,2045,2077,2069,2059,2062,2073
2030,2032,2043,2067,2058,2046,2039,2072
2026,2031,2043,2061,2055,2051,2045,2078
2037,2043,2067,2071,2057,2057,2045,2080
2042,2056,2065,2068,2062,2052,2042,2079
2045,2062,2069,2067,2055,2060,2041,2075
2052,2064,2064,2060,2050,2066,2044,2070
2053,2067,2060,2049,2042,2068,2051,2062
2050,2065,2050,2049,2049,2081,2066,2061
2051,2063,2044,2052,2049,2088,2063,2053
2048,2060,2043,2042,2042,2091,2061,2059
2048,2054,2036,2035,2035,2073,2057,2042
2043,2046,2023,2019,2022,2028,2026,2029
2042,2040,2020,1998,2015,1996,2031,2029
2046,2044,2009,2001,2014,2002,2039,2023
2049,2045,2017,1990,2001,2011,2051,2022
2054,2054,2025,1989,1994,2016,2037,2021
2048,2039,2019,1986,1982,2011,2032,2022
2046,2040,2028,1996,1988,2011,2037,2022
2036,2041,2029,2018,2002,2022,2037,2022
2028,2031,2036,2035,2022,2038,2042,2026
2043,2051,2053,2068,2073,2066,2058,2032
2061,2067,2070,2072,2085,2071,2059,2033
2052,2057,2054,2066,2074,2061,2051,2037
2055,2053,2048,2053,2067,2058,2054,2043
2064,2050,2051,2058,2066,2052,2055,2045
2062,2058,2064,2072,2053,2055,2056,2051
2060,2059,2063,2074,2051,2051,2059,2060
2051,2057,2051,2068,2048,2049,2053,2064
2042,2045,2034,2064,2043,2050,2041,2059
2039,2034,2021,2058,2029,2049,2040,2067
2030,2031,2016,2053,2020,2036,2056,2068
2034,2037,2004,2039,2023,2033,2052,2072
2031,2034,2008,2030,2025,2033,2050,2070
2033,2035,2016,2034,2033,2042,2051,2077
2039,2063,2051,2059,2054,2046,2061,2074
2050,2067,2076,2067,2053,2035,2058,2072
2051,2065,2068,2067,2036,2015,2039,2071
2044,2056,2037,2045,2002,2005,2044,2064
2040,2045,2007,2024,1983,2005,2037,2057
2036,2032,1996,2016,1976,2004,2045,2050
2030,2031,2001,2008,1975,2008,2037,2039
2031,2027,2019,2005,1987,2029,2027,2031
2040,2042,2054,2034,2043,2063,2043,2038
2055,2063,2095,2061,2079,2072,2033,2039
2053,2070,2114,2075,2100,2080,2061,2038
2056,2068,2097,2074,2108,2086,2057,2042
2048,2063,2084,2078,2100,2067,2052,2037
2049,2057,2074,2060,2087,2064,2050,2034
2045,2041,2040,2044,2058,2049,2038,2019
2032,2028,2024,2038,2050,2049,2034,2020
2035,2034,2040,2055,2062,2064,2041,2026
2045,2042,2063,2072,2063,2069,2039,2032
2042,2045,2054,2070,2059,2062,2045,2034
2038,2039,2033,2058,2059,2053,2057,2029
2032,2035,2018,2062,2065,2062,2043,2044
2047,2045,2028,2065,2074,2071,2059,2050
2048,2045,2022,2060,2074,2065,2081,2059
2046,2045,2013,2060,2070,2060,2076,2064
2054,2043,2012,2061,2057,2057,2080,2070
2047,2047,2024,2067,2056,2045,2049,2057
2039,2050,2046,2078,2056,2044,2036,2056
2024,2050,2063,2065,2053,2039,2044,2062
2033,2049,2069,2042,2037,2037,2045,2072
2037,2046,2068,2025,2037,2032,2039,2072
2032,2043,2064,2025,2032,2024,2026,2076
2030,2044,2068,2014,2036,2034,2050,2074
2039,2061,2066,2012,2044,2049,2064,2075
2042,2068,2069,2021,2042,2049,2062,2071
2044,2067,2081,2029,2033,2068,2059,2068
2040,2063,2089,2032,2036,2075,2073,2063
2040,2059,2088,2029,2026,2075,2067,2060
2037,2060,2078,2028,2027,2076,2061,2048
2040,2052,2064,2022,2021,2070,2053,2041
2031,2045,2044,2023,2029,2039,2063,2049
2033,2051,2051,2034,2050,2033,2044,2047
2039,2058,2058,2043,2032,2017,2058,2051
2034,2056,2054,2040,2005,2001,2038,2043
2037,2051,2053,2035,1977,1987,2040,2037
2039,2050,2048,2029,1966,1992,2036,2040
2041,2050,2030,2018,1967,1997,2061,2035
2043,2032,2020,2024,2000,2014,2046,2023
2041,2032,2027,2036,2045,2048,2053,2033
2049,2047,2051,2069,2117,2094,2081,2041
2052,2052,2064,2088,2140,2108,2089,2049
2052,2055,2063,2090,2119,2094,2084,2042
2054,2055,2055,2075,2092,2081,2085,2044
2050,2051,2044,2068,2072,2071,2080,2051
2052,2049,2044,2061,2068,2068,2075,2052
2053,2046,2052,2063,2074,2065,2069,2050
2047,2047,2057,2061,2072,2062,2067,2051
2045,2047,2053,2065,2064,2068,2076,2058
2043,2042,2048,2054,2070,2065,2071,2064
2042,2041,2044,2052,2063,2064,2073,2077
2042,2035,2038,2049,2064,2060,2075,2080
2040,2043,2038,2051,2057,2065,2071,2082
2043,2049,2040,2051,2050,2063,2077,2082
2041,2047,2030,2038,2044,2060,2064,2083
2041,2038,2034,2040,2045,2059,2068,2080
2047,2038,2037,2048,2044,2066,2068,2082
2041,2037,2035,2045,2040,2066,2068,2083
2044,2036,2035,2046,2035,2069,2066,2072
2040,2043,2033,2046,2021,2060,2056,2066
2039,2045,2036,2045,2022,2040,2059,2058
2045,2046,2040,2049,2025,2006,2043,2060
2049,2055,2052,2057,2046,1997,2045,2053
2048,2049,2054,2062,2056,2025,2055,2046
2042,2048,2052,2054,2054,2044,2056,2041
2040,2045,2042,2052,2055,2055,2059,2034
2039,2040,2036,2044,2057,2057,2060,2035
2042,2041,2035,2039,2057,2064,2061,2029
2048,2039,2032,2042,2058,2061,2055,2036
2045,2032,2033,2041,2058,2056,2061,2029
2042,2029,2028,2037,2056,2046,2052,2017
2041,2026,2028,2042,2054,2043,2050,2025
2044,2037,2041,2054,2067,2051,2065,2034
2053,2043,2039,2046,2067,2051,2063,2035
2046,2043,2036,2047,2067,2053,2058,2030
2034,2037,2036,2049,2056,2046,2052,2036
2039,2036,2036,2051,2064,2043,2063,2045
2049,2042,2045,2058,2075,2046,2055,2061
2055,2060,2053,2061,2069,2043,2060,2063
2059,2063,2060,2063,2062,2037,2053,2060
2048,2058,2055,2062,2058,2041,2051,2056
2040,2050,2048,2044,2050,2045,2049,2058
2037,2041,2041,2043,2049,2041,2060,2065
2036,2037,2041,2037,2039,2046,2066,2077
2039,2030,2036,2042,2047,2060,2075,2079
2037,2035,2034,2042,2065,2068,2078,2092
2039,2033,2035,2039,2057,2058,2067,2083
2032,2036,2035,2035,2032,2045,2054,2078
2029,2037,2046,2046,2031,2024,2062,2085
2045,2045,2048,2050,2029,2015,2038,2093
2055,2049,2054,2048,2031,2019,2047,2089
2057,2050,2059,2043,2039,2023,2048,2079
2056,2051,2054,2044,2039,2037,2033,2066
2049,2048,2046,2042,2042,2052,2045,2059
2042,2046,2042,2039,2044,2062,2062,2048
2042,2047,2037,2040,2041,2058,2064,2040
2043,2045,2030,2038,2036,2056,2065,2038
2044,2040,2026,2033,2043,2055,2061,2032
2045,2038,2027,2024,2039,2060,2047,2024
2034,2043,2035,2028,2031,2072,2058,2018
2034,2041,2039,2031,2028,2077,2061,2032
2037,2043,2038,2034,2028,2079,2058,2026
2051,2038,2036,2030,2025,2061,2049,2017
2041,2029,2030,2033,2037,2038,2048,2022
2039,2031,2040,2049,2077,2036,2058,2039
2052,2051,2051,2059,2090,2048,2079,2040
2054,2050,2048,2055,2089,2058,2075,2047
2052,2056,2050,2056,2102,2062,2068,2046
2048,2051,2049,2056,2091,2058,2070,2047
2042,2050,2040,2056,2082,2054,2060,2046
2051,2052,2043,2056,2107,2050,2069,2048
2046,2049,2045,2048,2132,2052,2067,2044
2048,2046,2049,2057,2134,2047,2070,2053
2040,2049,2051,2050,2133,2045,2067,2059
2034,2041,2047,2053,2137,2059,2063,2064
2036,2046,2045,2053,2121,2064,2060,2073
2048,2047,2050,2051,2091,2067,2057,2082
2055,2042,2044,2046,2057,2068,2050,2075
2044,2039,2040,2040,2031,2046,2033,2057
2027,2018,2018,2031,2000,2006,2025,2059
2017,2010,2014,2026,1985,2002,2034,2067
2024,2016,2020,2023,1902,2000,2028,2066
2027,2015,2024,2009,1896,2002,2028,2058
2016,2018,2013,2018,1954,2007,2038,2050
2016,2014,2020,2031,1990,2022,2047,2047
2025,2024,2032,2043,2034,2040,2047,2045
2027,2033,2033,2047,2062,2046,2044,2036
2032,2027,2028,2042,2065,2043,2047,2030
2027,2028,2026,2042,2063,2045,2050,2016
2022,2026,2036,2043,2068,2039,2032,2011
2016,2026,2036,2041,2056,2049,2021,2011
2020,2021,2034,2033,2044,2071,2029,2015
2028,2014,2030,2025,2036,2072,2039,2025
2034,2029,2036,2027,2017,2071,2039,2030
2042,2042,2053,2027,2015,2072,2019,2030
2051,2048,2052,2036,2027,2075,2033,2024
2054,2053,2061,2051,2059,2087,2031,2035
2059,2072,2077,2063,2058,2085,2020,2037
2071,2080,2077,2061,2049,2071,2021,2044
2070,2079,2075,2057,2048,2057,2036,2052
2072,2077,2075,2058,2049,2046,2058,2053
2070,2078,2074,2057,2057,2030,2042,2055
2066,2080,2078,2056,2060,2011,2056,2053
2070,2074,2076,2059,2059,1994,2054,2071
2084,2074,2071,2062,2064,1983,2065,2073
2080,2062,2066,2062,2061,1971,2066,2073
2067,2066,2061,2058,2064,1973,2068,2074
2065,2057,2059,2057,2069,1980,2054,2084
2058,2052,2052,2049,2071,1988,2034,2088
2057,2046,2046,2049,2066,2002,2043,2093
2054,2043,2041,2047,2059,1994,2045,2088
2046,2047,2051,2048,2049,1996,2066,2102
2047,2055,2057,2056,2054,2021,2096,2117
2061,2069,2061,2054,2073,2039,2112,2124
2068,2061,2060,2059,2074,2044,2094,2113
2060,2058,2056,2059,2064,2047,2098,2104
2056,2045,2048,2044,2066,2057,2090,2090
2052,2048,2051,2051,2063,2065,2111,2076
2051,2045,2046,2044,2060,2101,2168,2064
2051,2044,2042,2048,2052,2118,2222,2049
2051,2046,2038,2045,2048,2079,2204,2039
2053,2038,2038,2037,2032,2043,2175,2058
2055,2038,2037,2039,2014,2071,2153,2066
2053,2045,2041,2035,2015,2129,2059,2078
2048,2047,2037,2036,2009,2140,2036,2084
2059,2049,2040,2039,2042,2123,2003,2092
2055,2051,2046,2038,2050,2046,1872,2078
2050,2043,2050,2038,2038,1995,1905,2087
2057,2045,2048,2046,2037,1998,1963,2106
2061,2057,2048,2050,2029,2007,1997,2111
2062,2060,2054,2047,2025,2018,2013,2117
2058,2051,2049,2045,2024,2013,2025,2099
2046,2046,2040,2025,1992,1997,1995,2074
2031,2035,2037,2011,1939,1995,2013,2070
2036,2033,2036,2026,1998,2021,2019,2074
2042,2047,2045,2060,2091,2059,2053,2069
2051,2050,2053,2080,2156,2090,2092,2056
2053,2051,2053,2075,2163,2095,2119,2044
2043,2052,2054,2065,2124,2110,2113,2041
2041,2045,2048,2061,2102,2115,2072,2043
2043,2049,2050,2057,2090,2105,2114,2049
2052,2039,2048,2048,2080,2110,2139,2045
2050,2035,2045,2051,2057,2099,2165,2047
2034,2024,2037,2042,2046,2088,2144,2046
2027,2032,2036,2032,2040,2090,2113,2046
2033,2044,2043,2050,2043,2105,2100,2041
2041,2048,2048,2056,2062,2078,2047,2038
2045,2044,2044,2047,2033,2031,2001,2031
2037,2039,2045,2041,2016,1978,2010,2015
2043,2048,2047,2041,2023,1998,2008,2014
2045,2050,2042,2030,2030,2039,2005,2005
2032,2047,2038,2041,2030,2021,2028,2009
2026,2035,2040,2038,2025,1984,2024,1999
2029,2036,2039,2040,2040,1965,2014,2008
2030,2037,2035,2037,2047,1976,1988,2007
2029,2037,2033,2033,2044,1988,1999,1995
2023,2038,2041,2035,2037,2000,1972,1994
2026,2039,2044,2040,2029,1998,1939,1995
2040,2049,2043,2035,2036,2002,1912,1996
2039,2045,2042,2036,2043,2011,1935,2012
2055,2055,2050,2042,2052,2022,1986,2024
2074,2075,2068,2058,2073,2027,2007,2017
2060,2066,2065,2061,2069,2041,2056,2033
2079,2072,2069,2058,2075,2051,2075,2040
2087,2067,2062,2054,2065,2045,2103,2052
2079,2060,2059,2053,2068,2044,2106,2073
2075,2054,2060,2055,2074,2044,2084,2094
2071,2046,2060,2050,2057,2049,2073,2105
2065,2053,2052,2047,2052,2049,2043,2106
2061,2043,2047,2045,2053,2069,2056,2126
2072,2049,2045,2044,2068,2081,2087,2146
2066,2048,2040,2043,2063,2084,2093,2158
2054,2040,2042,2046,2038,2102,2097,2162
2057,2042,2045,2052,2041,2156,2116,2181
2058,2046,2055,2050,2037,2172,2082,2163
2048,2034,2042,2040,2034,2146,2097,2116
2028,2034,2040,2039,2038,2041,2086,2069
2033,2040,2045,2037,2019,1938,2089,2049
2030,2034,2035,2024,2001,1949,2048,2018
2051,2032,2025,2019,1991,1972,1997,1977
2037,2030,2025,2019,1994,1965,1876,1980
2014,2023,2027,2026,1993,1956,1829,1988
2011,2024,2029,2028,2000,2001,1914,1974
2015,2026,2031,2031,2030,2055,1966,1979
2022,2033,2034,2044,2074,2073,2011,1978
2031,2039,2038,2046,2064,2054,2020,1975
2029,2041,2035,2040,2039,2043,2028,1978
2033,2036,2036,2038,2019,2035,2025,1994
2033,2036,2034,2044,2008,2041,2033,2000
2040,2038,2036,2052,2047,2048,2058,2010
2048,2045,2046,2060,2121,2054,2079,2013
2042,2040,2044,2055,2146,2046,2066,2014
2048,2039,2040,2058,2152,2047,2051,2014
2061,2050,2052,2064,2149,2043,2063,2013
2052,2047,2055,2067,2146,2045,2047,1997
2041,2046,2050,2063,2133,2052,2035,1998
2046,2051,2050,2055,2129,2059,2032,2003
2047,2054,2055,2062,2118,2067,2067,2015
2051,2057,2059,2065,2096,2078,2064,2029
2056,2054,2055,2066,2058,2072,2064,2033
2053,2064,2056,2059,1961,2072,2068,2042
2054,2059,2048,2046,1964,2076,2043,2037
2045,2058,2044,2044,2001,2081,2030,2048
2049,2055,2049,2047,2013,2089,2025,2047
2053,2056,2055,2047,2021,2070,2030,2056
2057,2061,2058,2051,2017,2016,2020,2068
2054,2059,2052,2050,2015,1991,2000,2062
2036,2050,2043,2038,2011,1987,1971,2062
2039,2047,2054,2041,2021,1997,1981,2069
2050,2063,2060,2046,2030,2010,2001,2068
2050,2065,2049,2050,2032,2016,1992,2065
2052,2064,2060,2061,2044,2026,2007,2047
2052,2064,2054,2054,2050,2013,1992,2038
2048,2063,2051,2058,2044,2011,2003,2020
2039,2061,2048,2046,2034,2016,2000,2012
2046,2055,2047,2044,2036,2044,2024,2000
2045,2051,2046,2049,2046,2070,2002,2004
2038,2051,2045,2053,2047,2059,2011,2003
2043,2051,2045,2054,2053,2052,2033,2014
2041,2043,2049,2052,2054,2049,2042,2012
2049,2039,2049,2055,2048,2047,2038,2012
2045,2051,2059,2057,2056,2058,2046,2006
2045,2050,2052,2052,2058,2077,2040,2007
2038,2046,2039,2051,2056,2088,2037,2002
2030,2045,2043,2054,2060,2107,2042,2004
2035,2050,2045,2060,2061,2089,2039,2006
2037,2043,2043,2059,2061,2073,2034,2006
2040,2043,2046,2061,2072,2072,2029,2016
2042,2038,2051,2059,2071,2074,2034,2023
2039,2034,2048,2064,2071,2080,2059,2028
2038,2034,2046,2060,2078,2069,2051,2028
2034,2031,2043,2060,2066,2062,2066,2029
2032,2028,2041,2062,2061,2052,2050,2034
2031,2028,2042,2053,2072,2043,2046,2041
2041,2028,2042,2061,2070,2046,2061,2054
2041,2026,2043,2057,2066,2037,2037,2068
2047,2037,2040,2059,2067,2028,2029,2061
2043,2037,2036,2057,2052,2041,2026,2061
2046,2043,2043,2058,2046,2043,2034,2066
2038,2032,2039,2054,2042,2040,2027,2072
2046,2032,2037,2050,2046,2046,2033,2072
2049,2040,2050,2061,2055,2049,2045,2068
2054,2046,2056,2063,2056,2042,2059,2063
2047,2047,2054,2065,2056,2045,2045,2057
2050,2053,2060,2061,2061,2059,2038,2046
2051,2054,2061,2062,2062,2071,2032,2047
2051,2049,2054,2055,2070,2088,2048,2035
2050,2042,2046,2056,2076,2092,2050,2028
2045,2045,2048,2055,2077,2097,2050,2025
2038,2046,2046,2052,2082,2101,2043,2021
2034,2058,2062,2059,2093,2116,2051,2020
2043,2066,2065,2066,2096,2106,2051,2013
2052,2066,2060,2055,2087,2104,2065,2019
2059,2058,2053,2055,2073,2072,2061,2014
2055,2051,2040,2044,2057,2043,2017,2011
2044,2036,2026,2041,2052,2043,2014,2009
2043,2030,2021,2040,2060,2042,2027,2020
2048,2046,2026,2041,2064,2026,2035,2020
2049,2051,2036,2038,2059,2008,2035,2023
2044,2054,2043,2050,2047,1979,2044,2026
2047,2060,2052,2054,2047,1972,2037,2031
2049,2059,2053,2062,2056,1985,2051,2027
2045,2061,2046,2067,2063,2005,2059,2036
2051,2060,2045,2068,2065,2022,2069,2041
2045,2046,2039,2066,2072,2041,2056,2035
2045,2048,2044,2078,2093,2073,2057,2037
2041,2047,2045,2080,2093,2082,2059,2038
2034,2041,2030,2065,2076,2103,2048,2049
2028,2026,2014,2059,2069,2122,2043,2052
2030,2025,2010,2057,2070,2143,2039,2054
2024,2024,2019,2059,2069,2154,2018,2045
2020,2016,2017,2049,2055,2136,2039,2047
2014,2014,2017,2046,2052,2086,2033,2048
2019,2033,2030,2056,2039,1972,2000,2048
2019,2030,2040,2049,2036,1971,2018,2044
2024,2034,2052,2044,2042,2013,2036,2036
2026,2029,2041,2036,2043,2031,2042,2034
2029,2032,2036,2021,2031,2032,2036,2024
2030,2030,2030,2024,2038,2032,2046,2025
2035,2041,2044,2029,2041,2039,2039,2026
2046,2054,2057,2035,2043,2035,2030,2025
2053,2055,2062,2038,2048,2030,2037,2023
2050,2052,2052,2031,2046,2039,2012,2018
2046,2053,2057,2035,2051,2041,2014,2007
2054,2052,2054,2024,2038,2012,2020,2002
2041,2052,2059,2024,2035,1986,2018,1997
2041,2048,2066,2024,2033,1992,2015,1994
2039,2041,2064,2029,2038,1999,2019,1998
2033,2046,2057,2037,2052,2023,2033,2013
2046,2065,2069,2055,2068,2037,2064,2020
2053,2064,2070,2060,2082,2046,2054,2027
2049,2062,2072,2069,2091,2053,2048,2033
2052,2062,2072,2066,2091,2050,2042,2039
2055,2068,2062,2065,2085,2048,2044,2034
2051,2058,2068,2057,2083,2046,2028,2030
2043,2061,2065,2058,2088,2062,2060,2031
2036,2051,2058,2056,2084,2066,2054,2035
2037,2049,2056,2058,2086,2067,2057,2050
2038,2044,2050,2053,2075,2057,2064,2052
2042,2048,2047,2046,2061,2055,2059,2054
2045,2047,2043,2046,2067,2055,2056,2061
2039,2038,2038,2046,2068,2059,2034,2064
2035,2037,2037,2045,2055,2052,2041,2056
2025,2021,2024,2035,2054,2056,2022,2053
2020,2013,2016,2022,2051,2059,2063,2056
2025,2031,2034,2025,2043,2064,2063,2057
2026,2040,2049,2029,2033,2062,2055,2053
2035,2051,2077,2035,2017,2046,2051,2055
2042,2070,2109,2047,1988,1989,2011,2055
2041,2072,2123,2050,1970,1984,2014,2052
2044,2069,2112,2047,1966,1991,2024,2036
2039,2054,2096,2025,1976,2015,2023,2012
2025,2038,2082,2026,2020,2069,2057,2014
2036,2050,2090,2063,2088,2106,2062,2017
2045,2056,2095,2084,2134,2119,2056,2013
2043,2055,2102,2103,2142,2104,2049,2021
2043,2049,2101,2100,2141,2084,2046,2010
2034,2038,2091,2098,2118,2061,2041,2003
2033,2026,2083,2095,2095,2058,2045,1998
2023,2009,2056,2097,2087,2051,2033,1996
2022,2004,2046,2105,2083,2055,2049,1997
2021,2008,2039,2113,2091,2065,2053,2002
2025,2018,2049,2128,2090,2059,2054,2004
2033,2024,2056,2129,2092,2053,2054,2004
2024,2029,2054,2132,2094,2052,2042,2007
2032,2030,2046,2123,2088,2048,2037,2010
2036,2033,2033,2128,2088,2054,2034,2022
2040,2038,2025,2126,2100,2059,2044,2026
2040,2036,2019,2123,2111,2057,2051,2029
2046,2026,2003,2104,2103,2055,2027,2034
2044,2021,1989,2074,2088,2052,2026,2030
2034,2012,1981,2044,2071,2040,2023,2029
2030,2007,1992,2024,2061,2031,2008,2031
2030,2014,2001,2010,2052,2033,2019,2044
2032,2017,2020,2009,2057,2039,2027,2041
2034,2017,2035,2014,2052,2033,2017,2038
2023,2018,2034,2009,2059,2031,2021,2044
2026,2026,2039,2014,2066,2057,2052,2053
2024,2022,2030,2016,2072,2071,2066,2043
2025,2027,2012,2010,2064,2078,2041,2039
2022,2031,2022,2014,2061,2082,2073,2039
2025,2018,2012,2003,2060,2069,2069,2042
2029,2017,2022,1990,2038,2027,2043,2030
2034,2028,2038,1993,2025,1958,2040,2022
2039,2043,2049,1998,2029,1949,2026,2019
2039,2060,2058,1997,2039,1981,2033,2029
2057,2076,2072,1995,2052,2016,2051,2046
2084,2086,2074,2002,2057,2053,2059,2037
2087,2076,2075,2012,2057,2085,2038,2030
2075,2062,2069,2011,2052,2074,2021,2015
2066,2057,2046,2007,2063,2065,2037,2002
2058,2046,2045,2011,2062,2068,2027,2002
2047,2040,2054,2023,2069,2078,2022,1998
2044,2042,2067,2025,2080,2089,2034,1997
2044,2054,2084,2030,2086,2088,2043,2002
2043,2060,2090,2036,2074,2082,2030,2012
2038,2058,2076,2027,2071,2070,2045,2021
2037,2049,2057,2018,2065,2077,2051,2024
2042,2050,2050,2010,2065,2084,2063,2036
2054,2051,2060,2017,2073,2093,2085,2048
2060,2066,2083,2036,2069,2093,2065,2057
2061,2069,2088,2035,2064,2098,2055,2052
2067,2072,2090,2035,2067,2094,2056,2053
2064,2078,2096,2042,2067,2106,2052,2064
2061,2078,2108,2047,2056,2121,2057,2076
2062,2077,2113,2050,2048,2126,2056,2079
2064,2070,2118,2053,2038,2120,2047,2073
2048,2066,2110,2044,2026,2095,2048,2060
2048,2043,2091,2029,2015,2047,2034,2064
2049,2035,2079,2034,2041,2006,2030,2075
2051,2049,2081,2046,2065,2004,2016,2083
2054,2058,2079,2051,2070,2013,2015,2067
2064,2057,2077,2048,2068,2031,2036,2071
2063,2055,2065,2040,2058,2042,2020,2059
2062,2052,2061,2037,2054,2044,2034,2045
2051,2053,2061,2039,2043,2042,2040,2041
2053,2051,2065,2037,2035,2050,2056,2031
2050,2054,2067,2044,2049,2056,2049,2027
2051,2052,2063,2037,2046,2050,2032,2016
2047,2047,2058,2027,2066,2040,2034,2018
2049,2050,2062,2035,2085,2048,2021,2018
2052,2050,2059,2047,2098,2058,2039,2014
2049,2050,2056,2051,2083,2061,2041,2019
2044,2047,2039,2053,2082,2068,2038,2018
2038,2042,2031,2051,2069,2061,2041,2017
2038,2030,2023,2049,2064,2059,2039,2014
2036,2036,2031,2064,2067,2071,2051,2021
2044,2041,2033,2076,2073,2073,2040,2020
2049,2037,2026,2080,2077,2075,2069,2022
2053,2035,2016,2082,2067,2087,2041,2024
2040,2020,2000,2079,2063,2092,2063,2017
2041,2018,1985,2081,2063,2092,2054,2025
2044,2022,2007,2096,2055,2089,2056,2022
2039,2026,2021,2107,2065,2075,2055,2036
2039,2021,2032,2118,2089,2049,2056,2038
2043,2026,2028,2123,2102,2057,2066,2043
2044,2023,2013,2116,2106,2082,2076,2044
2045,2023,2003,2091,2092,2080,2061,2050
2044,2021,1990,2064,2084,2060,2049,2043
2041,2024,2002,2047,2068,2040,2030,2042
2041,2028,2004,2029,2062,2041,2020,2034
2030,2028,1995,2017,2048,2047,2038,2042
2026,2023,1998,2001,2038,2052,2048,2045
2036,2026,2005,1977,2024,2022,2049,2056
2043,2040,2032,1981,2030,2011,2066,2065
2052,2057,2066,1985,2053,2018,2059,2062
2054,2067,2088,1992,2053,2028,2052,2049
2049,2070,2102,1991,2041,2030,2057,2049
2056,2074,2110,2002,2046,2031,2033,2038
2053,2057,2102,1995,2044,2037,2035,2034
2049,2046,2102,2005,2056,2046,2052,2035
2047,2057,2107,2026,2056,2050,2052,2032
2050,2063,2110,2043,2050,2052,2062,2024
2055,2062,2112,2045,2050,2051,2047,2026
2057,2058,2110,2048,2052,2054,2046,2024
2045,2052,2100,2056,2050,2056,2061,2015
2042,2043,2074,2045,2030,2041,2044,2006
2023,2027,2054,2033,2026,2042,2036,2008
2019,2026,2045,2045,2041,2061,2050,2014
2031,2038,2052,2044,2056,2063,2042,2017
2027,2031,2041,2048,2053,2065,2046,2012
2021,2026,2042,2065,2054,2067,2062,2013
2032,2033,2044,2064,2052,2065,2028,2019
2033,2040,2044,2064,2055,2060,2030,2033
2043,2041,2039,2047,2062,2060,2044,2031
2035,2035,2032,2053,2071,2065,2047,2032
2033,2049,2039,2064,2072,2061,2047,2032
2033,2046,2038,2064,2061,2058,2045,2040
2037,2040,2033,2051,2050,2062,2045,2053
2043,2036,2035,2047,2051,2056,2052,2067
2044,2039,2039,2050,2051,2057,2059,2072
2051,2052,2053,2053,2049,2060,2063,2073
2049,2064,2068,2049,2056,2055,2054,2078
2043,2055,2071,2048,2037,2049,2037,2077
2054,2062,2079,2051,2046,2053,2042,2086
2063,2075,2088,2055,2056,2060,2053,2068
2058,2077,2078,2048,2051,2067,2053,2071
2057,2075,2079,2044,2034,2057,2049,2071
2064,2073,2070,2024,1995,2043,2043,2064
2059,2069,2070,2004,1963,2031,2038,2059
2057,2053,2059,1976,1945,2004,2033,2043
2038,2041,2044,1980,1963,1988,2041,2033
2037,2049,2056,2013,2024,2028,2057,2038
2049,2064,2077,2047,2082,2071,2074,2044
2055,2080,2083,2063,2129,2093,2058,2040
2052,2074,2084,2066,2147,2112,2080,2032
2057,2065,2077,2056,2141,2103,2084,2034
2052,2056,2066,2045,2102,2080,2064,2025
2060,2053,2059,2040,2058,2068,2058,2021
2048,2041,2052,2035,2032,2052,2042,2017
2048,2044,2045,2036,2053,2057,2033,2024
2050,2047,2048,2045,2073,2065,2060,2020
2055,2050,2053,2045,2057,2051,2042,2024
2052,2051,2053,2042,2035,2049,2043,2020
2053,2059,2059,2035,2067,2072,2045,2019
2047,2053,2059,2013,2068,2098,2043,2024
2048,2050,2052,2020,2083,2116,2046,2024
2047,2052,2047,2031,2106,2119,2059,2037
2057,2046,2051,2048,2112,2086,2044,2052
2056,2054,2057,2054,2099,2052,2036,2062
2053,2049,2072,2062,2112,1997,2044,2079
2052,2048,2064,2067,2117,2013,2059,2078
2049,2037,2050,2049,2096,2050,2058,2072
2045,2037,2034,2025,2053,2070,2053,2063
2043,2031,2021,2023,2067,2101,2059,2070
2043,2026,2006,2020,2045,2094,2048,2071
2043,2024,2000,2018,1947,2079,2061,2073
2046,2031,1997,2009,1922,2075,2047,2070
2046,2036,1992,2003,1941,2080,2056,2061
2044,2040,1992,1999,1926,2070,2049,2062
2040,2038,1992,2000,1895,2028,2038,2051
2040,2038,1989,1993,1878,1964,2030,2051
2039,2046,2002,2007,1885,1930,2040,2047
2053,2054,2008,2032,1945,1916,2044,2037
2052,2058,2008,2047,2005,1923,2047,2035
2049,2045,2008,2040,2015,1952,2048,2031
2055,2047,2004,2021,1994,1993,2062,2037
2047,2040,2012,2018,1979,2031,2048,2034
2045,2049,2024,2025,1993,2069,2030,2019
2036,2046,2024,2018,1981,2075,2031,2013
2028,2044,2041,2013,1963,2057,2017,2009
2035,2044,2055,2011,1927,2018,2012,2011
2025,2040,2066,2000,1925,2013,2007,2004
2038,2050,2084,2017,2000,2040,2027,2016
2040,2050,2088,2025,2058,2059,2042,2016
2048,2056,2090,2062,2156,2083,2055,2027
2062,2066,2104,2095,2238,2098,2066,2040
2064,2071,2099,2102,2251,2076,2072,2058
2065,2062,2092,2097,2250,2074,2070,2063
2061,2066,2083,2088,2207,2086,2070,2057
2056,2072,2083,2092,2169,2078,2053,2068
2055,2058,2080,2091,2175,2095,2069,2075
2054,2062,2085,2088,2197,2112,2069,2069
2054,2058,2091,2072,2117,2120,2070,2059
2040,2048,2076,2028,2013,2117,2053,2056
2027,2035,2066,2014,1964,2102,2032,2064
2041,2027,2064,2004,1897,2078,2003,2058
2038,2018,2057,1987,1870,2015,2009,2050
2020,2007,2041,1995,1974,1960,1990,2059
2027,2029,2061,2050,2130,1977,2033,2074
2038,2043,2070,2087,2189,2044,2062,2066
2038,2045,2074,2096,2174,2087,2071,2065
2036,2058,2078,2108,2185,2104,2096,2072
2046,2071,2088,2100,2106,2102,2095,2065
2050,2064,2079,2067,2002,2076,2067,2048
2052,2059,2071,2050,1911,2058,2074,2043
2050,2057,2057,2018,1746,2025,2025,2027
2045,2057,2044,1997,1694,2009,2050,2027
2044,2044,2033,2015,1853,1997,2062,2035
2043,2043,2027,2042,1983,2015,2066,2035
2039,2041,2028,2050,2039,2037,2068,2022
2042,2042,2026,2055,2045,2060,2067,2017
2039,2048,2019,2072,2084,2088,2062,2028
2044,2049,2022,2079,2124,2094,2072,2036
2047,2059,2028,2090,2172,2098,2081,2042
2055,2074,2038,2107,2234,2106,2093,2041
2055,2058,2027,2074,2214,2082,2067,2030
2033,2039,1997,2038,2166,2067,2074,2030
2038,2033,1998,2027,2112,2065,2046,2036
2053,2043,2000,2020,2097,2083,2081,2042
2061,2062,2016,2036,2084,2095,2082,2044
2066,2066,2027,2020,2017,2064,2042,2047
2062,2052,2020,2002,2000,2022,2027,2034
2048,2045,2025,2010,2014,1959,2020,2042
2039,2044,2025,2013,2025,1932,2022,2051
2040,2048,2047,2023,2106,1968,2022,2073
2049,2043,2055,2030,2138,2003,2029,2078
2041,2036,2055,2026,2136,2022,2033,2069
2039,2036,2063,2027,2132,2026,2040,2079
2035,2038,2067,2018,2105,2025,2033,2083
2039,2042,2069,2021,2092,2033,2036,2090
2053,2065,2083,2042,2114,2056,2038,2079
2057,2067,2080,2046,2132,2067,2033,2066
2055,2064,2072,2042,2110,2078,2018,2056
2051,2066,2067,2033,2066,2076,2032,2052
2062,2056,2065,2026,2028,2036,2028,2035
2044,2058,2065,2033,2025,2026,2033,2037
2047,2050,2056,2055,2081,2070,2058,2036
2050,2042,2058,2069,2090,2112,2075,2045
2061,2053,2071,2086,2101,2157,2095,2053
2061,2057,2072,2086,2102,2183,2088,2051
2057,2063,2074,2092,2103,2171,2102,2047
2056,2067,2075,2082,2112,2121,2082,2043
2057,2077,2077,2063,2161,2080,2074,2038
2065,2076,2077,2046,2161,2088,2072,2038
2055,2068,2065,1988,1955,2092,2061,2033
2050,2058,2042,1930,1895,2096,2065,2037
2052,2059,2043,1935,1875,2094,2069,2046
2057,2060,2051,1987,1888,2111,2072,2057
2072,2068,2073,2074,2028,2122,2078,2069
2084,2080,2090,2127,2101,2110,2075,2066
2079,2084,2088,2135,2156,2132,2092,2066
2089,2084,2091,2130,2055,2150,2078,2062
2077,2073,2075,2091,1950,2085,2054,2044
2054,2038,2047,2024,1890,2003,2050,2050
2040,2034,2038,2004,1884,1961,2059,2047
2027,2025,2020,1943,1751,1926,2029,2031
2019,2009,2019,1948,1807,1946,2012,2029
2008,2012,2029,1997,1947,1968,2032,2040
2015,2018,2046,2045,2121,1997,2020,2043
2022,2026,2042,2057,2184,2008,2019,2046
2026,2030,2038,2040,2079,2018,2034,2046
2035,2041,2043,2042,2008,2046,2030,2068
2047,2062,2057,2043,1973,2065,2054,2067
2054,2064,2054,2042,2015,2051,2039,2071
2062,2064,2051,2067,2056,2002,2054,2076
2062,2061,2062,2086,2160,1977,2039,2075
2068,2060,2057,2090,2218,1979,2042,2073
2069,2058,2061,2094,2161,1982,2044,2070
2072,2061,2071,2099,2144,2016,2059,2062
2061,2065,2068,2095,2182,2057,2069,2057
2063,2062,2056,2066,2137,2051,2051,2037
2050,2042,2035,2009,2109,2022,2043,2022
2040,2029,2021,1984,2125,2018,2029,2022
2032,2020,2011,1971,1974,2020,2042,2019
2027,2022,2021,1968,1987,2038,2038,2015
2034,2026,2025,1981,1927,2032,2037,2018
2050,2032,2046,2018,1901,2032,2049,2023
2056,2041,2052,2038,1897,2041,2050,2027
2063,2049,2059,2048,1934,2036,2045,2014
2038,2036,2044,2032,1969,2037,2041,2011
2040,2029,2037,2033,2056,2045,2044,2018
2041,2021,2029,2046,2150,2042,2027,2024
2040,2021,2029,2048,2152,2017,2018,2036
2047,2027,2035,2045,2105,2002,2019,2034
2051,2037,2040,2030,2005,1994,2043,2048
2064,2042,2050,2041,2016,2022,2048,2057
2071,2057,2068,2050,2132,2066,2045,2073
2068,2052,2062,2067,2215,2121,2073,2088
2072,2057,2079,2090,2225,2150,2104,2102
2074,2077,2098,2093,2096,2148,2121,2100
2062,2084,2099,2095,2001,2170,2122,2120
2069,2095,2113,2128,2093,2219,2126,2134
2080,2093,2100,2130,2098,2232,2136,2143
2084,2083,2079,2078,1890,2185,2120,2129
2073,2072,2055,2017,1690,2111,2087,2116
2064,2058,2049,2023,1778,2069,2104,2113
2069,2058,2049,2079,2052,2071,2100,2099
2068,2056,2053,2118,2203,2033,2075,2075
2044,2037,2042,2075,2097,1954,2049,2051
2031,2022,2026,2010,1939,1883,2011,2028
2023,2022,2019,1975,1958,1913,2018,2024
2027,2026,2034,2014,2124,1985,2031,2035
2044,2044,2058,2042,1971,2047,2040,2039
2060,2066,2074,2066,2004,2102,2056,2045
2077,2072,2078,2074,1965,2116,2063,2049
2069,2070,2075,2026,1748,2071,2056,2047
2068,2056,2051,1978,1646,1998,2034,2029
2044,2038,2019,1932,1529,1920,1996,2004
2019,2006,2006,1933,1745,1897,1984,1985
2010,1992,2005,2010,2099,1954,2019,2001
2037,2022,2050,2129,2289,2016,2046,2019
2054,2035,2059,2136,2251,2038,2055,2019
2046,2033,2048,2122,2251,2078,2048,2013
2041,2032,2038,2093,2200,2101,2046,2006
2041,2030,2037,2080,2161,2107,2065,2020
2042,2045,2055,2068,2119,2119,2074,2038
2044,2052,2068,2045,2086,2104,2072,2050
2046,2053,2066,2050,2146,2080,2072,2051
2056,2046,2045,2036,2200,2076,2045,2049
2052,2033,2036,2032,2198,2093,2045,2053
2049,2024,2032,2013,2082,2071,2018,2050
2043,2023,2034,1999,2055,2055,2023,2052
2033,2030,2046,2016,2031,2052,2031,2062
2051,2040,2058,2033,1993,2031,2016,2069
2062,2046,2069,2054,1897,1975,2013,2086
2074,2058,2081,2077,2080,2035,2052,2101
2090,2081,2088,2112,2326,2181,2075,2108
2104,2081,2086,2116,2414,2254,2109,2110
2102,2083,2090,2149,2496,2304,2118,2102
2099,2088,2098,2163,2433,2329,2124,2110
2076,2092,2093,2168,2363,2299,2124,2108
2067,2087,2083,2157,2275,2190,2125,2103
2060,2074,2067,2072,2013,2054,2088,2072
2049,2057,2038,1958,1629,1882,2025,2033
2030,2032,2016,1944,1517,1792,1998,2013
2025,2030,2039,2062,1996,1866,2012,2016
2036,2037,2078,2140,2156,1954,2035,2008
2041,2037,2078,2130,2105,1970,2033,1999
2039,2033,2056,2092,2146,1988,2019,1985
2028,2020,2042,2087,2205,2049,2033,1973
2003,2006,2021,2100,2241,2073,2025,1960
1995,2013,2031,2098,2140,2029,2032,1977
2022,2021,2024,2025,1842,1978,2022,1988
2029,2001,1996,1956,1697,1963,2017,1979
2020,2006,1992,1935,1678,1973,2027,1995
2016,2015,2004,1978,1921,2020,2051,2003
2024,2027,2021,2020,2017,2008,2044,2017
2034,2034,2037,2044,2095,1955,2060,2056
2057,2056,2058,2057,2194,1975,2072,2068
2068,2053,2056,2024,2140,2007,2076,2065
2061,2044,2039,2003,2063,2026,2068,2062
2048,2026,2024,2021,2154,2053,2065,2045
2036,2012,2020,2020,2164,2048,2057,2039
2040,2020,2025,2019,2054,2030,2035,2058
2035,2031,2034,2024,2050,2013,2031,2069
2039,2032,2043,2023,2033,1977,2027,2059
2030,2021,2033,1995,1951,1949,2033,2045
2037,2030,2035,1992,1914,1946,2039,2058
2055,2055,2057,2042,2016,1998,2061,2071
2058,2069,2053,2068,2103,2023,2032,2071
2055,2064,2056,2061,2096,2013,2037,2067
2057,2064,2045,2051,2068,2021,2025,2068
2064,2064,2040,2054,2059,2048,2028,2067
2069,2061,2036,2059,2037,2070,2046,2067
2069,2064,2062,2096,2151,2089,2059,2057
2067,2067,2070,2120,2130,2086,2065,2045
2068,2060,2075,2091,1995,2080,2055,2048
2058,2055,2064,2062,1917,2077,2069,2035
2051,2037,2060,2047,1960,2081,2053,2031
2055,2044,2067,2074,2103,2058,2060,2035
2051,2048,2058,2061,2119,2007,2044,2026
2048,2035,2039,2026,2098,1962,2017,2011
2032,2012,2032,2000,1958,1925,2009,2007
2028,2010,2037,1974,1802,1911,2007,2010
2041,2032,2057,2013,1999,1933,2029,2020
2045,2039,2057,2056,2124,1988,2025,2028
2057,2037,2052,2062,2109,2027,2036,2032
2056,2049,2058,2053,2046,2040,2043,2030
2055,2050,2057,2064,2054,2036,2026,2026
2044,2053,2053,2077,2100,2031,2019,2026
2036,2040,2043,2084,2099,2040,2020,2034
2032,2030,2032,2096,2101,2051,2033,2035
2044,2028,2019,2084,2018,2064,2052,2041
2048,2039,2017,2059,1915,2078,2065,2055
2046,2034,2019,2048,1836,2096,2069,2063
2041,2027,2007,2043,1867,2121,2066,2070
2043,2022,1997,2047,1899,2133,2059,2072
2033,2013,1995,2033,1930,2123,2059,2061
2028,2002,1983,2010,2031,2098,2059,2059
2028,2003,1992,2042,2221,2054,2059,2057
2039,2018,2009,2083,2289,2031,2052,2061
2041,2027,2022,2092,2240,2020,2045,2054
2035,2027,2026,2068,2116,1995,2035,2043
2029,2016,2032,2037,1989,1962,2031,2050
2036,2026,2048,2023,1904,1958,2064,2051
2037,2041,2064,2021,1879,1955,2060,2047
2048,2052,2068,2030,1896,1949,2030,2044
2056,2057,2074,2048,1900,1962,2052,2039
2057,2054,2085,2062,1920,1994,2052,2037
2059,2059,2101,2072,1927,2020,2053,2027
2059,2059,2107,2079,1966,2016,2026,2020
2060,2057,2100,2091,2033,2026,2000,2006
2049,2045,2093,2106,2168,2048,2002,2000
2051,2039,2088,2126,2271,2077,2037,2008
2049,2037,2067,2103,2196,2058,2010,2000
2038,2023,2047,2077,2164,2047,2024,2009
2036,2026,2049,2090,2171,2068,2050,2017
2050,2043,2050,2086,2134,2063,2063,2028
2050,2057,2061,2048,2032,2037,2041,2034
2057,2072,2065,1997,1884,1997,2028,2036
2062,2073,2068,1945,1737,1981,2025,2033
2060,2072,2074,1986,1858,2009,2011,2033
2059,2071,2077,2012,1937,2023,2003,2035
2059,2064,2082,2035,2068,2043,2021,2033
2053,2048,2072,2058,2161,2060,2028,2037
2046,2046,2065,2062,2146,2067,2029,2036
2034,2040,2052,2054,2151,2070,2026,2046
2040,2037,2043,2054,2155,2086,2040,2057
2041,2037,2053,2062,2143,2050,2027,2058
2048,2033,2054,2052,2109,2001,2041,2054
2039,2031,2054,2050,2067,1959,2032,2061
2034,2029,2046,2040,2020,1942,2023,2051
2025,2024,2034,2043,2013,1943,2024,2054
2024,2026,2037,2034,2019,1983,2019,2056
2026,2034,2038,2047,2084,2037,2048,2065
2050,2045,2061,2085,2156,2079,2071,2073
2057,2051,2064,2091,2143,2076,2073,2067
2060,2050,2055,2077,2102,2063,2060,2058
2057,2044,2058,2074,2087,2067,2058,2052
2051,2049,2060,2073,2057,2061,2047,2034
2050,2046,2064,2068,2030,2050,2017,2014
2036,2040,2049,2046,2004,2072,2049,2022
2039,2038,2043,2034,2018,2100,2046,2011
2044,2037,2045,2034,2062,2097,2059,2019
2049,2041,2038,2040,2101,2091,2051,2010
2052,2035,2040,2045,2128,2093,2059,2014
2048,2039,2037,2062,2160,2097,2061,2015
2053,2036,2036,2084,2222,2098,2049,2009
2045,2026,2032,2082,2221,2084,2044,2009
2045,2018,2030,2081,2180,2063,2054,2007
2048,2031,2036,2083,2112,2053,2044,2003
2045,2030,2032,2062,2005,2048,2042,1998
2047,2038,2036,2049,1973,2053,2039,2002
2056,2045,2042,2058,2014,2046,2046,2003
2044,2031,2034,2032,1979,2027,2031,1999
2040,2031,2021,2025,1950,2034,2015,2012
2043,2031,2025,2041,1976,2051,2036,2021
2053,2039,2035,2053,2025,2066,2050,2031
2055,2040,2035,2059,2057,2064,2043,2027
2046,2037,2031,2058,2059,2063,2039,2030
2036,2030,2021,2057,2055,2058,2033,2039
2031,2025,2014,2051,2042,2059,2036,2042
2035,2019,2006,2047,2031,2059,2029,2043
2030,2022,2009,2048,2028,2055,2038,2040
2028,2020,2016,2042,2030,2056,2045,2037
2020,2014,2020,2045,2038,2061,2044,2052
2034,2025,2028,2051,2071,2081,2058,2064
2049,2039,2044,2063,2100,2099,2058,2066
2046,2045,2057,2071,2109,2103,2058,2065
2052,2044,2058,2067,2097,2089,2050,2062
2058,2045,2045,2054,2101,2090,2053,2049
2063,2046,2050,2054,2107,2095,2056,2048
2061,2047,2040,2059,2065,2075,2050,2036
2055,2045,2037,2040,1996,2037,2038,2021
2053,2053,2042,2045,1997,2001,2038,2024
2054,2056,2047,2067,2028,1992,2041,2022
2055,2056,2060,2077,2044,2004,2031,2035
2059,2060,2061,2075,2051,2011,2046,2031
2056,2050,2060,2072,2055,2027,2038,2015
2044,2041,2048,2066,2053,2036,2048,2000
2035,2033,2042,2058,2050,2030,2046,1985
2027,2023,2036,2047,2034,2023,2041,1982
2029,2030,2042,2045,2030,2028,2053,1988
2036,2048,2076,2059,2032,2043,2065,1996
2053,2069,2093,2072,2043,2055,2064,2012
2057,2072,2088,2072,2045,2070,2053,2013
2056,2066,2077,2065,2042,2072,2045,2012
2052,2055,2065,2058,2037,2072,2046,2014
2048,2048,2058,2059,2042,2074,2044,2027
2049,2046,2058,2071,2088,2069,2044,2031
2042,2050,2060,2080,2096,2070,2042,2034
2047,2060,2071,2080,2084,2043,2056,2039
2056,2064,2075,2068,2063,2028,2040,2050
2058,2054,2063,2068,2057,2031,2043,2047
2052,2054,2061,2062,2062,2033,2019,2044
2049,2041,2052,2064,2060,2045,2045,2046
2039,2041,2052,2062,2060,2058,2040,2052
2031,2038,2044,2065,2054,2051,2043,2049
2024,2029,2036,2060,2052,2047,2035,2049
2022,2036,2034,2059,2051,2047,2033,2050
2036,2043,2042,2054,2048,2055,2039,2046
2043,2051,2048,2068,2052,2063,2039,2043
2044,2050,2050,2064,2057,2063,2045,2043
2045,2054,2056,2061,2068,2071,2047,2036
2051,2058,2054,2064,2060,2062,2045,2032
2046,2058,2052,2064,2064,2059,2051,2026
2058,2061,2061,2069,2064,2060,2042,2023
2053,2059,2059,2067,2069,2066,2036,2029
2054,2070,2059,2072,2077,2064,2038,2026
2061,2066,2056,2078,2082,2068,2051,2032
2062,2065,2064,2086,2099,2068,2058,2028
2059,2061,2050,2081,2102,2060,2049,2017
2052,2066,2052,2078,2069,2046,2040,2006
2047,2056,2042,2066,2058,2041,2033,2000
2044,2032,2022,2047,2021,2026,2024,1998
2038,2026,2020,2043,2018,1998,2010,2009
2048,2038,2033,2062,2076,1999,2026,2010
2041,2040,2035,2065,2043,2006,2031,2017
2040,2037,2028,2037,1922,2021,2044,2012
2046,2036,2024,2054,2015,2055,2052,2016
2051,2044,2031,2084,2104,2068,2055,2018
2050,2053,2042,2084,2102,2067,2070,2030
2050,2050,2042,2077,2096,2062,2058,2029
2042,2047,2048,2075,2090,2074,2052,2040
2046,2044,2046,2076,2084,2076,2045,2048
2047,2047,2048,2071,2084,2083,2043,2049
2047,2047,2052,2079,2084,2089,2082,2058
2049,2050,2066,2083,2087,2086,2080,2063
2051,2056,2064,2080,2068,2080,2090,2075
2060,2058,2066,2082,2071,2072,2088,2081
2055,2045,2053,2067,2084,2051,2073,2067
2050,2041,2054,2071,2082,2022,2072,2065
2050,2056,2062,2079,2076,2039,2073,2072
2051,2063,2064,2079,2064,2044,2064,2065
2053,2066,2066,2078,2052,2057,2064,2064
2065,2065,2061,2075,2053,2078,2062,2062
2060,2065,2063,2069,2036,2091,2045,2047
2055,2056,2055,2072,2030,2119,2056,2036
2050,2054,2057,2074,2062,2144,2057,2029
2048,2048,2053,2073,2065,2108,2054,2013
2036,2039,2047,2067,2053,1982,2034,2004
2028,2032,2039,2058,2030,1913,2023,1996
2023,2034,2042,2055,2045,1953,2038,2005
2033,2032,2041,2063,2063,1997,2062,2008
2038,2037,2049,2068,2054,2001,2039,2018
2042,2043,2044,2073,2053,2006,2046,2025
2058,2050,2046,2073,2058,2010,2039,2028
2053,2046,2044,2070,2060,2028,2038,2040
2064,2053,2056,2072,2073,2036,2062,2039
2068,2056,2054,2072,2060,2032,2043,2031
2057,2049,2044,2064,2055,2042,2050,2029
2046,2045,2043,2060,2053,2045,2047,2019
2045,2044,2040,2065,2060,2056,2039,2031
2046,2045,2044,2068,2066,2070,2054,2036
2050,2045,2041,2071,2086,2095,2063,2036
2050,2048,2037,2075,2090,2124,2064,2040
2057,2049,2043,2079,2094,2138,2090,2046
2056,2058,2043,2073,2098,2142,2080,2047
2053,2048,2037,2076,2096,2137,2075,2049
2053,2043,2036,2082,2097,2133,2067,2060
2049,2046,2035,2077,2080,2099,2068,2072
2053,2049,2034,2068,2074,2027,2051,2071
2052,2048,2029,2062,2065,2002,2043,2064
2045,2030,2024,2060,2057,2021,2033,2061
2042,2021,2021,2054,2057,2040,2021,2055
2044,2037,2032,2055,2047,2032,2047,2056
2043,2034,2032,2062,2048,2037,2036,2061
2044,2038,2036,2067,2057,2039,2045,2063
2047,2039,2034,2061,2055,2049,2042,2051
2043,2037,2037,2064,2062,2048,2030,2046
2040,2048,2049,2075,2075,2043,2027,2036
2047,2051,2054,2081,2072,2028,2039,2038
2045,2052,2050,2074,2075,2011,2058,2043
2054,2047,2047,2071,2077,2000,2054,2037
2054,2047,2040,2072,2075,1998,2053,2035
2052,2040,2033,2060,2068,1992,2057,2033
2048,2040,2038,2057,2057,1999,2062,2019
2043,2041,2042,2060,2053,2015,2050,2018
2043,2040,2043,2058,2046,2026,2046,2019
2040,2033,2036,2049,2038,2017,2054,2019
2036,2030,2041,2047,2041,2029,2067,2018
2049,2041,2054,2063,2063,2059,2078,2028
2059,2053,2064,2067,2076,2073,2087,2034
2064,2052,2062,2063,2080,2067,2052,2026
2064,2052,2055,2068,2078,2048,2036,2035
2062,2054,2056,2066,2059,2011,2041,2029
2064,2048,2058,2064,2044,1975,2024,2021
2059,2051,2058,2060,2029,1981,1996,2028
2052,2053,2064,2058,2023,1996,1998,2032
2051,2051,2072,2064,2054,2002,2029,2051
2064,2060,2082,2078,2084,2018,2046,2054
2067,2062,2084,2082,2104,2052,2061,2058
2058,2057,2080,2077,2098,2070,2053,2063
2043,2050,2072,2071,2079,2055,2051,2065
2043,2043,2070,2065,2056,2035,2046,2062
2042,2036,2053,2048,2042,2027,2038,2049
2031,2032,2041,2038,2051,2054,2045,2063
2037,2036,2048,2063,2074,2090,2060,2069
2050,2050,2058,2062,2064,2078,2065,2064
2049,2038,2056,2067,2056,2078,2054,2054
2049,2046,2055,2062,2069,2076,2065,2043
2042,2043,2050,2060,2075,2077,2048,2039
2038,2042,2051,2053,2076,2090,2062,2040
2038,2047,2048,2057,2076,2090,2053,2034
2042,2051,2047,2064,2082,2103,2043,2030
2043,2044,2047,2061,2085,2097,2039,2030
2041,2046,2053,2065,2089,2102,2042,2036
2046,2038,2047,2061,2088,2100,2052,2033
2036,2041,2045,2062,2077,2098,2053,2031
2047,2039,2043,2061,2081,2088,2059,2028
2043,2035,2038,2058,2081,2082,2055,2031
2047,2029,2036,2063,2085,2090,2057,2017
2040,2024,2031,2053,2073,2091,2051,2029
2040,2033,2038,2051,2062,2078,2059,2022
2050,2033,2039,2048,2033,2088,2034,2015
2037,2026,2033,2038,1986,2097,2036,2012
2039,2024,2034,2022,1954,2106,2023,1995
2034,2020,2029,2019,1932,2054,2021,2000
2034,2026,2032,2024,1955,2011,2025,2012
2032,2028,2037,2034,1987,1982,2032,2016
2041,2032,2044,2056,2037,1967,2038,2037
2047,2042,2058,2077,2091,1984,2052,2051
2047,2059,2073,2091,2139,2028,2061,2066
2044,2061,2077,2096,2152,2046,2052,2062
2050,2059,2069,2093,2137,2058,2032,2079
2048,2055,2069,2089,2124,2073,2029,2084
2052,2055,2062,2083,2099,2081,2052,2075
2055,2042,2052,2069,2060,2076,2052,2067
2042,2036,2050,2061,2038,2080,2062,2077
2050,2050,2059,2059,2037,2089,2061,2077
2064,2056,2065,2062,2038,2088,2072,2066
2054,2055,2061,2066,2038,2082,2074,2060
2056,2056,2061,2062,2038,2070,2049,2046
2050,2055,2064,2052,2020,2055,2059,2036
2039,2044,2061,2055,2019,2068,2056,2032
2036,2043,2053,2041,2036,2090,2062,2034
2042,2038,2045,2044,2077,2125,2093,2042
2055,2043,2058,2058,2098,2108,2080,2044
2053,2050,2058,2068,2084,2062,2064,2040
2061,2051,2061,2068,2059,2020,2050,2036
2061,2055,2064,2057,2045,1993,2039,2033
2057,2054,2058,2057,2048,2000,2028,2028
2060,2050,2058,2066,2060,2013,2036,2028
2057,2043,2048,2064,2066,2027,2038,2014
2040,2035,2049,2057,2061,2042,2046,2009
2044,2043,2058,2052,2057,2063,2056,2002
2042,2038,2051,2043,2042,2088,2039,2011
2033,2041,2052,2038,2038,2101,2039,2025
2032,2038,2048,2037,2037,2105,2050,2019
2037,2034,2050,2040,2038,2092,2062,2019
2041,2036,2054,2046,2047,2042,2069,2038
2050,2054,2061,2077,2087,2007,2073,2046
2053,2048,2060,2080,2072,2050,2074,2040
2050,2039,2056,2076,2074,2060,2068,2042
2044,2035,2053,2068,2079,2065,2079,2054
2050,2045,2056,2074,2064,2066,2095,2063
2049,2044,2060,2076,2069,2049,2075,2066
2052,2047,2069,2081,2057,2010,2057,2081
2050,2050,2073,2073,2052,2014,2060,2078
2046,2045,2057,2051,2034,2042,2038,2066
2037,2036,2046,2037,1997,2054,2051,2059
2030,2037,2041,2029,1960,2064,2052,2062
2031,2030,2036,2019,1946,2061,2053,2062
2035,2031,2036,2027,1960,2024,2053,2072
2040,2040,2047,2054,2043,2018,2070,2078
2047,2038,2051,2064,2135,2047,2066,2060
2046,2039,2048,2066,2191,2068,2061,2037
2044,2039,2050,2069,2192,2075,2064,2025
2049,2047,2049,2077,2196,2091,2072,2013
2053,2047,2044,2079,2187,2084,2077,2016
2062,2044,2040,2072,2162,2068,2061,2010
2049,2040,2045,2061,2117,2038,2041,2001
2037,2036,2042,2058,2069,2033,2039,2007
2044,2042,2046,2044,1936,2018,2036,2001
2047,2043,2051,2026,1842,1988,2028,2000
2050,2041,2042,2026,1919,1986,2029,2002
2040,2035,2044,2037,1990,2007,2048,2014
2052,2047,2054,2045,2009,2026,2060,2018
2054,2050,2060,2052,1973,2041,2065,2030
2058,2057,2070,2049,1957,2044,2078,2032
2051,2060,2074,2047,1969,2058,2075,2037
2053,2052,2069,2040,1974,2062,2053,2035
2044,2047,2066,2034,2004,2102,2064,2036
2042,2046,2066,2032,2048,2136,2070,2045
2049,2045,2068,2041,2072,2129,2076,2053
2044,2039,2057,2045,2084,2022,2055,2056
2038,2037,2045,2042,2086,1991,2045,2052
2037,2030,2046,2048,2097,2062,2068,2066
2041,2033,2053,2050,2091,2074,2054,2074
2043,2036,2059,2043,2067,2036,2049,2078
2052,2042,2060,2041,2052,2010,2053,2080
2040,2033,2051,2048,2048,2008,2027,2079
2045,2034,2049,2050,2051,2025,2035,2088
2046,2046,2052,2048,2041,2052,2055,2083
2051,2044,2050,2042,2044,2077,2046,2074
2063,2043,2053,2041,2036,2069,2066,2062
2065,2045,2047,2043,2015,2052,2059,2070
2074,2048,2046,2031,1973,2025,2054,2069
2064,2044,2046,2019,1932,2007,2040,2058
2068,2040,2042,2002,1934,1990,2017,2044
2050,2032,2036,1994,1952,1983,2025,2045
2056,2040,2049,2034,2049,1994,2055,2052
2063,2054,2052,2055,2108,2015,2057,2046
2056,2043,2048,2054,2147,2043,2042,2040
2061,2051,2051,2075,2216,2086,2031,2036
2063,2054,2052,2075,2194,2129,2041,2036
2061,2055,2058,2079,2167,2118,2053,2036
2051,2038,2050,2054,2090,2076,2055,2024
2032,2027,2040,2012,1985,2015,2031,2028
2031,2036,2043,1990,1894,1976,2014,2040
2035,2039,2044,1990,1880,2029,2011,2040
2037,2036,2036,2002,1960,2107,2041,2031
2037,2027,2029,2018,2032,2152,2069,2051
2052,2042,2053,2068,2101,2182,2084,2063
2068,2053,2064,2076,2067,2138,2090,2058
2061,2046,2050,2057,2014,1989,2061,2064
2056,2043,2040,2051,2064,1915,2063,2077
2062,2040,2040,2053,2085,1931,2058,2089
2063,2037,2038,2036,2017,1968,2058,2080
2055,2036,2031,2026,1987,2031,2064,2074
2050,2020,2021,2021,2000,2051,2059,2062
2040,2017,2015,2013,2014,2053,2051,2047
2037,2011,2017,2011,2069,2026,2042,2043
2027,1999,2015,2031,2151,2011,2055,2054
2024,2001,2025,2055,2172,2022,2069,2065
2033,2015,2036,2074,2172,2033,2061,2073
2039,2012,2024,2061,2159,2035,2068,2072
2043,2018,2029,2055,2143,2059,2052,2067
2041,2029,2037,2051,2116,2082,2057,2062
2043,2026,2034,2024,2002,2057,2023,2038
2041,2030,2042,2006,1911,2028,2034,2029
2047,2044,2061,2040,1976,2038,2041,2028
2044,2040,2076,2055,2019,2051,2054,2031
2053,2044,2076,2067,2034,2046,2061,2032
2057,2049,2071,2069,2037,2044,2036,2026
2055,2046,2055,2061,2036,2027,2037,2027
2041,2049,2043,2064,2043,2025,2029,2027
2043,2042,2033,2058,2043,2034,2016,2030
2041,2040,2019,2058,2034,2033,2024,2030
2034,2025,2012,2050,2022,2023,2023,2040
2038,2026,2007,2055,2035,2032,2035,2042
2065,2058,2021,2064,2037,2061,2060,2032
2062,2057,2022,2069,2053,2097,2055,2025
2048,2043,2009,2052,2078,2109,2057,2028
2042,2028,2000,2048,2076,2115,2047,2035
2038,2016,1998,2051,2063,2089,2058,2040
2044,2022,2014,2066,2043,2072,2052,2053
2044,2037,2034,2074,2073,2091,2057,2054
2050,2048,2058,2070,2081,2123,2051,2073
2066,2054,2059,2062,2071,2125,2047,2078
2062,2042,2043,2039,2068,2108,2049,2100
2068,2034,2028,2038,2081,2087,2069,2097
2065,2032,2027,2037,2106,2045,2059,2097
2072,2040,2034,2035,2103,2016,2043,2084
2057,2036,2026,2010,2046,1986,2024,2074
2038,2021,2012,2000,1961,1990,2030,2064
2032,2021,2009,1996,1895,1991,2024,2056
2038,2041,2026,2011,1890,2010,2024,2050
2047,2054,2038,2030,1924,2011,2015,2058
2051,2060,2043,2032,1967,1983,2040,2077
2050,2040,2026,2045,2023,1984,2033,2077
2046,2038,2032,2045,2105,2038,2020,2069
2060,2043,2041,2051,2139,2084,2038,2071
2069,2055,2050,2043,2119,2084,2056,2058
2060,2057,2042,2011,2060,2053,2042,2053
2050,2058,2038,2001,2023,2044,2029,2057
2061,2064,2042,2022,2077,2051,2047,2061
2067,2066,2047,2021,2070,2056,2029,2053
2061,2059,2034,2001,2003,2033,2007,2046
2054,2051,2027,1973,1866,2013,2014,2037
2043,2040,2014,1973,1916,2040,2018,2023
2029,2029,2005,1987,1973,2053,2031,2013
2022,2018,2020,1993,1996,2067,2051,2027
2036,2034,2035,1996,2017,2074,2083,2029
2041,2032,2037,1997,2025,2062,2056,2028
2044,2036,2044,1993,2049,2052,2056,2036
2051,2036,2050,1996,2069,2058,2063,2030
2049,2037,2057,1999,2063,2062,2048,2031
2049,2041,2066,2000,2069,2075,2029,2039
2047,2049,2067,2003,2063,2086,2056,2049
2052,2053,2071,2015,2045,2075,2054,2052
2056,2058,2066,2014,2029,2072,2061,2067
2062,2056,2067,2014,2027,2052,2061,2081
2058,2052,2068,2022,2036,2010,2036,2085
2060,2053,2059,2030,2047,2006,2039,2078
2058,2044,2053,2029,2048,2022,2040,2082
2054,2046,2040,2025,2050,2064,2050,2082
2046,2034,2042,2023,2045,2097,2051,2094
2053,2034,2049,2033,2040,2114,2072,2098
2058,2057,2060,2030,2021,2098,2072,2091
2053,2042,2055,2022,2010,2048,2056,2086
2055,2043,2061,2039,2021,2006,2048,2092
2061,2056,2073,2051,2006,2008,2045,2096
2071,2068,2103,2061,1982,2033,2068,2097
2078,2075,2117,2066,2012,2072,2062,2081
2061,2072,2114,2054,2021,2071,2052,2059
2059,2065,2116,2053,2028,2070,2053,2061
2069,2070,2123,2068,2038,2076,2059,2058
2070,2077,2127,2088,2055,2081,2072,2061
2070,2075,2132,2109,2070,2062,2066,2058
2072,2071,2118,2116,2064,2031,2055,2049
2070,2056,2110,2115,2066,2018,2043,2034
2064,2056,2097,2117,2055,1981,2049,2024
2056,2053,2090,2116,2039,1982,2041,2024
2047,2051,2087,2116,2037,2022,2032,2034
2061,2064,2085,2114,2028,2062,2049,2030
2062,2046,2065,2087,2009,2077,2064,2024
2043,2036,2041,2068,2009,2070,2061,2036
2048,2039,2025,2052,2003,2072,2076,2054
2051,2052,2030,2050,2001,2067,2072,2055
2051,2056,2026,2044,1994,2051,2071,2059
2047,2061,2023,2036,1993,2039,2066,2057
2059,2047,2006,2020,2012,2042,2070,2070
2050,2040,1988,2013,2032,2043,2052,2069
2047,2039,1975,2011,2061,2062,2060,2071
2045,2029,1976,2016,2101,2079,2061,2082
2046,2028,1971,1997,2082,2062,2048,2090
2047,2022,1946,1978,2050,2047,2058,2093
2063,2022,1949,1979,2074,2049,2047,2085
2055,2016,1963,1997,2069,2059,2042,2089
2050,2027,1983,2028,2052,2058,2038,2085
2060,2037,1995,2035,2051,2058,2045,2081
2050,2036,2004,2029,2034,2064,2043,2070
2047,2028,2016,2021,2026,2088,2039,2063
2043,2029,2019,2026,2018,2099,2029,2058
2045,2041,2040,2030,2024,2111,2045,2057
2060,2058,2066,2032,2021,2099,2036,2046
2060,2069,2082,2025,2005,2020,2029,2040
2057,2064,2096,2011,1977,1997,2021,2034
2052,2065,2103,2020,1968,2006,2030,2036
2055,2060,2115,2032,2014,2020,2038,2036
2053,2054,2111,2038,2047,2022,2024,2035
2060,2060,2099,2050,2036,2023,2021,2038
2061,2053,2086,2055,2044,2042,2058,2038
2054,2038,2056,2041,2055,2042,2044,2024
2041,2026,2034,2028,2059,2046,2040,2022
2044,2033,2045,2030,2057,2048,2051,2027
2043,2044,2045,2031,2058,2046,2052,2037
2049,2049,2030,2026,2044,2041,2054,2040
2054,2054,2012,2023,2045,2044,2051,2051
2060,2047,2004,2025,2055,2050,2058,2052
2066,2044,1999,2028,2052,2053,2058,2059
2057,2046,1999,2021,2052,2058,2046,2061
2052,2042,2000,2006,2042,2059,2051,2067
2056,2042,2003,1994,2033,2052,2059,2070
2049,2038,2031,1998,2039,2056,2043,2079
2058,2054,2066,2014,2049,2057,2040,2087
2061,2059,2075,1999,2046,2061,2053,2096
2067,2054,2067,1988,2049,2054,2061,2098
2064,2049,2061,1992,2044,2056,2063,2100
2063,2045,2045,1998,2036,2042,2055,2096
2049,2029,2027,2008,2044,2045,2048,2096
2058,2035,2035,2012,2044,2054,2045,2092
2054,2038,2026,2020,2037,2057,2056,2085
2057,2032,2024,2020,2038,2056,2052,2082
2051,2032,2007,2016,2033,2049,2050,2077
2052,2030,1992,2025,2038,2054,2045,2077
2060,2031,1982,2037,2041,2046,2050,2077
2057,2019,1954,2032,2046,2052,2057,2062
2059,2015,1950,2056,2051,2053,2063,2062
2078,2029,1985,2078,2047,2056,2050,2050
2077,2025,2000,2087,2044,2046,2039,2038
2062,2015,2003,2081,2040,2045,2044,2028
2049,2014,2009,2081,2038,2049,2040,2027
2034,2013,2011,2086,2043,2049,2039,2023
2034,2020,2014,2092,2046,2049,2038,2022
2030,2022,2020,2093,2038,2042,2035,2022
2033,2026,2037,2103,2049,2057,2046,2035
2046,2045,2060,2111,2072,2076,2065,2044
2058,2062,2057,2114,2073,2074,2070,2037
2045,2050,2043,2093,2065,2073,2078,2036
2041,2037,2026,2072,2049,2064,2077,2043
2029,2026,2010,2037,2034,2054,2065,2034
2025,2016,1994,1998,2018,2043,2059,2043
2030,2010,1980,1975,2015,2035,2048,2044
2031,2016,1991,1980,2029,2050,2048,2052
2049,2029,2023,2008,2029,2053,2051,2062
2054,2049,2051,2010,2008,2052,2065,2077
2063,2052,2044,2016,2029,2050,2055,2098
2064,2046,2020,2021,2040,2052,2057,2094
2047,2037,2012,2041,2051,2057,2053,2086
2044,2031,2003,2039,2056,2057,2060,2085
2034,2017,1982,2037,2039,2046,2040,2070
2017,2011,1991,2040,2030,2044,2027,2072
2024,2019,2005,2052,2033,2042,2036,2087
2040,2032,2032,2055,2026,2042,2039,2086
2045,2039,2061,2048,2021,2036,2038,2084
2046,2039,2073,2031,2011,2033,2020,2074
2041,2035,2081,2014,1993,2022,2030,2064
2045,2041,2106,1996,1992,2022,2033,2066
2043,2056,2135,1980,1992,2024,2046,2054
2052,2077,2154,1979,1995,2032,2028,2056
2062,2096,2146,2003,2025,2049,2056,2058
2072,2106,2155,2027,2044,2064,2070,2066
2075,2101,2165,2045,2045,2063,2060,2054
2064,2087,2136,2043,2048,2062,2058,2053
2059,2078,2102,2035,2037,2056,2051,2056
2060,2080,2086,2041,2037,2058,2049,2049
2060,2066,2072,2032,2030,2048,2039,2047
2054,2059,2064,2039,2031,2042,2054,2045
2062,2065,2062,2050,2037,2046,2040,2048
2058,2061,2062,2041,2035,2040,2035,2042
2055,2056,2052,2035,2030,2034,2057,2049
2052,2044,2033,2031,2023,2032,2059,2042
2052,2039,2026,2029,2023,2033,2051,2049
2059,2056,2046,2053,2038,2037,2053,2054
2067,2068,2076,2072,2046,2050,2049,2062
2067,2079,2115,2095,2045,2057,2059,2070
2071,2083,2124,2102,2049,2058,2047,2076
2069,2081,2115,2100,2051,2064,2041,2081
2071,2075,2103,2099,2046,2056,2041,2090
2065,2066,2092,2077,2038,2045,2055,2089
2060,2061,2090,2066,2030,2040,2052,2076
2046,2058,2083,2056,2030,2045,2056,2085
2049,2060,2077,2058,2027,2050,2054,2086
2048,2052,2071,2046,2023,2048,2052,2094
2060,2066,2062,2044,2025,2049,2055,2090
2062,2054,2043,2042,2019,2043,2049,2087
2056,2055,2025,2044,2010,2055,2036,2080
2060,2053,2008,2045,2013,2056,2048,2080
2058,2051,2001,2049,2017,2055,2038,2078
2059,2048,2002,2054,2014,2049,2032,2061
2053,2045,2009,2066,2031,2053,2039,2046
2051,2059,2020,2075,2042,2058,2052,2041
2055,2065,2030,2076,2053,2064,2062,2046
2053,2063,2028,2081,2054,2064,2055,2040
2058,2049,2018,2087,2060,2059,2056,2043
2057,2046,2015,2105,2058,2060,2053,2040
2051,2040,2013,2105,2055,2052,2056,2035
2049,2028,2000,2101,2047,2053,2056,2030
2041,2027,1977,2096,2043,2045,2040,2029
2040,2029,1991,2119,2062,2047,2036,2032
2054,2045,2022,2132,2074,2053,2056,2041
2053,2052,2027,2121,2066,2044,2054,2039
2047,2035,2017,2078,2039,2029,2046,2042
2043,2029,2017,2035,2017,2015,2045,2040
2041,2033,2029,2021,2003,2005,2034,2044
2040,2035,2054,2026,2008,2012,2047,2049
2044,2057,2086,2048,2022,2028,2032,2061
2051,2075,2108,2056,2025,2036,2044,2078
2058,2081,2086,2036,2019,2039,2049,2090
2060,2073,2071,2012,2005,2046,2058,2092
2061,2068,2066,2001,2006,2059,2067,2091
2059,2066,2068,1997,2015,2069,2067,2097
2059,2068,2070,2008,2045,2080,2066,2103
2067,2076,2072,2009,2046,2072,2055,2101
2061,2062,2059,1978,2013,2041,2048,2090
2043,2042,2046,1957,2007,2028,2045,2088
2046,2049,2062,1950,1995,2038,2040,2091
2043,2059,2062,1952,2010,2057,2055,2094
2053,2055,2041,1949,2013,2069,2073,2092
2057,2050,2023,1965,2010,2073,2073,2082
2059,2037,2029,1978,2011,2072,2074,2080
2054,2039,2025,1983,2022,2083,2063,2072
2058,2042,2025,1991,2032,2085,2064,2068
2059,2035,2012,1993,2034,2077,2054,2055
2063,2033,2003,2011,2034,2082,2072,2052
2063,2028,2012,2043,2048,2080,2066,2054
2067,2029,2024,2060,2037,2041,2058,2046
2063,2029,2035,2066,2035,2022,2042,2034
2049,2019,2019,2064,2031,2018,2043,2028
2053,2026,2012,2066,2026,2019,2046,2026
2045,2012,1995,2052,1993,1989,2045,2017
2034,2000,1982,2049,1973,1982,2047,2021
2045,2011,2009,2056,1977,2012,2052,2034
2039,2015,2022,2052,1969,2022,2048,2030
2040,2021,2032,2047,1993,2031,2055,2036
2052,2031,2049,2073,2030,2040,2067,2033
2054,2047,2067,2087,2060,2044,2052,2034
2046,2059,2081,2107,2078,2072,2060,2043
2051,2065,2076,2101,2061,2092,2073,2054
2052,2051,2061,2059,2016,2059,2040,2056
2031,2027,2034,2024,1977,2021,2026,2050
2032,2030,2024,1996,1942,2042,2020,2037
2030,2041,2044,1984,1905,2034,2000,2039
2043,2071,2088,1992,1896,1985,2017,2068
2066,2093,2099,2014,1925,2000,2042,2086
2072,2090,2090,2015,1960,1997,2063,2108
2071,2076,2075,2021,2026,1986,2069,2117
2066,2065,2076,2022,2085,2033,2066,2103
2065,2052,2064,2017,2071,2047,2066,2093
2056,2026,2052,2008,2080,2045,2061,2086
2046,2027,2054,2011,2054,2032,2040,2072
2044,2034,2072,2030,2018,2023,2057,2078
2065,2063,2100,2063,2017,2021,2041,2082
2071,2079,2112,2083,2015,1984,2022,2072
2072,2071,2103,2092,2029,1973,2023,2073
2071,2072,2091,2126,2091,1994,2023,2076
2075,2071,2075,2139,2142,2028,2041,2072
2061,2052,2029,2132,2162,2087,2040,2052
2049,2033,1996,2116,2160,2147,2082,2050
2050,2026,1960,2098,2139,2183,2092,2047
2047,2008,1927,2060,2094,2210,2085,2042
2047,2005,1923,2040,2066,2183,2062,2019
2031,2006,1931,2037,2046,2086,2048,1998
2027,2011,1968,2040,2031,1980,2042,1999
2033,2019,1989,2044,2034,1975,2067,2024
2041,2021,1991,2029,2017,2009,2081,2036
2048,2020,1994,2025,2021,2031,2077,2037
2054,2033,2006,2028,2048,2031,2065,2037
2053,2034,2006,2028,2054,2048,2073,2032
2057,2034,2010,2040,2054,2064,2080,2045
2049,2038,2012,2048,2033,2060,2082,2049
2053,2040,2016,2049,2027,2053,2076,2057
2057,2041,2037,2060,2044,2041,2061,2066
2055,2053,2064,2064,2033,2040,2059,2075
2056,2066,2092,2054,1962,2029,2045,2078
2052,2076,2095,2056,1966,2033,2040,2077
2054,2072,2084,2051,1941,2028,2036,2070
2045,2050,2048,2013,1935,2016,2032,2067
2032,2028,2026,2009,2014,1997,2037,2076
2040,2041,2047,2029,2098,2023,2057,2098
2067,2073,2080,2042,2142,2064,2088,2112
2076,2067,2085,2060,2180,2100,2092,2120
2080,2068,2094,2091,2210,2106,2102,2112
2088,2069,2119,2122,2177,2089,2091,2097
2083,2065,2119,2122,2139,2065,2081,2080
2070,2062,2116,2118,2114,2059,2075,2063
2065,2053,2106,2108,2101,2056,2080,2057
2052,2052,2078,2076,2030,2044,2062,2045
2038,2031,2042,2047,2030,2036,2055,2035
2046,2027,2029,2020,2026,2033,2061,2046
2050,2037,2041,2025,2034,2024,2050,2044
2063,2060,2081,2016,1980,2018,2053,2043
2075,2074,2095,2012,1911,2008,2057,2051
2078,2070,2084,2025,1963,1999,2048,2049
2070,2064,2086,2033,2011,2006,2052,2046
2066,2054,2093,2029,2042,2018,2056,2045
2057,2051,2075,2011,2044,2030,2056,2039
2045,2043,2061,1990,2030,2036,2059,2038
2047,2052,2074,1984,2030,2052,2044,2036
2053,2062,2091,1978,2020,2055,2083,2050
2065,2065,2085,1970,1977,2052,2082,2059
2063,2060,2091,1974,1943,2045,2075,2065
2056,2059,2087,1992,1924,2050,2068,2060
2049,2062,2082,2000,1943,2068,2054,2062
2044,2050,2053,2008,1982,2071,2070,2069
2043,2034,2031,2018,1996,2080,2070,2068
2048,2026,2037,2042,2016,2081,2083,2093
2053,2025,2049,2071,2043,2034,2078,2104
2063,2028,2046,2075,2083,2015,2077,2104
2063,2017,2025,2072,2108,2037,2065,2084
2027,1988,1980,2047,2096,2045,2036,2058
2008,1988,1971,2049,2092,2060,2051,2061
2026,2023,1993,2068,2080,2080,2075,2074
2050,2034,1992,2071,2072,2089,2053,2077
2061,2036,1979,2064,2058,2085,2057,2074
2055,2030,1963,2048,2046,2071,2065,2073
2045,2024,1951,2034,2022,2072,2070,2069
2040,2025,1954,2023,2003,2066,2059,2062
2037,2034,1981,2008,1993,2063,2060,2062
2050,2057,2020,1999,1975,2013,2029,2051
2053,2049,2023,1984,1981,1958,2018,2042
2037,2044,2043,1981,1989,1942,2032,2040
2051,2073,2099,2011,2022,1980,2041,2043
2069,2099,2143,2032,2039,2011,2043,2043
2079,2109,2163,2047,2056,2032,2054,2043
2081,2109,2166,2075,2063,2042,2053,2037
2066,2094,2154,2076,2060,2044,2065,2038
2058,2080,2127,2071,2046,2032,2067,2033
2054,2080,2115,2067,2037,2030,2053,2033
2056,2066,2106,2059,2026,2032,2066,2033
2054,2057,2093,2051,2033,2038,2062,2040
2048,2064,2089,2062,2059,2045,2059,2054
2051,2060,2090,2068,2070,2051,2061,2057
2056,2062,2075,2078,2062,2048,2061,2055
2056,2059,2065,2066,2054,2049,2056,2065
2052,2061,2061,2069,2039,2038,2057,2060
2051,2060,2060,2066,2036,2037,2062,2062
2052,2049,2054,2058,2008,2031,2060,2076
2054,2037,2045,2049,1985,2018,2053,2086
2057,2028,2033,2041,1960,2009,2056,2079
2041,2024,2041,2046,1990,2014,2058,2072
2046,2032,2049,2064,2009,2026,2050,2081
2042,2036,2057,2080,2000,2018,2047,2070
2043,2031,2064,2070,1980,2008,2046,2067
2043,2036,2061,2073,1995,2026,2048,2069
2038,2052,2068,2100,2041,2050,2035,2080
2045,2063,2073,2115,2079,2056,2041,2087
2038,2059,2062,2113,2113,2074,2061,2086
2051,2066,2065,2111,2124,2091,2054,2089
2057,2066,2057,2096,2082,2081,2066,2071
2051,2068,2055,2078,2054,2069,2054,2058
2047,2066,2060,2067,2053,2069,2058,2038
2047,2071,2067,2065,2039,2063,2054,2045
2047,2076,2077,2064,2030,2068,2052,2043
2058,2089,2099,2052,2039,2071,2059,2042
2057,2087,2088,2040,2027,2042,2053,2036
2048,2078,2065,2020,2015,2033,2052,2035
2052,2062,2040,1996,2006,2050,2051,2028
2044,2043,2010,1984,1998,2047,2054,2030
2035,2029,2009,1998,2006,2047,2074,2038
2044,2050,2027,2018,2026,2059,2066,2044
2052,2047,2040,2029,2042,2055,2077,2044
2055,2043,2048,2037,2044,2048,2075,2052
2054,2041,2046,2042,2040,2034,2073,2056
2058,2045,2057,2051,2033,2016,2062,2061
2057,2042,2052,2052,2036,2019,2058,2059
2055,2034,2052,2052,2029,2011,2058,2054
2054,2045,2063,2061,2045,2011,2068,2067
2062,2054,2065,2067,2044,2018,2069,2073
2048,2041,2049,2051,2027,2024,2040,2068
2029,2037,2046,2055,2020,2040,2051,2067
2029,2032,2054,2049,2020,2054,2071,2078
2032,2032,2053,2042,2008,2046,2077,2090
2036,2039,2047,2037,2005,2056,2074,2097
2042,2035,2042,2027,1997,2061,2056,2089
2046,2040,2053,2034,2012,2022,2060,2104
2060,2061,2070,2051,2056,2024,2058,2111
2069,2069,2068,2050,2065,2030,2061,2106
2073,2059,2059,2053,2049,2034,2058,2092
2057,2052,2049,2041,2044,2040,2066,2081
2053,2046,2043,2038,2048,2057,2063,2063
2050,2045,2040,2045,2041,2093,2081,2054
2052,2055,2043,2042,2033,2097,2069,2053
2053,2052,2042,2041,2025,2083,2057,2048
2054,2055,2045,2046,2018,2083,2056,2041
2052,2042,2036,2037,2019,2047,2032,2043
2047,2035,2029,2029,2009,2018,2037,2042
2046,2040,2034,2034,1996,2022,2031,2041
2047,2049,2057,2050,1993,2038,2031,2041
2047,2058,2087,2063,1986,2013,2038,2039
2045,2055,2083,2064,1997,1950,2033,2034
2041,2053,2083,2075,2024,1943,2006,2040
2051,2053,2076,2086,2045,1982,2044,2043
2050,2046,2065,2097,2050,2006,2049,2039
2051,2050,2062,2100,2050,2023,2056,2042
2054,2054,2061,2105,2037,2046,2076,2049
2056,2057,2051,2104,2015,2043,2064,2049
2054,2054,2039,2104,2031,2032,2063,2048
2049,2045,2027,2100,2027,2027,2033,2044
2044,2045,2023,2099,2003,2018,2030,2052
2044,2054,2023,2104,2012,2027,2039,2066
2054,2053,2018,2103,2014,2054,2034,2081
2053,2049,2007,2090,2045,2070,2074,2088
2051,2040,1992,2056,2057,2069,2062,2086
2049,2029,1980,2027,2040,2065,2056,2089
2053,2028,1967,1992,2015,2071,2044,2088
2041,2011,1952,1978,2068,2069,2038,2078
2034,2007,1939,1985,2112,2056,2031,2077
2037,2024,1948,2007,2166,2028,2049,2087
2042,2034,1956,2026,2172,2052,2041,2082
2043,2049,1967,2029,2112,2061,2040,2068
2042,2050,1974,2025,2027,2062,2033,2058
2038,2054,2000,2006,1869,2071,2029,2045
2045,2053,2010,1999,1803,2034,2024,2041
2045,2054,2017,2013,1838,1979,2002,2052
2040,2045,2034,2011,1843,1971,2010,2042
2038,2046,2055,2016,1772,1941,2007,2059
2049,2061,2098,2040,1850,1936,2037,2066
2062,2081,2115,2088,1992,1975,2071,2070
2068,2076,2109,2114,2094,2021,2068,2059
2061,2054,2084,2109,2147,2055,2068,2048
2057,2046,2068,2087,2118,2049,2060,2031
2040,2030,2070,2064,2042,2016,2041,2029
2029,2032,2096,2037,1989,1992,2039,2024
2032,2052,2137,2054,1988,2009,2055,2042
2051,2077,2160,2069,2009,2023,2056,2034
2040,2078,2154,2073,2038,2038,2052,2028
2040,2079,2149,2076,2093,2077,2056,2046
2055,2092,2143,2077,2077,2085,2056,2061
2059,2094,2137,2073,2055,2055,2057,2057
2066,2088,2122,2068,2037,2044,2057,2073
2065,2083,2094,2043,2038,2052,2066,2072
2057,2072,2071,2029,2023,2054,2061,2073
2051,2068,2077,2034,2071,2057,2055,2065
2045,2060,2077,2038,2095,2055,2047,2071
2038,2057,2076,2037,2085,2047,2040,2074
2036,2046,2075,2031,2070,2048,2041,2081
2047,2056,2087,2040,2076,2061,2049,2084
2044,2054,2075,2040,2071,2060,2020,2083
2035,2046,2067,2042,2062,2049,2047,2087
2043,2051,2058,2054,2047,2047,2040,2094
2054,2057,2058,2064,2037,2042,2053,2088
2057,2062,2069,2087,2036,2040,2043,2087
2060,2069,2080,2096,2050,2052,2037,2084
2063,2078,2084,2092,2061,2051,2040,2076
2055,2063,2086,2089,2059,2052,2049,2077
2056,2067,2082,2084,2072,2056,2040,2071
2056,2057,2070,2082,2069,2045,2044,2063
2052,2052,2070,2091,2080,2027,2029,2065
2054,2048,2074,2089,2072,2021,2027,2053
2051,2049,2060,2078,2033,2055,2042,2040
2046,2039,2042,2053,1989,2076,2040,2035
2049,2034,2029,2039,1964,2066,2036,2031
2042,2032,2020,2011,1953,2043,2020,2032
2045,2031,2007,1988,1965,2014,2033,2045
2045,2026,2010,2017,2021,1982,2046,2050
2052,2034,2017,2022,2036,2015,2036,2050
2047,2048,2017,2012,2019,2036,2032,2041
2046,2048,2018,2024,2032,2054,2060,2041
2055,2050,2018,2033,2054,2059,2063,2051
2041,2046,2018,2035,2058,2050,2050,2052
2045,2048,2021,2043,2083,2050,2058,2062
2058,2064,2045,2059,2105,2059,2053,2071
2068,2083,2065,2060,2075,2081,2077,2079
2078,2088,2068,2061,2058,2098,2078,2086
2076,2079,2050,2050,2035,2071,2074,2085
2065,2063,2031,2046,2027,2058,2063,2082
2058,2051,2032,2044,1999,2049,2059,2087
2046,2044,2038,2035,1973,2051,2060,2091
2039,2052,2046,2043,1955,2068,2057,2096
2041,2065,2065,2056,1964,2059,2055,2094
2041,2060,2063,2055,2012,2071,2060,2085
2043,2049,2060,2064,2064,2099,2053,2092
2054,2070,2080,2088,2126,2101,2075,2096
2063,2076,2084,2102,2144,2088,2075,2100
2072,2076,2086,2106,2093,2108,2077,2095
2073,2072,2076,2076,2050,2120,2064,2089
2069,2062,2055,2056,2039,2110,2056,2077
2061,2068,2050,2046,2070,2104,2057,2061
2057,2068,2051,2042,2110,2065,2057,2058
2049,2070,2054,2055,2165,2019,2057,2058
2047,2067,2057,2067,2190,2011,2068,2058
2052,2061,2057,2062,2126,2002,2074,2064
2058,2061,2060,2057,2059,2014,2068,2056
2059,2051,2054,2044,2049,1983,2049,2041
2047,2039,2043,2021,1999,1953,2019,2028
2042,2030,2025,2013,1931,1947,2016,2018
2035,2020,2029,2049,1987,1949,2011,2008
2025,2016,2034,2068,2011,1945,2031,2007
2032,2036,2058,2057,1998,1956,2031,2011
2034,2049,2061,2040,1994,1984,2038,2025
2047,2051,2057,2036,2013,2024,2050,2027
2051,2053,2050,2046,2025,2051,2037,2043
2054,2052,2053,2045,2013,2059,2047,2053
2049,2053,2048,2044,2001,2062,2048,2055
2049,2052,2046,2042,1999,2059,2030,2057
2041,2045,2036,2039,2011,2042,2047,2057
2036,2033,2031,2037,2025,2042,2037,2055
2027,2034,2026,2041,2032,2045,2041,2059
2021,2031,2030,2041,2028,2065,2054,2068
2033,2035,2039,2040,2022,2092,2071,2074
2037,2046,2043,2045,2037,2110,2072,2087
2037,2062,2044,2048,2047,2099,2041,2084
2039,2056,2037,2043,2034,2112,2036,2078
2036,2041,2023,2029,1968,2144,2033,2080
2045,2041,2017,2016,1917,2101,2027,2068
2042,2033,2012,2015,1923,2053,2013,2053
2039,2036,2014,2022,1983,2001,2007,2062
2056,2051,2045,2063,2079,1923,2027,2094
2077,2078,2080,2091,2136,1897,2041,2093
2084,2090,2094,2108,2164,1921,2040,2079
2073,2090,2102,2113,2211,1995,2040,2064
2067,2083,2095,2112,2200,2049,2047,2051
2059,2080,2097,2128,2210,2070,2057,2060
2066,2084,2101,2134,2197,2094,2070,2056
2053,2070,2084,2111,2117,2104,2064,2054
2045,2060,2064,2085,2079,2123,2085,2054
2041,2066,2061,2098,2123,2109,2087,2058
2057,2066,2054,2092,2091,2085,2080,2048
2046,2050,2027,2045,1987,2029,2055,2042
2051,2038,2014,2010,1872,1975,2046,2051
2054,2044,2015,1980,1795,1935,2031,2034
2044,2028,2008,1975,1824,1965,2022,2034
2051,2030,2024,2029,1927,2013,2046,2035
2055,2046,2040,2083,2016,2053,2048,2030
2048,2045,2048,2098,2071,2068,2056,2035
2043,2048,2049,2111,2100,2051,2059,2052
2043,2052,2047,2129,2111,2033,2036,2060
2042,2046,2051,2144,2183,2038,2053,2057
2042,2057,2070,2158,2241,2034,2038,2069
2049,2065,2094,2155,2237,2016,1996,2079
2054,2076,2113,2133,2187,1998,2008,2091
2050,2081,2117,2112,2115,2008,1982,2085
2057,2089,2111,2084,2038,2024,1995,2074
2057,2072,2068,2023,2011,2017,2012,2076
2033,2042,2015,1973,2027,2002,1999,2082
2025,2029,1983,1962,1989,1981,2008,2084
2043,2049,1995,1979,1982,2024,2049,2083
2057,2066,2003,2006,1960,2044,2058,2082
2061,2076,2016,1988,1890,2046,2051,2070
2061,2068,2020,1984,1962,2056,2061,2062
2057,2067,2032,1983,2037,2064,2092,2067
2056,2063,2034,1990,2065,2043,2083,2062
2059,2054,2031,1990,2123,2068,2081,2057
2050,2055,2028,2005,2229,2098,2056,2045
2045,2048,2023,2027,2302,2143,2062,2045
2048,2057,2022,2052,2264,2159,2066,2042
2054,2058,2018,2053,2212,2147,2055,2038
2059,2050,2005,2042,2098,2103,2048,2025
2038,2034,1995,2012,1901,2055,2041,2028
2040,2046,2024,2030,1932,1975,2028,2014
2049,2062,2056,2058,2000,1921,2026,2026
2053,2060,2060,2050,1991,1977,2026,2029
2055,2064,2044,2028,1952,2025,2037,2032
2045,2042,2028,2017,1926,2044,2057,2036
2045,2045,2028,2021,1947,1998,2043,2044
2056,2051,2032,2022,1944,1974,2039,2044
2057,2048,2036,2018,1954,1962,2019,2053
2066,2049,2036,2024,1985,1961,2010,2055
2060,2047,2036,2019,1998,1991,2035,2049
2051,2038,2025,2033,2040,2006,2048,2042
2042,2037,2034,2052,2089,2010,2037,2047
2040,2044,2059,2058,2100,2028,2036,2048
2042,2042,2062,2063,2082,2046,2046,2055
2033,2032,2044,2059,2057,2079,2045,2061
2025,2030,2041,2054,2050,2059,2038,2071
2034,2030,2034,2047,2038,2025,2030,2078
2028,2031,2023,2041,2034,2014,2011,2078
2039,2031,2016,2045,2035,2024,2018,2076
2045,2041,2021,2048,2053,2046,2037,2080
2052,2051,2017,2047,2052,2057,2035,2081
2052,2044,2009,2041,2057,2055,2045,2078
2053,2044,2007,2023,2047,2045,2039,2067
2045,2039,2010,2010,2034,2040,2044,2061
2038,2035,2023,2007,2024,2039,2039,2050
2032,2040,2070,2016,2018,2032,2048,2041
2040,2061,2115,2028,2016,2028,2048,2041
2051,2068,2123,2037,2029,2022,2030,2042
2057,2067,2124,2051,2028,2027,2037,2049
2057,2070,2124,2061,2040,2020,2053,2047
2056,2066,2120,2066,2045,2022,2044,2039
2053,2059,2115,2069,2045,2022,2049,2034
2055,2057,2102,2071,2038,2020,2055,2024
2056,2050,2079,2064,2027,2010,2045,2030
2041,2036,2060,2060,2040,2010,2050,2024
2044,2046,2060,2068,2047,2018,2023,2030
2051,2058,2077,2072,2062,2028,2022,2030
2050,2076,2095,2086,2084,2048,2041,2029
2060,2084,2098,2088,2103,2065,2062,2041
2065,2093,2102,2094,2101,2080,2060,2043
2069,2083,2103,2079,2084,2072,2046,2046
2058,2072,2099,2072,2059,2059,2050,2051
2054,2061,2077,2065,2054,2060,2044,2056
2051,2046,2055,2049,2056,2071,2043,2056
2043,2026,2021,2047,2055,2081,2048,2054
2049,2024,2009,2052,2046,2091,2055,2057
2033,2026,2008,2047,2037,2101,2050,2050
2027,2024,2016,2042,2039,2116,2063,2051
2027,2029,2013,2033,2036,2127,2066,2069
2030,2018,2010,2020,2023,2107,2036,2069
2027,2014,2011,2009,2030,2084,2022,2074
2036,2034,2023,2016,2036,2074,2059,2079
2049,2045,2029,2006,2038,2054,2045,2076
2038,2038,2022,2017,2042,2045,2021,2064
2038,2037,2032,2021,2043,2065,2036,2058
2043,2050,2056,2027,2040,2054,2041,2053
2053,2049,2065,2028,2041,2046,2033,2043
2052,2047,2064,2027,2045,2031,2032,2038
2048,2047,2074,2036,2046,2029,2022,2039
2054,2050,2082,2042,2056,2029,2028,2027
2053,2058,2071,2044,2060,2027,2044,2032
2062,2065,2055,2038,2062,2027,2034,2027
2063,2061,2051,2037,2054,2034,2032,2030
2054,2060,2039,2033,2012,2069,2008,2023
2055,2052,2030,2019,1965,2072,1996,2006
2044,2053,2031,2000,1922,2054,1966,1993
2040,2040,2030,1995,1889,2029,1979,2000
2043,2048,2043,2008,1898,1965,1992,2009
2045,2059,2050,2034,1979,1945,2023,2027
2044,2068,2065,2062,2077,1964,2042,2037
2056,2078,2081,2094,2136,2016,2060,2050
2060,2077,2107,2107,2148,2039,2060,2050
2057,2075,2126,2112,2126,2060,2050,2050
2060,2077,2136,2107,2100,2059,2055,2052
2060,2072,2137,2114,2088,2050,2047,2056
2059,2070,2131,2107,2073,2050,2052,2057
2059,2058,2118,2104,2058,2063,2045,2063
2047,2056,2109,2098,2073,2053,2027,2066
2050,2054,2102,2101,2087,2046,2032,2068
2049,2059,2092,2096,2091,2045,2030,2079
2047,2048,2068,2086,2076,2034,2008,2080
2042,2040,2043,2069,2054,2021,1994,2057
2026,2028,2031,2059,2033,2030,2011,2045
2020,2021,2022,2056,2032,2032,2031,2041
2024,2031,2021,2040,2025,2035,2032,2046
2034,2031,2014,2031,2028,2022,2025,2053
2036,2030,2006,2020,2011,2012,2026,2048
2041,2027,1992,2006,2036,2021,2021,2037
2034,2030,1984,2000,2040,2020,2020,2031
2036,2031,1989,2002,2036,2018,2025,2020
2038,2036,2004,2013,2037,2039,2027,2020
2043,2040,2018,2020,2046,2058,2034,2016
2049,2040,2029,2019,2040,2083,2030,2030
2043,2044,2034,2021,2034,2101,2036,2024
2045,2047,2043,2020,2011,2078,2032,2023
2046,2049,2053,2026,2000,2052,2004,2034
2048,2053,2081,2038,2000,2046,2035,2033
2056,2069,2094,2037,1980,2050,2010,2017
2044,2059,2086,2025,1971,2059,2017,2018
2049,2069,2072,2043,2001,2075,2037,2031
2056,2079,2078,2048,2003,2071,2015,2036
2061,2076,2072,2048,2017,2036,2035,2041
2062,2078,2084,2070,2077,2032,2055,2041
2063,2082,2097,2092,2134,2063,2071,2051
2065,2082,2095,2103,2152,2080,2058,2048
2063,2079,2098,2106,2139,2093,2058,2042
2058,2070,2095,2112,2111,2083,2054,2042
2052,2071,2097,2108,2093,2066,2024,2043
2044,2064,2088,2108,2086,2075,2011,2053
2049,2058,2084,2105,2089,2098,2036,2061
2047,2056,2074,2104,2091,2114,2052,2065
2046,2047,2062,2104,2073,2076,2044,2063
2045,2047,2058,2090,2029,2009,2030,2067
2040,2040,2052,2076,1990,1988,2029,2066
2032,2034,2036,2046,1950,2005,2016,2055
2020,2030,2025,2030,1949,2028,2026,2048
2035,2045,2039,2040,1995,2060,2027,2044
2044,2063,2060,2052,2034,2062,2040,2051
2051,2066,2056,2054,2047,2039,2036,2063
2054,2058,2044,2060,2081,2039,2030,2065
2043,2035,2007,2021,2088,2049,2039,2041
2032,2024,1985,1983,2066,2045,2004,2037
2034,2028,1997,1976,2054,2052,2014,2038
2042,2047,2021,1992,2070,2058,2044,2043
2045,2060,2030,1998,2073,2069,2047,2043
2050,2063,2022,2009,2050,2080,2067,2046
2053,2056,2011,2029,2032,2077,2071,2045
2055,2048,2005,2044,1998,2080,2081,2031
2061,2042,2010,2056,2010,2067,2048,2034
2057,2043,2023,2059,2044,2046,2036,2022
2050,2041,2016,2069,2089,2059,2043,2021
2054,2028,2012,2084,2124,2085,2039,2028
2054,2035,2009,2087,2116,2084,2038,2027
2050,2041,2000,2091,2126,2084,2040,2023
2043,2036,1999,2087,2114,2077,2043,2024
2032,2027,1991,2066,2080,2053,2025,2023
2031,2022,1973,2050,2060,2049,2037,2030
2036,2016,1950,2011,2043,2028,2029,2030
2018,1991,1927,1936,1928,1983,2000,2035
2019,1976,1928,1931,1917,1989,1998,2045
2022,1997,1997,1976,1975,2028,2026,2063
2044,2041,2090,2023,2028,2058,2036,2076
2069,2071,2138,2037,2057,2064,2038,2082
2067,2077,2141,2033,2058,2059,2030,2081
2056,2064,2110,2030,2086,2058,2019,2085
2043,2051,2089,2025,2119,2040,2002,2059
2030,2037,2084,2042,2148,2053,2008,2052
2024,2046,2098,2060,2200,2081,2042,2065
2038,2062,2110,2080,2201,2097,2058,2073
2046,2069,2107,2072,2168,2097,2054,2062
2045,2067,2097,2071,2136,2084,2043,2056
2050,2075,2092,2074,2129,2085,2047,2050
2051,2074,2086,2081,2077,2067,2010,2046
2061,2084,2092,2070,1965,2033,2011,2041
2070,2093,2084,2060,1955,2025,2021,2042
2059,2092,2080,2064,1996,2033,2028,2038
2062,2088,2070,2060,2025,2029,2054,2031
2052,2077,2052,2037,2010,2006,2011,2022
2047,2072,2042,2010,1984,2007,2015,2022
2049,2072,2038,2014,1965,2021,2041,2030
2051,2070,2050,2009,1958,2020,2016,2015
2051,2065,2063,2004,1942,2009,2027,2015
2044,2055,2062,2006,1955,2019,2020,2014
2047,2060,2071,2020,1988,2042,2041,2011
2045,2057,2079,2014,1998,2045,2017,1998
2031,2048,2070,2014,1999,2049,1986,1990
2033,2045,2076,2036,2034,2039,2024,1993
2039,2057,2091,2061,2080,2028,2022,2016
2049,2067,2103,2074,2094,2041,2047,2038
2049,2080,2106,2072,2078,2057,2027,2050
2050,2088,2108,2070,2086,2067,2051,2051
2060,2085,2091,2063,2069,2057,2029,2060
2057,2075,2075,2050,2046,2041,2034,2062
2063,2072,2064,2042,2041,2037,2039,2073
2060,2063,2066,2035,2040,2055,2038,2070
2050,2070,2057,2027,2029,2070,2049,2067
2048,2063,2061,2016,2026,2101,2038,2069
2055,2059,2061,2021,2027,2110,2027,2065
2046,2055,2066,2018,2025,2099,2030,2062
2044,2052,2056,2024,2019,2081,2036,2067
2045,2054,2061,2040,2038,2049,2045,2071
2056,2058,2066,2041,2021,2037,2051,2063
2048,2050,2060,2031,1991,2031,2040,2049
2054,2051,2066,2042,1984,2018,2007,2052
2062,2070,2077,2073,2016,1969,2021,2062
2066,2077,2083,2099,2055,1968,2025,2064
2075,2080,2077,2088,2060,2002,2036,2052
2065,2069,2072,2082,2093,2039,2036,2027
2050,2058,2058,2085,2147,2058,2055,2020
2046,2051,2046,2091,2164,2080,2063,2011
2042,2051,2050,2108,2186,2108,2063,2017
2045,2045,2046,2117,2201,2108,2040,2023
2047,2062,2060,2124,2190,2088,2032,2022
2053,2062,2049,2099,2071,2069,2014,2017
2045,2046,2032,2084,2033,2084,2027,2012
2042,2048,2038,2092,2089,2109,2054,2020
2043,2044,2029,2076,2122,2101,2049,2014
2043,2046,2028,2060,2099,2072,2057,2012
2044,2044,2023,2031,2024,2042,2040,2018
2044,2048,2025,2014,1968,2037,2047,2020
2048,2049,2032,2010,1946,2031,2030,2018
2032,2041,2043,1992,1938,2045,2034,2024
2032,2034,2054,1988,1926,2073,2038,2024
2041,2055,2084,1984,1877,2067,2034,2043
2041,2064,2092,1983,1889,2064,2023,2046
2045,2061,2072,1986,1952,2040,2026,2053
2034,2052,2060,2020,2050,1995,2046,2071
2049,2066,2074,2081,2176,2042,2087,2086
2063,2072,2081,2110,2205,2102,2094,2096
2068,2074,2065,2111,2208,2134,2098,2086
2052,2064,2058,2099,2191,2131,2077,2080
2051,2059,2058,2088,2152,2114,2074,2079
2053,2064,2049,2069,2087,2068,2034,2067
2049,2052,2046,2036,1998,1990,2043,2058
2043,2051,2048,2045,2001,1946,2036,2050
2046,2056,2043,2048,2020,1963,2038,2050
2044,2054,2040,2027,1994,1963,2012,2033
2045,2049,2033,2015,1966,1967,2004,2026
2046,2052,2039,2012,1973,1987,2001,2023
2050,2064,2053,2020,2007,2003,2027,2020
2050,2063,2055,2022,2011,2007,2011,2021
2047,2056,2056,2007,1968,2032,2027,2014
2042,2056,2046,1997,1913,2039,2024,2021
2044,2054,2045,1986,1870,2038,2037,2018
2034,2051,2039,1978,1836,2033,2035,2015
2040,2040,2024,1973,1809,2014,2031,2017
2040,2043,2035,2007,1936,2017,2033,2028
2052,2052,2039,2043,2034,2065,2072,2047
2056,2045,2043,2056,2069,2046,2073,2068
2061,2046,2047,2076,2104,2022,2062,2064
2065,2049,2045,2081,2084,2040,2056,2065
2065,2050,2038,2067,2088,2087,2056,2053
2057,2044,2024,2059,2145,2091,2043,2038
2046,2034,2018,2029,2144,2064,2035,2035
2037,2036,2030,2056,2225,2081,2052,2034
2046,2056,2060,2130,2390,2095,2040,2044
2050,2066,2069,2135,2387,2098,2050,2053
2049,2063,2060,2100,2242,2079,2057,2060
2048,2052,2048,2065,2159,2036,2049,2070
2045,2057,2048,2053,2154,2014,2045,2063
2047,2068,2048,2025,2021,2019,2043,2071
2039,2044,2045,2006,1889,1999,2026,2057
2029,2041,2036,2011,1877,2010,2041,2059
2032,2047,2034,2027,1866,2021,2040,2062
2038,2041,2024,2049,1866,2056,2053,2058
2040,2040,2035,2099,1949,2093,2045,2051
2051,2042,2055,2128,1996,2113,2056,2053
2057,2041,2050,2141,2048,2112,2078,2051
2060,2045,2039,2148,2070,2094,2061,2046
2066,2053,2026,2155,2083,2073,2067,2046
2068,2055,2022,2153,2107,2089,2057,2042
2062,2052,2008,2115,2034,2080,2055,2035
2049,2041,1987,2053,1892,2052,2016,2011
2044,2036,1956,2035,1992,2029,2005,2006
2042,2032,1958,2073,2156,2047,2041,2011
2035,2021,1959,2102,2161,2081,2048,2005
2039,2029,1987,2138,2258,2112,2057,2000
2043,2016,2001,2123,2333,2087,2044,1999
2031,2006,1987,2037,2171,2038,2041,2000
2029,2011,1987,1945,1889,1983,2050,2007
2027,2012,1996,1913,1765,1943,2029,2001
2015,2017,2022,1926,1787,1955,2053,2005
2029,2042,2090,1990,1906,1994,2060,2026
2053,2069,2122,2038,2023,2047,2073,2035
2061,2083,2117,2051,2097,2087,2076,2037
2061,2074,2090,2048,2155,2094,2059,2047
2066,2059,2066,2045,2208,2098,2062,2055
2052,2053,2066,2061,2281,2091,2041,2063
2053,2057,2068,2060,2307,2066,2048,2074
2051,2058,2080,2074,2279,2060,2050,2079
2045,2066,2080,2051,2212,2075,2040,2082
2045,2048,2055,2042,2199,2074,2053,2077
2038,2046,2056,2037,2074,2039,2026,2068
2041,2043,2061,2029,1945,1995,2013,2053
2031,2029,2042,1986,1711,1948,2013,2048
2034,2034,2035,1967,1617,1987,2030,2051
2037,2037,2045,2002,1773,2080,2039,2044
2026,2041,2052,2032,1942,2138,2036,2037
2021,2035,2064,2054,1985,2154,2058,2046
2036,2042,2072,2088,2005,2158,2068,2047
2046,2055,2078,2124,2098,2120,2078,2061
2062,2072,2095,2154,2131,2064,2077,2061
2068,2083,2097,2152,2079,1994,2058,2058
2066,2075,2098,2140,1984,1976,2054,2051
2069,2066,2079,2132,2014,1965,2040,2039
2051,2049,2065,2140,2042,1972,2022,2003
2042,2033,2080,2173,2122,1999,2033,1992
2041,2027,2083,2187,2211,2002,2033,1985
2037,2031,2070,2127,2114,1973,2024,1988
2040,2036,2058,2082,1891,1951,2043,1992
2046,2051,2050,2079,1816,1976,2052,1998
2053,2055,2030,2070,1960,1998,2046,2002
2043,2038,1997,2034,2026,2005,2044,1992
2030,2025,1976,2031,2169,2061,2040,1984
2029,2038,2012,2029,2161,2115,2045,1984
2034,2053,2027,1994,2036,2102,2023,1994
2039,2067,2023,1979,2002,2096,2019,2018
2051,2062,2003,1952,1951,2027,2015,2038
2042,2055,1990,1940,1975,1912,2055,2060
2054,2070,1998,1971,2024,1950,2076,2069
2059,2079,2023,1992,2064,2015,2080,2076
2059,2077,2023,1993,2063,2065,2081,2080
2058,2064,1996,1982,2032,2075,2072,2093
2058,2053,2005,2000,2042,2076,2090,2105
2067,2061,2013,2031,2108,2091,2077,2090
2064,2045,2009,2044,2257,2092,2065,2084
2052,2034,2011,2078,2396,2107,2061,2082
2053,2039,2025,2091,2390,2107,2058,2065
2047,2038,2028,2088,2306,2097,2064,2065
2043,2037,2024,2072,2169,2086,2062,2058
2053,2049,2026,2077,2248,2087,2057,2056
2063,2060,2039,2097,2278,2095,2052,2048
2049,2059,2039,2049,1938,2050,2021,2034
2040,2046,2017,2025,1781,2010,2032,2027
2036,2050,2026,2048,1821,2001,2022,2012
2041,2052,2024,2028,1736,1977,2016,1999
2037,2039,2027,2034,1838,1949,2026,2005
2038,2032,2028,1998,1854,1937,2041,2015
2028,2018,1992,1941,1824,1946,2031,2007
2012,2008,1975,1971,2033,2015,2049,2012
2014,2021,2000,2027,2257,2069,2038,1994
2008,2024,2024,2078,2292,2096,2030,1983
2005,2018,2030,2082,2176,2082,2030,1989
2023,2033,2039,2075,2105,2057,2042,2007
2032,2045,2067,2063,2084,2020,2041,2024
2042,2057,2084,2064,2100,2006,2045,2039
2055,2067,2104,2075,2171,2044,2058,2041
2057,2077,2124,2076,2148,2061,2058,2048
2059,2070,2130,2045,2074,2066,2077,2050
2054,2068,2119,2027,2019,2048,2053,2051
2053,2065,2092,2015,1980,2028,2038,2061
2058,2056,2081,2026,1947,2033,2047,2061
2054,2058,2065,2039,1898,2028,2071,2067
2066,2068,2078,2045,1883,2034,2081,2074
2074,2070,2079,2037,1897,2045,2052,2085
2066,2064,2070,2056,1948,2060,2075,2088
2071,2062,2054,2062,1970,2062,2076,2084
2047,2036,2019,2051,1975,2056,2052,2071
2043,2030,2008,2056,2010,2063,2050,2089
2060,2051,2019,2072,2045,2072,2077,2101
2067,2057,2024,2076,1965,2049,2058,2087
2059,2049,2024,2080,1993,2034,2056,2069
2052,2040,2036,2105,2137,2033,2075,2051
2043,2036,2044,2110,2189,2021,2052,2035
2042,2039,2041,2092,2228,2018,2044,2029
2046,2032,2037,2084,2198,2039,2041,2019
2042,2029,2038,2070,2118,2064,2041,2024
2051,2041,2056,2053,2075,2089,2056,2026
2051,2052,2053,2032,2117,2114,2050,2013
2050,2054,2058,2021,2109,2100,2021,2017
2048,2055,2073,2016,2085,2084,2042,2027
2054,2069,2086,2048,2123,2096,2068,2042
2070,2089,2106,2041,2039,2069,2064,2038
2065,2073,2090,2036,2038,2081,2074,2035
2057,2063,2081,2035,1980,2068,2059,2037
2056,2076,2089,2018,1957,2030,2062,2036
2044,2081,2073,1964,1747,1995,2051,2041
2054,2072,2068,1923,1582,1991,2072,2048
2056,2083,2076,1966,1670,2009,2068,2060
2062,2089,2093,1993,1744,2011,2072,2075
2073,2093,2103,1999,1799,2018,2050,2066
2057,2081,2088,1994,1921,2013,2049,2056
2042,2057,2084,2013,2097,2025,2076,2050
2040,2052,2072,2069,2367,2039,2074,2048
2030,2044,2062,2112,2605,2044,2047,2050
2035,2045,2060,2101,2541,2020,2045,2044
2027,2041,2056,2072,2375,2003,2035,2050
2026,2045,2057,2073,2233,2022,2029,2057
2031,2048,2057,2059,2113,2034,2039,2054
2029,2036,2041,2028,1920,2043,2034,2052
2031,2035,2040,2020,1876,2065,2038,2064
2047,2054,2046,2041,1945,2092,2038,2051
2046,2051,2040,2032,1989,2099,2040,2040
2033,2041,2045,2053,2052,2083,2050,2057
2046,2052,2050,2074,2082,2070,2057,2065
2053,2056,2048,2065,2020,2088,2064,2058
2052,2053,2043,2048,1964,2077,2061,2042
2050,2051,2039,2051,1979,2047,2042,2045
2052,2049,2035,2046,1999,1972,2036,2037
2052,2049,2037,2052,2045,1978,2031,2033
2062,2047,2042,2072,2099,2024,2053,2037
2061,2051,2040,2071,2021,2047,2040,2035
2061,2051,2046,2073,2030,2053,2041,2026
2061,2052,2048,2070,2023,2050,2033,2021
2042,2045,2039,2052,1935,2034,2037,2011
2035,2029,2026,2020,1780,1993,2024,2010
2016,2017,2020,1987,1644,1955,2009,1997
2009,2022,2021,1999,1843,1984,1989,1990
2026,2034,2024,2009,1966,1988,2021,2003
2031,2029,2023,2018,2120,1996,2024,2018
2040,2035,2035,2058,2322,2035,2031,2023
2047,2048,2052,2074,2328,2048,2057,2028
2048,2048,2046,2067,2220,2027,2054,2027
2045,2043,2036,2045,2106,2004,2042,2029
2041,2038,2036,2035,2048,2015,2062,2040
2038,2033,2038,2026,2023,2025,2057,2041
2042,2033,2038,2027,2055,2050,2046,2047
2042,2043,2043,2034,2081,2091,2073,2058
2047,2041,2044,2037,2066,2107,2064,2062
2048,2041,2043,2043,2048,2099,2063,2063
2037,2036,2042,2052,2071,2094,2059,2058
2028,2026,2031,2065,2107,2051,2037,2060
2033,2032,2045,2058,2069,2011,2021,2064
2038,2037,2049,2045,2068,1999,2023,2055
2029,2034,2046,2043,2052,2008,2020,2043
2030,2030,2034,2056,2147,2041,2054,2040
2032,2033,2032,2075,2208,2065,2058,2038
2033,2040,2033,2097,2208,2087,2048,2036
2037,2046,2034,2075,2150,2082,2034,2028
2041,2050,2032,2064,2089,2053,2022,2022
2044,2046,2034,2047,2028,2029,2029,2019
2051,2061,2040,2028,1952,1978,2032,2031
2058,2064,2047,2024,1930,1964,2029,2034
2066,2074,2051,2046,2030,2018,2051,2037
2070,2072,2065,2066,2036,2083,2059,2039
2065,2080,2074,2075,1964,2085,2070,2028
2068,2074,2084,2066,1902,2043,2068,2028
2064,2054,2090,2081,1954,2019,2061,2020
2056,2048,2095,2106,2008,2042,2054,2029
2062,2053,2100,2132,2071,2077,2069,2019
2056,2050,2095,2116,2043,2059,2076,2006
2058,2038,2080,2093,2006,2013,2062,2011
2041,2037,2064,2082,1993,2012,2052,2014
2042,2040,2063,2096,1995,2034,2062,2012
2031,2036,2049,2112,2012,2056,2060,2006
2023,2036,2042,2116,2082,2071,2049,2004
2024,2039,2040,2106,2145,2045,2045,2017
2031,2034,2029,2094,2121,1991,2051,2031
2032,2032,2020,2084,2125,2007,2067,2040
2025,2034,2013,2070,2158,2055,2073,2059
2029,2034,2002,2043,2150,2073,2078,2060
2036,2023,1991,2012,2075,2059,2068,2065
2035,2025,1986,1997,2040,2043,2053,2063
2032,2021,1992,1981,2008,2019,2055,2061
2034,2020,2010,1983,2011,2016,2059,2066
2045,2036,2034,2009,2036,2032,2073,2074
2061,2057,2050,2035,2064,2058,2063,2077
2062,2064,2050,2056,2082,2073,2051,2075
2059,2053,2036,2060,2102,2074,2053,2060
2060,2043,2021,2060,2125,2070,2050,2053
2051,2035,2015,2062,2130,2073,2055,2037
2047,2025,2009,2060,2108,2072,2047,2036
2044,2024,2013,2049,2080,2072,2043,2029
2043,2028,2012,2044,2085,2076,2046,2042
2047,2040,2025,2052,2086,2089,2074,2049
2055,2036,2012,2046,2091,2084,2047,2045
2053,2027,1998,2038,2072,2069,2047,2026
2039,2014,1980,2024,2060,2055,2043,2005
2022,2001,1981,2018,2053,2056,2022,2006
2013,1998,1988,2017,2024,2076,2011,2001
2028,2015,1998,2014,1986,2057,1999,2005
2031,2035,2009,2008,1965,2029,2019,2007
2036,2047,2025,2012,1954,2013,2007,2013
2043,2053,2042,2020,1973,1986,2016,2016
2048,2061,2052,2038,2028,1982,2022,2022
2047,2054,2041,2036,2054,2001,2032,2016
2037,2038,2030,2033,2062,2027,2030,2031
2044,2045,2051,2052,2025,2046,2049,2036
2055,2070,2076,2065,2060,2054,2058,2055
2072,2077,2092,2068,2041,2046,2067,2060
2061,2072,2081,2067,1980,2031,2069,2060
2064,2072,2080,2050,1916,2020,2038,2070
2060,2068,2072,2058,1943,2021,2059,2078
2066,2059,2070,2055,1976,2020,2054,2096
2067,2061,2059,2042,1956,2016,2056,2096
2061,2046,2063,2036,1943,2017,2063,2090
2053,2046,2076,2053,1963,2016,2047,2088
2049,2055,2089,2058,2034,2007,2049,2075
2040,2044,2073,2040,2077,1981,2025,2053
2027,2031,2056,2041,2198,1996,2036,2041
2030,2029,2042,2072,2210,2005,2047,2035
2024,2027,2032,2066,2147,2005,2043,2036
2034,2038,2028,2076,2109,2030,2054,2036
2050,2051,2030,2106,2171,2064,2053,2036
2054,2052,2035,2102,2192,2065,2066,2040
2053,2049,2019,2086,2109,2065,2041,2028
2049,2043,2000,2035,1964,2068,2043,2024
2041,2036,1998,2015,1911,2066,2039,2024
2045,2037,2014,2017,1968,2039,2042,2026
2052,2044,2030,2027,2055,2030,2052,2026
2060,2043,2044,2036,2019,2031,2034,2023
2053,2036,2028,2030,2019,2027,2047,2015
2040,2024,2030,2032,2030,2038,2048,2012
2042,2021,2047,2044,2069,2061,2053,2015
2051,2022,2045,2045,2103,2076,2054,2020
2044,2031,2060,2060,2155,2085,2048,2015
2043,2049,2080,2080,2220,2091,2031,2023
2044,2051,2086,2091,2260,2081,2024,2023
2051,2050,2070,2067,2164,2052,2021,2031
2052,2044,2065,2061,2067,2041,2015,2044
2051,2034,2056,2048,1934,2037,2025,2049
2053,2040,2060,2048,1927,2039,2048,2051
2048,2040,2054,2045,1979,2056,2042,2049
2041,2032,2056,2066,2055,2068,2068,2056
2042,2039,2061,2081,2073,2064,2046,2059
2031,2032,2060,2078,2056,2046,2055,2069
2035,2028,2058,2076,2063,2055,2036,2074
2035,2034,2059,2071,2053,2055,2031,2062
2035,2040,2069,2084,2048,2031,2017,2067
2045,2059,2083,2088,2041,1992,2013,2075
2060,2057,2070,2080,2015,1987,2029,2080
2056,2057,2067,2064,2016,2013,2044,2075
2059,2056,2067,2054,2038,2040,2056,2067
2056,2065,2067,2049,2076,2061,2065,2051
2054,2057,2044,2040,2077,2061,2065,2044
2053,2055,2035,2046,2077,2072,2054,2049
2065,2062,2042,2059,2080,2088,2064,2043
2068,2059,2037,2060,2068,2095,2080,2052
2062,2059,2043,2076,2069,2075,2086,2042
2064,2067,2051,2076,2012,2022,2063,2037
2046,2064,2062,2069,1980,1996,2038,2030
2044,2051,2066,2069,2062,2043,2058,2025
2049,2045,2075,2087,2155,2086,2068,2029
2056,2042,2073,2088,2194,2107,2056,2026
2040,2030,2060,2084,2177,2114,2033,2016
2034,2034,2065,2093,2113,2119,2053,2022
2046,2048,2080,2097,2119,2143,2068,2022
2053,2050,2075,2110,2134,2152,2067,2031
2053,2049,2074,2091,2010,2071,2055,2032
2055,2048,2062,2080,2007,1975,2058,2037
2051,2035,2050,2075,2084,2007,2039,2028
2039,2028,2031,2046,1982,2035,2016,2017
2035,2028,2015,2041,1982,2060,2013,2022
2032,2025,2005,2036,1972,2052,2023,2036
2042,2021,1988,2018,1992,2007,2024,2052
2048,2024,1986,2031,2067,1952,2016,2065
2041,2024,1968,2022,2042,1970,2047,2054
2036,2011,1963,2019,2026,2007,2050,2049
2034,2014,1966,2014,1998,2019,2052,2065
2044,2010,1979,2028,2019,2035,2051,2063
2028,2005,1989,2037,2030,2073,2060,2065
2029,2027,2026,2070,2059,2090,2069,2066
2040,2053,2050,2083,2068,2084,2057,2062
2045,2060,2058,2063,2042,2066,2063,2059
2047,2052,2046,2048,2057,2017,2044,2059
2041,2042,2038,2029,2042,1989,2016,2057
2045,2047,2054,2045,2093,1996,2033,2047
2058,2059,2080,2069,2147,2030,2060,2036
2053,2060,2087,2074,2150,2069,2062,2029
2059,2056,2081,2093,2144,2086,2064,2036
2056,2054,2072,2080,2080,2076,2044,2034
2050,2057,2071,2043,1964,2050,2038,2030
2056,2070,2084,2046,1994,2049,2033,2033
2057,2075,2098,2064,2046,2065,2031,2035
2064,2076,2107,2072,2068,2071,2042,2031
2060,2061,2089,2060,2064,2053,2049,2024
2051,2047,2081,2060,2062,2040,2032,2019
2040,2053,2079,2071,2077,2036,2047,2019
2048,2058,2085,2072,2064,2024,2044,2026
2046,2067,2084,2062,2067,2009,2058,2025
2048,2060,2080,2063,2075,2004,2065,2027
2042,2051,2074,2066,2086,1999,2054,2034
2051,2050,2065,2076,2081,2013,2067,2033
2061,2048,2064,2069,2058,2024,2069,2033
2056,2053,2064,2068,2040,2047,2068,2039
2051,2051,2065,2066,2041,2062,2078,2051
2054,2054,2060,2062,2049,2062,2073,2057
2050,2042,2059,2069,2078,2063,2061,2060
2042,2038,2055,2073,2081,2072,2051,2058
2044,2033,2055,2068,2084,2077,2052,2061
2039,2030,2054,2065,2092,2076,2062,2061
2039,2032,2045,2065,2063,2060,2028,2058
2037,2022,2032,2061,2027,2051,2011,2055
2040,2024,2025,2062,2048,2053,2034,2056
2046,2034,2029,2080,2072,2054,2042,2058
2047,2035,2035,2085,2063,2048,2050,2056
2045,2040,2039,2085,2057,2060,2052,2053
2046,2046,2041,2092,2065,2077,2066,2046
2042,2052,2048,2099,2074,2097,2060,2038
2044,2057,2061,2107,2112,2101,2064,2040
2051,2051,2052,2091,2111,2072,2060,2034
2046,2050,2039,2050,2103,2038,2056,2031
2044,2039,2036,2029,2024,2006,2064,2032
2052,2048,2048,2037,1992,2026,2047,2020
2061,2051,2039,2042,1996,2041,2018,2016
2052,2041,2016,2041,1987,2065,2022,2006
2044,2030,2002,2045,1944,2069,2033,1998
2034,2014,1973,2028,1919,2057,2029,1986
2030,1997,1951,2014,1936,2026,2026,1984
2024,2000,1962,2042,2006,1985,2025,2013
2038,2009,1976,2063,2080,1986,2052,2036
2036,2030,1994,2084,2145,2040,2077,2034
2052,2040,1999,2093,2161,2069,2088,2038
2054,2041,1999,2075,2144,2077,2080,2040
2056,2037,1980,2063,2109,2066,2076,2042
2053,2022,1966,2044,2086,2065,2065,2040
2050,2026,1970,2048,2077,2061,2062,2043
2043,2016,1976,2055,2066,2055,2054,2037
2034,2004,1976,2024,2029,2060,2038,2034
2027,1990,1976,2013,1999,2074,2032,2048
2033,2010,2035,2036,1974,2057,2011,2046
2035,2036,2105,2047,1962,2022,2009,2051
2042,2065,2169,2065,1980,1965,2001,2070
2056,2087,2211,2099,2072,1963,2028,2084
2060,2101,2239,2129,2141,2023,2067,2095
2070,2112,2225,2142,2124,2065,2064,2090
2066,2104,2190,2130,2064,2074,2064,2086
2066,2104,2158,2114,1993,2061,2067,2082
2068,2103,2132,2103,1983,2057,2056,2072
2069,2085,2096,2088,2002,2053,2047,2061
2058,2071,2072,2058,1998,2040,2051,2046
2053,2057,2046,2013,1905,2018,2046,2038
2048,2055,2044,1996,1902,2010,2019,2030
2047,2050,2056,2020,2088,2010,2027,2023
2038,2048,2063,2045,2200,2033,2040,2027
2042,2056,2080,2067,2197,2041,2050,2031
2055,2075,2097,2051,2047,2019,2031,2030
2062,2078,2099,2029,1872,2029,2034,2033
2058,2064,2089,2029,1903,2047,2027,2019
2048,2040,2062,2022,1929,2063,2029,2011
2047,2041,2064,2057,1969,2067,2035,2020
2059,2052,2077,2077,1997,2042,2045,2029
2059,2052,2059,2085,2048,2030,2049,2036
2056,2054,2052,2082,2086,2044,2046,2023
2048,2041,2044,2084,2153,2053,2039,2011
2036,2044,2041,2076,2170,2053,2041,2016
2038,2055,2052,2082,2176,2071,2044,2033
2043,2057,2054,2079,2155,2082,2037,2048
2043,2057,2045,2069,2148,2060,2047,2052
2041,2053,2037,2068,2130,2043,2045,2059
2051,2044,2028,2056,2099,2030,2032,2069
2044,2046,2022,2042,2097,2050,2037,2072
2035,2048,2022,2046,2101,2069,2059,2066
2033,2042,2013,2042,2115,2072,2067,2081
2042,2043,2015,2040,2093,2061,2069,2084
2047,2043,2011,2005,1947,2029,2044,2071
2045,2042,2026,2009,1976,2042,2049,2073
2061,2058,2036,2021,1987,2065,2070,2062
2056,2059,2040,2024,1996,2073,2069,2058
2046,2048,2036,2035,2036,2078,2047,2053
2047,2049,2038,2052,2071,2078,2051,2058
2048,2054,2036,2078,2124,2078,2039,2046
2047,2052,2033,2078,2080,2056,2037,2046
2044,2050,2030,2066,2047,2047,2009,2042
2044,2053,2022,2059,2031,2035,2026,2030
2046,2050,2016,2052,2021,2029,2045,2031
2047,2039,2007,2055,2014,2033,2048,2024
2041,2031,1993,2046,2004,2041,2038,2028
2038,2028,1992,2046,1999,2034,2047,2026
2044,2029,1993,2050,2026,2042,2044,2018
2044,2028,1992,2057,2078,2054,2040,2013
2041,2020,1990,2058,2111,2061,2051,2018
2035,2023,1996,2071,2114,2071,2045,2018
2043,2031,2016,2070,2105,2075,2052,2019
2053,2033,2018,2060,2111,2080,2068,2022
2054,2036,2029,2062,2154,2092,2061,2024
2056,2040,2034,2077,2158,2088,2059,2027
2051,2047,2053,2067,2107,2070,2051,2020
2038,2044,2040,2053,2036,2050,2046,2032
2039,2033,2027,2054,2027,2055,2041,2033
2029,2027,2046,2040,1962,2031,2023,2019
2021,2020,2051,2033,1927,2013,2031,2019
2016,2026,2060,2035,1947,2024,2043,2027
2021,2031,2060,2039,1974,2008,2004,2042
2032,2041,2065,2049,2016,1989,2033,2053
2036,2052,2090,2065,2074,2013,2041,2063
2038,2052,2092,2073,2113,2058,2065,2064
2041,2041,2071,2075,2121,2078,2074,2066
2040,2039,2064,2073,2122,2081,2063,2072
2041,2047,2064,2075,2102,2083,2074,2075
2045,2050,2060,2077,2084,2075,2064,2075
2051,2065,2070,2071,2060,2064,2056,2074
2061,2074,2083,2057,2032,2053,2050,2061
2057,2085,2084,2036,2038,2047,2039,2064
2061,2082,2068,2037,2042,2047,2054,2058
2067,2078,2054,2028,2035,2049,2050,2046
2067,2069,2039,2026,2043,2034,2042,2044
2060,2061,2034,2023,2033,2017,2044,2034
2052,2065,2043,2029,2039,2018,2051,2033
2050,2064,2046,2031,2066,2031,2022,2035
2061,2065,2055,2045,2100,2054,2050,2036
2058,2059,2056,2048,2101,2065,2068,2030
2055,2057,2046,2038,2030,2054,2066,2028
2043,2043,2038,2023,1949,2035,2028,2029
2036,2032,2020,2020,1939,2015,2025,2017
2040,2041,2043,2033,1950,2046,2040,2024
2063,2071,2074,2074,2000,2076,2064,2039
2072,2083,2079,2096,2049,2094,2064,2035
2064,2066,2064,2086,2076,2106,2061,2038
2055,2060,2056,2076,2095,2101,2056,2033
2043,2055,2050,2072,2114,2094,2054,2036
2050,2048,2049,2074,2131,2090,2075,2040
2039,2038,2038,2058,2138,2095,2054,2039
2037,2034,2038,2054,2196,2105,2048,2037
2038,2032,2034,2062,2177,2104,2052,2049
2043,2037,2041,2071,2136,2108,2065,2059
2041,2033,2048,2069,2108,2087,2054,2065
2043,2035,2054,2071,2092,2050,2056,2065
2046,2048,2063,2084,2124,2053,2064,2068
2039,2038,2050,2080,2149,2045,2056,2061
2032,2029,2042,2060,2167,2041,2043,2069
2041,2035,2045,2042,2141,2058,2060,2072
2043,2042,2041,2044,2078,2076,2059,2068
2052,2050,2045,2051,2050,2093,2066,2071
2055,2052,2050,2061,2058,2105,2052,2061
2048,2052,2045,2065,2066,2048,2048,2073
2058,2056,2058,2070,2051,1986,2046,2075
2061,2062,2050,2072,2105,2027,2054,2068
2061,2062,2046,2094,2158,2081,2052,2047
2051,2058,2036,2067,2130,2098,2046,2032
2048,2042,2010,2036,2020,2066,2050,2028
2042,2035,2005,2016,1949,2016,2051,2028
2042,2041,1997,1995,1910,1981,2031,2028
2045,2033,1983,2004,1956,1988,2014,2027
2056,2036,1978,2037,1901,2021,2051,2022
2052,2027,1964,2015,1809,2013,2013,2003
2040,2017,1952,2003,1834,2019,2012,1995
2040,2031,1968,2008,1917,2023,2041,1998
2041,2040,1980,2030,2039,2024,2033,2008
2049,2044,1997,2070,2143,2010,2028,2028
2048,2044,2008,2092,2169,2018,2037,2027
2048,2048,2031,2101,2172,2058,2065,2035
2043,2046,2036,2085,2123,2069,2056,2034
2037,2031,2029,2053,2085,2050,2041,2021
2022,2024,2040,2041,2056,2029,2024,2021
2026,2022,2081,2057,2054,2035,2038,2036
2033,2041,2100,2065,2062,2040,2063,2046
2040,2054,2105,2077,2075,2050,2067,2061
2042,2050,2101,2089,2091,2055,2051,2070
2048,2048,2101,2089,2088,2050,2066,2076
2041,2045,2102,2087,2078,2048,2060,2073
2041,2053,2102,2088,2066,2048,2047,2073
2040,2047,2086,2087,2062,2051,2047,2076
2047,2046,2078,2079,2056,2050,2038,2080
2049,2049,2074,2072,2051,2045,2038,2079
2043,2042,2066,2066,2040,2035,2020,2069
2050,2047,2063,2064,2036,2036,2041,2065
2060,2052,2065,2057,2032,2040,2041,2061
2058,2059,2078,2045,2001,2037,2045,2049
2055,2054,2085,2026,1976,2036,2048,2043
2054,2052,2088,2033,1981,2039,2061,2036
2053,2048,2088,2027,1978,2036,2053,2040
2048,2043,2074,2031,2024,2054,2050,2042
2054,2050,2068,2057,2112,2076,2040,2039
2054,2060,2069,2080,2145,2088,2042,2038
2062,2057,2057,2085,2162,2085,2040,2030
2058,2054,2052,2094,2218,2088,2050,2026
2054,2044,2048,2102,2256,2096,2044,2010
2041,2032,2034,2084,2208,2100,2040,2010
2042,2027,2030,2061,2169,2100,2048,2018
2044,2030,2025,2042,2163,2100,2050,2017
2040,2023,2007,2015,2078,2070,2034,2022
2025,2020,2013,1994,2072,2023,2038,2009
2023,2031,2027,1997,1948,2008,2044,2017
2024,2037,2035,1981,1811,2018,2058,2021
2037,2047,2048,2025,1929,2052,2059,2029
2044,2056,2044,2034,2008,2063,2069,2044
2042,2044,2036,2030,2044,2067,2069,2060
2054,2041,2024,2027,2048,2065,2061,2070
2064,2049,2026,2030,2039,2065,2064,2078
2063,2055,2040,2035,2028,2057,2054,2080
2064,2049,2034,2030,2020,2046,2056,2080
2057,2045,2040,2031,2011,2040,2061,2082
2052,2040,2032,2025,1991,2024,2054,2072
2042,2028,2034,2030,2007,2037,2065,2084
2048,2036,2042,2044,2030,2048,2070,2093
2060,2047,2048,2045,2041,2046,2067,2086
2058,2048,2046,2045,2076,2043,2067,2077
2050,2040,2038,2045,2065,2038,2035,2065
2046,2035,2031,2037,2029,2038,2059,2067
2052,2042,2042,2037,2002,2032,2052,2055
2055,2042,2034,2050,2049,2032,2050,2052
2052,2043,2030,2049,2027,2026,2047,2044
2046,2038,2025,2051,2036,2022,2052,2044
2053,2034,2025,2046,2035,2022,2062,2044
2060,2041,2026,2041,2006,2018,2054,2037
2053,2034,2018,2032,2002,2006,2034,2031
2046,2027,2006,2033,2021,1998,2038,2027
2053,2027,2000,2034,2030,1981,2046,2016
2048,2022,1986,1998,2003,1975,2025,1999
2033,2008,1987,2003,2055,2036,2031,2012
2041,2024,2005,2034,2064,2069,2037,2017
2047,2040,2020,2030,1992,2072,2054,2010
2043,2047,2038,2035,1987,2028,2066,2030
2048,2043,2051,2061,2075,2009,2083,2048
2059,2046,2066,2086,2152,2069,2090,2054
2062,2044,2068,2071,2166,2121,2114,2055
2044,2037,2065,2056,2149,2150,2093,2054
2046,2026,2061,2037,2103,2129,2089,2053
2047,2033,2069,2034,2062,2105,2067,2050
2048,2027,2061,2027,2072,2088,2061,2054
2046,2028,2059,2020,2093,2092,2064,2058
2041,2028,2057,2031,2070,2108,2078,2054
2045,2038,2085,2040,2045,2119,2079,2065
2053,2056,2106,2052,2048,2114,2075,2077
2060,2064,2109,2055,2043,2100,2065,2068
2050,2054,2090,2049,2061,2085,2060,2072
2050,2050,2070,2058,2079,2045,2053,2079
2053,2050,2062,2053,2088,2039,2045,2069
2045,2040,2061,2055,2065,2038,2048,2069
2050,2049,2072,2056,2074,2050,2031,2063
2054,2071,2090,2066,2102,2065,2053,2063
2064,2080,2096,2077,2121,2067,2056,2056
2066,2084,2098,2059,2093,2043,2047,2052
2061,2069,2084,2043,2024,2015,2044,2044
2056,2067,2072,2045,1997,2019,2047,2041
2058,2056,2080,2053,2013,2024,2037,2044
2052,2048,2083,2060,2030,2037,2045,2037
2050,2051,2081,2064,2052,2045,2053,2031
2046,2043,2077,2062,2035,2043,2045,2018
2045,2044,2073,2060,2019,2055,2051,2016
2038,2037,2061,2052,2019,2062,2050,2017
2035,2036,2056,2056,2015,2058,2026,2010
2044,2041,2060,2060,2018,2062,2057,2018
2046,2043,2052,2054,2017,2056,2068,2019
2055,2046,2050,2065,2037,2055,2046,2023
2051,2050,2046,2064,2054,2054,2045,2026
2052,2053,2050,2063,2076,2052,2032,2026
2051,2055,2054,2052,2095,2067,2050,2029
2048,2049,2053,2049,2118,2096,2065,2036
2047,2049,2050,2040,2129,2100,2073,2048
2044,2043,2034,2026,2141,2107,2063,2049
2043,2043,2033,2030,2160,2105,2061,2061
2057,2046,2032,2038,2161,2104,2078,2066
2059,2047,2031,2035,2125,2109,2086,2080
2055,2049,2045,2040,2090,2091,2074,2076
2064,2048,2052,2038,2022,2075,2063,2075
2066,2040,2049,2032,1975,2062,2068,2075
2056,2031,2045,2033,1974,2045,2041,2073
2042,2037,2035,2034,2017,2043,2050,2071
2043,2044,2031,2023,1982,2034,2044,2073
2048,2041,2019,2006,1936,2039,2066,2059
2051,2041,2025,2015,2006,2057,2068,2060
2050,2050,2036,2036,2072,2054,2062,2042
2049,2048,2041,2052,2114,2024,2061,2048
2050,2046,2033,2057,2107,1996,2066,2045
2056,2041,2024,2047,2076,1989,2060,2040
2052,2039,2018,2024,2012,1987,2059,2029
2047,2035,2014,2037,2019,2020,2061,2023
2041,2037,2037,2050,2038,2036,2058,2019
2043,2041,2051,2067,2062,2046,2054,2020
2048,2041,2067,2082,2093,2048,2047,2027
2043,2051,2075,2084,2142,2041,2051,2023
2044,2043,2070,2081,2162,2038,2048,2011
2028,2027,2054,2092,2236,2063,2050,2001
2028,2026,2049,2107,2226,2083,2052,2013
2040,2030,2055,2104,2150,2068,2052,2017
2046,2028,2037,2041,1900,2020,2028,2004
2042,2024,2031,2017,1796,2001,2031,2004
2037,2019,2036,2020,1751,1995,2025,2000
2029,2015,2029,1980,1680,1991,1987,2000
2028,2025,2038,1978,1723,2012,2026,2039
2056,2052,2065,2042,1908,2043,2067,2064
2065,2050,2046,2066,2090,2076,2065,2056
2045,2035,2008,2058,2132,2124,2080,2057
2040,2025,2009,2077,2162,2140,2069,2056
2042,2030,2009,2070,2122,2116,2046,2052
2043,2038,2012,2051,2072,2062,2043,2059
2046,2042,2011,2050,2059,2022,2066,2064
2043,2037,2020,2052,2054,2013,2057,2065
2046,2032,2019,2045,2056,2024,2054,2071
2049,2038,2038,2050,2091,2028,2043,2073
2057,2060,2081,2059,2111,2021,2047,2073
2057,2065,2100,2061,2096,2025,2039,2068
2062,2071,2105,2058,2064,2019,2031,2056
2058,2062,2089,2056,2056,2024,2005,2056
2060,2059,2077,2057,2056,2034,1996,2043
2056,2058,2082,2048,2043,2044,2021,2046
2049,2063,2090,2035,2044,2047,2034,2042
2053,2064,2076,2021,2050,2047,2035,2044
2059,2055,2062,2005,2050,2050,2032,2036
2043,2046,2049,2003,2051,2056,2036,2030
2042,2051,2042,2009,2054,2060,2032,2028
2045,2050,2044,2014,2060,2065,2047,2031
2054,2052,2054,2028,2065,2073,2057,2034
2060,2047,2049,2032,2049,2062,2057,2025
2046,2029,2040,2030,2051,2061,2045,2019
2042,2029,2042,2036,2063,2062,2061,2021
2049,2038,2046,2046,2062,2061,2050,2024
2044,2035,2041,2042,2056,2066,2052,2024
2034,2031,2035,2042,2051,2075,2037,2017
2033,2029,2034,2046,2049,2077,2035,2025
2039,2039,2043,2048,2059,2076,2035,2023
2040,2046,2052,2053,2064,2065,2032,2041
2054,2060,2049,2057,2072,2034,2026,2050
2063,2056,2046,2068,2077,2029,2039,2060
2064,2064,2047,2072,2083,2046,2042,2068
2066,2065,2044,2072,2091,2062,2052,2067
2060,2053,2038,2068,2091,2072,2042,2064
2064,2058,2031,2059,2068,2069,2040,2068
2049,2047,2032,2049,2009,2058,2034,2072
2048,2047,2029,2032,1935,2040,2050,2067
2041,2038,2032,2037,1924,2037,2030,2068
2035,2042,2039,2044,1930,2028,2044,2075
2039,2058,2057,2052,2009,2041,2040,2087
2060,2068,2065,2084,2060,2061,2049,2085
2064,2070,2074,2100,2049,2067,2066,2080
2057,2068,2068,2086,2009,2056,2045,2068
2055,2056,2058,2065,1995,2040,2042,2056
2043,2051,2056,2056,2028,2025,2039,2042
2044,2040,2061,2059,2082,2026,2044,2042
2048,2051,2062,2064,2096,2032,2038,2024
2040,2043,2058,2052,2044,2026,2040,2013
2035,2033,2049,2028,1967,2022,2034,2022
2036,2037,2050,2031,1978,2025,2025,2020
2038,2051,2060,2046,2042,2041,2049,2022
2056,2060,2048,2051,2061,2044,2038,2032
2050,2052,2040,2033,2029,2039,2014,2019
2040,2030,2025,2018,2009,2032,2018,2013
2042,2030,2028,2024,2005,2037,2039,2022
2058,2042,2049,2040,2025,2050,2052,2026
2054,2047,2066,2065,2089,2070,2039,2033
2059,2050,2071,2086,2111,2077,2058,2025
2051,2042,2065,2084,2082,2068,2045,2032
2050,2039,2052,2072,2046,2062,2047,2031
2048,2031,2047,2070,2042,2056,2053,2035
2050,2045,2049,2069,2064,2062,2050,2040
2053,2049,2049,2077,2105,2071,2041,2047
2046,2044,2041,2073,2103,2063,2053,2051
2045,2041,2022,2055,2083,2056,2047,2057
2042,2030,1998,2039,2074,2049,2038,2064
2038,2022,1984,2032,2074,2054,2038,2066
2036,2023,1979,2032,2090,2085,2073,2065
2038,2031,1985,2038,2104,2122,2069,2070
2036,2032,1987,2033,2107,2124,2065,2071
2044,2045,2020,2050,2116,2119,2082,2069
2055,2069,2054,2073,2114,2089,2078,2076
2061,2067,2057,2086,2116,2043,2066,2082
2058,2061,2046,2075,2091,2056,2052,2071
2054,2049,2035,2063,2074,2064,2053,2056
2046,2045,2029,2041,2005,2019,2047,2044
2050,2040,2042,2022,1967,1966,2052,2038
2056,2045,2058,2028,1964,1988,2059,2036
2044,2041,2060,2048,2039,2040,2050,2021
2037,2040,2073,2063,2116,2081,2063,2015
2049,2047,2076,2061,2138,2073,2055,2016
2041,2033,2051,2057,2138,2066,2062,2012
2032,2038,2031,2045,2124,2065,2044,2017
2054,2044,2033,2036,2092,2067,2045,2014
2056,2049,2030,2018,2032,2044,2023,2009
2054,2024,2013,1995,1979,2004,2014,1996
2038,2011,2002,1992,1965,1998,2038,2000
2033,2015,2006,1987,1966,2015,2042,2011
2038,2029,2013,2003,1986,2032,2059,2021
2044,2042,2038,2020,1979,2036,2065,2028
2045,2056,2049,2029,1999,2049,2077,2036
2058,2057,2050,2039,2018,2066,2070,2042
2059,2065,2069,2045,2040,2072,2068,2049
2065,2070,2082,2055,2059,2062,2071,2052
2058,2070,2091,2062,2066,2053,2055,2050
2052,2065,2088,2047,2047,2040,2060,2058
2050,2057,2081,2042,2012,2037,2065,2062
2051,2061,2076,2052,2004,2037,2073,2069
2048,2054,2074,2049,1974,2021,2066,2068
2042,2060,2072,2032,1953,2014,2064,2073
2042,2061,2064,2030,1962,2018,2039,2082
2048,2053,2055,2025,1978,2033,2045,2078
2049,2050,2053,2040,2017,2056,2047,2073
2048,2058,2057,2055,2039,2079,2044,2072
2050,2061,2060,2066,2110,2095,2043,2070
2050,2061,2058,2055,2136,2090,2039,2061
2051,2057,2056,2057,2148,2100,2056,2056
2052,2050,2056,2057,2152,2085,2051,2052
2040,2048,2056,2052,2103,2029,2058,2043
2045,2050,2049,2049,2078,1981,2033,2041
2047,2045,2051,2040,2087,1984,2033,2034
2043,2042,2040,2047,2095,2008,2044,2026
2031,2038,2039,2048,2043,2042,2050,2030
2040,2039,2045,2059,2068,2059,2067,2030
2047,2042,2044,2059,2097,2060,2046,2026
2048,2040,2038,2060,2108,2059,2065,2027
2046,2033,2035,2060,2103,2057,2056,2030
2046,2028,2022,2049,2085,2051,2050,2022
2031,2023,2010,2021,1965,2037,2041,2024
2042,2027,2015,2016,1917,2043,2055,2023
2053,2035,2017,2036,1986,2053,2059,2030
2047,2037,2021,2052,2035,2048,2054,2026
2050,2039,2017,2057,2051,2049,2058,2036
2047,2040,2008,2060,2042,2042,2051,2037
2050,2039,1995,2053,2042,2039,2052,2040
2049,2035,1994,2055,2032,2040,2050,2047
2049,2032,2000,2064,2035,2054,2051,2045
2043,2026,2010,2068,2036,2078,2065,2044
2033,2027,2005,2080,2046,2093,2043,2044
2041,2023,2012,2087,2070,2106,2061,2055
2036,2025,2023,2093,2096,2099,2065,2064
2038,2035,2045,2103,2113,2057,2065,2075
2042,2040,2066,2113,2107,2050,2062,2069
2048,2048,2055,2104,2093,2053,2049,2065
2031,2028,2021,2090,2084,2045,2033,2063
2031,2032,2013,2080,2067,2048,2021,2062
2036,2040,2018,2056,2038,2032,2035,2062
2034,2037,2027,2046,2028,2022,2016,2060
2036,2044,2055,2046,2019,2020,2026,2051
2039,2045,2061,2042,2019,2020,2019,2044
2039,2040,2054,2027,2015,2024,2032,2037
2045,2043,2065,2019,2022,2024,2040,2036
2039,2048,2075,2005,2025,2031,2032,2031
2043,2056,2094,2006,2041,2046,2044,2043
2054,2062,2108,2006,2046,2050,2058,2043
2062,2070,2121,2007,2045,2052,2057,2034
2060,2082,2131,2019,2042,2047,2049,2032
2066,2088,2121,2021,2041,2051,2052,2032
2060,2081,2104,2025,2046,2066,2065,2032
2051,2071,2085,2029,2062,2061,2060,2027
2046,2056,2072,2049,2084,2059,2030,2026
2047,2057,2066,2059,2103,2074,2062,2036
2059,2064,2066,2065,2098,2081,2074,2037
2064,2060,2059,2070,2071,2073,2071,2033
2052,2050,2048,2072,2055,2070,2056,2040
2053,2047,2055,2077,2096,2065,2042,2051
2050,2037,2058,2070,2076,2064,2063,2051
2068,2051,2065,2058,1997,2061,2062,2059
2066,2058,2073,2043,1950,2053,2062,2053
2075,2053,2073,2043,2063,2046,2048,2058
2061,2044,2058,2057,2117,2048,2043,2046
2051,2038,2047,2050,2084,2040,2053,2055
2034,2036,2049,2044,2044,2043,2064,2074
2044,2045,2066,2068,2058,2057,2049,2085
2050,2057,2070,2077,2060,2060,2049,2092
2041,2058,2066,2071,2059,2056,2031,2079
2033,2046,2054,2050,2057,2055,2052,2086
2035,2032,2043,2019,2042,2050,2052,2085
2036,2040,2055,2022,2031,2039,2053,2077
2035,2044,2060,2030,2036,2043,2058,2065
2040,2051,2063,2033,2052,2051,2057,2072
2043,2046,2042,2018,2025,2049,2053,2064
2043,2037,2019,2002,2010,2039,2061,2050
2045,2036,2026,2010,1995,2024,2055,2043
2044,2038,2040,2025,1999,2025,2066,2037
