CH1,CH2,CH3,CH4,CH5,CH6,CH7,CH8
2042,2056,2064,2053,2063,2043,2043,2036
2043,2058,2074,2053,2048,2041,2021,2028
2052,2055,2065,2053,2041,2044,2032,2027
2046,2059,2062,2046,2037,2047,2026,2023
2049,2051,2060,2048,2043,2055,2039,2022
2044,2048,2070,2053,2068,2059,2033,2021
2043,2047,2063,2053,2066,2049,2024,2017
2036,2031,2044,2040,2065,2051,2034,2012
2027,2028,2033,2043,2061,2054,2039,2024
2040,2043,2042,2048,2066,2062,2045,2028
2046,2046,2045,2060,2066,2062,2055,2037
2044,2046,2034,2059,2075,2063,2054,2032
2046,2041,2029,2066,2075,2059,2041,2036
2051,2043,2027,2063,2072,2056,2050,2036
2046,2042,2029,2059,2071,2053,2059,2043
2042,2047,2031,2062,2073,2052,2043,2046
2041,2041,2033,2053,2066,2046,2038,2049
2036,2031,2037,2056,2064,2048,2041,2048
2030,2028,2047,2059,2059,2040,2049,2059
2032,2024,2053,2065,2053,2041,2051,2063
2034,2030,2062,2071,2051,2038,2034,2064
2032,2027,2064,2062,2046,2038,2043,2067
2031,2027,2059,2054,2045,2035,2040,2059
2027,2015,2044,2039,2037,2038,2028,2064
2026,2017,2044,2035,2042,2043,2042,2070
2042,2033,2066,2040,2041,2041,2037,2066
2046,2051,2067,2036,2034,2037,2041,2062
2044,2054,2075,2040,2037,2034,2026,2059
2041,2060,2072,2039,2038,2036,2049,2054
2044,2056,2047,2016,2036,2044,2031,2049
2039,2047,2045,2021,2038,2041,2048,2036
2037,2052,2051,2026,2047,2050,2032,2043
2044,2064,2068,2037,2056,2052,2052,2041
2046,2064,2065,2039,2054,2056,2045,2041
2052,2075,2062,2044,2062,2057,2050,2041
2059,2078,2081,2061,2060,2053,2036,2039
2058,2072,2085,2071,2053,2050,2035,2024
2046,2062,2086,2074,2051,2049,2045,2027
2056,2066,2076,2066,2054,2046,2036,2020
2052,2053,2065,2060,2041,2046,2033,2027
2049,2053,2052,2063,2052,2053,2047,2032
2056,2060,2057,2076,2059,2053,2042,2030
2054,2058,2052,2082,2057,2054,2050,2034
2047,2057,2059,2089,2064,2057,2052,2035
2046,2063,2061,2093,2066,2056,2043,2030
2054,2056,2063,2095,2057,2051,2048,2025
2051,2060,2070,2094,2066,2046,2040,2032
2045,2061,2066,2088,2063,2048,2047,2033
2037,2062,2059,2078,2059,2051,2050,2038
2040,2061,2053,2076,2062,2049,2051,2046
2040,2059,2056,2073,2067,2047,2047,2052
2046,2059,2057,2066,2051,2046,2046,2057
2051,2064,2054,2049,2056,2051,2053,2065
2047,2063,2064,2044,2049,2050,2060,2068
2050,2069,2059,2030,2026,2037,2046,2059
2037,2056,2048,2014,1992,2030,2044,2058
2032,2055,2046,2005,2002,2040,2050,2064
2040,2060,2047,2002,2016,2040,2029,2064
2038,2059,2043,1995,2028,2048,2033,2068
2040,2051,2033,1987,2029,2049,2035,2067
2045,2062,2032,1999,2031,2049,2039,2063
2044,2064,2030,2011,2028,2049,2061,2050
2052,2058,2034,2022,2030,2054,2064,2042
2044,2055,2037,2033,2037,2056,2072,2040
2048,2055,2044,2039,2037,2056,2052,2040
2041,2058,2042,2030,2032,2054,2051,2038
2041,2048,2039,2024,2036,2055,2047,2025
2039,2049,2038,2030,2042,2055,2041,2025
2040,2046,2038,2038,2055,2053,2042,2017
2032,2042,2039,2039,2066,2057,2059,2021
2033,2044,2038,2038,2066,2056,2052,2015
2026,2027,2029,2031,2051,2047,2059,2012
2013,2024,2030,2033,2045,2050,2070,2011
2014,2036,2033,2036,2053,2054,2066,2012
2024,2034,2037,2040,2053,2058,2053,2018
2028,2041,2035,2045,2053,2062,2062,2023
2029,2042,2039,2046,2059,2054,2054,2026
2036,2048,2040,2048,2053,2051,2052,2025
2028,2042,2046,2053,2056,2055,2037,2033
2032,2044,2040,2050,2058,2060,2073,2037
2036,2042,2042,2048,2060,2065,2077,2040
2031,2047,2035,2046,2056,2058,2068,2046
2032,2044,2031,2043,2053,2056,2077,2052
2029,2040,2037,2044,2060,2063,2062,2056
2029,2034,2035,2048,2056,2057,2057,2059
2031,2033,2032,2041,2048,2055,2062,2069
2036,2041,2043,2047,2049,2050,2072,2076
2036,2054,2039,2038,2041,2047,2063,2078
2032,2044,2037,2035,2046,2047,2054,2088
2041,2053,2045,2044,2037,2050,2070,2074
2047,2065,2047,2046,2047,2057,2074,2073
2050,2060,2050,2041,2043,2045,2064,2066
2040,2054,2041,2038,2044,2049,2063,2053
2037,2061,2051,2045,2047,2048,2049,2046
2037,2057,2048,2048,2047,2050,2062,2039
2035,2058,2054,2054,2051,2053,2069,2042
2036,2064,2063,2054,2051,2059,2061,2038
2042,2071,2072,2056,2059,2063,2067,2034
2039,2065,2063,2056,2064,2058,2066,2034
2041,2066,2060,2057,2054,2047,2057,2024
2050,2066,2051,2053,2055,2054,2047,2030
2053,2067,2053,2053,2050,2052,2044,2042
2051,2061,2051,2054,2051,2055,2052,2036
2056,2063,2042,2046,2050,2047,2044,2025
2036,2053,2044,2042,2047,2044,2054,2023
2035,2048,2048,2045,2054,2050,2068,2031
2049,2065,2059,2059,2056,2054,2059,2029
2050,2064,2061,2053,2058,2052,2061,2032
2050,2058,2058,2052,2061,2054,2040,2032
2045,2063,2054,2057,2059,2057,2025,2040
2046,2058,2048,2060,2066,2061,2035,2040
2044,2053,2041,2062,2067,2063,2044,2046
2041,2048,2043,2054,2070,2060,2055,2048
2042,2046,2040,2052,2067,2063,2053,2058
2036,2044,2035,2046,2067,2057,2063,2052
2036,2044,2034,2050,2061,2056,2042,2059
2034,2039,2036,2047,2057,2049,2040,2053
2042,2048,2041,2055,2065,2052,2048,2065
2045,2055,2046,2061,2059,2061,2065,2076
2046,2059,2041,2052,2046,2046,2040,2065
2035,2041,2018,2044,2045,2049,2036,2072
2033,2032,2014,2040,2043,2051,2024,2064
2030,2038,2013,2046,2036,2056,2031,2054
2026,2047,2016,2046,2046,2060,2049,2054
2031,2051,2023,2048,2048,2065,2062,2059
2038,2051,2026,2050,2053,2069,2059,2060
2041,2048,2025,2045,2051,2076,2060,2053
2039,2046,2023,2043,2049,2078,2055,2041
2044,2046,2026,2045,2045,2086,2043,2032
2036,2046,2021,2039,2051,2082,2039,2031
2033,2046,2021,2035,2053,2078,2046,2027
2035,2047,2030,2039,2056,2058,2040,2035
2037,2051,2038,2045,2050,2011,2040,2023
2039,2054,2038,2047,2051,1998,2037,2018
2039,2050,2040,2043,2042,2006,2030,2018
2046,2047,2049,2043,2041,2020,2030,2025
2047,2045,2038,2038,2036,2018,2031,2016
2035,2041,2036,2038,2028,2021,2046,2019
2038,2038,2045,2041,2037,2033,2052,2027
2043,2047,2036,2033,2035,2036,2047,2020
2045,2041,2033,2030,2032,2032,2050,2024
2043,2042,2039,2034,2031,2034,2042,2029
2047,2050,2054,2042,2041,2039,2049,2026
2043,2051,2056,2047,2047,2046,2048,2036
2045,2050,2057,2049,2047,2053,2049,2038
2042,2053,2062,2051,2053,2058,2056,2044
2047,2056,2076,2052,2055,2062,2066,2041
2047,2064,2086,2058,2060,2058,2066,2059
2053,2063,2085,2061,2059,2055,2053,2060
2050,2057,2075,2058,2059,2046,2059,2063
2049,2060,2072,2052,2055,2047,2067,2068
2044,2053,2057,2056,2050,2045,2058,2073
2044,2056,2056,2050,2046,2045,2027,2063
2047,2045,2048,2045,2048,2040,2036,2069
2049,2040,2042,2038,2048,2047,2036,2072
2050,2051,2052,2042,2049,2045,2033,2070
2054,2048,2051,2045,2044,2042,2042,2069
2051,2052,2050,2053,2041,2037,2032,2063
2051,2045,2045,2045,2034,2036,2050,2058
2047,2050,2050,2048,2042,2031,2039,2053
2055,2053,2050,2047,2039,2034,2047,2043
2053,2063,2062,2056,2044,2043,2062,2036
2057,2061,2063,2054,2040,2048,2056,2035
2056,2057,2054,2053,2046,2054,2049,2031
2045,2050,2045,2047,2040,2054,2047,2024
2042,2048,2039,2051,2036,2054,2044,2024
2038,2040,2034,2045,2036,2051,2034,2022
2040,2040,2027,2044,2031,2047,2046,2019
2041,2040,2031,2047,2032,2050,2037,2018
2040,2034,2026,2047,2029,2036,2020,2018
2031,2034,2020,2052,2038,2042,2025,2019
2043,2038,2022,2057,2044,2050,2037,2025
2045,2044,2038,2063,2053,2051,2038,2027
2040,2039,2046,2064,2042,2052,2061,2026
2041,2047,2057,2075,2047,2053,2061,2028
2043,2052,2073,2081,2047,2058,2053,2019
2046,2054,2069,2073,2054,2052,2041,2030
2050,2048,2060,2072,2056,2053,2048,2035
2043,2050,2057,2077,2060,2053,2053,2036
2049,2046,2047,2085,2054,2061,2072,2047
2048,2044,2035,2083,2057,2057,2073,2051
2053,2036,2025,2077,2066,2055,2057,2059
2043,2034,2019,2070,2062,2056,2047,2054
2049,2038,2014,2067,2046,2053,2045,2059
2042,2033,2014,2066,2050,2050,2026,2059
2041,2024,2011,2055,2044,2043,2030,2052
2028,2013,2004,2037,2036,2037,2037,2051
2028,2016,2005,2035,2041,2040,2028,2063
2039,2034,2015,2038,2043,2044,2019,2068
2045,2041,2032,2055,2053,2054,2041,2073
2047,2051,2039,2065,2058,2058,2036,2066
2054,2052,2032,2058,2060,2052,2031,2059
2046,2046,2024,2049,2048,2043,2027,2051
2043,2036,2018,2034,2030,2043,2025,2046
2043,2030,2032,2029,2027,2045,2043,2038
2040,2042,2042,2020,2021,2038,2038,2030
2034,2050,2053,2009,2020,2039,2042,2028
2038,2057,2067,2002,2015,2040,2062,2031
2045,2063,2080,2004,2010,2042,2045,2028
2052,2077,2092,2027,2028,2048,2054,2022
2056,2075,2098,2027,2034,2050,2054,2034
2062,2074,2087,2026,2034,2057,2058,2037
2063,2077,2080,2028,2040,2040,2044,2038
2054,2056,2073,2030,2040,2041,2048,2024
2048,2047,2065,2034,2044,2053,2055,2025
2058,2055,2061,2032,2049,2055,2054,2023
2045,2044,2049,2039,2042,2056,2072,2027
2043,2047,2049,2052,2040,2052,2049,2019
2045,2044,2058,2054,2030,2049,2026,2018
2034,2037,2058,2051,2036,2046,2046,2022
2042,2041,2059,2051,2037,2044,2040,2032
2045,2050,2067,2055,2047,2046,2047,2043
2049,2047,2065,2066,2058,2045,2058,2044
2056,2057,2059,2067,2067,2051,2058,2053
2044,2051,2058,2065,2068,2044,2048,2056
2043,2047,2056,2067,2064,2046,2064,2060
2036,2050,2056,2063,2046,2039,2055,2064
2044,2048,2058,2066,2042,2038,2059,2066
2042,2052,2049,2059,2038,2038,2058,2072
2041,2043,2040,2056,2031,2033,2046,2064
2044,2043,2021,2044,2026,2029,2049,2068
2043,2040,2012,2031,2015,2027,2046,2063
2035,2034,2002,2026,2019,2036,2046,2055
2042,2040,1996,2020,2022,2041,2036,2057
2047,2036,1992,2020,2026,2047,2051,2058
2046,2032,1990,2008,2026,2045,2055,2053
2034,2030,1987,2013,2026,2044,2060,2040
2034,2034,2002,2013,2022,2040,2058,2032
2036,2036,2006,2019,2026,2044,2060,2037
2045,2039,2031,2023,2036,2048,2066,2032
2048,2040,2050,2036,2050,2054,2068,2030
2055,2049,2059,2045,2069,2060,2068,2032
2054,2052,2065,2046,2074,2054,2066,2034
2060,2052,2071,2055,2074,2055,2070,2032
2062,2058,2080,2054,2060,2050,2046,2023
2060,2059,2090,2055,2057,2046,2056,2014
2044,2050,2085,2047,2051,2039,2042,2020
2045,2044,2080,2040,2035,2037,2055,2028
2051,2051,2086,2052,2053,2048,2066,2032
2056,2065,2085,2057,2068,2053,2061,2034
2059,2071,2088,2071,2062,2057,2055,2034
2059,2068,2088,2061,2062,2060,2061,2039
2053,2058,2080,2070,2065,2061,2067,2037
2049,2057,2076,2065,2063,2055,2070,2046
2050,2055,2069,2068,2064,2059,2065,2052
2044,2050,2066,2076,2069,2056,2055,2058
2043,2042,2073,2081,2059,2056,2056,2057
2049,2039,2087,2095,2064,2055,2045,2056
2043,2042,2094,2090,2074,2060,2071,2056
2046,2041,2099,2097,2068,2060,2060,2065
2045,2042,2086,2099,2070,2057,2052,2066
2044,2044,2082,2101,2067,2058,2058,2073
2045,2038,2070,2103,2062,2047,2040,2064
2033,2024,2053,2099,2052,2044,2028,2059
2027,2022,2050,2093,2055,2050,2043,2066
2034,2028,2041,2094,2043,2042,2050,2061
2031,2020,2037,2086,2048,2044,2041,2060
2033,2027,2041,2087,2054,2053,2048,2058
2036,2037,2045,2067,2045,2049,2061,2052
2044,2040,2033,2043,2042,2050,2045,2050
2046,2040,2031,2028,2033,2043,2058,2052
2053,2052,2040,2015,2034,2049,2057,2042
2051,2052,2042,2007,2047,2049,2065,2046
2054,2047,2019,1999,2042,2052,2068,2043
2049,2045,2008,2004,2043,2047,2055,2034
2046,2038,2008,2012,2037,2045,2062,2029
2049,2047,2014,2019,2038,2041,2050,2027
2057,2053,2027,2023,2035,2041,2051,2030
2055,2055,2035,2026,2037,2042,2047,2028
2068,2055,2034,2021,2032,2037,2019,2036
2056,2055,2037,2024,2038,2035,2026,2037
2056,2066,2045,2042,2045,2045,2048,2042
2063,2069,2037,2037,2047,2041,2045,2035
2056,2061,2036,2040,2052,2046,2044,2038
2058,2064,2044,2045,2051,2051,2063,2038
2057,2064,2047,2050,2055,2053,2059,2040
2057,2070,2057,2054,2060,2059,2058,2045
2063,2068,2060,2052,2063,2060,2054,2052
2069,2069,2062,2049,2067,2059,2051,2053
2066,2069,2072,2050,2068,2059,2034,2062
2068,2068,2086,2056,2066,2057,2049,2065
2068,2066,2079,2050,2060,2053,2056,2071
2061,2061,2078,2052,2061,2048,2035,2072
2052,2057,2083,2050,2056,2044,2048,2072
2049,2057,2076,2055,2050,2047,2050,2067
2055,2055,2069,2049,2049,2045,2038,2064
2043,2043,2056,2045,2039,2037,2037,2066
2048,2044,2047,2046,2042,2040,2030,2069
2048,2048,2053,2052,2050,2051,2047,2067
2045,2042,2047,2048,2052,2046,2036,2063
2056,2041,2046,2052,2053,2052,2030,2060
2051,2042,2048,2056,2048,2050,2045,2057
2051,2047,2050,2057,2042,2053,2043,2053
2044,2052,2047,2054,2040,2046,2042,2046
2053,2056,2048,2059,2044,2048,2042,2045
2061,2055,2049,2054,2050,2054,2045,2044
2058,2052,2040,2057,2052,2049,2038,2035
2058,2042,2041,2052,2053,2051,2042,2032
2053,2043,2041,2052,2056,2055,2047,2034
2050,2040,2040,2051,2058,2055,2052,2030
2053,2044,2044,2048,2065,2057,2040,2033
2055,2046,2042,2049,2060,2054,2044,2033
2058,2043,2039,2043,2053,2038,2044,2018
2048,2030,2030,2037,2038,2037,2039,2015
2039,2027,2023,2032,2038,2038,2054,2019
2047,2038,2037,2044,2051,2049,2040,2024
2050,2044,2037,2045,2051,2048,2043,2023
2050,2049,2044,2048,2050,2055,2044,2031
2050,2050,2042,2038,2038,2052,2050,2039
2050,2045,2035,2030,2027,2051,2038,2038
2051,2046,2031,2029,2017,2045,2045,2038
2046,2050,2050,2033,2035,2050,2046,2045
2052,2057,2073,2048,2051,2053,2040,2049
2060,2066,2096,2061,2053,2052,2052,2054
2058,2063,2097,2060,2057,2056,2043,2058
2061,2060,2090,2054,2050,2057,2048,2066
2058,2062,2073,2056,2047,2058,2040,2065
2051,2051,2057,2046,2036,2047,2039,2066
2055,2049,2060,2047,2042,2054,2034,2071
2050,2051,2060,2045,2038,2043,2025,2058
2046,2037,2047,2038,2026,2039,2030,2064
2039,2038,2051,2040,2038,2044,2043,2072
2053,2052,2056,2041,2037,2051,2058,2076
2060,2056,2057,2044,2027,2049,2055,2072
2056,2056,2048,2045,2025,2049,2050,2064
2052,2051,2051,2046,2023,2045,2022,2049
2043,2055,2051,2044,2014,2052,2032,2052
2046,2054,2053,2036,2019,2051,2016,2042
2053,2056,2060,2036,2024,2051,2020,2034
2054,2056,2061,2038,2025,2055,2019,2038
2056,2059,2070,2044,2035,2049,2028,2030
2055,2054,2067,2044,2041,2047,2048,2027
2059,2051,2064,2048,2039,2038,2040,2021
2055,2046,2052,2057,2040,2041,2045,2019
2054,2045,2044,2059,2043,2046,2045,2023
2055,2047,2046,2051,2045,2046,2059,2019
2049,2035,2043,2047,2051,2034,2043,2014
2042,2037,2044,2044,2066,2041,2045,2016
2046,2048,2050,2052,2073,2049,2057,2020
2051,2058,2054,2058,2076,2055,2045,2028
2054,2053,2049,2057,2078,2055,2053,2039
2062,2050,2045,2057,2073,2050,2049,2044
2059,2047,2042,2058,2062,2047,2057,2039
2054,2045,2040,2054,2059,2048,2039,2046
2051,2043,2049,2058,2054,2050,2048,2049
2053,2042,2047,2057,2056,2049,2055,2049
2056,2048,2046,2056,2057,2041,2054,2054
2057,2043,2047,2057,2054,2043,2057,2056
2049,2042,2048,2054,2058,2039,2065,2056
2048,2043,2048,2050,2059,2039,2051,2056
2041,2046,2056,2052,2050,2042,2035,2061
2039,2044,2059,2057,2058,2043,2042,2074
2046,2046,2053,2051,2052,2039,2025,2071
2039,2037,2051,2047,2045,2036,2042,2061
2038,2046,2060,2050,2051,2039,2045,2070
2043,2051,2071,2045,2048,2044,2027,2070
2046,2055,2067,2050,2041,2046,2014,2073
2053,2060,2065,2048,2039,2048,2021,2071
2056,2055,2061,2052,2045,2046,2048,2063
2055,2050,2063,2058,2044,2043,2035,2060
2058,2052,2062,2061,2044,2036,2043,2056
2061,2063,2061,2066,2045,2035,2055,2044
2058,2058,2064,2073,2046,2031,2052,2037
2048,2052,2067,2066,2045,2021,2052,2042
2045,2047,2069,2066,2035,2014,2013,2038
2041,2045,2060,2062,2040,2025,2037,2032
2040,2044,2056,2061,2042,2031,2039,2029
2050,2043,2055,2057,2045,2035,2036,2027
2045,2045,2049,2060,2055,2035,2021,2021
2037,2040,2039,2048,2056,2036,2034,2021
2043,2044,2048,2058,2063,2048,2053,2024
2051,2052,2059,2063,2061,2053,2028,2032
2046,2043,2052,2060,2056,2060,2032,2025
2044,2037,2052,2054,2049,2069,2038,2024
2044,2040,2057,2053,2052,2087,2041,2028
2053,2042,2053,2055,2053,2101,2045,2035
2048,2044,2052,2048,2054,2106,2048,2040
2045,2040,2036,2044,2057,2091,2055,2037
2047,2034,2024,2048,2054,2038,2058,2042
2046,2032,2022,2053,2055,2025,2049,2056
2044,2030,2023,2052,2058,2036,2052,2057
2051,2033,2015,2043,2058,2042,2039,2065
2048,2028,2003,2036,2045,2046,2040,2077
2054,2027,1993,2031,2042,2041,2046,2081
2059,2033,2011,2036,2047,2045,2052,2074
2046,2034,2022,2036,2042,2046,2048,2061
2040,2048,2030,2040,2044,2055,2047,2067
2043,2052,2030,2041,2053,2059,2051,2079
2046,2047,2028,2031,2044,2055,2045,2081
2050,2049,2028,2019,2039,2048,2051,2074
2053,2052,2032,2014,2036,2050,2043,2062
2055,2047,2041,2021,2037,2046,2046,2057
2048,2049,2035,2024,2032,2038,2050,2047
2053,2041,2037,2025,2024,2029,2051,2045
2054,2052,2043,2036,2025,2033,2049,2043
2056,2060,2057,2045,2033,2041,2039,2041
2059,2063,2066,2048,2038,2046,2042,2044
2056,2060,2063,2044,2034,2045,2035,2034
2058,2058,2063,2042,2039,2047,2034,2036
2056,2055,2065,2038,2030,2040,2042,2038
2060,2060,2068,2046,2041,2047,2047,2032
2053,2052,2056,2040,2036,2042,2035,2030
2051,2047,2050,2050,2034,2043,2025,2029
2057,2054,2058,2056,2049,2054,2043,2035
2058,2052,2060,2058,2058,2048,2047,2038
2053,2054,2056,2056,2051,2051,2042,2039
2058,2050,2066,2053,2051,2053,2065,2041
2053,2056,2064,2053,2051,2049,2065,2043
2060,2054,2063,2058,2058,2051,2060,2046
2059,2055,2059,2053,2056,2050,2037,2044
2060,2047,2056,2058,2054,2053,2056,2048
2063,2047,2050,2054,2052,2049,2041,2060
2056,2047,2054,2053,2057,2046,2023,2065
2053,2045,2044,2053,2058,2046,2053,2071
2049,2041,2044,2052,2056,2051,2048,2072
2052,2045,2039,2059,2051,2046,2060,2078
2053,2040,2041,2063,2053,2041,2050,2077
2054,2040,2053,2066,2043,2044,2055,2072
2044,2033,2059,2073,2046,2045,2043,2075
2043,2030,2056,2080,2048,2045,2035,2084
2049,2037,2052,2078,2044,2050,2046,2072
2056,2029,2037,2076,2037,2058,2050,2060
2051,2030,2032,2077,2039,2070,2036,2048
2040,2021,2024,2081,2039,2068,2041,2043
2040,2022,2008,2067,2038,2063,2027,2042
2050,2028,2005,2068,2030,2050,2039,2041
2050,2035,1997,2070,2042,2025,2048,2042
2044,2031,1991,2067,2041,2021,2052,2033
2048,2025,1991,2061,2037,2032,2045,2028
2044,2024,1989,2048,2035,2033,2031,2031
2050,2031,1992,2037,2021,2031,2015,2030
2051,2034,2010,2024,2015,2024,2038,2026
2044,2039,2015,2006,2008,2021,2042,2017
2052,2047,2018,1997,2012,2025,2034,2016
2049,2039,2034,1990,2017,2026,2031,2007
2041,2034,2045,2000,2029,2040,2048,2011
2054,2049,2056,2016,2044,2049,2061,2025
2061,2051,2060,2022,2045,2056,2052,2026
2055,2045,2058,2032,2051,2052,2050,2041
2050,2045,2062,2041,2046,2053,2032,2042
2048,2040,2068,2045,2053,2050,2049,2040
2042,2049,2081,2042,2056,2045,2043,2030
2046,2052,2096,2044,2055,2047,2050,2037
2054,2057,2095,2058,2056,2048,2046,2035
2052,2061,2102,2056,2063,2050,2062,2042
2055,2067,2096,2064,2059,2049,2060,2044
2054,2062,2083,2059,2056,2050,2049,2055
2048,2048,2068,2055,2058,2045,2041,2063
2047,2054,2057,2053,2062,2046,2039,2071
2049,2054,2066,2050,2046,2046,2047,2070
2046,2054,2051,2034,2036,2038,2043,2076
2047,2045,2047,2030,2026,2036,2041,2073
2052,2055,2052,2040,2034,2046,2053,2078
2061,2056,2058,2040,2036,2043,2057,2073
2059,2060,2054,2041,2037,2041,2054,2067
2057,2059,2054,2043,2034,2046,2046,2060
2061,2057,2063,2043,2030,2044,2055,2059
2061,2056,2058,2042,2028,2042,2046,2053
2056,2054,2050,2038,2034,2048,2042,2045
2053,2046,2058,2043,2033,2041,2032,2038
2056,2053,2067,2046,2032,2038,2059,2036
2054,2054,2065,2050,2039,2044,2044,2032
2047,2043,2054,2047,2044,2042,2049,2026
2038,2040,2058,2047,2043,2037,2052,2026
2042,2046,2063,2047,2042,2041,2057,2026
2049,2043,2061,2047,2040,2041,2045,2021
2038,2043,2053,2040,2036,2039,2029,2017
2043,2036,2048,2037,2033,2040,2032,2021
2045,2040,2050,2043,2043,2043,2039,2028
2049,2044,2049,2046,2043,2043,2058,2035
2045,2042,2041,2053,2037,2043,2045,2036
2054,2045,2047,2052,2045,2047,2051,2032
2058,2052,2054,2052,2041,2048,2054,2036
2063,2055,2049,2050,2057,2044,2055,2048
2054,2053,2044,2050,2058,2050,2056,2044
2051,2044,2042,2050,2061,2048,2045,2052
2054,2046,2040,2053,2060,2051,2059,2060
2047,2045,2036,2046,2056,2048,2058,2062
2047,2043,2037,2047,2056,2049,2051,2066
2048,2040,2033,2052,2047,2050,2051,2075
2046,2043,2036,2041,2046,2043,2058,2076
2049,2044,2035,2046,2040,2044,2049,2076
2041,2034,2029,2038,2038,2035,2041,2077
2036,2033,2033,2045,2031,2038,2034,2073
2057,2049,2041,2054,2046,2042,2042,2073
2052,2051,2045,2051,2048,2041,2060,2074
2052,2047,2045,2053,2045,2044,2044,2068
2054,2053,2043,2046,2044,2043,2057,2068
2051,2051,2049,2055,2049,2042,2060,2053
2056,2049,2055,2045,2041,2043,2044,2053
2056,2047,2062,2054,2045,2044,2051,2045
2054,2048,2058,2047,2043,2040,2046,2039
2049,2049,2053,2050,2045,2042,2041,2038
2047,2045,2051,2049,2046,2046,2052,2038
2054,2048,2053,2049,2046,2044,2044,2031
2056,2049,2049,2051,2042,2050,2047,2028
2055,2045,2050,2050,2044,2048,2056,2032
2059,2050,2049,2046,2050,2049,2055,2025
2050,2048,2050,2041,2038,2041,2040,2018
2043,2043,2044,2039,2037,2033,2038,2019
2043,2042,2047,2047,2047,2046,2059,2025
2053,2049,2048,2050,2050,2049,2062,2028
2062,2053,2053,2054,2052,2049,2048,2028
2059,2049,2053,2052,2060,2054,2064,2035
2055,2049,2052,2055,2056,2050,2058,2040
2053,2042,2053,2052,2055,2049,2043,2040
2056,2045,2050,2053,2060,2052,2034,2039
2054,2043,2050,2063,2055,2047,2041,2046
2053,2046,2051,2060,2057,2050,2022,2056
2051,2045,2053,2056,2059,2048,2042,2056
2049,2043,2049,2056,2051,2054,2032,2064
2049,2047,2047,2059,2050,2051,2037,2064
2051,2046,2048,2052,2056,2051,2042,2064
2050,2043,2044,2055,2053,2052,2033,2069
2043,2038,2042,2052,2041,2040,2008,2056
2033,2029,2033,2045,2039,2034,2016,2061
2039,2026,2035,2046,2036,2036,2024,2066
2044,2043,2041,2047,2042,2037,2047,2062
2045,2037,2040,2048,2040,2044,2059,2064
2045,2044,2044,2046,2044,2048,2046,2059
2047,2048,2047,2048,2043,2045,2039,2045
2048,2052,2044,2059,2038,2044,2050,2047
2045,2052,2042,2049,2037,2044,2036,2036
2048,2047,2043,2051,2041,2047,2046,2033
2049,2050,2049,2054,2049,2040,2058,2033
2051,2047,2044,2052,2042,2046,2067,2030
2052,2046,2044,2061,2045,2046,2059,2026
2048,2044,2040,2057,2043,2044,2067,2031
2054,2041,2041,2055,2040,2049,2054,2033
2052,2048,2042,2057,2045,2051,2061,2027
2051,2042,2039,2051,2043,2046,2047,2015
2039,2036,2032,2044,2041,2047,2051,2011
2034,2030,2024,2048,2038,2048,2072,2016
2040,2031,2036,2056,2048,2049,2071,2024
2044,2032,2034,2060,2048,2048,2049,2023
2045,2030,2027,2057,2047,2046,2038,2021
2040,2030,2025,2054,2044,2056,2039,2024
2045,2033,2029,2052,2049,2057,2060,2033
2046,2038,2039,2055,2054,2066,2048,2037
2041,2036,2034,2055,2052,2066,2039,2036
2039,2034,2031,2057,2046,2066,2060,2044
2043,2030,2035,2057,2047,2067,2059,2051
2047,2034,2042,2055,2053,2070,2063,2052
2043,2028,2043,2047,2048,2067,2063,2059
2046,2031,2041,2051,2044,2062,2047,2058
2052,2028,2038,2049,2035,2056,2047,2065
2051,2030,2039,2044,2028,2044,2033,2060
2041,2022,2036,2031,2015,2030,2021,2062
2043,2028,2052,2042,2020,2018,2048,2064
2051,2050,2082,2058,2028,2021,2050,2064
2046,2060,2085,2066,2039,2035,2061,2060
2046,2064,2080,2060,2033,2044,2054,2057
2037,2057,2066,2053,2032,2050,2070,2046
2034,2052,2057,2046,2030,2048,2029,2043
2042,2056,2060,2046,2032,2046,2035,2043
2046,2060,2054,2048,2033,2048,2055,2039
2051,2062,2060,2050,2038,2045,2054,2045
2061,2068,2058,2051,2039,2041,2045,2057
2060,2067,2060,2053,2049,2046,2047,2047
2057,2060,2058,2052,2050,2044,2049,2043
2061,2060,2056,2052,2050,2044,2051,2037
2056,2058,2053,2051,2049,2056,2027,2026
2056,2056,2055,2041,2048,2049,2023,2027
2053,2052,2045,2038,2044,2040,2017,2021
2045,2038,2041,2029,2033,2038,2011,2027
2049,2043,2041,2038,2045,2043,2041,2030
2053,2051,2057,2042,2055,2052,2040,2031
2054,2057,2056,2051,2057,2057,2042,2034
2045,2054,2062,2051,2055,2059,2058,2030
2047,2053,2062,2049,2060,2058,2057,2045
2048,2047,2054,2047,2061,2062,2058,2046
2046,2054,2061,2054,2065,2061,2034,2045
2045,2054,2059,2048,2058,2057,2037,2046
2041,2054,2058,2051,2053,2047,2040,2051
2049,2053,2062,2061,2057,2044,2034,2053
2047,2050,2062,2058,2057,2045,2026,2061
2043,2049,2058,2059,2058,2057,2018,2072
2044,2054,2057,2067,2058,2052,2042,2074
2052,2058,2059,2058,2060,2052,2059,2077
2050,2063,2060,2056,2052,2042,2029,2075
2044,2046,2050,2049,2043,2033,2037,2070
2038,2041,2047,2050,2042,2037,2055,2082
2052,2053,2056,2053,2038,2040,2048,2071
2051,2052,2050,2049,2035,2042,2049,2070
2052,2047,2045,2044,2028,2038,2048,2066
2051,2047,2044,2032,2032,2036,2046,2058
2051,2049,2052,2035,2042,2034,2046,2058
2049,2047,2051,2046,2046,2034,2054,2048
2050,2049,2051,2051,2042,2034,2038,2038
2046,2045,2053,2047,2042,2034,2060,2039
2043,2042,2048,2052,2032,2043,2053,2043
2044,2042,2050,2050,2033,2046,2039,2045
2040,2043,2046,2046,2036,2051,2036,2043
2046,2051,2046,2048,2044,2053,2062,2034
2053,2057,2048,2049,2045,2061,2038,2034
2052,2053,2048,2053,2039,2053,2027,2033
2048,2045,2047,2049,2034,2046,2031,2022
2038,2038,2042,2050,2040,2061,2050,2028
2049,2054,2053,2052,2047,2068,2061,2029
2051,2051,2047,2055,2048,2070,2056,2043
2047,2048,2046,2057,2051,2077,2062,2045
2048,2053,2047,2054,2048,2082,2072,2053
2047,2056,2047,2057,2047,2082,2053,2057
2054,2050,2039,2058,2049,2082,2053,2060
2062,2050,2041,2049,2045,2084,2053,2057
2052,2057,2041,2048,2049,2088,2054,2053
2046,2056,2046,2048,2051,2093,2062,2050
2036,2043,2047,2049,2052,2093,2046,2052
2040,2041,2040,2049,2043,2101,2050,2069
2041,2036,2032,2038,2027,2083,2070,2067
2038,2030,2022,2030,2012,2030,2040,2060
2033,2022,2020,2026,2015,1999,2025,2050
2010,2007,2020,2030,2026,2006,2013,2040
2017,2011,2017,2035,2042,2012,2028,2062
2044,2032,2034,2050,2051,2022,2039,2075
2043,2041,2053,2058,2065,2024,2039,2075
2047,2052,2056,2061,2053,2021,2034,2075
2050,2058,2057,2054,2034,2024,2056,2064
2048,2054,2049,2053,2033,2029,2035,2060
2043,2056,2053,2049,2031,2029,2038,2047
2040,2051,2047,2046,2047,2038,2040,2040
2046,2051,2045,2049,2056,2043,2044,2038
2044,2051,2045,2054,2064,2051,2038,2029
2045,2056,2055,2047,2050,2051,2061,2027
2051,2052,2059,2053,2047,2048,2055,2031
2051,2053,2061,2046,2045,2051,2057,2032
2050,2059,2066,2050,2045,2053,2052,2031
2052,2060,2065,2051,2041,2055,2060,2022
2046,2050,2054,2045,2047,2051,2052,2024
2049,2050,2053,2041,2048,2055,2040,2029
2056,2055,2059,2051,2051,2057,2065,2032
2058,2058,2055,2056,2052,2061,2068,2034
2057,2060,2055,2059,2058,2061,2067,2038
2049,2054,2058,2055,2057,2054,2078,2038
2048,2057,2059,2054,2054,2054,2069,2047
2050,2052,2058,2055,2054,2049,2065,2040
2046,2056,2051,2058,2049,2047,2065,2043
2048,2059,2059,2054,2052,2047,2039,2052
2045,2054,2060,2049,2045,2041,2033,2064
2041,2056,2053,2042,2026,2037,2045,2059
2036,2042,2050,2042,2016,2032,2036,2066
2036,2043,2051,2040,2004,2028,2067,2074
2036,2038,2047,2032,2010,2032,2056,2075
2034,2034,2041,2022,2008,2031,2059,2070
2025,2028,2037,2035,2038,2040,2062,2075
2024,2033,2048,2050,2055,2052,2058,2078
2033,2044,2055,2057,2058,2046,2058,2075
2030,2040,2054,2056,2058,2053,2039,2064
2043,2048,2048,2053,2068,2060,2032,2067
2040,2044,2049,2048,2063,2068,2047,2056
2037,2039,2046,2047,2064,2092,2057,2046
2034,2041,2038,2051,2067,2101,2061,2041
2037,2044,2044,2049,2064,2104,2052,2039
2039,2049,2041,2054,2063,2096,2045,2037
2037,2047,2041,2054,2060,2086,2044,2040
2035,2036,2039,2056,2068,2086,2068,2030
2034,2038,2043,2055,2059,2080,2053,2032
2041,2037,2042,2046,2054,2068,2038,2031
2038,2037,2040,2048,2053,2064,2031,2029
2038,2035,2040,2045,2056,2057,2046,2031
2026,2025,2036,2044,2053,2039,2069,2022
2031,2032,2034,2046,2062,2042,2060,2026
2041,2042,2046,2055,2071,2040,2061,2024
2040,2044,2048,2058,2069,2034,2051,2024
2040,2043,2041,2054,2064,2026,2046,2021
2032,2035,2041,2050,2058,2025,2057,2020
2034,2034,2037,2049,2057,2034,2039,2028
2038,2033,2036,2049,2044,2041,2052,2032
2031,2037,2042,2044,2037,2051,2033,2035
2037,2041,2045,2050,2035,2052,2055,2037
2043,2046,2049,2053,2039,2057,2063,2051
2046,2048,2047,2051,2036,2051,2070,2067
2046,2049,2049,2052,2042,2047,2066,2071
2047,2055,2050,2053,2033,2042,2058,2085
2052,2057,2052,2052,2025,2039,2042,2082
2057,2061,2051,2060,2036,2043,2060,2079
2053,2051,2042,2050,2022,2025,2048,2076
2048,2044,2040,2045,2020,2024,2046,2070
2051,2053,2050,2045,2020,2029,2042,2073
2048,2056,2051,2046,2021,2029,2048,2070
2053,2060,2050,2046,2025,2027,2045,2070
2052,2059,2041,2045,2031,2032,2051,2069
2048,2057,2046,2046,2032,2041,2049,2061
2054,2054,2041,2044,2035,2040,2040,2057
2047,2054,2040,2048,2051,2049,2044,2047
2045,2052,2045,2044,2044,2042,2052,2038
2045,2046,2042,2042,2036,2037,2041,2035
2046,2044,2040,2046,2033,2032,2062,2034
2039,2046,2040,2043,2034,2033,2065,2035
2045,2044,2035,2034,2036,2030,2060,2029
2048,2049,2042,2041,2038,2024,2066,2028
2045,2042,2039,2037,2038,2012,2057,2026
2046,2036,2036,2037,2033,2009,2037,2015
2039,2025,2031,2035,2030,2013,2053,2019
2047,2035,2032,2046,2045,2034,2053,2027
2049,2040,2036,2052,2037,2049,2041,2028
2053,2038,2032,2052,2047,2069,2029,2032
2044,2036,2043,2057,2044,2076,2016,2028
2044,2043,2049,2059,2047,2096,2015,2031
2044,2039,2043,2061,2047,2087,2016,2030
2043,2040,2038,2059,2027,2077,2037,2034
2037,2032,2029,2054,2015,2070,2022,2036
2037,2033,2010,2053,2015,2069,2033,2044
2039,2032,1998,2043,2009,2064,2038,2046
2037,2022,1989,2029,2013,2056,2061,2057
2038,2023,1990,2044,2044,2067,2064,2068
2043,2035,1996,2058,2077,2077,2030,2066
2041,2030,1995,2063,2090,2091,2052,2067
2035,2020,1989,2054,2085,2100,2051,2068
2031,2020,1978,2042,2080,2095,2042,2072
2038,2026,1978,2027,2060,2066,2066,2063
2035,2024,1969,2020,2050,2047,2041,2055
2034,2015,1971,2012,2041,2051,2042,2037
2026,2015,1981,2011,2038,2040,2033,2032
2022,2018,2002,2017,2034,1995,2004,2039
2028,2019,2016,2020,2036,1976,2026,2041
2033,2025,2021,2024,2032,1997,2026,2049
2036,2025,2034,2031,2039,2028,2031,2045
2041,2044,2068,2046,2051,2053,2046,2044
2060,2067,2104,2063,2062,2064,2030,2036
2056,2074,2115,2055,2063,2068,2051,2039
2051,2060,2101,2055,2053,2072,2050,2030
2048,2064,2094,2056,2060,2074,2084,2029
2049,2063,2099,2056,2054,2073,2075,2020
2039,2046,2080,2040,2036,2052,2051,2009
2030,2031,2065,2036,2033,2043,2053,2013
2035,2046,2062,2040,2042,2038,2058,2020
2033,2039,2060,2042,2040,2050,2052,2027
2040,2037,2064,2038,2034,2053,2050,2035
2041,2041,2055,2032,2032,2057,2075,2030
2042,2034,2046,2031,2026,2058,2066,2035
2046,2047,2072,2039,2037,2071,2075,2044
2060,2066,2102,2052,2044,2081,2078,2049
2070,2088,2114,2065,2052,2090,2082,2052
2071,2092,2124,2060,2060,2093,2062,2056
2058,2091,2116,2063,2067,2089,2063,2065
2056,2090,2113,2062,2068,2094,2062,2068
2049,2081,2102,2063,2061,2080,2047,2068
2059,2077,2091,2056,2057,2072,2045,2075
2049,2076,2075,2051,2056,2062,2018,2078
2050,2060,2055,2041,2039,2026,2019,2066
2047,2050,2042,2033,2020,2007,2030,2070
2055,2049,2030,2033,2023,2016,2048,2067
2055,2046,2017,2030,2023,2032,2047,2062
2064,2040,2001,2024,2019,2038,2045,2060
2063,2039,1995,2025,2023,2039,2030,2060
2065,2046,2001,2030,2035,2038,2028,2043
2060,2044,1999,2024,2036,2046,2043,2027
2052,2041,1999,2032,2040,2051,2036,2023
2048,2038,2008,2040,2040,2049,2040,2028
2036,2029,2019,2044,2042,2051,2046,2021
2039,2025,2014,2044,2039,2048,2030,2015
2031,2019,2011,2041,2040,2048,2028,2012
2031,2021,2009,2051,2034,2046,2017,2011
2040,2022,2014,2050,2044,2054,2025,2020
2038,2029,2022,2050,2045,2058,2040,2020
2033,2024,2018,2041,2029,2052,2031,2019
2026,2019,2038,2042,2029,2052,2034,2024
2034,2045,2079,2059,2042,2067,2048,2031
2044,2066,2109,2065,2052,2068,2048,2032
2048,2077,2131,2069,2062,2068,2014,2041
2051,2077,2126,2065,2062,2065,2040,2038
2052,2070,2096,2053,2054,2064,2054,2036
2046,2055,2079,2044,2049,2061,2034,2046
2042,2050,2074,2038,2057,2052,2023,2050
2045,2060,2076,2035,2047,2036,2024,2052
2042,2058,2067,2029,2050,2028,2057,2049
2039,2052,2056,2020,2040,2024,2037,2055
2036,2047,2045,2013,2037,2034,2048,2060
2037,2041,2054,2009,2032,2053,2038,2061
2036,2049,2062,2022,2044,2063,2063,2060
2036,2057,2073,2025,2040,2068,2056,2062
2041,2053,2062,2024,2042,2058,2029,2062
2031,2040,2060,2025,2044,2054,2046,2067
2037,2039,2057,2037,2062,2032,2036,2080
2050,2054,2060,2036,2064,2031,2040,2071
2041,2061,2066,2039,2054,2043,2041,2059
2037,2064,2069,2037,2040,2044,2045,2048
2037,2068,2069,2038,2031,2037,2058,2056
2043,2065,2069,2037,2030,2030,2060,2049
2046,2064,2067,2035,2029,2034,2063,2045
2053,2055,2067,2030,2034,2033,2040,2043
2054,2058,2065,2033,2031,2033,2045,2038
2048,2063,2065,2032,2024,2030,2041,2031
2048,2060,2065,2032,2031,2034,2047,2032
2045,2063,2060,2035,2033,2040,2043,2031
2044,2056,2055,2036,2035,2043,2036,2027
2046,2054,2047,2043,2043,2044,2047,2026
2041,2047,2038,2037,2036,2040,2033,2015
2029,2030,2023,2027,2035,2044,2034,2020
2029,2023,2022,2028,2038,2060,2050,2017
2036,2039,2025,2033,2040,2064,2054,2020
2043,2037,2031,2042,2045,2072,2055,2029
2047,2040,2032,2040,2048,2077,2060,2035
2045,2044,2033,2047,2059,2082,2058,2041
2053,2045,2038,2047,2056,2084,2065,2049
2051,2045,2042,2047,2062,2075,2052,2047
2051,2041,2048,2045,2058,2072,2065,2047
2048,2041,2054,2046,2054,2068,2030,2050
2041,2034,2056,2043,2057,2063,2039,2058
2045,2038,2056,2045,2058,2062,2050,2064
2047,2036,2055,2041,2053,2061,2041,2075
2053,2039,2063,2036,2052,2045,2042,2074
2047,2035,2052,2034,2038,2034,2031,2067
2032,2028,2039,2031,2036,2035,2027,2058
2028,2026,2043,2028,2035,2034,2036,2065
2029,2028,2053,2032,2040,2045,2038,2062
2044,2053,2070,2049,2055,2056,2043,2071
2051,2057,2070,2047,2058,2060,2061,2076
2038,2059,2064,2050,2050,2065,2048,2062
2044,2057,2057,2047,2050,2065,2043,2058
2045,2058,2058,2042,2050,2067,2067,2058
2054,2056,2054,2041,2050,2072,2040,2047
2052,2056,2056,2048,2050,2069,2049,2051
2055,2059,2061,2047,2047,2058,2058,2047
2047,2056,2054,2043,2039,2048,2042,2044
2052,2044,2048,2037,2033,2040,2045,2037
2046,2047,2038,2039,2028,2050,2045,2034
2042,2054,2041,2035,2038,2057,2058,2031
2046,2053,2038,2031,2040,2055,2042,2033
2047,2048,2042,2036,2040,2054,2043,2026
2044,2044,2040,2035,2040,2052,2045,2027
2039,2043,2037,2041,2044,2052,2029,2032
2044,2053,2042,2046,2053,2066,2054,2034
2048,2053,2049,2054,2044,2059,2040,2038
2050,2050,2046,2049,2036,2055,2032,2043
2053,2049,2050,2051,2042,2051,2050,2042
2050,2042,2043,2048,2042,2052,2058,2039
2054,2038,2045,2047,2045,2056,2048,2044
2053,2043,2043,2048,2050,2059,2056,2053
2060,2047,2041,2048,2053,2063,2055,2060
2057,2041,2030,2044,2056,2060,2040,2058
2047,2034,2034,2062,2049,2054,2055,2064
2043,2035,2058,2080,2049,2056,2051,2067
2041,2040,2060,2090,2058,2057,2049,2068
2046,2042,2053,2094,2048,2056,2045,2069
2052,2039,2047,2098,2057,2055,2036,2059
2038,2025,2030,2093,2048,2049,2044,2053
2026,2026,2031,2096,2051,2057,2042,2061
2037,2041,2036,2093,2058,2054,2029,2057
2045,2046,2025,2091,2056,2056,2020,2054
2045,2050,2014,2091,2046,2050,2050,2053
2044,2045,2014,2095,2050,2038,2008,2044
2048,2045,2022,2086,2052,2037,2037,2039
2043,2047,2018,2082,2037,2026,2044,2040
2039,2039,2013,2064,2039,2022,2050,2034
2035,2030,2023,2044,2035,2021,2061,2017
2028,2022,2009,2017,2023,2013,2052,2014
2027,2018,2005,1996,2013,2009,2038,2006
2031,2022,2016,1995,2019,2017,2028,2006
2032,2029,2036,1997,2034,2019,2054,2013
2044,2036,2053,2002,2040,2028,2044,2011
2040,2034,2052,2017,2044,2028,2026,2008
2034,2030,2063,2025,2043,2027,2046,2022
2044,2038,2078,2040,2043,2040,2043,2024
2048,2051,2090,2047,2052,2047,2059,2029
2047,2047,2065,2035,2052,2047,2058,2036
2049,2045,2046,2030,2057,2054,2041,2034
2052,2049,2054,2034,2061,2052,2038,2035
2055,2052,2051,2029,2060,2054,2043,2039
2050,2051,2044,2023,2058,2057,2046,2044
2053,2049,2039,2020,2058,2049,2059,2049
2046,2043,2042,2013,2052,2047,2062,2046
2035,2042,2041,2009,2050,2049,2058,2047
2037,2037,2053,2007,2054,2049,2043,2056
2040,2044,2053,2012,2056,2051,2055,2060
2041,2045,2052,2015,2057,2056,2040,2063
2039,2041,2053,2020,2051,2058,2049,2068
2039,2040,2047,2025,2052,2061,2048,2070
2037,2036,2039,2023,2051,2057,2041,2071
2035,2033,2037,2020,2049,2070,2051,2074
2036,2037,2041,2032,2061,2073,2073,2075
2048,2044,2045,2029,2054,2058,2075,2076
2045,2043,2037,2030,2043,2045,2059,2066
2042,2040,2028,2028,2041,2045,2055,2059
2045,2039,2026,2028,2049,2044,2054,2058
2047,2046,2017,2035,2049,2053,2035,2054
2045,2046,2006,2032,2060,2065,2073,2053
2048,2042,2000,2033,2062,2065,2065,2053
2046,2041,1997,2034,2059,2065,2068,2047
2044,2032,1991,2039,2063,2062,2062,2036
2044,2034,1984,2040,2058,2052,2051,2024
2039,2023,1976,2034,2058,2044,2041,2024
2040,2017,1971,2033,2064,2045,2053,2024
2044,2013,1978,2040,2064,2046,2040,2024
2037,2004,1973,2040,2058,2042,2039,2019
2029,2009,1980,2041,2060,2042,2049,2025
2039,2014,1988,2048,2064,2056,2059,2029
2037,2024,1987,2045,2060,2048,2049,2035
2043,2023,1985,2044,2045,2044,2056,2032
2045,2022,1985,2034,2049,2059,2054,2033
2042,2019,1997,2033,2050,2064,2047,2032
2042,2029,2032,2040,2055,2069,2068,2044
2053,2047,2069,2054,2061,2073,2056,2048
2057,2055,2080,2060,2058,2064,2060,2049
2057,2056,2076,2055,2059,2051,2057,2040
2040,2053,2067,2048,2049,2045,2040,2051
2034,2040,2063,2034,2039,2045,2052,2054
2032,2035,2050,2024,2035,2045,2039,2064
2044,2044,2059,2024,2041,2055,2036,2069
2048,2065,2080,2026,2046,2064,2040,2078
2048,2075,2087,2030,2036,2065,2046,2079
2048,2070,2080,2027,2029,2071,2041,2087
2051,2073,2089,2034,2036,2074,2048,2074
2054,2080,2089,2031,2035,2077,2062,2075
2048,2074,2083,2020,2031,2040,2055,2078
2049,2066,2083,2016,2030,2006,2054,2072
2057,2067,2078,2020,2049,2019,2056,2068
2056,2060,2076,2022,2043,2036,2062,2066
2061,2068,2079,2022,2039,2031,2054,2061
2060,2063,2074,2019,2010,2011,2058,2056
2060,2060,2066,2022,1984,2001,2023,2043
2055,2057,2074,2015,1976,2001,1997,2039
2053,2055,2063,2013,1983,2003,2023,2022
2039,2053,2066,2009,1998,2026,2021,2022
2039,2061,2082,2035,2047,2055,2039,2029
2051,2072,2092,2055,2081,2072,2045,2036
2044,2076,2081,2057,2096,2074,2043,2037
2048,2065,2075,2053,2097,2084,2042,2035
2047,2067,2076,2058,2090,2082,2058,2036
2046,2061,2072,2045,2073,2072,2055,2037
2050,2060,2073,2048,2062,2063,2041,2035
2051,2054,2069,2041,2059,2054,2039,2045
2049,2052,2069,2034,2055,2040,2049,2046
2049,2048,2056,2039,2056,2040,2036,2049
2051,2046,2056,2041,2056,2058,2041,2036
2044,2051,2059,2035,2059,2075,2050,2045
2043,2045,2056,2036,2059,2084,2034,2050
2044,2044,2056,2040,2062,2090,2040,2043
2039,2046,2061,2050,2075,2094,2057,2052
2044,2050,2064,2052,2078,2100,2060,2063
2041,2043,2070,2054,2070,2100,2063,2070
2039,2046,2061,2058,2060,2090,2058,2075
2042,2039,2045,2051,2038,2055,2066,2069
2032,2032,2037,2046,2028,2029,2056,2072
2038,2035,2035,2042,2029,2018,2035,2073
2033,2032,2029,2036,2031,2015,2044,2064
2033,2033,2035,2048,2061,2034,2037,2061
2039,2037,2041,2059,2078,2039,2042,2058
2041,2031,2037,2055,2082,2044,2045,2057
2038,2028,2026,2049,2071,2050,2042,2047
2040,2031,2028,2039,2059,2053,2030,2042
2052,2035,2031,2042,2041,2055,2022,2042
2045,2050,2044,2039,2045,2055,2033,2036
2045,2050,2032,2032,2035,2050,2029,2037
2040,2047,2032,2027,2030,2046,2028,2038
2048,2053,2042,2029,2035,2050,2040,2037
2060,2054,2047,2034,2036,2048,2031,2035
2054,2053,2053,2033,2029,2053,2043,2032
2045,2045,2051,2033,2016,2047,2040,2026
2036,2042,2070,2041,2015,2044,2043,2032
2045,2055,2102,2069,2023,2058,2065,2034
2045,2064,2105,2078,2034,2053,2050,2032
2050,2063,2098,2083,2035,2050,2042,2043
2054,2063,2088,2091,2036,2055,2051,2049
2054,2062,2077,2088,2044,2064,2039,2048
2041,2054,2064,2087,2058,2063,2048,2044
2046,2054,2054,2081,2050,2053,2048,2054
2050,2049,2042,2078,2043,2046,2041,2058
2043,2046,2032,2075,2040,2040,2041,2056
2029,2036,2017,2064,2034,2031,2032,2044
2016,2022,2004,2056,2041,2033,2013,2047
2024,2023,1996,2072,2080,2049,2045,2061
2035,2029,1992,2059,2093,2052,2048,2073
2037,2031,1987,2042,2082,2052,2048,2076
2035,2023,1977,2013,2054,2041,2036,2069
2039,2026,1982,1997,2033,2038,2040,2072
2050,2043,2011,1989,2036,2038,2023,2066
2051,2042,2034,1993,2037,2042,2040,2064
2054,2051,2052,1996,2040,2043,2017,2064
2053,2059,2049,2015,2052,2040,2030,2059
2051,2054,2052,2034,2054,2035,2029,2054
2053,2056,2058,2035,2053,2038,2037,2050
2056,2052,2047,2032,2042,2046,2038,2041
2049,2052,2049,2032,2039,2044,2050,2033
2047,2038,2040,2030,2031,2039,2040,2027
2037,2040,2042,2032,2021,2029,2030,2022
2039,2035,2041,2034,2032,2034,2046,2032
2043,2045,2043,2042,2041,2037,2050,2031
2050,2048,2048,2045,2042,2041,2042,2025
2050,2052,2057,2039,2045,2038,2048,2026
2050,2046,2044,2028,2045,2039,2023,2022
2047,2044,2038,2025,2031,2049,2020,2018
2044,2044,2040,2024,2024,2066,2025,2025
2043,2044,2032,2018,2010,2075,2047,2021
2040,2045,2035,2016,2008,2082,2035,2023
2037,2040,2031,2023,1994,2063,2026,2022
2035,2039,2029,2028,1972,2012,2021,2032
2046,2039,2041,2037,1983,1980,2032,2048
2064,2042,2045,2048,2014,1972,2025,2058
2057,2042,2046,2046,2028,1986,2041,2057
2039,2039,2041,2031,2039,2030,2030,2047
2040,2049,2052,2040,2066,2076,2053,2054
2047,2056,2058,2049,2086,2108,2041,2065
2053,2050,2060,2048,2104,2126,2044,2075
2054,2051,2064,2055,2131,2129,2047,2076
2054,2064,2060,2047,2114,2102,2038,2074
2041,2042,2043,2051,2087,2059,2044,2084
2052,2042,2058,2073,2092,2049,2071,2086
2045,2046,2078,2087,2087,2065,2069,2080
2052,2049,2072,2095,2067,2068,2056,2080
2049,2053,2056,2093,2093,2070,2067,2072
2049,2046,2040,2093,2101,2076,2059,2063
2053,2041,2032,2091,2104,2074,2059,2052
2055,2051,2029,2083,2098,2073,2063,2039
2050,2047,2015,2087,2100,2069,2065,2036
2054,2037,2007,2074,2078,2061,2054,2034
2047,2036,2007,2074,2073,2048,2051,2035
2043,2043,2028,2102,2090,2056,2061,2038
2050,2052,2033,2117,2088,2054,2049,2032
2052,2055,2034,2115,2095,2056,2052,2026
2052,2051,2032,2092,2019,2041,2038,2020
2047,2041,2023,2059,1996,2035,2034,2013
2047,2035,2024,2050,2061,2047,2053,2010
2043,2045,2039,2046,2080,2058,2047,2019
2046,2056,2052,2033,2067,2065,2026,2024
2057,2061,2059,2019,2057,2064,2041,2023
2059,2060,2070,2026,2074,2062,2045,2032
2056,2064,2080,2033,2070,2063,2051,2031
2055,2056,2075,2024,1985,2050,2049,2034
2054,2054,2058,2004,1940,2038,2028,2038
2045,2047,2035,1997,1957,2033,2053,2040
2045,2039,2042,2016,1976,2039,2056,2051
2045,2050,2061,2033,2009,2051,2043,2048
2048,2064,2090,2057,2022,2058,2050,2048
2045,2067,2100,2074,1996,2069,2059,2053
2045,2075,2100,2086,1956,2055,2059,2071
2048,2069,2088,2086,1946,2044,2060,2080
2045,2065,2082,2084,1947,2027,2044,2076
2038,2049,2051,2069,1930,2002,2037,2076
2040,2043,2036,2064,1955,1976,2050,2086
2043,2049,2047,2075,2003,2020,2052,2094
2061,2057,2053,2102,2044,2060,2064,2094
2072,2068,2057,2111,2085,2085,2073,2078
2062,2065,2056,2110,2112,2081,2072,2068
2049,2062,2054,2099,2095,2061,2059,2059
2049,2055,2047,2078,2128,2052,2058,2046
2048,2056,2044,2050,2124,2043,2050,2038
2047,2043,2027,2030,2147,2029,2054,2038
2037,2031,2032,2030,2141,2031,2034,2036
2042,2035,2038,2033,2142,2048,2026,2031
2046,2044,2061,2055,2159,2073,2038,2040
2046,2053,2068,2075,2189,2110,2031,2030
2042,2043,2049,2061,2191,2136,2035,2023
2038,2034,2020,2033,2170,2137,2033,2017
2037,2030,2016,2021,2098,2122,2016,2013
2041,2034,2014,2019,2015,2110,2021,2019
2047,2048,2024,2041,2059,2073,2033,2043
2053,2054,2040,2076,2118,2038,2056,2050
2052,2060,2049,2095,2152,2059,2065,2037
2056,2062,2053,2076,2133,2077,2059,2044
2048,2051,2050,2036,1991,2050,2043,2038
2054,2056,2051,2005,1850,2000,2042,2039
2050,2044,2034,1983,1761,1982,2026,2041
2045,2045,2030,1982,1695,1986,2042,2050
2047,2043,2044,1989,1688,1978,2048,2057
2052,2047,2042,2008,1754,1966,2053,2076
2063,2052,2049,2020,1813,1976,2055,2083
2062,2048,2050,2027,1828,1989,2030,2087
2053,2037,2043,2019,1863,2001,2030,2073
2039,2025,2039,2004,1935,2030,2044,2075
2033,2031,2042,2014,2033,2054,2035,2064
2034,2024,2036,2023,2056,2034,2034,2062
2030,2024,2030,2027,2135,2038,2042,2057
2033,2029,2030,2059,2211,2037,2031,2065
2039,2032,2044,2092,2208,2028,2048,2072
2046,2039,2045,2103,2160,2019,2058,2075
2048,2041,2038,2078,2115,2021,2040,2072
2051,2046,2041,2077,2157,2060,2062,2064
2054,2050,2058,2096,2233,2098,2073,2055
2047,2051,2067,2094,2229,2109,2076,2042
2050,2050,2064,2090,2208,2094,2052,2042
2048,2050,2066,2074,2167,2060,2047,2030
2041,2039,2065,2060,2135,2031,2032,2036
2045,2045,2065,2059,2160,2043,2045,2032
2043,2050,2066,2065,2177,2064,2041,2034
2062,2056,2070,2086,2219,2066,2064,2034
2067,2045,2058,2062,2182,2051,2033,2030
2051,2034,2046,2023,2131,2050,2012,2023
2046,2045,2055,2010,2092,2081,2038,2027
2056,2049,2057,1992,1989,2072,2033,2032
2050,2041,2047,1977,1907,2054,2033,2034
2050,2040,2037,2009,2002,2057,2052,2038
2051,2030,2037,2015,1985,2051,2053,2040
2052,2031,2028,1999,1907,2053,2061,2032
2046,2019,2019,2000,1996,2075,2060,2030
2035,2021,2028,2040,2122,2105,2075,2029
2031,2022,2035,2054,2188,2103,2074,2054
2033,2022,2024,2039,2167,2061,2062,2064
2030,2022,2028,2022,2092,2026,2045,2067
2043,2037,2036,2014,2046,2026,2047,2072
2051,2050,2044,2010,1973,2030,2060,2076
2059,2050,2044,1986,1871,2009,2061,2074
2060,2044,2043,1986,1842,1982,2049,2077
2062,2041,2044,2009,1884,1998,2049,2075
2065,2053,2054,2057,1942,2041,2066,2091
2062,2055,2056,2085,2054,2085,2082,2095
2066,2059,2068,2117,2110,2106,2078,2089
2074,2059,2070,2120,2120,2106,2068,2072
2078,2057,2058,2087,2023,2093,2073,2066
2069,2050,2044,2058,2062,2088,2074,2061
2055,2041,2040,2050,2092,2072,2063,2044
2052,2037,2037,2054,2227,2068,2040,2044
2048,2044,2051,2092,2358,2077,2053,2032
2035,2038,2051,2088,2243,2043,2034,2022
2031,2039,2046,2057,1988,1979,2030,2026
2043,2035,2041,2040,1998,1967,2033,2024
2042,2027,2043,2051,2082,1992,2022,2022
2041,2026,2041,2026,1964,1994,2029,2020
2040,2026,2030,1996,1808,2007,2034,2018
2032,2012,2033,2021,1877,2045,2046,2017
2029,2013,2041,2062,1995,2078,2060,2034
2030,2013,2032,2064,1954,2071,2065,2036
2034,2022,2036,2056,1913,2063,2048,2040
2041,2031,2043,2051,1877,2026,2050,2038
2044,2042,2062,2056,1883,2012,2050,2050
2040,2050,2064,2035,1846,2002,2052,2044
2042,2036,2050,1998,1815,2001,2053,2037
2040,2032,2046,1997,1843,2000,2042,2036
2026,2021,2030,1993,1776,1958,2037,2028
2017,2004,2020,1971,1823,1946,2011,2028
2022,2013,2022,2024,2078,2006,2018,2053
2034,2011,2025,2063,2232,2063,2048,2056
2043,2026,2036,2082,2293,2104,2060,2071
2048,2034,2049,2104,2375,2115,2073,2084
2057,2043,2060,2122,2389,2099,2070,2100
2064,2050,2062,2129,2377,2125,2079,2103
2066,2055,2063,2139,2347,2145,2094,2111
2058,2061,2071,2139,2326,2176,2106,2099
2052,2079,2094,2135,2266,2183,2115,2091
2062,2080,2089,2113,2164,2152,2101,2090
2080,2073,2077,2085,2030,2104,2086,2078
2078,2063,2067,2048,1894,2047,2070,2064
2068,2064,2058,2010,1761,1997,2043,2054
2067,2061,2055,1965,1684,1973,2033,2050
2076,2048,2041,1942,1629,1955,2017,2032
2064,2046,2036,1943,1689,1980,2032,2020
2069,2052,2055,2003,1938,2010,2046,2017
2068,2054,2045,2034,2078,2015,2029,2016
2048,2044,2036,2063,2182,2024,2039,2008
2046,2044,2051,2084,2264,2040,2039,2016
2062,2056,2059,2078,2254,2039,2035,2014
2068,2055,2055,2080,2319,2061,2020,2018
2075,2068,2060,2106,2399,2096,2041,2019
2082,2084,2066,2115,2421,2107,2060,2017
2072,2069,2061,2106,2327,2098,2028,2012
2054,2052,2053,2082,2207,2078,2013,2018
2046,2040,2045,2050,2084,2065,2024,2019
2051,2047,2041,2049,2020,2056,2023,2029
2069,2049,2046,2009,1754,2007,2034,2043
2069,2058,2043,1984,1689,1988,2046,2060
2077,2060,2049,2003,1826,1985,2045,2072
2075,2068,2058,2026,1897,1994,2052,2080
2070,2068,2055,2032,1924,2010,2043,2077
2062,2060,2054,2031,1911,2008,2030,2076
2062,2059,2051,2024,1919,2014,2029,2080
2064,2062,2059,2045,1992,2023,2042,2082
2068,2073,2069,2089,2177,2057,2038,2086
2049,2050,2061,2106,2247,2061,2049,2067
2033,2040,2055,2095,2217,2065,2057,2067
2038,2046,2068,2102,2230,2086,2066,2073
2038,2048,2066,2109,2179,2093,2075,2068
2045,2058,2069,2119,2206,2104,2079,2071
2056,2059,2067,2128,2231,2112,2080,2078
2056,2055,2070,2121,2209,2085,2077,2085
2058,2059,2057,2062,2038,2045,2069,2074
2053,2047,2042,1983,1863,2016,2054,2061
2045,2035,2028,1953,1743,2007,2044,2038
2022,2019,2021,1953,1747,2016,2025,2026
2018,2019,2020,1964,1808,1992,2036,2015
2026,2021,2029,1973,1844,1979,2021,2010
2029,2023,2030,1999,1793,1977,2014,2007
2026,2026,2034,2053,1952,1980,2016,2014
2029,2034,2050,2121,2097,1960,2048,2034
2051,2049,2065,2150,2212,2006,2046,2041
2054,2046,2070,2149,2234,2047,2055,2046
2057,2053,2075,2148,2272,2101,2086,2052
2068,2062,2074,2149,2318,2142,2094,2046
2060,2058,2065,2144,2367,2164,2080,2041
2050,2045,2052,2126,2308,2157,2064,2033
2045,2038,2046,2082,2158,2155,2081,2035
2045,2044,2048,2069,2068,2125,2067,2052
2043,2052,2052,2061,2035,2065,2053,2063
2059,2052,2054,2062,2042,2039,2060,2076
2063,2063,2059,2056,2041,2029,2060,2071
2066,2056,2054,2016,1906,2002,2046,2067
2055,2051,2046,1985,1840,1979,2056,2071
2056,2044,2033,1988,1855,1988,2056,2074
2062,2047,2036,2014,1884,2005,2047,2079
2058,2030,2030,2013,1952,1997,2050,2076
2047,2023,2028,2035,2108,2009,2041,2066
2038,2020,2030,2074,2179,2031,2057,2065
2045,2034,2036,2092,2168,2033,2043,2065
2049,2046,2036,2064,2052,2008,2037,2058
2047,2038,2035,2033,1976,1993,2026,2055
2046,2042,2031,2029,1994,2000,2022,2057
2050,2041,2034,2029,2022,2021,2041,2043
2050,2044,2039,2040,2004,2038,2044,2038
2049,2049,2046,2048,2004,2052,2054,2032
2040,2046,2043,2056,2046,2059,2057,2030
2037,2035,2032,2062,2093,2064,2056,2026
2036,2026,2029,2068,2098,2074,2040,2027
2031,2015,2012,2046,2023,2050,2029,2036
2036,2013,2019,2044,1960,2046,2040,2039
2048,2028,2042,2049,1919,2039,2038,2043
2048,2033,2053,2029,1859,1997,2031,2029
2031,2031,2047,2011,1861,1935,2019,2016
2029,2036,2055,2024,1899,1924,2016,2017
2033,2036,2060,2045,1999,1953,2023,2027
2037,2046,2070,2086,2139,2024,2070,2029
2042,2039,2059,2088,2178,2076,2067,2027
2046,2032,2041,2085,2211,2092,2061,2024
2049,2032,2038,2094,2224,2112,2064,2033
2042,2036,2036,2107,2257,2133,2061,2040
2047,2041,2038,2116,2260,2153,2072,2056
2053,2046,2033,2112,2260,2154,2083,2054
2051,2045,2032,2112,2233,2150,2079,2053
2047,2038,2030,2075,2138,2103,2056,2047
2044,2028,2020,2057,2126,2088,2052,2052
2040,2030,2015,2041,2056,2074,2042,2059
2031,2026,2004,2013,1899,2044,2039,2067
2039,2025,2001,2012,1942,2022,2052,2071
2040,2022,2011,2023,2030,2017,2038,2069
2037,2022,2000,1993,1952,2033,2017,2052
2032,2029,2012,1983,1885,2051,2030,2049
2036,2038,2029,1983,1803,2030,2027,2051
2042,2040,2023,1928,1561,1964,2012,2050
2040,2034,2017,1933,1695,1896,2021,2062
2054,2045,2045,2048,2093,1911,2064,2070
2059,2059,2056,2118,2265,1989,2047,2052
2057,2050,2054,2084,2124,2030,2058,2040
2046,2040,2041,2069,2084,2062,2063,2041
2040,2040,2040,2096,2165,2054,2070,2045
2052,2045,2053,2113,2205,2040,2073,2056
2054,2050,2068,2104,2176,2011,2061,2040
2047,2047,2068,2092,2144,2022,2049,2025
2041,2030,2047,2076,2126,2014,2024,2012
2035,2032,2043,2042,2096,2021,2018,2013
2037,2034,2036,2023,2093,2040,2041,2018
2044,2029,2039,2036,2137,2070,2033,2019
2038,2030,2034,2028,2088,2063,2031,2015
2039,2035,2034,1999,2007,2071,2022,2009
2042,2035,2037,2004,2045,2085,1994,2014
2049,2039,2039,2025,2060,2074,2022,2027
2051,2044,2048,2033,2047,2077,2039,2031
2053,2043,2054,2047,2048,2088,2058,2032
2045,2043,2046,2042,2026,2097,2062,2037
2040,2030,2039,2032,1995,2088,2055,2037
2028,2031,2039,2032,1990,2060,2034,2046
2043,2047,2060,2060,2035,2024,2032,2066
2047,2049,2063,2058,2038,2022,2012,2066
2047,2042,2052,2049,2027,2044,2028,2058
2043,2041,2051,2035,2028,2071,2047,2050
2043,2040,2046,2034,2023,2069,2043,2057
2039,2036,2051,2029,1992,2034,2048,2066
2042,2031,2046,2030,1994,2004,2019,2070
2044,2026,2043,2053,2066,2031,2042,2072
2044,2030,2044,2073,2133,2056,2050,2065
2055,2036,2045,2069,2145,2056,2048,2051
2045,2040,2047,2065,2127,2054,2022,2050
2039,2032,2039,2070,2082,2031,2013,2042
2035,2031,2034,2050,2044,2019,2016,2044
2035,2037,2034,2029,2011,2023,2012,2039
2037,2041,2036,2022,2040,2043,2037,2039
2037,2041,2033,2044,2107,2073,2059,2034
2046,2053,2041,2074,2089,2105,2052,2040
2050,2048,2044,2095,2099,2100,2049,2036
2050,2054,2044,2086,2046,2075,2031,2031
2046,2050,2038,2062,2004,2050,2044,2024
2040,2040,2036,2056,1972,2039,2030,2015
2029,2022,2023,2056,2014,2043,2023,2002
2030,2014,2017,2042,2032,2048,2008,1998
2023,2012,2011,2021,2020,2029,2002,2007
2031,2021,2015,2020,1986,2022,2009,2018
2033,2031,2017,2025,1946,2012,2019,2015
2032,2026,2017,2028,1978,2028,2031,2018
2036,2029,2032,2053,2045,2045,2023,2031
2045,2036,2044,2067,2058,2049,2040,2037
2053,2036,2044,2070,2024,2023,2044,2042
2048,2042,2044,2072,1972,2006,2036,2042
2059,2049,2050,2077,1964,2009,2069,2051
2061,2050,2052,2070,1958,2026,2077,2058
2059,2058,2059,2061,1915,2022,2082,2058
2048,2052,2056,2044,1911,2017,2060,2054
2044,2052,2054,2037,1936,2036,2058,2061
2048,2051,2057,2048,2016,2058,2046,2057
2045,2049,2052,2032,2019,2062,2037,2057
2041,2038,2045,2032,2048,2073,2041,2054
2036,2034,2035,2037,2078,2072,2041,2052
2038,2042,2045,2049,2199,2067,2045,2058
2042,2054,2064,2080,2267,2051,2057,2065
2048,2059,2066,2077,2221,2047,2061,2061
2049,2059,2064,2076,2204,2059,2062,2065
2062,2064,2063,2068,2175,2062,2064,2060
2065,2064,2065,2062,2133,2039,2059,2043
2060,2059,2055,2043,2092,2016,2053,2043
2067,2061,2057,2046,2038,2017,2049,2031
2063,2056,2051,2059,2046,2024,2055,2027
2059,2051,2046,2064,2086,2038,2049,2007
2053,2044,2046,2069,2121,2045,2052,2014
2051,2045,2046,2084,2134,2059,2048,2021
2049,2047,2045,2073,2102,2067,2041,2010
2053,2039,2040,2070,2092,2064,2043,2021
2049,2036,2031,2059,2068,2044,2046,2005
2027,2020,2024,2051,2064,2038,2041,2002
2024,2029,2033,2057,2079,2048,2049,2016
2034,2046,2040,2062,2085,2058,2045,2021
2041,2041,2033,2062,2083,2057,2062,2027
2046,2036,2022,2059,2087,2061,2070,2038
2046,2040,2025,2065,2088,2064,2066,2036
2058,2043,2024,2062,2085,2054,2056,2042
2050,2048,2017,2050,2089,2052,2064,2041
2044,2044,2013,2053,2083,2043,2052,2032
2046,2044,2006,2056,2077,2037,2060,2037
2044,2044,2002,2052,2079,2046,2058,2042
2050,2037,2000,2055,2076,2050,2068,2054
2050,2033,1996,2054,2071,2050,2068,2062
2050,2034,2000,2057,2074,2054,2055,2058
2050,2029,2002,2062,2067,2054,2062,2060
2051,2031,2010,2060,2064,2046,2034,2061
2039,2019,2005,2063,2055,2040,2030,2061
2039,2017,2029,2065,2061,2048,2034,2060
2053,2031,2037,2068,2060,2045,2032,2051
2050,2038,2057,2069,2057,2042,2028,2048
2049,2045,2069,2075,2058,2039,2052,2041
2047,2052,2088,2073,2053,2032,2029,2042
2056,2059,2097,2081,2054,2027,2038,2038
2051,2050,2096,2086,2054,2030,2043,2038
2052,2047,2094,2090,2056,2027,2031,2027
2050,2046,2080,2080,2063,2027,2046,2022
2038,2040,2077,2073,2057,2030,2032,2014
2036,2035,2066,2059,2049,2027,2010,2004
2032,2031,2059,2055,2053,2025,2003,2015
2036,2041,2066,2053,2065,2029,2032,2017
2046,2054,2076,2052,2073,2038,2041,2013
2046,2066,2070,2044,2070,2041,2051,2015
2047,2051,2052,2028,2072,2040,2045,2014
2042,2052,2046,2033,2073,2048,2060,2023
2051,2058,2045,2035,2066,2049,2071,2028
2052,2055,2038,2057,2117,2060,2058,2036
2052,2058,2041,2063,2097,2052,2047,2036
2054,2055,2050,2075,2082,2044,2045,2029
2054,2059,2062,2088,2084,2060,2058,2039
2062,2061,2071,2098,2120,2078,2052,2053
2068,2071,2077,2100,2141,2073,2058,2055
2078,2068,2075,2075,2082,2052,2040,2045
2070,2071,2075,2054,1982,2039,2034,2055
2077,2078,2079,2051,2018,2049,2047,2067
2081,2076,2082,2058,2070,2053,2043,2079
2075,2081,2080,2063,2102,2063,2058,2078
2064,2070,2071,2068,2100,2062,2045,2069
2068,2066,2070,2077,2122,2070,2032,2072
2058,2056,2060,2064,2139,2062,2034,2066
2056,2050,2054,2064,2106,2031,2038,2064
2055,2054,2056,2069,2090,2031,2042,2051
2040,2047,2050,2061,2088,2024,2052,2040
2026,2042,2046,2043,2030,2004,2032,2028
2020,2034,2042,2018,1996,2003,2029,2025
2014,2026,2038,2017,2010,2002,2035,2028
2018,2024,2043,2018,1982,1993,2024,2031
2024,2032,2037,2024,1972,2002,2049,2040
2033,2030,2044,2021,1974,2001,2066,2034
2040,2032,2031,2023,1984,2017,2062,2031
2039,2035,2046,2043,2038,2054,2075,2036
2045,2036,2049,2061,2080,2072,2076,2031
2032,2037,2048,2071,2102,2083,2057,2021
2041,2042,2049,2075,2109,2089,2043,2010
2039,2044,2050,2071,2103,2088,2045,2000
2035,2036,2047,2066,2084,2074,2041,1997
2029,2028,2042,2065,2077,2076,2033,1999
2033,2042,2053,2070,2082,2061,2021,2006
2035,2044,2051,2068,2080,2040,2029,2008
2039,2036,2051,2069,2076,2048,2048,2009
2038,2039,2051,2066,2077,2059,2048,2007
2031,2033,2042,2064,2071,2082,2054,2010
2025,2031,2039,2058,2062,2110,2040,2014
2022,2042,2032,2060,2059,2099,2054,2022
2036,2043,2040,2066,2057,2066,2041,2035
2039,2045,2042,2064,2055,2054,2043,2043
2037,2043,2043,2072,2072,2018,2067,2064
2045,2048,2044,2083,2104,2017,2069,2066
2045,2043,2036,2069,2105,2051,2054,2064
2041,2042,2038,2057,2085,2065,2044,2056
2033,2037,2035,2050,2045,2070,2046,2053
2019,2032,2023,2033,2018,2080,2061,2052
2024,2026,2025,2042,2021,2080,2058,2060
2033,2040,2041,2045,2006,2060,2040,2061
2037,2045,2038,2046,2006,2064,2037,2066
2039,2045,2043,2039,2006,2062,2045,2047
2033,2045,2045,2039,2015,2049,2047,2031
2034,2037,2035,2039,2050,2074,2043,2031
2037,2041,2041,2058,2150,2094,2064,2035
2042,2045,2053,2066,2154,2100,2054,2028
2042,2047,2051,2058,2118,2098,2057,2030
2049,2045,2058,2063,2102,2092,2069,2030
2049,2051,2060,2066,2089,2071,2047,2032
2051,2047,2064,2063,2126,2064,2047,2025
2052,2054,2066,2064,2159,2064,2045,2024
2048,2047,2062,2073,2170,2067,2055,2024
2046,2044,2055,2072,2178,2052,2054,2017
2035,2030,2044,2062,2158,2027,2038,2011
2027,2021,2037,2062,2136,2024,2045,2014
2029,2024,2040,2061,2090,2028,2048,2009
2028,2027,2041,2038,1959,1999,2058,2009
2032,2026,2038,2030,1892,1990,2033,2010
2024,2028,2040,2039,1948,2002,2028,2014
2033,2030,2040,2050,1987,2014,2045,2026
2035,2037,2044,2058,2028,2023,2046,2040
2036,2042,2044,2065,2045,2024,2033,2034
2034,2038,2040,2051,2036,2020,2021,2036
2033,2035,2050,2051,2047,2025,2055,2050
2030,2040,2049,2060,2048,2024,2040,2057
2033,2049,2061,2064,2059,2036,2046,2064
2040,2053,2061,2069,2076,2037,2052,2075
2044,2056,2062,2075,2087,2044,2044,2074
2045,2053,2055,2081,2091,2050,2056,2072
2043,2037,2045,2066,2073,2046,2041,2065
2035,2028,2037,2053,2064,2056,2056,2059
2044,2044,2045,2062,2058,2087,2061,2059
2042,2044,2049,2061,2068,2107,2051,2053
2042,2048,2047,2059,2067,2105,2044,2038
2042,2050,2047,2052,2056,2052,2058,2044
2041,2051,2043,2053,2058,2038,2049,2051
2044,2049,2044,2048,2058,2037,2051,2030
2034,2049,2041,2051,2059,2052,2058,2034
2036,2046,2041,2044,2057,2053,2050,2016
2030,2046,2035,2047,2059,2052,2061,2022
2026,2048,2035,2051,2062,2059,2069,2026
2041,2045,2041,2046,2057,2061,2057,2027
2043,2052,2043,2051,2056,2066,2046,2022
2044,2045,2039,2055,2048,2062,2032,2016
2048,2051,2042,2056,2052,2067,2024,2021
2052,2043,2037,2048,2048,2064,2003,2017
2045,2035,2042,2051,2060,2065,2000,2013
2046,2049,2052,2057,2078,2084,2024,2020
2046,2053,2055,2061,2080,2080,2038,2026
2053,2048,2061,2063,2073,2072,2013,2021
2049,2050,2061,2059,2070,2062,2030,2021
2048,2049,2059,2062,2062,2046,2041,2020
2043,2040,2062,2060,2067,2038,2029,2028
2035,2037,2059,2058,2065,2037,2041,2032
2031,2040,2063,2062,2065,2035,2017,2041
2039,2036,2062,2060,2070,2053,2018,2049
2036,2041,2062,2058,2079,2039,2040,2060
2035,2041,2056,2054,2080,2009,2023,2058
2035,2043,2051,2051,2073,2002,2019,2061
2045,2038,2050,2049,2069,2017,2013,2064
2039,2039,2045,2053,2058,2029,2039,2059
2035,2036,2043,2047,2055,2032,2019,2052
2027,2030,2039,2046,2053,2028,2015,2055
2030,2038,2045,2050,2058,2038,2024,2066
2042,2043,2046,2055,2056,2044,2033,2057
2035,2040,2050,2051,2050,2038,2025,2051
2040,2038,2050,2050,2051,2045,2040,2051
2040,2046,2046,2049,2057,2057,2034,2049
2041,2045,2053,2053,2055,2053,2030,2044
2040,2045,2051,2053,2052,2043,2031,2046
2042,2042,2048,2055,2058,2056,2038,2037
2039,2042,2046,2056,2061,2058,2038,2026
2034,2035,2045,2052,2060,2053,2035,2021
2031,2037,2048,2052,2054,2047,2043,2022
2038,2035,2045,2050,2055,2047,2036,2025
2037,2047,2052,2058,2058,2049,2043,2026
2044,2046,2053,2058,2062,2069,2043,2023
2041,2039,2045,2053,2058,2080,2038,2018
2030,2032,2036,2048,2058,2091,2044,2013
2026,2026,2041,2053,2059,2088,2058,2019
2041,2036,2053,2056,2063,2078,2045,2022
2041,2045,2061,2057,2062,2063,2050,2025
2042,2055,2062,2065,2066,2063,2056,2025
2045,2059,2064,2062,2064,2061,2030,2032
2046,2061,2068,2057,2064,2040,2029,2036
2042,2061,2066,2058,2057,2022,2045,2041
2047,2056,2063,2059,2061,2020,2045,2046
2047,2060,2059,2059,2066,2018,2062,2061
2044,2053,2064,2062,2061,2014,2050,2069
2050,2056,2059,2060,2063,2014,2059,2073
2046,2054,2058,2060,2061,2028,2064,2075
2042,2057,2060,2063,2068,2038,2076,2080
2049,2046,2061,2056,2057,2050,2058,2080
2047,2040,2054,2050,2048,2047,2043,2069
2040,2034,2040,2049,2054,2054,2015,2062
2032,2035,2039,2044,2053,2063,2026,2062
2045,2043,2045,2052,2056,2052,2044,2065
2043,2042,2039,2041,2052,2047,2027,2058
2039,2049,2042,2043,2045,2031,2011,2050
2039,2043,2043,2042,2047,2017,2021,2043
2037,2048,2050,2045,2048,2022,2023,2037
2035,2053,2050,2043,2044,2040,2024,2028
2036,2050,2048,2038,2044,2042,2031,2027
2042,2046,2045,2043,2046,2037,2038,2022
2046,2049,2051,2042,2043,2036,2027,2024
2044,2048,2050,2044,2045,2030,2036,2023
2045,2052,2062,2047,2049,2041,2054,2024
2044,2052,2064,2048,2050,2039,2044,2021
2044,2048,2066,2050,2056,2046,2048,2018
2057,2056,2062,2058,2052,2036,2037,2014
2042,2047,2054,2044,2054,2033,2030,2014
2041,2037,2047,2054,2060,2039,2059,2015
2050,2048,2060,2056,2065,2051,2055,2024
2052,2053,2060,2058,2078,2052,2057,2031
2053,2053,2059,2061,2074,2052,2049,2039
2051,2053,2057,2062,2076,2044,2057,2029
2059,2051,2058,2058,2075,2043,2034,2031
2057,2051,2056,2060,2080,2066,2054,2043
2053,2050,2054,2064,2079,2073,2051,2045
2053,2049,2051,2045,2053,2078,2020,2051
2051,2048,2047,2038,2030,2085,2028,2049
2050,2044,2044,2036,2031,2075,2032,2057
2044,2045,2046,2040,2029,2061,2044,2059
2033,2041,2039,2039,2040,2025,2028,2063
2032,2041,2037,2043,2050,2008,2013,2063
2036,2040,2042,2048,2050,2015,2012,2055
2036,2040,2037,2044,2047,2011,2008,2055
2039,2034,2038,2038,2050,2013,2020,2061
2046,2047,2054,2044,2045,2017,2028,2065
2037,2060,2056,2041,2041,2020,2046,2073
2047,2060,2057,2045,2039,2033,2056,2067
2045,2060,2060,2044,2037,2039,2045,2060
2051,2057,2049,2048,2045,2042,2059,2063
2051,2051,2052,2045,2043,2041,2059,2050
2051,2047,2051,2041,2045,2046,2068,2048
2056,2048,2056,2048,2049,2045,2055,2049
2058,2051,2053,2052,2051,2035,2059,2045
2060,2053,2052,2046,2050,2026,2027,2043
2057,2057,2055,2046,2050,2011,2024,2038
2056,2057,2062,2043,2042,2011,2039,2033
2055,2052,2053,2046,2044,2017,2026,2027
2055,2047,2053,2042,2035,2012,2031,2023
2055,2044,2046,2043,2019,2010,2024,2020
2049,2039,2041,2030,2011,2017,2018,2024
2049,2047,2040,2030,2018,2036,2013,2010
2038,2043,2038,2025,2023,2061,2015,2005
2033,2043,2027,2024,2020,2075,2009,2000
2035,2048,2046,2034,2026,2092,2044,2013
2035,2040,2054,2041,2028,2104,2060,2014
2042,2038,2057,2037,2004,2092,2066,2025
2047,2043,2059,2047,2015,2076,2059,2040
2050,2042,2058,2045,2007,2078,2053,2043
2038,2042,2045,2033,1960,2072,2058,2037
2036,2046,2055,2033,1954,2024,2058,2052
2050,2050,2059,2052,1993,2027,2057,2064
2049,2045,2055,2062,2026,2044,2048,2070
2042,2047,2052,2059,2056,2040,2051,2074
2043,2049,2055,2070,2089,2042,2060,2077
2041,2039,2044,2069,2104,2038,2055,2081
2047,2040,2045,2064,2075,2043,2052,2083
2053,2044,2053,2060,2071,2050,2046,2078
2045,2047,2049,2053,2051,2038,2039,2074
2049,2048,2045,2037,2020,2042,2057,2077
2050,2053,2041,2025,2024,2053,2066,2074
2052,2053,2034,2020,2019,2065,2086,2068
2058,2061,2040,2018,2005,2061,2064,2062
2066,2071,2054,2025,2005,2057,2069,2056
2067,2080,2053,2027,2023,2041,2045,2039
2070,2073,2055,2036,2023,2045,2032,2036
2068,2064,2042,2030,1999,2046,2036,2036
2066,2064,2046,2027,1979,2065,2032,2037
2070,2065,2048,2029,1977,2066,2032,2025
2065,2057,2042,2024,1995,2039,2026,2031
2067,2053,2041,2026,2043,1985,2024,2025
2060,2047,2034,2024,2088,1970,2031,2025
2054,2045,2034,2030,2091,1988,2019,2037
2056,2060,2054,2039,2077,2005,2023,2034
2071,2057,2053,2035,2064,2018,2039,2034
2059,2058,2048,2033,2050,2023,2030,2028
2056,2055,2043,2028,2045,2009,2024,2026
2049,2050,2046,2028,2039,1997,2036,2028
2038,2032,2039,2014,2014,1984,2016,2024
2028,2037,2029,2021,2011,2000,2031,2031
2036,2041,2041,2032,2020,2019,2023,2029
2033,2038,2039,2026,2017,2036,2027,2039
2038,2040,2047,2036,2041,2062,2043,2063
2052,2047,2050,2050,2081,2084,2080,2075
2052,2051,2059,2050,2089,2079,2072,2065
2045,2043,2039,2020,2050,2116,2086,2050
2038,2044,2042,2030,2037,2129,2086,2057
2043,2042,2042,2037,2021,2099,2061,2055
2040,2042,2044,2034,1996,2061,2050,2060
2048,2053,2054,2040,1996,2026,2075,2073
2053,2064,2062,2054,2044,2029,2092,2070
2047,2056,2058,2054,2025,2064,2085,2058
2044,2050,2052,2053,2060,2091,2098,2057
2050,2050,2054,2050,2112,2100,2091,2054
2058,2052,2048,2050,2104,2096,2095,2059
2059,2051,2049,2057,2094,2093,2090,2065
2065,2059,2053,2057,2067,2088,2084,2055
2065,2055,2045,2056,2053,2072,2092,2050
2068,2055,2047,2047,2021,2051,2073,2039
2055,2047,2041,2028,1980,2031,2059,2034
2046,2047,2034,2026,2011,2018,2053,2029
2047,2049,2041,2029,2008,2028,2067,2040
2050,2050,2045,2039,2028,2044,2067,2039
2051,2040,2037,2022,2004,2039,2039,2022
2050,2037,2029,2022,1998,2045,2040,2019
2046,2047,2037,2034,2019,2091,2052,2034
2064,2049,2045,2036,2067,2133,2079,2038
2067,2052,2049,2027,2108,2144,2074,2041
2058,2052,2043,2035,2091,2105,2070,2037
2050,2052,2047,2043,2072,2036,2040,2041
2045,2048,2043,2045,2056,2022,2041,2051
2059,2047,2046,2047,2048,2035,2056,2047
2057,2055,2048,2044,2049,2072,2060,2048
2050,2048,2039,2034,2045,2094,2063,2038
2042,2042,2033,2033,2066,2070,2046,2045
2045,2039,2029,2036,2100,2058,2034,2053
2040,2043,2031,2038,2092,2060,2056,2057
2041,2038,2036,2039,2081,2066,2051,2058
2042,2032,2030,2038,2070,2065,2049,2055
2042,2023,2018,2016,2081,2064,2036,2054
2028,2021,2008,2014,2073,2060,2043,2046
2025,2023,2010,2014,2057,2073,2042,2044
2032,2026,2017,2013,2063,2061,2035,2044
2025,2022,2017,2024,2080,2023,2020,2053
2028,2037,2030,2041,2111,1995,2035,2047
2028,2044,2032,2042,2091,2025,2053,2051
2043,2045,2035,2041,2040,2034,2051,2040
2048,2050,2038,2029,1915,2028,2051,2035
2049,2051,2036,2026,1927,2034,2066,2040
2053,2055,2038,2026,1973,2034,2057,2039
2052,2051,2036,2029,1991,2029,2051,2033
2048,2050,2040,2026,2009,2040,2044,2033
2055,2052,2040,2025,2009,2057,2054,2038
2058,2060,2047,2028,2010,2070,2044,2045
2070,2065,2049,2026,2025,2068,2084,2042
2059,2063,2052,2026,2026,2063,2059,2032
2064,2065,2060,2030,2027,2072,2063,2037
2065,2081,2069,2041,2034,2063,2066,2036
2060,2070,2064,2034,2020,2062,2050,2043
2058,2065,2063,2026,2010,2072,2057,2044
2062,2062,2046,2022,1978,2076,2050,2044
2052,2058,2041,2012,1955,2064,2044,2041
2054,2050,2037,2011,1949,2061,2041,2035
2048,2050,2035,2012,1939,2041,2029,2026
2040,2044,2044,2020,1942,2005,2035,2040
2046,2049,2049,2031,1997,1981,2027,2058
2059,2060,2049,2040,2026,1980,2025,2060
2058,2053,2044,2039,2045,1979,2007,2078
2051,2053,2044,2038,2074,2029,2026,2083
2052,2051,2044,2044,2074,2069,2057,2085
2051,2056,2045,2042,2045,2099,2051,2085
2043,2045,2042,2036,2026,2082,2046,2093
2052,2048,2044,2039,2031,2061,2052,2098
2066,2065,2048,2049,2039,2080,2062,2089
2057,2062,2047,2043,2006,2075,2038,2074
2054,2054,2040,2036,1978,2079,2019,2048
2037,2043,2039,2027,1966,2067,2023,2042
2040,2039,2034,2019,1962,2038,2008,2039
2039,2038,2032,2025,2014,2019,2044,2045
2047,2050,2044,2056,2079,2027,2068,2046
2052,2053,2057,2083,2125,2003,2061,2050
2060,2052,2060,2093,2168,2009,2056,2056
2064,2052,2062,2099,2155,2007,2064,2055
2067,2057,2061,2079,2107,2022,2071,2042
2062,2055,2059,2070,2071,2027,2058,2038
2059,2062,2055,2056,2054,2019,2053,2039
2058,2054,2048,2051,2044,2017,2050,2028
2052,2052,2038,2038,2023,2018,2045,2011
2041,2035,2028,2031,2008,2021,2056,2007
2040,2045,2034,2031,2029,2036,2060,2024
2048,2049,2030,2033,2037,2035,2057,2026
2049,2046,2018,2030,2042,2034,2055,2034
2049,2039,2008,2027,2050,2025,2036,2035
2042,2041,2003,2025,2031,2025,2059,2036
2041,2036,1991,2007,1990,2018,2044,2039
2042,2037,1989,1997,1944,2001,2036,2042
2040,2038,1993,1999,1901,2004,2034,2044
2037,2033,1986,1996,1920,1982,2037,2043
2040,2032,1988,2001,1988,1976,2053,2063
2041,2036,2001,2031,2077,2028,2067,2077
2057,2042,2014,2055,2133,2072,2094,2091
2053,2039,2012,2051,2134,2123,2099,2098
2055,2035,2005,2034,2125,2132,2110,2108
2054,2022,2001,2018,2071,2078,2073,2092
2039,2009,1994,1999,1977,2032,2045,2085
2034,2011,2011,1987,1938,2030,2033,2075
2039,2026,2024,1995,1924,2046,2047,2069
2031,2030,2028,1996,1907,2038,2042,2056
2036,2036,2039,1995,1915,1984,2062,2064
2041,2045,2052,2023,1991,1988,2041,2060
2039,2051,2058,2044,2086,2038,2056,2060
2041,2056,2071,2060,2121,2065,2054,2054
2053,2060,2070,2058,2085,2072,2048,2046
2059,2064,2065,2045,2020,2075,2044,2052
2064,2069,2060,2037,1995,2071,2031,2049
2053,2054,2053,2032,1987,2044,2046,2046
2060,2061,2060,2036,2010,2049,2055,2048
2061,2064,2060,2036,2054,2067,2061,2049
2068,2061,2067,2042,2037,2065,2068,2064
2074,2063,2061,2038,1997,2049,2062,2056
2069,2051,2052,2025,2012,2066,2055,2031
2053,2049,2046,2034,2091,2107,2064,2031
2053,2056,2054,2064,2165,2151,2081,2035
2053,2070,2061,2082,2223,2149,2075,2042
2053,2063,2056,2081,2210,2126,2073,2047
2052,2055,2047,2076,2180,2062,2054,2040
2041,2051,2043,2055,2142,2033,2073,2041
2048,2045,2035,2055,2096,2024,2066,2036
2036,2038,2028,2046,2117,2050,2068,2044
2046,2039,2022,2039,2095,2075,2088,2058
2046,2033,2018,2003,1986,2090,2056,2053
2041,2026,2010,1977,1912,2098,2042,2048
2035,2030,2021,1986,1890,2070,2054,2059
2038,2030,2030,2008,1884,2040,2024,2070
2034,2038,2042,2011,1864,1984,2029,2080
2050,2049,2051,2028,1946,1912,2038,2092
2055,2043,2049,2044,2031,1941,2064,2098
2045,2042,2048,2040,2056,1986,2050,2095
2047,2042,2044,2036,2067,2017,2040,2095
2047,2048,2054,2035,2073,2024,2055,2080
2047,2053,2057,2031,2047,2023,2051,2081
2047,2051,2062,2028,2034,2019,2053,2076
2046,2055,2056,2030,2034,2020,2053,2070
2054,2051,2042,2034,2028,2025,2078,2071
2059,2054,2046,2040,2031,2025,2071,2064
2055,2054,2060,2044,2034,2020,2053,2063
2056,2060,2073,2052,2034,2014,2071,2056
2055,2056,2081,2057,2034,2018,2070,2053
2053,2056,2081,2059,2052,2031,2073,2052
2059,2063,2079,2064,2053,2033,2068,2051
2060,2066,2087,2076,2053,2045,2077,2044
2060,2061,2087,2070,2057,2058,2057,2046
2048,2049,2076,2065,2049,2090,2053,2033
2036,2051,2064,2070,2043,2106,2055,2033
2036,2057,2061,2068,2045,2096,2050,2039
2046,2058,2044,2063,2029,2070,2076,2041
2048,2057,2052,2067,2026,2044,2065,2049
2056,2062,2037,2068,2026,2035,2076,2053
2050,2054,2031,2078,2045,2059,2060,2057
2050,2052,2026,2072,2045,2068,2061,2058
2054,2049,2014,2055,2006,2041,2048,2066
2045,2040,2003,2044,1990,2038,2053,2065
2039,2030,1995,2013,1965,2057,2029,2057
2029,2023,1981,1998,1964,2083,2037,2055
2028,2027,1992,1997,1998,2101,2047,2057
2031,2020,1989,1964,2014,2076,2012,2053
2035,2028,2007,1964,2127,2066,2037,2070
2043,2047,2041,2014,2266,2082,2047,2078
2039,2047,2048,2028,2278,2067,2051,2096
2050,2050,2065,2037,2255,2072,2070,2111
2058,2054,2055,2030,2192,2069,2074,2102
2059,2050,2046,2025,2138,2056,2040,2092
2054,2042,2041,2029,2090,2057,2058,2086
2058,2045,2037,2023,1995,2061,2064,2082
2059,2043,2027,2024,2036,2056,2044,2070
2053,2040,2026,2026,2047,2055,2040,2060
2043,2030,2027,2007,1936,2027,2043,2048
2048,2029,2022,1992,1896,2028,2036,2049
2050,2030,2028,1996,1904,2066,2035,2036
2049,2034,2030,1983,1854,2073,2038,2039
2048,2030,2009,1956,1815,2071,2037,2022
2041,2022,2006,1943,1786,2008,2013,2012
2032,2025,2016,1974,1836,1877,2017,2039
2042,2041,2043,2024,1995,1890,2034,2039
2052,2042,2062,2055,2114,1986,2060,2031
2054,2058,2078,2074,2168,2093,2056,2044
2055,2062,2075,2064,2156,2140,2082,2043
2054,2058,2073,2053,2115,2137,2087,2032
2050,2047,2085,2056,2058,2129,2062,2043
2053,2053,2096,2055,2012,2129,2055,2046
2056,2058,2102,2042,1973,2134,2055,2042
2050,2052,2091,2021,1885,2115,2041,2046
2051,2048,2075,2006,1790,2044,2018,2040
2042,2043,2056,1998,1813,1948,1988,2062
2050,2059,2075,2056,2006,1917,2048,2091
2066,2072,2093,2085,2113,1934,2058,2090
2062,2080,2096,2088,2095,1983,2045,2095
2062,2074,2075,2087,2157,2055,2044,2091
2057,2059,2059,2082,2171,2092,2040,2084
2044,2054,2048,2064,2154,2093,2044,2081
2039,2037,2036,2051,2120,2099,2048,2080
2043,2035,2042,2051,2136,2103,2075,2085
2057,2046,2039,2054,2118,2086,2051,2074
2048,2043,2032,2038,2089,2055,2044,2077
2051,2039,2029,2037,2079,2034,2043,2078
2050,2043,2016,2030,2065,2044,2059,2073
2052,2037,2009,2010,2059,2064,2060,2068
2055,2036,1998,2004,2089,2070,2049,2062
2052,2032,1991,2011,2115,2065,2057,2051
2053,2029,1988,2016,2080,2046,2058,2052
2049,2034,1996,2021,2059,2023,2030,2050
2042,2037,1995,2023,2087,2026,2038,2034
2043,2029,1996,2024,2096,2033,2036,2021
2047,2023,2006,2024,2092,2043,2046,2028
2039,2032,2009,2013,2035,1994,2021,2029
2044,2031,2016,1991,1962,1948,2028,2022
2039,2027,2011,1956,1839,1952,2021,2030
2030,2022,2016,1936,1772,1976,2033,2028
2041,2040,2041,1959,1807,2010,2032,2024
2044,2053,2060,1982,1890,2055,2029,2033
2056,2057,2085,2020,1992,2093,2056,2050
2067,2063,2095,2037,2038,2114,2052,2058
2058,2060,2088,2032,2018,2108,2073,2059
2061,2061,2086,2029,2001,2109,2070,2065
2065,2065,2081,2024,1982,2104,2051,2065
2062,2070,2086,2016,1964,2078,2042,2060
2063,2068,2087,2021,1983,2076,2058,2068
2060,2057,2078,2032,2024,2073,2039,2069
2051,2056,2071,2050,2090,2043,2065,2081
2054,2060,2073,2074,2130,2036,2073,2082
2057,2060,2072,2057,2060,2032,2038,2090
2055,2056,2059,2026,2009,2014,2037,2083
2050,2046,2055,2037,2055,2043,2037,2092
2056,2053,2063,2061,2147,2082,2059,2097
2068,2061,2068,2074,2185,2115,2068,2102
2068,2059,2055,2071,2195,2133,2074,2092
2071,2062,2059,2063,2192,2125,2068,2089
2063,2062,2060,2068,2168,2099,2039,2082
2063,2061,2068,2064,2153,2075,2051,2082
2068,2062,2059,2060,2135,2059,2062,2075
2064,2060,2064,2060,2120,2032,2066,2065
2059,2053,2049,2044,2080,2018,2037,2048
2047,2042,2047,2024,2039,2040,2059,2044
2043,2048,2047,2019,1947,2040,2033,2036
2057,2050,2045,2008,1957,2041,2036,2036
2051,2055,2048,2015,1988,2087,2058,2041
2065,2063,2063,2039,2004,2104,2083,2046
2060,2064,2063,2048,1993,2058,2085,2035
2052,2051,2063,2044,1993,2040,2075,2035
2055,2060,2068,2060,2027,2096,2080,2055
2065,2072,2081,2075,2046,2116,2073,2062
2067,2070,2090,2086,2082,2155,2095,2062
2066,2072,2096,2107,2140,2190,2082,2061
2062,2073,2098,2113,2186,2209,2078,2061
2063,2073,2095,2106,2178,2146,2074,2059
2056,2066,2090,2093,2130,2095,2063,2060
2058,2066,2082,2076,2095,2027,2052,2057
2053,2063,2072,2058,2031,1938,2038,2064
2056,2059,2067,2054,1983,1913,2052,2072
2057,2056,2054,2047,1947,1924,2051,2065
2054,2054,2035,2027,1890,1929,2027,2055
2045,2045,2021,2000,1859,1909,2004,2045
2037,2039,2012,1984,1857,1910,2018,2054
2025,2037,1998,1989,1911,1899,2002,2055
2023,2028,2004,2025,2058,1931,2037,2068
2035,2042,2020,2059,2186,2033,2056,2073
2039,2052,2021,2059,2156,2108,2055,2065
2036,2047,2011,2036,2118,2151,2095,2062
2034,2031,2001,2020,2082,2143,2089,2060
2031,2022,1994,2011,2058,2148,2079,2051
2040,2034,2005,2040,2075,2142,2096,2050
2046,2048,2018,2059,2084,2120,2077,2051
2058,2057,2023,2056,2100,2091,2101,2058
2062,2061,2028,2052,2068,2069,2090,2048
2057,2055,2023,2065,2099,2058,2074,2042
2043,2042,2023,2055,2105,2055,2050,2026
2040,2042,2023,2043,2011,2029,2041,2030
2052,2053,2038,2041,1956,1994,2037,2021
2051,2056,2055,2050,2005,1986,2026,2016
2047,2054,2068,2054,2011,2011,2013,2014
2040,2048,2073,2048,1979,2026,2024,2020
2046,2040,2078,2032,1951,2018,2027,2023
2051,2044,2084,2037,1979,2052,2032,2011
2045,2046,2083,2044,1965,2051,2015,2010
2043,2044,2072,2038,1946,2045,2009,2006
2041,2040,2065,2036,1948,2039,2017,2016
2042,2044,2068,2052,1988,2024,2054,2034
2048,2054,2084,2081,2053,2044,2062,2056
2059,2058,2086,2097,2097,2078,2077,2062
2061,2058,2104,2094,2111,2101,2068,2056
2059,2051,2097,2088,2097,2076,2068,2060
2055,2045,2083,2073,2074,2038,2055,2061
2041,2032,2056,2044,2034,2016,2031,2062
2035,2036,2040,2023,2018,2008,2030,2059
2032,2038,2020,2022,2025,2019,2039,2067
2036,2038,2015,2027,2040,2031,2038,2071
2032,2027,2007,2031,2054,2029,2018,2077
2042,2030,1995,2032,2061,2040,2034,2082
2059,2043,1982,2030,2058,2037,2030,2076
2055,2044,1972,2028,2056,2031,2024,2060
2048,2034,1971,2032,2057,2032,2025,2060
2049,2036,1959,2025,2046,2019,2035,2054
2043,2020,1945,2018,2027,2002,2028,2045
2040,2015,1936,2022,2026,2001,2021,2035
2028,2014,1935,2027,2028,1997,2031,2029
2029,2017,1942,2025,2023,2001,2031,2036
2037,2025,1947,2028,2026,2020,2033,2044
2045,2026,1961,2026,2018,2037,2034,2045
2048,2025,1980,2024,2018,2036,2029,2041
2046,2029,1996,2027,2021,2030,2049,2037
2046,2027,2006,2024,2021,2037,2035,2028
2042,2029,2016,2011,2017,2034,2039,2015
2031,2021,2027,2015,2020,2033,2022,2016
2029,2036,2073,2054,2032,2040,2035,2030
2048,2067,2132,2078,2052,2039,2053,2041
2062,2073,2147,2082,2056,2047,2061,2045
2063,2071,2124,2078,2064,2057,2069,2047
2061,2062,2106,2070,2070,2059,2050,2048
2058,2063,2094,2075,2056,2050,2051,2043
2054,2062,2076,2073,2051,2045,2048,2037
2044,2058,2059,2066,2048,2044,2045,2045
2051,2062,2069,2067,2049,2049,2058,2047
2061,2067,2076,2076,2056,2046,2049,2056
2062,2071,2063,2082,2058,2046,2051,2063
2056,2058,2052,2082,2057,2051,2052,2061
2046,2045,2027,2069,2059,2042,2045,2070
2039,2033,2018,2058,2038,2040,2028,2070
2036,2022,2004,2024,2020,2023,2025,2058
2032,2004,1987,1992,2000,2017,2010,2055
2019,2000,1983,1980,1993,2017,2025,2062
2029,2019,2009,1994,2003,2026,2041,2057
2036,2025,2020,1991,2010,2023,2037,2053
2039,2026,2027,1988,2013,2026,2043,2063
2041,2031,2037,2008,2020,2033,2041,2058
2045,2043,2054,2046,2026,2035,2035,2045
2040,2045,2076,2065,2037,2037,2032,2047
2044,2054,2070,2071,2034,2042,2045,2042
2046,2045,2049,2066,2041,2044,2062,2039
2048,2056,2045,2068,2050,2048,2056,2041
2054,2063,2068,2067,2045,2042,2052,2037
2054,2071,2076,2059,2039,2041,2049,2034
2053,2065,2077,2044,2036,2034,2058,2038
2064,2072,2064,2034,2034,2040,2055,2045
2063,2071,2047,2020,2036,2036,2036,2031
2051,2043,2010,1997,2028,2036,2029,2031
2041,2037,2010,1998,2032,2038,2035,2033
2045,2050,2038,2011,2047,2047,2047,2038
2045,2049,2062,2006,2044,2046,2061,2039
2053,2049,2089,2001,2037,2049,2043,2042
2054,2052,2095,2006,2042,2044,2049,2040
2052,2051,2103,2008,2044,2050,2063,2044
2051,2059,2098,2018,2052,2053,2058,2055
2055,2063,2091,2040,2061,2059,2054,2055
2053,2064,2099,2062,2066,2054,2056,2062
2066,2070,2112,2090,2074,2057,2073,2069
2073,2080,2125,2106,2081,2062,2057,2079
2061,2072,2113,2104,2075,2053,2048,2073
2053,2068,2107,2098,2066,2053,2050,2076
2048,2057,2096,2083,2060,2046,2051,2082
2043,2051,2087,2069,2059,2041,2032,2080
2047,2047,2076,2049,2049,2038,2021,2077
2049,2048,2067,2043,2048,2042,2035,2083
2051,2050,2066,2040,2046,2046,2044,2087
2057,2056,2070,2046,2054,2049,2048,2088
2060,2069,2088,2062,2054,2049,2033,2085
2062,2075,2127,2076,2064,2052,2059,2077
2059,2073,2134,2066,2039,2049,2055,2055
2050,2062,2108,2032,2022,2048,2044,2051
2048,2050,2084,2008,2008,2041,2043,2045
2044,2040,2066,2001,2003,2042,2047,2031
2046,2041,2063,2007,2011,2046,2046,2039
2049,2060,2072,2033,2028,2018,2044,2051
2064,2066,2071,2051,2045,2020,2051,2058
2079,2064,2049,2057,2048,2032,2068,2063
2063,2053,2024,2068,2070,2060,2067,2046
2052,2045,2003,2068,2076,2076,2056,2031
2042,2033,2006,2079,2073,2069,2030,2019
2038,2029,2013,2086,2074,2071,2035,2021
2043,2042,2024,2085,2074,2072,2041,2032
2049,2040,2025,2073,2058,2062,2042,2040
2054,2045,2028,2068,2051,2061,2055,2038
2056,2054,2046,2066,2045,2060,2060,2042
2057,2065,2070,2073,2047,2061,2070,2048
2055,2075,2083,2071,2046,2075,2059,2047
2053,2074,2084,2073,2013,2069,2049,2040
2048,2062,2077,2068,1984,2074,2047,2042
2055,2067,2078,2062,1976,2049,2031,2048
2050,2066,2084,2064,1969,1979,2033,2071
2060,2075,2089,2076,2010,1928,2032,2088
2060,2070,2089,2076,2070,1968,2046,2086
2056,2068,2107,2066,2101,2027,2052,2084
2058,2080,2109,2048,2098,2070,2060,2080
2051,2067,2079,2005,2087,2061,2038,2074
2040,2043,2035,1973,2054,2049,2049,2078
2036,2035,2028,1962,2048,2047,2046,2081
2051,2055,2028,1967,2044,2042,2053,2082
2062,2069,2048,1974,2042,2044,2065,2090
2066,2075,2072,1992,2046,2046,2052,2082
2066,2072,2088,2001,2042,2035,2055,2079
2066,2073,2089,2013,2025,2026,2052,2076
2068,2076,2058,2021,2017,2029,2078,2076
2070,2072,2034,2039,2012,2036,2054,2062
2067,2058,2028,2050,2023,2050,2049,2050
2062,2053,2031,2082,2072,2066,2070,2044
2068,2061,2035,2130,2104,2072,2067,2055
2067,2066,2036,2146,2098,2071,2064,2042
2068,2064,2034,2153,2095,2063,2052,2033
2055,2057,2028,2150,2094,2061,2067,2030
2052,2052,2004,2132,2085,2072,2062,2029
2049,2040,1972,2097,2074,2086,2045,2019
2049,2032,1967,2077,2062,2096,2045,2020
2040,2042,1985,2070,2056,2117,2051,2020
2046,2060,2004,2067,2046,2107,2058,2024
2055,2065,2031,2067,2024,2058,2058,2030
2058,2062,2026,2049,1991,2027,2048,2034
2043,2046,2017,2014,1971,1963,2038,2037
2047,2034,2018,1989,1973,1932,2030,2040
2039,2020,2028,1976,1991,1961,2042,2038
2037,2036,2065,1974,2006,1998,2056,2054
2049,2063,2108,1987,2047,2036,2063,2061
2059,2076,2137,1989,2094,2059,2072,2074
2061,2073,2129,2004,2122,2084,2080,2085
2066,2073,2138,2019,2110,2088,2084,2085
2069,2062,2134,2026,2084,2073,2082,2086
2064,2053,2110,2035,2072,2064,2066,2084
2063,2044,2099,2040,2074,2060,2052,2077
2051,2030,2083,2038,2058,2078,2054,2065
2045,2029,2080,2045,2055,2086,2066,2073
2051,2040,2086,2050,2056,2089,2065,2068
2046,2040,2109,2068,2065,2088,2068,2066
2034,2040,2126,2083,2062,2060,2071,2072
2044,2044,2145,2109,2088,2033,2088,2075
2051,2045,2134,2116,2098,2048,2077,2070
2064,2042,2118,2123,2095,2064,2080,2063
2061,2046,2102,2113,2080,2061,2081,2055
2060,2040,2080,2110,2073,2050,2063,2039
2054,2038,2073,2109,2072,2048,2067,2036
2051,2037,2075,2108,2084,2041,2058,2024
2046,2045,2079,2128,2085,2048,2052,2032
2053,2053,2072,2121,2080,2048,2057,2030
2064,2046,2047,2107,2070,2046,2064,2034
2058,2043,2041,2108,2063,2034,2054,2028
2052,2034,2027,2101,2055,2021,2048,2024
2037,2032,2023,2093,2042,2012,2043,2014
2034,2030,2015,2082,2030,2013,2051,2016
2039,2030,2002,2061,2016,2010,2048,2020
2040,2033,1992,2033,2007,2022,2053,2027
2055,2054,2000,2028,2024,2025,2050,2044
2062,2066,2010,2032,2019,2034,2042,2045
2071,2075,2032,2047,2020,2045,2048,2052
2068,2079,2040,2049,2022,2059,2044,2058
2060,2066,2041,2045,2012,2067,2035,2054
2053,2057,2049,2043,2012,2049,2056,2052
2045,2041,2048,2041,2035,2026,2069,2069
2049,2044,2056,2045,2079,2045,2085,2072
2059,2051,2069,2066,2098,2062,2087,2080
2052,2062,2078,2057,2077,2085,2073,2069
2043,2063,2072,2045,2034,2078,2061,2073
2046,2061,2074,2033,1991,2062,2033,2069
2040,2044,2054,2035,1972,2024,2038,2071
2042,2042,2070,2062,2009,1983,2044,2089
2053,2063,2119,2101,2063,1984,2060,2088
2046,2067,2125,2108,2088,2012,2059,2091
2047,2068,2140,2102,2088,2027,2059,2087
2048,2066,2152,2108,2073,2034,2053,2079
2050,2074,2154,2113,2055,2053,2058,2070
2049,2084,2161,2093,2022,2070,2063,2069
2052,2090,2155,2063,1993,2070,2058,2069
2057,2097,2144,2028,1967,2051,2047,2063
2054,2075,2096,1981,1957,2003,2038,2058
2057,2076,2076,1990,2027,1971,2043,2066
2060,2065,2051,2013,2110,2025,2073,2067
2068,2059,2048,2040,2118,2057,2072,2067
2071,2066,2043,2047,2115,2077,2073,2059
2065,2062,2028,2052,2085,2070,2077,2052
2069,2053,2010,2037,2067,2068,2065,2045
2056,2037,1988,2025,2069,2082,2069,2044
2050,2039,1976,2025,2079,2096,2094,2056
2060,2049,1975,2018,2094,2091,2063,2063
2062,2049,1974,2010,2089,2078,2075,2054
2057,2037,1972,2002,2080,2063,2068,2052
2050,2038,1964,2001,2071,2061,2060,2051
2057,2032,1961,1993,2073,2059,2066,2059
2047,2029,1965,2006,2082,2066,2066,2058
2041,2029,1970,2005,2063,2057,2053,2057
2046,2033,1981,1994,2041,2049,2054,2062
2046,2026,1979,1973,2021,2049,2055,2069
2047,2029,1996,1974,2022,2063,2064,2078
2054,2041,2018,1998,2045,2081,2054,2078
2055,2047,2044,2017,2041,2086,2068,2082
2048,2055,2050,2034,2032,2076,2058,2084
2046,2055,2058,2044,2025,2023,2034,2082
2054,2051,2058,2040,2016,1970,2023,2080
2046,2052,2058,2051,2017,1943,2020,2091
2050,2057,2063,2066,2039,1968,2040,2101
2059,2076,2070,2056,2042,1988,2044,2103
2060,2065,2068,2046,2033,2002,2054,2093
2055,2064,2065,2042,2043,2018,2057,2086
2059,2058,2056,2053,2052,2024,2031,2068
2059,2053,2039,2070,2060,2038,2049,2068
2066,2054,2039,2096,2071,2048,2059,2061
2063,2058,2043,2109,2076,2049,2049,2051
2053,2051,2027,2095,2061,2055,2058,2049
2056,2046,2014,2088,2058,2052,2052,2043
2050,2037,1996,2094,2052,2055,2044,2031
2042,2037,2004,2110,2041,2054,2024,2028
2049,2037,2000,2127,2022,2046,2022,2039
2053,2046,1989,2129,2018,2037,2053,2038
2052,2046,1977,2127,2047,2055,2038,2038
2048,2030,1965,2116,2052,2062,2023,2024
2041,2031,1977,2100,2047,2053,2012,2024
2035,2034,1988,2092,2063,2049,2042,2029
2038,2030,1998,2059,2045,2057,2038,2016
2029,2013,2006,2005,2005,2054,2051,2015
2017,1997,2018,1968,1971,2054,2058,2027
2018,2000,2027,1958,1939,2041,2064,2042
2018,2014,2077,1958,1931,2036,2065,2051
2037,2048,2129,1975,1923,2046,2064,2048
2050,2082,2196,2019,1913,2063,2070,2062
2062,2106,2231,2022,1882,2049,2064,2064
2058,2090,2194,1989,1826,2020,2043,2068
2054,2090,2174,1976,1818,1980,2050,2072
2057,2091,2154,1995,1910,1922,2064,2105
2076,2091,2149,2043,2055,1935,2064,2119
2078,2094,2141,2060,2120,1963,2069,2110
2077,2088,2122,2061,2113,1975,2064,2097
2067,2061,2098,2041,2124,2017,2042,2094
2059,2061,2090,2045,2129,2070,2055,2096
2064,2064,2087,2042,2116,2134,2081,2100
2062,2058,2070,2034,2076,2132,2074,2087
2058,2049,2056,2010,2022,2107,2061,2080
2048,2036,2038,2003,1980,2072,2046,2074
2050,2036,2042,2009,1987,2049,2043,2061
2053,2042,2033,2020,2018,2014,2042,2056
2044,2029,2032,2032,2059,2027,2034,2053
2043,2043,2033,2055,2103,2064,2061,2050
2042,2043,2037,2065,2116,2069,2080,2051
2042,2049,2039,2059,2103,2046,2072,2048
2049,2046,2033,2058,2108,2047,2064,2044
2041,2037,2022,2047,2088,2064,2073,2040
2039,2036,2009,2036,2073,2091,2073,2043
2044,2033,2007,2029,2056,2107,2076,2037
2048,2033,2020,2025,2051,2107,2068,2033
2044,2035,2035,2031,2038,2102,2051,2025
2043,2039,2060,2035,2095,2088,2046,2035
2048,2044,2081,2070,2160,2052,2040,2041
2049,2033,2091,2085,2187,2064,2040,2031
2038,2030,2093,2079,2183,2082,2058,2033
2040,2036,2100,2079,2162,2082,2057,2035
2046,2056,2122,2090,2136,2079,2059,2047
2045,2061,2123,2088,2119,2066,2050,2050
2050,2055,2096,2086,2089,2060,2040,2046
2045,2042,2086,2083,2057,2046,2039,2043
2035,2035,2092,2093,1945,2019,2005,2042
2042,2032,2098,2095,1900,2021,2040,2058
2045,2035,2112,2118,1981,2057,2049,2066
2046,2035,2116,2132,2040,2067,2027,2079
2048,2035,2109,2125,2045,2030,2017,2073
2038,2028,2090,2108,2038,2000,2011,2070
2036,2026,2079,2099,2028,1993,2032,2073
2035,2033,2081,2100,2035,2004,2020,2082
2041,2051,2081,2096,2051,2026,2027,2089
2064,2074,2080,2101,2045,2041,2052,2089
2068,2077,2081,2098,2051,2050,2045,2086
2070,2079,2067,2099,2034,2047,2042,2081
2065,2072,2058,2090,2020,2032,2046,2077
2064,2064,2048,2078,2020,2033,2037,2072
2060,2061,2036,2059,2020,2036,2053,2070
2067,2067,2039,2036,2017,2049,2047,2066
2063,2059,2033,2015,2015,2052,2053,2062
2066,2053,2027,2002,2020,2047,2055,2056
2067,2054,2032,2007,2026,2050,2060,2053
2071,2054,2027,2003,2026,2060,2052,2039
2074,2047,2020,1989,2009,2059,2050,2035
2064,2038,2014,1994,1988,2056,2045,2022
2056,2031,2024,2014,1978,2045,2040,2021
2042,2024,2024,2017,1969,2018,2035,2020
2026,2032,2038,2036,2000,2000,2031,2027
2045,2054,2065,2073,2058,2011,2054,2041
2056,2058,2083,2096,2089,2034,2057,2052
2058,2058,2092,2104,2088,2054,2054,2052
2060,2065,2087,2106,2053,2051,2068,2050
2058,2064,2074,2105,2047,2060,2059,2049
2058,2071,2072,2095,1999,2070,2048,2040
2059,2075,2077,2082,1952,2059,2033,2043
2061,2080,2070,2086,1931,2042,2019,2042
2064,2071,2063,2087,1922,1987,2023,2056
2068,2076,2067,2115,2019,1940,2054,2092
2078,2078,2081,2144,2166,2008,2088,2089
2065,2063,2053,2129,2191,2065,2079,2092
2056,2047,2020,2103,2174,2110,2074,2094
2048,2033,1986,2052,2085,2096,2058,2096
2046,2024,1986,2006,2046,2089,2052,2088
2033,2018,1975,1976,2022,2082,2047,2078
2030,2020,1972,1980,2030,2084,2051,2084
2035,2035,2001,1991,2036,2085,2055,2084
2050,2045,2025,2003,2031,2086,2063,2086
2054,2041,2021,1994,2008,2090,2064,2087
2061,2046,2006,1992,1987,2082,2052,2089
2053,2031,2000,1986,1988,2068,2064,2080
2059,2030,2000,1999,1996,2016,2029,2075
2057,2018,2014,2004,1983,2004,2013,2070
2048,2016,2025,2008,1965,2011,2013,2064
2044,2017,2030,2013,1979,2032,2032,2050
2046,2024,2047,2029,2015,2055,2043,2035
2037,2039,2064,2051,2048,2060,2041,2041
2047,2044,2059,2060,2056,2052,2017,2051
2050,2044,2052,2061,2052,2021,2032,2054
2043,2046,2032,2045,2030,2003,2040,2036
2043,2050,2035,2037,2016,2010,2040,2035
2035,2051,2048,2040,2009,2016,2041,2038
2040,2061,2064,2045,2011,2034,2048,2046
2052,2079,2080,2055,2024,2042,2049,2054
2054,2086,2084,2060,2032,2050,2051,2052
2053,2074,2086,2062,2023,2041,2049,2056
2059,2075,2081,2054,2019,2035,2045,2051
2058,2071,2084,2059,2007,2031,2053,2058
2062,2066,2091,2070,1996,2009,2030,2071
2070,2064,2094,2081,1994,1992,2031,2076
2065,2058,2092,2088,2012,1995,2024,2069
2060,2049,2075,2094,2029,2015,2048,2071
2056,2053,2064,2107,2056,2040,2053,2076
2053,2040,2056,2111,2052,2046,2040,2076
2044,2031,2044,2103,2045,2047,2053,2066
2034,2026,2038,2088,2021,2046,2043,2060
2012,2024,2037,2091,2027,2049,2027,2062
2006,2025,2045,2093,2041,2044,2032,2075
2021,2035,2051,2097,2077,2041,2039,2091
2034,2051,2049,2095,2116,2072,2040,2100
2048,2058,2056,2080,2122,2086,2053,2094
2051,2058,2050,2078,2097,2061,2046,2090
2053,2052,2036,2071,2086,2046,2034,2090
2054,2047,2024,2053,2074,2044,2042,2087
2051,2045,2007,2041,2070,2037,2030,2077
2056,2052,2021,2053,2070,2045,2032,2069
2061,2064,2041,2081,2092,2064,2024,2057
2061,2068,2053,2067,2055,2072,2040,2045
2055,2067,2038,2027,1956,2064,2040,2038
2055,2063,2034,2023,1939,2063,2047,2041
2058,2061,2035,2030,1979,2043,2054,2044
2059,2054,2026,2036,2000,1984,2050,2052
2056,2057,2032,2040,2009,1978,2052,2052
2058,2062,2038,2051,1998,1999,2043,2049
2058,2064,2043,2057,1992,2030,2043,2049
2062,2070,2046,2043,1960,2058,2032,2044
2062,2068,2053,2031,1926,2053,2045,2038
2053,2068,2051,2015,1900,2029,2032,2036
2056,2058,2049,2020,1904,2014,2043,2041
2045,2061,2058,2031,1960,1989,2023,2053
2048,2069,2073,2031,2016,2000,2017,2053
2046,2062,2072,2025,2014,2012,2035,2050
2051,2068,2078,2012,2018,2036,2042,2054
2050,2064,2075,2009,2023,2035,2042,2060
2052,2058,2069,2019,2010,1999,2033,2067
2044,2054,2053,2023,1996,1997,2033,2075
2040,2063,2068,2043,2028,2029,2062,2089
2053,2079,2080,2077,2081,2059,2073,2104
2062,2078,2079,2080,2111,2079,2090,2108
2060,2068,2065,2078,2119,2091,2067,2103
2047,2062,2055,2069,2118,2092,2056,2097
2050,2046,2038,2058,2133,2102,2061,2091
2040,2047,2039,2056,2147,2118,2059,2095
2052,2056,2053,2058,2152,2132,2067,2096
2047,2054,2054,2066,2143,2134,2070,2093
2052,2065,2055,2061,2138,2108,2061,2085
2055,2066,2051,2066,2170,2065,2043,2074
2050,2058,2042,2061,2177,2004,2024,2064
2049,2050,2028,2046,2129,2015,2022,2049
2046,2052,2022,2051,2057,2031,2031,2043
2043,2049,2021,2047,1973,2038,2023,2037
2037,2052,2025,2046,1998,2062,2021,2045
2042,2049,2033,2069,2063,2047,2023,2051
2044,2057,2037,2083,2103,2042,2026,2057
2046,2051,2043,2084,2075,2059,2047,2049
2043,2054,2038,2074,2047,2068,2063,2043
2039,2047,2026,2049,1958,2063,2038,2040
2035,2038,2017,2032,1898,2062,2036,2026
2033,2032,2014,2016,1868,2069,2050,2020
2045,2032,2020,2019,1885,2076,2060,2030
2058,2040,2033,2025,1907,2066,2051,2043
2054,2051,2043,2029,1915,2029,2048,2041
2057,2056,2045,2032,1941,1985,2052,2050
2051,2062,2065,2049,1972,1965,2041,2062
2061,2072,2067,2066,1996,1984,2036,2070
2052,2059,2057,2069,2024,2019,2027,2062
2047,2042,2040,2054,2012,2033,2048,2049
2038,2033,2021,2048,1996,2047,2046,2052
2036,2030,2022,2073,2090,2079,2048,2061
2041,2032,2025,2083,2158,2096,2050,2069
2043,2034,2022,2073,2139,2086,2031,2077
2040,2032,2018,2066,2106,2078,2027,2083
2044,2040,2026,2060,2066,2064,2038,2096
2043,2053,2032,2050,2034,2028,2030,2089
2039,2037,2021,2047,2014,2001,2029,2081
2040,2034,2021,2050,2019,2009,2021,2092
2057,2049,2031,2059,2028,2022,2045,2094
2060,2052,2032,2052,2028,2024,2034,2085
2048,2045,2026,2035,2009,2018,2029,2073
2045,2043,2017,2018,1999,2011,2033,2075
2040,2043,2025,2010,1996,2027,2032,2063
2032,2050,2043,2008,1992,2044,2037,2055
2037,2055,2054,2011,1980,2042,2030,2058
2047,2061,2038,2009,1970,2038,2037,2054
2053,2062,2022,2006,1958,2027,2036,2054
2058,2057,2008,2006,1980,2002,2044,2067
2065,2053,2012,2036,2023,1989,2063,2070
2067,2049,2016,2065,2058,2021,2055,2071
2069,2048,2020,2067,2066,2038,2060,2070
2065,2059,2021,2068,2045,2046,2066,2063
2064,2063,2023,2056,2022,2035,2033,2042
2055,2051,2020,2051,2021,2014,2036,2043
2047,2050,2024,2069,2047,2005,2041,2059
2053,2049,2021,2066,2067,2018,2041,2061
2050,2040,2011,2057,2076,2025,2052,2058
2043,2024,2008,2037,2072,2026,2052,2047
2032,2029,2017,2031,2041,2022,2041,2034
2031,2036,2041,2028,1990,2027,2033,2041
2038,2057,2071,2027,1939,2029,2031,2043
2047,2063,2098,2011,1914,2028,2009,2045
2040,2059,2102,2001,1917,2007,2026,2055
2047,2063,2112,2029,2023,2022,2044,2078
2057,2069,2104,2056,2119,2078,2071,2085
2053,2078,2099,2065,2162,2124,2056,2089
2054,2067,2088,2070,2166,2135,2057,2087
2054,2062,2077,2066,2120,2071,2063,2090
2050,2044,2062,2052,2058,2021,2041,2090
2039,2029,2039,2032,2027,2003,2024,2086
2033,2037,2048,2045,2067,2044,2046,2080
2044,2062,2056,2062,2115,2076,2059,2090
2056,2078,2060,2076,2177,2106,2075,2094
2061,2086,2069,2082,2190,2133,2073,2086
2061,2092,2065,2080,2151,2138,2081,2076
2058,2087,2070,2076,2116,2119,2078,2076
2054,2077,2061,2063,2072,2100,2047,2059
2047,2065,2067,2063,2058,2101,2043,2058
2052,2047,2059,2079,2074,2117,2046,2049
2042,2038,2057,2088,2067,2108,2062,2036
2030,2025,2034,2085,2029,2093,2038,2031
2021,2011,2025,2073,2023,2081,2037,2022
2019,2014,2025,2066,2018,2080,2041,2025
2031,2030,2037,2069,2013,2073,2038,2035
2047,2043,2046,2067,2004,2078,2032,2042
2051,2041,2031,2038,1977,2062,2024,2023
2050,2034,2042,2029,1992,2027,2040,2025
2050,2034,2061,2046,2011,2023,2048,2043
2054,2041,2074,2057,2006,2043,2052,2034
2047,2028,2073,2040,1979,2038,2060,2029
2041,2024,2083,2037,1969,1997,2049,2024
2027,2017,2087,2032,1989,2000,2062,2041
2039,2029,2084,2055,2076,2037,2075,2051
2044,2037,2068,2050,2090,2034,2078,2062
2051,2039,2068,2056,2062,2009,2087,2054
2042,2040,2072,2074,2049,2010,2077,2060
2044,2041,2069,2078,2018,2019,2071,2064
2043,2044,2059,2081,2010,2012,2070,2066
2042,2046,2052,2076,2020,2017,2060,2068
2040,2049,2041,2085,2055,2036,2067,2077
2043,2047,2031,2084,2069,2038,2068,2082
2047,2057,2029,2076,2060,2028,2058,2080
2047,2054,2032,2057,2038,2011,2047,2082
2045,2054,2037,2042,2035,2012,2040,2078
2042,2062,2037,2033,2039,2040,2054,2077
2046,2056,2025,2024,2065,2071,2048,2066
2047,2050,2014,2004,2070,2063,2042,2061
2046,2049,1997,1991,2088,2079,2027,2058
2047,2054,2002,1988,2093,2090,2031,2073
2059,2054,2020,2009,2085,2055,2047,2068
2065,2064,2031,2030,2121,2060,2072,2062
2060,2061,2039,2033,2162,2072,2066,2061
2060,2060,2040,2048,2195,2076,2044,2057
2057,2053,2043,2054,2203,2069,2051,2056
2055,2049,2047,2053,2163,2065,2033,2054
2058,2049,2052,2047,2129,2050,2055,2049
2061,2064,2055,2038,2057,2033,2046,2045
2063,2057,2051,2021,1970,2022,2049,2040
2056,2054,2040,2010,1959,2017,2043,2025
2040,2039,2024,1988,1896,2000,2028,2014
2040,2041,2027,1996,1907,2006,2035,2014
2046,2040,2037,2000,1792,2018,2027,2024
2042,2041,2041,1987,1742,1988,2019,2025
2049,2044,2051,2012,1836,2009,2030,2040
2060,2057,2054,2039,1920,2027,2035,2038
2050,2053,2051,2050,1994,2020,2039,2047
2051,2059,2059,2062,2046,2049,2049,2052
2049,2054,2063,2062,2034,2081,2076,2050
2046,2061,2073,2062,2005,2080,2072,2055
2044,2063,2067,2042,1959,2043,2050,2051
2037,2044,2044,2015,1950,2001,2028,2046
2036,2046,2038,2033,2024,1971,2046,2067
2046,2056,2053,2078,2116,2003,2073,2066
2052,2062,2057,2096,2156,2030,2051,2067
2041,2053,2043,2084,2155,2039,2046,2077
2040,2043,2022,2074,2111,2038,2041,2075
2043,2038,2011,2069,2080,2033,2034,2080
2046,2036,2004,2061,2064,2032,2039,2072
2050,2032,2002,2043,2047,2022,2036,2070
2047,2037,1998,2039,2042,2015,2036,2065
2049,2037,1998,2038,2043,2020,2037,2066
2053,2044,2008,2047,2050,2025,2035,2059
2050,2043,2015,2047,2057,2042,2033,2051
2045,2039,2007,2053,2058,2053,2030,2052
2041,2035,1999,2049,2065,2069,2052,2050
2039,2028,1986,2042,2065,2074,2060,2044
2043,2022,1992,2046,2071,2074,2052,2044
2040,2025,2014,2054,2058,2066,2037,2025
2034,2019,2033,2050,2042,2049,2029,2010
2034,2033,2051,2049,2027,2018,2032,2022
2042,2036,2052,2056,2021,2016,2039,2020
2042,2028,2044,2038,2008,2015,2026,2017
2033,2019,2032,2032,2009,2022,2042,2022
2032,2024,2024,2035,2007,2030,2034,2036
2045,2041,2030,2046,2024,2037,2035,2034
2050,2054,2040,2060,2030,2037,2038,2039
2047,2046,2034,2053,2025,2034,2031,2027
2030,2029,2030,2050,2014,2020,2021,2028
2031,2030,2035,2035,2004,2012,2006,2037
2034,2030,2046,2022,1991,2013,2020,2042
2035,2032,2074,2035,2012,2030,2025,2054
2049,2058,2117,2063,2030,2052,2053,2067
2062,2090,2150,2073,2034,2071,2053,2075
2066,2091,2145,2066,2034,2091,2062,2076
2061,2081,2129,2058,2048,2087,2056,2081
2052,2075,2120,2068,2061,2093,2054,2084
2050,2077,2112,2061,2053,2080,2052,2092
2047,2077,2101,2050,2021,2068,2040,2076
2045,2072,2066,2038,1995,2049,2033,2078
2042,2063,2054,2036,1976,2052,2057,2086
2056,2074,2054,2039,1976,2045,2073,2081
2059,2072,2054,2042,1992,2038,2071,2079
2061,2068,2055,2046,2012,2017,2066,2073
2061,2072,2055,2049,2045,2011,2076,2069
2064,2073,2060,2056,2074,2012,2070,2065
2064,2065,2064,2066,2066,2017,2073,2055
2057,2058,2060,2070,2057,2035,2064,2055
2045,2052,2052,2077,2088,2063,2064,2046
2039,2055,2053,2088,2154,2080,2059,2045
2048,2051,2062,2094,2149,2085,2058,2038
2046,2053,2060,2087,2133,2078,2067,2046
2052,2051,2058,2084,2119,2060,2053,2046
2059,2052,2059,2080,2116,2060,2047,2046
2056,2046,2055,2076,2112,2070,2040,2038
2054,2040,2054,2064,2094,2074,2024,2037
2045,2036,2055,2070,2097,2099,2048,2039
2047,2052,2065,2079,2088,2115,2058,2030
2045,2057,2072,2079,2054,2118,2049,2024
2051,2058,2074,2071,2038,2110,2048,2032
2050,2067,2069,2058,2010,2050,2035,2041
2060,2067,2073,2050,1997,1982,2044,2047
2060,2075,2074,2057,2054,1999,2050,2047
2056,2069,2077,2054,2095,2036,2063,2045
2047,2066,2068,2052,2100,2065,2049,2049
2054,2051,2066,2043,2076,2050,2047,2060
2045,2048,2060,2034,2058,2043,2049,2061
2036,2040,2044,2040,2057,2045,2039,2059
2027,2028,2031,2034,2052,2033,2009,2064
2021,2017,2011,2010,2024,2022,2041,2064
2018,2013,1998,1997,2012,2020,2042,2067
2014,2007,1999,1998,2010,2013,2035,2066
2020,2005,2005,2008,2020,2014,2017,2063
2012,2012,2025,2026,2034,2026,2023,2070
2025,2030,2045,2043,2058,2040,2042,2081
2034,2047,2072,2059,2059,2049,2056,2073
2052,2061,2079,2071,2074,2056,2062,2075
2049,2054,2072,2078,2092,2056,2063,2066
2047,2041,2071,2082,2109,2058,2060,2057
2045,2040,2073,2079,2094,2056,2048,2051
2042,2037,2064,2071,2054,2055,2050,2049
2041,2043,2062,2076,2042,2056,2066,2046
2043,2038,2055,2080,2035,2042,2050,2046
2043,2040,2046,2076,2035,2038,2033,2032
2039,2041,2043,2076,2057,2043,2021,2025
2043,2046,2055,2087,2068,2051,2021,2037
2045,2044,2065,2086,2065,2076,2039,2027
2047,2043,2053,2067,2036,2066,2034,2022
2037,2040,2043,2059,2028,2040,2028,2024
2045,2046,2054,2050,2026,2036,2031,2026
2041,2035,2025,2010,2008,2024,2031,2026
2029,2021,2007,1980,2009,2026,2032,2030
2031,2031,2022,1993,2020,2034,2030,2032
2034,2037,2042,2013,2033,2041,2031,2027
2040,2044,2058,2022,2044,2041,2036,2040
2044,2048,2060,2034,2038,2049,2056,2045
2054,2053,2052,2046,2035,2044,2036,2047
2051,2059,2060,2049,2037,2042,2028,2050
2050,2073,2067,2054,2029,2038,2019,2061
2045,2059,2059,2042,1975,2042,2030,2058
2037,2056,2032,2022,1896,2040,2010,2047
2022,2044,2013,1994,1852,2020,1997,2035
2015,2033,1994,1965,1850,2018,2003,2038
2011,2034,2001,1996,1935,1970,2010,2067
2034,2053,2035,2062,2092,1964,2041,2092
2049,2067,2053,2074,2173,2032,2056,2099
2059,2069,2038,2055,2192,2093,2064,2084
2058,2065,2040,2036,2157,2109,2052,2082
2060,2064,2008,2000,2119,2096,2067,2070
2053,2050,1981,1992,2093,2085,2063,2060
2051,2046,1977,2003,2084,2069,2058,2053
2049,2042,1976,2013,2080,2062,2056,2050
2049,2042,1971,2020,2075,2064,2062,2052
2055,2041,1971,2018,2093,2068,2048,2047
2057,2044,1970,2020,2090,2067,2057,2043
2057,2050,1969,2025,2093,2060,2048,2042
2056,2041,1964,2022,2092,2055,2051,2036
2053,2045,1976,2021,2087,2048,2060,2032
2054,2043,1983,2007,2067,2039,2053,2036
2051,2048,1977,1998,2054,2032,2039,2023
2041,2035,1979,1999,2048,2035,2048,2017
2041,2043,2002,2010,2030,2043,2051,2023
2046,2045,2021,2004,1998,2033,2048,2027
2046,2046,2038,2005,1978,2025,2051,2023
2046,2051,2064,2034,2005,2043,2060,2039
2044,2065,2096,2072,2042,2052,2059,2040
2054,2071,2102,2092,2050,2056,2050,2041
2041,2063,2095,2100,2043,2049,2047,2054
2044,2067,2097,2100,2054,2041,2036,2055
2044,2075,2114,2100,2078,2042,2045,2056
2040,2077,2130,2098,2098,2038,2036,2064
2047,2076,2119,2100,2106,2045,2039,2063
2045,2072,2116,2088,2098,2042,2021,2062
2038,2066,2112,2071,2078,2038,2035,2061
2042,2061,2107,2062,2076,2039,2041,2066
2041,2056,2114,2059,2073,2034,2032,2064
2042,2052,2113,2052,2064,2024,2056,2073
2048,2060,2099,2048,2064,2032,2049,2073
2058,2074,2094,2040,2062,2025,2050,2067
2055,2058,2083,2038,2045,2039,2053,2060
2052,2065,2075,2033,2041,2049,2044,2048
2040,2058,2069,2040,2030,2043,2041,2049
2041,2054,2060,2031,2019,2034,2046,2045
2041,2053,2053,2039,2034,2002,2062,2044
2046,2052,2053,2052,2054,1996,2071,2047
2055,2055,2045,2059,2065,2005,2075,2050
2064,2058,2040,2063,2078,2028,2067,2059
2062,2063,2045,2056,2080,2077,2066,2046
2054,2054,2033,2054,2082,2133,2072,2032
2052,2059,2037,2045,2079,2128,2090,2029
2053,2063,2036,2046,2079,2101,2074,2022
2053,2061,2033,2039,2057,2067,2053,2015
2043,2035,2023,2034,2039,2049,2049,2012
2034,2030,2022,2037,2029,2032,2051,2020
2042,2039,2030,2037,2011,2026,2055,2026
2041,2049,2047,2039,2007,2037,2059,2024
2036,2052,2060,2036,2011,2048,2054,2025
2043,2059,2074,2061,2038,2069,2069,2034
2045,2068,2077,2062,2033,2089,2065,2034
2044,2058,2060,2046,2016,2112,2070,2036
2037,2047,2048,2031,1985,2117,2070,2027
2036,2043,2038,2029,1976,2130,2060,2033
2029,2038,2023,2015,1955,2100,2062,2050
2041,2039,2023,2023,1958,2031,2053,2060
2051,2044,2028,2039,1991,2032,2062,2070
2049,2045,2033,2034,2001,2015,2035,2070
2043,2045,2036,2048,2067,1994,2061,2077
2053,2056,2049,2079,2160,2021,2061,2073
2054,2049,2041,2087,2204,2054,2042,2071
2051,2042,2027,2075,2178,2072,2046,2066
2046,2045,2030,2062,2142,2054,2043,2062
2047,2047,2037,2054,2120,2041,2035,2047
2035,2049,2045,2055,2123,2037,2039,2043
2042,2047,2047,2053,2114,2045,2030,2042
2042,2052,2049,2052,2106,2057,2027,2041
2033,2054,2056,2057,2110,2065,2042,2036
2038,2065,2068,2048,2038,2057,2036,2041
2042,2070,2078,2047,2003,2054,2030,2035
2045,2073,2077,2061,2073,2066,2042,2036
2044,2068,2074,2064,2126,2065,2030,2027
2038,2057,2057,2056,2133,2052,2033,2018
2038,2045,2056,2035,2084,2040,2019,2008
2031,2046,2062,2028,2113,2035,2032,2007
2037,2058,2068,2046,2134,2036,2010,2005
2033,2054,2075,2052,2130,2031,2023,2010
2034,2051,2073,2051,2119,2044,2038,2021
2044,2058,2059,2056,2073,2042,2043,2022
2044,2057,2045,2050,1981,2040,2045,2026
2049,2054,2041,2040,1906,2039,2055,2039
2052,2065,2051,2042,1949,2048,2059,2038
2054,2071,2058,2036,1944,2042,2030,2030
2055,2064,2061,2036,1971,2046,2048,2032
2046,2064,2057,2044,2010,2058,2051,2038
2050,2066,2061,2044,2019,2060,2067,2040
2042,2057,2054,2038,2025,2053,2062,2041
2038,2058,2044,2030,2019,2055,2050,2038
2027,2038,2038,2021,2012,2069,2061,2045
2026,2039,2046,2018,2017,2078,2062,2050
2034,2045,2052,2028,2028,2087,2044,2049
2038,2054,2053,2034,2032,2055,2042,2056
2044,2051,2050,2044,2054,2002,2043,2074
2054,2052,2058,2051,2071,2018,2049,2075
2061,2067,2068,2058,2064,2037,2059,2068
2059,2065,2066,2053,2053,2042,2059,2069
2055,2061,2066,2050,2046,2052,2054,2059
2054,2073,2064,2048,2044,2051,2058,2052
2058,2063,2058,2049,2041,2048,2049,2052
2057,2059,2064,2055,2043,2053,2041,2036
2055,2057,2060,2061,2030,2047,2043,2031
2052,2062,2062,2052,2009,2035,2043,2022
2054,2053,2057,2050,2000,2021,2048,2024
2056,2052,2053,2044,2005,2032,2042,2031
2056,2049,2050,2034,2008,2044,2056,2020
2048,2046,2051,2044,2040,2070,2053,2020
2047,2057,2060,2073,2087,2100,2063,2023
2053,2057,2068,2080,2093,2092,2068,2022
2038,2047,2049,2067,2082,2084,2041,2009
2041,2046,2046,2062,2069,2074,2039,2012
2046,2052,2054,2066,2062,2064,2042,2011
2051,2057,2054,2066,2064,2045,2026,2020
2049,2059,2055,2069,2058,2017,2025,2026
2055,2051,2057,2068,2056,2037,2032,2020
2056,2056,2061,2077,2050,2049,2040,2027
2051,2053,2062,2072,2052,2060,2061,2024
2045,2053,2057,2075,2064,2068,2058,2024
2051,2047,2062,2084,2074,2077,2049,2027
2048,2050,2064,2086,2086,2079,2052,2034
2043,2051,2060,2075,2082,2084,2056,2042
2042,2042,2049,2064,2068,2092,2077,2041
2036,2038,2042,2044,2028,2094,2057,2046
2041,2042,2041,2034,1995,2062,2047,2041
2038,2033,2030,2022,1968,2046,2022,2046
2031,2024,2014,2014,1960,2045,2029,2055
2022,2027,2009,2016,1983,2008,2026,2060
2038,2035,2012,2018,2025,2024,2043,2051
2044,2033,2015,2037,2073,2063,2040,2052
2040,2031,2009,2042,2068,2079,2040,2037
2033,2025,2006,2031,2068,2060,2036,2037
2030,2024,1999,2037,2093,2062,2042,2046
2033,2017,1998,2037,2111,2063,2064,2040
2034,2025,2011,2052,2124,2056,2074,2045
2043,2038,2023,2059,2113,2035,2078,2031
2045,2038,2024,2058,2096,2010,2068,2024
2041,2042,2021,2060,2104,2008,2051,2025
2039,2051,2024,2065,2085,2005,2048,2021
2040,2049,2033,2062,2084,2013,2029,2011
2036,2049,2043,2071,2075,2020,2046,2010
2039,2051,2055,2073,2071,2029,2054,2012
2036,2047,2056,2064,2044,2027,2047,2011
2035,2053,2059,2052,2032,2027,2054,2018
2046,2069,2077,2063,2038,2035,2069,2027
2051,2070,2072,2058,2045,2033,2072,2032
2055,2072,2076,2061,2048,2024,2054,2038
2063,2072,2070,2059,2043,2022,2061,2040
2068,2059,2057,2049,2033,2014,2048,2048
2063,2055,2037,2032,2030,2011,2046,2047
2064,2060,2050,2032,2035,2005,2056,2043
2056,2064,2067,2032,2042,2009,2040,2042
2057,2070,2075,2034,2035,2014,2036,2055
2053,2077,2088,2039,2041,2036,2062,2062
2058,2084,2090,2044,2064,2061,2057,2064
2060,2083,2071,2026,2050,2078,2054,2070
2055,2069,2051,2020,2044,2095,2070,2068
2051,2054,2038,2021,2057,2091,2058,2071
2049,2044,2032,2026,2064,2071,2060,2070
2036,2041,2021,2036,2045,2071,2067,2069
2042,2050,2035,2048,2037,2110,2087,2070
2051,2054,2040,2037,2026,2153,2084,2057
2049,2054,2033,2032,1976,2103,2064,2053
2051,2052,2031,2025,1946,2045,2035,2040
2046,2057,2035,2017,1934,2025,2047,2043
2044,2060,2041,2032,1973,2015,2065,2041
2051,2059,2031,2038,2028,2060,2069,2037
2046,2051,2040,2056,2074,2071,2064,2041
2050,2062,2063,2078,2111,2038,2068,2043
2055,2065,2082,2095,2076,2015,2042,2036
2053,2062,2082,2100,2096,2025,2053,2029
2057,2058,2070,2101,2116,2046,2065,2028
2063,2053,2057,2093,2077,2053,2048,2024
2060,2050,2044,2075,2046,2054,2059,2026
2049,2040,2033,2065,2042,2047,2062,2021
2041,2041,2028,2057,2046,2061,2058,2016
2053,2048,2032,2067,2066,2080,2068,2018
2052,2047,2020,2057,1983,2075,2040,2021
2047,2040,2019,2074,2021,2082,2036,2025
2038,2042,2018,2092,2077,2059,2047,2028
2041,2034,2018,2093,2151,2031,2063,2019
2039,2032,2036,2097,2175,2027,2057,2034
2041,2031,2060,2094,2150,2036,2042,2033
2042,2048,2091,2096,2119,2036,2060,2034
2048,2060,2110,2088,2078,2031,2050,2043
2044,2055,2096,2058,2127,2044,2061,2045
2043,2036,2057,2027,2194,2074,2073,2045
2045,2034,2046,2013,2240,2099,2076,2058
2034,2036,2048,2020,2228,2102,2067,2055
2039,2040,2057,2047,2197,2105,2072,2058
2042,2045,2046,2055,2173,2080,2048,2059
2033,2036,2042,2066,2157,2072,2039,2061
2033,2045,2045,2064,2081,2074,2028,2052
2031,2045,2028,2027,1939,2054,2033,2037
2026,2031,2014,1968,1764,2009,2025,2028
2026,2037,2013,1959,1754,1955,2027,2038
2043,2038,2012,1980,1898,1943,2038,2051
2052,2044,2000,1982,2006,1985,2043,2052
2059,2034,1994,1985,2056,2030,2048,2053
2067,2033,1986,1977,2049,2039,2061,2038
2054,2037,1979,1984,2017,2038,2051,2031
2046,2048,2002,2016,2054,2060,2068,2032
2061,2065,2027,2054,2083,2076,2055,2028
2065,2070,2034,2063,2088,2061,2058,2028
2061,2072,2031,2050,2049,2050,2053,2021
2060,2054,2029,2033,1992,2033,2038,2014
2046,2041,2014,2021,1934,2016,2032,2009
2029,2028,2008,2030,1939,2028,2049,2009
2034,2029,2008,2057,1995,2056,2067,2024
2045,2038,2016,2063,2081,2076,2047,2027
2050,2041,2018,2073,2130,2082,2060,2038
2052,2041,2022,2064,2036,2060,2059,2043
2054,2050,2030,2059,1952,2051,2058,2046
2057,2053,2053,2070,1954,2045,2057,2044
2066,2063,2065,2082,1957,2033,2056,2050
2055,2056,2067,2081,2001,2030,2058,2053
2054,2045,2059,2090,2070,2025,2059,2057
2049,2040,2051,2091,2135,2046,2058,2056
2040,2040,2034,2083,2148,2079,2062,2060
2045,2035,2014,2054,2107,2091,2054,2052
2040,2024,1995,2018,2081,2086,2049,2061
2040,2024,1994,2024,2140,2040,2062,2080
2046,2026,2009,2032,2185,2035,2055,2085
2040,2030,2021,2049,2202,2061,2058,2075
2045,2047,2055,2066,2193,2061,2056,2079
2061,2064,2070,2066,2202,2057,2052,2071
2054,2064,2063,2074,2176,2048,2054,2063
2051,2045,2050,2044,2142,2033,2038,2049
2032,2028,2042,2017,1992,1995,2040,2039
2040,2043,2064,1998,1892,1959,2032,2038
2049,2048,2079,2000,1897,1972,2037,2037
2050,2053,2087,2019,2041,2029,2057,2038
2064,2076,2138,2070,2160,2085,2064,2051
2085,2103,2179,2072,2096,2064,2052,2054
2086,2105,2170,2014,1861,2022,2049,2038
2074,2084,2146,1988,1767,1998,2054,2033
2062,2068,2134,2049,1897,2005,2055,2031
2056,2061,2132,2116,1979,2045,2062,2019
2054,2063,2138,2136,1978,2097,2032,2000
2037,2050,2125,2115,1896,2124,2026,1994
2037,2054,2123,2076,1806,2073,2027,2010
2060,2073,2127,2069,1882,2059,2032,2030
2060,2070,2111,2055,2018,2004,2043,2045
2068,2075,2105,2076,2268,1999,2060,2073
2077,2077,2098,2111,2385,2019,2069,2067
2073,2068,2070,2070,2204,2051,2075,2050
2061,2048,2033,2066,2168,2089,2073,2041
2047,2034,2002,2068,2218,2099,2062,2023
2034,2020,1983,2042,2142,2098,2061,2026
2027,2019,1984,2035,2173,2088,2061,2036
2035,2028,1989,2036,2206,2074,2068,2051
2030,2023,1986,2004,2113,2062,2045,2039
2029,2020,1984,1999,2038,2060,2047,2058
2033,2036,1997,1988,2007,2058,2071,2066
2044,2039,2001,1983,1976,2041,2064,2068
2041,2031,1995,1972,1891,2014,2033,2071
2038,2029,1999,1969,1922,2005,2050,2072
2050,2047,2021,1981,1965,2013,2054,2075
2050,2043,2025,1975,1866,2015,2057,2068
2053,2045,2029,1972,1812,2020,2062,2061
2055,2052,2045,1998,2010,2039,2066,2056
2056,2063,2066,2019,2074,2058,2046,2051
2063,2064,2074,2013,2050,2064,2044,2043
2056,2057,2072,2018,2055,2055,2020,2036
2048,2054,2075,2029,2025,2049,2016,2019
2048,2050,2088,2071,2107,2085,2041,2018
2041,2055,2099,2123,2269,2131,2067,2022
2046,2059,2103,2128,2251,2128,2050,2021
2045,2057,2088,2081,2088,2072,2049,2018
2047,2063,2092,2068,1979,1992,2038,2031
2059,2063,2089,2070,1907,1953,2039,2033
2051,2065,2077,2065,1891,1967,2037,2031
2059,2067,2075,2060,1888,1995,2055,2042
2064,2076,2074,2065,1936,2056,2065,2040
2052,2068,2068,2067,2050,2124,2075,2043
2063,2074,2085,2090,2164,2180,2096,2054
2075,2089,2089,2089,2047,2194,2093,2056
2072,2080,2070,2065,2039,2178,2090,2050
2059,2070,2055,2082,2150,2147,2066,2046
2054,2060,2050,2093,2127,2075,2051,2043
2055,2060,2053,2092,2122,1973,2034,2055
2046,2050,2034,2036,2074,1902,2024,2041
2030,2035,2013,1972,1944,1897,2020,2041
2033,2041,2025,1969,1783,1931,2027,2055
2042,2044,2039,2045,1985,1991,2048,2058
2047,2053,2055,2076,2130,2029,2052,2062
2038,2043,2045,2059,2126,2038,2034,2051
2025,2021,2025,2041,2076,2034,2031,2044
2022,2017,2023,2046,2095,2050,2033,2042
2030,2019,2027,2072,2171,2081,2028,2045
2027,2021,2027,2066,2205,2089,2039,2046
2027,2028,2031,2065,2219,2076,2038,2045
2039,2043,2026,2035,2099,2024,2041,2043
2040,2042,2023,2016,1969,1996,2034,2045
2043,2059,2030,2028,1987,2009,2027,2045
2062,2065,2050,2062,2068,2039,2067,2048
2063,2066,2062,2086,2115,2075,2088,2053
2073,2067,2066,2096,2109,2082,2081,2043
2062,2056,2058,2085,2061,2050,2051,2039
2047,2039,2043,2076,2065,2024,2036,2027
2043,2045,2053,2088,2083,2015,2038,2020
2048,2054,2065,2097,2138,2043,2055,2021
2058,2058,2061,2105,2071,2051,2055,2010
2050,2039,2027,2098,2025,2059,2023,2000
2049,2023,2002,2072,1969,2041,2002,2002
2066,2031,1997,2066,1945,2034,2024,2004
2068,2034,1993,2087,2026,2052,2023,2006
2056,2041,1999,2114,2096,2046,2009,1993
2033,2022,1998,2084,2022,2004,1993,1994
2025,2021,1996,2071,2002,2002,2004,2007
2027,2032,2000,2079,2025,2046,2026,2026
2029,2041,2009,2059,1997,2060,2037,2043
2035,2048,2031,2056,1989,2068,2025,2051
2045,2060,2049,2027,1973,2039,2016,2062
2059,2069,2072,2033,1969,2008,2038,2084
2064,2080,2095,2054,2052,2039,2056,2082
2063,2083,2109,2065,2148,2084,2056,2084
2057,2071,2100,2079,2184,2125,2057,2086
2053,2066,2098,2092,2268,2164,2060,2088
2043,2054,2084,2097,2372,2164,2059,2083
2039,2054,2081,2093,2336,2146,2057,2088
2053,2084,2109,2123,2337,2142,2051,2098
2067,2098,2117,2089,2262,2113,2060,2102
2076,2099,2111,2053,2145,2098,2078,2107
2079,2096,2097,2031,2034,2074,2053,2083
2078,2081,2071,1972,1830,2047,2042,2075
2066,2072,2065,1961,1647,2012,2032,2053
2053,2056,2054,1957,1574,1966,2024,2030
2044,2059,2054,1960,1678,1965,2013,2028
2046,2061,2062,2010,1842,2007,2023,2042
2058,2073,2080,2108,2190,2083,2039,2046
2059,2064,2083,2156,2324,2141,2040,2019
2037,2044,2068,2110,2196,2160,2046,2014
2033,2042,2047,2043,1993,2096,2026,2000
2022,2027,2028,1966,1747,1972,1997,1986
2009,2012,2009,1932,1808,1867,1978,1989
2015,2024,2026,1977,2046,1881,1994,2010
2046,2047,2051,2061,2173,1980,2038,2021
2056,2057,2068,2047,1890,2001,2054,2031
2059,2065,2073,2030,1779,2023,2055,2038
2070,2067,2064,2010,1763,2042,2055,2048
2064,2065,2050,1987,1710,2033,2034,2041
2049,2051,2036,1969,1770,2044,2044,2054
2048,2049,2038,1987,1873,2066,2078,2057
2054,2043,2027,1973,1894,2068,2076,2064
2056,2035,2018,1998,2184,2065,2060,2056
2043,2026,2017,2052,2414,2065,2060,2047
2033,2015,2010,2065,2459,2069,2036,2047
2032,2010,2014,2070,2385,2024,2033,2050
2037,2001,2015,2070,2206,1983,2005,2047
2032,2002,2009,2064,2107,1934,1971,2037
2025,2003,2008,2019,1948,1896,1973,2037
2021,2002,2012,2013,1898,1918,1999,2052
2034,2023,2034,2035,1958,1989,2029,2054
2036,2038,2046,2045,2008,2065,2045,2049
2031,2042,2048,2028,1974,2089,2043,2035
2031,2032,2038,2020,1957,2078,2045,2029
2040,2032,2040,2032,2025,2053,2056,2041
2046,2038,2043,2035,2074,2036,2040,2044
2052,2038,2039,2037,2075,2026,2034,2038
2051,2036,2039,2042,2115,2054,2055,2042
2046,2031,2036,2068,2249,2108,2074,2043
2048,2035,2042,2096,2328,2126,2070,2047
2061,2049,2053,2119,2345,2130,2079,2049
2066,2064,2071,2132,2302,2131,2081,2052
2073,2066,2066,2132,2264,2140,2085,2056
2067,2065,2046,2135,2207,2126,2066,2048
2062,2055,2030,2078,2034,2058,2057,2035
2043,2029,2002,2030,2049,2037,2026,2023
2044,2037,2005,2050,2117,2069,2047,2029
2047,2042,2010,2074,2117,2138,2050,2027
2053,2047,2019,2067,2066,2176,2055,2034
2058,2055,2024,2058,1977,2141,2076,2042
2061,2060,2028,2030,1950,2104,2087,2068
2072,2074,2040,2048,2078,2102,2108,2088
2084,2068,2025,2020,1971,2084,2093,2083
2071,2053,2021,1993,1791,2082,2084,2075
2067,2051,2035,2030,1779,2112,2102,2081
2076,2056,2038,2072,1815,2134,2105,2075
2060,2055,2044,2106,2043,2148,2088,2073
2042,2037,2044,2091,2124,2111,2050,2062
2033,2031,2044,2069,1917,2016,2046,2062
2031,2030,2046,2039,1779,1920,2026,2058
2033,2018,2036,2019,1846,1888,2015,2048
2026,2005,2019,2003,1899,1903,1976,2041
2019,2002,2018,2004,2027,1914,1980,2042
2016,2004,2027,2025,2198,1961,1994,2040
2025,2013,2064,2081,2256,2016,2007,2037
2046,2039,2115,2110,2210,2028,2006,2038
2048,2037,2120,2098,2164,2035,1996,2034
2030,2028,2101,2080,2145,2032,2005,2039
2045,2042,2104,2092,2138,2007,2017,2048
2064,2050,2099,2095,2115,2021,2009,2034
2050,2053,2088,2082,2081,2045,2007,2022
2045,2050,2068,2072,2052,2037,2011,2020
2037,2038,2056,2060,2036,2004,2017,2015
2046,2039,2031,2060,2012,1981,1985,2022
2051,2046,2031,2072,1994,1938,1995,2042
2072,2057,2031,2088,1976,1923,2018,2040
2062,2051,2013,2075,1954,1973,2005,2022
2042,2030,1988,2063,1977,2016,2008,2026
2044,2032,1987,2066,1978,2053,2057,2031
2049,2029,1979,2058,1956,2060,2046,2026
2040,2021,1965,2028,1943,2058,2049,2026
2041,2009,1957,2014,1951,2013,2033,2037
2035,2010,1948,2000,1933,1972,2041,2041
2034,2005,1948,1999,1972,1958,2018,2033
2028,1997,1953,2001,2006,1979,2018,2023
2027,2006,1978,2010,2041,2011,2013,2032
2040,2022,2010,2041,2042,2031,2044,2047
2043,2032,2033,2047,2026,2051,2065,2050
2041,2028,2051,2032,2028,2077,2049,2054
2033,2026,2066,2016,2047,2061,2023,2049
2025,2022,2062,2006,2079,2026,2020,2057
2024,2020,2062,2010,2133,2036,2044,2075
2041,2045,2086,2034,2146,2080,2057,2084
2047,2058,2102,2048,2134,2094,2053,2084
2050,2064,2102,2053,2108,2091,2057,2085
2058,2069,2093,2047,2083,2082,2053,2085
2060,2069,2089,2048,2082,2070,2062,2083
2066,2066,2077,2054,2097,2059,2056,2078
2062,2069,2075,2054,2090,2036,2033,2072
2061,2060,2074,2069,2075,2035,2034,2064
2062,2057,2074,2076,2076,2024,2024,2054
2058,2047,2068,2083,2081,2033,2035,2042
2048,2042,2061,2080,2084,2042,2020,2035
2044,2036,2063,2083,2082,2042,2023,2033
2045,2032,2057,2086,2080,2022,2005,2026
2038,2028,2049,2088,2083,2015,2013,2029
2040,2036,2047,2096,2089,2035,2021,2026
2044,2027,2042,2101,2092,2041,2027,2024
2040,2011,2033,2093,2068,2033,2015,2009
2029,1999,2005,2074,2058,2035,2030,2005
2020,1996,1991,2070,2048,2040,2017,2014
2024,1996,1982,2051,2042,2036,2044,2026
2024,2003,1976,2042,2030,2027,2027,2036
2032,2024,1987,2033,2025,2030,2038,2039
2049,2036,1990,2032,2023,2038,2030,2043
2053,2050,2004,2029,2009,2053,2048,2052
2062,2063,2031,2038,2016,2059,2075,2057
2066,2072,2055,2039,2018,2057,2073,2055
2063,2077,2067,2043,2014,2067,2061,2051
2072,2074,2063,2028,2014,2097,2075,2057
2062,2072,2062,2029,2029,2096,2068,2061
2060,2064,2060,2025,2008,2042,2045,2056
2040,2049,2044,2025,1998,2016,2040,2052
2035,2035,2017,2020,2020,2035,2028,2050
2036,2027,2019,2053,2083,2042,2032,2050
2031,2026,2034,2063,2117,2048,2028,2052
2023,2022,2031,2061,2109,2047,2035,2065
2038,2044,2037,2073,2097,2031,2030,2067
2045,2054,2045,2083,2136,2028,2023,2066
2054,2055,2052,2088,2176,2029,2016,2064
2057,2061,2060,2096,2222,2028,2009,2069
2060,2059,2061,2095,2231,2031,2026,2062
2059,2048,2049,2084,2103,2025,2041,2057
2061,2050,2038,2065,1993,2046,2048,2053
2061,2055,2047,2068,2031,2086,2048,2045
2059,2047,2047,2062,2024,2109,2054,2036
2055,2048,2050,2027,1936,2092,2058,2032
2051,2037,2049,2018,1974,2096,2051,2030
2046,2024,2048,2030,2001,2078,2045,2027
2046,2028,2055,2036,2012,2060,2016,2023
2047,2047,2080,2060,2062,2048,2035,2017
2046,2051,2078,2057,2053,2034,2030,2018
2043,2042,2066,2038,2031,2015,2022,2018
2044,2048,2062,2036,2006,2014,2042,2021
2049,2047,2056,2028,2021,2016,2034,2028
2049,2056,2065,2048,2039,2025,2037,2025
2059,2068,2084,2063,2051,2048,2064,2034
2065,2079,2090,2077,2055,2061,2048,2040
2066,2078,2090,2086,2049,2049,2035,2047
2064,2070,2072,2076,2038,2039,2038,2052
2056,2059,2053,2052,2035,2034,2030,2050
2059,2052,2041,2034,2042,2026,2050,2055
2053,2047,2050,2039,2054,2031,2038,2050
2045,2044,2046,2046,2073,2027,2036,2052
2042,2042,2051,2040,2050,2024,2036,2061
2054,2047,2055,2047,2046,2029,2048,2065
2058,2045,2057,2056,2045,2034,2040,2068
2053,2032,2056,2054,2043,2022,2037,2072
2047,2031,2055,2056,2029,2028,2030,2076
2047,2031,2056,2058,2032,2036,2049,2075
2043,2030,2064,2066,2039,2034,2021,2064
2034,2029,2069,2066,2033,2034,2020,2046
2037,2022,2070,2076,2069,2036,2015,2046
2045,2022,2070,2088,2091,2033,2052,2046
2044,2014,2073,2101,2101,2024,2042,2033
2033,2027,2078,2110,2106,2023,2015,2024
2037,2028,2069,2106,2135,2030,2022,2020
2045,2030,2065,2118,2171,2054,2039,2025
2050,2035,2067,2120,2180,2084,2052,2028
2042,2046,2060,2106,2115,2106,2046,2023
2048,2045,2052,2066,1982,2095,2044,2019
2047,2047,2052,2065,2016,2091,2056,2027
2053,2053,2056,2067,2049,2072,2053,2020
2050,2031,2028,2020,1958,2037,2020,2011
2045,2016,2011,1988,1889,2027,2037,2015
2056,2026,2031,2022,1967,2050,2050,2025
2061,2035,2037,2033,1992,2057,2026,2022
2067,2030,2052,2045,2006,2055,2027,2022
2060,2037,2076,2067,2013,2042,2045,2032
2046,2040,2085,2078,2011,2042,2027,2033
2041,2044,2079,2079,2004,2032,2032,2021
2043,2039,2065,2079,1996,2035,2041,2025
2047,2038,2043,2085,2036,2069,2059,2040
2053,2048,2035,2104,2080,2103,2086,2049
2047,2050,2034,2108,2071,2110,2093,2056
2044,2044,2038,2096,2057,2085,2080,2058
2042,2044,2036,2094,2050,2065,2068,2060
2047,2051,2029,2097,2053,2078,2071,2068
2046,2052,2033,2099,2109,2091,2065,2070
2049,2041,2022,2075,2153,2099,2034,2074
2041,2044,2033,2062,2206,2105,2055,2082
2052,2053,2049,2043,2227,2088,2060,2076
2058,2064,2056,2019,2204,2076,2053,2078
2064,2078,2064,2010,2104,2076,2050,2081
2060,2068,2046,2003,2025,2064,2059,2065
2061,2059,2030,1996,1947,2060,2027,2050
2058,2052,2015,1999,1916,2095,2024,2035
2050,2041,2008,2008,1963,2128,2030,2032
2051,2048,2003,2039,2078,2126,2027,2026
2054,2049,2012,2080,2167,2041,2030,2037
2060,2053,2020,2114,2280,2007,2037,2043
2063,2049,2011,2116,2251,2026,2033,2026
2059,2040,2008,2073,2040,2011,2041,2019
2053,2029,1984,2007,1921,1982,2023,2010
2045,2028,1973,2000,1935,1972,2014,2003
2043,2015,1974,2004,1886,1960,2010,2003
2036,2014,1985,2019,1949,1987,2021,2015
2046,2031,2004,2076,2037,2028,2039,2027
2056,2041,2029,2077,2040,2031,2033,2024
2052,2046,2054,2070,2025,2025,2036,2029
2054,2049,2059,2056,2008,2025,2030,2033
2049,2040,2067,2055,1977,2024,2035,2026
2044,2038,2078,2052,1987,2013,2039,2033
2039,2036,2094,2072,2045,2021,2031,2033
2042,2043,2112,2089,2106,2036,2033,2041
2047,2036,2111,2094,2105,2042,2037,2043
2037,2037,2083,2085,2071,2055,2024,2047
2034,2025,2055,2073,2067,2090,2045,2051
2022,2012,2025,2059,2052,2109,2065,2057
2023,2016,2019,2065,2054,2131,2061,2066
2037,2044,2030,2087,2093,2154,2065,2070
2043,2041,2027,2081,2106,2119,2058,2076
2044,2040,2019,2075,2094,2077,2045,2083
2046,2040,2007,2046,2067,2061,2038,2082
2052,2040,2006,2035,2037,2058,2053,2077
2057,2045,2019,2034,2041,2048,2046,2065
2052,2041,2020,2021,2016,2004,2047,2053
2041,2035,2016,1994,1975,1970,2033,2047
2038,2049,2036,2010,2020,1988,2033,2043
2052,2073,2081,2038,2051,2006,2042,2054
2065,2087,2126,2044,2031,2016,2023,2045
2066,2091,2124,2029,2023,2041,2047,2044
2066,2092,2124,2034,2029,2068,2060,2045
2059,2078,2108,2019,1982,2059,2045,2044
2058,2067,2096,2026,2035,2061,2047,2034
2056,2059,2080,2029,2101,2061,2053,2027
2054,2058,2081,2034,2048,2066,2041,2024
2056,2060,2077,2031,2013,2058,2053,2023
2055,2067,2076,2038,2014,2058,2053,2025
2060,2066,2077,2045,2041,2058,2051,2030
2059,2061,2078,2043,2028,2046,2028,2027
2057,2059,2065,2044,2005,2026,2045,2030
2054,2054,2062,2044,2003,2025,2035,2037
2054,2054,2060,2045,2020,2044,2053,2037
2055,2052,2057,2046,2048,2061,2052,2041
2048,2048,2050,2050,2051,2061,2047,2046
2048,2050,2068,2061,2051,2045,2054,2063
2058,2060,2077,2068,2038,2031,2048,2067
2056,2059,2068,2055,2040,2062,2044,2053
2048,2048,2062,2042,2069,2079,2042,2054
2042,2056,2054,2036,2039,2071,2040,2052
2040,2057,2059,2025,1958,2044,2011,2057
2046,2060,2061,2025,1984,2022,2033,2060
2049,2056,2062,2052,2066,2021,2014,2058
2047,2046,2056,2039,2036,2060,2039,2057
2051,2045,2046,2022,1963,2068,2025,2065
2052,2047,2036,2012,1944,2068,2041,2063
2051,2050,2045,2021,1951,2076,2058,2063
2060,2047,2053,2037,1962,2043,2037,2066
2064,2056,2053,2038,2006,2027,2055,2064
2053,2070,2063,2038,2033,2015,2069,2064
2069,2073,2070,2056,2082,2013,2060,2060
2064,2067,2067,2052,2118,2027,2057,2046
2051,2055,2054,2057,2177,2052,2052,2044
2050,2057,2052,2081,2168,2048,2036,2028
2046,2053,2053,2084,2113,2049,2047,2024
2043,2048,2046,2080,2088,2051,2047,2010
2044,2042,2042,2066,2073,2054,2037,2005
2039,2042,2045,2078,2084,2059,2048,2009
2041,2037,2038,2075,2097,2054,2049,2002
2031,2026,2030,2061,2090,2053,2023,1998
2031,2027,2038,2074,2099,2061,2038,2006
2041,2032,2026,2067,2052,2038,2046,2008
2044,2029,2030,2051,1998,2021,2042,2009
2039,2024,2024,2033,1992,1992,2041,2014
2044,2027,2027,2053,2068,2007,2053,2028
2057,2042,2045,2090,2174,2061,2064,2038
2065,2048,2055,2111,2216,2091,2089,2049
2055,2047,2046,2097,2186,2103,2082,2052
2049,2043,2045,2109,2202,2102,2082,2060
2042,2043,2044,2100,2152,2070,2057,2059
2041,2047,2052,2073,2077,2046,2055,2059
2047,2050,2058,2060,2064,2037,2053,2067
2049,2049,2057,2037,1958,2032,2048,2070
2049,2047,2050,2030,1931,2041,2061,2072
2048,2046,2046,2047,1971,2038,2041,2061
2032,2032,2042,2054,2024,2057,2031,2055
2034,2031,2045,2075,2088,2079,2053,2056
2036,2037,2044,2079,2068,2092,2052,2057
2041,2037,2043,2069,2051,2087,2051,2051
2043,2041,2048,2063,2032,2052,2050,2053
2056,2042,2048,2059,2046,2039,2054,2052
2056,2046,2046,2042,2072,2036,2043,2051
2057,2048,2050,2040,2054,2035,2046,2043
2059,2054,2057,2058,2072,2057,2060,2043
2058,2059,2059,2050,2065,2068,2054,2038
2060,2062,2055,2050,2070,2067,2025,2037
2061,2056,2050,2050,2058,2054,2058,2038
2060,2056,2044,2058,2064,2047,2051,2039
2058,2054,2054,2058,2067,2042,2056,2030
2058,2058,2052,2056,2054,2045,2044,2031
2053,2058,2055,2043,2045,2033,2038,2025
2050,2047,2044,2047,2003,2032,2039,2015
2044,2045,2047,2041,1982,2046,2031,2019
2051,2050,2045,2039,1973,2044,2031,2020
2045,2049,2048,2035,1978,2046,2040,2012
2044,2047,2037,2040,1985,2047,2055,2018
2054,2041,2044,2052,2022,2054,2062,2025
2062,2048,2050,2058,2036,2060,2064,2045
2069,2049,2040,2048,2029,2072,2061,2049
2063,2052,2035,2055,2073,2071,2076,2058
2064,2056,2038,2072,2158,2065,2064,2054
2051,2053,2037,2074,2184,2053,2043,2043
2050,2045,2029,2085,2153,2057,2049,2049
2056,2046,2035,2085,2120,2063,2040,2063
2056,2051,2030,2088,2123,2066,2041,2074
2059,2048,2023,2095,2134,2065,2053,2070
2049,2043,2019,2095,2107,2057,2043,2064
2033,2031,2010,2092,2157,2077,2043,2056
2038,2031,2020,2091,2167,2091,2043,2067
2041,2036,2036,2064,2042,2056,2053,2067
2035,2029,2051,2049,2080,2023,2060,2062
2042,2041,2061,2066,2249,2041,2056,2057
2052,2052,2072,2071,2186,2037,2053,2055
2055,2055,2084,2056,2055,2019,2040,2048
2054,2053,2082,2018,1924,1969,2004,2031
2044,2038,2061,1970,1707,1940,2010,2022
2036,2038,2065,1996,1776,1975,2014,2015
2039,2046,2081,2055,1922,2010,2017,2010
2043,2046,2084,2083,2013,2036,2006,2012
2048,2051,2074,2085,2052,2055,2030,2010
2048,2056,2080,2088,2065,2058,2051,2012
2063,2068,2082,2089,2051,2048,2044,2014
2063,2061,2064,2064,2025,2032,2025,2015
2047,2044,2029,2036,2033,2020,2028,2007
2043,2031,2006,2044,2121,2055,2040,2011
2055,2043,2002,2074,2213,2075,2050,2024
2061,2050,2008,2066,2188,2081,2064,2017
2068,2053,1998,2054,2155,2075,2067,2022
2060,2050,2001,2046,2127,2058,2051,2022
2058,2044,2004,2048,2111,2054,2055,2020
2053,2044,2010,2051,2120,2064,2056,2024
2055,2051,2016,2059,2160,2085,2054,2019
2054,2046,2021,2040,1983,2081,2056,2031
2052,2048,2041,2030,1959,2101,2062,2036
2063,2049,2059,2065,2077,2129,2070,2051
2055,2045,2066,2100,2154,2142,2054,2058
2056,2046,2059,2103,2158,2136,2060,2060
2052,2040,2044,2079,2121,2086,2050,2061
2050,2035,2030,2056,2070,2056,2025,2047
2039,2029,2022,2028,1955,2036,2021,2048
2043,2033,2041,2013,1927,2006,2030,2058
2044,2043,2058,2019,1985,1997,2038,2050
2044,2052,2076,2022,1996,1984,2034,2045
2055,2068,2091,2028,1953,1981,2038,2045
2056,2068,2091,2030,1952,2000,2037,2043
2056,2064,2080,2031,1998,2019,2045,2043
2058,2064,2075,2031,2024,2038,2024,2040
2064,2075,2074,2032,2028,2036,2036,2038
2072,2070,2078,2022,2026,2035,2049,2040
2071,2067,2062,2014,2030,2039,2047,2037
2065,2054,2061,2021,2054,2043,2054,2035
2061,2061,2069,2041,2065,2045,2036,2031
2055,2065,2073,2056,2053,2052,2068,2024
2054,2058,2063,2048,2039,2068,2065,2024
2058,2060,2066,2052,2018,2062,2063,2019
2056,2055,2057,2028,1950,2046,2047,2018
2057,2051,2055,2044,2018,2047,2056,2021
2063,2060,2057,2063,2078,2058,2043,2027
2060,2052,2057,2063,2051,2044,2055,2026
2063,2053,2051,2061,2027,2039,2048,2028
2059,2044,2049,2054,2005,2049,2028,2026
2051,2037,2044,2034,1980,2053,2022,2020
2046,2040,2045,2045,2017,2082,2030,2023
2051,2050,2045,2055,2074,2085,2059,2027
2052,2048,2044,2066,2089,2076,2058,2041
2049,2054,2046,2063,2070,2069,2076,2051
2054,2055,2047,2065,2038,2049,2051,2054
2057,2046,2043,2065,2046,2036,2046,2056
2056,2040,2033,2066,2034,2027,2055,2059
2054,2042,2029,2061,2004,2014,2063,2063
2049,2035,2026,2056,2000,1988,2048,2059
2039,2017,2009,2035,1992,1973,2044,2072
2040,2014,2012,2052,2037,1999,2049,2077
2050,2030,2032,2072,2099,2024,2053,2064
2058,2044,2050,2081,2093,2035,2063,2064
2055,2044,2052,2083,2099,2041,2065,2065
2058,2051,2056,2083,2124,2040,2064,2052
2061,2051,2041,2080,2111,2036,2064,2045
2057,2043,2029,2060,2093,2036,2032,2043
2042,2040,2026,2037,2107,2036,2042,2034
2046,2042,2042,2048,2084,2043,2037,2032
2060,2054,2069,2057,2060,2053,2042,2034
2055,2060,2088,2058,2028,2046,2046,2029
2058,2058,2088,2049,2000,2020,2021,2033
2055,2048,2076,2053,2012,2029,2054,2032
2053,2044,2070,2040,2002,2060,2054,2025
2053,2037,2065,2049,2027,2064,2046,2019
2051,2036,2068,2049,2042,2068,2053,2020
2052,2035,2066,2057,2042,2053,2043,2024
2055,2046,2068,2070,2084,2060,2057,2021
2053,2054,2075,2075,2102,2059,2057,2021
2053,2055,2065,2067,2092,2061,2070,2022
2046,2044,2058,2064,2093,2061,2057,2032
2046,2044,2051,2067,2105,2069,2057,2035
2045,2048,2044,2051,2098,2072,2052,2035
2048,2046,2047,2039,2080,2072,2071,2039
2050,2051,2056,2031,2028,2069,2042,2052
2047,2052,2045,2001,1893,2060,2051,2062
2051,2041,2038,1999,1933,2062,2054,2065
2057,2043,2039,2011,1992,2055,2050,2060
2058,2047,2049,2020,2061,2059,2047,2061
2056,2053,2050,2035,2067,2059,2053,2073
2064,2061,2058,2033,2039,2049,2061,2080
2061,2051,2047,2024,2025,2041,2055,2068
2046,2041,2035,2023,2031,2033,2017,2066
2045,2040,2042,2031,2053,2045,2033,2064
2052,2041,2039,2038,2057,2055,2039,2063
2049,2043,2040,2040,2052,2062,2054,2058
2049,2043,2043,2032,2048,2061,2038,2063
2050,2048,2044,2036,2044,2056,2073,2057
2060,2056,2042,2043,2039,2049,2045,2047
2057,2059,2049,2038,2018,2055,2046,2043
2053,2052,2055,2036,2028,2051,2028,2039
2059,2054,2053,2049,2043,2056,2039,2042
2060,2050,2054,2051,2054,2059,2052,2041
2057,2055,2051,2044,2044,2047,2047,2035
2059,2050,2053,2039,2037,2037,2044,2026
2053,2043,2053,2036,2028,2034,2035,2018
2048,2038,2043,2027,2029,2034,2046,2022
2055,2033,2041,2028,2026,2024,2031,2011
2040,2032,2038,2029,2029,2032,2042,2016
2049,2034,2040,2034,2035,2037,2047,2024
2056,2042,2032,2035,2042,2040,2044,2027
2058,2050,2053,2051,2047,2045,2051,2035
2055,2060,2077,2062,2049,2051,2051,2039
2056,2054,2081,2058,2052,2051,2056,2032
2060,2050,2078,2066,2052,2050,2057,2044
2054,2051,2059,2064,2064,2054,2068,2048
2054,2050,2050,2064,2061,2056,2052,2056
2053,2047,2041,2060,2059,2051,2056,2057
2051,2040,2032,2048,2060,2051,2044,2052
2044,2039,2032,2042,2056,2050,2047,2060
2051,2046,2030,2043,2044,2051,2047,2062
2050,2045,2039,2043,2041,2052,2054,2070
2054,2051,2046,2044,2034,2050,2080,2078
2064,2047,2052,2041,2022,2034,2067,2076
2048,2031,2038,2032,2007,2025,2063,2074
2044,2034,2042,2031,2004,2023,2053,2074
2052,2043,2046,2031,1997,2024,2044,2070
2054,2039,2041,2024,1995,2035,2051,2054
2050,2043,2042,2037,2017,2045,2066,2055
2052,2055,2049,2046,1993,2071,2044,2051
2052,2054,2049,2029,1964,2096,2053,2045
2050,2045,2038,2014,1923,2123,2048,2030
2049,2035,2025,1990,1855,2125,2035,2019
2047,2030,2020,1995,1869,2054,2026,2036
2052,2040,2034,2011,1930,1973,2029,2048
2058,2042,2038,2046,2065,1944,2049,2063
2056,2043,2041,2053,2177,1978,2062,2051
2049,2031,2033,2062,2271,2080,2094,2034
2054,2034,2031,2077,2305,2111,2085,2031
2052,2039,2027,2060,2231,2090,2081,2020
2040,2024,2022,2053,2202,2102,2042,2007
2034,2015,2022,2020,2105,2097,2067,2009
2036,2021,2025,2004,2028,2104,2040,2016
2040,2026,2028,2005,2013,2085,2022,2018
2041,2027,2046,2032,2062,2004,2031,2037
2053,2042,2079,2084,2163,1973,2043,2052
2058,2053,2091,2107,2170,2030,2062,2054
2061,2047,2084,2080,1980,2045,2053,2053
2051,2042,2064,2062,1942,2040,2069,2059
2052,2044,2062,2088,2026,2029,2059,2052
2046,2034,2050,2107,2097,2022,2073,2049
2054,2026,2044,2114,2166,2048,2059,2056
2047,2028,2037,2090,2098,2045,2060,2058
2040,2030,2039,2062,1923,2023,2052,2058
2040,2041,2059,2052,1906,2023,2052,2057
2041,2039,2067,2068,2049,2030,2039,2052
2029,2029,2057,2076,2122,2035,2051,2045
2028,2028,2063,2080,2114,2040,2046,2047
2029,2042,2071,2070,2049,2014,2038,2059
2042,2054,2077,2046,2017,2012,2048,2060
2051,2054,2068,2037,2039,2022,2046,2060
2053,2058,2061,2028,2058,2022,2053,2054
2055,2052,2049,2014,2049,2010,2050,2047
2058,2057,2062,2009,1997,2034,2073,2057
2074,2070,2064,2042,2059,2072,2072,2053
2064,2070,2063,2053,2090,2085,2060,2034
2052,2057,2048,2051,2129,2085,2065,2033
2057,2060,2040,2047,2110,2077,2068,2032
2056,2068,2029,2045,2114,2074,2065,2027
2056,2062,2032,2027,2104,2070,2052,2026
2049,2058,2022,2001,2021,2022,2058,2026
2056,2054,2014,1997,2015,2025,2049,2025
2051,2050,2012,2007,2043,2045,2033,2030
2060,2057,2023,2019,2030,2056,2043,2038
2065,2070,2037,2026,2028,2059,2066,2034
2059,2061,2031,2028,2030,2073,2060,2034
2057,2060,2026,2021,1966,2072,2047,2028
2050,2047,2018,2017,1970,2064,2067,2026
2048,2044,2021,2018,1983,2060,2036,2032
2047,2042,2029,2011,1982,2035,2037,2031
2045,2046,2040,2002,1978,2020,2038,2037
2043,2045,2048,2013,2005,2026,2056,2048
2050,2054,2070,2058,2088,2042,2078,2055
2048,2056,2084,2054,2069,2064,2062,2047
2046,2046,2076,2036,2015,2069,2054,2049
2042,2042,2076,2028,1972,2076,2036,2054
2041,2043,2074,2022,1946,2062,2032,2053
2043,2047,2070,2028,1974,2018,2048,2077
2045,2046,2067,2054,2030,2002,2051,2079
2049,2041,2058,2057,2056,2016,2045,2079
2049,2049,2054,2052,2053,2042,2053,2081
2054,2051,2057,2054,2094,2057,2076,2071
2060,2060,2051,2054,2114,2065,2062,2066
2062,2060,2046,2045,2111,2040,2039,2062
2058,2053,2037,2049,2109,2033,2028,2056
2055,2051,2038,2048,2110,2035,2033,2040
2052,2044,2040,2053,2082,2027,2057,2032
2049,2049,2049,2063,2088,2038,2060,2033
2050,2052,2050,2057,2086,2036,2041,2032
2050,2045,2040,2046,2098,2023,2051,2033
2049,2038,2037,2043,2086,2029,2042,2033
2047,2028,2024,2027,2092,2025,2039,2025
2037,2029,2029,2043,2122,2032,2051,2032
2048,2036,2031,2034,2012,2037,2044,2024
2045,2027,2032,2027,1969,2044,2031,2026
2049,2038,2051,2056,2010,2052,2057,2029
2056,2055,2072,2063,2015,2057,2048,2026
2050,2052,2066,2065,2086,2053,2026,2019
2046,2049,2066,2069,2126,2040,2026,2019
2043,2044,2061,2057,2088,2034,2035,2031
2048,2042,2053,2047,2056,2022,2014,2030
2046,2038,2043,2045,2046,2019,2020,2032
2047,2041,2032,2044,2078,2040,2014,2038
2042,2032,2020,2052,2081,2053,2022,2043
2040,2029,2006,2047,2062,2056,2026,2046
2038,2031,2003,2042,2037,2053,2031,2053
2037,2039,2012,2050,2037,2049,2030,2062
2044,2040,2018,2052,2047,2053,2041,2067
2053,2051,2026,2063,2052,2066,2050,2076
2054,2049,2025,2057,2062,2065,2054,2082
2051,2038,2004,2048,2064,2058,2058,2081
2047,2021,1994,2038,2071,2054,2034,2080
2052,2021,1995,2039,2071,2052,2021,2065
2050,2023,2001,2046,2051,2046,2016,2058
2050,2041,2034,2060,2055,2061,2014,2059
2051,2053,2051,2063,2059,2064,2036,2054
2041,2048,2053,2050,2038,2066,2035,2053
2040,2045,2057,2056,2045,2097,2050,2053
2050,2058,2076,2066,2021,2112,2063,2059
2053,2065,2080,2063,1985,2112,2080,2062
2048,2063,2073,2054,2004,2124,2060,2058
2045,2054,2069,2038,2003,2120,2062,2053
2047,2059,2074,2022,1973,2066,2052,2036
2046,2062,2068,2010,1982,1991,2036,2029
2052,2056,2071,2019,2011,1986,2039,2029
2051,2054,2075,2029,2043,2002,2064,2025
2059,2063,2081,2062,2124,2030,2052,2024
2050,2063,2087,2062,2139,2040,2057,2023
2047,2059,2079,2039,2078,2033,2081,2032
2053,2060,2068,2037,2082,2048,2074,2034
2053,2056,2065,2037,2072,2050,2058,2029
2047,2061,2069,2033,2049,2024,2057,2033
2045,2060,2065,2027,2035,2015,2054,2035
2041,2056,2053,2018,2034,2004,2057,2034
2046,2047,2045,2020,2033,2010,2042,2040
