CH1,CH2,CH3,CH4,CH5,CH6,CH7,CH8
2021,2009,2019,1996,1908,2017,2016,2071
2031,2022,2037,2029,1950,2031,2041,2069
2043,2030,2045,2038,1968,2036,2061,2075
2045,2032,2025,2029,1946,2036,2060,2069
2050,2033,2015,2022,1974,2052,2043,2063
2060,2032,2006,2018,1982,2063,2030,2062
2064,2032,1999,2013,2002,2061,2033,2042
2057,2026,2000,2014,2064,2047,2035,2032
2045,2016,2010,2017,2084,2026,2024,2027
2049,2034,2035,2038,2114,2014,2039,2048
2053,2054,2056,2053,2133,2024,2050,2048
2048,2047,2049,2045,2097,2034,2043,2045
2041,2047,2040,2040,2092,2051,2051,2044
2048,2043,2035,2037,2093,2058,2057,2035
2060,2045,2038,2034,2095,2064,2050,2033
2052,2050,2051,2020,2069,2056,2033,2032
2049,2049,2060,2010,2012,2042,2029,2021
2045,2055,2068,2012,2004,2042,2046,2040
2058,2065,2080,2021,2028,2042,2045,2041
2068,2059,2066,2022,2036,2043,2038,2042
2059,2052,2055,2029,2042,2046,2032,2042
2057,2057,2062,2038,2046,2053,2046,2048
2058,2060,2079,2044,2059,2054,2053,2046
2054,2068,2090,2054,2073,2069,2062,2048
2057,2063,2092,2061,2077,2072,2051,2048
2049,2060,2081,2054,2101,2075,2051,2051
2045,2055,2078,2052,2098,2074,2056,2054
2043,2041,2068,2052,2086,2065,2038,2062
2041,2041,2061,2050,2090,2066,2053,2070
2036,2042,2062,2050,2077,2066,2061,2073
2037,2044,2050,2043,2067,2064,2056,2074
2038,2038,2041,2038,2032,2037,2038,2078
2040,2034,2036,2027,1989,2006,2036,2079
2025,2027,2032,2023,1982,2006,2021,2066
2022,2027,2039,2041,2012,2030,2050,2070
2038,2044,2053,2051,2068,2048,2051,2065
2049,2046,2052,2064,2102,2061,2046,2067
2052,2054,2056,2066,2110,2072,2052,2070
2053,2056,2062,2065,2129,2076,2060,2069
2063,2053,2057,2065,2128,2082,2060,2060
2064,2057,2061,2071,2111,2086,2057,2055
2070,2062,2080,2087,2120,2091,2066,2052
2071,2064,2087,2078,2044,2089,2074,2043
2066,2059,2085,2065,1980,2073,2041,2040
2060,2053,2074,2059,1980,2048,2046,2032
2049,2041,2061,2053,1959,2010,2035,2025
2035,2038,2056,2052,1975,1996,2025,2010
2031,2039,2057,2058,1995,2009,2040,2011
2041,2040,2054,2070,2022,2033,2040,2021
2035,2030,2039,2074,2031,2031,2037,2024
2039,2026,2031,2069,2047,2035,2037,2023
2044,2038,2030,2076,2067,2046,2051,2029
2051,2046,2026,2070,2067,2048,2055,2027
2046,2045,2027,2055,2074,2045,2041,2027
2036,2034,2026,2055,2077,2045,2050,2032
2034,2034,2031,2049,2050,2043,2036,2033
2026,2038,2047,2046,2035,2030,2043,2035
2027,2035,2048,2047,2033,2031,2043,2038
2028,2039,2048,2056,2035,2039,2051,2039
2038,2037,2052,2063,2048,2051,2045,2049
2035,2046,2050,2061,2039,2046,2047,2061
2041,2047,2047,2067,2036,2050,2046,2063
2047,2048,2046,2072,2039,2044,2021,2068
2050,2045,2062,2086,2042,2049,2027,2069
2049,2048,2067,2088,2055,2049,2044,2064
2043,2046,2077,2069,2051,2050,2041,2056
2032,2039,2068,2052,2035,2036,2028,2060
2037,2042,2058,2024,2020,2036,2035,2063
2040,2050,2048,1998,1985,2034,2020,2059
2038,2037,2035,1994,1965,2036,2038,2056
2044,2041,2033,1995,1960,2035,2036,2049
2048,2057,2038,2000,1958,2035,2023,2051
2049,2061,2029,1997,1958,2028,2010,2033
2048,2050,2025,2008,1993,2019,2021,2041
2057,2061,2035,2034,2030,2025,2030,2043
2063,2058,2035,2032,2037,2036,2034,2041
2060,2051,2032,2029,2036,2043,2040,2031
2052,2041,2016,2027,2039,2053,2029,2026
2047,2035,2001,2013,2049,2062,2016,2029
2053,2041,2006,2012,2061,2061,2031,2032
2056,2049,2013,2019,2082,2061,2040,2029
2054,2044,2016,2026,2107,2068,2053,2036
2060,2036,2017,2035,2103,2066,2012,2028
2055,2030,2013,2030,2074,2065,2020,2020
2045,2024,2011,2032,2056,2075,2024,2032
2053,2037,2021,2037,2053,2070,2029,2028
2044,2040,2018,2033,2068,2061,2039,2023
2037,2031,2015,2027,2082,2053,2031,2023
2036,2031,2009,2034,2124,2056,2025,2030
2033,2034,2019,2036,2142,2052,2036,2043
2041,2046,2033,2049,2112,2048,2042,2048
2053,2061,2044,2058,2068,2049,2042,2055
2056,2058,2040,2046,2046,2047,2036,2056
2049,2057,2039,2049,2047,2048,2016,2062
2051,2059,2052,2052,2055,2045,2008,2063
2047,2057,2072,2064,2067,2050,2012,2074
2044,2067,2087,2068,2070,2054,2016,2072
2051,2062,2088,2073,2065,2050,2032,2077
2052,2064,2100,2078,2057,2049,2025,2075
2052,2044,2090,2074,2036,2042,2012,2065
2039,2031,2076,2066,2026,2047,2015,2059
2035,2036,2070,2058,2013,2057,1996,2057
2042,2027,2055,2050,1995,2064,2014,2057
2039,2024,2042,2053,1995,2055,2037,2051
2038,2035,2036,2051,1990,2034,2037,2050
2035,2031,2034,2053,1996,1995,2024,2046
2042,2031,2021,2054,2008,1993,2035,2040
2051,2038,2024,2063,2020,2007,2038,2038
2053,2042,2030,2064,2039,2013,2021,2033
2049,2045,2016,2050,2056,2031,2018,2033
2053,2044,2018,2059,2072,2047,2026,2029
2046,2049,2028,2060,2110,2061,2046,2020
2045,2046,2029,2044,2136,2073,2040,2028
2046,2039,2038,2038,2162,2087,2034,2034
2056,2050,2063,2036,2133,2071,2037,2028
2052,2055,2064,2021,2111,2060,2037,2027
2046,2059,2072,2015,2125,2057,2026,2020
2051,2064,2081,2035,2180,2076,2046,2031
2060,2080,2105,2067,2221,2085,2055,2038
2053,2087,2106,2078,2178,2076,2055,2049
2055,2085,2108,2075,2100,2065,2045,2057
2066,2089,2107,2075,2051,2057,2062,2061
2065,2088,2094,2063,1991,2042,2029,2060
2062,2080,2086,2070,1989,2048,2022,2064
2060,2072,2081,2074,2011,2067,2056,2061
2063,2061,2070,2052,1893,2054,2045,2067
2057,2057,2060,2033,1832,2036,2036,2062
2055,2054,2049,2025,1889,2032,2027,2066
2052,2044,2047,2012,1951,2018,2026,2057
2039,2031,2037,1998,2055,2018,2036,2063
2042,2038,2041,2021,2141,2044,2036,2071
2050,2047,2059,2056,2156,2061,2039,2080
2047,2045,2058,2048,2100,2044,2031,2062
2037,2036,2050,2039,2044,2047,2039,2068
2035,2049,2059,2050,2027,2050,2040,2068
2035,2045,2046,2061,2043,2043,2037,2059
2035,2042,2049,2061,2042,2039,2031,2054
2039,2051,2054,2059,2035,2042,2029,2049
2042,2054,2053,2068,2042,2044,2041,2048
2046,2056,2049,2067,2047,2039,2054,2045
2045,2056,2046,2069,2064,2045,2016,2035
2049,2057,2037,2073,2051,2052,2029,2036
2056,2060,2039,2080,2055,2051,2054,2033
2052,2058,2037,2069,2038,2050,2052,2033
2050,2056,2031,2056,2019,2048,2049,2032
2047,2051,2025,2053,2029,2044,2043,2022
2043,2050,2037,2059,2080,2040,2046,2020
2046,2050,2042,2064,2086,2038,2041,2024
2044,2050,2047,2059,2072,2040,2054,2027
2047,2051,2046,2058,2078,2039,2055,2024
2044,2052,2049,2066,2085,2035,2032,2024
2050,2064,2064,2075,2100,2044,2041,2021
2041,2057,2060,2076,2100,2039,2032,2030
2047,2054,2058,2056,2085,2047,2041,2037
2046,2055,2042,2020,1946,2038,2039,2034
2046,2052,2038,2020,1946,2044,2051,2044
2055,2060,2047,2033,2038,2053,2052,2052
2037,2058,2054,2040,2101,2061,2045,2049
2034,2050,2040,2038,2104,2060,2042,2052
2042,2046,2037,2034,2076,2051,2051,2059
2041,2042,2037,2023,2071,2048,2034,2056
2045,2052,2044,2029,2078,2056,2017,2055
2035,2055,2042,2023,2071,2059,2037,2070
2044,2067,2035,2017,2051,2048,2020,2075
2042,2052,2032,2025,2020,2034,2038,2076
2043,2052,2036,2032,2019,2031,2016,2070
2034,2045,2029,2030,2016,2036,2048,2063
2034,2040,2029,2028,2024,2050,2034,2073
2037,2056,2046,2042,2037,2056,2050,2066
2038,2052,2035,2036,2030,2058,2045,2068
2046,2054,2029,2033,2024,2053,2026,2067
2054,2048,2024,2033,2031,2051,2029,2061
2051,2045,2025,2032,2029,2044,2032,2053
2042,2039,2021,2032,2059,2047,2054,2045
2042,2055,2031,2048,2082,2060,2041,2044
2056,2069,2042,2070,2091,2068,2045,2035
2050,2064,2059,2073,2082,2073,2049,2027
2045,2055,2063,2075,2085,2074,2060,2028
2043,2054,2055,2074,2091,2077,2037,2031
2040,2046,2051,2062,2078,2073,2040,2031
2031,2037,2034,2057,2061,2063,2039,2024
2029,2038,2030,2050,2047,2052,2051,2029
2039,2041,2024,2051,2018,2034,2038,2030
2042,2040,2016,2058,2021,2037,2044,2039
2043,2043,2025,2072,2025,2055,2071,2043
2049,2046,2022,2074,2036,2056,2042,2042
2043,2039,2026,2073,2038,2055,2033,2048
2054,2038,2028,2068,2034,2054,2020,2052
2058,2053,2037,2055,2030,2050,2024,2046
2058,2058,2048,2043,2036,2044,2028,2049
2057,2061,2043,2042,2064,2042,2049,2055
2063,2067,2051,2049,2080,2056,2052,2065
2060,2065,2046,2034,2081,2054,2047,2056
2049,2057,2039,2020,2073,2054,2033,2065
2046,2049,2034,2017,2072,2050,2025,2063
2041,2039,2035,2029,2063,2060,2041,2065
2043,2036,2034,2031,2046,2062,2045,2070
2046,2040,2030,2024,2038,2058,2052,2069
2040,2035,2025,2016,2027,2060,2071,2065
2031,2026,2025,2000,2020,2047,2061,2058
2033,2033,2026,1992,2021,2041,2034,2070
2040,2042,2041,2001,2030,2043,2061,2065
2033,2053,2044,2005,2034,2044,2029,2068
2042,2061,2046,2005,2023,2058,2034,2068
2046,2056,2035,2007,2026,2068,2058,2062
2049,2056,2034,2018,2036,2062,2051,2045
2042,2057,2037,2027,2060,2067,2029,2037
2031,2046,2037,2032,2053,2049,2051,2032
2037,2049,2054,2043,2033,2015,2049,2032
2038,2059,2055,2045,2038,2014,2034,2031
2040,2055,2050,2045,2042,2026,2046,2031
2045,2053,2057,2045,2041,2031,2041,2039
2048,2050,2062,2050,2047,2038,2034,2042
2056,2052,2062,2053,2055,2046,2051,2035
2052,2056,2063,2053,2062,2055,2057,2033
2044,2047,2048,2050,2047,2057,2021,2027
2032,2030,2031,2039,2054,2059,2044,2020
2033,2036,2033,2043,2057,2059,2052,2022
2038,2035,2034,2039,2062,2058,2045,2025
2038,2040,2038,2031,2076,2053,2034,2032
2040,2043,2049,2033,2060,2043,2050,2027
2046,2062,2076,2042,2037,2031,2058,2032
2045,2069,2092,2059,2033,2037,2073,2042
2054,2070,2093,2055,2020,2035,2064,2050
2047,2069,2086,2060,2027,2033,2061,2050
2050,2063,2073,2059,2059,2044,2052,2053
2045,2048,2062,2057,2081,2045,2057,2052
2035,2042,2053,2048,2074,2045,2032,2051
2040,2039,2048,2046,2056,2052,2039,2054
2033,2032,2041,2041,2062,2054,2026,2060
2032,2028,2038,2043,2054,2044,2015,2060
2030,2024,2034,2049,2044,2034,2024,2054
2031,2032,2029,2056,2052,2036,2030,2066
2036,2041,2041,2081,2086,2051,2046,2076
2048,2045,2048,2077,2080,2053,2042,2066
2040,2038,2049,2077,2055,2064,2035,2061
2044,2035,2047,2081,2026,2059,2047,2057
2043,2038,2039,2093,2048,2056,2039,2045
2055,2043,2041,2097,2054,2055,2019,2042
2051,2045,2032,2099,2054,2055,2047,2043
2052,2040,2026,2092,2052,2049,2063,2036
2043,2038,2019,2096,2051,2050,2049,2032
2040,2041,2011,2096,2077,2052,2044,2023
2039,2033,1989,2075,2077,2045,2048,2021
2035,2026,1986,2053,2060,2032,2050,2023
2043,2028,1991,2060,2084,2043,2055,2022
2051,2034,2000,2047,2073,2037,2057,2024
2058,2024,1998,2006,2042,2016,2028,2009
2039,2007,1989,1977,2014,2010,2019,2012
2043,2024,2018,1970,2009,2024,2033,2027
2051,2037,2052,1976,2007,2030,2025,2033
2046,2039,2058,1985,2014,2028,2019,2031
2049,2045,2063,1994,2014,2022,2018,2029
2038,2025,2051,1997,1977,2019,2013,2031
2034,2025,2052,1998,1961,2023,2025,2031
2037,2042,2064,2002,1950,2027,2041,2041
2036,2056,2076,2010,1960,2043,2037,2046
2044,2071,2087,2040,1999,2048,2045,2057
2058,2088,2102,2072,2065,2043,2065,2076
2074,2088,2102,2084,2113,2048,2063,2094
2071,2081,2091,2093,2132,2066,2065,2092
2069,2074,2086,2096,2182,2091,2079,2087
2063,2070,2078,2099,2261,2104,2072,2078
2059,2059,2055,2087,2284,2083,2042,2062
2050,2043,2042,2061,2208,2048,2022,2059
2044,2046,2056,2042,2102,2031,2044,2060
2046,2050,2069,2028,1973,2015,2038,2060
2038,2043,2066,2015,1922,2022,2043,2060
2037,2048,2069,2020,1947,2021,2053,2050
2037,2054,2065,2030,1962,2027,2058,2050
2039,2052,2066,2036,1970,2027,2042,2043
2047,2058,2073,2057,2002,2042,2059,2042
2051,2066,2080,2066,2041,2059,2066,2040
2051,2059,2074,2063,2049,2054,2045,2038
2044,2056,2064,2050,2030,2041,2043,2026
2041,2058,2059,2047,2007,2028,2037,2029
2041,2055,2054,2043,1997,1992,2049,2022
2043,2041,2044,2044,2033,1976,2019,2008
2034,2042,2036,2047,2081,2010,2026,2014
2034,2042,2034,2056,2064,2047,2042,2017
2029,2036,2033,2057,2045,2069,2065,2021
2048,2057,2045,2058,2084,2090,2074,2034
2050,2058,2039,2044,2101,2088,2055,2036
2049,2055,2036,2030,2056,2072,2060,2033
2048,2050,2030,2023,2002,2066,2056,2036
2044,2048,2027,2022,1999,2053,2047,2038
2050,2050,2032,2027,2021,2045,2061,2055
2054,2055,2040,2039,2020,2042,2042,2052
2059,2066,2045,2045,2023,2039,2048,2057
2060,2060,2052,2053,2022,2022,2047,2071
2066,2063,2056,2064,2052,2028,2054,2074
2060,2065,2060,2058,2075,2030,2041,2069
2052,2055,2053,2050,2090,2041,2033,2066
2049,2039,2037,2043,2090,2046,2049,2060
2045,2039,2032,2036,2077,2051,2054,2062
2041,2030,2038,2041,2078,2056,2060,2065
2041,2036,2036,2047,2071,2052,2057,2068
2049,2046,2048,2052,2062,2057,2066,2069
2045,2043,2048,2047,2032,2049,2082,2068
2043,2048,2049,2037,2025,2048,2071,2059
2049,2052,2047,2038,2026,2046,2066,2060
2050,2051,2041,2042,2051,2053,2065,2055
2057,2042,2032,2036,2090,2061,2076,2052
2059,2041,2030,2051,2107,2065,2071,2047
2057,2038,2031,2054,2113,2069,2061,2044
2052,2040,2028,2058,2139,2072,2070,2039
2055,2043,2024,2064,2157,2069,2070,2030
2057,2039,2025,2072,2173,2070,2055,2030
2060,2032,2023,2067,2164,2056,2052,2017
2046,2026,2032,2065,2130,2047,2058,2010
2040,2030,2028,2041,1961,2036,2054,2012
2033,2028,2029,2051,1971,2045,2046,2011
2040,2032,2033,2071,2032,2057,2035,2022
2049,2044,2045,2070,2034,2060,2056,2026
2055,2049,2038,2064,2032,2039,2064,2024
2055,2043,2036,2074,2047,2036,2062,2025
2055,2041,2037,2084,2077,2036,2061,2027
2057,2043,2037,2081,2061,2043,2066,2033
2051,2046,2036,2071,2019,2036,2071,2033
2049,2042,2036,2061,1999,2033,2072,2041
2048,2040,2036,2057,2014,2032,2060,2043
2049,2039,2036,2059,2024,2030,2073,2052
2051,2044,2035,2060,2027,2034,2067,2063
2063,2050,2046,2052,2029,2040,2051,2066
2055,2038,2030,2033,2034,2034,2050,2064
2047,2035,2025,2024,2047,2040,2039,2058
2041,2042,2037,2027,2048,2042,2048,2066
2038,2042,2057,2043,2048,2040,2045,2065
2039,2050,2084,2054,2062,2042,2038,2068
2045,2052,2088,2053,2075,2047,2049,2063
2050,2054,2084,2051,2074,2047,2044,2066
2037,2049,2073,2037,2060,2044,2040,2060
2044,2050,2077,2043,2063,2048,2042,2058
2049,2054,2075,2045,2062,2046,2039,2056
2050,2046,2069,2050,2059,2036,2041,2047
2048,2048,2074,2051,2052,2044,2038,2045
2048,2051,2076,2055,2064,2048,2055,2040
2059,2060,2076,2046,2061,2043,2049,2035
2058,2058,2064,2040,2060,2043,2057,2033
2056,2048,2049,2037,2054,2040,2056,2025
2049,2044,2037,2040,2056,2041,2053,2028
2051,2042,2038,2038,2050,2047,2034,2027
2051,2049,2031,2035,2053,2047,2013,2038
2056,2042,2030,2026,2040,2046,2047,2030
2054,2036,2020,2019,2039,2038,2029,2033
2058,2042,2017,2017,2032,2044,2024,2023
2054,2045,2034,2030,2051,2048,2035,2024
2058,2053,2036,2028,2056,2055,2030,2020
2043,2044,2037,2026,2057,2057,2034,2030
2040,2046,2036,2028,2057,2056,2041,2044
2051,2047,2041,2041,2060,2048,2017,2053
2054,2047,2047,2043,2060,2043,2067,2054
2053,2053,2047,2052,2072,2044,2059,2048
2049,2055,2051,2062,2089,2059,2061,2056
2052,2055,2047,2073,2093,2061,2045,2057
2049,2049,2040,2067,2084,2057,2051,2061
2049,2048,2033,2061,2075,2060,2069,2077
2045,2036,2032,2054,2076,2055,2051,2078
2045,2035,2022,2043,2063,2058,2056,2065
2030,2023,2006,2037,2057,2063,2057,2063
2022,2020,2002,2031,2052,2072,2046,2059
2024,2022,2000,2033,2052,2071,2037,2048
2028,2026,2008,2037,2052,2073,2042,2060
2037,2040,2014,2052,2067,2042,2054,2082
2037,2048,2025,2062,2078,2026,2056,2077
2038,2051,2024,2069,2075,2033,2060,2068
2031,2034,2021,2063,2066,2037,2044,2058
2036,2038,2027,2053,2064,2050,2050,2049
2040,2043,2041,2049,2065,2053,2055,2042
2041,2046,2049,2056,2067,2053,2057,2045
2052,2051,2054,2067,2070,2058,2054,2046
2054,2045,2058,2075,2065,2055,2054,2035
2043,2045,2076,2083,2074,2050,2056,2029
2038,2043,2095,2085,2074,2052,2045,2029
2030,2041,2100,2087,2072,2055,2068,2022
2032,2037,2102,2086,2066,2052,2056,2020
2035,2046,2094,2075,2049,2046,2047,2025
2038,2048,2076,2068,2032,2035,2044,2029
2040,2038,2065,2060,2041,2032,2040,2031
2039,2050,2067,2066,2052,2044,2045,2030
2057,2056,2064,2056,2041,2033,2034,2031
2049,2050,2060,2047,2033,2038,2041,2038
2045,2053,2063,2047,2048,2039,2040,2045
2058,2067,2064,2050,2060,2047,2048,2046
2070,2067,2065,2052,2067,2054,2062,2039
2064,2052,2064,2046,2073,2054,2057,2042
2053,2051,2060,2037,2078,2053,2066,2045
2050,2042,2052,2030,2088,2056,2059,2046
2030,2033,2038,2020,2093,2052,2066,2051
2024,2035,2028,2009,2087,2062,2064,2059
2043,2042,2035,2016,2085,2064,2072,2075
2047,2042,2041,2027,2073,2056,2065,2079
2038,2042,2034,2031,2058,2044,2076,2073
2032,2039,2033,2034,2049,2038,2056,2061
2020,2028,2028,2029,2045,2033,2037,2056
2022,2036,2031,2025,2045,2035,2044,2064
2024,2041,2035,2038,2050,2039,2046,2053
2033,2042,2040,2044,2057,2048,2028,2056
2041,2041,2032,2042,2054,2046,2034,2061
2045,2038,2029,2035,2042,2043,2047,2055
2044,2037,2041,2031,2033,2041,2042,2044
2041,2040,2048,2038,2045,2042,2054,2039
2044,2045,2061,2048,2058,2051,2047,2037
2056,2052,2066,2051,2056,2048,2057,2038
2054,2055,2062,2053,2054,2042,2072,2039
2055,2055,2061,2061,2054,2040,2062,2032
2043,2049,2053,2055,2056,2042,2053,2019
2032,2048,2058,2058,2066,2047,2044,2013
2034,2044,2059,2064,2063,2043,2062,2021
2037,2040,2044,2060,2056,2049,2061,2018
2038,2039,2034,2059,2046,2040,2037,2017
2036,2022,2021,2053,2049,2034,2056,2019
2038,2021,2015,2051,2054,2038,2066,2021
2037,2017,2001,2049,2064,2044,2057,2021
2039,2028,2009,2060,2078,2056,2064,2022
2050,2046,2019,2062,2084,2058,2055,2037
2061,2056,2024,2060,2066,2047,2065,2036
2055,2052,2012,2050,2059,2040,2053,2042
2063,2050,2008,2044,2063,2038,2042,2053
2060,2042,2005,2044,2059,2050,2047,2052
2056,2036,2003,2043,2059,2057,2052,2057
2053,2039,2006,2046,2043,2051,2063,2059
2059,2052,2029,2054,2050,2060,2081,2060
2047,2053,2033,2052,2055,2060,2063,2056
2039,2039,2023,2040,2050,2053,2049,2064
2027,2030,2015,2024,2038,2041,2040,2060
2026,2034,2030,2023,2025,2032,2029,2055
2025,2037,2058,2024,2023,2029,2030,2055
2024,2044,2082,2037,2025,2036,2029,2054
2029,2062,2101,2042,2026,2040,2045,2055
2040,2063,2111,2053,2048,2044,2035,2059
2047,2067,2115,2069,2068,2053,2039,2056
2049,2077,2118,2080,2069,2058,2051,2054
2047,2069,2109,2081,2075,2062,2038,2042
2043,2066,2086,2057,2068,2055,2055,2042
2041,2061,2072,2048,2071,2050,2042,2036
2042,2055,2067,2037,2066,2051,2036,2028
2042,2052,2067,2031,2057,2048,2034,2030
2048,2053,2045,2018,2049,2045,2040,2022
2046,2053,2040,2011,2030,2040,2049,2020
2048,2056,2046,2022,2035,2047,2066,2025
2039,2052,2050,2026,2015,2054,2064,2023
2047,2055,2053,2030,2010,2048,2065,2020
2036,2049,2049,2032,2029,2049,2067,2020
2034,2041,2051,2036,2047,2048,2055,2022
2043,2052,2056,2038,2057,2050,2051,2018
2033,2053,2051,2037,2060,2049,2042,2027
2041,2058,2058,2039,2063,2050,2058,2032
2055,2056,2058,2043,2069,2050,2056,2035
2054,2055,2053,2041,2052,2046,2061,2040
2053,2054,2049,2047,2042,2051,2080,2045
2040,2048,2045,2040,2058,2043,2069,2056
2039,2047,2046,2039,2045,2039,2073,2060
2035,2054,2049,2053,2042,2042,2053,2070
2045,2050,2046,2047,2026,2040,2040,2073
2038,2045,2040,2040,2031,2037,2061,2077
2039,2043,2050,2055,2043,2041,2061,2085
2042,2047,2053,2048,2030,2031,2062,2083
2045,2055,2057,2050,2039,2031,2062,2079
2042,2047,2045,2046,2045,2037,2052,2074
2038,2042,2038,2045,2034,2037,2055,2080
2052,2052,2049,2053,2029,2044,2060,2076
2049,2056,2058,2059,2035,2059,2078,2070
2050,2059,2057,2057,2040,2065,2077,2065
2050,2058,2052,2046,2018,2054,2060,2056
2053,2055,2045,2034,1999,2045,2062,2056
2049,2045,2049,2031,2027,2053,2060,2045
2050,2056,2049,2039,2066,2062,2044,2035
2050,2051,2051,2042,2078,2064,2054,2038
2059,2052,2056,2052,2085,2064,2065,2031
2057,2050,2043,2046,2075,2052,2062,2020
2053,2041,2045,2040,2052,2025,2052,2016
2048,2034,2038,2027,2037,2011,2045,2015
2044,2034,2033,2035,2036,2012,2040,2009
2039,2040,2045,2044,2035,2019,2039,2008
2040,2032,2042,2043,2052,2011,2030,2000
2020,2026,2045,2053,2056,2018,2044,2004
2021,2039,2057,2060,2064,2023,2053,2010
2027,2046,2065,2073,2064,2036,2056,2025
2045,2055,2066,2074,2075,2051,2043,2025
2041,2054,2061,2075,2076,2060,2048,2032
2037,2047,2052,2069,2070,2056,2033,2036
2039,2043,2045,2068,2061,2061,2058,2037
2033,2046,2043,2066,2058,2059,2052,2040
2039,2045,2040,2063,2058,2069,2067,2052
2043,2046,2035,2055,2049,2067,2064,2061
2047,2044,2025,2055,2065,2066,2061,2065
2043,2048,2024,2042,2056,2054,2066,2060
2040,2044,2022,2028,2029,2046,2051,2060
2041,2046,2025,2019,2022,2039,2053,2065
2037,2042,2022,2012,2030,2043,2045,2071
2044,2035,2014,1999,2021,2031,2043,2057
2042,2030,2009,1993,2016,2024,2033,2064
2037,2031,2014,2003,2021,2035,2060,2074
2050,2045,2029,2014,2036,2045,2056,2074
2051,2051,2031,2024,2051,2054,2059,2069
2048,2054,2036,2037,2075,2056,2054,2062
2048,2061,2041,2037,2083,2057,2070,2050
2049,2055,2043,2039,2086,2046,2052,2035
2051,2046,2047,2047,2074,2046,2049,2027
2043,2042,2045,2047,2068,2051,2033,2030
2044,2041,2056,2050,2061,2042,2039,2028
2038,2042,2061,2045,2059,2044,2049,2025
2041,2050,2072,2050,2062,2059,2061,2024
2040,2061,2082,2054,2062,2052,2066,2032
2044,2049,2077,2049,2050,2046,2059,2031
2045,2045,2076,2046,2047,2043,2068,2022
2050,2044,2070,2041,2043,2037,2036,2022
2046,2047,2058,2030,2033,2031,2036,2015
2045,2045,2063,2040,2037,2041,2046,2025
2047,2052,2061,2037,2040,2042,2046,2026
2044,2054,2062,2046,2044,2052,2067,2032
2046,2055,2054,2039,2056,2063,2052,2034
2054,2056,2058,2045,2056,2064,2061,2045
2049,2052,2061,2045,2051,2060,2068,2045
2052,2048,2060,2042,2052,2053,2078,2047
2044,2050,2056,2039,2054,2047,2073,2045
2055,2045,2054,2040,2056,2046,2067,2052
2051,2045,2052,2041,2053,2042,2064,2057
2052,2049,2053,2038,2056,2037,2055,2057
2051,2044,2054,2045,2052,2028,2057,2064
2047,2039,2051,2041,2044,2019,2058,2062
2036,2042,2054,2041,2041,2020,2054,2069
2040,2042,2051,2036,2041,2027,2033,2069
2041,2039,2048,2034,2041,2034,2043,2072
2044,2037,2050,2036,2041,2045,2039,2072
2047,2052,2059,2036,2040,2056,2051,2071
2050,2050,2056,2041,2046,2070,2068,2065
2052,2052,2053,2043,2042,2076,2048,2060
2049,2051,2057,2046,2040,2079,2061,2056
2054,2052,2051,2038,2029,2070,2056,2050
2049,2049,2055,2032,2031,2071,2046,2034
2049,2048,2054,2038,2038,2065,2052,2036
2045,2048,2059,2041,2039,2021,2052,2027
2039,2046,2052,2041,2037,2006,2046,2031
2047,2048,2054,2049,2042,2025,2056,2032
2045,2053,2050,2049,2039,2035,2063,2027
2045,2050,2056,2047,2042,2048,2064,2029
2048,2050,2057,2051,2043,2051,2058,2024
2051,2047,2051,2047,2041,2046,2053,2020
2041,2037,2044,2042,2043,2046,2055,2024
2047,2041,2051,2045,2044,2049,2046,2037
2049,2051,2052,2049,2046,2051,2064,2040
2050,2053,2051,2048,2043,2047,2047,2043
2054,2049,2055,2044,2040,2037,2053,2044
2049,2050,2053,2048,2041,2040,2044,2046
2056,2046,2047,2047,2039,2039,2059,2052
2053,2045,2045,2045,2042,2035,2063,2056
2056,2051,2047,2050,2044,2035,2044,2057
2050,2044,2047,2051,2050,2045,2064,2059
2051,2044,2048,2052,2056,2047,2046,2069
2051,2047,2045,2053,2052,2048,2049,2073
2048,2041,2040,2053,2046,2041,2047,2063
2039,2047,2046,2055,2038,2037,2023,2064
2038,2042,2048,2045,2042,2031,2053,2067
2040,2042,2044,2042,2042,2031,2046,2069
2034,2032,2037,2037,2033,2028,2042,2081
2032,2030,2037,2039,2045,2032,2045,2076
2041,2037,2042,2041,2037,2036,2052,2070
2044,2047,2057,2045,2043,2042,2040,2064
2047,2056,2055,2044,2042,2041,2038,2066
2041,2052,2054,2043,2035,2037,2054,2050
2047,2046,2054,2046,2047,2038,2043,2053
2040,2049,2058,2046,2041,2039,2033,2040
2037,2047,2063,2050,2044,2036,2034,2037
2042,2052,2062,2054,2040,2044,2041,2036
2044,2053,2061,2052,2044,2039,2047,2035
2050,2049,2060,2054,2038,2033,2051,2035
2044,2052,2058,2051,2035,2032,2043,2037
2051,2045,2052,2052,2039,2029,2045,2029
2048,2047,2054,2048,2036,2035,2059,2033
2044,2044,2053,2046,2033,2032,2055,2027
2045,2036,2045,2041,2031,2028,2036,2026
2046,2037,2053,2046,2042,2035,2054,2031
2054,2047,2057,2049,2042,2044,2059,2041
2053,2046,2054,2047,2040,2043,2046,2040
2050,2052,2054,2052,2044,2045,2050,2036
2056,2052,2058,2043,2044,2043,2049,2040
2053,2053,2052,2044,2040,2045,2061,2044
2053,2041,2052,2047,2049,2052,2073,2049
2055,2049,2050,2048,2049,2057,2053,2050
2051,2052,2045,2054,2051,2061,2049,2046
2051,2044,2050,2050,2053,2057,2047,2050
2056,2046,2049,2049,2054,2054,2062,2057
2049,2044,2052,2054,2055,2056,2053,2054
2043,2043,2049,2052,2051,2051,2049,2063
2043,2044,2047,2052,2049,2053,2045,2064
2039,2040,2052,2049,2052,2039,2042,2062
2033,2033,2037,2043,2040,2030,2033,2058
2032,2021,2033,2040,2040,2028,2028,2063
2037,2037,2040,2040,2038,2024,2045,2059
2043,2038,2039,2041,2033,2026,2045,2055
2036,2033,2041,2042,2032,2032,2040,2047
2042,2036,2044,2042,2036,2039,2049,2052
2054,2040,2046,2043,2030,2036,2067,2044
2051,2045,2046,2043,2039,2039,2057,2044
2059,2049,2047,2048,2042,2044,2030,2052
2059,2052,2049,2055,2047,2054,2065,2050
2063,2050,2052,2051,2044,2058,2086,2031
2052,2051,2063,2050,2043,2058,2071,2023
2050,2051,2060,2055,2042,2064,2054,2034
2055,2052,2059,2047,2042,2067,2077,2038
2060,2050,2053,2051,2041,2069,2070,2041
2062,2051,2058,2039,2026,2056,2048,2037
2056,2040,2041,2031,2024,2053,2046,2038
2049,2041,2040,2039,2032,2060,2057,2036
2056,2056,2053,2042,2035,2058,2068,2036
2052,2054,2055,2048,2042,2055,2048,2038
2050,2058,2066,2045,2047,2046,2044,2039
2057,2064,2069,2060,2057,2046,2064,2044
2061,2064,2066,2055,2061,2053,2068,2049
2050,2066,2067,2048,2050,2043,2060,2050
2052,2064,2066,2046,2046,2023,2040,2051
2060,2060,2063,2046,2041,2029,2038,2049
2064,2068,2061,2043,2038,2021,2036,2048
2058,2063,2054,2043,2053,2021,2021,2047
2049,2056,2057,2042,2046,2024,2027,2054
2047,2053,2051,2039,2050,2017,2038,2063
2047,2050,2044,2039,2041,2017,2033,2065
2046,2050,2049,2042,2041,2020,2025,2063
2035,2042,2045,2037,2040,2019,2040,2065
2035,2043,2050,2038,2046,2027,2041,2070
2043,2058,2052,2045,2045,2029,2035,2062
2047,2063,2056,2048,2050,2029,2036,2066
2047,2057,2055,2054,2051,2029,2045,2057
2049,2057,2049,2046,2052,2031,2044,2047
2051,2054,2047,2047,2056,2036,2046,2037
2048,2045,2048,2051,2052,2039,2042,2031
2051,2048,2054,2050,2049,2044,2046,2031
2054,2044,2052,2048,2049,2048,2036,2031
2053,2048,2044,2047,2048,2047,2061,2025
2053,2045,2049,2040,2039,2050,2035,2028
2057,2047,2050,2038,2045,2049,2057,2024
2061,2057,2053,2043,2038,2052,2066,2022
2056,2054,2052,2045,2046,2051,2064,2025
2054,2046,2046,2037,2045,2041,2054,2012
2043,2040,2042,2035,2036,2036,2038,2013
2043,2042,2047,2038,2040,2040,2059,2018
2047,2050,2047,2044,2049,2043,2056,2022
2047,2056,2048,2045,2046,2045,2057,2028
2047,2053,2049,2044,2050,2044,2061,2029
2044,2060,2047,2045,2055,2047,2054,2039
2056,2056,2050,2045,2067,2047,2067,2035
2053,2064,2054,2043,2060,2054,2053,2040
2053,2058,2056,2047,2053,2062,2076,2056
2056,2056,2052,2050,2052,2059,2066,2056
2055,2058,2056,2046,2053,2050,2032,2054
2051,2049,2047,2046,2049,2045,2030,2065
2048,2055,2047,2043,2051,2037,2049,2064
2040,2048,2046,2047,2047,2045,2059,2062
2042,2050,2042,2048,2044,2046,2062,2070
2046,2045,2040,2047,2043,2039,2048,2062
2037,2044,2038,2044,2039,2035,2060,2064
2041,2050,2045,2048,2043,2036,2043,2056
2056,2060,2052,2047,2049,2047,2056,2051
2050,2053,2057,2047,2052,2059,2064,2048
2045,2048,2049,2048,2053,2066,2054,2046
2045,2052,2044,2050,2059,2062,2047,2043
2046,2045,2045,2046,2053,2060,2047,2035
2048,2044,2041,2047,2052,2068,2059,2032
2053,2045,2042,2051,2059,2065,2055,2031
2056,2045,2046,2052,2061,2067,2060,2025
2058,2045,2048,2052,2059,2069,2050,2027
2063,2059,2047,2054,2059,2065,2041,2025
2059,2057,2050,2051,2059,2057,2054,2023
2059,2052,2050,2050,2063,2055,2051,2023
2045,2046,2049,2056,2064,2053,2032,2023
2049,2044,2049,2061,2064,2052,2028,2021
2046,2036,2042,2056,2066,2051,2039,2023
2043,2035,2048,2063,2063,2058,2054,2029
2045,2038,2054,2061,2062,2059,2053,2025
2039,2040,2051,2068,2059,2068,2077,2045
2044,2041,2055,2069,2052,2070,2064,2044
2046,2044,2058,2069,2051,2067,2064,2048
2052,2045,2055,2070,2053,2069,2074,2053
2056,2043,2057,2073,2051,2064,2071,2057
2058,2041,2050,2072,2050,2053,2060,2050
2045,2034,2046,2065,2049,2040,2052,2050
2041,2038,2042,2052,2040,2029,2037,2051
2041,2030,2026,2046,2036,2016,2041,2053
2035,2031,2025,2047,2040,2009,2041,2054
2039,2028,2016,2043,2030,1993,2043,2052
2035,2025,2022,2036,2023,1988,2033,2060
2041,2024,2011,2027,2012,1990,2040,2068
2032,2018,2005,2019,2001,1994,2019,2064
2033,2021,2005,2012,2007,2011,2034,2063
2038,2024,2008,2005,2027,2036,2045,2071
2050,2036,2012,2020,2054,2044,2049,2065
2052,2038,2009,2014,2049,2044,2057,2065
2048,2034,2022,2015,2045,2049,2073,2052
2045,2041,2031,2025,2044,2039,2036,2042
2043,2045,2048,2025,2043,2040,2045,2043
2044,2046,2056,2035,2037,2046,2052,2038
2046,2047,2064,2043,2055,2050,2048,2041
2056,2049,2073,2047,2054,2055,2066,2034
2052,2056,2074,2050,2058,2055,2064,2031
2052,2054,2073,2053,2053,2061,2065,2037
2056,2052,2074,2052,2049,2054,2053,2030
2057,2059,2071,2050,2051,2058,2071,2034
2063,2059,2068,2043,2045,2054,2039,2032
2064,2051,2061,2044,2044,2050,2040,2031
2067,2056,2067,2047,2057,2069,2046,2035
2063,2056,2066,2056,2061,2076,2047,2036
2057,2046,2065,2056,2065,2080,2066,2040
2053,2054,2064,2054,2064,2084,2072,2037
2048,2054,2064,2057,2058,2074,2069,2037
2046,2051,2062,2051,2058,2067,2060,2046
2048,2049,2062,2046,2052,2058,2061,2047
2048,2041,2063,2047,2055,2065,2062,2052
2052,2050,2063,2046,2063,2073,2069,2060
2053,2049,2059,2052,2069,2071,2057,2057
2055,2049,2063,2046,2068,2073,2069,2068
2056,2044,2059,2045,2062,2065,2031,2064
2043,2043,2054,2047,2049,2062,2047,2064
2040,2038,2047,2039,2045,2049,2040,2064
2044,2032,2045,2036,2034,2025,2025,2054
2035,2026,2042,2038,2037,2024,2034,2054
2039,2035,2050,2036,2030,2033,2035,2055
2044,2044,2049,2036,2015,2022,2022,2052
2036,2041,2042,2023,1983,2015,2012,2041
2039,2035,2043,2023,1973,2003,2017,2045
2040,2043,2046,2027,1985,1984,2028,2046
2041,2038,2043,2024,1990,1995,2036,2038
2044,2046,2046,2039,2027,2022,2034,2032
2048,2055,2052,2054,2065,2044,2034,2035
2058,2060,2056,2057,2083,2064,2046,2035
2058,2049,2052,2061,2098,2070,2066,2035
2042,2045,2045,2052,2081,2057,2032,2027
2043,2041,2043,2047,2058,2043,2049,2023
2043,2052,2045,2047,2050,2037,2044,2023
2043,2054,2044,2049,2043,2038,2044,2028
2056,2056,2045,2052,2041,2027,2019,2015
2044,2045,2051,2055,2046,2019,2031,2011
2044,2037,2052,2058,2045,2029,2041,2012
2045,2044,2055,2063,2029,2031,2045,2016
2039,2041,2046,2056,2016,2041,2043,2023
2047,2037,2040,2061,2013,2054,2052,2019
2050,2040,2033,2051,2011,2060,2053,2025
2043,2040,2026,2056,2029,2048,2054,2037
2046,2037,2024,2066,2064,2070,2052,2058
2050,2042,2017,2077,2102,2092,2049,2067
2062,2046,2019,2084,2110,2105,2076,2065
2063,2053,2016,2080,2109,2107,2054,2077
2052,2047,2009,2065,2085,2085,2062,2079
2038,2042,2013,2052,2057,2072,2051,2071
2031,2040,2008,2044,2048,2064,2051,2064
2030,2033,2008,2029,2043,2053,2040,2061
2034,2031,2001,2011,2033,2043,2034,2064
2019,2013,1998,2010,2026,2041,2021,2068
2023,2015,2007,2018,2041,2046,2028,2073
2030,2038,2010,2018,2050,2053,2032,2070
2034,2037,2018,2020,2049,2048,2040,2068
2037,2043,2032,2022,2043,2039,2051,2066
2043,2053,2062,2029,2046,2043,2047,2063
2050,2059,2087,2044,2043,2050,2046,2056
2049,2066,2101,2052,2057,2055,2054,2052
2054,2065,2100,2058,2058,2064,2052,2038
2052,2064,2098,2060,2077,2066,2054,2037
2056,2067,2094,2056,2084,2071,2059,2029
2049,2064,2085,2053,2065,2066,2042,2031
2051,2058,2074,2056,2062,2065,2056,2018
2046,2058,2068,2053,2061,2063,2059,2022
2052,2058,2062,2046,2056,2062,2050,2020
2055,2053,2066,2041,2063,2065,2050,2017
2046,2048,2056,2045,2054,2059,2045,2021
2043,2048,2052,2045,2053,2058,2060,2027
2055,2057,2060,2043,2040,2063,2078,2031
2050,2054,2058,2041,2035,2055,2038,2025
2039,2052,2050,2038,2027,2057,2042,2027
2042,2051,2052,2039,2024,2045,2036,2031
2042,2052,2051,2038,2035,2040,2053,2032
2048,2062,2053,2041,2040,2043,2050,2034
2054,2059,2057,2041,2046,2050,2054,2042
2048,2059,2054,2043,2050,2065,2043,2055
2047,2060,2060,2050,2052,2073,2068,2065
2052,2060,2058,2049,2064,2078,2067,2063
2045,2055,2051,2053,2076,2091,2067,2071
2040,2055,2049,2051,2087,2113,2081,2073
2037,2049,2042,2054,2088,2124,2080,2079
2035,2045,2046,2056,2078,2126,2082,2076
2030,2040,2041,2046,2066,2103,2071,2066
2028,2038,2036,2042,2048,2037,2063,2062
2036,2047,2043,2043,2027,2010,2056,2058
2041,2049,2042,2042,2026,2026,2041,2055
2045,2045,2042,2039,2037,2049,2056,2042
2040,2050,2041,2036,2046,2062,2057,2044
2040,2051,2041,2041,2050,2055,2047,2029
2039,2051,2041,2037,2043,2052,2021,2022
2041,2048,2040,2042,2049,2044,2043,2024
2040,2049,2042,2036,2035,2030,2027,2015
2042,2045,2041,2032,2028,2019,2038,2010
2037,2041,2046,2032,2028,2014,2020,2010
2034,2043,2055,2030,2037,2023,2029,2012
2040,2054,2060,2037,2050,2029,2033,2013
2046,2056,2063,2039,2053,2035,2053,2015
2047,2059,2062,2039,2048,2034,2044,2011
2046,2048,2045,2029,2038,2037,2035,2007
2045,2042,2040,2032,2046,2045,2052,2011
2040,2051,2052,2040,2056,2056,2063,2018
2041,2048,2050,2045,2057,2054,2039,2026
2044,2050,2046,2046,2059,2053,2036,2022
2051,2047,2054,2047,2052,2058,2025,2028
2053,2053,2048,2041,2055,2063,2038,2038
2052,2054,2047,2043,2061,2064,2049,2036
2051,2053,2045,2046,2058,2060,2063,2040
2047,2050,2050,2042,2059,2064,2054,2042
2046,2050,2055,2043,2055,2053,2051,2044
2046,2053,2061,2039,2052,2045,2048,2037
2047,2050,2053,2046,2047,2044,2044,2039
2031,2042,2053,2046,2044,2052,2030,2034
2029,2038,2051,2043,2043,2051,2037,2048
2035,2034,2049,2037,2049,2056,2030,2059
2027,2028,2043,2033,2044,2050,2032,2058
2029,2030,2038,2029,2043,2050,2033,2068
2045,2040,2038,2032,2039,2048,2044,2067
2050,2038,2040,2032,2048,2044,2048,2065
2048,2039,2034,2028,2032,2036,2052,2060
2049,2043,2037,2035,2030,2034,2049,2057
2047,2051,2039,2040,2030,2029,2055,2053
2050,2049,2039,2035,2015,2022,2056,2044
2051,2044,2042,2033,2007,2023,2049,2036
2054,2045,2036,2028,2000,2010,2036,2025
2042,2030,2027,2025,2008,2002,2016,2011
2031,2029,2028,2027,2025,2013,2010,2008
2029,2028,2041,2047,2056,2038,2026,2012
2033,2035,2045,2061,2076,2057,2036,2024
2039,2039,2047,2054,2061,2065,2039,2020
2040,2036,2039,2043,2047,2086,2048,2020
2031,2034,2030,2039,2045,2096,2025,2015
2033,2029,2032,2038,2040,2097,2033,2008
2043,2039,2043,2044,2045,2094,2045,2018
2040,2046,2039,2048,2062,2066,2045,2034
2046,2042,2044,2054,2073,2041,2029,2031
2047,2046,2042,2056,2094,2043,2034,2023
2039,2046,2044,2055,2080,2047,2046,2025
2038,2043,2045,2047,2077,2052,2033,2027
2033,2043,2046,2053,2081,2047,2037,2030
2033,2031,2041,2053,2079,2057,2050,2038
2031,2029,2033,2047,2076,2060,2056,2048
2041,2039,2038,2047,2087,2061,2058,2055
2036,2048,2041,2036,2076,2060,2061,2064
2038,2055,2054,2025,2073,2055,2063,2072
2050,2059,2063,2030,2088,2066,2068,2075
2055,2060,2061,2027,2088,2064,2051,2073
2059,2051,2042,2011,2055,2045,2043,2072
2051,2043,2029,2009,2042,2026,2036,2061
2050,2048,2030,2005,2034,1999,2022,2057
2056,2044,2028,1996,2009,1986,2016,2051
2044,2035,2019,1993,1989,1973,2013,2051
2041,2034,2014,1981,1967,1976,2008,2046
2038,2032,2012,1975,1960,1976,2016,2043
2044,2046,2027,1991,1990,2010,2009,2039
2053,2065,2052,2022,2050,2038,2028,2039
2059,2071,2069,2043,2085,2062,2035,2037
2062,2070,2074,2046,2081,2079,2040,2026
2054,2060,2070,2043,2065,2087,2048,2025
2044,2054,2065,2034,2062,2095,2070,2013
2039,2052,2057,2032,2062,2090,2060,2010
2042,2042,2055,2026,2056,2086,2056,2005
2034,2041,2054,2020,2058,2083,2043,2010
2036,2045,2053,2021,2054,2065,2040,2014
2038,2041,2045,2021,2071,2056,2031,2015
2040,2043,2058,2029,2084,2056,2034,2031
2051,2061,2060,2034,2077,2056,2051,2030
2050,2057,2055,2032,2076,2056,2040,2026
2053,2061,2059,2031,2067,2047,2032,2030
2054,2063,2054,2032,2070,2050,2026,2034
2056,2059,2054,2035,2074,2050,2021,2040
2057,2058,2050,2035,2075,2058,2026,2045
2049,2055,2049,2031,2082,2069,2045,2050
2062,2054,2050,2035,2088,2082,2046,2049
2052,2053,2050,2034,2085,2083,2045,2058
2052,2046,2048,2028,2083,2086,2034,2055
2050,2048,2045,2030,2072,2088,2028,2056
2045,2044,2051,2032,2064,2072,2028,2060
2043,2040,2055,2030,2064,2071,2046,2058
2042,2039,2044,2032,2073,2083,2052,2060
2038,2029,2030,2029,2073,2075,2051,2061
2030,2020,2028,2041,2077,2082,2060,2062
2038,2033,2043,2059,2092,2075,2053,2054
2042,2038,2063,2072,2082,2075,2054,2044
2047,2034,2062,2077,2080,2070,2025,2034
2045,2029,2056,2083,2073,2084,2012,2029
2038,2034,2049,2079,2069,2090,2055,2029
2040,2037,2038,2089,2068,2092,2032,2024
2040,2031,2034,2095,2069,2098,2025,2016
2042,2028,2043,2095,2068,2095,2045,2024
2041,2032,2041,2098,2072,2101,2057,2014
2042,2029,2042,2094,2067,2088,2056,2007
2044,2033,2035,2088,2056,2065,2049,2013
2041,2036,2026,2071,2038,2035,2040,2013
2044,2032,2021,2057,2042,2033,2029,2023
2048,2036,2033,2048,2040,2027,2030,2011
2036,2023,2027,2018,2046,2024,2021,2009
2028,2031,2031,2002,2041,2034,2020,2014
2045,2049,2069,2008,2040,2058,2008,2017
2056,2061,2083,2000,2039,2068,2018,2017
2053,2066,2086,1981,2036,2051,2011,2015
2054,2065,2087,1980,2042,2023,2015,2014
2058,2062,2084,1980,2055,2001,2008,2021
2056,2059,2082,1984,2053,1981,2007,2030
2056,2061,2083,1992,2052,1988,2000,2033
2060,2061,2077,2002,2056,2019,2019,2041
2060,2065,2062,2002,2052,2028,2017,2045
2060,2065,2053,1995,2056,2032,2024,2050
2055,2054,2040,1995,2064,2034,2022,2054
2052,2050,2044,2004,2076,2038,2034,2060
2049,2051,2051,2005,2076,2040,2020,2055
2050,2051,2048,2017,2073,2040,2008,2055
2043,2048,2050,2018,2071,2037,2023,2049
2029,2039,2047,2011,2057,2034,2025,2045
2033,2035,2051,2011,2063,2034,2030,2052
2034,2037,2049,2013,2053,2037,2026,2044
2030,2036,2049,2016,2053,2035,2009,2041
2035,2034,2044,2018,2052,2027,2004,2049
2046,2045,2050,2020,2054,2037,2029,2054
2054,2049,2051,2022,2051,2033,2052,2043
2060,2046,2052,2018,2052,2037,2039,2033
2057,2046,2046,2026,2059,2037,2041,2032
2056,2048,2044,2021,2054,2032,2034,2035
2057,2043,2045,2018,2064,2028,2037,2034
2054,2053,2047,2027,2067,2027,2035,2027
2050,2055,2047,2030,2073,2023,2033,2018
2044,2049,2051,2031,2089,2025,2041,2016
2034,2042,2050,2033,2097,2028,2043,2008
2038,2042,2046,2036,2093,2023,2024,2002
2040,2033,2042,2030,2093,2024,2020,2002
2036,2035,2043,2037,2089,2023,2036,2012
2042,2042,2045,2041,2096,2033,2032,2017
2041,2041,2044,2045,2085,2050,2031,2016
2037,2039,2045,2047,2084,2077,2028,2016
2039,2041,2042,2052,2085,2097,2047,2020
2041,2038,2038,2053,2084,2087,2042,2026
2043,2042,2037,2052,2078,2075,2053,2032
2044,2039,2030,2047,2078,2059,2056,2031
2039,2038,2023,2045,2072,2053,2047,2043
2042,2035,2022,2044,2070,2053,2046,2042
2038,2036,2018,2039,2067,2044,2051,2046
2037,2039,2014,2040,2068,2039,2040,2057
2040,2036,2015,2036,2072,2038,2044,2058
2034,2029,2010,2029,2072,2045,2044,2051
2031,2029,2003,2022,2056,2064,2017,2046
2030,2018,1990,2012,2036,2062,2023,2033
2020,2019,1986,1995,2021,2060,2012,2040
2023,2015,1991,1989,2004,2035,2011,2040
2027,2029,2002,1987,2014,2000,1993,2036
2030,2034,2018,2009,2060,1963,2001,2043
2044,2048,2040,2041,2096,1973,2009,2046
2050,2057,2067,2053,2119,2012,2007,2035
2047,2047,2065,2057,2123,2046,2029,2025
2041,2042,2071,2056,2114,2066,2038,2024
2036,2041,2069,2049,2100,2073,2026,2018
2040,2046,2082,2055,2098,2082,2034,2015
2041,2054,2084,2060,2150,2092,2050,2025
2048,2063,2098,2072,2177,2096,2066,2029
2058,2075,2100,2073,2165,2084,2067,2030
2061,2074,2105,2070,2159,2074,2037,2029
2065,2070,2099,2069,2190,2069,2044,2018
2052,2056,2072,2059,2186,2057,2034,2011
2042,2040,2048,2049,2156,2050,2029,2011
2036,2040,2044,2049,2138,2058,2043,2019
2053,2060,2056,2051,2099,2067,2048,2022
2054,2063,2056,2044,2028,2056,2040,2017
2054,2057,2052,2028,1954,2037,2047,2021
2051,2060,2048,2018,1964,2029,2040,2021
2051,2059,2049,2007,1974,2021,2034,2022
2050,2057,2059,2026,2063,2039,2052,2034
2049,2058,2059,2036,2097,2051,2069,2038
2056,2061,2054,2041,2088,2049,2055,2043
2051,2059,2050,2043,2074,2051,2056,2047
2048,2053,2045,2043,2071,2060,2034,2052
2040,2044,2047,2043,2067,2053,2054,2056
2037,2046,2046,2032,2056,2040,2039,2046
2031,2038,2035,2001,1987,2005,2020,2047
2031,2036,2031,1992,1967,1990,2020,2042
2020,2031,2029,2001,2014,1994,2033,2042
2026,2042,2046,2031,2074,2023,2034,2048
2040,2053,2055,2054,2102,2037,2037,2051
2035,2054,2065,2066,2120,2048,2033,2043
2039,2050,2069,2066,2099,2052,2028,2037
2037,2044,2061,2057,2068,2069,2030,2037
2037,2037,2059,2054,2072,2075,2034,2038
2038,2044,2057,2060,2079,2082,2051,2043
2040,2053,2062,2056,2075,2059,2037,2027
2037,2044,2064,2046,2063,2055,2050,2025
2038,2042,2064,2048,2059,2094,2045,2027
2034,2044,2059,2039,2044,2122,2023,2018
2036,2041,2053,2041,2040,2103,2026,2014
2040,2037,2046,2043,2029,2018,2026,2006
2036,2033,2047,2041,2031,1957,2035,2010
2044,2034,2044,2041,2034,1984,2037,2013
2039,2025,2039,2033,2036,2005,2032,2009
2034,2029,2033,2032,2038,2019,2040,2010
2040,2038,2043,2040,2043,2024,2046,2010
2044,2037,2044,2037,2045,2025,2043,2015
2053,2043,2054,2031,2054,2032,2027,2025
2050,2047,2068,2037,2066,2044,2044,2031
2052,2049,2058,2043,2072,2053,2041,2038
2048,2051,2061,2048,2088,2055,2053,2046
2042,2051,2056,2050,2082,2061,2069,2041
2044,2050,2061,2050,2077,2070,2088,2051
2036,2050,2060,2045,2074,2069,2077,2056
2038,2050,2066,2044,2066,2064,2078,2059
2026,2049,2060,2047,2068,2057,2066,2061
2028,2051,2067,2042,2068,2055,2077,2061
2034,2053,2062,2043,2057,2053,2078,2070
2043,2047,2058,2047,2060,2049,2059,2065
2037,2041,2055,2042,2050,2042,2041,2051
2025,2038,2051,2050,2057,2041,2032,2037
2030,2045,2056,2053,2074,2062,2036,2039
2036,2046,2057,2052,2079,2076,2028,2032
2041,2039,2052,2046,2076,2053,2024,2023
2039,2037,2048,2046,2069,2025,2016,2022
2037,2033,2044,2040,2068,2014,2022,2023
2038,2035,2043,2037,2064,2021,2044,2021
2037,2035,2040,2035,2055,2021,2054,2020
2038,2031,2031,2032,2050,2024,2057,2014
2029,2032,2034,2027,2052,2030,2064,2005
2031,2034,2034,2029,2045,2027,2061,2002
2028,2034,2025,2025,2057,2029,2045,2000
2028,2025,2022,2028,2074,2038,2057,2006
2029,2037,2029,2045,2104,2048,2048,2014
2040,2042,2036,2048,2112,2053,2043,2019
2039,2041,2032,2041,2096,2045,2042,2008
2039,2034,2035,2036,2082,2041,2041,2012
2043,2042,2052,2043,2080,2036,2028,2010
2044,2052,2066,2053,2077,2037,2032,2014
2048,2057,2069,2051,2076,2032,2037,2014
2034,2052,2066,2052,2074,2042,2048,2014
2026,2045,2066,2057,2076,2039,2039,2013
2025,2042,2059,2053,2073,2036,2030,2025
2025,2044,2061,2053,2066,2042,2057,2027
2033,2046,2063,2052,2070,2043,2067,2038
2038,2057,2072,2056,2076,2055,2072,2053
2043,2054,2070,2058,2080,2060,2069,2068
2044,2060,2065,2061,2082,2063,2071,2070
2046,2055,2060,2062,2084,2058,2058,2069
2043,2051,2060,2057,2075,2051,2053,2072
2044,2052,2054,2056,2073,2048,2055,2071
2042,2046,2051,2054,2076,2053,2049,2068
2041,2040,2039,2041,2073,2059,2056,2067
2039,2038,2036,2041,2072,2067,2062,2077
2046,2046,2046,2054,2068,2071,2042,2074
2046,2047,2053,2052,2074,2060,2040,2066
2039,2042,2048,2045,2075,2056,2058,2056
2036,2043,2042,2041,2076,2051,2068,2052
2037,2049,2045,2045,2073,2040,2058,2051
2040,2051,2045,2040,2059,2024,2041,2037
2029,2042,2034,2035,2050,2004,2027,2026
2031,2045,2030,2041,2044,2008,2029,2029
2039,2047,2040,2054,2055,2025,2046,2038
2056,2062,2049,2065,2069,2049,2067,2037
2055,2064,2051,2064,2086,2062,2059,2038
2049,2057,2042,2062,2102,2066,2064,2035
2045,2048,2032,2055,2103,2061,2060,2036
2044,2041,2022,2041,2065,2052,2057,2033
2039,2034,2022,2037,2024,2054,2054,2027
2036,2030,2014,2023,2027,2044,2043,2022
2026,2038,2010,2015,2058,2047,2048,2026
2029,2036,2012,2016,2065,2040,2041,2034
2041,2041,2027,2020,2057,2016,2047,2039
2048,2047,2039,2020,2039,1979,2036,2048
2057,2047,2038,2028,2049,1983,2034,2057
2052,2052,2046,2028,2081,2020,2052,2055
2049,2047,2046,2048,2122,2064,2067,2054
2052,2058,2063,2076,2139,2077,2079,2057
2042,2056,2070,2078,2117,2076,2073,2065
2034,2056,2073,2072,2121,2083,2072,2072
2029,2045,2064,2065,2126,2089,2051,2067
2037,2043,2054,2054,2088,2054,2062,2066
2041,2042,2053,2034,2035,2018,2038,2065
2043,2048,2057,2028,2047,2014,2049,2065
2044,2053,2069,2033,2024,2011,2044,2066
2039,2040,2058,2038,2008,2007,2044,2068
2036,2038,2057,2040,2014,2005,2037,2069
2042,2042,2059,2052,2034,2006,2040,2067
2047,2044,2059,2060,2049,2019,2058,2063
2044,2045,2061,2068,2069,2037,2059,2056
2049,2045,2055,2065,2064,2046,2059,2046
2042,2042,2048,2066,2056,2055,2036,2050
2045,2046,2046,2060,2055,2051,2026,2048
2041,2048,2046,2060,2050,2042,2032,2034
2035,2048,2046,2055,2037,2055,2025,2027
2027,2046,2045,2050,2041,2055,2030,2028
2036,2047,2047,2052,2046,2065,2044,2042
2042,2048,2048,2049,2051,2081,2057,2034
2048,2050,2056,2049,2060,2079,2083,2034
2055,2048,2065,2046,2068,2077,2062,2041
2051,2050,2065,2028,2064,2063,2063,2039
2043,2040,2059,2016,2058,2035,2054,2031
2043,2040,2054,2012,2053,2021,2058,2039
2055,2059,2053,2013,2052,2041,2068,2047
2051,2058,2053,2015,2067,2046,2066,2041
2049,2052,2046,2019,2080,2053,2061,2045
2047,2051,2047,2034,2095,2055,2063,2052
2052,2058,2057,2045,2100,2062,2063,2062
2058,2066,2065,2058,2112,2072,2067,2058
2059,2066,2069,2065,2138,2075,2071,2067
2059,2061,2062,2064,2179,2078,2077,2067
2051,2061,2058,2058,2206,2095,2068,2074
2046,2056,2046,2056,2201,2110,2074,2072
2044,2052,2037,2035,2144,2098,2062,2081
2046,2046,2030,2018,2044,2080,2063,2084
2050,2046,2021,2032,2078,2065,2061,2077
2052,2047,2028,2028,2049,2048,2048,2084
2051,2041,2030,2016,1982,2044,2056,2073
2045,2040,2031,2015,1956,2056,2069,2085
2052,2046,2043,2008,1865,2039,2062,2076
2049,2042,2042,2004,1878,2010,2051,2068
2045,2044,2047,2009,1907,1988,2057,2063
2038,2049,2047,2012,1964,1992,2059,2061
2054,2052,2052,2032,2000,2009,2061,2064
2058,2057,2058,2032,2014,2018,2070,2056
2062,2056,2060,2041,2035,2034,2054,2054
2059,2057,2061,2039,2022,2037,2041,2040
2057,2053,2064,2023,1974,2034,2050,2040
2054,2050,2058,2021,1943,2030,2036,2047
2062,2058,2064,2019,1905,2008,2036,2046
2066,2058,2053,2008,1876,2000,2014,2040
2068,2049,2042,1998,1864,1998,2006,2034
2060,2026,2020,1995,1888,1989,2002,2023
2050,2010,2003,2013,2024,2016,2027,2013
2038,2006,2018,2047,2140,2050,2049,2027
2042,2019,2026,2053,2132,2070,2019,2026
2045,2020,2021,2037,2088,2062,2038,2028
2051,2028,2036,2037,2060,2061,2017,2017
2045,2033,2045,2038,2061,2064,2041,2025
2041,2046,2063,2050,2073,2050,2047,2033
2040,2047,2068,2069,2134,2042,2056,2038
2036,2050,2069,2078,2180,2040,2057,2042
2037,2056,2065,2075,2130,2040,2061,2053
2041,2052,2061,2048,2052,2041,2041,2057
2036,2055,2057,2043,2063,2040,2043,2063
2042,2054,2057,2051,2078,2034,2048,2071
2042,2050,2056,2042,2064,2028,2045,2076
2051,2047,2055,2047,2054,2025,2028,2073
2043,2050,2051,2048,2050,2017,2037,2072
2033,2033,2037,2044,2064,2020,2013,2070
2035,2045,2047,2054,2064,2031,2022,2076
2051,2060,2062,2063,2064,2037,2042,2076
2059,2070,2069,2068,2060,2048,2047,2075
2055,2066,2081,2078,2074,2047,2029,2061
2053,2059,2086,2074,2072,2058,2032,2059
2046,2053,2077,2072,2066,2057,2031,2047
2045,2045,2073,2068,2056,2044,2034,2034
2035,2046,2074,2074,2059,2044,2036,2032
2042,2048,2074,2075,2062,2041,2046,2037
2049,2052,2065,2071,2061,2049,2051,2038
2052,2060,2069,2074,2065,2049,2052,2036
2058,2063,2058,2076,2072,2053,2075,2040
2057,2062,2050,2074,2065,2051,2072,2035
2059,2062,2046,2069,2065,2050,2070,2044
2066,2059,2045,2064,2062,2048,2073,2043
2061,2048,2020,2041,2051,2042,2055,2036
2051,2041,2020,2029,2042,2036,2053,2044
2057,2047,2009,2027,2055,2036,2053,2049
2050,2049,2006,2026,2066,2042,2056,2045
2054,2049,2001,2016,2057,2042,2051,2040
2052,2048,2003,2006,2056,2043,2066,2048
2045,2047,1999,2005,2058,2035,2054,2054
2050,2046,1989,2008,2067,2034,2057,2069
2060,2048,1988,2008,2065,2046,2059,2069
2054,2048,1991,2018,2055,2043,2051,2071
2062,2051,2000,2019,2033,2046,2043,2075
2066,2056,2009,2018,2029,2043,2034,2081
2067,2055,2017,2029,2090,2042,2056,2080
2066,2057,2016,2042,2111,2013,2047,2076
2063,2057,2022,2048,2110,1983,2050,2072
2061,2059,2033,2050,2092,1976,2053,2072
2056,2047,2033,2045,2094,1995,2036,2069
2044,2037,2038,2051,2092,2037,2019,2071
2041,2061,2066,2067,2085,2073,2026,2072
2050,2068,2092,2072,2089,2073,2015,2062
2042,2056,2085,2050,2045,2063,2033,2049
2041,2048,2059,1999,1856,2061,2043,2032
2036,2042,2051,1995,1839,2100,2033,2031
2047,2045,2060,2022,1934,2129,2045,2038
2052,2056,2080,2049,2041,2104,2039,2034
2059,2057,2083,2055,2064,2001,2038,2033
2059,2061,2081,2051,2070,1976,2024,2032
2051,2057,2067,2051,2045,2021,2046,2022
2038,2046,2062,2049,2036,2051,2046,2022
2034,2050,2055,2054,2044,2060,2065,2029
2044,2052,2052,2051,2032,2046,2053,2022
2052,2052,2042,2025,1942,2024,2025,2020
2049,2045,2032,2006,1957,2033,2021,2012
2043,2043,2031,2011,2018,2051,2028,2016
2052,2051,2033,2027,2049,2057,2045,2029
2051,2046,2040,2038,2068,2057,2057,2033
2048,2052,2037,2039,2090,2058,2048,2030
2051,2047,2038,2035,2073,2062,2058,2047
2058,2054,2031,2029,2083,2087,2074,2059
2062,2060,2029,2029,2092,2093,2062,2063
2069,2058,2031,2035,2099,2076,2066,2060
2067,2054,2029,2035,2100,2065,2060,2064
2053,2054,2033,2044,2133,2071,2061,2063
2050,2054,2039,2052,2132,2077,2062,2066
2042,2044,2040,2047,2105,2084,2061,2075
2048,2047,2046,2050,2122,2104,2057,2075
2050,2054,2049,2059,2155,2121,2076,2078
2048,2058,2050,2061,2145,2132,2061,2075
2048,2049,2040,2046,2135,2105,2041,2066
2043,2037,2033,2038,2117,2059,2044,2080
2043,2039,2028,2048,2081,2043,2049,2090
2062,2051,2033,2060,2094,2051,2049,2085
2058,2051,2034,2066,2128,2052,2037,2076
2061,2045,2039,2056,2115,2053,2038,2068
2057,2040,2030,2038,1980,2009,2025,2058
2051,2041,2023,2035,1942,1993,2034,2053
2051,2036,2015,2044,1971,2008,2057,2050
2045,2028,2020,2052,1991,2024,2054,2036
2045,2032,2021,2047,1991,2027,2049,2024
2049,2030,2023,2044,1993,2024,2039,2017
2045,2039,2038,2059,2016,2022,2046,2021
2055,2047,2050,2059,2011,2012,2056,2028
2053,2042,2043,2044,2005,2009,2051,2022
2049,2038,2040,2042,2012,2006,2049,2022
2042,2033,2041,2041,2000,2004,2032,2024
2046,2026,2029,2036,1988,1995,2018,2022
2044,2032,2035,2035,1976,2000,2023,2013
2057,2051,2047,2034,1963,2031,2035,2018
2060,2055,2051,2021,1967,2054,2030,2018
2052,2050,2045,2009,1958,2038,2024,2004
2042,2049,2059,2017,1983,2016,2018,2021
2051,2066,2078,2036,2023,2003,2046,2052
2063,2080,2088,2065,2090,2028,2067,2057
2063,2076,2080,2077,2153,2060,2078,2058
2060,2070,2061,2076,2161,2080,2077,2064
2058,2062,2049,2059,2149,2072,2068,2071
2058,2059,2038,2041,2132,2060,2071,2073
2053,2063,2044,2022,2071,2043,2058,2077
2051,2050,2047,2026,2030,2044,2068,2076
2058,2049,2045,2023,2018,2045,2076,2074
2050,2050,2045,2029,2018,2052,2064,2067
2044,2042,2046,2035,2030,2056,2067,2070
2041,2031,2046,2037,2051,2065,2075,2081
2034,2032,2049,2036,2060,2077,2057,2082
2037,2051,2047,2040,2045,2063,2053,2075
2033,2056,2045,2030,2024,2036,2035,2062
2046,2061,2048,2038,2050,2036,2042,2051
2052,2058,2044,2049,2061,2050,2065,2044
2054,2047,2041,2047,2052,2049,2072,2059
2056,2045,2034,2046,2038,2053,2072,2048
2053,2050,2036,2057,2087,2056,2073,2045
2057,2048,2035,2065,2148,2060,2066,2041
2048,2043,2036,2083,2210,2072,2069,2040
2046,2038,2035,2086,2213,2079,2058,2036
2036,2024,2031,2085,2180,2080,2042,2030
2039,2040,2046,2097,2177,2075,2045,2031
2048,2051,2055,2096,2192,2045,2043,2024
2051,2050,2052,2062,2122,2012,2023,2020
2039,2035,2042,2040,2057,1989,2036,2010
2035,2032,2036,2052,2095,2014,2050,2017
2045,2036,2043,2059,2124,2021,2049,2014
2043,2030,2035,2025,2052,2024,2051,2024
2041,2030,2036,2008,1944,2034,2051,2040
2055,2043,2051,2025,1962,2065,2066,2043
2069,2056,2052,2038,1990,2079,2068,2049
2066,2051,2040,2023,1954,2068,2062,2045
2057,2047,2029,2005,1936,2054,2067,2033
2051,2037,2038,2014,1923,2031,2045,2044
2053,2041,2036,2016,1843,1986,2062,2067
2055,2039,2041,2026,1890,1992,2072,2080
2052,2052,2046,2044,1965,2017,2074,2085
2049,2050,2047,2061,2021,2049,2076,2079
2043,2041,2037,2057,2063,2052,2043,2073
2048,2050,2042,2059,2063,2049,2052,2063
2045,2057,2046,2057,2042,2049,2057,2062
2045,2052,2044,2053,1992,2046,2054,2069
2042,2050,2046,2034,1920,2034,2058,2074
2040,2050,2040,2026,1873,2023,2047,2064
2038,2048,2039,2016,1877,2037,2046,2053
2038,2050,2041,2015,1895,2046,2056,2049
2041,2053,2056,2018,1946,2056,2054,2047
2051,2061,2076,2029,1982,2057,2066,2048
2058,2068,2095,2036,2002,2057,2069,2039
2057,2067,2097,2045,2026,2060,2064,2037
2061,2068,2088,2062,2050,2056,2069,2033
2055,2065,2076,2063,2053,2040,2035,2029
2051,2063,2066,2081,2104,2041,2026,2029
2051,2060,2072,2087,2133,2047,2053,2023
2049,2056,2066,2081,2085,2039,2056,2018
2043,2051,2055,2073,2067,2049,2053,2020
2041,2036,2045,2065,2081,2056,2047,2021
2036,2028,2030,2044,2072,2042,2039,2016
2046,2040,2028,2041,2074,2045,2047,2027
2056,2041,2025,2045,2057,2055,2050,2030
2054,2046,2024,2045,2055,2056,2060,2033
2050,2052,2033,2054,2092,2071,2065,2040
2048,2058,2049,2080,2149,2092,2064,2042
2058,2058,2054,2083,2129,2083,2074,2054
2058,2061,2060,2064,2093,2076,2071,2054
2046,2048,2045,2056,2084,2071,2072,2060
2037,2042,2033,2037,2079,2081,2073,2071
2040,2042,2029,2049,2080,2097,2081,2080
2051,2048,2039,2065,2153,2110,2078,2093
2056,2064,2047,2065,2165,2101,2080,2105
2066,2062,2041,2053,2091,2086,2077,2113
2060,2063,2039,2034,1995,2092,2082,2106
2048,2047,2031,2041,2072,2098,2072,2099
2043,2046,2030,2051,2149,2103,2068,2088
2044,2046,2029,2038,2084,2062,2061,2074
2048,2047,2022,2007,2016,2008,2041,2064
2046,2045,2024,2008,1997,2015,2040,2060
2051,2044,2022,2063,2136,2080,2067,2073
2048,2036,2031,2110,2293,2122,2075,2076
2061,2031,2029,2094,2217,2109,2055,2072
2056,2024,2017,2026,2057,2060,2057,2050
2045,2019,2008,1977,1984,2034,2056,2046
2052,2025,2016,1978,1980,2016,2039,2021
2039,2030,2027,1977,1922,1987,2032,2000
2036,2046,2046,2001,2023,1996,2043,2008
2037,2049,2049,2004,2062,2016,2061,2015
2041,2044,2053,2017,2050,2039,2065,2022
2038,2045,2043,2033,2085,2043,2060,2028
2038,2046,2034,2025,2076,2033,2052,2028
2032,2039,2026,2002,2007,2027,2056,2043
2050,2049,2031,2039,2068,2042,2058,2038
2048,2055,2044,2045,2075,2036,2038,2024
2036,2049,2036,2040,2011,2059,2033,2008
2020,2041,2034,2031,1926,2066,2024,2006
2021,2038,2034,2031,1928,2054,2028,2023
2032,2039,2040,2028,1930,2016,2017,2037
2045,2049,2046,2036,1958,1962,2017,2043
2048,2059,2050,2048,1991,1938,2028,2046
2048,2055,2050,2059,2040,1984,2047,2057
2050,2056,2054,2068,2047,2031,2048,2057
2049,2054,2044,2057,2023,2050,2067,2063
2049,2049,2037,2063,2038,2093,2065,2080
2056,2047,2045,2070,2088,2125,2067,2084
2054,2044,2040,2069,2112,2126,2068,2088
2046,2041,2034,2061,2121,2106,2064,2081
2041,2039,2035,2056,2075,2083,2040,2084
2046,2047,2044,2052,2054,2066,2056,2075
2058,2060,2047,2055,2019,2057,2053,2072
2059,2053,2039,2038,1979,2036,2028,2060
2048,2038,2018,2027,1960,2022,2011,2052
2040,2029,2013,2014,1944,1999,2017,2033
2043,2021,2008,1999,1933,1979,2022,2029
2046,2023,2022,2021,2000,1980,2047,2031
2043,2024,2015,2028,2004,1982,2031,2025
2034,2022,2022,2039,2017,2002,2040,2022
2033,2022,2026,2069,2083,2046,2057,2023
2030,2029,2037,2074,2107,2073,2046,2030
2033,2034,2039,2062,2060,2064,2043,2025
2041,2038,2034,2053,2034,2072,2032,2024
2045,2052,2043,2052,2017,2079,2055,2025
2048,2063,2048,2054,2016,2073,2049,2028
2041,2062,2037,2048,2006,2067,2039,2027
2054,2061,2035,2051,2011,2078,2042,2042
2056,2064,2042,2057,2032,2080,2060,2052
2056,2055,2042,2058,1994,2107,2063,2055
2057,2057,2033,2051,1953,2116,2058,2059
2052,2057,2038,2053,1942,2079,2057,2057
2058,2065,2040,2055,1970,2076,2058,2065
2059,2066,2040,2056,1982,2079,2070,2062
2049,2055,2032,2047,1968,2072,2056,2065
2048,2052,2035,2036,1950,2068,2060,2062
2049,2047,2037,2019,1967,2058,2061,2069
2049,2047,2030,2025,2022,2057,2047,2070
2043,2044,2035,2044,2072,2036,2053,2077
2040,2047,2040,2059,2146,2043,2052,2079
2042,2042,2043,2084,2197,2068,2061,2082
2044,2040,2041,2089,2189,2092,2066,2082
2043,2034,2030,2070,2122,2099,2064,2077
2044,2032,2032,2064,2097,2110,2073,2075
2042,2042,2047,2069,2109,2104,2065,2070
2041,2043,2036,2053,2103,2055,2023,2062
2036,2043,2031,2028,2068,1983,1987,2051
2026,2035,2017,2024,2074,1968,1984,2037
2031,2028,2023,2026,2010,1977,1992,2033
2041,2038,2034,2045,2006,2021,2006,2032
2043,2044,2044,2057,2024,2044,2026,2032
2056,2053,2045,2061,2027,2045,2033,2029
2049,2046,2046,2061,2029,2050,2027,2026
2038,2039,2042,2055,2039,2044,2001,2021
2022,2041,2035,2052,2060,2039,2010,2026
2026,2052,2044,2060,2075,2053,2024,2027
2039,2066,2060,2081,2101,2057,2041,2030
2053,2070,2059,2077,2099,2057,2034,2024
2048,2061,2047,2062,2078,2051,2026,2030
2033,2049,2040,2059,2063,2048,2023,2028
2033,2051,2044,2061,2063,2042,2044,2031
2039,2056,2046,2061,2054,2034,2022,2039
2046,2054,2046,2047,2032,2027,2032,2044
2052,2055,2054,2048,2026,2022,2039,2049
2050,2059,2057,2058,2027,2032,2035,2050
2053,2068,2058,2057,2013,2038,2017,2048
2047,2060,2056,2058,2030,2058,2040,2053
2053,2057,2054,2072,2053,2084,2056,2061
2048,2049,2052,2077,2080,2106,2059,2070
2043,2043,2049,2087,2138,2122,2074,2068
2036,2049,2041,2101,2174,2129,2066,2083
2047,2056,2054,2101,2144,2113,2048,2090
2053,2059,2049,2091,2092,2098,2053,2090
2048,2062,2048,2089,2137,2127,2079,2097
2057,2061,2039,2069,2139,2100,2055,2081
2055,2054,2036,2048,2162,2053,2061,2086
2075,2057,2041,2050,2176,2028,2035,2080
2074,2056,2038,2028,2087,2024,2020,2060
2047,2048,2028,2000,1979,2030,2026,2064
2048,2044,2020,2002,2058,2044,2038,2061
2049,2044,2026,1986,2015,2028,2031,2042
2027,2036,2020,1965,1886,2013,2017,2035
2027,2042,2036,2033,1957,2045,2034,2042
2040,2063,2064,2066,1907,2012,2036,2051
2060,2063,2056,2052,1855,1961,2046,2054
2062,2063,2047,2046,1868,1985,2061,2050
2057,2053,2044,2032,1752,2005,2047,2020
2032,2044,2043,2013,1693,2038,2033,2002
2016,2036,2043,2029,1834,2074,2036,2015
2039,2022,2038,2049,1955,2107,2054,2041
2055,2011,2050,2067,1971,2116,2060,2026
2062,2019,2064,2082,1972,2081,2064,2042
2079,2042,2080,2096,1951,2065,2082,2062
2076,2059,2080,2081,1884,2068,2071,2037
2055,2047,2048,2029,1870,2047,2035,2029
2039,2038,2030,2034,2074,2088,2050,2038
2039,2043,2048,2120,2356,2138,2077,2058
2050,2052,2048,2120,2382,2109,2063,2043
2026,2047,2040,2085,2361,2059,2044,2033
2036,2066,2045,2090,2267,2048,2052,2044
2050,2076,2046,2081,2196,2065,2048,2047
2042,2062,2034,2060,2117,2048,2045,2062
2050,2059,2032,2036,1983,2030,2072,2089
2071,2063,2033,2057,1995,2049,2055,2109
2072,2059,2025,2083,2126,2024,2034,2099
2045,2038,2014,2068,2136,1997,2019,2075
2040,2043,2040,2084,2155,1998,2035,2049
2027,2036,2037,2054,2077,1998,2009,2028
2017,2028,2028,2056,2120,2043,2014,2037
2026,2027,2032,2062,2104,2055,2028,2053
2027,2026,2028,2026,1972,2042,2037,2053
2028,2044,2039,2020,1935,2050,2050,2062
2043,2059,2054,2053,2047,2076,2068,2060
2050,2050,2046,2058,2133,2076,2064,2068
2059,2036,2033,2064,2149,2067,2041,2058
2058,2036,2032,2061,2149,2038,2041,2036
2068,2045,2032,2033,2017,1980,2020,2026
2067,2042,2027,2009,1841,1966,2013,2038
2079,2061,2034,2001,1772,1979,2032,2046
2077,2059,2041,2022,1889,1998,2017,2028
2063,2062,2043,2055,2015,2029,2007,2007
2038,2052,2044,2068,2041,2075,2026,2025
2051,2052,2053,2065,2030,2067,2043,2030
2044,2053,2058,2063,2096,2072,2029,2020
2033,2042,2039,2030,2049,2045,2023,2027
2027,2043,2036,2000,1960,2029,2027,2031
2027,2053,2040,2020,1954,2045,2043,2036
2032,2042,2039,2070,2041,2092,2051,2048
2048,2054,2051,2085,2060,2097,2060,2049
2065,2064,2052,2070,2044,2078,2041,2048
2064,2056,2057,2058,2041,2075,2036,2048
2064,2061,2063,2057,2034,2074,2044,2038
2070,2058,2063,2054,2036,2075,2061,2054
2069,2045,2056,2047,2031,2074,2059,2077
2071,2038,2056,2041,2061,2074,2056,2076
2065,2040,2048,2033,2055,2087,2061,2074
2056,2046,2053,2045,2045,2094,2057,2071
2048,2032,2046,2052,2059,2094,2043,2074
2056,2013,2033,2052,2099,2107,2041,2080
2066,2004,2023,2039,2114,2104,2032,2079
2047,2002,2019,2044,2121,2066,2048,2080
2040,2024,2026,2050,2121,2044,2053,2074
2055,2066,2056,2061,2113,2053,2052,2067
2048,2087,2062,2062,2096,2056,2032,2067
2042,2069,2061,2049,2044,2053,2025,2060
2051,2060,2060,2051,2007,2036,2049,2050
2059,2060,2049,2034,1991,2018,2051,2043
2062,2062,2049,2043,2012,2029,2054,2031
2071,2077,2056,2061,2065,2047,2040,2038
2081,2072,2049,2063,2071,2063,2046,2057
2086,2051,2031,2037,2026,2030,2036,2043
2060,2025,2013,2013,1979,2007,2024,2020
2054,2028,2011,2012,1960,2015,2026,2011
2068,2046,2032,2033,1985,2023,2028,2020
2075,2051,2042,2048,1995,2036,2031,2037
2082,2058,2045,2046,1986,2045,2033,2031
2059,2065,2046,2040,1936,2069,2028,2012
2010,2055,2052,2031,1911,2060,2021,2011
2024,2069,2057,2031,1910,2058,2032,2015
2024,2065,2051,2027,1891,2047,2024,2020
2035,2064,2050,2023,1878,2038,2041,2046
2052,2068,2055,2025,1899,2030,2050,2054
2044,2070,2053,2046,1961,2049,2054,2056
2031,2064,2048,2056,2040,2074,2061,2061
2040,2063,2046,2049,2128,2070,2051,2058
2044,2063,2049,2077,2190,2058,2046,2049
2045,2061,2061,2101,2196,2054,2040,2045
2040,2060,2062,2088,2208,2060,2034,2054
2049,2055,2062,2086,2220,2084,2056,2059
2044,2062,2055,2068,2199,2097,2046,2085
2056,2044,2052,2051,2160,2086,2044,2087
2044,2035,2050,2055,2126,2079,2043,2089
2038,2036,2047,2035,1976,2052,2030,2085
2036,2030,2041,2038,2005,2060,2026,2064
2028,2039,2040,2048,2059,2049,2031,2060
2026,2050,2053,2051,2008,2029,2055,2055
2032,2068,2068,2068,2015,2052,2054,2058
2036,2067,2068,2076,2053,2068,2042,2045
2032,2055,2051,2075,2049,2055,2034,2032
2031,2043,2060,2074,2008,2032,2041,2025
2027,2028,2059,2068,1958,2020,2040,2037
2040,2029,2063,2064,1891,2021,2050,2042
2054,2049,2088,2074,1871,2027,2061,2047
2052,2059,2086,2090,1988,2020,2019,2033
2034,2046,2075,2115,2125,2028,2017,2015
2038,2062,2097,2147,2210,2057,2046,2026
2038,2069,2097,2148,2226,2062,2051,2019
2026,2058,2062,2128,2181,2048,2057,2024
2019,2037,2052,2110,2137,2034,2045,2035
2047,2047,2052,2105,2124,2029,2043,2039
2055,2045,2038,2089,2087,2020,2026,2021
2033,2038,2038,2081,2054,2033,2024,2018
2043,2058,2054,2102,2093,2063,2063,2031
2055,2074,2061,2092,1987,2057,2077,2032
2053,2069,2047,2034,1762,2046,2065,2040
2042,2054,2035,2020,1754,2053,2055,2039
2035,2046,2030,2006,1755,2076,2056,2044
2030,2038,2023,1979,1798,2085,2049,2043
2034,2040,2017,1967,1907,2073,2055,2036
2035,2044,2011,1952,1974,2047,2055,2045
2036,2040,2007,1970,2001,2007,2028,2053
2043,2037,2006,1972,1997,1974,2012,2065
2042,2038,2006,2002,2129,1981,2037,2076
2049,2044,2026,2052,2210,2041,2055,2085
2056,2048,2037,2072,2211,2089,2083,2088
2053,2051,2040,2060,2168,2100,2078,2080
2046,2043,2037,2057,2133,2093,2031,2063
2040,2043,2048,2048,2121,2118,2054,2060
2040,2043,2041,2052,2158,2148,2054,2069
2042,2042,2052,2067,2189,2192,2062,2072
2046,2048,2062,2073,2184,2183,2069,2063
2043,2048,2066,2047,2096,2101,2056,2056
2042,2048,2053,2034,2061,2017,2043,2059
2041,2041,2048,2022,2030,2021,2040,2054
2044,2034,2046,2025,1989,2040,2033,2046
2047,2044,2048,2046,2068,2041,2040,2040
2042,2046,2050,2067,2095,2009,2047,2034
2035,2040,2047,2054,2077,1983,2030,2027
2031,2037,2050,2045,2057,1978,2034,2025
2034,2039,2060,2057,2070,1987,2021,2024
2035,2045,2064,2061,2055,1992,2035,2029
2055,2057,2081,2065,2030,1972,2055,2034
2055,2062,2087,2065,2009,1983,2054,2035
2052,2058,2082,2066,1987,2001,2054,2035
2051,2057,2089,2071,1991,2013,2041,2032
2043,2053,2075,2060,1982,2015,2026,2030
2047,2053,2066,2052,1961,2015,2045,2026
2041,2043,2054,2045,1975,2020,2049,2028
2032,2041,2051,2058,1982,2035,2047,2029
2041,2054,2073,2087,2041,2068,2059,2047
2056,2056,2079,2095,2119,2083,2048,2054
2047,2059,2068,2083,2123,2093,2042,2060
2045,2056,2064,2076,2106,2089,2050,2056
2038,2055,2060,2062,2064,2080,2054,2055
2041,2057,2054,2053,2069,2082,2058,2078
2047,2052,2039,2037,2094,2098,2073,2088
2056,2062,2052,2054,2152,2098,2081,2101
2071,2073,2055,2071,2196,2079,2090,2104
2067,2060,2043,2069,2138,2082,2073,2108
2068,2057,2039,2065,2120,2091,2056,2099
2062,2052,2045,2065,2154,2076,2069,2083
2052,2050,2054,2037,2077,2037,2038,2071
2042,2045,2072,2032,1978,2009,2039,2059
2045,2051,2085,2059,1986,2034,2055,2064
2055,2064,2113,2095,2031,2054,2052,2054
2049,2060,2115,2093,2021,2058,2052,2038
2035,2049,2104,2101,2080,2057,2051,2031
2038,2062,2107,2126,2158,2072,2058,2031
2040,2069,2093,2133,2194,2074,2057,2027
2034,2064,2086,2129,2199,2053,2031,2026
2039,2056,2076,2122,2187,2032,2021,2014
2042,2052,2052,2109,2164,2021,2019,2012
2038,2044,2040,2090,2120,2023,2035,2006
2032,2037,2031,2072,2008,2036,2046,2009
2028,2035,2014,2036,1843,2028,2045,2012
2022,2029,2008,2036,1890,2045,2055,2014
2025,2036,2022,2054,1929,2055,2057,2028
2032,2035,2008,2037,1950,2042,2065,2026
2020,2024,1989,2005,1967,2041,2062,2027
2022,2022,1977,1992,1993,2046,2065,2033
2031,2027,1983,1998,2004,2047,2071,2039
2040,2040,2009,2022,2039,2046,2065,2052
2052,2047,2027,2036,2039,2033,2053,2064
2058,2056,2041,2047,2050,2043,2058,2068
2067,2069,2055,2064,2128,2052,2060,2069
2044,2062,2066,2089,2193,2050,2062,2069
2038,2051,2074,2084,2134,2046,2044,2069
2043,2047,2075,2067,2019,2048,2046,2073
2049,2044,2078,2040,1886,2041,2045,2083
2046,2055,2077,2036,1949,2044,2071,2078
2055,2065,2076,2035,2003,2041,2059,2078
2057,2061,2062,2031,2023,2033,2030,2074
2062,2055,2054,2039,2039,1994,2039,2076
2050,2067,2061,2060,2067,2014,2052,2078
2047,2074,2058,2066,2086,2046,2055,2070
2054,2069,2047,2049,2083,2057,2063,2056
2050,2063,2037,2050,2119,2080,2076,2059
2052,2056,2043,2065,2169,2087,2079,2048
2051,2047,2039,2060,2098,2067,2052,2033
2038,2037,2040,2043,2028,2054,2021,2025
2041,2035,2038,2035,2006,2051,2022,2034
2032,2032,2027,2030,2006,2052,2050,2027
2033,2031,2037,2029,2000,2060,2045,2023
2038,2044,2054,2041,2038,2084,2058,2020
2035,2046,2044,2029,2023,2104,2058,2017
2024,2034,2031,2024,2064,2090,2038,2013
2013,2021,2019,2030,2100,2058,2032,2001
2016,2028,2035,2057,2103,2056,2031,2009
2030,2030,2035,2058,2073,2049,2047,2019
2034,2038,2040,2050,2036,2070,2057,2033
2040,2049,2044,2048,1951,2071,2046,2040
2043,2057,2051,2059,1993,2067,2049,2045
2050,2066,2054,2068,2046,2054,2052,2037
2041,2060,2054,2061,2071,2029,2039,2029
2035,2045,2048,2047,2114,1995,2038,2026
2031,2045,2044,2047,2100,1964,2026,2039
2015,2043,2040,2047,2083,1981,2033,2046
2020,2042,2044,2056,2086,2024,2044,2063
2034,2052,2052,2074,2094,2064,2043,2078
2043,2053,2061,2076,2076,2064,2044,2091
2039,2058,2057,2067,2053,2039,2033,2084
2038,2060,2064,2070,2059,2024,2053,2078
2035,2065,2068,2068,2059,2025,2052,2075
2036,2054,2055,2059,2062,2024,2034,2073
2041,2042,2046,2052,2053,2025,2036,2069
2044,2058,2053,2054,2052,2027,2056,2063
2043,2058,2056,2057,2062,2042,2052,2060
2054,2062,2056,2063,2025,2049,2043,2054
2058,2054,2051,2058,2010,2034,2049,2045
2049,2043,2048,2053,2014,2039,2057,2046
2049,2038,2051,2061,2053,2058,2045,2053
2058,2040,2048,2057,2070,2064,2031,2052
2053,2028,2041,2054,2038,2033,2032,2042
2048,2030,2035,2058,1994,2021,2044,2035
2029,2023,2030,2060,1980,2002,2020,1975
1990,2008,2016,2043,1994,1985,2021,1973
1998,2016,2022,2064,2042,2018,2048,2018
2037,2042,2059,2095,2064,2037,2031,2037
2054,2063,2066,2075,1972,1995,2022,2022
2042,2066,2058,2060,1977,1994,2035,2025
2039,2066,2054,2068,2000,1998,2030,2028
2034,2067,2059,2071,2030,2005,2041,2033
2031,2059,2053,2077,2070,2007,2039,2026
2023,2050,2049,2081,2100,2006,2010,2027
2023,2045,2056,2095,2129,2011,2015,2025
2028,2047,2058,2103,2147,2020,2021,2021
2033,2043,2064,2124,2198,2050,2038,2023
2032,2043,2065,2119,2160,2082,2060,2038
2044,2042,2063,2105,2136,2110,2069,2046
2040,2038,2068,2101,2152,2139,2068,2059
2028,2048,2072,2084,2121,2157,2069,2062
2032,2047,2071,2054,2100,2157,2065,2066
2027,2046,2071,2054,2057,2096,2053,2071
2030,2058,2078,2046,1955,2056,2043,2067
2032,2058,2072,2045,1934,2063,2036,2070
2024,2047,2065,2049,1981,2080,2030,2064
2038,2064,2076,2060,2015,2090,2030,2064
2043,2072,2082,2077,2071,2101,2019,2055
2040,2060,2062,2079,2092,2101,2054,2054
2044,2054,2052,2065,2095,2067,2031,2052
2042,2036,2034,2039,2038,2010,2022,2044
2043,2029,2025,2016,2005,2020,2050,2037
2035,2028,2023,2017,2001,2033,2048,2025
2023,2029,2017,2034,2065,2043,2055,2012
2014,2017,2017,2049,2146,2039,2045,2020
2010,2024,2022,2044,2069,2020,2051,2020
2017,2037,2030,2039,1996,2005,2024,2018
2028,2039,2033,2043,1984,2011,2033,2012
2029,2047,2034,2046,2006,2016,2044,2019
2046,2057,2037,2051,2024,2041,2052,2021
2054,2064,2049,2053,2032,2063,2060,2021
2051,2065,2059,2049,2014,2047,2048,2010
2040,2061,2051,2035,1986,2051,2033,2011
2035,2061,2052,2034,1963,2089,2018,2006
2031,2052,2050,2028,1937,2086,2033,1999
2030,2045,2051,2032,1943,2054,2035,2013
2039,2050,2052,2037,1979,2047,2040,2023
2048,2045,2046,2048,2019,2031,2025,2026
2048,2045,2051,2077,2127,1992,2045,2047
2046,2056,2068,2099,2195,2004,2049,2054
2048,2063,2081,2120,2217,2032,2064,2050
2045,2065,2085,2130,2257,2058,2071,2058
2043,2055,2076,2131,2214,2073,2057,2066
2053,2070,2077,2128,2185,2080,2062,2072
2050,2077,2077,2100,2035,2066,2055,2086
2064,2079,2069,2090,2006,2066,2043,2098
2084,2078,2069,2099,2084,2079,2063,2099
2089,2073,2061,2062,1984,2067,2047,2075
2063,2048,2047,2023,1912,2043,2036,2045
2029,2044,2046,2025,2033,2045,2042,2040
2024,2039,2050,2041,2066,2051,2051,2062
2017,2033,2058,2056,2020,2026,2050,2052
2010,2042,2069,2057,1975,2002,2026,2053
2037,2064,2077,2072,2003,2028,2052,2046
2053,2078,2084,2095,2032,2047,2052,2040
2064,2073,2084,2095,2034,2025,2011,2031
2043,2061,2065,2078,2026,2017,2034,2016
2027,2051,2067,2080,2052,2025,2013,2011
2028,2064,2076,2094,2063,2029,2037,2018
2044,2067,2079,2089,2036,2022,2039,2021
2035,2056,2069,2078,1983,2011,2032,2014
2033,2055,2061,2070,1927,2002,2029,2012
2041,2054,2059,2069,1943,2014,2042,2016
2043,2050,2063,2087,1996,2031,2028,2016
2042,2052,2078,2102,2055,2049,2042,2019
2037,2062,2094,2109,2106,2080,2059,2030
2044,2070,2091,2107,2107,2083,2082,2033
2038,2064,2082,2086,2078,2067,2044,2034
2034,2048,2062,2058,2032,2052,2050,2034
2042,2045,2049,2042,1977,2041,2037,2042
2046,2049,2032,2028,1932,2022,2033,2048
2064,2048,2025,2029,1934,2023,2052,2048
2068,2045,2007,2027,1925,2027,2057,2058
2059,2046,2012,2030,1917,2031,2068,2063
2057,2054,2016,2041,1904,2038,2085,2080
2061,2061,2015,2041,2022,2038,2084,2087
2057,2055,2003,2037,2098,2043,2067,2102
2065,2059,2009,2048,2127,2040,2057,2090
2046,2050,2008,2035,2103,2035,2071,2066
2033,2046,2010,2052,2187,2054,2069,2056
2030,2050,2024,2050,2151,2056,2034,2038
2021,2049,2029,2039,2068,2081,2054,2042
2018,2038,2020,2021,1952,2080,2036,2050
2025,2038,2012,2023,1947,2071,2042,2048
2031,2038,2015,2045,1999,2074,2037,2050
2041,2035,2014,2054,2019,2036,2038,2042
2048,2035,2009,2044,1993,2008,2013,2037
2041,2038,2023,2075,2018,2027,2026,2022
2045,2039,2023,2076,2054,2055,2016,2026
2050,2034,2022,2074,2111,2091,2026,2026
2056,2038,2034,2076,2119,2100,2057,2030
2056,2053,2044,2081,2098,2107,2034,2022
2046,2049,2041,2072,2080,2075,2021,2008
2034,2050,2046,2064,2076,2026,2029,2010
2032,2052,2044,2054,2062,2018,2047,2025
2017,2048,2058,2048,2045,2027,2036,2023
2014,2050,2062,2048,2038,2035,2038,2030
2036,2066,2076,2065,2070,2051,2051,2038
2064,2091,2078,2072,2096,2055,2074,2037
2062,2078,2068,2061,2086,2067,2064,2036
2057,2062,2069,2060,2075,2063,2067,2037
2051,2060,2061,2061,2061,2068,2063,2032
2043,2061,2062,2070,2062,2061,2069,2038
2041,2051,2053,2082,2073,2058,2068,2046
2045,2049,2058,2077,2064,2037,2064,2058
2051,2057,2060,2068,2035,2024,2049,2065
2060,2063,2056,2069,2046,2054,2054,2086
2067,2065,2052,2070,2040,2057,2030,2078
2063,2072,2045,2046,2005,2034,2037,2079
2061,2064,2040,2040,1991,2013,2043,2074
2043,2059,2054,2049,1992,1984,2027,2063
2031,2063,2071,2054,1990,1954,2022,2063
2034,2059,2074,2059,2059,1973,2021,2070
2031,2057,2075,2077,2180,2033,2031,2065
2039,2069,2079,2084,2233,2078,2044,2078
2040,2081,2094,2102,2239,2091,2070,2071
2047,2085,2099,2117,2204,2090,2080,2066
2035,2071,2098,2105,2145,2078,2074,2049
2035,2062,2081,2065,1970,2052,2062,2036
2027,2057,2066,2021,1795,2052,2050,2034
2031,2055,2058,2040,1897,2081,2067,2045
2048,2056,2062,2085,2086,2123,2065,2046
2053,2055,2062,2114,2192,2132,2079,2045
2052,2050,2049,2105,2155,2104,2068,2029
2048,2044,2056,2096,2132,2076,2056,2004
2026,2055,2060,2090,2108,2050,2051,1998
2020,2047,2056,2071,2057,2029,2044,2019
2026,2037,2040,2047,2002,2022,2039,2015
2024,2023,2030,2040,1981,2041,2026,2023
2036,2039,2029,2038,1946,2053,2034,2040
2051,2052,2027,2031,1951,2041,2042,2030
2049,2043,2018,2038,1992,2022,2040,2032
2042,2035,2021,2039,2004,2011,2044,2040
2049,2040,2022,2044,2014,2018,2056,2046
2049,2046,2030,2056,2012,2024,2052,2047
2033,2048,2039,2055,2015,2036,2047,2053
2028,2051,2036,2063,2045,2064,2056,2059
2024,2047,2035,2066,2076,2083,2054,2054
2024,2033,2027,2054,2047,2076,2050,2055
2015,2028,2012,2041,2039,2074,2050,2051
2010,2030,2020,2050,2095,2081,2049,2058
2013,2041,2020,2056,2142,2073,2054,2064
2034,2055,2039,2059,2161,2065,2045,2083
2054,2078,2052,2046,2065,2024,2040,2086
2048,2067,2053,2047,1980,2016,2052,2094
2061,2079,2063,2071,1995,2040,2050,2098
2069,2084,2067,2073,2027,2049,2047,2095
2062,2072,2062,2073,2068,2066,2031,2077
2047,2059,2058,2078,2104,2097,2052,2055
2048,2064,2076,2097,2128,2124,2067,2062
2057,2064,2076,2084,2066,2092,2061,2054
2057,2059,2057,2022,1896,2010,2030,2054
2061,2045,2036,1972,1850,1978,2038,2051
2066,2045,2034,2004,1953,2012,2044,2056
2063,2048,2034,2021,2027,2024,2030,2048
2047,2045,2031,2034,2055,2053,2032,2038
2039,2059,2047,2039,2014,2052,2058,2036
2052,2074,2053,2045,2053,2055,2047,2028
2057,2068,2038,2046,2101,2049,2059,2029
2053,2048,2029,2046,2099,2041,2066,2031
2056,2039,2024,2032,2033,2036,2056,2031
2045,2038,2021,2029,2012,2046,2062,2033
2035,2041,2030,2035,2025,2055,2056,2031
2029,2046,2035,2044,2062,2077,2071,2040
2046,2054,2040,2057,2105,2086,2079,2049
2054,2042,2033,2055,2107,2072,2055,2034
2041,2042,2026,2046,2113,2071,2041,2056
2053,2045,2022,2064,2100,2041,2045,2075
2062,2056,2036,2067,2087,1993,2028,2085
2061,2059,2041,2066,2061,1990,2016,2083
2057,2054,2040,2040,1894,1973,2012,2080
2050,2052,2039,2034,1901,2004,2027,2084
2050,2056,2056,2064,2001,2041,2047,2074
2043,2047,2062,2076,2077,2070,2072,2069
2039,2033,2060,2078,2098,2074,2038,2063
2027,2023,2060,2074,2085,2063,2060,2061
2031,2025,2054,2068,2089,2058,2056,2077
2046,2044,2074,2072,2080,2054,2046,2079
2060,2055,2080,2078,2066,2055,2050,2072
2070,2060,2078,2080,2053,2045,2037,2069
2075,2072,2080,2072,2022,2029,2024,2055
2071,2062,2070,2059,1977,2015,2016,2045
2058,2054,2058,2060,1979,2017,2034,2045
2051,2043,2042,2058,2014,2020,2028,2040
2044,2030,2025,2067,2053,2023,2045,2045
2043,2035,2024,2072,2065,2030,2040,2044
2043,2048,2024,2059,2046,2037,2057,2037
2035,2058,2028,2058,2041,2037,2019,2036
2043,2049,2045,2066,2020,2035,2015,2032
2049,2045,2063,2069,2024,2028,2039,2040
2058,2039,2066,2067,2028,2026,2048,2036
2060,2032,2060,2068,2033,2030,2053,2039
2062,2033,2068,2086,2048,2033,2056,2045
2083,2053,2073,2111,2075,2049,2053,2045
2090,2066,2065,2107,2076,2052,2056,2042
2082,2055,2026,2079,2065,2054,2051,2025
2055,2031,1994,2061,2049,2065,2040,2016
2037,2018,1992,2060,2044,2063,2035,2028
2032,2021,1990,2059,2043,2057,2032,2024
2005,2025,1981,2061,2045,2054,2054,2054
2036,2045,1981,2066,2060,2033,2050,2069
2054,2049,1982,2075,2072,2023,2060,2077
2069,2059,1997,2068,2061,2031,2060,2070
2069,2052,1989,2042,2013,2028,2040,2058
2051,2039,1991,2018,2004,2037,2035,2056
2045,2026,1990,2002,1956,2037,2044,2073
2035,2029,2009,2002,1935,2049,2052,2078
2038,2038,1999,1995,1960,2047,2068,2086
2050,2041,2003,2009,2000,2073,2076,2091
2054,2054,2028,2034,2033,2090,2081,2087
2057,2058,2071,2056,2025,2057,2040,2072
2047,2046,2064,2031,1981,2005,2038,2065
2032,2026,2055,2006,1974,1968,2043,2060
2047,2029,2064,2013,2015,1959,2038,2063
2053,2039,2080,2015,1911,1963,2049,2067
2051,2047,2085,1995,1828,1978,2069,2060
2047,2048,2084,2008,2057,2007,2067,2048
2049,2042,2088,2055,2177,2049,2071,2051
2060,2055,2098,2074,2166,2070,2070,2047
2051,2057,2092,2072,2125,2066,2076,2042
2048,2039,2082,2059,2124,2080,2072,2039
2042,2043,2074,2049,2108,2079,2069,2026
2027,2038,2078,2039,2079,2070,2064,2030
2041,2047,2088,2045,2067,2061,2072,2040
2048,2043,2076,2044,2077,2065,2074,2044
2057,2043,2073,2054,2086,2072,2068,2057
2060,2057,2086,2059,2080,2072,2074,2061
2059,2060,2092,2058,2040,2068,2065,2047
2064,2060,2092,2070,2044,2078,2074,2049
2056,2066,2085,2062,2080,2063,2075,2057
2060,2057,2071,2055,2120,2070,2079,2066
2062,2056,2068,2044,2132,2075,2083,2074
2067,2052,2064,2042,2096,2071,2082,2071
2067,2054,2060,2057,2118,2080,2080,2072
2062,2044,2058,2046,2110,2077,2059,2080
2054,2036,2051,2031,1989,2054,2058,2075
2040,2034,2050,2017,1942,2055,2062,2075
2037,2042,2055,2026,1984,2050,2052,2083
2041,2045,2056,2038,2024,2060,2055,2081
2036,2043,2061,2059,2045,2060,2047,2072
2030,2041,2057,2043,1982,2036,2038,2072
2027,2035,2050,2036,1955,2012,2042,2084
2052,2045,2051,2041,1956,2020,2046,2086
2063,2050,2047,2042,1965,2019,2048,2084
2057,2045,2031,2046,1987,2027,2036,2070
2043,2031,2024,2063,2059,2037,2039,2039
2034,2031,2028,2071,2081,2047,2044,2033
2031,2029,2028,2086,2086,2046,2036,2036
2034,2032,2045,2093,2091,2045,2060,2040
2037,2036,2051,2082,2050,2040,2052,2043
2050,2041,2049,2070,2007,2042,2050,2041
2057,2054,2047,2062,1999,2040,2041,2040
2062,2046,2046,2054,1997,2040,2046,2033
2049,2034,2041,2052,2023,2050,2053,2031
2041,2038,2041,2080,2099,2086,2050,2036
2055,2042,2046,2088,2124,2092,2074,2037
2055,2043,2038,2070,2075,2076,2042,2041
2050,2035,2025,2058,2057,2060,2042,2047
2060,2039,2029,2054,2026,2042,2026,2041
2066,2039,2055,2064,2030,2043,2037,2044
2064,2050,2061,2078,2026,2066,2047,2033
2058,2054,2065,2066,2003,2072,2037,2030
2055,2062,2072,2053,1990,2073,2031,2043
2066,2064,2081,2048,1994,2086,2046,2046
2060,2056,2070,2032,2006,2072,2033,2060
2071,2058,2083,2057,2047,2050,2034,2065
2073,2060,2084,2066,2086,2065,2059,2065
2068,2058,2084,2060,2107,2070,2060,2067
2063,2054,2080,2068,2106,2046,2068,2085
2054,2056,2083,2068,2100,2032,2058,2083
2057,2056,2084,2061,2083,2022,2046,2084
2057,2056,2081,2056,2019,2008,2044,2082
2051,2045,2076,2051,1998,1987,2033,2073
2054,2047,2074,2048,2010,1990,2034,2081
2058,2053,2079,2058,2035,2026,2043,2078
2067,2067,2108,2077,2065,2057,2030,2080
2071,2075,2121,2090,2070,2070,2045,2069
2071,2064,2095,2073,2053,2073,2043,2067
2062,2054,2065,2061,2034,2058,2041,2064
2060,2043,2030,2053,2021,2048,2044,2053
2054,2026,2013,2046,1987,2010,2050,2044
2049,2023,2027,2057,1981,2009,2074,2040
2051,2041,2040,2091,2031,2035,2069,2051
2058,2038,2041,2096,2043,2038,2068,2053
2051,2035,2015,2086,2043,2040,2065,2045
2051,2021,2000,2075,2043,2040,2060,2034
2056,2021,1985,2065,2039,2052,2056,2028
2053,2024,1973,2050,2056,2055,2051,2028
2046,2028,1963,2055,2079,2057,2043,2016
2033,2016,1949,2062,2088,2054,2043,2020
2031,2026,1969,2091,2103,2070,2049,2043
2060,2051,1986,2096,2113,2071,2052,2043
2057,2052,1979,2093,2099,2055,2032,2038
2062,2064,1995,2099,2089,2062,2042,2039
2071,2082,2004,2068,2037,2036,2033,2035
2065,2056,1979,2012,1925,1996,2039,2050
2051,2032,1972,2005,1886,1987,2028,2055
2039,2009,1960,1992,1913,1992,2031,2056
2024,2012,1986,1996,1982,2009,2019,2050
2041,2041,2038,2007,2022,2031,2050,2072
2063,2059,2071,2015,2040,2062,2060,2086
2064,2069,2089,2012,2068,2075,2066,2100
2062,2079,2097,2030,2082,2087,2073,2103
2062,2085,2108,2031,2082,2079,2077,2096
2055,2069,2098,2021,2062,2067,2053,2086
2055,2044,2091,2009,2028,2047,2049,2091
2053,2037,2092,2004,1995,2046,2042,2097
2054,2043,2088,2013,1989,2053,2046,2088
2050,2040,2075,2038,2006,2062,2063,2083
2052,2039,2086,2070,2027,2066,2083,2069
2044,2030,2092,2085,2038,2067,2066,2050
2042,2029,2070,2092,2037,2061,2063,2056
2051,2031,2047,2087,2038,2063,2046,2058
2062,2034,2023,2089,2036,2062,2063,2058
2053,2038,2009,2095,2033,2062,2065,2045
2053,2049,2012,2110,2041,2062,2073,2040
2053,2059,2021,2127,2047,2059,2074,2042
2049,2056,2015,2131,2053,2062,2072,2047
2049,2052,2000,2139,2052,2060,2047,2049
2051,2045,1999,2146,2055,2063,2042,2035
2054,2039,2016,2140,2048,2056,2067,2044
2051,2039,2015,2129,2036,2052,2061,2037
2036,2024,2018,2122,2040,2039,2049,2022
2020,2011,2018,2096,2023,2034,2045,2021
2019,2008,2039,2066,2001,2027,2048,2034
2025,2006,2047,2039,1985,2019,2028,2031
2026,2016,2075,2039,1984,2017,2039,2040
2041,2052,2149,2055,2009,2031,2033,2050
2056,2109,2227,2088,2034,2052,2069,2067
2076,2141,2241,2098,2056,2064,2082,2075
2075,2121,2177,2076,2053,2058,2076,2073
2066,2103,2132,2072,2040,2055,2081,2075
2069,2099,2103,2068,2050,2061,2072,2074
2074,2091,2084,2052,2044,2061,2072,2075
2067,2082,2060,2026,2031,2057,2059,2079
2063,2073,2031,1991,2005,2050,2062,2084
2063,2061,2017,1982,2002,2046,2049,2085
2055,2054,2010,1972,1989,2036,2026,2089
2046,2047,2002,1959,1977,2047,2026,2091
2045,2040,1996,1956,1969,2036,2033,2082
2052,2052,2026,1965,1961,2036,2019,2082
2057,2073,2057,1981,1971,2031,2034,2080
2072,2080,2066,1994,2000,2030,2054,2085
2068,2072,2082,2000,2031,2031,2042,2086
2073,2079,2084,2018,2046,2035,2056,2083
2076,2077,2086,2017,2034,2029,2041,2080
2070,2072,2074,1992,2027,2030,2027,2074
2066,2056,2061,1994,2048,2055,2035,2055
2050,2052,2059,2008,2023,2053,2050,2048
2053,2056,2069,2014,1994,2046,2049,2053
2062,2050,2068,2049,2112,2072,2064,2048
2059,2045,2062,2034,2079,2086,2065,2036
2051,2047,2059,2001,1917,2089,2064,2023
2062,2056,2068,2024,1976,2111,2055,2022
2067,2059,2070,2048,2033,2097,2055,2025
2045,2034,2055,2049,2047,2046,2048,2026
2056,2035,2051,2034,2035,2017,2030,2032
2067,2047,2052,2031,2044,1989,2042,2040
2067,2050,2057,2040,2029,1973,2043,2040
2057,2049,2052,2062,2020,1998,2049,2031
2046,2045,2039,2050,2009,2031,2045,2019
2047,2045,2032,2053,2035,2078,2045,2017
2062,2057,2029,2051,2040,2109,2052,2024
2064,2052,2025,2061,2049,2114,2057,2044
2076,2058,2009,2065,2058,2050,2045,2054
2080,2057,2006,2069,2063,1977,2050,2074
2075,2056,1998,2075,2063,1990,2050,2075
2083,2057,1986,2072,2059,2019,2039,2074
2074,2053,1971,2056,2075,2047,2058,2067
2056,2048,1979,2060,2074,2056,2068,2061
2060,2052,1995,2059,2056,2052,2047,2068
2057,2045,2005,2047,2029,2043,2049,2063
2041,2034,2017,2037,2010,2032,2031,2064
2040,2039,2026,2035,2012,2028,2039,2066
2044,2044,2026,2025,2018,2015,2033,2061
2040,2038,2024,2006,2010,2009,2027,2056
2036,2035,2038,2003,2004,2021,2035,2060
2047,2038,2064,2015,2013,2032,2032,2060
2058,2040,2072,2026,2023,2031,2050,2059
2055,2050,2075,2036,2015,2021,2048,2061
2065,2054,2072,2040,1984,2020,2069,2056
2053,2049,2079,2054,1974,2016,2056,2045
2049,2061,2093,2062,1977,2025,2037,2029
2041,2052,2070,2045,1977,2025,2037,2032
2047,2060,2068,2056,2027,2050,2045,2033
2063,2060,2072,2067,2081,2066,2051,2047
2063,2060,2075,2072,2094,2072,2065,2042
2066,2057,2084,2067,2089,2087,2077,2040
2070,2055,2103,2076,2076,2080,2057,2043
2066,2054,2113,2075,2063,2074,2060,2047
2068,2059,2123,2084,2058,2072,2064,2052
2072,2067,2121,2094,2063,2067,2063,2047
2069,2057,2112,2097,2062,2063,2056,2040
2070,2053,2095,2094,2035,2070,2051,2047
2068,2051,2083,2083,2040,2074,2047,2028
2055,2041,2063,2078,2037,2062,2036,2034
2042,2043,2051,2070,2008,2039,2042,2047
2051,2044,2036,2060,1978,2021,2037,2053
2047,2042,2028,2057,2007,2000,2041,2054
2051,2036,2010,2049,2065,2009,2022,2058
2052,2036,1996,2046,2121,2032,2050,2070
2051,2029,1981,2037,2165,2037,2047,2066
2044,2020,1963,2012,2159,2041,2046,2066
2060,2043,1986,2026,2183,2066,2051,2086
2076,2073,2043,2055,2182,2077,2065,2081
2075,2072,2046,2051,2103,2071,2053,2080
2066,2063,2038,2025,2008,2061,2052,2082
2075,2064,2040,2023,2030,2066,2056,2090
2070,2056,2034,2026,1996,2057,2061,2068
2064,2044,2025,2026,1954,2044,2073,2057
2060,2045,2041,2058,2019,2056,2075,2049
2055,2041,2053,2089,2047,2062,2059,2044
2056,2040,2045,2101,2044,2056,2041,2034
2049,2029,2043,2120,2038,2045,2032,2028
2050,2022,2057,2132,2031,2038,2029,2034
2051,2011,2064,2143,2038,2039,2058,2034
2045,2005,2072,2143,2063,2046,2035,2027
2046,2020,2078,2161,2062,2045,2040,2016
2050,2032,2074,2178,2064,2044,2047,2025
2068,2036,2057,2169,2040,2047,2055,2012
2067,2041,2048,2156,2057,2051,2053,2014
2059,2048,2058,2148,2088,2058,2060,2022
2063,2058,2058,2144,2098,2058,2058,2039
2076,2065,2053,2120,2105,2063,2059,2041
2076,2076,2047,2108,2111,2065,2070,2039
2081,2077,2034,2097,2101,2059,2050,2036
2079,2065,2011,2075,2075,2041,2049,2027
2063,2031,1986,2032,2035,2026,2052,2029
2046,2007,1952,1994,2005,2025,2053,2024
2020,2004,1948,1969,2001,2039,2074,2050
2029,2037,2004,1986,2015,2065,2072,2070
2053,2062,2057,1994,2003,2089,2080,2078
2070,2072,2066,1967,1974,2086,2082,2080
2072,2074,2065,1922,1962,2062,2075,2071
2062,2067,2048,1910,1984,2054,2057,2069
2065,2067,2041,1953,2017,2050,2065,2093
2079,2062,2035,1990,2040,2040,2077,2096
2069,2058,2031,2008,2048,2046,2063,2098
2074,2072,2034,2010,2038,2043,2061,2092
2065,2058,2012,1991,2010,2035,2053,2085
2051,2037,2000,1971,1992,2027,2047,2078
2047,2038,2005,1976,1980,2021,2041,2064
2036,2044,2012,1997,1997,2030,2033,2058
2047,2050,2040,2012,2018,2040,2048,2054
2052,2058,2066,2021,2014,2034,2046,2058
2056,2054,2063,2011,2013,2024,2047,2051
2047,2054,2068,2020,2035,2011,2041,2054
2059,2062,2089,2044,2050,2010,2050,2055
2062,2071,2097,2062,2057,2014,2043,2056
2062,2073,2093,2076,2063,2040,2039,2052
2061,2068,2098,2079,2072,2052,2032,2052
2067,2063,2097,2064,2053,2058,2046,2048
2069,2061,2091,2050,2057,2073,2029,2034
2061,2055,2087,2053,2064,2060,2064,2041
2054,2050,2073,2038,2057,2044,2060,2040
2054,2045,2055,2016,2008,2056,2050,2032
2045,2035,2052,2010,2034,2078,2060,2031
2048,2038,2063,2004,2064,2088,2043,2040
2052,2048,2068,2011,2104,2080,2066,2038
2053,2047,2071,2017,2059,2045,2048,2037
2051,2047,2093,2041,2004,2039,2037,2043
2058,2055,2107,2064,2001,2048,2063,2048
2064,2061,2111,2067,2025,2053,2064,2054
2064,2066,2109,2072,2045,2060,2063,2063
2072,2068,2111,2087,2061,2084,2065,2069
2067,2073,2105,2095,2076,2087,2056,2067
2058,2059,2096,2099,2084,2097,2061,2056
2056,2061,2086,2104,2092,2112,2071,2070
2059,2061,2078,2099,2075,2116,2077,2079
2062,2062,2069,2073,2026,2102,2072,2077
2067,2051,2057,2056,2000,2071,2068,2071
2056,2046,2039,2047,2008,2036,2064,2068
2042,2033,2040,2050,1997,2029,2058,2066
2038,2027,2045,2041,1991,2035,2039,2064
2033,2027,2039,2020,1990,2037,2036,2064
2035,2032,2022,2002,1975,2039,2044,2066
2044,2030,2000,1997,1984,2041,2032,2059
2045,2034,1979,1990,2006,2047,2055,2058
2051,2034,1974,1995,2033,2042,2057,2049
2053,2030,1980,2007,2032,2033,2057,2042
2056,2037,1979,2021,2031,2038,2053,2051
2058,2029,1965,2026,2032,2048,2046,2044
2053,2017,1955,2022,2039,2058,2058,2037
2050,2019,1960,2037,2043,2056,2058,2038
2046,2027,1975,2049,2054,2055,2062,2034
2051,2032,1987,2047,2037,2045,2057,2033
2050,2032,1999,2045,2042,2045,2052,2033
2052,2030,1999,2044,2057,2054,2057,2029
2050,2028,2007,2045,2058,2064,2059,2024
2041,2018,2001,2038,2059,2059,2060,2024
2040,2024,2017,2035,2056,2064,2061,2034
2045,2029,2034,2035,2037,2064,2066,2033
2046,2025,2046,2022,2004,2054,2045,2044
2055,2028,2058,2017,2006,2030,2017,2047
2059,2042,2092,2023,1960,1993,2035,2041
2064,2067,2114,2027,1972,2000,2054,2053
2061,2073,2115,2038,2000,2013,2054,2060
2075,2080,2108,2041,2038,2035,2051,2073
2072,2080,2097,2046,2064,2050,2060,2080
2068,2088,2096,2037,2072,2040,2079,2084
2074,2087,2090,2039,2117,2058,2103,2092
2078,2087,2086,2047,2123,2066,2068,2095
2063,2064,2064,2038,2104,2056,2057,2090
2046,2054,2055,2036,2085,2064,2075,2093
2059,2064,2064,2044,2069,2076,2082,2096
2072,2074,2061,2047,2045,2075,2067,2090
2068,2056,2046,2043,2030,2070,2060,2091
2053,2054,2042,2041,2040,2071,2038,2072
2055,2052,2043,2042,2040,2072,2040,2065
2045,2052,2043,2050,2042,2061,2050,2063
2048,2053,2047,2057,2043,2025,2045,2067
2050,2055,2044,2058,2043,2015,2042,2060
2051,2049,2037,2054,2042,2025,2058,2051
2051,2041,2032,2044,2034,2030,2049,2036
2040,2040,2029,2040,2033,2040,2038,2035
2046,2039,2030,2037,2042,2048,2055,2041
2051,2042,2023,2048,2039,2061,2065,2045
2057,2044,2028,2046,2027,2055,2051,2046
2052,2042,2033,2042,1995,2038,2051,2043
2054,2040,2028,2029,1960,2032,2063,2036
2054,2038,2021,2022,1938,2031,2070,2026
2054,2035,2022,2020,1933,2033,2075,2029
2048,2038,2010,2017,1948,2049,2064,2030
2043,2031,2009,2025,1999,2072,2058,2030
2048,2033,2017,2053,2057,2083,2057,2040
2065,2047,2045,2079,2095,2099,2074,2044
2058,2052,2060,2087,2107,2083,2052,2037
2043,2059,2073,2092,2113,2062,2057,2034
2040,2063,2069,2103,2134,2075,2068,2040
2047,2060,2070,2104,2127,2089,2086,2046
2054,2060,2072,2089,2102,2079,2081,2062
2068,2066,2080,2089,2068,2037,2065,2073
2079,2069,2080,2072,2032,2015,2058,2085
2076,2061,2062,2054,1994,2006,2043,2084
2058,2044,2043,2038,1987,2024,2033,2078
2042,2036,2042,2031,2006,2051,2059,2079
2037,2047,2052,2038,2019,2060,2058,2080
2057,2059,2071,2056,2034,2062,2055,2089
2057,2069,2076,2051,2026,2062,2047,2092
2055,2064,2072,2035,2040,2054,2049,2090
2050,2056,2057,2020,2033,2042,2028,2083
2047,2050,2053,2018,2033,2044,2054,2075
2048,2046,2046,2015,2043,2045,2041,2073
2051,2044,2043,2013,2054,2041,2034,2068
2054,2049,2041,2015,2039,2043,2038,2057
2044,2044,2047,2019,2030,2042,2027,2048
2042,2039,2038,2024,2024,2047,2030,2052
2053,2035,2033,2035,2014,2050,2059,2055
2053,2032,2035,2045,2025,2058,2082,2059
2062,2042,2032,2063,2031,2062,2069,2049
2058,2040,2016,2058,2030,2049,2050,2042
2051,2027,2002,2054,2031,2040,2036,2035
2051,2019,2004,2063,2062,2051,2053,2036
2060,2022,2007,2062,2113,2064,2058,2038
2056,2024,2007,2076,2137,2070,2052,2037
2049,2030,2022,2084,2144,2069,2051,2033
2050,2030,2023,2086,2139,2069,2062,2022
2042,2032,2020,2087,2137,2071,2070,2022
2051,2040,2020,2089,2131,2072,2063,2028
2059,2045,2014,2083,2114,2059,2049,2034
2060,2044,2009,2067,2053,2044,2045,2027
2051,2035,2001,2033,1902,2036,2024,2028
2056,2043,2031,2034,1899,2043,2039,2029
2054,2061,2064,2056,1948,2049,2041,2044
2052,2070,2084,2042,1956,2041,2043,2041
2050,2069,2081,2021,1968,2029,2055,2050
2049,2057,2068,1999,1994,2025,2070,2068
2046,2040,2056,1990,2021,2029,2054,2073
2044,2044,2083,2000,2038,2039,2053,2079
2050,2048,2093,2004,2042,2062,2083,2089
2062,2071,2104,2016,2056,2081,2066,2096
2075,2077,2109,2029,2069,2083,2076,2096
2073,2068,2107,2022,2049,2055,2061,2089
2065,2058,2093,2008,2010,2026,2039,2082
2054,2049,2089,2030,2036,2045,2044,2083
2062,2066,2086,2046,2062,2057,2058,2080
2050,2056,2070,2046,2058,2051,2039,2070
2046,2050,2052,2037,2039,2043,2050,2062
2055,2059,2056,2049,2050,2058,2047,2061
2066,2058,2043,2056,2051,2063,2029,2057
2060,2046,2037,2055,2044,2053,2031,2048
2058,2046,2032,2064,2048,2047,2028,2044
2055,2039,2027,2072,2049,2052,2035,2040
2055,2034,2023,2071,2056,2048,2052,2033
2050,2027,2017,2061,2048,2049,2065,2026
2044,2025,2034,2066,2046,2043,2042,2038
2034,2028,2057,2072,2053,2040,2062,2036
2026,2035,2064,2087,2057,2047,2059,2033
2035,2040,2076,2090,2064,2055,2060,2042
2044,2049,2091,2101,2065,2052,2071,2044
2041,2048,2106,2108,2062,2047,2055,2037
2056,2058,2113,2107,2047,2057,2063,2049
2060,2064,2116,2105,2060,2066,2044,2042
2054,2058,2102,2101,2089,2079,2044,2047
2058,2046,2078,2099,2101,2087,2046,2037
2053,2037,2049,2079,2099,2078,2061,2032
2043,2027,2028,2074,2109,2050,2066,2056
2042,2031,2013,2081,2113,2040,2059,2069
2048,2034,2010,2073,2098,2040,2066,2083
2047,2031,2003,2068,2069,2043,2056,2084
2053,2038,2008,2056,2006,2036,2053,2084
2054,2044,2015,2033,1909,2033,2051,2081
2055,2051,2025,2013,1912,2036,2061,2082
2051,2051,2030,1991,1953,2038,2063,2088
2046,2045,2032,1983,2011,2054,2072,2082
2056,2046,2042,1971,2031,2069,2080,2078
2041,2037,2030,1960,2021,2065,2080,2079
2033,2028,2024,1968,2017,2069,2086,2092
2059,2050,2048,1997,2029,2073,2092,2088
2063,2062,2069,2017,2031,2058,2088,2091
2068,2076,2080,2037,2037,2056,2065,2078
2071,2079,2080,2050,2075,2069,2064,2072
2060,2078,2082,2052,2021,2060,2035,2062
2057,2069,2070,2036,1948,2041,2043,2061
2059,2076,2068,2039,1958,2040,2052,2054
2065,2067,2061,2042,1980,2037,2032,2050
2060,2062,2061,2050,2013,2046,2057,2036
2049,2058,2054,2048,2056,2083,2051,2031
2044,2053,2047,2052,2073,2114,2059,2040
2048,2055,2055,2060,2067,2126,2040,2041
2056,2059,2054,2058,2061,2119,2056,2046
2066,2059,2056,2054,2054,2093,2066,2052
2068,2064,2057,2063,2063,2042,2064,2055
2066,2051,2047,2051,2030,2036,2049,2051
2064,2045,2043,2030,1951,2056,2048,2049
2067,2050,2056,2021,1930,2052,2056,2049
2060,2054,2047,2019,1934,2036,2069,2050
2059,2054,2051,2034,1963,2029,2075,2043
2054,2062,2057,2045,1981,2023,2075,2052
2055,2061,2057,2042,1979,2014,2058,2066
2058,2059,2047,2051,2000,2016,2058,2064
2054,2047,2057,2060,2035,2029,2066,2067
2045,2045,2054,2064,2018,2044,2062,2072
2043,2043,2050,2058,1989,2065,2055,2072
2042,2037,2050,2048,1996,2078,2062,2069
2038,2038,2052,2040,1980,2077,2069,2073
2035,2041,2046,2033,1961,2056,2058,2077
2037,2040,2047,2037,1958,2055,2041,2086
2046,2054,2061,2063,2026,2050,2039,2095
2057,2069,2066,2082,2082,2038,2044,2090
2047,2050,2047,2058,2062,2031,2028,2086
2048,2034,2035,2050,2080,2056,2034,2088
2056,2049,2042,2074,2121,2074,2058,2086
2063,2054,2044,2073,2143,2065,2043,2080
2066,2058,2044,2071,2179,2055,2030,2068
2060,2059,2040,2064,2194,2058,2036,2060
2058,2052,2040,2044,2144,2063,2043,2047
2055,2051,2042,2028,2063,2057,2036,2035
2048,2045,2034,2004,2006,2050,2031,2039
2055,2041,2030,1993,1965,2025,2028,2038
2057,2042,2036,2005,1942,2004,2047,2048
2064,2051,2042,2029,1984,2014,2054,2055
2073,2062,2056,2056,2017,2056,2058,2052
2068,2066,2060,2067,2071,2085,2059,2035
2064,2055,2047,2051,2071,2077,2057,2032
2057,2051,2038,2036,2034,2052,2049,2032
2054,2048,2028,2012,1980,2026,2032,2036
2050,2038,2018,2006,1951,2011,2023,2039
2048,2047,2026,2024,1996,2033,2037,2048
2060,2059,2032,2063,2051,2051,2045,2045
2063,2062,2042,2071,2039,2045,2044,2046
2063,2057,2031,2050,1983,2025,2049,2049
2061,2046,2018,2033,1941,2005,2036,2053
2057,2036,2005,2013,1912,1995,2017,2061
2060,2046,2019,2024,1934,2004,2017,2059
2057,2056,2034,2034,1968,2040,2053,2061
2068,2070,2042,2069,2048,2073,2075,2077
2064,2069,2035,2096,2142,2078,2069,2077
2056,2052,2027,2090,2170,2074,2048,2087
2054,2050,2025,2075,2140,2072,2057,2087
2047,2055,2036,2056,2076,2054,2062,2095
2051,2054,2039,2050,2047,2042,2047,2089
2049,2044,2035,2052,2025,2025,2047,2086
2041,2035,2024,2056,2006,2022,2050,2084
2042,2027,2032,2064,2004,2026,2047,2082
2046,2030,2030,2057,2025,2026,2046,2077
2039,2021,2031,2056,2068,2030,2040,2066
2034,2033,2040,2055,2095,2054,2042,2063
2043,2036,2041,2048,2081,2066,2044,2066
2044,2036,2037,2039,2041,2068,2035,2056
2052,2048,2052,2037,2020,2070,2034,2051
2051,2062,2067,2035,2024,2057,2058,2052
2060,2065,2086,2040,2036,2036,2039,2052
2062,2071,2091,2042,2040,2037,2047,2052
2054,2069,2082,2039,2043,2038,2046,2045
2055,2066,2067,2035,2035,2045,2054,2049
2059,2055,2062,2023,2031,2042,2042,2051
2057,2061,2058,2021,2020,2045,2060,2045
2061,2062,2064,2025,2009,2054,2074,2049
2059,2066,2066,2026,2027,2058,2058,2054
2060,2061,2058,2025,2040,2063,2045,2047
2069,2065,2065,2025,2051,2082,2066,2054
2072,2072,2070,2029,2042,2075,2058,2063
2075,2069,2065,2030,2041,2045,2054,2068
2068,2066,2063,2039,2041,2036,2049,2071
2080,2071,2063,2046,2040,2040,2070,2068
2076,2069,2061,2054,2056,2036,2068,2059
2068,2057,2054,2058,2072,2017,2049,2067
2059,2053,2058,2060,2074,2032,2028,2075
2067,2050,2057,2052,2068,2043,2034,2076
2056,2052,2052,2053,2064,2043,2017,2057
2055,2052,2047,2053,2057,2052,2027,2047
2048,2055,2057,2059,2060,2041,2021,2054
2040,2049,2052,2060,2046,2025,2035,2065
2033,2040,2042,2058,2044,2029,2046,2066
2034,2031,2031,2046,2027,2038,2017,2072
2039,2032,2009,2045,2012,2036,2040,2064
2034,2020,1996,2043,2018,2045,2049,2065
2044,2024,2001,2055,2028,2062,2052,2075
2055,2040,2010,2078,2032,2046,2062,2082
2063,2050,2016,2083,2035,2010,2036,2078
2060,2045,2005,2076,2032,1999,2023,2068
2049,2030,1993,2068,2028,2010,2040,2061
2049,2018,1979,2051,2025,2034,2036,2043
2044,2002,1963,2027,2022,2058,2041,2023
2036,2005,1966,2018,2030,2075,2030,2024
2037,2018,1971,2022,2049,2084,2046,2019
2026,2013,1969,2015,2050,2081,2062,2031
2025,2012,1964,2011,2042,2065,2047,2028
2037,2020,1976,2012,2038,2044,2050,2027
2051,2038,2016,2017,2038,2039,2062,2032
2056,2057,2041,2017,2028,2034,2058,2028
2057,2057,2080,2027,2030,2030,2037,2030
2054,2062,2120,2034,2027,2028,2037,2031
2052,2072,2138,2044,2020,2030,2035,2028
2053,2074,2149,2064,2018,2040,2045,2030
2061,2080,2154,2065,2022,2047,2061,2036
2063,2081,2147,2064,2032,2052,2038,2047
2066,2082,2126,2069,2032,2058,2038,2046
2059,2070,2104,2067,2034,2056,2049,2049
2059,2066,2077,2057,2029,2039,2058,2050
2056,2055,2064,2052,2022,2033,2031,2050
2055,2060,2058,2048,2032,2026,2051,2054
2054,2063,2057,2048,2098,2034,2043,2058
2049,2061,2057,2052,2145,2051,2083,2069
2055,2066,2058,2043,2175,2056,2074,2083
2055,2068,2066,2029,2185,2059,2068,2084
2053,2061,2061,2021,2200,2072,2067,2090
2057,2070,2055,2016,2198,2085,2077,2099
2061,2064,2039,2002,2183,2088,2046,2087
2056,2045,2021,2000,2142,2079,2038,2074
2050,2042,2016,1987,2033,2070,2039,2079
2052,2055,2038,1982,1888,2042,2034,2086
2056,2061,2050,1996,1847,2025,2054,2089
2067,2061,2050,1999,1794,2009,2018,2086
2075,2057,2050,2005,1818,1979,2038,2085
2068,2058,2056,2044,1982,2010,2040,2083
2071,2069,2063,2086,2085,2059,2049,2068
2067,2069,2071,2087,2101,2070,2053,2058
2064,2059,2070,2076,2060,2045,2052,2045
2061,2064,2078,2079,2024,2028,2064,2032
2057,2065,2078,2071,2021,2014,2051,2030
2047,2061,2068,2061,2051,2025,2055,2028
2044,2058,2061,2052,2067,2036,2053,2037
2048,2060,2051,2055,2098,2043,2057,2040
2052,2062,2052,2056,2009,2036,2050,2034
2056,2052,2071,2045,1899,2030,2060,2026
2046,2041,2080,2050,1921,2045,2063,2031
2046,2038,2082,2062,1980,2066,2078,2034
2052,2051,2085,2074,2014,2077,2073,2033
2057,2049,2078,2076,2039,2058,2064,2039
2054,2047,2080,2083,2055,2045,2075,2049
2052,2054,2080,2088,2068,2050,2095,2049
2061,2057,2068,2084,2065,2063,2077,2052
2052,2044,2051,2064,2040,2054,2072,2056
2048,2043,2038,2057,2047,2055,2060,2063
2054,2041,2026,2060,2074,2070,2056,2075
2055,2043,2016,2046,2076,2085,2052,2077
2048,2036,2000,2016,2066,2083,2042,2076
2047,2034,1997,1998,2055,2074,2070,2076
2051,2037,2005,1989,2049,2081,2069,2088
2049,2045,2016,2000,2063,2065,2074,2079
2053,2048,2011,2000,2067,2036,2056,2082
2057,2040,1990,1985,2049,2009,2043,2080
2057,2036,1979,1971,2029,1991,2045,2077
2047,2038,1977,1964,1972,1971,2020,2065
2049,2038,1976,1970,1930,1974,2031,2059
2049,2036,1992,2001,1957,2025,2038,2071
2056,2038,2011,2018,2007,2064,2008,2064
2050,2028,2014,2020,2021,2060,2008,2047
2043,2026,2024,2019,2039,2040,1999,2042
2050,2034,2032,2028,2045,2038,2008,2038
2049,2038,2043,2028,2054,2037,2029,2032
2050,2035,2046,2027,2032,2033,2033,2027
2050,2029,2066,2027,2022,2026,2037,2031
2041,2032,2092,2025,2007,2011,2007,2037
2042,2046,2091,2034,1988,2004,2021,2037
2040,2052,2094,2032,1978,2000,2014,2035
2049,2054,2079,2038,1971,2015,2038,2038
2058,2053,2070,2050,1981,2041,2059,2039
2058,2040,2064,2047,1985,2057,2050,2045
2054,2042,2065,2059,2030,2074,2047,2051
2056,2056,2078,2071,2041,2084,2069,2056
2054,2058,2074,2077,2054,2086,2077,2058
2062,2064,2079,2073,2056,2082,2068,2056
2068,2068,2077,2058,2045,2065,2066,2061
2069,2057,2067,2052,2052,2053,2056,2061
2065,2058,2064,2052,2109,2037,2052,2065
2058,2058,2058,2047,2100,1998,2037,2053
2051,2040,2042,2034,2062,1981,2030,2048
2045,2037,2043,2046,2065,2020,2018,2048
2052,2043,2046,2048,2049,2048,2047,2053
2061,2046,2052,2061,2091,2085,2065,2061
2057,2046,2046,2065,2118,2101,2056,2067
2051,2045,2054,2060,2097,2072,2034,2076
2059,2054,2059,2068,2105,2018,2027,2086
2055,2058,2059,2075,2110,2006,2047,2074
2043,2040,2044,2058,2089,2023,2042,2064
2031,2024,2030,2050,2070,2026,2042,2072
2028,2027,2041,2043,2058,2029,2038,2069
2037,2035,2040,2045,2057,2038,2056,2072
2047,2042,2046,2049,2056,2048,2047,2066
2052,2047,2048,2044,2036,2058,2034,2063
2055,2047,2044,2044,2012,2062,2044,2059
2053,2043,2043,2041,1987,2062,2041,2050
2052,2046,2037,2024,1953,2053,2042,2047
2048,2044,2033,2018,1936,2018,2016,2038
2044,2043,2037,2029,1960,1985,2031,2032
2042,2050,2051,2049,2007,1999,2029,2027
2044,2054,2052,2062,2052,2009,2020,2046
2055,2056,2059,2084,2100,2026,2063,2050
2063,2062,2061,2104,2132,2052,2075,2052
2066,2057,2064,2100,2136,2052,2048,2048
2058,2048,2056,2092,2129,2042,2041,2030
2043,2030,2052,2090,2108,2041,2040,2029
2037,2030,2057,2095,2102,2050,2036,2038
2043,2034,2061,2097,2092,2040,2042,2032
2044,2030,2054,2091,2083,2042,2050,2036
2043,2032,2052,2092,2074,2049,2071,2028
2034,2037,2043,2086,2066,2050,2055,2038
2044,2038,2037,2079,2063,2054,2062,2049
2047,2042,2042,2087,2059,2053,2068,2041
2046,2045,2038,2080,2063,2057,2063,2050
2046,2044,2024,2072,2051,2062,2068,2055
2044,2038,2005,2066,2042,2065,2067,2059
2045,2026,1982,2047,2056,2063,2057,2067
2040,2015,1963,2030,2043,2042,2046,2073
2034,2010,1962,2023,2027,2034,2040,2066
2036,2018,1978,2016,2021,2040,2038,2065
2036,2030,2002,2011,2030,2061,2040,2067
2038,2040,2016,2024,2042,2083,2048,2067
2041,2038,2010,2022,2049,2089,2048,2069
2028,2033,2012,2027,2052,2089,2052,2073
2029,2034,2023,2027,2049,2079,2043,2062
2030,2036,2036,2035,2049,2076,2052,2057
2031,2049,2052,2057,2067,2071,2043,2051
2033,2058,2060,2066,2110,2070,2051,2052
2042,2062,2074,2075,2104,2064,2039,2051
2050,2071,2082,2074,2085,2058,2031,2051
2056,2070,2086,2073,2085,2048,2050,2048
2062,2075,2095,2069,2081,2031,2049,2050
2062,2071,2094,2049,2065,2007,2037,2050
2064,2074,2084,2025,2041,1988,2033,2046
2056,2064,2066,2018,2046,1971,2016,2045
2062,2058,2072,2023,2042,1985,2029,2047
2062,2056,2077,2032,2048,2011,2049,2054
2073,2064,2079,2045,2046,2024,2048,2046
2069,2053,2061,2033,2040,2033,2030,2030
2054,2043,2056,2030,2036,2044,2043,2026
2041,2057,2060,2043,2055,2059,2049,2027
2046,2063,2068,2048,2062,2062,2062,2031
2048,2051,2057,2043,2056,2054,2049,2031
2043,2044,2056,2046,2057,2046,2054,2033
2054,2052,2059,2048,2066,2053,2046,2042
2065,2072,2069,2060,2071,2062,2047,2053
2068,2077,2067,2062,2072,2058,2043,2051
2060,2072,2062,2061,2064,2046,2051,2056
2051,2063,2062,2064,2066,2043,2052,2056
2046,2053,2057,2064,2066,2047,2048,2056
2035,2037,2051,2058,2065,2056,2041,2054
2031,2035,2050,2062,2050,2049,2042,2052
2034,2037,2051,2062,2006,2050,2038,2059
2041,2049,2058,2063,1977,2030,2042,2058
2043,2045,2055,2057,2004,2004,2011,2066
2042,2038,2048,2070,2028,2017,2026,2070
2044,2039,2051,2081,2048,2027,2034,2079
2048,2051,2053,2086,2045,2004,2038,2083
2058,2055,2061,2093,2068,2008,2043,2082
2055,2061,2061,2099,2082,2018,2044,2078
2060,2060,2050,2086,2076,2032,2027,2063
2053,2049,2032,2055,2066,2051,2043,2041
2047,2036,2012,2044,2090,2061,2049,2037
2040,2025,2002,2033,2087,2068,2049,2033
2043,2027,1999,2026,2081,2077,2039,2029
2039,2023,2007,2015,2061,2085,2028,2026
2040,2021,2012,2017,2055,2087,2037,2022
2036,2032,2025,2024,2051,2082,2061,2020
2041,2037,2034,2043,2050,2080,2047,2030
2046,2042,2048,2060,2051,2049,2043,2035
2053,2045,2050,2070,2104,2045,2057,2044
2055,2040,2045,2064,2128,2043,2059,2033
2038,2027,2039,2068,2131,2042,2023,2020
2024,2020,2052,2074,2128,2060,2052,2013
2025,2028,2070,2088,2135,2061,2053,2026
2036,2039,2081,2093,2120,2045,2040,2037
2048,2042,2085,2099,2088,2040,2050,2041
2052,2052,2095,2103,2068,2053,2066,2037
2064,2050,2103,2109,2034,2061,2060,2050
2067,2053,2114,2100,1924,2047,2057,2062
2070,2051,2116,2100,1954,2045,2040,2060
2061,2047,2108,2098,2012,2034,2052,2057
2067,2056,2108,2096,2026,2021,2048,2045
2061,2051,2080,2082,2026,2011,2046,2052
2044,2043,2058,2054,2014,2012,2040,2047
2030,2044,2041,2037,2051,2025,2040,2050
2025,2052,2037,2025,2071,2035,2042,2054
2026,2069,2044,2032,2098,2036,2062,2068
2045,2081,2046,2028,2063,2015,2059,2077
2051,2069,2028,2014,2005,2008,2047,2076
2049,2065,2026,1995,1975,2008,2062,2074
2057,2063,2021,1981,1935,2005,2030,2067
2056,2053,2031,1994,1970,2011,2041,2062
2055,2060,2051,2014,2006,2027,2040,2058
2058,2053,2069,2030,2031,2040,2041,2054
2056,2047,2064,2035,2058,2047,2032,2044
2045,2035,2041,2025,2054,2036,2024,2043
2045,2039,2046,2031,2046,2035,2027,2030
2045,2043,2051,2045,2053,2053,2047,2022
2046,2052,2061,2061,2056,2081,2043,2027
2052,2046,2064,2061,2054,2092,2035,2024
2049,2047,2060,2053,2027,2101,2046,2016
2049,2045,2055,2048,2024,2097,2032,2013
2046,2048,2058,2047,2038,2102,2035,2024
2059,2049,2056,2060,2073,2089,2031,2032
2061,2041,2042,2064,2082,2031,2029,2034
2058,2040,2034,2062,2133,2021,2010,2026
2050,2044,2032,2056,2155,2021,2021,2020
2041,2045,2014,2034,2121,2019,2023,2010
2041,2039,2013,2037,2080,2034,2019,2028
2053,2046,2024,2054,2076,2060,2035,2054
2049,2051,2028,2048,2090,2076,2031,2054
2052,2049,2028,2046,2085,2074,2052,2058
2059,2054,2028,2039,2082,2056,2044,2064
2059,2056,2028,2024,1966,2034,2049,2066
2065,2061,2033,2004,1858,2021,2065,2073
2066,2058,2032,2015,1891,2023,2074,2076
2063,2057,2038,2036,1952,2037,2062,2072
2060,2057,2045,2054,2001,2057,2072,2078
2060,2054,2047,2059,2025,2085,2071,2077
2062,2053,2042,2059,2044,2113,2068,2072
2061,2046,2033,2059,2069,2119,2067,2066
2060,2030,2026,2061,2071,2115,2045,2060
2048,2024,2036,2084,2079,2071,2053,2073
2061,2055,2062,2117,2116,2028,2042,2082
2072,2061,2056,2116,2093,2035,2052,2068
2066,2049,2043,2097,2041,2035,2027,2048
2060,2050,2033,2094,2030,2048,2006,2039
2051,2050,2037,2084,2042,2052,2013,2028
2041,2048,2023,2058,2025,2033,2021,2025
2038,2042,2015,2051,1988,1987,1999,2019
2044,2041,2005,2046,1972,1987,2017,2020
2034,2031,1994,2033,2006,2006,2006,2011
2031,2037,2002,2039,2044,2019,2026,2024
2042,2047,2021,2046,2074,2029,2024,2027
2043,2050,2032,2051,2108,2043,2034,2029
2044,2048,2028,2051,2118,2057,2033,2020
2045,2049,2043,2050,2113,2052,2033,2021
2051,2056,2051,2038,2088,2040,2037,2020
2044,2045,2042,2029,2046,2024,2044,2027
2049,2038,2048,2028,2034,2017,2052,2030
2048,2049,2057,2018,2007,1999,2033,2028
2045,2042,2065,2014,2010,2006,2018,2030
2039,2048,2061,2018,2031,2014,2039,2029
2048,2053,2073,2030,2046,2021,2045,2034
2054,2054,2072,2039,2055,2020,2043,2039
2048,2045,2068,2040,2055,2014,2044,2042
2047,2053,2065,2038,2048,2023,2028,2045
2047,2048,2055,2034,2028,2030,2042,2049
2044,2044,2042,2023,2012,2027,2038,2055
2040,2041,2030,2020,2007,2017,2030,2054
2037,2043,2030,2023,2006,2002,2029,2057
2044,2054,2040,2035,2024,1970,2018,2064
2053,2053,2043,2049,2070,1971,2030,2067
2049,2046,2045,2057,2100,2003,2040,2078
2044,2040,2034,2053,2108,2024,2032,2066
2034,2033,2033,2053,2090,2041,2017,2064
2040,2046,2048,2055,2062,2055,2022,2064
2049,2052,2048,2040,2023,2064,2004,2067
2048,2052,2044,2031,1979,2042,2017,2064
2048,2048,2034,2021,1980,2038,1998,2055
2044,2047,2038,2039,2033,2056,2020,2053
2046,2051,2046,2062,2108,2080,2050,2045
2041,2045,2043,2067,2149,2095,2057,2050
2052,2046,2043,2068,2134,2108,2049,2044
2045,2043,2039,2062,2105,2104,2053,2040
2048,2042,2049,2059,2067,2092,2061,2035
2055,2039,2049,2057,2055,2077,2058,2040
2056,2034,2042,2064,2043,2068,2045,2037
2048,2036,2039,2055,2015,2052,2042,2021
2040,2029,2030,2055,1986,2028,2043,2026
2038,2034,2027,2049,1972,2017,2030,2026
2044,2031,2022,2042,1960,2020,2036,2024
2038,2032,2018,2047,1971,2034,2039,2018
2047,2040,2021,2057,2030,2047,2044,2021
2052,2042,2024,2064,2061,2060,2042,2022
2047,2040,2025,2063,2083,2059,2041,2023
2045,2033,2019,2062,2103,2055,2028,2022
2044,2030,2012,2063,2125,2054,2053,2032
2044,2033,2010,2067,2107,2045,2056,2045
2044,2028,2008,2065,2095,2051,2064,2047
2047,2026,2008,2055,2079,2069,2060,2048
2048,2023,2005,2023,2037,2096,2041,2045
2038,2025,2004,2001,1957,2090,2010,2045
2038,2027,2013,1983,1907,2079,2027,2051
2040,2033,2023,1983,1922,2052,2021,2049
2037,2040,2036,1998,1939,2006,2029,2061
2038,2049,2058,2016,1990,1975,2027,2081
2057,2055,2065,2052,2064,2010,2036,2086
2061,2045,2057,2058,2091,2053,2036,2089
2056,2046,2047,2053,2092,2072,2056,2086
2053,2049,2039,2049,2058,2068,2053,2074
2054,2057,2049,2030,1992,2047,2052,2068
2059,2065,2058,2036,1967,2030,2036,2070
2064,2064,2070,2041,1975,2028,2027,2070
2061,2063,2071,2040,1967,2030,2038,2064
2054,2062,2074,2028,1944,2045,2030,2052
2054,2055,2070,2020,1931,2064,2036,2038
2044,2046,2066,2017,1967,2030,2047,2034
2049,2053,2074,2027,1987,2007,2041,2040
2061,2061,2080,2029,1987,1993,2032,2038
2050,2048,2060,2024,2042,1958,2013,2031
2049,2037,2047,2038,2173,1950,2029,2029
2040,2033,2042,2057,2270,2016,2051,2015
2037,2034,2040,2083,2323,2079,2067,2024
2036,2039,2046,2092,2256,2094,2045,2028
2041,2035,2050,2063,2024,2058,2040,2024
2033,2029,2039,2029,1910,2039,2036,2028
2042,2041,2044,2028,2029,2060,2052,2035
2054,2049,2057,2051,2120,2084,2041,2032
2059,2054,2057,2068,2132,2091,2054,2042
2053,2047,2054,2058,2113,2092,2056,2042
2052,2044,2047,2053,2075,2101,2057,2045
2053,2046,2047,2052,2069,2104,2050,2044
2052,2046,2047,2049,2093,2091,2053,2053
2058,2049,2052,2047,2094,2084,2043,2057
2055,2041,2050,2043,2087,2064,2029,2055
2048,2039,2043,2055,2084,2052,2040,2066
2048,2045,2052,2056,2078,2051,2057,2070
2047,2049,2044,2045,2061,2044,2035,2065
2030,2037,2038,2043,2062,2044,2054,2076
2032,2032,2037,2045,2071,2039,2046,2074
2043,2036,2033,2043,2064,2019,2039,2073
2041,2027,2033,2039,2041,2016,2040,2075
2048,2028,2038,2045,2036,2014,2039,2071
2050,2036,2041,2049,2028,2016,2045,2072
2048,2039,2040,2052,2037,2027,2052,2068
2053,2042,2046,2047,2040,2032,2049,2059
2052,2052,2050,2052,2047,2040,2052,2054
2049,2043,2043,2052,2057,2046,2030,2044
2047,2036,2044,2054,2059,2036,2027,2037
2050,2039,2042,2059,2071,2058,2045,2042
2053,2045,2048,2077,2069,2061,2057,2044
2053,2044,2045,2070,2065,2071,2038,2032
2052,2047,2041,2069,2054,2077,2041,2030
2052,2042,2038,2058,2056,2065,2034,2023
2043,2039,2030,2046,2048,2050,2043,2030
2048,2043,2023,2045,2051,2044,2050,2028
2052,2030,2017,2038,2049,2042,2050,2020
2043,2022,2015,2030,2043,2032,2036,2020
2036,2027,2028,2037,2050,2030,2023,2024
2053,2047,2051,2040,2053,2039,2042,2032
2048,2052,2043,2041,2050,2037,2030,2023
2042,2047,2050,2036,2038,2032,2025,2019
2033,2044,2045,2034,2037,2041,2018,2027
2039,2048,2040,2031,2035,2050,2039,2039
2046,2054,2042,2036,2046,2059,2047,2048
2055,2051,2042,2041,2051,2052,2055,2046
2046,2042,2051,2046,2054,2057,2036,2048
2038,2049,2056,2044,2062,2058,2061,2051
2039,2054,2062,2049,2062,2063,2053,2063
2050,2056,2065,2056,2072,2081,2066,2068
2059,2050,2064,2051,2065,2098,2057,2069
2055,2046,2050,2039,2051,2110,2062,2062
2055,2042,2047,2034,2039,2121,2048,2068
2046,2045,2051,2034,2030,2111,2044,2062
2039,2035,2038,2028,2022,2090,2028,2069
2042,2029,2046,2039,2055,2046,2041,2086
2051,2046,2058,2052,2075,2069,2054,2071
2050,2044,2049,2045,2090,2118,2051,2066
2054,2049,2045,2044,2080,2142,2053,2059
2050,2044,2042,2042,2076,2128,2049,2050
2038,2043,2042,2052,2069,2040,2037,2047
2045,2044,2045,2064,2068,1922,2038,2037
2042,2039,2043,2062,2070,1918,2027,2030
2042,2037,2040,2054,2066,1978,2036,2030
2046,2036,2039,2051,2070,2020,2040,2023
2044,2039,2044,2038,2036,2032,2049,2022
2044,2043,2047,2023,1970,2033,2058,2025
2045,2043,2044,2029,1987,2051,2051,2020
2044,2040,2045,2046,2031,2069,2043,2021
2045,2036,2046,2051,2048,2063,2004,2016
2042,2037,2045,2040,2042,2056,2019,2015
2042,2035,2038,2036,2028,2064,2036,2016
2039,2040,2040,2036,1998,2056,2033,2016
2045,2038,2040,2028,1993,2052,2004,2017
2043,2036,2038,2030,1992,2046,2019,2020
2044,2040,2033,2019,1995,2005,2019,2032
2043,2044,2041,2034,2018,1988,2027,2038
2052,2043,2045,2033,2026,2018,2037,2038
2059,2044,2040,2036,2005,2026,2027,2037
2053,2049,2033,2031,2001,2025,2010,2038
2048,2038,2031,2013,2000,2022,2024,2030
2035,2034,2031,2025,2008,2002,2019,2028
2037,2037,2038,2051,2056,1999,2046,2045
2035,2039,2045,2055,2096,2016,2045,2049
2037,2036,2044,2056,2107,2032,2052,2059
2036,2037,2041,2054,2089,2039,2021,2052
2030,2030,2030,2046,2067,2042,2026,2058
2027,2028,2033,2040,2066,2038,2018,2053
2027,2032,2032,2046,2069,2044,2026,2060
2033,2049,2045,2052,2067,2056,2031,2063
2043,2052,2044,2045,2063,2060,2060,2061
2043,2051,2038,2045,2060,2065,2071,2061
2040,2051,2037,2046,2049,2057,2057,2049
2042,2052,2039,2039,2040,2046,2057,2036
2045,2047,2042,2042,2035,2041,2048,2034
2045,2051,2039,2046,2036,2045,2046,2028
2043,2048,2041,2042,2040,2069,2041,2022
2046,2049,2038,2042,2047,2084,2057,2017
2046,2040,2035,2044,2048,2102,2068,2020
2041,2037,2039,2043,2049,2107,2060,2018
2045,2040,2042,2048,2044,2076,2047,2016
2052,2045,2049,2049,2044,2019,2044,2012
2057,2047,2048,2058,2040,1996,2034,2017
2053,2050,2046,2047,2040,2014,2029,2010
2042,2041,2042,2046,2046,2036,2031,1996
2036,2037,2035,2044,2047,2056,2050,2006
2049,2047,2044,2046,2059,2055,2054,2003
2054,2049,2047,2052,2058,2056,2047,2017
2059,2056,2051,2057,2055,2054,2055,2021
2068,2063,2055,2057,2053,2056,2053,2030
2064,2061,2056,2053,2042,2056,2047,2028
2059,2051,2043,2042,2021,2044,2058,2023
2050,2044,2037,2018,1957,2042,2036,2017
2043,2043,2031,2003,1889,2030,2011,2025
2045,2047,2037,1996,1834,1992,1985,2035
2052,2046,2030,1982,1807,1994,2001,2041
2046,2053,2035,2004,1858,1958,2002,2061
2059,2069,2058,2050,1954,1947,2054,2073
2059,2068,2067,2075,2017,1971,2060,2078
2056,2062,2064,2073,1994,2013,2074,2073
2048,2054,2051,2063,2029,2041,2058,2067
2042,2045,2040,2069,2068,2086,2036,2071
2043,2050,2043,2076,2083,2107,2062,2084
2049,2062,2052,2090,2090,2123,2060,2082
2053,2066,2059,2091,2097,2119,2064,2078
2056,2058,2048,2078,2085,2087,2055,2066
2049,2054,2041,2059,2115,2065,2049,2064
2049,2049,2037,2041,2143,2058,2058,2060
2053,2058,2036,2043,2217,2073,2033,2058
2050,2055,2040,2055,2261,2090,2061,2044
2044,2049,2041,2056,2208,2087,2062,2042
2048,2056,2038,2058,2140,2075,2045,2046
2047,2057,2042,2056,2110,2077,2063,2046
2049,2058,2042,2059,2111,2070,2060,2043
2055,2060,2052,2064,2140,2054,2053,2041
2053,2052,2046,2055,2083,2039,2057,2036
2049,2048,2038,2035,1983,2044,2074,2026
2052,2046,2033,2038,2051,2047,2052,2016
2046,2038,2032,2042,2127,2052,2060,2011
2046,2039,2032,2054,2170,2070,2053,2026
2058,2048,2041,2056,2134,2073,2063,2019
2050,2042,2032,2046,2095,2052,2065,2012
2027,2036,2029,2032,2045,2033,2047,2018
2028,2046,2040,2032,2010,2015,2052,2017
2028,2051,2039,2042,1997,1995,2031,2018
2025,2052,2043,2046,2010,1987,2028,2023
2024,2043,2035,2043,2050,1978,2027,2026
2018,2038,2026,2044,2065,1982,2026,2032
2015,2038,2021,2042,2057,2026,2038,2044
2015,2037,2030,2050,2047,2088,2053,2051
2025,2044,2038,2047,2061,2103,2036,2054
2033,2054,2041,2046,2065,2082,2048,2062
2025,2050,2038,2047,2066,2063,2043,2054
2027,2052,2035,2047,2081,2052,2040,2055
2026,2043,2030,2043,2099,2053,2042,2061
2042,2045,2027,2039,2102,2049,2021,2064
2068,2053,2031,2039,2093,2055,2023,2066
2057,2046,2027,2044,2093,2069,2044,2068
2048,2037,2036,2038,2095,2059,2051,2059
2033,2034,2032,2042,2096,2048,2046,2045
2016,2038,2034,2042,2089,2025,2032,2038
2020,2055,2050,2056,2086,2010,2017,2029
2023,2057,2055,2046,1979,2000,2011,2003
2013,2050,2044,2033,1928,1991,2013,1994
2014,2051,2046,2037,1980,1997,2032,1979
2012,2046,2047,2036,2003,1985,2031,1987
2019,2049,2047,2036,2027,2013,2042,2004
2027,2044,2047,2039,2034,2031,2048,2006
2011,2038,2045,2041,2031,2040,2048,2000
1992,2037,2045,2039,2033,2044,2054,1995
1981,2034,2041,2041,1993,2057,2053,1989
1962,2016,2030,2032,1964,2071,2068,1993
2014,2030,2039,2029,1994,2083,2078,1995
2063,2062,2058,2039,2018,2087,2084,2010
2079,2069,2055,2048,2036,2100,2088,2016
2064,2062,2056,2044,2044,2101,2071,2016
2042,2055,2046,2041,2052,2096,2072,2021
2017,2044,2040,2033,2064,2091,2079,2019
1996,2033,2043,2037,2061,2080,2065,2034
2005,2025,2047,2033,2047,2067,2051,2035
1978,2021,2045,2037,2037,2045,2044,2037
1949,2013,2044,2036,2031,2014,2049,2007
1904,2005,2049,2039,2018,1989,2043,1986
1903,2023,2054,2047,2026,1985,2037,1987
1928,2024,2050,2041,2025,2001,2043,1989
1924,2007,2045,2036,2023,2030,2041,2005
1956,2017,2048,2037,2019,2033,2016,2007
1951,2009,2037,2029,2028,2005,2006,1997
1951,1999,2034,2027,2026,1995,2010,1994
1941,2009,2039,2031,2027,2007,2012,1992
1930,2019,2051,2035,2030,2006,2014,1987
1918,2010,2053,2041,2046,2004,1984,1978
1871,1985,2051,2041,2068,2016,1986,1974
1829,1984,2042,2048,2081,2030,1998,1985
1846,1998,2051,2047,2065,2018,1997,1981
1873,1985,2039,2034,2037,2006,1993,1992
1864,1971,2030,2028,2035,2005,2011,2005
1834,1971,2027,2030,2030,2010,2003,2022
1822,1990,2036,2038,2042,2024,2029,2023
1841,2012,2036,2040,2055,2042,2056,1983
1808,2036,2050,2049,2060,2054,2056,1977
1857,2052,2053,2054,2065,2049,2060,1963
1921,2072,2058,2050,2055,2040,2082,1963
1918,2071,2055,2053,2058,2042,2067,1950
1892,2051,2041,2038,2046,2034,2051,1934
1860,2030,2032,2036,2043,2031,2054,1945
1916,2034,2041,2033,2052,2038,2065,1994
2059,2044,2045,2040,2044,2049,2073,2037
2178,2061,2052,2040,2054,2066,2063,2049
2212,2081,2052,2047,2062,2080,2066,2082
2260,2087,2058,2047,2059,2080,2080,2074
2227,2066,2055,2047,2060,2097,2078,2060
2165,2060,2053,2051,2063,2117,2071,2048
2122,2063,2059,2055,2071,2121,2071,2046
2055,2050,2058,2052,2072,2116,2076,2038
2002,2041,2051,2052,2078,2117,2085,2058
1986,2042,2051,2058,2076,2115,2080,2058
1978,2038,2049,2054,2073,2107,2044,2041
1927,2032,2053,2051,2078,2109,2046,2004
1894,2035,2058,2051,2067,2082,2013,1971
1881,2046,2063,2053,2064,2054,2018,1955
1904,2074,2065,2047,2055,2060,2029,1938
1912,2078,2064,2042,2055,2076,2027,1962
1914,2056,2066,2046,2056,2064,2020,1990
1905,2010,2051,2044,2040,2008,2018,2026
1934,1975,2029,2030,2024,1913,2004,2028
1977,1962,2020,2021,2009,1913,2000,2016
1986,1975,2019,2021,2011,1977,2040,2031
2088,2037,2044,2029,2022,2026,2067,2058
2165,2076,2047,2033,2024,2037,2059,2053
2144,2070,2048,2032,2030,2038,2061,2063
2166,2099,2059,2031,2020,2036,2064,2084
2144,2096,2052,2025,2009,2026,2037,2077
2088,2081,2048,2028,2015,2034,2046,2050
1976,2065,2046,2028,2010,2056,2069,2031
1916,2068,2056,2047,2028,2081,2064,2024
1928,2082,2066,2060,2057,2089,2071,2011
2002,2105,2070,2063,2052,2091,2064,2021
2178,2126,2069,2059,2049,2101,2072,2034
2211,2127,2069,2058,2051,2095,2082,2012
2116,2101,2068,2060,2061,2041,2077,2010
2043,2066,2052,2053,2086,2026,2065,2003
1989,2025,2040,2067,2124,2035,2063,1981
1929,1995,2030,2062,2107,2057,2054,1975
1917,1996,2028,2041,2061,2042,2066,2013
2000,2029,2035,2031,2053,2026,2051,2051
2095,2087,2067,2056,2088,2044,2063,2088
2166,2125,2082,2080,2104,2087,2082,2105
2162,2114,2074,2076,2110,2114,2072,2092
2114,2080,2058,2064,2100,2152,2048,2068
2096,2056,2046,2061,2098,2134,2059,2056
2059,2040,2042,2052,2070,2031,2032,2055
2047,2052,2043,2051,2058,1970,2061,2068
2049,2064,2046,2051,2051,2003,2052,2101
2104,2072,2047,2038,2049,2046,2054,2089
2101,2062,2041,2036,2045,2066,2048,2048
2084,2066,2036,2036,2045,2097,2041,2030
2074,2058,2040,2028,2044,2113,2055,2041
2070,2057,2044,2036,2043,2112,2059,2043
2053,2065,2050,2045,2045,2104,2059,2046
2051,2064,2060,2057,2056,2065,2059,2067
2069,2078,2065,2074,2066,2017,2043,2064
2104,2103,2070,2062,2057,2018,2044,2053
2128,2104,2068,2056,2052,2022,2046,2050
2114,2097,2066,2051,2053,2003,2047,2043
2104,2086,2067,2048,2055,2006,2054,2033
2083,2071,2064,2046,2046,2004,2056,2037
2068,2066,2060,2042,2041,2001,2052,2026
2063,2069,2061,2042,2050,2022,2053,2030
2088,2077,2065,2045,2060,2041,2052,2025
2098,2083,2066,2052,2063,2039,2058,2026
2108,2091,2060,2046,2048,2029,2044,2041
2122,2092,2066,2050,2043,2017,2051,2042
2104,2087,2070,2054,2068,2015,2044,2031
2059,2059,2066,2051,2063,2010,2047,2030
2046,2056,2056,2046,2066,2023,2042,2038
2051,2066,2063,2051,2037,2023,2076,2046
2066,2070,2066,2056,2042,2013,2059,2050
2089,2077,2068,2055,2070,2003,2046,2059
2081,2074,2062,2053,2048,1979,2041,2051
2078,2069,2058,2043,2048,1945,2005,2046
2053,2060,2059,2032,2024,1932,2024,2044
2062,2054,2055,2024,2004,1962,2035,2042
2107,2065,2064,2037,2018,2022,2044,2063
2144,2072,2065,2029,1983,2058,2042,2057
2119,2062,2054,2015,1985,2115,2055,2050
2095,2049,2043,2011,1972,2177,2049,2048
2098,2041,2037,2003,1920,2177,2046,2045
2091,2033,2038,1999,1896,2138,2029,2041
2076,2036,2038,2002,1898,2069,2023,2044
2070,2049,2046,2019,1956,2017,2033,2048
2062,2058,2062,2064,2077,2000,2048,2057
2070,2075,2073,2093,2175,2035,2080,2066
2072,2078,2077,2096,2211,2096,2080,2063
2072,2074,2072,2081,2204,2135,2093,2056
2067,2068,2067,2051,2140,2129,2081,2048
2066,2062,2065,2048,2086,2111,2085,2043
2063,2054,2057,2047,2066,2105,2074,2034
2056,2043,2052,2033,2044,2086,2062,2020
2053,2042,2051,2029,2029,2080,2066,2012
2075,2038,2054,2036,2025,2078,2058,2000
2076,2044,2056,2042,2031,2073,2061,2013
2079,2034,2056,2044,2041,2080,2083,2018
2064,2022,2059,2045,2029,2057,2058,2006
2014,1999,2052,2037,2031,2044,2054,1998
1946,1979,2039,2037,2051,2014,2032,1991
1886,1952,2029,2030,2058,1987,2006,1978
1856,1949,2023,2028,2060,1988,2013,1982
1859,1971,2034,2037,2074,2006,2021,1974
1848,1993,2046,2048,2075,2024,2032,1979
1861,2028,2051,2051,2072,2035,2038,1998
1934,2066,2062,2040,2068,2042,2057,2019
1985,2076,2063,2038,2064,2059,2057,2044
2028,2062,2059,2034,2063,2074,2072,2052
2059,2056,2053,2033,2056,2064,2075,2053
2092,2073,2052,2028,2054,2051,2072,2056
2129,2090,2060,2034,2052,2049,2064,2062
2155,2086,2059,2032,2041,2028,2062,2071
2146,2080,2059,2036,2045,2021,2041,2073
2139,2064,2053,2030,2038,2010,2051,2075
2103,2051,2056,2033,2038,2001,2036,2065
2084,2044,2048,2030,2036,1992,2030,2052
2122,2060,2057,2037,2049,2006,2030,2060
2121,2073,2056,2048,2052,2026,2033,2054
2090,2058,2056,2044,2052,2023,2043,2049
2079,2060,2057,2040,2048,2022,2030,2047
2075,2058,2054,2042,2039,2023,2029,2032
2067,2055,2049,2035,2022,2056,2006,2027
2057,2046,2041,2029,1996,2088,2030,2014
2058,2037,2038,2017,1992,2084,2022,2012
2050,2034,2031,2004,1993,2094,2032,2013
2061,2040,2034,2018,2031,2123,2045,2029
2072,2051,2052,2044,2076,2145,2045,2039
2084,2067,2064,2056,2097,2171,2063,2047
2087,2064,2063,2057,2107,2179,2067,2044
2088,2065,2065,2054,2080,2118,2042,2039
2081,2059,2061,2048,2043,2023,2031,2036
2078,2057,2055,2042,2020,2028,2024,2021
2068,2051,2047,2040,2060,2026,2044,2013
2065,2044,2050,2043,2100,2020,2037,2009
2066,2053,2052,2043,2117,2031,2032,2020
2069,2057,2050,2045,2113,2039,2028,2024
2060,2051,2053,2040,2086,2021,2053,2029
2062,2048,2051,2047,2087,2034,2050,2032
2066,2052,2052,2051,2079,2035,2051,2041
2063,2052,2051,2044,2043,2034,2058,2049
2059,2046,2049,2025,1965,2029,2032,2047
2053,2041,2043,2020,1961,2035,2023,2036
2046,2037,2045,2011,1985,2038,2044,2033
2044,2042,2050,2017,1992,2036,2038,2051
2057,2048,2053,2028,2007,2050,2054,2069
2068,2047,2050,2033,2069,2073,2065,2069
2060,2032,2036,2026,2104,2094,2045,2055
2054,2020,2032,2022,2094,2067,2049,2049
2044,2013,2029,2023,2069,2032,2027,2041
2043,2019,2025,2029,2054,1998,2030,2056
2044,2030,2038,2036,2042,1986,2033,2067
2046,2028,2043,2043,2038,1978,2017,2064
2043,2027,2042,2040,2023,1985,2033,2057
2046,2041,2056,2045,2028,2015,2041,2047
2045,2041,2046,2035,2040,2047,2036,2029
2029,2027,2035,2029,2069,2068,2039,2015
2020,2020,2023,2016,2057,2080,2052,2023
2033,2026,2025,2012,2013,2080,2062,2024
2039,2033,2029,2012,2039,2074,2054,2019
2039,2034,2030,2024,2068,2066,2060,2013
2040,2032,2027,2029,2070,2078,2058,2014
2038,2029,2028,2026,2046,2092,2053,2008
2035,2028,2026,2010,1994,2089,2032,2000
2045,2039,2033,2003,1953,2074,2044,1996
2050,2037,2037,1996,1948,2060,2041,1995
2046,2034,2038,2002,1946,2031,2035,1996
2045,2040,2051,2021,1981,1989,2039,2019
2045,2050,2069,2045,2056,2008,2070,2032
2049,2054,2072,2052,2068,2034,2077,2031
2057,2059,2070,2053,2076,2066,2072,2034
2060,2061,2069,2058,2079,2073,2087,2044
2056,2056,2072,2055,2077,2061,2073,2049
2064,2050,2064,2047,2069,2035,2049,2053
2058,2057,2060,2040,2070,2021,2058,2056
2065,2056,2053,2045,2091,2016,2050,2059
2049,2042,2045,2041,2075,2005,2037,2051
2044,2040,2041,2037,2063,1998,2043,2051
2045,2041,2043,2028,2042,2001,2064,2048
2038,2039,2040,2026,2040,2007,2059,2057
2040,2034,2042,2024,2042,2011,2062,2070
2038,2032,2046,2025,2030,2021,2049,2063
2024,2026,2041,2017,2029,2028,2022,2056
2026,2025,2033,2023,2049,2034,2030,2053
2036,2039,2037,2032,2073,2038,2034,2041
2042,2045,2045,2046,2091,2043,2030,2041
2048,2052,2051,2046,2092,2045,2030,2054
2059,2050,2056,2051,2072,2038,2035,2053
2052,2053,2052,2040,2057,2077,2050,2037
2050,2047,2052,2035,2052,2114,2057,2037
2062,2049,2044,2033,2045,2115,2051,2045
2064,2047,2045,2037,2057,2105,2072,2035
2056,2041,2044,2042,2060,2093,2068,2027
2049,2039,2043,2039,2048,2073,2062,2020
2033,2038,2050,2036,2042,2052,2053,2015
2030,2043,2048,2035,2037,2059,2051,2017
2031,2039,2048,2029,2040,2061,2054,2013
2043,2046,2049,2029,2039,2052,2050,2023
2053,2039,2045,2023,2041,2051,2060,2014
2060,2042,2050,2033,2039,2066,2065,2026
2077,2061,2055,2043,2045,2071,2069,2026
2070,2055,2054,2044,2052,2076,2066,2032
2057,2053,2048,2042,2058,2088,2084,2026
2053,2052,2054,2049,2058,2092,2082,2034
2050,2050,2051,2047,2074,2091,2060,2034
2044,2045,2047,2041,2082,2060,2041,2034
2040,2046,2050,2042,2079,2025,2030,2030
2048,2041,2050,2036,2060,1994,2021,2036
2046,2042,2049,2027,2033,1989,2020,2034
2039,2038,2050,2025,2026,2004,2017,2032
2037,2036,2045,2024,2026,2038,2027,2039
2035,2033,2044,2022,2015,2048,2036,2049
2035,2032,2041,2022,2006,2040,2045,2048
2034,2030,2040,2024,1997,2030,2033,2050
2029,2027,2032,2012,1987,2024,2042,2045
2028,2024,2026,2009,1967,2040,2044,2054
2031,2034,2040,2035,2023,2063,2057,2055
2038,2046,2059,2054,2065,2078,2054,2048
2025,2037,2056,2058,2061,2083,2066,2042
2018,2040,2052,2058,2055,2086,2063,2039
2036,2055,2053,2059,2059,2077,2062,2026
2019,2045,2043,2053,2073,2065,2053,2005
2006,2026,2053,2048,2062,2041,2057,1988
1998,2019,2050,2029,2061,2020,2053,1998
1997,2018,2051,2035,2082,2029,2056,2005
2006,2023,2055,2044,2088,2040,2067,2004
2002,2020,2051,2042,2078,2045,2060,2005
1972,1998,2032,2041,2071,2049,2047,2002
1956,1984,2028,2034,2063,2054,2043,2009
2006,2006,2033,2034,2052,2058,2037,2020
2018,2005,2020,2016,2024,2068,2036,2019
1999,2003,2016,2011,1986,2080,2062,2041
2070,2054,2047,2024,1986,2085,2080,2040
2078,2079,2054,2018,1947,2068,2070,2029
2046,2072,2057,2036,1939,2068,2066,2035
2078,2082,2065,2035,1964,2053,2064,2045
2069,2070,2060,2034,2020,2040,2053,2048
2066,2056,2062,2047,2097,2049,2055,2054
2071,2060,2060,2062,2164,2073,2068,2049
2062,2060,2058,2074,2205,2075,2061,2050
2071,2062,2065,2071,2201,2051,2050,2055
2072,2057,2054,2062,2131,2023,2040,2059
2052,2044,2055,2045,2066,2014,2030,2057
2036,2038,2056,2043,2034,2003,2004,2054
2037,2040,2054,2044,2031,2009,2042,2064
2041,2040,2057,2047,2029,2022,2056,2068
2039,2033,2048,2044,2031,2021,2056,2072
2037,2031,2045,2037,2026,2026,2066,2078
2049,2039,2056,2043,2040,2028,2069,2072
2047,2039,2058,2035,2039,2018,2058,2060
2050,2036,2053,2033,2034,2010,2059,2064
2048,2040,2053,2039,2070,2047,2062,2059
2051,2040,2054,2046,2070,2068,2074,2051
2050,2044,2050,2033,2032,2078,2080,2046
2050,2041,2049,2040,2004,2109,2072,2035
2049,2035,2041,2028,2007,2118,2044,2010
2032,2028,2037,2028,2023,2135,2036,2005
2022,2033,2039,2033,2028,2127,2022,2014
2024,2033,2043,2041,2040,2088,2045,2018
2023,2031,2047,2055,2060,2052,2031,2018
2020,2030,2048,2065,2085,2053,2047,2024
2023,2035,2047,2064,2090,2067,2064,2014
2016,2025,2044,2050,2084,2056,2057,2010
2060,2025,2036,2028,2040,2040,2039,2010
2058,2031,2040,2028,2022,2059,2056,2013
2047,2034,2043,2026,2002,2063,2062,2013
2042,2040,2043,2025,2009,2061,2063,2009
2029,2031,2042,2028,2024,2054,2022,2011
2017,2026,2043,2030,2016,2028,2020,2019
2013,2031,2046,2024,1993,1986,2018,2018
2018,2023,2041,2020,1971,1988,2037,2026
2025,2033,2041,2016,1953,2014,2038,2038
2034,2039,2045,2020,1992,1990,2034,2063
2058,2057,2058,2053,2066,1992,2055,2074
2072,2065,2064,2071,2106,2069,2065,2075
2059,2056,2058,2062,2108,2148,2062,2068
2046,2045,2049,2050,2099,2184,2062,2071
2043,2039,2043,2052,2100,2125,2035,2074
2037,2032,2039,2044,2070,2000,2024,2063
2028,2032,2039,2041,2057,1979,2031,2061
2033,2044,2050,2046,2048,2010,2040,2059
2034,2042,2047,2049,2068,2033,2047,2040
2012,2031,2045,2048,2126,2044,2046,2041
2003,2025,2045,2054,2150,2034,2048,2041
2025,2040,2052,2059,2161,2032,2033,2064
2075,2056,2050,2066,2179,2030,2046,2051
2052,2053,2052,2061,2188,2027,2048,2036
2037,2062,2060,2066,2182,2038,2060,2038
2042,2057,2056,2060,2142,2034,2046,2040
2019,2042,2055,2032,1982,1989,2013,2021
1996,2026,2040,2000,1846,1988,2024,2018
1987,2026,2044,2010,1890,2010,2025,2016
2005,2029,2045,2027,1940,2032,2038,2008
2041,2054,2056,2034,1996,2046,2021,2011
2049,2046,2046,2036,2002,2035,2017,2006
2034,2032,2033,2026,1984,2012,2003,2029
2098,2044,2041,2019,1980,2016,2035,2042
2114,2048,2043,2022,1996,2040,2045,2038
2088,2042,2041,2023,1995,2047,2021,2029
2051,2036,2040,2020,1985,2032,2024,2016
2029,2032,2037,2020,1975,2016,1998,2019
2016,2028,2033,2020,1976,2006,2023,2008
2024,2029,2038,2012,1989,2020,2021,2017
2046,2039,2043,2033,2045,2037,2048,2032
2072,2055,2060,2058,2074,2049,2021,2045
2075,2053,2061,2058,2078,2056,2039,2061
2065,2054,2055,2057,2078,2056,2029,2058
2061,2056,2051,2049,2068,2053,2028,2069
2059,2060,2061,2051,2047,2057,2039,2085
2057,2063,2058,2046,2043,2053,2034,2074
2030,2038,2042,2034,2032,2040,1999,2061
2015,2024,2036,2036,2026,2033,2005,2061
2021,2026,2043,2034,2014,2036,2011,2060
2021,2034,2039,2024,1968,2039,2012,2052
2026,2038,2042,2010,1965,2028,2012,2039
2040,2038,2038,2016,2016,2037,2039,2028
2014,2034,2044,2017,2031,2046,2042,2019
2034,2036,2047,2025,2018,2047,2034,1994
2028,2039,2044,2037,2012,2050,2026,1984
2042,2049,2046,2043,2042,2051,2010,1963
1988,2020,2043,2050,2072,2058,2013,1946
1919,1991,2039,2050,2098,2057,2014,1954
1894,1986,2034,2052,2098,2059,2036,1960
1873,1987,2036,2046,2086,2056,2043,1980
1873,1997,2043,2052,2079,2062,2048,1999
1886,2001,2040,2051,2077,2065,2053,1989
1869,1975,2021,2039,2082,2048,2053,1985
1821,1950,2009,2037,2050,2035,2047,1989
1855,1971,2020,2033,2071,2032,2048,2026
1965,2028,2034,2034,2080,2010,2033,2052
2104,2076,2045,2026,2016,2011,2055,2068
2129,2090,2058,2039,1991,2018,2066,2075
2152,2096,2070,2046,1982,2022,2058,2077
2187,2083,2071,2039,1994,2027,2045,2093
2191,2081,2065,2039,1987,2012,2036,2095
2141,2077,2060,2026,1983,2015,2044,2084
2061,2053,2057,2024,2021,2014,2054,2062
2020,2027,2047,2033,2049,2004,2047,2044
2037,2041,2056,2048,2071,2039,2041,2058
2074,2054,2056,2051,2040,2055,2053,2065
2063,2052,2054,2047,2039,2053,2042,2069
2033,2041,2040,2039,2054,2055,2048,2064
2018,2026,2033,2034,2070,2073,2046,2052
1988,2005,2025,2030,2095,2110,2029,2052
1999,2023,2039,2035,2090,2154,2031,2056
2029,2035,2045,2046,2095,2166,2043,2061
2055,2051,2050,2049,2074,2149,2058,2082
2127,2067,2049,2051,2070,2109,2040,2071
2120,2055,2048,2036,2034,2056,2044,2067
2103,2045,2044,2024,1999,2001,2036,2049
2097,2042,2043,2032,2044,2028,2032,2044
2093,2041,2043,2027,2020,2034,2038,2034
2079,2043,2045,2029,1994,2044,2041,2032
2065,2038,2040,2036,2026,2044,2055,2032
2054,2035,2041,2040,2067,2051,2060,2045
2040,2041,2049,2050,2075,2055,2048,2042
2041,2038,2045,2044,2050,2052,2057,2036
2030,2044,2044,2039,2043,2064,2040,2028
2027,2038,2037,2035,2056,2056,2035,2026
2024,2034,2036,2038,2064,2055,2032,2038
2034,2037,2044,2038,2077,2055,2031,2040
2042,2031,2039,2044,2077,2050,2025,2033
2067,2046,2050,2055,2095,2054,2016,2029
2086,2056,2050,2053,2091,2028,2044,2027
2071,2055,2047,2048,2096,2016,2029,2032
2055,2052,2039,2038,2084,2023,2031,2035
2042,2047,2046,2057,2112,2020,2049,2052
2039,2050,2056,2078,2148,2019,2044,2047
2045,2046,2057,2072,2140,2018,2045,2062
2046,2049,2060,2064,2100,2032,2048,2081
2054,2046,2052,2036,1976,2032,2032,2080
2055,2043,2044,2029,1944,2040,2034,2085
2054,2035,2041,2036,1989,2042,2075,2080
2044,2032,2043,2030,2008,2043,2063,2078
2034,2029,2043,2029,2016,2031,2066,2065
2053,2048,2049,2038,2033,2041,2067,2058
2065,2058,2055,2040,2036,2050,2065,2057
2040,2039,2045,2041,2031,2068,2074,2068
2017,2023,2038,2044,2035,2071,2069,2050
2009,2020,2040,2044,2039,2087,2076,2051
2044,2050,2050,2044,2038,2102,2072,2051
2087,2069,2053,2043,2030,2132,2045,2048
2076,2063,2050,2031,2014,2140,2038,2035
2064,2052,2050,2038,2031,2123,2043,2032
2060,2051,2051,2042,2050,2035,2054,2036
2044,2048,2046,2043,2044,1995,2064,2038
2030,2031,2041,2047,2024,2035,2068,2022
2018,2033,2038,2041,2022,2070,2047,2023
2033,2042,2039,2048,2040,2089,2054,2002
2041,2039,2043,2036,2003,2104,2054,1992
2027,2022,2029,2013,1940,2060,2017,1979
2006,2015,2026,2000,1921,2030,2015,1990
1999,2014,2032,2012,1930,1988,2010,2009
2011,2025,2039,2019,1952,1928,2009,2020
2022,2035,2045,2035,2043,1964,2038,2019
2013,2045,2053,2057,2117,2028,2043,2032
2028,2060,2054,2062,2124,2066,2064,2052
2092,2069,2057,2059,2102,2060,2052,2069
2114,2059,2054,2050,2058,2040,2037,2059
2071,2047,2043,2034,2026,2045,2034,2041
2029,2034,2044,2038,2038,2064,2043,2053
2018,2035,2043,2042,2046,2075,2057,2073
2047,2056,2049,2039,2055,2060,2056,2077
2046,2054,2061,2037,2042,1994,2039,2082
2046,2060,2052,2035,2019,1964,2026,2094
2053,2050,2054,2037,2003,1993,2027,2077
2045,2032,2040,2022,1991,2034,2033,2064
2031,2019,2036,2024,2018,2074,2047,2069
2043,2034,2048,2056,2059,2091,2050,2075
2045,2040,2062,2059,2090,2072,2073,2082
2054,2045,2061,2061,2108,2080,2064,2077
2061,2047,2048,2057,2095,2079,2060,2067
2057,2039,2048,2050,2074,2059,2066,2060
2062,2038,2044,2054,2079,2036,2065,2057
2078,2042,2045,2055,2078,2031,2070,2063
2088,2043,2044,2061,2072,2015,2080,2057
2069,2037,2038,2048,2055,2012,2071,2050
2051,2038,2041,2041,2037,2024,2045,2045
2057,2039,2048,2037,2030,2040,2048,2039
2050,2046,2048,2033,2017,2044,2061,2033
2058,2041,2047,2030,2010,2043,2058,2031
2056,2041,2040,2033,2030,2035,2051,2031
2053,2040,2043,2039,2055,2041,2047,2033
2051,2040,2048,2044,2060,2043,2036,2033
2059,2047,2053,2055,2065,2058,2026,2038
2058,2047,2054,2056,2056,2059,2039,2040
2060,2049,2058,2052,2066,2070,2028,2044
2069,2052,2057,2053,2065,2107,2040,2050
2074,2058,2053,2051,2058,2102,2036,2060
2069,2061,2059,2053,2067,2087,2043,2057
2061,2051,2056,2049,2054,2053,2041,2054
2049,2044,2052,2040,2054,2026,2039,2048
2044,2037,2049,2038,2054,2010,2036,2058
2039,2039,2049,2039,2061,2010,2051,2059
2041,2038,2043,2044,2065,2015,2049,2072
2047,2041,2047,2046,2066,2018,2038,2071
2051,2047,2045,2038,2056,2046,2056,2079
2052,2051,2051,2043,2058,2072,2041,2084
2052,2053,2047,2036,2051,2065,2011,2073
2051,2041,2039,2032,2048,2066,2038,2076
2053,2043,2047,2036,2044,2062,2061,2080
2052,2037,2050,2041,2046,2053,2054,2079
2055,2042,2046,2038,2047,2050,2059,2066
2046,2044,2044,2035,2048,2057,2058,2059
2059,2045,2044,2040,2048,2049,2060,2058
2052,2047,2041,2040,2044,2051,2060,2053
2052,2048,2046,2041,2042,2067,2053,2049
2056,2048,2044,2041,2039,2059,2040,2042
2052,2043,2041,2047,2046,2036,2044,2039
2053,2038,2044,2045,2054,2060,2041,2032
2054,2043,2043,2046,2054,2098,2055,2035
2049,2041,2040,2047,2058,2139,2060,2033
2063,2043,2044,2043,2049,2125,2046,2027
2061,2039,2041,2045,2052,2039,2043,2032
2054,2038,2038,2036,2042,1943,2023,2024
2045,2028,2036,2036,2045,1966,2031,2033
2047,2034,2036,2034,2041,2028,2047,2038
2056,2035,2033,2039,2068,2058,2047,2032
2047,2034,2033,2029,2076,2064,2031,2027
2045,2035,2031,2031,2064,2058,2048,2041
2055,2035,2035,2037,2093,2040,2055,2052
2060,2047,2049,2055,2126,2031,2051,2061
2062,2054,2056,2073,2160,2037,2050,2070
2067,2056,2056,2074,2155,2044,2060,2077
2065,2054,2058,2078,2097,2060,2063,2089
2070,2050,2053,2061,1969,2054,2065,2093
2067,2057,2052,2048,1959,2054,2048,2088
2060,2052,2051,2053,1985,2040,2042,2091
2054,2047,2050,2048,1992,2009,2047,2088
2054,2039,2041,2047,2048,1996,2034,2093
2057,2036,2034,2053,2056,2012,2017,2088
2048,2024,2025,2056,2114,2040,2034,2084
2047,2028,2032,2070,2131,2061,2034,2079
2052,2036,2033,2074,2112,2066,2052,2072
2050,2027,2020,2068,2109,2064,2022,2055
2042,2010,2012,2058,2106,2067,2030,2047
2041,2008,2014,2060,2092,2062,2032,2039
2047,2027,2033,2030,1964,2042,2026,2039
2043,2031,2029,1974,1838,2046,2036,2045
2046,2032,2027,1972,1879,2058,2022,2040
2047,2026,2022,1988,1937,2058,2032,2039
2041,2025,2030,2006,1999,2064,2039,2049
2049,2052,2046,2026,2042,2032,2049,2057
2063,2064,2058,2047,2077,2023,2041,2064
2075,2066,2058,2049,2069,2033,2041,2048
2070,2058,2057,2030,2047,2041,2026,2038
2066,2057,2053,2033,2052,2057,2040,2048
2059,2046,2047,2043,2077,2085,2062,2048
2060,2046,2050,2046,2069,2096,2058,2056
2065,2061,2057,2046,2064,2066,2043,2055
2061,2059,2051,2045,2055,2041,2038,2038
2052,2057,2055,2049,2072,2036,2048,2034
2059,2052,2042,2044,2064,2049,2062,2033
2057,2049,2041,2037,2048,2072,2060,2042
2056,2045,2039,2034,2040,2084,2060,2057
2045,2049,2041,2036,2052,2078,2060,2066
2046,2049,2046,2040,2072,2018,2062,2086
2055,2064,2054,2059,2119,2017,2054,2090
2060,2062,2058,2052,2133,2041,2062,2084
2061,2065,2047,2036,2062,2035,2070,2090
2058,2063,2052,2042,2024,2044,2074,2087
2062,2065,2057,2047,2033,2061,2065,2089
2064,2064,2063,2050,2057,2063,2041,2090
2060,2049,2053,2045,2076,2052,2015,2089
2055,2049,2046,2049,2079,2047,2038,2089
2061,2059,2063,2046,2061,2037,2045,2080
2066,2063,2055,2043,2037,2019,2039,2080
2058,2060,2058,2043,2025,2015,2039,2076
2060,2057,2053,2038,2008,2017,2008,2069
2056,2054,2042,2038,1994,2030,2000,2053
2041,2047,2046,2032,1996,2042,1984,2042
2042,2048,2043,2031,2015,2056,2007,2045
2053,2054,2047,2033,2038,2064,2033,2044
2056,2058,2045,2040,2039,2046,2023,2046
2056,2058,2047,2043,2032,2016,2032,2054
2048,2058,2048,2039,2029,1993,2043,2046
2058,2053,2043,2043,2064,2005,2051,2044
2052,2049,2046,2051,2066,1989,2056,2044
2058,2046,2045,2046,2058,1980,2053,2052
2058,2047,2039,2038,2033,1965,2037,2047
2052,2045,2046,2034,2032,1963,2034,2055
