CH1,CH2,CH3,CH4,CH5,CH6,CH7,CH8
2049,2056,2057,2075,2059,2049,2048,2051
2045,2054,2070,2076,2068,2044,2040,2056
2039,2059,2076,2082,2057,2039,2044,2063
2045,2056,2077,2078,2048,2038,2040,2074
2048,2061,2080,2087,2058,2045,2024,2075
2047,2053,2070,2072,2049,2045,2037,2069
2040,2047,2064,2057,2055,2049,2044,2070
2050,2058,2076,2057,2057,2055,2046,2072
2049,2058,2069,2044,2059,2052,2044,2068
2044,2047,2056,2029,2044,2043,2043,2066
2043,2037,2036,2015,2039,2035,2031,2059
2046,2038,2030,2019,2034,2043,2033,2051
2045,2040,2046,2031,2034,2045,2026,2046
2042,2052,2048,2042,2048,2049,2042,2038
2046,2053,2049,2046,2048,2044,2052,2039
2053,2051,2043,2047,2056,2053,2042,2043
2059,2049,2041,2051,2058,2056,2053,2042
2063,2055,2046,2049,2062,2050,2047,2041
2058,2056,2046,2050,2063,2052,2050,2036
2055,2055,2040,2052,2067,2048,2047,2033
2055,2050,2036,2051,2069,2054,2052,2033
2053,2041,2027,2046,2070,2051,2034,2028
2049,2039,2036,2053,2078,2057,2035,2028
2054,2050,2047,2067,2083,2062,2046,2037
2062,2050,2056,2074,2079,2058,2040,2045
2059,2046,2052,2071,2070,2060,2036,2044
2062,2050,2052,2071,2045,2054,2047,2050
2054,2053,2051,2072,2019,2042,2046,2045
2054,2054,2052,2066,2015,2037,2042,2052
2051,2055,2045,2068,2035,2045,2053,2054
2052,2046,2041,2071,2037,2050,2044,2056
2048,2046,2040,2066,2028,2043,2038,2062
2047,2041,2036,2059,2000,2029,2042,2057
2048,2031,2028,2045,1992,2022,2039,2069
2043,2026,2019,2045,2005,2027,2029,2070
2044,2028,2006,2041,2024,2027,2033,2071
2044,2030,2006,2047,2038,2031,2049,2077
2047,2034,2009,2048,2061,2041,2042,2070
2044,2035,2016,2064,2086,2050,2054,2080
2053,2047,2019,2067,2096,2065,2054,2078
2053,2052,2025,2076,2082,2060,2037,2072
2055,2051,2033,2083,2078,2056,2027,2066
2058,2050,2043,2081,2065,2054,2039,2061
2055,2047,2045,2076,2042,2044,2042,2058
2055,2047,2041,2060,1927,2031,2042,2048
2062,2042,2048,2049,1895,2031,2052,2045
2060,2049,2051,2052,1970,2044,2045,2044
2060,2043,2049,2064,2024,2052,2034,2041
2054,2039,2038,2066,2070,2059,2048,2039
2048,2026,2019,2069,2085,2062,2048,2044
2045,2022,2006,2064,2084,2055,2035,2037
2036,2020,2001,2056,2081,2047,2023,2034
2027,2006,1988,2032,2061,2037,2025,2029
2025,2010,2009,2027,2048,2033,2034,2030
2027,2022,2030,2036,2050,2037,2019,2031
2028,2030,2055,2044,2072,2045,2044,2035
2038,2041,2055,2053,2082,2046,2039,2029
2038,2038,2031,2056,2081,2051,2034,2038
2036,2034,2034,2062,2069,2054,2048,2045
2044,2033,2026,2058,2051,2051,2055,2043
2044,2036,2024,2044,2013,2034,2034,2040
2037,2028,2030,2021,1996,2027,2052,2040
2040,2031,2044,2012,2029,2022,2032,2041
2039,2035,2064,2020,2070,2036,2032,2047
2042,2040,2081,2017,2056,2038,2038,2057
2046,2039,2077,2019,2044,2034,2038,2065
2050,2047,2068,2014,2060,2036,2037,2067
2050,2055,2065,2034,2059,2037,2032,2074
2043,2057,2066,2047,2058,2038,2044,2080
2057,2050,2056,2050,2065,2036,2036,2075
2051,2039,2045,2050,2076,2037,2021,2067
2044,2041,2040,2058,2090,2044,2038,2074
2050,2056,2051,2067,2093,2043,2046,2070
2058,2071,2068,2076,2088,2045,2042,2067
2063,2082,2082,2086,2106,2047,2050,2074
2064,2080,2075,2089,2117,2052,2063,2070
2062,2071,2072,2094,2117,2048,2048,2056
2062,2073,2067,2092,2120,2055,2035,2048
2053,2067,2067,2077,2090,2050,2021,2042
2050,2064,2063,2050,2013,2042,2025,2037
2042,2060,2058,2033,1989,2042,2033,2045
2043,2056,2059,2044,2001,2055,2038,2045
2046,2051,2050,2038,2028,2056,2045,2044
2048,2048,2046,2045,2040,2056,2050,2040
2052,2052,2051,2059,2068,2055,2051,2040
2051,2061,2058,2060,2062,2051,2023,2037
2048,2052,2049,2055,2056,2043,2043,2037
2052,2051,2045,2057,2054,2052,2048,2047
2060,2061,2052,2060,2055,2054,2050,2044
2056,2058,2054,2057,2037,2054,2050,2046
2057,2060,2053,2046,2029,2055,2040,2043
2055,2063,2051,2046,2044,2052,2029,2047
2059,2066,2053,2043,2044,2059,2033,2049
2060,2060,2052,2044,2051,2057,2053,2053
2054,2060,2051,2049,2048,2058,2058,2055
2051,2060,2052,2042,2038,2047,2040,2056
2047,2059,2047,2046,2041,2052,2045,2061
2042,2056,2045,2042,2047,2046,2039,2066
2047,2054,2048,2042,2043,2053,2054,2072
2049,2052,2043,2047,2047,2053,2031,2069
2043,2051,2048,2046,2043,2071,2060,2074
2041,2052,2052,2050,2043,2079,2056,2069
2036,2041,2037,2045,2035,2079,2041,2067
2038,2039,2032,2041,2034,2074,2048,2077
2043,2051,2044,2046,2042,2074,2057,2070
2048,2056,2054,2056,2051,2069,2057,2069
2047,2049,2047,2059,2046,2068,2068,2066
2043,2045,2047,2060,2049,2065,2056,2059
2043,2046,2046,2061,2044,2068,2049,2053
2040,2048,2045,2060,2044,2060,2062,2056
2041,2052,2045,2061,2045,2048,2063,2047
2043,2050,2049,2067,2041,2030,2053,2050
2049,2050,2046,2068,2039,2013,2053,2047
2055,2051,2046,2064,2041,2009,2022,2043
2048,2052,2036,2060,2038,2004,2047,2047
2048,2053,2038,2057,2035,2005,2049,2041
2046,2050,2029,2055,2030,2024,2049,2034
2044,2047,2023,2048,2027,2034,2038,2029
2039,2031,2004,2028,2019,2034,2024,2024
2033,2032,1999,2023,2021,2039,2039,2032
2038,2037,2013,2031,2030,2045,2040,2030
2042,2042,2007,2035,2038,2051,2046,2038
2045,2044,2007,2032,2039,2056,2054,2039
2047,2053,2008,2034,2046,2061,2042,2050
2041,2052,2019,2038,2041,2062,2054,2050
2051,2049,2022,2042,2043,2063,2053,2050
2044,2048,2026,2041,2039,2059,2056,2049
2045,2044,2030,2040,2041,2058,2047,2058
2047,2048,2042,2048,2045,2059,2065,2054
2048,2046,2041,2048,2044,2051,2053,2060
2042,2042,2038,2046,2036,2051,2043,2055
2040,2038,2038,2050,2043,2049,2034,2064
2037,2046,2047,2047,2042,2047,2045,2060
2035,2053,2058,2046,2043,2045,2045,2067
2042,2048,2052,2047,2036,2041,2041,2064
2039,2051,2044,2049,2037,2041,2048,2071
2046,2061,2050,2062,2038,2053,2050,2066
2047,2056,2058,2065,2036,2051,2065,2060
2047,2056,2062,2072,2042,2054,2059,2052
2047,2053,2064,2073,2041,2053,2064,2046
2041,2048,2052,2068,2042,2052,2052,2045
2039,2041,2038,2060,2040,2051,2042,2041
2041,2042,2033,2041,2031,2050,2044,2033
2038,2049,2033,2040,2040,2059,2064,2040
2046,2052,2037,2038,2031,2057,2056,2039
2042,2056,2034,2049,2034,2052,2044,2031
2047,2053,2038,2054,2040,2052,2043,2037
2042,2048,2040,2049,2041,2041,2038,2033
2044,2046,2032,2046,2042,2042,2043,2033
2039,2041,2028,2039,2037,2036,2043,2029
2036,2034,2018,2028,2031,2026,2031,2021
2038,2032,2005,2023,2040,2034,2022,2024
2037,2039,2008,2033,2046,2048,2025,2026
2042,2037,1997,2030,2048,2056,2047,2033
2041,2040,1998,2032,2048,2058,2054,2039
2044,2042,2004,2042,2050,2059,2055,2040
2039,2033,2009,2044,2052,2070,2070,2043
2041,2037,2005,2035,2046,2073,2036,2039
2040,2030,1993,2020,2037,2076,2066,2040
2030,2025,1978,2014,2032,2079,2046,2040
2031,2031,1997,2021,2040,2088,2047,2054
2035,2036,2014,2035,2045,2085,2044,2054
2026,2035,2009,2033,2049,2041,2035,2058
2033,2036,2012,2031,2040,2003,2044,2056
2036,2037,2014,2032,2034,2008,2037,2062
2032,2032,2011,2026,2028,2023,2026,2065
2033,2029,2023,2022,2029,2026,2031,2062
2032,2037,2046,2031,2025,2028,2027,2062
2047,2061,2090,2051,2040,2041,2032,2074
2057,2078,2098,2052,2043,2050,2043,2072
2063,2081,2074,2052,2038,2045,2022,2068
2056,2069,2049,2049,2033,2042,2052,2061
2063,2070,2039,2039,2029,2045,2053,2058
2050,2060,2036,2038,2034,2042,2064,2046
2052,2059,2044,2048,2037,2043,2058,2043
2058,2062,2054,2055,2038,2048,2041,2044
2061,2069,2062,2055,2042,2050,2058,2037
2056,2064,2063,2057,2044,2053,2050,2045
2055,2062,2070,2059,2050,2056,2048,2038
2051,2063,2074,2060,2053,2053,2037,2032
2051,2064,2069,2059,2057,2050,2038,2032
2059,2057,2063,2061,2044,2044,2052,2025
2048,2049,2063,2052,2043,2043,2044,2026
2046,2051,2069,2053,2045,2047,2041,2029
2050,2059,2078,2055,2051,2055,2055,2037
2053,2064,2089,2058,2064,2059,2049,2036
2051,2068,2092,2065,2052,2059,2055,2043
2049,2067,2080,2064,2050,2057,2056,2043
2050,2063,2069,2055,2053,2056,2047,2042
2053,2063,2054,2060,2063,2057,2062,2044
2048,2054,2062,2065,2056,2052,2050,2046
2047,2049,2063,2066,2053,2055,2058,2045
2041,2048,2063,2076,2056,2051,2044,2047
2047,2049,2072,2082,2058,2056,2036,2051
2046,2048,2073,2086,2059,2062,2061,2053
2042,2048,2068,2084,2060,2059,2054,2055
2038,2052,2054,2081,2059,2051,2055,2056
2032,2047,2037,2078,2055,2045,2047,2057
2030,2040,2023,2085,2044,2041,2047,2040
2025,2035,2017,2084,2049,2041,2036,2054
2030,2036,2012,2084,2047,2042,2047,2061
2038,2043,2011,2069,2049,2042,2042,2057
2044,2033,2001,2054,2037,2036,2040,2055
2045,2029,1987,2020,2028,2032,2033,2040
2046,2022,1985,2004,2018,2037,2023,2047
2042,2027,1999,1998,2025,2034,2030,2044
2047,2041,2006,1996,2028,2036,2011,2037
2049,2049,2016,2010,2039,2042,2024,2027
2052,2049,2024,2024,2038,2043,2029,2020
2049,2045,2035,2036,2046,2043,2049,2014
2040,2037,2028,2046,2056,2045,2033,2012
2036,2027,2011,2038,2047,2046,2042,2011
2028,2025,1999,2034,2034,2038,2044,2014
2022,2021,2012,2034,2039,2039,2032,2008
2032,2036,2043,2048,2050,2040,2038,2018
2036,2058,2081,2065,2053,2042,2056,2022
2046,2068,2095,2075,2062,2054,2058,2034
2048,2069,2089,2075,2066,2057,2047,2031
2047,2059,2068,2065,2065,2056,2052,2026
2041,2051,2050,2053,2066,2058,2044,2029
2042,2048,2045,2049,2075,2060,2060,2035
2031,2050,2052,2038,2067,2060,2045,2027
2033,2040,2048,2014,2048,2051,2051,2029
2033,2038,2042,1994,2027,2048,2046,2034
2036,2046,2070,2000,2029,2053,2052,2040
2058,2078,2110,2025,2037,2057,2055,2057
2068,2100,2129,2039,2043,2053,2064,2064
2063,2091,2111,2037,2042,2053,2060,2060
2058,2077,2072,2018,2027,2038,2062,2069
2049,2068,2053,2018,2025,2045,2064,2068
2046,2064,2047,2023,2038,2051,2039,2058
2042,2056,2040,2024,2039,2050,2052,2058
2044,2052,2038,2031,2039,2046,2037,2061
2050,2061,2041,2030,2044,2046,2056,2064
2048,2059,2043,2033,2048,2054,2061,2064
2050,2061,2050,2041,2056,2059,2060,2055
2053,2065,2047,2044,2054,2057,2051,2054
2051,2065,2056,2052,2053,2052,2056,2054
2052,2067,2066,2052,2054,2049,2054,2048
2051,2065,2066,2051,2046,2042,2057,2042
2052,2057,2060,2053,2040,2046,2054,2043
2054,2060,2057,2055,2025,2050,2052,2047
2055,2064,2053,2054,2035,2052,2045,2041
2052,2056,2048,2050,2032,2050,2043,2036
2050,2059,2047,2049,2039,2050,2063,2036
2051,2053,2042,2054,2044,2051,2063,2032
2055,2055,2040,2051,2056,2049,2069,2027
2054,2052,2032,2046,2051,2038,2055,2030
2042,2042,2030,2045,2049,2040,2042,2032
2049,2046,2028,2051,2051,2043,2042,2040
2052,2051,2030,2048,2032,2044,2075,2041
2055,2046,2030,2047,2032,2046,2076,2034
2049,2047,2031,2046,2042,2054,2080,2043
2061,2048,2046,2055,2047,2057,2086,2041
2051,2050,2060,2061,2045,2057,2063,2031
2047,2052,2068,2062,2041,2053,2054,2034
2037,2049,2069,2055,2030,2055,2048,2037
2039,2041,2064,2066,2023,2049,2038,2044
2041,2047,2058,2067,2029,2050,2044,2055
2034,2043,2054,2066,2024,2044,2065,2055
2049,2040,2050,2053,2013,2043,2067,2055
2047,2044,2042,2060,2048,2050,2056,2060
2046,2038,2047,2064,2096,2055,2065,2064
2049,2039,2041,2065,2114,2048,2061,2060
2041,2028,2033,2056,2122,2045,2052,2064
2046,2022,2035,2060,2130,2055,2072,2064
2055,2030,2030,2056,2146,2061,2077,2058
2048,2031,2025,2053,2137,2057,2058,2058
2055,2042,2031,2056,2110,2052,2067,2060
2061,2053,2031,2054,2091,2049,2060,2058
2055,2058,2034,2057,2059,2043,2053,2051
2049,2061,2032,2055,1992,2035,2064,2044
2051,2056,2031,2044,1911,2026,2058,2026
2046,2058,2040,2055,1954,2036,2065,2024
2041,2052,2044,2058,2001,2045,2079,2028
2046,2060,2038,2058,2013,2052,2062,2036
2053,2055,2037,2064,2038,2058,2074,2035
2045,2045,2023,2057,2052,2063,2055,2035
2043,2046,2001,2043,2051,2056,2064,2028
2043,2037,1980,2039,2048,2051,2065,2029
2043,2034,1974,2025,2020,2041,2064,2024
2038,2034,1972,2019,2032,2047,2072,2029
2040,2047,1986,2029,2061,2059,2079,2038
2045,2052,1997,2037,2074,2062,2069,2034
2048,2053,2001,2041,2082,2063,2062,2032
2045,2055,2013,2034,2081,2065,2070,2033
2042,2052,2016,2034,2069,2065,2045,2033
2042,2054,2016,2027,2062,2057,2065,2041
2038,2057,2032,2028,2056,2060,2080,2044
2043,2058,2041,2029,2051,2063,2070,2052
2049,2059,2053,2041,2046,2058,2068,2054
2046,2058,2058,2041,2037,2050,2072,2056
2048,2053,2062,2038,2028,2041,2060,2058
2045,2047,2067,2029,2011,2035,2063,2056
2040,2052,2073,2033,2018,2042,2060,2068
2046,2053,2074,2044,2025,2038,2061,2070
2050,2064,2074,2051,2035,2040,2057,2064
2044,2054,2075,2054,2039,2038,2057,2064
2040,2053,2079,2060,2047,2044,2064,2069
2051,2063,2083,2063,2049,2047,2059,2066
2050,2059,2075,2064,2049,2045,2069,2065
2048,2057,2074,2070,2048,2054,2063,2060
2048,2054,2064,2066,2045,2053,2055,2066
2056,2059,2064,2067,2051,2048,2058,2058
2054,2058,2054,2066,2043,2048,2062,2052
2050,2058,2053,2067,2040,2047,2066,2050
2056,2057,2046,2058,2043,2051,2072,2042
2052,2056,2049,2053,2044,2050,2062,2040
2050,2049,2042,2042,2037,2042,2040,2034
2041,2044,2033,2033,2027,2038,2052,2033
2045,2042,2039,2029,2035,2037,2039,2034
2042,2047,2051,2038,2032,2040,2051,2038
2044,2049,2062,2027,2041,2043,2056,2036
2041,2049,2051,2026,2039,2045,2054,2037
2043,2048,2047,2024,2042,2050,2059,2043
2050,2056,2056,2033,2046,2066,2060,2041
2052,2058,2053,2028,2054,2070,2054,2038
2046,2054,2052,2036,2049,2074,2059,2040
2044,2052,2055,2039,2039,2068,2060,2038
2049,2050,2052,2045,2044,2054,2037,2048
2043,2052,2060,2050,2055,2028,2052,2052
2046,2053,2059,2047,2045,2034,2054,2041
2045,2042,2047,2039,2036,2041,2057,2041
2034,2037,2040,2037,2038,2042,2058,2049
2035,2038,2036,2035,2034,2041,2056,2050
2030,2029,2032,2043,2027,2040,2066,2050
2037,2033,2043,2051,2032,2039,2041,2058
2041,2045,2054,2062,2035,2046,2034,2058
2051,2056,2067,2071,2045,2046,2035,2062
2047,2055,2057,2059,2048,2039,2059,2061
2048,2055,2044,2062,2052,2040,2052,2066
2052,2056,2037,2060,2053,2044,2056,2063
2051,2055,2033,2060,2049,2049,2052,2055
2049,2048,2024,2056,2040,2044,2052,2051
2047,2044,2022,2051,2036,2038,2070,2049
2046,2047,2024,2053,2034,2044,2058,2040
2051,2047,2029,2045,2038,2045,2037,2034
2047,2044,2027,2048,2038,2046,2048,2030
2049,2044,2021,2036,2043,2056,2059,2027
2043,2049,2024,2027,2037,2058,2051,2030
2044,2043,2035,2015,2031,2052,2044,2032
2045,2049,2053,2007,2028,2052,2037,2031
2046,2050,2069,2013,2032,2049,2047,2029
2050,2050,2068,2030,2049,2052,2050,2025
2052,2053,2068,2035,2046,2055,2060,2025
2050,2052,2047,2033,2045,2050,2046,2020
2044,2044,2040,2029,2049,2049,2067,2027
2050,2048,2039,2036,2057,2053,2053,2036
2050,2052,2036,2039,2050,2056,2042,2041
2058,2053,2040,2039,2044,2061,2058,2038
2055,2061,2045,2044,2048,2061,2055,2034
2053,2056,2043,2049,2051,2056,2038,2040
2049,2055,2044,2048,2050,2053,2049,2038
2047,2050,2039,2050,2045,2050,2058,2037
2043,2047,2041,2056,2055,2049,2032,2037
2046,2043,2042,2053,2059,2034,2051,2041
2047,2040,2045,2052,2058,2022,2043,2051
2050,2045,2052,2053,2060,2020,2041,2062
2054,2044,2047,2062,2061,2021,2026,2060
2047,2042,2045,2068,2058,2027,2034,2057
2054,2041,2056,2082,2063,2033,2039,2057
2047,2034,2054,2077,2058,2031,2019,2051
2037,2028,2050,2077,2054,2031,2038,2056
2043,2039,2049,2082,2061,2037,2019,2055
2044,2039,2056,2078,2060,2041,2043,2056
2042,2038,2052,2081,2062,2041,2035,2061
2039,2047,2055,2081,2060,2038,2043,2057
2044,2054,2052,2073,2062,2046,2034,2053
2043,2050,2046,2074,2064,2047,2018,2047
2048,2048,2045,2070,2062,2049,2035,2037
2051,2047,2050,2067,2059,2050,2027,2029
2046,2045,2032,2046,2060,2046,2039,2033
2048,2038,2025,2019,2050,2051,2046,2039
2048,2037,2021,2001,2043,2057,2030,2042
2049,2046,2032,1997,2046,2062,2034,2040
2050,2051,2049,1999,2055,2064,2039,2040
2064,2059,2058,1996,2056,2068,2054,2040
2058,2056,2051,1999,2051,2054,2040,2032
2054,2050,2052,2008,2052,2053,2028,2035
2052,2053,2058,2022,2060,2054,2057,2035
2050,2050,2053,2024,2051,2051,2050,2035
2055,2048,2058,2029,2051,2049,2072,2037
2061,2052,2053,2034,2052,2054,2057,2041
2044,2045,2049,2034,2055,2049,2052,2047
2054,2047,2052,2038,2053,2051,2039,2050
2048,2047,2057,2035,2054,2055,2045,2056
2053,2049,2068,2037,2049,2057,2065,2052
2052,2047,2061,2034,2052,2054,2057,2058
2052,2042,2062,2032,2043,2047,2059,2054
2044,2044,2051,2035,2044,2038,2056,2057
2049,2046,2050,2036,2041,2039,2051,2062
2041,2045,2052,2033,2050,2044,2058,2057
2041,2046,2053,2037,2050,2038,2051,2061
2047,2037,2048,2033,2054,2029,2042,2060
2039,2031,2039,2027,2045,2031,2041,2053
2043,2042,2040,2038,2050,2039,2061,2064
2044,2050,2045,2035,2052,2045,2054,2064
2046,2050,2051,2037,2052,2047,2042,2055
2046,2045,2053,2036,2058,2048,2035,2057
2050,2046,2055,2045,2057,2048,2053,2061
2050,2047,2056,2040,2065,2055,2051,2048
2045,2052,2048,2040,2067,2056,2039,2045
2053,2052,2054,2042,2065,2063,2034,2040
2045,2050,2051,2043,2055,2075,2037,2042
2047,2047,2052,2046,2058,2078,2051,2044
2048,2049,2050,2049,2046,2086,2055,2039
2052,2046,2043,2053,2038,2084,2051,2041
2052,2048,2042,2050,2030,2080,2048,2044
2054,2045,2039,2047,2037,2081,2057,2043
2054,2043,2035,2042,2031,2048,2029,2036
2047,2036,2033,2035,2020,1994,2009,2032
2043,2038,2037,2035,2023,1993,2023,2042
2049,2041,2043,2035,2030,2008,2027,2039
2048,2050,2050,2045,2035,2014,2029,2047
2049,2063,2070,2056,2048,2029,2050,2042
2052,2061,2068,2050,2053,2032,2037,2040
2046,2061,2058,2048,2056,2038,2060,2044
2048,2050,2051,2050,2063,2050,2040,2044
2047,2044,2047,2047,2054,2067,2051,2044
2046,2041,2039,2045,2055,2074,2039,2056
2044,2043,2038,2047,2048,2082,2059,2053
2052,2050,2050,2049,2059,2082,2052,2060
2053,2056,2060,2050,2054,2072,2036,2067
2057,2056,2052,2052,2053,2072,2052,2066
2044,2047,2050,2042,2049,2067,2047,2063
2046,2043,2044,2035,2037,2058,2028,2056
2034,2034,2040,2032,2032,2047,2029,2058
2028,2031,2037,2030,2008,2031,2042,2060
2038,2042,2044,2036,1996,2026,2035,2057
2039,2042,2043,2030,1982,2002,2046,2062
2045,2040,2047,2026,1992,1990,2056,2055
2041,2045,2041,2028,1994,1993,2038,2059
2043,2049,2054,2044,2034,2012,2046,2054
2047,2050,2062,2056,2060,2026,2056,2052
2054,2052,2065,2063,2084,2045,2055,2047
2056,2056,2063,2062,2098,2061,2052,2047
2051,2055,2063,2066,2079,2062,2054,2041
2054,2053,2056,2056,2055,2039,2033,2037
2043,2049,2053,2051,2040,2031,2051,2032
2041,2047,2050,2051,2049,2036,2056,2029
2048,2052,2052,2052,2065,2056,2050,2031
2043,2055,2050,2054,2069,2058,2051,2028
2039,2037,2039,2052,2092,2063,2045,2024
2040,2032,2041,2056,2085,2069,2055,2036
2043,2041,2049,2059,2086,2069,2063,2035
2040,2051,2052,2056,2074,2070,2042,2034
2044,2049,2053,2056,2074,2054,2051,2044
2049,2053,2053,2060,2077,2038,2046,2048
2056,2056,2052,2063,2068,2032,2034,2045
2053,2055,2052,2060,2059,2032,2041,2050
2050,2055,2052,2051,2037,2029,2047,2054
2046,2044,2041,2046,2010,2027,2028,2053
2041,2046,2037,2037,1992,2014,2031,2054
2047,2037,2029,2021,1973,2021,2025,2046
2032,2020,2016,2010,1978,2041,2028,2046
2033,2026,2021,2037,2017,2068,2030,2056
2049,2045,2044,2061,2047,2096,2032,2069
2050,2051,2056,2069,2060,2093,2046,2070
2055,2046,2043,2069,2082,2078,2056,2076
2053,2039,2049,2081,2092,2065,2054,2073
2054,2048,2043,2068,2066,2060,2042,2068
2051,2050,2046,2060,2044,2058,2046,2067
2043,2060,2054,2056,2010,2045,2057,2068
2050,2065,2058,2049,1962,2031,2019,2054
2052,2060,2050,2040,1954,2023,2043,2043
2044,2053,2046,2037,1985,2018,2049,2036
2049,2053,2049,2037,2020,2026,2046,2037
2045,2049,2046,2041,2027,2029,2024,2030
2043,2046,2045,2038,2044,2027,2034,2028
2038,2043,2037,2034,2044,2030,2029,2022
2039,2041,2032,2022,2026,2035,2030,2016
2034,2026,2025,2009,1999,2037,2024,2000
2031,2022,2012,2003,1993,2050,2033,1998
2038,2029,2030,2024,2010,2054,2006,2012
2032,2035,2043,2037,2033,2042,2004,2019
2045,2049,2053,2054,2063,2034,2043,2036
2054,2061,2065,2065,2100,2056,2062,2048
2056,2058,2061,2069,2116,2055,2046,2049
2058,2061,2059,2072,2120,2067,2057,2056
2065,2058,2053,2065,2117,2070,2066,2055
2054,2055,2051,2061,2097,2060,2016,2044
2053,2064,2062,2059,2098,2054,2009,2048
2060,2070,2060,2059,2085,2058,2024,2040
2051,2060,2058,2050,2090,2074,2043,2040
2048,2053,2050,2052,2092,2076,2043,2050
2042,2050,2056,2054,2082,2075,2030,2061
2054,2049,2047,2050,2079,2070,2028,2068
2056,2048,2050,2052,2075,2071,2032,2061
2052,2045,2052,2047,2074,2067,2032,2065
2057,2046,2050,2046,2070,2065,2033,2061
2043,2038,2041,2034,2053,2071,2010,2061
2047,2041,2046,2044,2052,2079,2031,2063
2055,2047,2051,2044,2051,2077,2027,2065
2049,2042,2049,2038,2044,2065,2001,2058
2060,2046,2045,2036,2030,2032,2000,2058
2056,2052,2046,2041,2038,2017,1986,2054
2064,2054,2051,2042,2044,2018,1991,2056
2064,2054,2053,2051,2090,2031,2002,2043
2064,2056,2056,2054,2122,2033,2001,2036
2056,2053,2055,2059,2136,2021,1983,2036
2052,2048,2056,2053,2128,2019,1985,2028
2050,2051,2052,2048,2136,2019,2013,2022
2048,2047,2049,2045,2131,2016,2012,2026
2046,2047,2051,2048,2122,2026,2018,2027
2052,2049,2054,2045,2103,2031,2038,2028
2053,2047,2050,2043,2072,2056,2041,2019
2039,2037,2042,2036,2031,2111,2050,2015
2033,2033,2040,2019,1918,2124,2064,2022
2038,2048,2041,2017,1909,2137,2056,2021
2051,2042,2044,2017,1951,2134,2060,2023
2051,2050,2052,2034,1983,2103,2057,2035
2059,2058,2062,2057,2025,2013,2068,2050
2061,2053,2060,2063,2041,1996,2067,2061
2057,2052,2069,2064,2023,1995,2033,2057
2056,2058,2064,2060,2014,2002,2042,2068
2058,2055,2064,2051,2012,2008,2042,2060
2053,2045,2054,2038,2000,2015,2052,2068
2053,2044,2050,2031,2002,2028,2050,2061
2045,2045,2049,2038,2019,2041,2048,2068
2041,2041,2048,2038,2047,2055,2043,2063
2034,2033,2042,2049,2081,2067,2050,2057
2026,2030,2038,2051,2097,2076,2042,2052
2020,2018,2031,2044,2090,2082,2038,2046
2019,2019,2027,2048,2089,2082,2055,2043
2025,2025,2036,2048,2076,2077,2043,2047
2032,2023,2041,2050,2055,2064,2053,2042
2037,2031,2039,2045,2040,2051,2041,2040
2033,2025,2034,2041,2036,2047,2052,2032
2034,2028,2037,2045,2032,2047,2057,2031
2033,2028,2030,2040,2023,2039,2026,2029
2029,2031,2033,2043,2025,2037,2015,2029
2039,2032,2038,2045,2037,2043,2026,2026
2041,2035,2039,2045,2036,2054,2046,2018
2036,2036,2041,2041,2028,2039,2018,2021
2041,2039,2045,2039,2027,2032,2024,2014
2049,2041,2045,2042,2028,2043,2024,2022
2049,2045,2045,2052,2041,2056,2029,2026
2045,2045,2045,2050,2050,2073,2043,2031
2048,2033,2043,2046,2053,2069,2049,2032
2044,2034,2046,2047,2051,2078,2042,2038
2044,2040,2048,2051,2052,2088,2029,2053
2060,2051,2058,2057,2049,2081,2051,2065
2070,2057,2060,2057,2051,2066,2054,2063
2070,2059,2059,2056,2050,2017,2054,2070
2066,2064,2062,2056,2052,1999,2049,2071
2062,2064,2058,2055,2051,2007,2062,2073
2061,2056,2052,2056,2051,2017,2059,2073
2058,2051,2053,2054,2052,2018,2061,2067
2059,2045,2047,2046,2053,2026,2050,2066
2046,2045,2050,2049,2042,2035,2057,2064
2047,2040,2046,2045,2042,2047,2050,2071
2050,2037,2047,2051,2045,2054,2043,2075
2049,2042,2047,2052,2055,2071,2046,2068
2047,2045,2042,2055,2065,2097,2057,2063
2043,2040,2035,2046,2052,2096,2046,2047
2034,2027,2037,2034,2047,2067,2038,2053
2030,2032,2036,2041,2048,2043,2053,2058
2046,2034,2037,2046,2054,2026,2044,2056
2039,2043,2039,2047,2059,2017,2047,2062
2047,2045,2048,2044,2054,2016,2065,2059
2053,2054,2054,2042,2042,2026,2064,2060
2054,2057,2052,2043,2049,2050,2088,2059
2050,2057,2053,2045,2053,2059,2093,2048
2051,2061,2051,2044,2059,2070,2076,2044
2054,2058,2047,2045,2052,2064,2058,2047
2056,2053,2049,2044,2058,2076,2036,2040
2054,2056,2050,2040,2054,2089,2034,2029
2047,2057,2048,2048,2044,2093,2038,2028
2045,2054,2051,2046,2016,2091,2044,2023
2053,2055,2056,2047,2038,2098,2053,2025
2055,2052,2046,2052,2079,2087,2043,2025
2049,2041,2045,2056,2073,2070,2064,2022
2044,2047,2050,2066,2071,2087,2085,2036
2056,2056,2059,2070,2067,2080,2082,2042
2057,2050,2060,2075,2038,2064,2107,2042
2060,2049,2063,2066,2019,2030,2083,2043
2057,2047,2053,2059,2019,1998,2061,2046
2052,2049,2054,2055,2019,2011,2079,2057
2055,2049,2054,2036,1982,2003,2087,2064
2049,2054,2058,2018,1982,2007,2098,2061
2051,2057,2057,2033,1996,2053,2132,2065
2059,2065,2061,2037,2011,2089,2164,2072
2060,2059,2054,2046,2045,2072,2151,2073
2055,2050,2057,2043,2074,2065,2160,2077
2044,2043,2045,2039,2076,2044,2114,2071
2043,2046,2045,2039,2057,2032,2080,2061
2041,2038,2038,2039,2055,2019,2012,2047
2034,2023,2032,2035,2052,2022,1991,2035
2032,2027,2035,2033,2057,2028,1912,2029
2036,2030,2032,2025,2047,2025,1917,2035
2043,2034,2039,2030,2039,2039,1981,2039
2045,2038,2051,2043,2071,2058,2007,2042
2046,2051,2052,2052,2086,2061,2031,2045
2056,2048,2048,2046,2043,2057,2052,2039
2062,2047,2054,2041,2030,2049,2046,2042
2066,2056,2054,2046,2034,2038,2045,2029
2060,2059,2053,2055,2047,2036,2035,2026
2064,2056,2052,2055,2053,2036,2031,2026
2060,2055,2053,2049,2056,2033,2021,2022
2056,2049,2052,2050,2050,2044,2053,2021
2058,2046,2047,2050,2051,2071,2049,2023
2054,2043,2046,2047,2055,2103,2065,2023
2050,2052,2042,2056,2054,2084,2049,2020
2053,2045,2044,2055,2054,2073,2058,2022
2056,2048,2049,2057,2055,2073,2062,2030
2060,2059,2057,2059,2060,2081,2048,2029
2054,2060,2057,2062,2067,2092,2062,2039
2052,2056,2058,2063,2071,2091,2064,2036
2047,2056,2055,2063,2063,2077,2062,2036
2041,2056,2058,2064,2056,2056,2029,2043
2036,2047,2051,2060,2054,2051,2069,2045
2041,2055,2055,2059,2046,2057,2068,2057
2043,2058,2055,2055,2046,2049,2071,2061
2046,2046,2054,2052,2045,2037,2054,2057
2045,2048,2044,2051,2060,2039,2062,2066
2045,2040,2050,2054,2055,2046,2052,2066
2031,2037,2048,2047,2050,2040,2066,2065
2034,2034,2039,2051,2054,2033,2053,2057
2035,2033,2038,2051,2050,2020,2046,2061
2026,2024,2035,2045,2058,2015,2062,2066
2033,2030,2038,2042,2063,2028,2065,2072
2040,2036,2046,2049,2057,2035,2062,2064
2037,2035,2042,2047,2049,2024,2061,2058
2039,2039,2040,2049,2057,2011,2057,2057
2046,2045,2047,2051,2052,2038,2064,2052
2053,2053,2054,2059,2054,2052,2040,2052
2054,2057,2057,2058,2045,2086,2059,2046
2050,2056,2052,2052,2033,2099,2066,2038
2046,2054,2050,2044,2025,2075,2056,2032
2043,2047,2044,2042,2017,2049,2040,2025
2036,2042,2041,2039,2010,2033,2021,2018
2034,2031,2041,2036,2017,2040,2022,2023
2034,2033,2041,2036,2019,2059,2036,2023
2037,2036,2048,2046,2031,2074,2041,2033
2045,2041,2048,2048,2040,2074,2031,2031
2044,2039,2049,2048,2037,2035,2038,2033
2047,2047,2053,2051,2041,2004,2037,2043
2058,2059,2057,2048,2039,2006,2050,2048
2056,2058,2052,2054,2038,2029,2057,2045
2054,2045,2050,2051,2043,2042,2051,2042
2050,2043,2050,2050,2062,2048,2045,2036
2055,2042,2054,2048,2069,2049,2055,2039
2045,2045,2059,2054,2065,2052,2051,2037
2038,2047,2056,2049,2063,2055,2044,2042
2038,2041,2048,2044,2060,2047,2024,2045
2042,2039,2046,2042,2037,2043,2034,2043
2042,2040,2047,2043,2039,2033,2049,2054
2034,2037,2051,2039,2037,2020,2040,2049
2035,2044,2045,2039,2028,2020,2033,2053
2039,2034,2040,2039,2021,2028,2027,2054
2037,2035,2042,2032,2017,2030,2019,2045
2032,2025,2034,2033,2016,2024,2029,2051
2036,2039,2051,2037,2026,2038,2047,2050
2047,2045,2056,2046,2040,2056,2057,2054
2048,2054,2054,2050,2048,2060,2055,2056
2045,2048,2056,2050,2046,2052,2030,2053
2047,2051,2047,2046,2044,2048,2057,2044
2048,2051,2060,2050,2047,2051,2041,2042
2048,2050,2055,2053,2054,2072,2048,2040
2048,2046,2057,2049,2056,2087,2043,2039
2055,2048,2058,2055,2060,2095,2062,2035
2057,2045,2057,2058,2071,2095,2060,2036
2055,2052,2055,2054,2058,2089,2053,2035
2053,2059,2053,2057,2055,2097,2057,2038
2049,2049,2049,2056,2058,2110,2066,2031
2049,2053,2054,2052,2056,2103,2049,2039
2045,2048,2046,2046,2030,2075,2032,2027
2034,2036,2040,2041,2011,2049,2046,2030
2021,2034,2041,2043,2051,2037,2052,2036
2038,2043,2040,2041,2072,2034,2058,2037
2041,2044,2042,2044,2102,2031,2031,2035
2036,2044,2037,2046,2116,2037,2036,2039
2039,2047,2040,2055,2132,2040,2043,2036
2040,2046,2045,2060,2120,2043,2068,2037
2037,2041,2043,2057,2079,2054,2029,2040
2034,2047,2043,2046,2054,2052,2055,2042
2038,2044,2042,2037,2017,2036,2062,2040
2035,2041,2034,2027,1933,2025,2042,2043
2036,2035,2031,2014,1848,2003,2031,2044
2033,2037,2035,2005,1905,1992,2031,2056
2043,2045,2044,2028,1976,1997,2045,2070
2055,2047,2055,2045,2020,2019,2057,2074
2051,2046,2055,2043,2046,2037,2062,2073
2036,2043,2047,2040,2053,2053,2054,2073
2053,2044,2050,2032,2044,2052,2034,2076
2054,2045,2046,2033,2026,2043,2049,2071
2048,2039,2039,2032,2017,2041,2041,2065
2045,2036,2037,2034,2009,2042,2036,2063
2047,2040,2044,2036,2004,2042,2039,2048
2051,2042,2058,2039,2005,2056,2058,2046
2049,2041,2054,2042,2019,2066,2039,2041
2051,2038,2050,2040,2034,2074,2057,2037
2050,2041,2045,2041,2041,2081,2065,2036
2052,2039,2047,2046,2055,2083,2075,2032
2054,2047,2048,2052,2058,2081,2062,2024
2056,2051,2045,2053,2064,2078,2055,2020
2052,2052,2040,2052,2063,2073,2038,2017
2051,2050,2036,2053,2054,2075,2050,2018
2045,2042,2031,2046,2047,2058,2040,2013
2037,2035,2026,2033,2041,2049,2027,2008
2032,2035,2027,2038,2033,2036,2023,2018
2044,2044,2036,2036,2024,2030,2034,2015
2044,2049,2040,2038,2024,2034,2040,2011
2040,2051,2048,2039,2032,2037,2045,2022
2050,2057,2063,2040,2039,2050,2047,2026
2048,2068,2073,2039,2048,2054,2054,2030
2050,2066,2075,2048,2044,2043,2041,2031
2050,2069,2079,2050,2046,2050,2054,2040
2053,2068,2079,2047,2044,2062,2042,2039
2044,2066,2072,2048,2053,2068,2073,2044
2048,2063,2071,2055,2055,2075,2077,2051
2046,2060,2073,2048,2063,2083,2074,2055
2053,2063,2065,2046,2061,2081,2087,2059
2046,2056,2066,2049,2065,2080,2076,2061
2048,2052,2056,2046,2056,2074,2071,2055
2043,2054,2056,2045,2052,2066,2061,2055
2043,2058,2059,2051,2055,2056,2040,2056
2046,2057,2049,2047,2044,2048,2052,2053
2037,2056,2043,2043,2034,2044,2041,2048
2038,2056,2043,2039,2041,2043,2051,2047
2045,2056,2043,2042,2055,2036,2044,2041
2052,2058,2047,2050,2065,2034,2034,2032
2051,2063,2048,2053,2059,2036,2045,2027
2052,2052,2047,2052,2070,2044,2036,2024
2047,2042,2042,2053,2064,2042,2051,2018
2046,2041,2042,2048,2067,2041,2044,2016
2034,2032,2031,2051,2071,2039,2042,2009
2036,2030,2026,2046,2071,2050,2047,2001
2039,2030,2029,2053,2084,2054,2051,2008
2038,2034,2038,2058,2074,2060,2052,2005
2033,2032,2045,2059,2060,2055,2036,2002
2030,2018,2032,2053,2057,2053,2034,2003
2031,2018,2024,2056,2060,2065,2056,2014
2032,2024,2018,2063,2066,2064,2061,2015
2033,2019,2017,2069,2062,2066,2069,2018
2032,2025,2016,2070,2066,2077,2058,2019
2036,2027,2016,2071,2051,2090,2052,2024
2035,2031,2019,2071,2063,2128,2066,2027
2039,2034,2012,2069,2068,2146,2067,2027
2043,2036,2014,2067,2047,2103,2059,2032
2040,2029,2022,2070,2036,1992,2042,2025
2034,2024,2024,2072,2064,1961,2033,2027
2034,2034,2033,2076,2084,1996,2039,2042
2041,2051,2049,2087,2085,2019,2033,2044
2046,2054,2053,2084,2087,2032,2029,2057
2046,2044,2066,2084,2060,2026,2027,2052
2043,2050,2089,2083,2033,2015,2022,2054
2045,2052,2105,2079,2033,2012,2013,2047
2049,2066,2121,2072,2026,2014,2007,2053
2052,2080,2121,2055,1989,2012,2021,2051
2054,2076,2105,2041,2003,2002,2025,2044
2052,2069,2095,2048,2027,2011,2026,2036
2050,2076,2089,2052,2035,2021,2029,2034
2049,2073,2074,2046,2041,2033,2029,2037
2052,2069,2058,2030,2026,2024,2057,2041
2057,2057,2034,2013,2015,2018,2037,2031
2053,2049,2012,2004,2012,2027,2047,2032
2050,2045,2006,2011,2027,2040,2060,2042
2049,2045,2006,2016,2021,2046,2047,2028
2046,2048,2010,2019,2017,2044,2043,2031
2038,2046,2031,2023,2032,2044,2036,2023
2043,2044,2055,2043,2048,2045,2038,2026
2056,2049,2071,2056,2053,2041,2050,2030
2050,2050,2089,2055,2056,2037,2039,2023
2042,2052,2086,2050,2056,2039,2038,2026
2049,2048,2087,2052,2066,2039,2062,2030
2051,2054,2082,2060,2051,2021,2052,2022
2048,2052,2068,2054,2000,2001,2037,2012
2042,2043,2052,2037,1975,1979,2019,2006
2035,2031,2027,2019,1961,1954,2015,2006
2029,2027,2019,2034,2000,1993,2017,2008
2040,2041,2029,2064,2069,2064,2027,2023
2045,2044,2025,2081,2108,2099,2050,2035
2045,2045,2021,2065,2128,2104,2059,2045
2038,2036,2012,2042,2115,2120,2044,2047
2039,2033,2002,2025,2060,2120,2030,2042
2037,2036,1993,2004,2009,2106,2039,2052
2030,2034,1982,2002,2028,2108,2062,2056
2034,2020,1968,2004,2041,2087,2054,2054
2034,2014,1973,1998,2032,2060,2038,2049
2032,2016,1977,1986,2007,2050,2021,2047
2040,2024,1992,1996,2005,2035,2005,2048
2038,2034,1995,2017,2023,2034,2005,2046
2045,2039,2002,2042,2066,2060,2022,2052
2047,2036,2008,2057,2110,2062,2002,2038
2043,2037,2012,2046,2093,2049,2000,2032
2034,2033,2002,2032,2069,2026,2000,2025
2033,2035,2010,2030,2051,2012,2001,2019
2030,2029,2015,2019,2081,2015,2019,2009
2025,2024,2014,2028,2104,2019,2018,2014
2027,2030,2026,2041,2107,2025,2030,2014
2035,2038,2047,2047,2083,2032,2039,2010
2035,2048,2064,2043,2055,2033,2016,2010
2028,2052,2074,2040,2017,2022,2012,2012
2041,2059,2093,2038,1998,2023,2008,2026
2049,2075,2117,2051,1996,2038,2021,2031
2055,2084,2130,2049,1993,2045,2026,2039
2063,2087,2128,2051,2009,2056,2044,2049
2066,2089,2118,2064,2021,2065,2052,2049
2066,2092,2109,2066,2037,2061,2052,2042
2064,2083,2099,2070,2056,2051,2039,2046
2056,2078,2088,2072,2096,2050,2046,2045
2053,2069,2075,2075,2162,2067,2038,2044
2048,2062,2061,2074,2206,2089,2056,2039
2045,2059,2055,2056,2202,2082,2052,2040
2042,2041,2061,2046,2198,2071,2056,2037
2041,2040,2058,2033,2168,2058,2030,2043
2037,2038,2050,2012,2141,2061,2029,2040
2034,2037,2056,2014,2113,2078,2052,2047
2040,2054,2075,2029,2080,2079,2040,2054
2047,2060,2089,2035,1981,2075,2028,2050
2046,2059,2085,2021,1911,2054,2035,2041
2041,2045,2067,2014,1937,2014,2031,2046
2040,2044,2062,2020,1963,1998,2036,2054
2045,2056,2081,2028,1979,2019,2055,2052
2047,2062,2074,2028,2006,2039,2066,2055
2050,2063,2076,2031,2016,2059,2074,2052
2052,2054,2083,2042,2031,2063,2067,2050
2057,2059,2081,2044,2032,2059,2068,2046
2059,2054,2070,2045,2023,2052,2067,2041
2056,2049,2060,2041,2040,2052,2064,2039
2057,2052,2052,2054,2076,2058,2046,2045
2059,2044,2051,2057,2090,2053,2056,2038
2053,2048,2055,2056,2080,2053,2061,2038
2050,2051,2041,2049,2062,2051,2062,2033
2045,2048,2029,2048,2058,2048,2069,2025
2045,2043,2031,2054,2064,2060,2051,2013
2041,2042,2031,2050,2063,2054,2053,2008
2040,2031,2020,2038,2066,2047,2046,2005
2033,2032,2012,2045,2073,2053,2056,2010
2038,2036,2009,2048,2072,2079,2058,2008
2038,2036,2015,2046,2066,2076,2057,2007
2037,2035,2018,2049,2060,2077,2059,2014
2032,2025,2031,2052,2062,2077,2052,2016
2034,2028,2043,2066,2071,2052,2062,2035
2050,2041,2053,2060,2074,2054,2058,2034
2049,2047,2060,2057,2057,2071,2062,2043
2062,2057,2069,2065,2042,2081,2052,2052
2057,2066,2080,2063,2044,2075,2069,2045
2059,2063,2078,2056,2040,2061,2043,2044
2056,2057,2065,2050,2035,2046,2064,2048
2052,2058,2058,2052,2036,2033,2061,2053
2049,2058,2050,2052,2038,2018,2042,2051
2054,2056,2042,2048,2057,2016,2060,2056
2046,2046,2036,2044,2048,2000,2036,2052
2038,2042,2034,2041,2054,1993,2037,2049
2042,2053,2042,2037,2052,2011,2040,2048
2051,2051,2045,2032,2046,2025,2037,2062
2053,2046,2052,2022,2039,2044,2046,2051
2048,2054,2053,2017,2035,2042,2046,2044
2048,2051,2060,2016,2040,2048,2033,2038
2049,2047,2056,2012,2043,2052,2030,2030
2056,2042,2063,2016,2045,2047,2035,2036
2054,2047,2064,2030,2049,2046,2043,2028
2053,2050,2060,2037,2050,2047,2059,2034
2054,2046,2059,2044,2050,2040,2064,2033
2047,2042,2058,2035,2048,2045,2074,2027
2053,2042,2054,2038,2057,2045,2059,2028
2051,2044,2053,2035,2053,2041,2071,2017
2057,2045,2062,2032,2051,2042,2069,2021
2050,2041,2058,2023,2037,2026,2033,2012
2042,2036,2053,2020,2030,2028,2034,2012
2046,2044,2065,2028,2024,2044,2051,2026
2054,2053,2077,2043,2057,2047,2050,2026
2061,2060,2079,2051,2088,2049,2047,2030
2057,2052,2070,2055,2088,2053,2075,2032
2058,2059,2073,2051,2087,2059,2074,2036
2060,2058,2065,2057,2057,2057,2070,2035
2064,2051,2063,2050,2039,2051,2061,2047
2062,2051,2059,2052,2047,2061,2065,2042
2058,2051,2057,2054,2050,2062,2053,2045
2057,2044,2053,2035,2002,2042,2024,2052
2051,2044,2053,2034,2031,2061,2044,2056
2057,2047,2052,2036,2042,2085,2053,2057
2052,2040,2054,2040,2024,2087,2055,2056
2045,2040,2045,2029,2006,2081,2045,2054
2053,2036,2039,2019,1986,2056,2033,2042
2037,2026,2028,2013,1973,2023,2026,2046
2043,2029,2034,2018,1950,1980,2022,2045
2043,2034,2036,2028,1972,1958,2046,2045
2045,2041,2043,2040,1995,1968,2044,2039
2049,2045,2042,2037,1994,1986,2045,2034
2048,2040,2044,2053,2031,2035,2055,2039
2046,2048,2057,2065,2064,2057,2045,2040
2046,2047,2050,2071,2095,2062,2052,2048
2055,2045,2046,2081,2111,2078,2069,2047
2056,2042,2039,2076,2110,2069,2060,2045
2054,2040,2035,2069,2086,2059,2051,2038
2050,2041,2048,2077,2072,2059,2055,2040
2049,2043,2057,2085,2072,2056,2063,2033
2057,2039,2068,2088,2066,2057,2064,2036
2052,2043,2073,2081,2061,2054,2066,2033
2053,2042,2066,2083,2063,2068,2060,2036
2044,2030,2066,2086,2051,2073,2054,2027
2043,2031,2070,2092,2063,2085,2078,2023
2047,2034,2072,2093,2068,2089,2042,2024
2054,2038,2067,2087,2062,2083,2072,2026
2052,2041,2059,2092,2061,2084,2073,2023
2057,2038,2056,2084,2052,2059,2051,2025
2053,2032,2037,2066,2031,2024,2042,2026
2044,2026,2033,2068,2044,2020,2034,2039
2046,2028,2022,2071,2083,2047,2049,2039
2044,2024,2018,2073,2070,2060,2051,2036
2046,2021,2017,2060,2047,2043,2040,2045
2042,2020,2014,2044,2034,2048,2053,2041
2040,2018,1997,2023,2021,2053,2054,2048
2039,2020,1993,2007,2031,2019,2033,2054
2046,2020,1997,2010,2061,1977,2046,2068
2057,2029,2001,2015,2072,1992,2053,2066
2048,2017,2004,2025,2067,2004,2043,2061
2045,2028,2003,2034,2070,2010,2044,2062
2053,2030,2017,2047,2071,2005,2042,2061
2044,2027,2023,2050,2049,2009,2038,2053
2050,2038,2041,2048,2032,2004,2029,2050
2051,2052,2069,2057,2027,2010,2019,2039
2043,2058,2082,2047,2032,2026,2017,2025
2045,2052,2083,2040,2042,2049,2033,2021
2042,2040,2067,2030,2050,2069,2053,2026
2048,2041,2055,2027,2035,2074,2073,2036
2053,2043,2060,2029,2025,2074,2071,2032
2046,2046,2057,2023,2020,2064,2066,2026
2040,2045,2054,2026,2029,2042,2067,2033
2045,2056,2052,2029,2032,2003,2043,2042
2060,2059,2058,2044,2041,2000,2051,2050
2060,2058,2060,2051,2045,2014,2054,2043
2054,2045,2047,2045,2046,2033,2072,2035
2049,2038,2033,2047,2059,2068,2081,2037
2056,2048,2045,2055,2060,2081,2084,2036
2054,2038,2048,2055,2056,2083,2083,2031
2051,2036,2040,2048,2057,2086,2063,2031
2052,2032,2037,2042,2054,2085,2080,2033
2041,2038,2040,2044,2032,2091,2061,2037
2043,2031,2032,2033,2002,2096,2046,2037
2045,2024,2018,2029,2013,2095,2049,2043
2048,2022,1997,2039,2055,2096,2072,2045
2052,2020,1980,2052,2087,2068,2053,2042
2051,2020,1975,2067,2104,2015,2056,2055
2053,2015,1970,2075,2108,2021,2052,2055
2050,2013,1968,2082,2096,2036,2055,2052
2038,2009,1977,2079,2085,2038,2036,2049
2042,2009,1971,2075,2070,2017,2025,2041
2036,2001,1954,2061,2054,2015,2034,2045
2031,2000,1950,2062,2053,2024,2028,2043
2035,2011,1956,2060,2056,2033,2044,2043
2038,2020,1940,2049,2059,2037,2058,2043
2039,2015,1946,2052,2059,2049,2049,2043
2040,2012,1945,2045,2051,2057,2058,2041
2041,2016,1966,2041,2043,2040,2050,2034
2045,2029,2001,2040,2033,2030,2034,2040
2048,2038,2036,2035,2023,2028,2046,2034
2045,2052,2079,2031,2015,2027,2017,2031
2046,2065,2132,2036,2019,2015,2013,2028
2050,2090,2183,2041,2013,2020,2044,2028
2055,2094,2204,2037,2008,2015,2035,2029
2055,2093,2182,2027,2013,2022,2056,2040
2056,2085,2150,2025,2018,2031,2064,2040
2053,2074,2119,2018,2017,2040,2045,2036
2044,2052,2095,2009,2038,2051,2043,2036
2047,2063,2103,2041,2072,2066,2068,2050
2062,2063,2108,2060,2079,2073,2055,2044
2063,2061,2100,2061,2072,2063,2048,2046
2062,2056,2096,2065,2061,2058,2051,2040
2057,2056,2086,2060,2045,2044,2072,2044
2056,2051,2079,2061,2066,2043,2041,2048
2059,2056,2071,2053,2083,2037,2040,2056
2057,2057,2071,2051,2105,2043,2047,2053
2049,2056,2060,2038,2110,2047,2042,2054
2044,2055,2056,2037,2104,2046,2054,2061
2045,2058,2056,2040,2077,2047,2052,2063
2053,2061,2062,2042,2074,2049,2036,2068
2055,2061,2058,2035,2069,2047,2036,2069
2053,2058,2054,2030,2029,2050,2029,2064
2044,2052,2052,2014,1887,2052,2025,2056
2035,2040,2040,2007,1852,2055,2023,2048
2038,2036,2032,2002,1874,2068,2042,2048
2042,2042,2039,2003,1896,2067,2047,2047
2041,2047,2044,2005,1912,2042,2057,2046
2042,2047,2044,2012,1972,2012,2064,2053
2053,2052,2054,2039,2064,2036,2055,2054
2057,2056,2053,2061,2104,2054,2035,2054
2055,2052,2060,2071,2118,2063,2044,2046
2053,2053,2056,2071,2128,2069,2047,2037
2053,2054,2051,2065,2101,2064,2038,2031
2049,2045,2045,2048,2064,2056,2035,2030
2050,2040,2042,2043,2060,2057,2045,2033
2050,2041,2046,2053,2114,2056,2044,2035
2056,2050,2057,2064,2151,2054,2041,2033
2064,2055,2059,2061,2098,2050,2044,2026
2055,2057,2058,2050,2052,2054,2041,2028
2054,2049,2049,2038,2029,2060,2023,2021
2047,2039,2041,2039,2029,2070,2031,2023
2055,2049,2045,2035,2026,2066,2036,2029
2051,2045,2038,2015,1982,2046,2039,2033
2053,2039,2038,2012,1979,2006,2049,2039
2049,2043,2035,2033,2018,2024,2055,2035
2051,2037,2027,2040,2023,2049,2053,2036
2047,2037,2031,2054,2034,2077,2064,2043
2043,2032,2043,2063,2053,2085,2059,2047
2045,2032,2047,2067,2046,2074,2065,2049
2045,2030,2048,2074,2051,2035,2034,2056
2043,2040,2053,2086,2070,2022,2044,2061
2044,2039,2048,2084,2082,2032,2050,2056
2050,2029,2045,2094,2090,2025,2043,2059
2042,2038,2047,2092,2081,2020,2044,2045
2036,2037,2045,2094,2082,2036,2036,2050
2035,2029,2038,2090,2082,2052,2026,2044
2033,2032,2028,2101,2065,2052,2039,2045
2042,2043,2029,2098,2050,2044,2048,2046
2047,2051,2036,2092,2028,2024,2039,2055
2055,2048,2032,2068,2028,2030,2027,2047
2048,2035,2025,2047,2033,2041,2018,2032
2046,2047,2036,2036,2020,2023,2021,2027
2047,2056,2050,2032,2020,2016,1998,2028
2051,2067,2067,2025,2043,2026,2006,2035
2058,2065,2051,2025,2061,2039,2044,2030
2061,2059,2029,2024,2091,2051,2025,2039
2058,2042,2019,2018,2116,2067,2025,2035
2055,2041,2019,2029,2098,2070,2044,2033
2060,2044,2039,2036,2079,2070,2034,2038
2062,2051,2045,2034,2092,2056,2053,2034
2060,2046,2032,2031,2105,2036,2034,2038
2056,2038,2025,2012,2098,2007,2019,2038
2054,2031,2025,1982,2028,2002,2034,2036
2054,2043,2045,1976,1984,1992,2045,2032
2051,2050,2069,1976,1925,1963,2035,2034
2050,2053,2080,1961,1811,1944,2016,2022
2036,2041,2071,1976,1848,1966,2027,2018
2037,2037,2073,2013,1962,2021,2048,2035
2042,2052,2087,2070,2109,2091,2064,2048
2064,2064,2100,2100,2184,2109,2064,2059
2065,2070,2103,2102,2177,2108,2059,2068
2064,2068,2097,2102,2162,2116,2038,2072
2068,2069,2101,2096,2052,2102,2041,2077
2063,2067,2096,2084,2009,2093,2043,2074
2059,2063,2094,2078,2049,2078,2050,2071
2055,2053,2081,2075,2120,2073,2034,2067
2046,2047,2072,2069,2159,2071,2035,2069
2041,2031,2044,2041,2104,2052,2017,2064
2038,2021,2029,2016,2046,2038,2021,2067
2041,2027,2036,2019,2022,2025,2050,2054
2038,2030,2031,2024,2047,2026,2026,2048
2032,2033,2025,2023,2060,2029,2042,2050
2044,2045,2032,2025,2036,2036,2051,2054
2061,2053,2047,2029,2065,2056,2066,2054
2059,2064,2056,2040,2088,2068,2067,2052
2057,2054,2050,2050,2047,2066,2068,2045
2050,2044,2048,2041,1986,2035,2067,2030
2044,2037,2045,2022,1884,1992,2048,2032
2043,2036,2055,2030,1836,1982,2033,2034
2049,2045,2067,2059,1910,2015,2047,2037
2058,2046,2062,2065,1963,2041,2048,2040
2064,2045,2062,2077,2028,2053,2043,2045
2058,2054,2066,2082,2058,2057,2043,2044
2060,2051,2055,2073,2018,2047,2036,2040
2048,2047,2041,2058,1936,2031,2028,2036
2047,2041,2040,2051,1911,2029,2070,2033
2052,2041,2039,2055,1970,2014,2029,2028
2051,2032,2039,2037,1957,1990,2034,2020
2048,2032,2038,2035,2004,2013,2057,2017
2044,2030,2043,2037,2071,2049,2055,2027
2048,2030,2037,2032,2085,2077,2069,2034
2053,2039,2048,2045,2124,2112,2072,2044
2058,2055,2060,2069,2188,2142,2067,2044
2058,2056,2066,2078,2229,2149,2089,2039
2053,2060,2073,2095,2257,2161,2066,2048
2053,2058,2063,2105,2242,2130,2066,2046
2065,2056,2046,2072,2159,2055,2047,2055
2058,2058,2047,2054,2033,1903,2030,2072
2066,2068,2053,2035,1934,1877,2027,2069
2066,2064,2038,2032,2022,1932,2017,2062
2048,2051,2022,2014,2068,1979,2004,2052
2041,2044,2015,2002,2049,2028,2032,2043
2036,2033,1999,2000,2063,2060,2033,2045
2039,2035,1991,1998,2080,2059,2044,2038
2035,2030,1996,1986,2044,2037,2038,2047
2050,2043,2003,1977,1984,2016,2060,2047
2056,2045,2006,1977,1957,2012,2036,2043
2060,2050,2016,1988,1988,2014,2029,2040
2055,2054,2031,1996,2012,2022,2038,2029
2053,2057,2042,2000,2016,2018,2032,2032
2054,2046,2041,2005,2029,2028,2034,2028
2052,2045,2043,2026,2081,2046,2060,2034
2053,2042,2049,2051,2160,2067,2069,2051
2056,2040,2055,2060,2182,2085,2063,2052
2060,2043,2061,2062,2210,2100,2077,2048
2063,2046,2066,2066,2238,2120,2088,2053
2060,2038,2067,2065,2219,2126,2092,2041
2055,2039,2063,2079,2230,2126,2096,2048
2060,2055,2065,2081,2205,2109,2095,2064
2063,2056,2070,2064,2051,2059,2094,2062
2057,2063,2070,2041,1882,2015,2068,2070
2058,2067,2066,2044,1866,2009,2076,2066
2061,2070,2067,2028,1854,2005,2081,2065
2065,2066,2053,2007,1790,1989,2043,2056
2062,2064,2041,1967,1699,1990,2045,2034
2054,2064,2044,1972,1755,2031,2051,2033
2050,2046,2040,2003,1905,2066,2037,2019
2029,2027,2034,2036,2032,2053,2019,2019
2018,2015,2023,2040,2109,2005,1985,2028
2024,2018,2025,2042,2105,1956,2006,2047
2036,2025,2044,2056,2118,1977,2039,2062
2044,2038,2056,2075,2192,2021,2044,2058
2042,2035,2061,2073,2223,2056,2039,2053
2039,2038,2052,2056,2207,2074,2020,2052
2042,2041,2058,2052,2180,2055,2022,2054
2049,2049,2054,2059,2180,2056,2046,2057
2050,2046,2046,2068,2172,2094,2057,2059
2047,2052,2041,2069,2145,2099,2062,2057
2047,2057,2050,2058,2076,2089,2065,2052
2060,2064,2066,2045,1927,2054,2037,2043
2065,2068,2062,2011,1738,1975,2013,2045
2061,2072,2067,2021,1779,1952,2008,2040
2052,2068,2064,2040,1925,1972,2017,2035
2051,2062,2056,2069,2099,2008,2019,2033
2048,2056,2059,2074,2141,2029,2017,2038
2056,2052,2061,2067,2165,2045,2021,2028
2057,2052,2052,2068,2190,2089,2030,2034
2060,2050,2049,2071,2188,2114,2046,2037
2055,2032,2035,2065,2122,2120,2068,2043
2053,2029,2037,2070,2055,2128,2097,2054
2057,2049,2048,2084,2076,2143,2100,2059
2058,2056,2052,2074,2132,2128,2094,2052
2050,2044,2048,2060,2077,2049,2072,2047
2043,2044,2050,2054,2036,2036,2052,2044
2038,2046,2060,2086,2164,2076,2080,2043
2040,2048,2065,2116,2266,2111,2085,2046
2041,2048,2055,2109,2169,2101,2079,2046
2028,2041,2043,2073,2002,2088,2075,2043
2035,2034,2039,2062,2065,2065,2060,2031
2022,2020,2023,2006,1956,1957,2027,2025
2008,1993,2002,1966,1762,1931,2001,2026
2008,2005,2010,2022,1993,2038,2045,2037
2026,2020,2026,2058,2146,2089,2040,2042
2036,2034,2038,2044,2136,2074,2024,2048
2035,2037,2047,2039,2121,2046,2050,2056
2042,2047,2054,2051,2126,2030,2061,2061
2047,2071,2067,2061,2078,2023,2068,2073
2047,2069,2069,2048,1995,2024,2064,2080
2058,2065,2062,2033,1883,2022,2063,2072
2055,2061,2059,2001,1692,2005,2038,2068
2059,2062,2056,1995,1673,1988,2055,2051
2059,2060,2060,2009,1699,1978,2061,2052
2054,2066,2061,2010,1645,1981,2065,2044
2051,2063,2057,1991,1670,1994,2059,2042
2048,2054,2054,2000,1807,1985,2078,2039
2046,2046,2050,2024,1948,2014,2057,2030
2044,2048,2054,2064,2032,2051,2061,2035
2044,2063,2054,2105,2097,2079,2072,2040
2048,2063,2049,2115,2122,2094,2029,2031
2039,2059,2048,2082,2033,2095,2024,2031
2049,2063,2054,2052,1902,2054,2054,2046
2066,2079,2066,2069,2064,2037,2083,2046
2076,2068,2055,2085,2259,2086,2067,2041
2056,2049,2038,2088,2320,2098,2054,2032
2049,2042,2039,2085,2320,2116,2044,2026
2050,2049,2046,2054,2124,2093,2041,2020
2046,2053,2044,2020,2024,2042,2035,2016
2044,2048,2035,2012,2031,1992,2018,2025
2042,2039,2034,2025,2026,1983,2012,2017
2045,2036,2039,2024,1946,1981,2002,2032
2048,2049,2043,2066,2128,2030,2022,2036
2045,2058,2047,2080,2257,2063,2032,2057
2046,2052,2050,2083,2260,2080,2033,2059
2039,2047,2043,2072,2233,2078,2026,2057
2037,2049,2052,2078,2223,2093,2048,2068
2045,2054,2066,2093,2237,2104,2049,2071
2046,2041,2055,2078,2176,2079,2031,2065
2041,2033,2055,2046,1985,2042,2034,2075
2053,2053,2053,1997,1654,1992,2033,2066
2051,2045,2045,1981,1696,2005,2049,2068
2057,2047,2057,2039,1949,2065,2089,2065
2053,2044,2068,2073,2060,2074,2075,2044
2043,2038,2059,2052,2130,2040,2034,2033
2033,2038,2042,2026,2140,2012,2020,2023
2034,2029,2029,2015,2159,2027,2028,2026
2037,2029,2025,2011,2140,2043,2035,2028
2036,2033,2036,2043,2215,2060,2040,2030
2047,2044,2056,2076,2229,2087,2056,2031
2055,2053,2065,2086,2178,2062,2050,2029
2057,2059,2064,2090,2173,2047,2060,2040
2059,2054,2067,2071,2094,2054,2057,2040
2067,2056,2060,2038,1991,2066,2035,2038
2051,2040,2049,2042,2035,2060,2037,2034
2051,2027,2043,2041,2020,2045,2043,2036
2048,2029,2041,2042,2029,2021,2024,2030
2051,2032,2048,2046,1997,2039,2024,2032
2045,2044,2050,2032,1959,2035,2018,2011
2027,2037,2047,2030,2016,2008,2016,2004
2021,2032,2043,2039,2094,2008,2013,2012
2018,2035,2044,2068,2187,2045,2027,2018
2016,2036,2058,2093,2191,2059,2042,2032
2007,2027,2053,2102,2132,2074,2035,2040
2012,2029,2050,2089,2068,2064,2011,2037
2013,2027,2046,2036,1892,2055,2043,2028
2020,2025,2042,2009,1771,2036,2044,2034
2026,2036,2046,2003,1820,2009,2026,2034
2026,2037,2048,2012,1924,2006,2033,2037
2030,2038,2052,2030,2052,2045,2039,2033
2037,2036,2045,2048,2135,2087,2071,2032
2036,2036,2051,2057,2117,2102,2065,2053
2051,2046,2059,2065,2126,2124,2081,2070
2057,2046,2057,2064,2156,2122,2073,2076
2055,2046,2056,2064,2166,2105,2076,2071
2057,2053,2062,2070,2164,2106,2081,2070
2070,2065,2069,2079,2185,2101,2087,2083
2078,2070,2066,2074,2152,2066,2071,2092
2079,2068,2061,2074,2101,2015,2067,2077
2068,2059,2049,2086,2119,2024,2040,2068
2064,2059,2058,2122,2187,2053,2031,2052
2059,2058,2064,2101,2146,2069,2037,2041
2065,2059,2054,2098,2136,2088,2038,2034
2057,2050,2042,2083,2082,2039,2044,2031
2055,2044,2037,2056,1965,2011,2044,2020
2050,2050,2046,2066,2004,2017,2036,2027
2054,2047,2040,2052,1955,1996,2022,2032
2044,2043,2038,1996,1794,1976,2023,2028
2050,2053,2032,1939,1594,1939,2007,2035
2056,2055,2032,1934,1674,1931,2017,2035
2052,2057,2041,1993,1923,1977,2023,2043
2060,2053,2053,2064,2134,2068,2054,2041
2063,2051,2050,2075,2141,2104,2053,2041
2061,2055,2051,2061,2025,2096,2047,2043
2060,2050,2053,2049,1928,2072,2039,2040
2055,2043,2043,2034,1864,2005,2026,2051
2054,2046,2051,2042,1991,1948,2047,2069
2060,2051,2058,2079,2233,1944,2044,2081
2066,2059,2063,2085,2355,1995,2069,2079
2066,2051,2060,2054,2117,2015,2053,2063
2055,2044,2048,2039,2038,2059,2052,2053
2044,2047,2045,2032,2038,2084,2062,2051
2039,2045,2041,2038,2041,2099,2048,2049
2038,2040,2040,2062,2108,2081,2039,2054
2049,2052,2055,2068,2114,2042,2032,2052
2057,2060,2059,2060,2090,2014,2028,2052
2057,2058,2058,2056,2082,1957,2029,2051
2053,2056,2049,2055,2080,1988,2015,2052
2053,2049,2035,2034,2054,2043,2014,2041
2048,2049,2037,2019,1993,2056,2015,2034
2045,2054,2036,2020,1958,2068,2050,2028
2050,2060,2048,2026,1943,2062,2055,2031
2053,2068,2058,2039,1956,2012,2054,2036
2060,2074,2061,2043,1947,1959,2071,2052
2068,2072,2058,2047,1908,1974,2072,2046
2067,2070,2052,2052,1908,2015,2073,2028
2066,2059,2041,2066,2060,2046,2056,2025
2061,2051,2038,2065,2131,2073,2067,2023
2058,2052,2044,2072,2205,2095,2056,2021
2046,2045,2035,2072,2245,2098,2055,2021
2039,2045,2034,2064,2169,2084,2064,2025
2039,2047,2038,2056,2143,2049,2059,2025
2041,2039,2027,2017,2123,2011,2045,2024
2044,2034,2024,2022,2100,2062,2052,2022
2042,2041,2026,2033,1909,2107,2044,2018
2044,2038,2031,2034,1852,2125,2045,2013
2036,2037,2027,2009,1837,2118,2031,2009
2027,2035,2030,1990,1786,2060,2017,2007
2026,2038,2040,2000,1869,1946,2034,2036
2045,2054,2058,2049,2066,1921,2050,2060
2056,2062,2065,2097,2220,1997,2080,2080
2060,2065,2070,2111,2263,2064,2074,2073
2066,2075,2076,2088,2176,2086,2077,2075
2066,2077,2075,2082,2137,2087,2088,2082
2072,2072,2068,2086,2126,2065,2064,2086
2057,2054,2048,2064,2077,2057,2057,2064
2045,2034,2030,2064,2141,2093,2047,2063
2040,2038,2040,2062,2133,2111,2062,2059
2051,2049,2046,2071,2240,2128,2045,2046
2050,2038,2044,2076,2317,2131,2060,2033
2032,2033,2035,2067,2197,2079,2061,2023
2036,2033,2036,2054,2103,2045,2046,2025
2036,2028,2034,2041,2012,2035,2048,2023
2043,2034,2036,2036,1898,2028,2045,2026
2044,2042,2045,2043,1880,1985,2036,2020
2046,2043,2049,2025,1823,1987,2024,2017
2050,2051,2049,2023,1799,2033,2038,2020
2052,2054,2054,2023,1859,2078,2052,2022
2046,2044,2041,2014,1926,2123,2065,2019
2046,2043,2040,2024,1960,2120,2047,2009
2049,2045,2039,2045,2034,2025,2061,2038
2061,2057,2065,2086,2150,1996,2090,2041
2059,2055,2053,2092,2194,2026,2096,2039
2055,2049,2050,2090,2218,2054,2088,2036
2053,2053,2051,2107,2219,2040,2058,2038
2063,2056,2064,2116,2178,1996,2032,2035
2059,2058,2068,2106,2145,1993,2036,2036
2057,2058,2064,2085,2128,2028,2056,2028
2045,2049,2054,2062,2092,2050,2066,2034
2042,2045,2045,2039,2018,2067,2071,2033
2038,2046,2048,2057,2035,2090,2077,2034
2035,2041,2046,2076,2051,2088,2071,2038
2043,2043,2050,2073,2045,2076,2068,2043
2050,2047,2048,2069,2041,2060,2066,2040
2050,2047,2050,2064,2028,2051,2061,2040
2048,2047,2053,2062,2030,2027,2047,2039
2045,2045,2051,2064,2053,2038,2039,2038
2038,2044,2047,2058,2058,2039,2051,2038
2039,2044,2044,2044,2039,2017,2045,2038
2033,2033,2028,2026,2025,2007,2046,2045
2036,2032,2031,2032,2018,2035,2056,2059
2049,2047,2037,2048,2032,2057,2072,2056
2056,2048,2044,2055,2048,2060,2059,2050
2053,2049,2050,2064,2052,2045,2061,2048
2052,2047,2050,2069,2079,2040,2050,2041
2048,2046,2047,2070,2138,2048,2052,2036
2049,2047,2045,2075,2171,2060,2055,2038
2048,2052,2049,2079,2141,2071,2054,2029
2045,2050,2045,2072,2108,2070,2041,2029
2042,2044,2046,2072,2085,2050,2040,2031
2043,2038,2046,2073,2081,2038,2044,2030
2043,2041,2044,2066,2059,2029,2038,2030
2047,2046,2044,2068,2046,2016,2032,2025
2048,2045,2045,2071,2065,2014,2024,2021
2039,2049,2049,2067,2074,2035,2045,2023
2042,2046,2042,2055,2055,2049,2034,2019
2035,2037,2036,2044,2017,2059,2059,2023
2049,2051,2041,2046,2020,2064,2091,2038
2051,2058,2047,2063,2058,2088,2083,2045
2053,2060,2052,2066,2082,2103,2064,2030
2043,2049,2047,2068,2106,2079,2038,2021
2042,2044,2047,2062,2089,2053,2026,2022
2037,2045,2042,2052,2047,2027,2015,2008
2031,2040,2040,2040,2020,2007,2008,2008
2027,2036,2037,2038,2013,2011,2023,2014
2027,2040,2040,2041,2018,2028,2039,2024
2038,2052,2044,2052,2031,2060,2058,2046
2052,2057,2047,2063,2055,2064,2065,2052
2050,2051,2046,2068,2112,2064,2075,2056
2039,2046,2044,2069,2127,2066,2074,2053
2033,2046,2043,2078,2117,2062,2055,2057
2036,2042,2036,2068,2096,2058,2044,2051
2036,2034,2033,2057,2077,2060,2044,2047
2034,2031,2035,2047,2064,2063,2051,2055
2047,2045,2043,2053,2054,2051,2059,2058
2045,2046,2037,2049,2042,2037,2060,2057
2047,2046,2042,2054,2034,2046,2062,2060
2054,2055,2049,2053,2024,2045,2053,2051
2043,2055,2055,2056,2023,2051,2039,2040
2047,2054,2050,2047,2003,2056,2032,2029
2041,2053,2047,2060,2016,2067,2031,2013
2038,2051,2042,2063,2035,2089,2019,2005
2030,2048,2043,2057,2034,2054,2000,1997
2032,2048,2044,2052,2014,1992,2009,2008
2036,2045,2050,2063,2046,1987,2028,2028
2044,2050,2055,2071,2081,2034,2053,2031
2049,2054,2056,2074,2103,2078,2067,2023
2043,2048,2058,2080,2107,2089,2064,2018
2036,2044,2054,2072,2096,2084,2040,2014
2035,2043,2051,2079,2087,2058,2027,2011
2032,2045,2054,2078,2086,2031,2028,2016
2034,2048,2050,2082,2081,2045,2033,2020
2051,2052,2051,2082,2084,2063,2041,2023
2041,2051,2057,2085,2078,2085,2053,2023
2044,2055,2058,2082,2086,2094,2041,2026
2045,2043,2049,2080,2080,2062,2027,2024
2042,2047,2048,2074,2058,2027,2024,2021
2041,2050,2046,2069,2043,2012,2042,2031
2041,2048,2044,2066,2041,2017,2034,2034
2037,2053,2047,2066,2042,2031,2035,2034
2042,2053,2045,2084,2064,2045,2022,2047
2039,2051,2051,2085,2016,2044,2026,2051
2045,2052,2043,2083,2044,2066,2057,2062
2044,2055,2049,2078,2046,2072,2085,2067
2050,2055,2043,2066,1963,2062,2072,2062
2038,2041,2031,2049,1894,2034,2053,2058
2036,2032,2023,2057,1922,2023,2081,2056
2043,2040,2022,2048,1931,2008,2070,2049
2034,2032,2024,2033,1932,1986,2053,2043
2037,2031,2017,2029,2040,2000,2048,2033
2036,2035,2027,2059,2129,2031,2061,2032
2038,2038,2031,2046,2139,2037,2056,2034
2045,2045,2031,2053,2190,2066,2052,2034
2043,2041,2034,2054,2189,2095,2038,2021
2044,2041,2036,2067,2167,2104,2059,2023
2041,2041,2043,2081,2166,2120,2042,2018
2050,2051,2046,2088,2161,2145,2040,2006
2046,2047,2037,2079,2121,2135,2027,2002
2041,2037,2038,2068,2084,2069,2006,1993
2037,2035,2026,2047,2046,2006,2021,2000
2035,2032,2024,2036,2040,2008,2028,1990
2036,2020,2022,2036,2037,2022,2018,1998
2034,2024,2035,2046,2031,2037,2032,2008
2040,2030,2068,2070,2033,2052,2050,2013
2044,2033,2068,2068,2031,2054,2055,2019
2042,2045,2071,2070,2040,2053,2048,2021
2043,2046,2074,2072,2055,2042,2049,2027
2033,2045,2070,2084,2104,2046,2049,2021
2038,2042,2062,2102,2168,2069,2057,2024
2049,2047,2062,2098,2176,2091,2072,2024
2050,2045,2055,2094,2160,2104,2056,2029
2047,2046,2057,2084,2143,2094,2056,2036
2047,2046,2052,2088,2141,2089,2051,2035
2041,2048,2049,2084,2137,2085,2049,2046
2042,2050,2043,2074,2032,2067,2052,2051
2040,2044,2048,2064,1960,2053,2053,2054
2048,2048,2046,2063,2003,2051,2050,2045
2045,2044,2046,2056,2016,2024,2051,2049
2035,2026,2037,2046,2046,2007,2042,2046
2028,2033,2041,2044,2070,2006,2045,2049
2039,2042,2048,2045,2066,1998,2039,2055
2034,2042,2056,2041,2056,1993,2046,2055
2040,2052,2053,2036,2052,2007,2031,2055
2051,2054,2056,2029,2057,2022,2016,2062
2056,2064,2052,2036,2058,2026,2034,2051
2057,2059,2047,2038,2052,2023,2038,2052
2055,2054,2046,2050,2063,2021,2039,2047
2058,2053,2041,2052,2068,2024,2044,2043
2058,2059,2050,2062,2071,2025,2052,2049
2062,2059,2052,2067,2071,2038,2059,2043
2064,2057,2058,2071,2084,2035,2056,2033
2058,2056,2056,2070,2081,2037,2036,2027
2059,2056,2055,2075,2068,2042,2042,2021
2057,2050,2045,2070,2076,2079,2037,2013
2046,2032,2033,2060,2079,2120,2024,2011
2039,2023,2026,2059,2073,2161,2037,2023
2043,2037,2032,2067,2092,2173,2071,2031
2040,2037,2037,2075,2100,2152,2069,2026
2045,2041,2039,2072,2098,2119,2052,2023
2049,2041,2031,2066,2087,2038,2034,2021
2045,2038,2034,2060,2090,2014,2046,2029
2043,2039,2035,2065,2088,2014,2020,2034
2049,2038,2041,2065,2080,2023,2016,2037
2050,2034,2041,2070,2087,2038,2033,2042
2055,2038,2038,2068,2087,2046,2045,2046
2057,2040,2030,2065,2091,2053,2038,2043
2053,2029,2020,2051,2082,2039,2041,2047
2043,2020,2005,2029,2066,2030,2024,2047
2039,2022,2016,2035,2077,2046,2024,2053
2039,2028,2037,2052,2082,2056,2025,2059
2051,2040,2054,2053,2080,2046,2020,2061
2048,2032,2057,2048,2075,2057,2011,2063
2049,2042,2061,2057,2081,2069,2047,2064
2057,2048,2060,2064,2084,2069,2057,2062
2059,2046,2063,2075,2090,2074,2058,2063
2057,2049,2074,2097,2098,2074,2056,2070
2057,2038,2082,2105,2093,2066,2050,2054
2056,2037,2086,2110,2093,2061,2048,2054
2052,2039,2080,2111,2090,2053,2036,2049
2056,2042,2080,2114,2085,2044,2026,2047
2060,2047,2080,2117,2084,2032,2023,2046
2062,2053,2072,2120,2086,2031,2027,2040
2057,2047,2064,2121,2093,2034,2010,2037
2054,2050,2059,2115,2079,2026,2021,2026
2050,2042,2044,2095,2064,2021,2035,2018
2040,2037,2038,2083,2056,2025,2032,2019
2037,2039,2035,2084,2062,2030,2029,2011
2037,2035,2030,2069,2050,2030,2021,2008
2038,2042,2041,2064,2061,2047,2043,2024
2046,2048,2050,2053,2068,2055,2024,2027
2047,2049,2053,2044,2072,2069,2024,2030
2047,2046,2056,2039,2064,2071,2024,2033
2044,2050,2063,2015,2063,2066,2035,2043
2052,2058,2070,2010,2065,2064,2038,2046
2056,2057,2081,2012,2069,2052,2038,2051
2058,2060,2085,2011,2076,2051,2053,2065
2064,2062,2087,2014,2076,2059,2050,2065
2060,2064,2082,2029,2077,2057,2045,2065
2056,2058,2083,2039,2082,2061,2050,2070
2054,2053,2074,2051,2084,2062,2054,2072
2054,2057,2078,2055,2090,2054,2029,2067
2062,2059,2076,2051,2088,2057,2036,2076
2062,2056,2078,2054,2080,2056,2038,2072
2056,2056,2065,2050,2073,2050,2037,2065
2045,2044,2063,2048,2061,2048,2025,2066
2040,2047,2062,2047,2071,2058,2041,2062
2051,2052,2067,2050,2073,2062,2026,2061
2042,2054,2061,2050,2063,2052,2025,2053
2048,2051,2065,2051,2068,2033,2021,2053
2055,2056,2068,2046,2072,2032,2018,2056
2050,2059,2070,2052,2071,2042,2035,2045
2042,2058,2063,2053,2070,2047,2040,2042
2048,2056,2061,2052,2075,2047,2032,2045
2053,2055,2060,2051,2067,2051,2034,2043
2058,2054,2054,2048,2069,2067,2026,2041
2056,2052,2059,2048,2062,2068,2042,2042
2060,2052,2058,2049,2072,2090,2046,2044
2068,2058,2062,2063,2075,2113,2037,2050
2064,2058,2059,2062,2085,2123,2035,2048
2049,2057,2059,2066,2074,2143,2050,2032
2034,2046,2048,2054,2072,2150,2036,2035
2031,2039,2046,2059,2070,2113,2050,2043
2044,2053,2052,2071,2072,2011,2035,2047
2050,2051,2054,2060,2069,1953,2052,2044
2058,2052,2048,2066,2066,1998,2066,2050
2056,2054,2051,2072,2069,2028,2068,2054
2054,2054,2049,2070,2080,2040,2062,2048
2047,2053,2059,2068,2081,2034,2055,2048
2052,2051,2057,2068,2078,2030,2039,2040
2051,2052,2057,2066,2086,2040,2038,2041
2045,2053,2050,2057,2072,2044,2019,2043
2039,2051,2048,2054,2081,2060,2037,2050
2046,2048,2051,2064,2098,2047,2021,2058
2049,2063,2058,2068,2093,2047,2021,2060
2054,2062,2067,2062,2083,2027,2023,2060
2048,2059,2062,2061,2096,2028,2025,2063
2052,2056,2071,2050,2094,2028,2011,2059
2035,2040,2065,2034,2083,2038,2024,2053
2036,2040,2059,2029,2078,2056,2019,2059
2041,2043,2064,2034,2065,2058,2005,2055
2040,2045,2062,2038,2047,2058,2016,2052
2042,2051,2059,2035,2041,2065,2022,2046
2043,2039,2050,2030,2044,2065,2046,2044
2037,2043,2056,2036,2049,2062,2023,2043
2050,2046,2051,2037,2064,2058,2034,2042
2052,2047,2052,2043,2071,2062,2045,2052
2054,2056,2051,2044,2059,2061,2033,2037
2063,2048,2050,2046,2050,2052,2032,2033
2050,2047,2054,2042,2039,2043,2040,2040
2059,2046,2049,2040,2029,2037,2024,2036
2055,2045,2049,2030,2021,2036,2034,2030
2047,2044,2045,2027,2039,2048,2039,2026
2054,2052,2056,2051,2073,2065,2036,2030
2057,2052,2052,2058,2082,2067,2033,2032
2053,2047,2056,2050,2071,2073,2047,2040
2063,2056,2055,2056,2089,2088,2056,2045
2068,2064,2055,2058,2080,2075,2057,2043
2063,2066,2060,2055,2077,2071,2043,2046
2065,2066,2059,2056,2072,2038,2039,2039
2062,2061,2057,2050,2055,2007,2042,2044
2062,2060,2059,2045,2057,2015,2046,2048
2059,2058,2057,2047,2052,2025,2031,2053
2060,2060,2057,2043,2045,2032,2019,2048
2061,2059,2055,2048,2046,2034,2028,2052
2054,2060,2056,2050,2044,2026,2017,2062
2056,2062,2058,2058,2050,1983,2032,2080
2057,2064,2060,2059,2052,1979,2046,2085
2055,2058,2053,2047,2066,2004,2058,2083
2058,2052,2057,2049,2078,2036,2081,2085
2054,2050,2052,2047,2068,2048,2054,2087
2050,2046,2039,2039,2058,2053,2043,2076
2042,2038,2028,2033,2044,2072,2035,2076
2051,2046,2039,2038,2047,2090,2029,2076
2048,2051,2046,2040,2063,2100,2038,2066
2051,2054,2049,2045,2071,2108,2056,2070
2056,2061,2045,2053,2085,2098,2044,2064
2059,2060,2050,2051,2087,2089,2047,2058
2053,2062,2053,2055,2092,2087,2054,2046
2052,2058,2049,2047,2081,2092,2040,2036
2047,2055,2050,2050,2079,2090,2044,2028
2039,2057,2044,2046,2044,2043,2030,2019
2035,2051,2040,2049,2029,2018,2025,2026
2036,2049,2036,2046,2033,2025,2001,2020
2033,2046,2041,2048,2043,2046,2028,2018
2032,2050,2045,2048,2056,2059,2036,2022
2034,2053,2045,2057,2062,2083,2044,2031
2043,2059,2052,2060,2066,2090,2042,2030
2050,2045,2044,2053,2065,2074,2046,2030
2049,2051,2046,2056,2083,2068,2051,2038
2059,2057,2053,2059,2083,2092,2047,2036
2049,2050,2041,2045,2029,2112,2047,2026
2037,2043,2040,2034,1988,2097,2045,2025
2034,2046,2041,2030,1972,2027,2025,2024
2029,2041,2037,2025,1971,1994,2012,2027
2028,2034,2036,2036,2022,2016,2011,2036
2038,2043,2036,2057,2070,2050,2034,2053
2045,2044,2048,2068,2092,2075,2061,2063
2046,2048,2046,2063,2090,2110,2066,2061
2042,2041,2037,2046,2041,2116,2056,2059
2036,2030,2031,2033,1991,2091,2052,2059
2033,2029,2027,2020,1951,2059,2043,2061
2036,2028,2031,2014,1927,2006,2031,2063
2036,2036,2037,2022,1950,1922,2027,2079
2042,2038,2035,2037,2007,1901,2031,2072
2032,2031,2036,2036,2031,1930,2036,2070
2040,2042,2044,2055,2060,1975,2064,2080
2047,2053,2052,2063,2068,1988,2062,2080
2055,2058,2055,2054,2067,2030,2075,2070
2052,2052,2042,2041,2070,2067,2057,2052
2048,2049,2042,2047,2095,2105,2052,2049
2054,2061,2058,2069,2124,2142,2073,2053
2065,2067,2061,2067,2118,2147,2063,2058
2062,2073,2060,2077,2126,2130,2059,2058
2065,2068,2066,2067,2130,2141,2059,2049
2065,2061,2060,2061,2132,2126,2056,2051
2065,2058,2060,2060,2121,2108,2048,2042
2057,2058,2044,2044,2082,2081,2042,2039
2048,2052,2032,2028,2011,2035,2045,2045
2052,2048,2030,2033,2020,2008,2056,2046
2047,2043,2033,2039,2074,2004,2059,2047
2048,2040,2034,2048,2087,1998,2052,2056
2046,2049,2037,2045,2076,1994,2054,2057
2059,2054,2044,2052,2069,2012,2059,2055
2056,2052,2049,2054,2024,2033,2055,2055
2049,2052,2053,2053,2039,2058,2047,2052
2049,2050,2047,2046,1998,2063,2048,2056
2050,2053,2044,2027,1967,2051,2049,2064
2054,2050,2041,2035,1959,2043,2053,2073
2057,2053,2049,2040,1965,2053,2047,2075
2054,2050,2045,2042,2009,2067,2082,2074
2053,2042,2048,2031,2014,2070,2063,2077
2047,2038,2042,2018,2037,2106,2054,2078
2042,2041,2044,2027,2017,2129,2063,2082
2046,2044,2045,2020,1980,2086,2051,2070
2043,2042,2043,2006,1933,2046,2027,2073
2047,2041,2038,2000,1897,1999,2016,2076
2043,2043,2046,2011,1923,1933,2000,2081
2041,2042,2041,2015,1935,1926,2006,2074
2037,2040,2035,2018,1957,1914,2019,2084
2049,2048,2049,2030,1990,1921,2030,2079
2049,2053,2049,2039,2049,1969,2041,2081
2056,2057,2049,2043,2113,2020,2041,2080
2058,2053,2044,2058,2158,2052,2044,2081
2052,2055,2042,2068,2148,2055,2038,2068
2053,2050,2047,2063,2121,2060,2019,2065
2059,2042,2041,2056,2098,2072,2043,2069
2056,2053,2044,2051,2067,2071,2069,2066
2060,2050,2042,2052,2056,2078,2064,2064
2062,2055,2044,2050,2050,2075,2052,2062
2058,2052,2045,2049,2058,2079,2058,2053
2048,2046,2047,2050,2067,2090,2067,2042
2050,2045,2043,2045,2064,2077,2057,2042
2050,2044,2039,2049,2074,2053,2054,2046
2061,2050,2037,2044,2084,2038,2039,2047
2046,2032,2033,2036,2080,2040,2040,2045
2045,2035,2034,2037,2082,2056,2051,2049
2049,2031,2030,2031,2081,2061,2054,2047
2040,2032,2036,2032,2081,2063,2055,2051
2041,2033,2032,2025,2072,2072,2060,2056
2044,2033,2031,2023,2001,2070,2060,2057
2050,2039,2031,2016,1929,2050,2062,2068
2054,2046,2035,2024,1990,2051,2053,2084
2055,2052,2041,2042,2056,2072,2092,2086
2062,2050,2045,2048,2067,2083,2090,2094
2062,2047,2049,2054,2063,2073,2078,2089
2057,2040,2043,2035,2034,2037,2041,2076
2041,2038,2033,2013,1991,2007,2031,2082
2043,2036,2031,2023,2019,2023,2035,2083
2048,2031,2031,2031,2037,2056,2050,2087
2046,2029,2038,2037,2056,2081,2050,2088
2044,2035,2034,2046,2069,2083,2052,2075
2040,2035,2037,2048,2066,2073,2045,2081
2050,2038,2043,2042,2057,2073,2065,2081
2057,2039,2040,2036,2054,2092,2051,2077
2049,2040,2042,2043,2070,2128,2053,2068
2049,2043,2048,2053,2091,2153,2049,2065
2043,2035,2051,2047,2104,2113,2043,2050
2025,2034,2046,2040,2078,1996,2013,2045
2028,2038,2042,2029,1975,1937,2019,2048
2033,2043,2049,2034,1980,1977,2023,2047
2042,2049,2052,2043,1993,1996,2020,2035
2044,2045,2046,2043,2012,2000,2028,2039
2042,2042,2052,2042,2022,2011,2015,2055
2042,2044,2045,2047,2037,2025,2023,2067
2049,2041,2050,2043,2048,2045,2049,2072
2053,2055,2052,2042,2039,2047,2058,2072
2057,2056,2050,2042,2039,2049,2034,2060
2045,2051,2040,2039,2034,2038,2015,2053
2051,2053,2035,2037,2037,2042,2036,2060
2055,2060,2050,2039,2052,2047,2024,2067
2063,2059,2043,2039,2065,2056,2048,2064
2063,2056,2041,2034,2075,2048,2047,2057
2053,2055,2038,2014,2013,2022,2043,2054
2050,2046,2033,2002,1949,2015,2045,2054
2046,2044,2037,2010,1940,2020,2044,2051
2040,2045,2040,2010,1963,2021,2035,2049
2037,2047,2039,2008,1988,2035,2054,2056
2038,2048,2038,2009,2021,2042,2060,2066
2049,2051,2041,2014,2059,2063,2066,2077
2046,2052,2044,2018,2049,2082,2066,2085
2054,2052,2046,2026,2054,2087,2064,2091
2052,2052,2043,2024,2032,2076,2063,2095
2050,2049,2037,2027,2011,2067,2063,2097
2046,2046,2044,2031,1998,2063,2068,2089
2040,2035,2038,2024,1976,2052,2049,2077
2034,2033,2036,2006,1967,2052,2056,2087
2040,2052,2046,2025,1988,2045,2049,2091
2050,2049,2051,2008,1977,2040,2045,2085
2055,2059,2056,2026,2028,2082,2054,2084
2062,2077,2066,2041,2068,2091,2064,2088
2067,2073,2065,2046,2074,2076,2053,2081
2070,2075,2066,2050,2073,2042,2048,2080
2065,2073,2064,2052,2070,2004,2052,2075
2068,2070,2060,2046,2075,2004,2033,2076
2059,2068,2058,2047,2113,2003,2044,2070
2068,2071,2055,2055,2146,2007,2037,2070
2060,2061,2053,2057,2149,2017,2033,2064
2058,2061,2055,2056,2142,2023,2034,2054
2051,2057,2044,2055,2130,2023,2035,2054
2054,2061,2046,2046,2108,2043,2050,2046
2050,2048,2038,2043,2089,2057,2059,2044
2048,2037,2036,2029,2049,2060,2076,2039
2036,2037,2032,1998,1883,2033,2077,2045
2036,2041,2031,1979,1775,2017,2088,2064
2050,2044,2044,2005,1863,2030,2097,2065
2048,2042,2045,2019,1959,2044,2088,2070
2045,2044,2045,2031,1999,2045,2083,2075
2051,2045,2046,2036,2005,2054,2080,2079
2054,2056,2045,2035,2002,2067,2095,2085
2056,2060,2044,2032,1999,2090,2093,2082
2059,2053,2049,2033,2018,2113,2098,2080
2057,2056,2050,2039,2025,2127,2094,2081
2061,2054,2045,2046,2027,2128,2080,2076
2051,2051,2053,2038,2034,2118,2075,2079
2050,2049,2042,2026,2036,2053,2068,2084
2052,2046,2039,2020,2001,2009,2059,2088
2047,2047,2038,2017,1978,2027,2062,2088
2039,2033,2025,2011,1987,2025,2061,2082
2039,2031,2022,2015,1987,1996,2062,2085
2044,2042,2037,2036,2004,1997,2051,2083
2050,2052,2047,2044,2012,2019,2060,2083
2054,2051,2043,2033,2003,2035,2056,2072
2055,2053,2038,2024,2011,2028,2052,2066
2054,2051,2040,2031,2021,2026,2053,2058
2053,2047,2041,2036,2025,2044,2039,2054
2047,2043,2042,2032,2028,2082,2046,2057
2056,2049,2037,2025,2011,2077,2044,2046
2057,2045,2034,2013,1971,2075,2058,2040
2046,2040,2033,1993,1915,2074,2036,2052
2053,2045,2038,1993,1891,2051,2063,2055
2051,2054,2038,2004,1899,2025,2049,2050
2047,2045,2038,1997,1919,2001,2046,2049
2052,2047,2043,2028,2026,2022,2068,2051
2056,2056,2053,2063,2104,2042,2079,2054
2059,2049,2047,2059,2108,2039,2073,2054
2059,2048,2032,2061,2112,2047,2082,2071
2066,2056,2045,2056,2098,2055,2091,2068
2063,2052,2039,2047,2067,2048,2088,2066
2059,2051,2035,2047,2050,2062,2085,2060
2054,2046,2033,2044,2040,2063,2079,2058
2049,2042,2028,2040,2036,2068,2076,2054
2047,2045,2024,2034,2040,2069,2070,2063
2043,2037,2021,2032,2027,2072,2064,2071
2049,2044,2026,2034,2010,2047,2057,2069
2050,2041,2032,2040,1994,2040,2069,2076
2050,2042,2024,2037,1992,2055,2069,2077
2049,2032,2027,2041,2001,2063,2067,2078
2047,2034,2024,2047,2006,2054,2078,2083
2049,2032,2027,2047,2000,2025,2062,2086
2054,2035,2032,2054,1995,1988,2065,2086
2051,2036,2032,2057,2010,1972,2058,2079
2047,2025,2021,2061,2026,1944,2055,2078
2045,2018,2017,2052,2051,1930,2037,2067
2041,2020,2010,2053,2062,1936,2049,2064
2037,2019,2025,2069,2093,1973,2049,2059
2040,2024,2028,2075,2087,1996,2059,2061
2043,2028,2043,2072,2073,2039,2065,2062
2055,2039,2046,2061,2069,2092,2073,2062
2056,2053,2052,2051,2039,2127,2079,2067
2060,2058,2046,2027,1983,2099,2073,2062
2066,2064,2025,2004,1946,2037,2060,2057
2056,2054,2021,2002,1950,2024,2060,2051
2060,2057,2019,1998,1956,2033,2057,2058
2058,2058,2014,1993,1956,2033,2042,2053
2057,2050,2010,1979,1969,2029,2047,2049
2052,2055,2027,2002,2013,2042,2064,2056
2062,2064,2039,2018,2029,2080,2072,2060
2060,2054,2037,2007,2004,2096,2057,2050
2053,2042,2023,2002,2035,2108,2069,2042
2046,2040,2010,1998,2034,2120,2074,2051
2043,2030,2000,1989,2014,2092,2064,2047
2039,2024,1989,1988,2032,2051,2065,2052
2041,2026,1992,2003,2110,2072,2086,2055
2039,2028,2001,2014,2146,2117,2096,2061
2042,2034,2015,2032,2133,2128,2085,2069
2053,2049,2030,2034,2036,2065,2077,2083
2059,2060,2037,2034,1938,1995,2063,2087
2064,2057,2035,2027,1970,1996,2054,2082
2051,2056,2033,2028,1998,2011,2054,2071
2044,2051,2029,2024,2002,2011,2025,2074
2046,2050,2033,2027,2011,2030,2049,2081
2049,2045,2039,2034,2028,2048,2064,2075
2053,2055,2053,2051,2045,2066,2076,2077
2053,2057,2055,2049,2042,2068,2067,2083
2044,2057,2050,2050,2044,2051,2032,2079
2048,2047,2052,2054,2045,2050,2045,2088
2054,2059,2060,2058,2044,2060,2060,2085
2054,2066,2068,2064,2029,2067,2069,2080
2054,2065,2069,2057,2009,2059,2068,2074
2061,2065,2084,2061,1981,2046,2061,2064
2054,2066,2095,2062,1970,2037,2067,2059
2055,2066,2099,2049,1949,2025,2071,2059
2059,2070,2106,2048,1914,2030,2069,2062
2059,2074,2111,2054,1954,2044,2067,2058
2056,2076,2104,2059,1956,2064,2073,2050
2050,2067,2096,2053,1953,2066,2061,2046
2047,2063,2085,2056,1907,2071,2047,2035
2042,2056,2067,2041,1880,2056,2035,2030
2040,2052,2060,2031,1894,2013,2034,2038
2042,2053,2057,2017,1932,1964,2026,2037
2048,2056,2053,2017,2001,1966,2037,2040
2049,2050,2056,2044,2048,1975,2053,2053
2062,2066,2071,2088,2126,2034,2091,2059
2070,2071,2079,2100,2168,2078,2095,2062
2066,2063,2071,2091,2189,2111,2092,2054
2065,2056,2065,2090,2161,2110,2065,2055
2060,2065,2072,2084,2122,2105,2087,2065
2068,2060,2067,2074,2115,2106,2095,2070
2071,2064,2054,2062,2107,2109,2098,2069
2063,2065,2042,2057,2102,2102,2074,2073
2070,2062,2038,2068,2123,2092,2096,2077
2066,2060,2035,2065,2141,2086,2092,2074
2053,2046,2024,2057,2134,2095,2072,2064
2037,2036,2019,2051,2116,2106,2072,2063
2034,2033,2013,2053,2082,2092,2054,2059
2035,2032,2019,2057,2075,2072,2056,2060
2035,2032,2022,2053,2080,2053,2048,2072
2036,2034,2017,2039,2068,2029,2035,2074
2031,2021,1998,2006,1997,1985,2045,2064
2026,2022,2001,1984,1977,1987,2055,2065
2032,2038,2020,1975,1998,1997,2030,2072
2036,2045,2037,1970,1974,1994,2043,2071
2048,2055,2054,1980,1991,1988,2043,2072
2047,2060,2051,1968,1964,1977,2043,2070
2046,2055,2051,1946,1860,1976,2059,2068
2054,2056,2048,1942,1824,1995,2070,2065
2045,2055,2047,1946,1810,2004,2064,2047
2039,2043,2029,1950,1880,2027,2049,2040
2042,2048,2038,1990,2013,2030,2042,2045
2047,2059,2048,2018,2071,2017,2041,2039
2049,2062,2049,2027,2081,2026,2030,2043
2053,2060,2049,2042,2099,2056,2045,2034
2046,2056,2047,2044,2108,2078,2056,2018
2029,2045,2039,2034,2089,2088,2051,2020
2034,2034,2043,2021,2062,2094,2058,2023
2033,2039,2052,2020,2051,2100,2063,2034
2052,2057,2069,2029,2036,2086,2070,2044
2056,2067,2077,2036,2036,2056,2061,2047
2060,2071,2077,2034,2027,2027,2062,2050
2059,2070,2080,2036,2031,2031,2050,2059
2064,2067,2079,2031,2030,2049,2063,2050
2058,2060,2065,2037,2025,2032,2063,2056
2052,2059,2067,2033,2029,2002,2049,2053
2051,2058,2066,2034,2029,2012,2053,2053
2058,2064,2068,2033,2027,2039,2054,2062
2060,2066,2062,2030,2002,2066,2072,2069
2062,2066,2060,2035,2005,2078,2085,2072
2059,2059,2057,2031,2011,2067,2085,2072
2064,2058,2055,2038,2012,2033,2071,2087
2064,2059,2061,2046,2031,2048,2071,2087
2066,2064,2059,2056,2024,2044,2053,2074
2059,2049,2052,2041,2010,2021,2031,2072
2049,2042,2041,2036,1997,2008,2034,2079
2051,2048,2047,2033,1999,2025,2031,2073
2046,2038,2043,2032,2000,2028,2039,2073
2050,2047,2044,2038,2032,2055,2050,2073
2053,2042,2052,2039,2030,2070,2063,2072
2052,2043,2050,2031,1997,2064,2041,2061
2053,2047,2052,2034,2007,2086,2056,2061
2048,2052,2051,2034,2008,2096,2031,2051
2052,2049,2048,2024,1967,2078,2044,2042
2055,2047,2046,2017,1952,2054,2023,2041
2056,2045,2049,2025,1978,2028,2043,2045
2060,2052,2050,2035,2051,2020,2042,2040
2059,2060,2057,2039,2073,1983,2045,2039
2059,2053,2050,2039,2046,1978,2026,2040
2053,2046,2050,2032,2026,1972,2019,2034
2050,2036,2048,2042,2039,1975,2013,2024
2036,2026,2039,2042,2036,1993,2018,2017
2035,2022,2035,2039,2041,2017,2043,2025
2041,2043,2050,2049,2056,2041,2043,2039
2050,2050,2055,2053,2058,2052,2053,2056
2058,2057,2057,2052,2061,2056,2060,2062
2054,2069,2060,2057,2096,2061,2061,2062
2066,2063,2062,2059,2128,2069,2057,2064
2063,2061,2060,2067,2146,2090,2063,2064
2062,2053,2057,2073,2164,2120,2057,2060
2052,2046,2050,2070,2170,2137,2050,2059
2040,2038,2052,2066,2152,2096,2047,2057
2036,2033,2042,2055,2116,1974,2011,2056
2033,2035,2036,2055,2038,1933,2012,2061
2039,2034,2042,2052,1929,1974,2036,2060
2038,2033,2051,2052,1943,2012,2050,2071
2037,2032,2054,2054,1973,2044,2050,2074
2038,2031,2040,2040,1961,2039,2038,2069
2031,2025,2040,2035,1962,2048,2069,2064
2041,2033,2043,2047,2002,2085,2065,2072
2043,2034,2043,2055,2041,2101,2061,2064
2036,2037,2040,2060,2043,2097,2062,2056
2037,2035,2032,2049,2028,2088,2057,2054
2039,2029,2028,2050,2031,2070,2058,2053
2051,2038,2025,2054,2039,2017,2048,2051
2047,2037,2019,2050,2041,2004,2038,2041
2046,2036,2009,2051,2053,2025,2045,2043
2047,2036,2005,2059,2061,2017,2025,2039
2044,2037,2003,2054,2049,2039,2010,2039
2038,2034,1991,2040,2005,2040,2029,2049
2044,2032,1987,2032,2010,2049,2042,2038
2044,2024,1978,2018,2002,2064,2048,2029
2038,2018,1978,2013,1995,2060,2044,2017
2036,2024,1984,2015,1996,2063,2060,2033
2038,2024,1994,2012,2001,2058,2051,2038
2036,2028,1997,2022,2010,2053,2057,2049
2047,2034,2015,2026,2011,2028,2037,2050
2046,2035,2025,2015,1997,2005,2034,2042
2043,2037,2038,2021,2034,2020,2032,2041
2039,2043,2062,2038,2037,2034,2048,2045
2044,2052,2080,2036,2033,2038,2043,2048
2051,2053,2084,2034,2022,2040,2042,2052
2052,2058,2089,2037,2018,2038,2039,2047
2042,2055,2088,2042,2029,2035,2043,2047
2043,2052,2089,2042,2029,2049,2037,2049
2044,2052,2090,2045,2034,2057,2051,2053
2039,2049,2108,2061,2038,2064,2042,2060
2031,2051,2111,2066,2054,2077,2052,2066
2033,2047,2105,2064,2056,2098,2056,2069
2035,2036,2082,2064,2057,2112,2063,2076
2031,2025,2080,2075,2045,2092,2052,2066
2030,2018,2070,2074,2037,2076,2054,2070
2022,2012,2063,2080,2039,2073,2056,2071
2038,2023,2059,2085,2043,2067,2055,2077
2039,2024,2040,2084,2047,2062,2052,2071
2040,2026,2022,2083,2052,2060,2042,2056
2035,2019,2003,2081,2044,2035,2031,2046
2035,2013,1982,2075,2030,2009,2032,2038
2033,2020,1976,2070,2034,2000,2043,2032
2040,2030,1979,2072,2038,2007,2054,2035
2047,2039,1974,2060,2036,2013,2056,2037
2048,2044,1969,2047,2031,2028,2051,2039
2050,2034,1968,2031,2021,2038,2036,2035
2048,2032,1967,1983,1995,2039,2036,2038
2040,2021,1968,1951,1980,2029,2038,2036
2041,2027,1981,1927,1979,2021,2029,2030
2035,2046,2020,1929,1982,2017,2025,2032
2042,2063,2071,1940,1987,2021,2028,2025
2046,2073,2105,1964,1998,2032,2032,2031
2050,2082,2124,1988,2017,2041,2044,2042
2055,2094,2128,2000,2035,2051,2058,2053
2056,2084,2113,2001,2030,2045,2055,2052
2057,2074,2112,2009,2028,2040,2046,2055
2057,2067,2104,2016,2031,2053,2057,2056
2052,2065,2096,2027,2035,2053,2053,2057
2044,2065,2087,2032,2038,2054,2044,2056
2051,2065,2079,2029,2025,2053,2063,2055
2039,2054,2074,2025,2034,2056,2059,2061
2046,2047,2066,2026,2042,2050,2063,2062
2039,2047,2069,2024,2038,2048,2071,2061
2042,2047,2068,2033,2037,2051,2053,2067
2044,2042,2055,2033,2038,2049,2060,2069
2041,2046,2047,2031,2028,2041,2058,2074
2043,2043,2041,2026,2034,2045,2062,2077
2047,2039,2038,2032,2033,2048,2060,2075
2042,2038,2030,2029,2041,2048,2044,2076
2035,2046,2038,2040,2041,2052,2058,2072
2046,2043,2030,2038,2038,2056,2057,2067
2044,2033,2021,2033,2040,2060,2053,2064
2042,2031,2010,2033,2036,2055,2055,2060
2040,2033,2005,2034,2038,2051,2055,2057
2042,2035,2013,2026,2039,2045,2057,2056
2040,2038,2014,2034,2040,2046,2053,2042
2047,2032,2018,2034,2035,2037,2058,2044
2046,2038,2022,2034,2036,2039,2059,2034
2047,2042,2023,2040,2039,2043,2064,2040
2054,2049,2033,2046,2043,2050,2066,2041
2056,2050,2045,2045,2044,2057,2065,2044
2052,2058,2049,2046,2050,2069,2082,2042
2056,2060,2058,2053,2049,2064,2080,2038
2048,2063,2062,2051,2040,2057,2069,2028
2047,2064,2074,2053,2041,2044,2053,2027
2050,2064,2081,2046,2032,2047,2064,2038
2064,2071,2084,2048,2040,2056,2066,2053
2069,2075,2088,2050,2019,2046,2066,2045
2066,2081,2096,2062,2029,2046,2069,2051
2072,2084,2107,2077,2056,2056,2074,2052
2069,2075,2107,2081,2069,2068,2060,2041
2064,2065,2101,2086,2059,2061,2044,2028
2056,2054,2085,2100,2054,2062,2047,2029
2040,2045,2072,2102,2043,2069,2075,2032
2035,2036,2044,2101,2050,2070,2075,2034
2036,2037,2038,2120,2058,2071,2075,2046
2046,2037,2025,2123,2059,2063,2059,2047
2041,2039,2014,2120,2056,2054,2050,2040
2038,2034,2003,2118,2062,2050,2061,2051
2037,2031,1995,2111,2052,2036,2039,2049
2033,2029,1990,2101,2046,2021,2018,2049
2031,2034,1998,2094,2045,2021,2012,2054
2029,2033,1995,2092,2046,2037,2052,2063
2036,2039,1997,2089,2032,2041,2051,2059
2032,2032,1998,2073,2030,2037,2049,2049
2037,2025,1993,2061,2034,2042,2050,2050
2031,2013,2003,2063,2045,2053,2066,2050
2029,2009,2018,2049,2036,2049,2060,2051
2022,2005,2019,2018,2037,2045,2056,2031
2026,1993,2027,2000,2025,2046,2050,2031
2020,1999,2048,2000,2017,2036,2047,2024
2021,2006,2060,1995,2009,2022,2043,2019
2018,2022,2062,2011,2025,2025,2017,2028
2036,2053,2066,2030,2035,2039,2067,2032
2050,2068,2083,2062,2043,2041,2077,2033
2055,2069,2086,2078,2037,2018,2055,2032
2057,2064,2095,2089,2043,2025,2059,2029
2056,2060,2097,2101,2044,2035,2053,2022
2046,2046,2088,2100,2047,2035,2042,2018
2041,2037,2071,2092,2043,2039,2051,2027
2036,2033,2044,2078,2043,2033,2053,2024
2029,2024,2025,2060,2026,2036,2050,2014
2030,2015,1999,2036,2018,2033,2047,2022
2026,2022,1986,2021,2020,2037,2030,2030
2033,2032,1998,2025,2030,2041,2054,2038
2048,2058,2008,2033,2044,2055,2047,2049
2057,2065,2026,2046,2049,2060,2040,2051
2064,2065,2027,2054,2063,2050,2057,2056
2065,2065,2035,2061,2060,2049,2046,2067
2065,2066,2048,2057,2061,2044,2059,2070
2064,2065,2041,2039,2042,2046,2054,2068
2062,2060,2025,2026,2034,2045,2056,2068
2064,2053,2009,2016,2039,2045,2061,2074
2064,2054,2009,2020,2042,2048,2059,2076
2057,2047,2012,2029,2037,2044,2046,2069
2043,2041,2009,2020,2033,2047,2047,2066
2054,2047,2005,2018,2034,2044,2040,2063
2059,2040,2004,2020,2019,2039,2042,2058
2049,2049,2013,2022,2016,2026,2032,2064
2050,2047,2037,2030,2010,2019,2035,2059
2045,2045,2057,2042,2021,2029,2033,2062
2040,2052,2058,2047,2042,2043,2051,2054
2042,2051,2068,2052,2046,2048,2054,2047
2043,2055,2073,2058,2046,2053,2064,2046
2043,2070,2105,2080,2050,2058,2061,2047
2055,2079,2132,2088,2053,2065,2077,2052
2060,2080,2128,2075,2044,2053,2077,2053
2059,2065,2129,2077,2037,2047,2066,2052
2057,2066,2145,2078,2039,2038,2042,2048
2061,2072,2154,2089,2040,2027,2035,2050
2064,2074,2158,2107,2031,2022,2021,2033
2054,2061,2146,2112,2036,2024,2013,2030
2052,2059,2120,2104,2040,2039,2046,2024
2057,2086,2114,2108,2057,2044,2035,2021
2052,2087,2103,2113,2058,2048,2033,2017
2047,2080,2075,2097,2056,2046,2042,2028
2045,2062,2045,2078,2045,2048,2064,2033
2051,2054,2020,2046,2030,2044,2064,2041
2047,2044,1990,2029,2016,2038,2049,2038
2043,2035,1981,2015,2010,2034,2041,2036
2041,2035,1964,2009,2014,2035,2060,2041
2041,2034,1954,2003,2024,2044,2047,2054
2051,2041,1967,2017,2044,2054,2044,2070
2051,2041,1963,2026,2064,2059,2051,2069
2048,2030,1956,2025,2065,2064,2065,2066
2038,2020,1949,2026,2059,2071,2067,2069
2044,2021,1947,2032,2065,2076,2066,2061
2042,2020,1952,2047,2058,2070,2057,2058
2040,2012,1948,2063,2057,2059,2048,2057
2032,2003,1937,2078,2065,2062,2055,2070
2045,2020,1956,2089,2057,2053,2059,2068
2058,2043,1999,2101,2064,2051,2049,2062
2064,2054,2025,2116,2070,2058,2047,2069
2070,2066,2047,2134,2066,2060,2049,2058
2061,2064,2052,2135,2061,2054,2052,2045
2054,2053,2041,2129,2044,2048,2057,2038
2052,2057,2047,2121,2045,2047,2049,2026
2051,2060,2063,2116,2037,2042,2030,2027
2042,2062,2068,2103,2030,2036,2030,2026
2039,2057,2064,2062,2025,2036,2030,2033
2037,2054,2044,2027,2006,2062,2027,2032
2039,2058,2032,1990,1995,2074,2032,2033
2032,2060,2021,1961,1976,2072,2030,2035
2024,2043,2013,1942,1959,2053,2030,2032
2022,2038,2019,1936,1949,2005,2011,2039
2022,2041,2052,1967,1986,1968,2024,2055
2036,2061,2114,2015,2007,2007,2039,2062
2053,2088,2152,2029,2004,2038,2023,2049
2045,2086,2165,2030,1980,2059,2037,2057
2034,2068,2138,2023,1969,2050,2059,2048
2034,2048,2110,2014,1972,2021,2046,2066
2046,2063,2117,2038,2008,1993,2048,2076
2060,2070,2129,2050,2050,1998,2066,2089
2063,2081,2144,2050,2054,2021,2060,2089
2054,2088,2148,2053,2047,2050,2049,2089
2054,2094,2148,2047,2039,2078,2045,2081
2068,2104,2152,2042,2035,2087,2038,2074
2063,2099,2146,2038,2041,2083,2048,2077
2060,2094,2139,2046,2058,2028,2068,2073
2059,2085,2122,2043,2084,2021,2052,2077
2054,2071,2109,2034,2077,2050,2064,2075
2039,2050,2081,2004,2014,2079,2047,2069
2033,2040,2056,1967,1932,2084,2026,2070
2044,2041,2052,1963,1890,2059,2013,2071
2055,2050,2055,1964,1864,2007,2017,2073
2052,2040,2039,1966,1872,1955,1991,2073
2061,2050,2055,2017,1995,1919,2023,2077
2073,2056,2063,2068,2127,1991,2042,2063
2057,2055,2043,2079,2154,2054,2056,2055
2057,2052,2037,2080,2154,2103,2087,2060
2057,2053,2022,2074,2125,2086,2062,2054
2044,2040,2005,2065,2082,2067,2045,2041
2031,2039,2008,2074,2067,2061,2063,2036
2035,2036,2025,2072,2062,2069,2045,2036
2032,2048,2031,2073,2074,2074,2045,2034
2046,2052,2041,2078,2082,2088,2050,2039
2056,2051,2037,2080,2076,2087,2065,2038
2065,2047,2030,2077,2075,2053,2054,2044
2051,2028,2026,2069,2068,2016,2053,2046
2049,2021,2020,2071,2059,2011,2052,2051
2052,2023,2039,2076,2057,2023,2055,2040
2036,2019,2050,2076,2057,2039,2054,2028
2043,2026,2066,2084,2061,2048,2046,2030
2042,2039,2078,2091,2057,2078,2056,2025
2041,2041,2088,2079,2019,2109,2059,2020
2031,2042,2067,2048,1976,2107,2048,2029
2028,2036,2041,2043,1950,2076,2040,2032
2026,2042,2043,2051,1924,2024,2012,2049
2032,2053,2063,2059,1967,1971,2031,2060
2047,2055,2086,2080,2063,1968,2056,2076
2051,2049,2086,2087,2126,2008,2061,2089
2050,2054,2091,2094,2148,2051,2061,2088
2064,2068,2113,2101,2140,2072,2072,2083
2065,2081,2130,2114,2122,2065,2066,2088
2061,2089,2155,2124,2100,2050,2039,2068
2047,2085,2167,2129,2071,2032,2044,2075
2049,2077,2171,2122,2068,2038,2043,2076
2056,2078,2154,2105,2069,2041,2053,2078
2061,2080,2138,2091,2070,2051,2067,2080
2063,2072,2102,2091,2065,2054,2068,2074
2058,2067,2083,2100,2058,2049,2068,2064
2054,2071,2075,2106,2058,2050,2053,2062
2063,2077,2074,2101,2041,2041,2040,2055
2059,2082,2080,2105,2043,2037,2035,2046
2057,2074,2084,2106,2050,2044,2034,2044
2060,2071,2077,2094,2055,2050,2039,2051
2062,2067,2058,2082,2059,2060,2037,2052
2061,2065,2042,2066,2055,2049,2061,2053
2057,2056,2023,2041,2042,2033,2042,2042
2049,2046,2018,2020,2039,2025,2041,2043
2052,2058,2013,2006,2042,2028,2044,2046
2050,2055,1994,1988,2032,2026,2027,2037
2047,2047,1980,1986,2043,2031,2046,2034
2052,2052,1984,1994,2039,2042,2057,2047
2061,2056,1982,2012,2034,2044,2068,2059
2062,2058,2000,2044,2054,2052,2081,2057
2068,2068,2003,2062,2061,2054,2071,2055
2068,2065,1994,2079,2071,2057,2074,2058
2065,2060,1989,2083,2064,2050,2064,2059
2059,2050,1980,2078,2071,2047,2058,2062
2052,2042,1948,2065,2061,2042,2064,2056
2047,2027,1936,2059,2057,2040,2037,2053
2038,2024,1922,2053,2048,2041,2052,2056
2034,2016,1905,2056,2062,2037,2051,2062
2031,2009,1896,2064,2083,2046,2060,2069
2035,2012,1894,2076,2088,2058,2051,2076
2039,2004,1900,2070,2079,2051,2052,2072
2040,2002,1899,2057,2062,2047,2037,2065
2030,1997,1890,2026,2051,2044,2039,2063
2027,2004,1888,2006,2047,2040,2047,2066
2040,2009,1901,2000,2045,2038,2047,2065
2031,2000,1906,1993,2025,2033,2028,2062
2037,2004,1917,1992,2034,2024,2034,2076
2050,2034,1960,2019,2040,2023,2036,2071
2057,2049,1981,2035,2021,2008,2028,2062
2049,2039,1962,2028,2005,2006,2025,2050
2043,2040,1959,2022,2007,2013,2036,2048
2051,2055,1985,2035,2019,2042,2054,2042
2048,2067,2002,2030,2040,2069,2084,2037
2043,2065,2015,2024,2056,2084,2082,2046
2045,2052,2035,2013,2059,2066,2061,2040
2038,2062,2077,2010,2044,2042,2038,2046
2041,2072,2119,2016,2042,2035,2039,2051
2044,2072,2136,2012,2043,2033,2030,2052
2045,2076,2148,2019,2036,2031,2046,2038
2039,2059,2152,2016,2020,2030,2026,2046
2049,2063,2186,2026,2029,2042,2026,2052
2055,2089,2227,2041,2047,2044,2046,2057
2059,2101,2235,2068,2059,2049,2067,2061
2069,2100,2246,2099,2065,2052,2066,2064
2074,2096,2245,2132,2076,2065,2061,2069
2062,2086,2217,2148,2080,2067,2057,2062
2060,2068,2179,2141,2071,2059,2050,2057
2056,2060,2144,2136,2067,2055,2053,2060
2062,2055,2119,2136,2050,2050,2060,2072
2064,2053,2101,2140,2047,2039,2053,2076
2060,2058,2096,2139,2041,2035,2054,2070
2059,2056,2092,2138,2036,2042,2045,2072
2051,2053,2069,2138,2052,2058,2050,2079
2042,2060,2055,2137,2052,2056,2053,2080
2043,2052,2034,2110,2041,2046,2052,2076
2030,2035,2017,2077,2007,2025,2042,2073
2026,2026,2004,2032,1970,2021,2041,2076
2040,2037,2014,1996,1965,2027,2064,2085
2056,2047,1999,1965,1952,1999,2031,2092
2056,2048,2006,1932,1960,1970,2013,2090
2056,2049,2022,1928,1981,1973,2030,2077
2045,2050,2015,1906,1981,1979,2031,2052
2031,2035,2018,1890,1995,2002,2026,2045
2030,2033,2033,1908,2049,2024,2029,2047
2039,2046,2066,1950,2095,2051,2062,2051
2052,2067,2094,1994,2131,2069,2062,2056
2062,2074,2084,2007,2118,2072,2056,2062
2065,2061,2057,2016,2122,2061,2086,2070
2062,2059,2045,2018,2110,2066,2078,2068
2062,2064,2036,2031,2096,2065,2069,2063
2061,2059,2034,2047,2108,2069,2056,2056
2052,2053,2033,2057,2095,2079,2066,2056
2051,2048,2035,2059,2064,2075,2069,2050
2043,2045,2038,2047,1999,2070,2053,2057
2052,2051,2049,2037,1952,2079,2057,2057
2052,2049,2063,2034,1938,2094,2057,2052
2049,2057,2101,2041,1982,2124,2042,2045
2050,2055,2105,2044,2009,2144,2039,2046
2043,2054,2098,2034,2007,2113,2040,2037
2049,2044,2102,2047,2006,2027,2036,2055
2056,2069,2128,2079,2047,1954,2066,2064
2056,2082,2148,2106,2116,1946,2062,2075
2063,2095,2150,2133,2170,1988,2061,2078
2067,2092,2133,2136,2187,2039,2078,2092
2065,2089,2114,2139,2172,2074,2082,2083
2062,2085,2088,2124,2139,2076,2075,2082
2055,2068,2050,2097,2031,2055,2061,2080
2049,2052,2019,2057,1932,2032,2051,2072
2051,2053,2004,2037,1935,2021,2039,2076
2041,2041,1969,2002,1964,2017,2050,2075
2033,2023,1947,1960,1925,2043,2023,2068
2024,2020,1944,1916,1888,2061,2030,2061
2026,2019,1961,1910,1900,2075,2034,2052
2025,2042,2002,1936,1908,2051,2023,2058
2037,2051,2046,1969,1926,1974,2007,2069
2056,2066,2079,2030,2050,1936,2045,2083
2064,2067,2078,2093,2168,1994,2074,2083
2064,2063,2075,2120,2199,2044,2070,2078
2067,2049,2070,2127,2186,2076,2066,2071
2067,2039,2058,2118,2147,2076,2060,2066
2062,2035,2048,2098,2108,2070,2060,2065
2061,2033,2032,2090,2088,2063,2062,2064
2062,2039,2018,2076,2066,2060,2051,2046
2056,2048,2017,2073,2059,2053,2052,2041
2048,2051,2023,2068,2057,2030,2046,2043
2045,2050,2028,2058,2047,2024,2039,2041
2044,2042,2005,2041,2046,2022,2044,2043
2037,2035,1988,2037,2052,2030,2031,2042
2034,2033,2001,2040,2059,2035,2049,2047
2039,2032,2005,2021,2059,2031,2041,2043
2029,2031,2001,2001,2054,2028,2028,2046
2031,2027,2026,2001,2049,2031,2052,2043
2033,2039,2044,2008,2060,2034,2038,2047
2039,2054,2070,2025,2062,2036,2032,2057
2050,2059,2084,2036,2055,2036,2048,2063
2051,2067,2084,2048,2062,2036,2046,2074
2056,2070,2089,2059,2079,2049,2061,2095
2074,2080,2102,2080,2100,2063,2063,2097
2071,2082,2090,2071,2099,2070,2060,2094
2055,2067,2074,2060,2080,2081,2062,2086
2052,2056,2070,2042,2051,2071,2051,2079
2038,2051,2054,2020,2006,2064,2053,2076
2038,2031,2043,2000,1965,2049,2042,2064
2025,2028,2051,2007,1974,2032,2030,2079
2029,2034,2053,1987,1981,2045,2051,2073
2037,2041,2058,2005,2026,2059,2040,2085
2043,2053,2080,2053,2093,2066,2064,2101
2061,2063,2095,2072,2108,2064,2080,2087
2062,2060,2082,2056,2086,2064,2066,2081
2057,2049,2063,2020,2064,2061,2053,2068
2047,2041,2048,2009,2053,2052,2057,2054
2038,2029,2034,2003,2048,2032,2063,2051
2035,2027,2034,2009,2046,2018,2061,2052
2042,2036,2036,2014,2048,2002,2046,2052
2040,2043,2034,2017,2044,1987,2054,2050
2040,2045,2039,2021,2044,1982,2042,2052
2034,2044,2043,2024,2038,1992,2044,2055
2041,2048,2050,2025,2054,2006,2044,2055
2038,2054,2065,2029,2059,2017,2043,2046
2027,2050,2057,2029,2070,2041,2037,2045
2029,2047,2047,2035,2075,2056,2050,2053
2047,2065,2055,2040,2082,2065,2064,2059
2052,2052,2043,2037,2067,2061,2058,2059
2050,2054,2044,2038,2060,2060,2054,2052
2052,2052,2044,2037,2046,2065,2050,2051
2051,2054,2042,2039,2033,2060,2041,2056
2045,2044,2038,2038,2023,2048,2030,2060
2039,2036,2027,2040,2028,2041,2041,2055
2042,2031,2024,2042,2027,2041,2035,2066
2037,2032,2033,2046,2026,2031,2047,2071
2032,2041,2029,2046,2016,2026,2048,2074
2046,2043,2031,2046,2039,2036,2046,2080
2043,2041,2035,2051,2041,2045,2071,2087
2045,2046,2037,2049,2030,2035,2059,2090
2052,2045,2035,2057,2055,2047,2069,2096
2044,2042,2030,2051,2064,2054,2068,2098
2048,2034,2034,2055,2065,2062,2066,2098
2058,2047,2048,2055,2045,2047,2056,2108
2057,2051,2054,2063,2054,2025,2062,2110
2053,2052,2061,2072,2072,2017,2044,2096
2057,2061,2070,2073,2080,2028,2045,2087
2060,2057,2064,2064,2081,2048,2035,2069
2044,2051,2056,2051,2084,2063,2067,2057
2042,2060,2067,2059,2103,2070,2064,2060
2059,2080,2091,2069,2128,2088,2068,2070
2071,2091,2106,2083,2134,2098,2090,2070
2068,2085,2093,2081,2132,2092,2077,2069
2058,2074,2080,2082,2122,2069,2038,2057
2043,2058,2067,2057,2041,2042,2027,2047
2035,2044,2048,2028,1942,2029,2027,2035
2027,2047,2053,2035,1970,2033,2026,2030
2036,2056,2060,2045,2009,2047,2032,2036
2037,2048,2049,2052,1988,2037,2043,2041
2035,2050,2034,2051,1928,2035,2035,2047
2041,2058,2027,2052,1974,2046,2057,2056
2036,2051,2024,2065,2024,2039,2054,2053
2034,2043,2014,2067,2037,2030,2034,2046
2041,2044,2010,2078,2057,2036,2038,2052
2037,2045,2010,2083,2088,2048,2042,2052
2034,2040,2009,2053,2086,2034,2041,2053
2031,2043,2020,2038,2075,2035,2040,2056
2037,2049,2024,2015,2050,2042,2050,2059
2039,2052,2027,2001,2000,2021,2040,2072
2043,2050,2024,1994,2000,1989,2020,2090
2044,2049,2030,2010,2012,1991,2016,2086
2045,2055,2043,2015,2026,1996,2012,2087
2050,2054,2056,2021,2033,2014,2036,2084
2046,2045,2053,2009,2046,2047,2055,2072
2036,2048,2050,2007,2046,2049,2044,2075
2031,2049,2047,2015,2036,2047,2037,2083
2032,2047,2046,2024,2038,2044,2044,2084
2046,2056,2040,2029,2040,2043,2056,2088
2045,2048,2036,2033,2041,2046,2066,2081
2049,2053,2040,2035,2054,2050,2047,2078
2047,2060,2043,2036,2052,2049,2048,2074
2045,2056,2041,2024,2046,2048,2026,2068
2042,2057,2030,2022,2045,2046,2043,2059
2040,2047,2034,2031,2046,2045,2046,2057
2048,2052,2049,2044,2043,2051,2033,2059
2050,2050,2056,2060,2031,2048,2044,2059
2053,2052,2066,2063,2010,2036,2046,2062
2049,2063,2055,2055,2000,2032,2037,2057
2050,2063,2054,2057,2009,2035,2039,2058
2046,2056,2051,2061,2035,2041,2050,2056
2045,2061,2056,2067,2080,2048,2047,2053
2049,2063,2048,2063,2101,2044,2037,2050
2042,2057,2039,2060,2117,2044,2028,2053
2042,2047,2053,2080,2145,2055,2066,2056
2052,2059,2067,2089,2157,2057,2045,2053
2049,2057,2071,2088,2150,2063,2047,2056
2045,2060,2077,2095,2146,2074,2043,2073
2047,2063,2073,2087,2122,2072,2054,2070
2049,2061,2064,2084,2074,2061,2038,2069
2046,2054,2064,2083,1987,2036,2025,2065
2047,2056,2064,2063,1904,1988,2041,2071
2054,2053,2060,2053,1915,1946,2029,2069
2054,2051,2050,2049,1945,1960,2031,2071
2048,2043,2019,2047,1981,1989,2047,2079
2048,2033,2001,2056,2020,2035,2062,2086
2049,2032,1987,2065,2053,2062,2067,2083
2046,2023,1962,2070,2073,2065,2063,2087
2032,2014,1941,2069,2081,2068,2055,2074
2020,2005,1932,2050,2071,2060,2057,2075
2020,2003,1934,2046,2086,2056,2054,2075
2026,2018,1946,2055,2105,2059,2054,2084
2031,2023,1936,2043,2104,2070,2066,2082
2034,2023,1922,2022,2090,2083,2062,2077
2036,2019,1897,1998,2074,2072,2066,2075
2040,2010,1894,1994,2054,2050,2060,2077
2036,2003,1921,2005,2035,2025,2049,2062
2034,2008,1964,2007,2023,2012,2030,2053
2029,2018,2018,2012,2022,2013,2037,2049
2030,2039,2081,2030,2024,2026,2033,2044
2043,2060,2122,2047,2034,2039,2036,2048
2048,2068,2135,2044,2038,2048,2046,2053
2054,2070,2148,2053,2047,2046,2037,2058
2051,2077,2175,2070,2052,2047,2046,2065
2052,2084,2214,2083,2057,2049,2049,2057
2045,2102,2225,2097,2068,2049,2043,2055
2044,2094,2195,2091,2071,2044,2041,2060
2049,2092,2159,2095,2081,2044,2048,2067
2053,2093,2137,2103,2086,2050,2049,2072
2056,2082,2112,2099,2079,2045,2056,2070
2058,2084,2093,2091,2067,2041,2050,2070
2057,2077,2089,2087,2065,2038,2044,2068
2060,2080,2073,2080,2052,2051,2039,2059
2058,2068,2060,2060,2044,2071,2047,2057
2052,2058,2049,2058,2047,2080,2057,2068
2045,2053,2044,2053,2051,2068,2044,2068
2037,2049,2037,2046,2046,2038,2040,2080
2042,2045,2037,2034,2053,2015,2057,2081
2045,2046,2040,2033,2054,2027,2052,2095
2043,2058,2052,2031,2064,2039,2066,2095
2041,2067,2064,2034,2058,2056,2064,2086
2041,2067,2069,2018,2019,2061,2023,2086
2032,2056,2064,2012,1992,2050,2000,2074
2019,2044,2065,2011,1973,2041,2030,2078
2025,2049,2057,2016,1973,2023,2032,2086
2034,2058,2061,2037,2009,1985,2046,2096
2047,2059,2074,2055,2060,1993,2056,2100
2050,2062,2069,2066,2092,2017,2059,2096
2048,2061,2068,2072,2102,2048,2050,2084
2045,2058,2070,2076,2097,2068,2049,2086
2047,2059,2058,2065,2080,2065,2068,2077
2052,2056,2047,2063,2064,2062,2064,2074
2041,2052,2042,2057,2053,2064,2089,2065
2045,2052,2033,2054,2037,2058,2086,2072
2044,2052,2033,2050,2050,2051,2080,2071
2043,2047,2025,2052,2080,2058,2077,2061
2045,2048,2020,2058,2094,2068,2077,2064
2046,2049,2018,2059,2075,2060,2075,2047
2040,2038,2017,2057,2058,2052,2067,2034
2033,2037,2009,2041,2030,2056,2051,2031
2024,2024,1998,2014,1995,2082,2051,2026
2025,2021,2002,2003,1988,2078,2047,2030
2031,2037,2013,2004,1980,2069,2040,2035
2031,2049,2044,2018,1973,2066,2032,2040
2037,2058,2050,2035,2002,2039,2056,2060
2048,2063,2060,2080,2054,2017,2064,2060
2052,2062,2067,2096,2078,2040,2060,2061
2047,2059,2062,2090,2079,2046,2056,2065
2047,2056,2053,2085,2069,2044,2036,2067
2050,2050,2054,2086,2094,2058,2059,2076
2047,2047,2046,2090,2112,2063,2071,2081
2043,2041,2018,2072,2095,2058,2069,2076
2032,2030,2008,2056,2078,2048,2034,2077
2030,2027,2006,2051,2067,2041,2041,2074
2037,2037,2018,2050,2067,2027,2037,2076
2038,2049,2058,2058,2060,2015,2042,2075
2032,2051,2069,2042,2029,2013,2015,2074
2045,2064,2089,2037,2021,2031,2047,2079
2057,2080,2098,2035,2031,2046,2034,2079
2065,2075,2075,2027,2017,2040,2050,2076
2060,2061,2061,2034,2007,2017,2040,2075
2057,2054,2067,2050,2046,2005,2047,2085
2056,2056,2074,2065,2065,2009,2046,2082
2058,2062,2083,2066,2031,2022,2049,2077
2057,2062,2086,2061,2065,2035,2058,2065
2053,2053,2074,2057,2094,2065,2053,2056
2050,2047,2064,2064,2107,2086,2066,2051
2044,2051,2063,2079,2095,2085,2076,2041
2045,2056,2054,2078,2074,2078,2052,2039
2045,2057,2043,2068,2056,2060,2053,2041
2046,2052,2043,2058,2050,2047,2044,2039
2043,2061,2049,2054,2018,2032,2053,2041
2040,2056,2051,2041,1980,2015,2028,2037
2043,2049,2051,2040,2012,2009,2029,2042
2045,2052,2071,2062,2049,2030,2041,2050
2063,2064,2084,2081,2066,2036,2054,2055
2053,2063,2086,2084,2086,2049,2058,2051
2060,2060,2078,2090,2094,2050,2054,2049
2056,2055,2082,2090,2092,2055,2040,2049
2047,2059,2077,2088,2089,2058,2047,2045
2043,2053,2074,2097,2085,2066,2049,2052
2046,2049,2069,2086,2075,2057,2054,2058
2044,2054,2060,2077,2063,2053,2056,2064
2043,2056,2061,2062,2056,2051,2056,2064
2039,2057,2049,2045,2044,2051,2056,2076
2043,2050,2052,2044,2043,2053,2060,2080
2049,2052,2056,2045,2050,2048,2057,2078
2043,2051,2056,2045,2044,2049,2051,2077
2038,2052,2059,2049,2040,2044,2041,2074
2039,2046,2055,2041,2028,2044,2045,2076
2038,2040,2051,2039,2034,2040,2045,2080
2043,2049,2052,2051,2044,2047,2053,2069
2044,2052,2046,2057,2052,2050,2049,2070
2040,2042,2045,2063,2049,2050,2056,2060
2041,2037,2051,2067,2050,2050,2049,2058
2044,2043,2068,2082,2059,2056,2040,2054
2045,2045,2067,2100,2070,2059,2036,2047
2056,2046,2067,2113,2077,2058,2034,2054
2054,2041,2064,2124,2077,2059,2026,2051
2048,2043,2052,2128,2087,2061,2024,2043
2047,2035,2037,2122,2082,2053,2024,2032
2034,2030,2021,2118,2090,2060,2043,2032
2039,2038,2021,2125,2097,2069,2048,2039
2044,2035,2020,2126,2100,2080,2039,2040
2035,2038,2026,2121,2107,2084,2045,2026
2030,2033,2010,2087,2084,2066,2034,2030
2028,2021,2005,2059,2053,2058,2043,2034
2036,2028,2023,2046,2043,2066,2064,2042
2046,2046,2045,2024,2031,2067,2063,2041
2053,2062,2055,2005,1995,2080,2062,2042
2056,2082,2091,2009,1974,2089,2064,2045
2062,2087,2090,2000,1973,2086,2056,2046
2050,2074,2070,1987,1965,2068,2062,2050
2051,2070,2072,1994,1961,2053,2063,2050
2045,2061,2060,1990,1981,2035,2046,2045
2040,2057,2049,2008,2022,2021,2055,2055
2040,2055,2053,2028,2078,2046,2072,2066
2052,2062,2052,2057,2119,2078,2067,2069
2056,2068,2058,2064,2121,2094,2078,2067
2060,2071,2057,2061,2122,2083,2080,2063
2052,2057,2033,2045,2108,2057,2065,2065
2050,2046,2009,2047,2096,2024,2044,2064
2043,2030,1989,2055,2081,2008,2047,2064
2038,2027,1981,2059,2054,2001,2043,2066
2041,2035,1977,2084,2043,2004,2038,2062
2047,2039,1979,2107,2041,2019,2036,2058
2043,2030,1985,2117,2040,2041,2050,2049
2047,2032,1996,2105,2031,2043,2032,2045
2046,2031,2002,2080,2020,2038,2039,2042
2049,2032,2003,2058,2033,2042,2047,2033
2053,2039,2028,2050,2047,2064,2033,2027
2045,2040,2032,2048,2045,2072,2038,2015
2051,2034,2033,2031,2040,2068,2025,2014
2056,2031,2021,2032,2008,2050,2024,2010
2050,2036,2015,2022,2004,2012,2008,2015
2048,2038,2005,2030,2059,1967,2025,2030
2045,2030,2005,2032,2126,1999,2042,2024
2036,2019,1985,2000,2121,2022,2045,2016
2029,2000,1981,1983,2080,2037,2041,2024
2025,2007,2010,1985,1998,2039,2005,2024
2039,2034,2044,1978,1887,2029,2032,2019
2038,2046,2062,1969,1883,2034,2013,2032
2048,2069,2100,1994,1977,2050,2039,2045
2069,2099,2158,2036,2060,2068,2046,2062
2077,2118,2193,2064,2081,2082,2070,2075
2083,2121,2184,2073,2093,2083,2052,2071
2073,2123,2171,2077,2104,2071,2068,2068
2074,2113,2166,2082,2092,2068,2063,2070
2069,2103,2140,2077,2086,2071,2058,2069
2060,2085,2111,2063,2077,2080,2050,2063
2054,2069,2089,2049,2060,2077,2049,2066
2054,2061,2073,2036,2044,2072,2048,2066
2048,2058,2068,2031,2014,2061,2049,2064
2052,2056,2068,2041,2031,2028,2041,2077
2046,2042,2069,2045,2039,2010,2030,2076
2043,2044,2072,2050,2049,2008,2033,2076
2047,2056,2076,2055,2062,2037,2036,2071
2049,2060,2072,2058,2067,2066,2054,2062
2046,2054,2078,2056,2053,2069,2059,2051
2043,2057,2064,2054,2051,2072,2051,2056
2045,2059,2064,2068,2061,2076,2066,2048
2044,2062,2068,2093,2060,2074,2057,2049
2056,2060,2070,2091,2051,2070,2052,2045
2050,2057,2072,2087,2047,2064,2042,2046
2056,2064,2063,2084,2042,2062,2040,2037
2055,2057,2060,2078,2046,2054,2044,2041
2052,2054,2057,2076,2048,2047,2052,2037
2044,2052,2056,2070,2039,2041,2027,2033
2042,2050,2056,2072,2021,2034,2036,2035
2042,2052,2053,2062,2019,2047,2048,2026
2033,2032,2033,2042,2001,2034,2036,2018
2015,2018,2016,2028,2006,2020,2032,2011
2029,2035,2024,2034,2039,2032,2045,2022
2031,2030,2022,2031,2066,2039,2044,2023
2028,2027,2008,2027,2075,2051,2040,2033
2027,2030,2020,2027,2073,2064,2041,2039
2030,2032,2016,2031,2051,2072,2048,2046
2037,2034,2002,2040,2050,2079,2034,2054
2038,2032,1994,2047,2057,2083,2057,2054
2044,2039,1999,2051,2051,2086,2062,2050
2041,2038,2012,2057,2045,2100,2051,2048
2042,2040,2014,2055,2047,2088,2027,2050
2033,2034,2008,2054,2048,2034,2042,2057
2043,2039,2001,2054,2050,2028,2042,2065
2040,2038,2007,2054,2056,2036,2040,2056
2037,2044,2033,2060,2058,2047,2045,2065
2039,2054,2058,2068,2065,2054,2043,2062
2046,2067,2080,2063,2068,2051,2054,2071
2055,2068,2086,2059,2057,2045,2039,2073
2053,2069,2090,2046,2043,2039,2026,2064
2054,2079,2089,2024,2044,2038,2034,2062
2062,2082,2099,2024,2039,2035,2042,2060
2062,2074,2095,2029,2034,2032,2039,2059
2054,2074,2088,2035,2037,2034,2034,2050
2051,2073,2089,2041,2044,2041,2034,2046
2057,2069,2080,2041,2048,2053,2046,2050
2052,2066,2076,2050,2043,2065,2040,2045
2060,2064,2081,2056,2044,2063,2037,2042
2063,2060,2083,2055,2043,2061,2042,2036
2056,2060,2085,2058,2049,2058,2034,2025
2049,2051,2075,2056,2052,2054,2054,2027
2045,2046,2072,2047,2044,2046,2045,2022
2043,2031,2058,2037,2029,2029,2034,2017
2030,2017,2046,2026,2017,2022,2046,2024
2038,2035,2048,2034,2015,2036,2036,2031
2050,2040,2050,2040,2015,2040,2040,2030
2037,2043,2049,2046,2032,2031,2038,2025
2041,2043,2047,2057,2057,2043,2049,2034
2039,2040,2045,2058,2068,2049,2044,2038
2043,2034,2045,2059,2082,2058,2035,2038
2042,2041,2034,2060,2075,2058,2046,2039
2039,2038,2032,2054,2065,2061,2053,2037
2041,2030,2025,2051,2067,2059,2039,2048
2033,2027,2026,2061,2061,2052,2035,2051
2038,2034,2041,2073,2064,2059,2064,2059
2039,2036,2044,2077,2061,2054,2038,2069
2036,2039,2044,2069,2057,2057,2065,2070
2036,2030,2036,2062,2056,2060,2052,2059
2025,2024,2029,2054,2043,2074,2043,2055
2027,2025,2027,2056,2049,2097,2056,2056
2038,2046,2040,2065,2056,2097,2058,2055
2050,2044,2044,2067,2049,2070,2041,2050
2042,2052,2046,2058,2035,2023,2045,2052
2045,2059,2050,2064,2035,2001,2033,2053
2048,2056,2059,2057,2040,2016,2044,2047
2046,2056,2069,2049,2043,2036,2029,2036
2052,2054,2066,2041,2051,2046,2030,2031
2049,2055,2057,2043,2057,2056,2040,2031
2042,2062,2067,2051,2072,2064,2050,2021
2054,2063,2060,2062,2078,2080,2059,2024
2050,2061,2055,2062,2077,2075,2029,2020
2043,2058,2054,2058,2065,2054,2035,2016
2046,2057,2060,2060,2059,2039,2034,2014
2040,2061,2072,2060,2048,2033,2027,2017
2041,2053,2062,2057,2021,2037,2030,2009
2033,2040,2058,2051,2003,2059,2032,2005
2037,2044,2061,2047,1958,2089,2015,2000
2032,2039,2052,2026,1909,2067,2021,1990
2029,2030,2038,2026,1896,2006,2020,2014
2043,2036,2042,2038,1900,1952,1996,2035
2055,2045,2052,2064,2013,1918,2023,2064
2060,2052,2053,2083,2130,1943,2044,2057
2052,2045,2034,2093,2187,2012,2063,2055
2048,2037,2025,2093,2187,2069,2063,2059
2057,2044,2025,2095,2149,2082,2062,2060
2061,2052,2029,2096,2109,2070,2048,2050
2056,2047,2034,2100,2077,2047,2048,2054
2050,2038,2028,2095,2043,2036,2039,2042
2032,2029,2015,2082,2005,2016,2008,2049
2032,2033,2007,2048,2038,2016,2024,2059
2027,2025,2017,2038,2052,2025,2011,2048
2025,2033,2036,2036,2065,2031,2027,2046
2031,2049,2054,2030,2051,2043,2054,2051
2038,2058,2071,2026,2059,2055,2059,2053
2051,2079,2109,2042,2065,2060,2047,2050
2053,2086,2122,2048,2071,2055,2037,2053
2053,2075,2114,2054,2068,2049,2057,2052
2051,2071,2096,2051,2048,2046,2044,2043
2043,2064,2073,2039,2040,2059,2066,2032
2041,2048,2050,2031,2034,2087,2050,2015
2033,2036,2030,2012,2010,2082,2046,2011
2029,2032,2010,1997,1987,2065,2042,2015
2030,2029,2009,1998,1965,2042,2059,2012
2036,2032,2024,2008,1974,1987,2018,2020
2040,2039,2028,2015,1999,1983,2050,2028
2044,2042,2040,2035,2035,2006,2061,2029
2033,2040,2031,2033,2028,2018,2043,2024
2035,2033,2017,2025,2037,2033,2052,2020
2046,2042,2021,2036,2089,2063,2047,2023
2043,2045,2027,2046,2125,2062,2059,2021
2040,2048,2034,2039,2110,2055,2042,2022
2036,2046,2016,2024,2079,2059,2049,2019
2035,2044,2032,2030,2066,2080,2051,2022
2036,2060,2058,2050,2094,2116,2049,2030
2037,2063,2061,2043,2068,2108,2056,2033
2036,2066,2064,2042,2051,2095,2056,2042
2044,2063,2059,2046,2049,2098,2040,2045
2042,2048,2053,2043,2068,2102,2056,2048
2036,2046,2050,2068,2115,2090,2058,2045
2042,2039,2049,2072,2132,2081,2041,2047
2039,2034,2038,2069,2128,2081,2065,2043
2041,2036,2027,2065,2115,2054,2052,2041
2037,2022,2009,2059,2105,2027,2047,2038
2033,2018,2007,2064,2084,2019,2035,2039
2039,2034,2025,2066,2076,2017,2055,2043
2041,2029,2020,2060,2064,2009,2052,2031
2033,2026,2014,2060,2073,2023,2037,2028
2034,2020,2013,2068,1999,2029,2046,2026
2028,2026,2013,2055,1892,2016,2039,2025
2020,2022,2021,2055,1923,2020,2040,2028
2026,2032,2043,2060,1980,2028,2049,2025
2040,2061,2083,2074,2009,2052,2048,2021
2053,2073,2094,2068,2009,2092,2051,2019
2042,2070,2089,2057,2013,2107,2060,2019
2047,2066,2078,2045,2006,2106,2047,2022
2045,2061,2058,2016,1984,2090,2056,2023
2042,2052,2040,1990,1994,2048,2045,2022
2041,2043,2040,1987,2006,2035,2052,2017
2036,2034,2040,1984,1996,2027,2039,2010
2027,2037,2047,1983,1985,2027,2041,2002
2039,2046,2042,1987,1986,2013,2036,2003
2037,2049,2030,1979,1972,1980,2021,2006
2040,2053,2041,2010,2036,1998,2029,2023
2057,2069,2073,2059,2120,2012,2036,2043
2061,2081,2084,2069,2144,2007,2054,2040
2054,2070,2069,2063,2153,2025,2038,2036
2043,2059,2062,2049,2127,2052,2044,2021
2048,2056,2053,2026,2084,2068,2063,2023
2044,2050,2065,2025,2043,2067,2051,2027
2041,2048,2071,2029,2012,2058,2036,2032
2043,2052,2061,2035,2017,2044,2037,2044
2048,2043,2051,2031,2015,2047,2043,2046
2042,2042,2044,2023,2017,2055,2044,2047
2043,2042,2039,2024,2030,2053,2047,2048
2036,2036,2026,2024,2045,2050,2039,2036
2030,2021,2015,2021,2042,2052,2018,2040
2030,2024,2008,2032,2046,2055,2026,2051
2034,2035,2007,2029,2055,2057,2041,2047
2050,2041,2004,2040,2060,2066,2038,2041
2053,2046,2007,2040,2069,2060,2056,2037
2049,2042,2005,2044,2075,2057,2035,2031
2041,2029,2006,2041,2059,2051,2052,2030
2034,2033,2004,2033,2041,2052,2048,2027
2038,2022,2007,2025,2042,2045,2034,2024
2040,2018,2014,2036,2038,2044,2045,2024
2046,2036,2040,2044,2045,2040,2053,2024
2045,2059,2067,2058,2055,2043,2032,2024
2050,2059,2071,2056,2058,2050,2039,2025
2059,2055,2079,2062,2059,2061,2029,2020
2057,2065,2109,2065,2056,2062,2048,2024
2059,2074,2122,2069,2057,2057,2044,2021
2053,2069,2128,2070,2058,2057,2049,2017
2041,2060,2113,2064,2060,2062,2038,2029
2045,2062,2091,2054,2054,2062,2042,2033
2046,2060,2093,2055,2055,2061,2032,2037
2050,2069,2096,2061,2061,2073,2037,2039
2057,2076,2095,2069,2064,2074,2067,2034
2056,2073,2088,2073,2054,2082,2055,2034
2055,2063,2075,2058,2018,2092,2038,2036
2048,2055,2058,2043,1991,2082,2012,2033
2045,2046,2052,2037,1980,2071,2024,2035
2045,2044,2038,2034,1979,2036,2049,2045
2040,2044,2040,2053,2038,1992,2054,2054
2047,2044,2034,2065,2108,2013,2063,2051
2046,2040,2030,2071,2130,2048,2062,2048
2041,2040,2034,2072,2122,2072,2074,2055
2045,2035,2031,2062,2100,2063,2061,2051
2031,2023,2026,2046,2068,2056,2051,2048
2028,2021,2027,2033,2053,2053,2052,2048
2042,2028,2033,2035,2052,2052,2070,2046
2038,2023,2030,2026,2047,2047,2039,2050
2047,2024,2029,2025,2041,2046,2046,2043
2040,2024,2021,2018,2038,2049,2045,2043
2037,2021,2012,2028,2043,2049,2054,2039
2038,2031,2026,2039,2047,2050,2041,2032
2052,2040,2045,2059,2056,2058,2053,2038
2042,2040,2050,2062,2056,2056,2041,2028
2040,2044,2041,2060,2056,2052,2056,2024
2029,2048,2046,2062,2048,2054,2064,2023
2033,2049,2048,2064,2041,2044,2051,2029
2038,2050,2050,2062,2032,2037,2058,2022
2051,2060,2052,2063,2035,2038,2044,2020
2049,2056,2053,2053,2033,2030,2036,2009
2044,2047,2050,2057,2027,2027,2036,2018
2055,2041,2052,2056,2037,2038,2049,2018
2051,2055,2067,2069,2046,2053,2049,2024
2041,2056,2066,2069,2049,2051,2061,2022
2051,2055,2070,2081,2063,2056,2065,2032
2058,2057,2080,2081,2071,2060,2057,2027
2059,2054,2075,2084,2077,2059,2059,2026
2054,2047,2074,2076,2077,2058,2051,2025
2044,2049,2065,2064,2075,2066,2046,2029
2047,2048,2069,2064,2070,2055,2058,2033
2049,2056,2072,2058,2069,2064,2043,2044
2046,2058,2066,2050,2067,2073,2048,2052
2056,2051,2059,2046,2061,2079,2052,2057
2052,2051,2048,2037,2046,2071,2047,2065
2055,2050,2045,2046,2041,2059,2053,2066
2058,2056,2048,2061,2056,2029,2045,2065
2060,2056,2049,2064,2065,2023,2051,2065
2051,2042,2040,2067,2045,2027,2053,2053
2047,2044,2046,2073,2028,2030,2048,2046
2047,2039,2055,2082,2037,2045,2028,2047
2051,2033,2068,2080,2044,2046,2060,2048
2047,2032,2070,2080,2040,2047,2053,2044
2042,2029,2059,2079,2042,2051,2065,2037
2040,2028,2052,2079,2035,2044,2043,2036
2037,2021,2040,2077,2032,2036,2024,2028
2038,2032,2034,2078,2036,2031,2034,2028
2039,2035,2021,2080,2038,2025,2034,2023
2039,2037,2020,2086,2045,2027,2042,2029
2046,2046,2028,2089,2045,2024,2038,2036
2051,2050,2022,2078,2049,2025,2047,2023
2047,2045,2018,2069,2052,2034,2031,2023
2041,2039,2029,2062,2057,2043,2051,2017
2037,2035,2033,2041,2051,2045,2051,2007
2032,2037,2028,2001,2019,2046,2036,2012
2035,2044,2031,1987,2012,2049,2039,2009
2036,2046,2026,1973,1995,2048,2000,2008
2038,2046,2016,1975,2010,2034,2031,2016
2046,2044,2032,2006,2062,2033,2055,2030
2053,2058,2054,2041,2113,2047,2056,2039
2061,2066,2078,2061,2104,2076,2067,2044
2059,2072,2084,2060,2089,2095,2067,2055
2064,2080,2090,2069,2069,2112,2064,2052
2062,2075,2086,2060,2056,2117,2060,2052
2070,2073,2082,2060,2047,2121,2075,2048
2060,2061,2072,2055,2019,2103,2064,2053
2048,2052,2056,2047,1985,2034,2042,2052
2042,2046,2053,2041,1970,2013,2030,2052
2041,2042,2051,2040,1963,2005,2045,2051
2038,2033,2033,2040,1994,1986,2036,2059
2038,2028,2032,2052,2056,2005,2047,2062
2051,2037,2037,2063,2093,2042,2037,2064
2046,2033,2027,2069,2106,2073,2052,2053
2052,2030,2026,2068,2097,2084,2065,2059
2047,2034,2035,2065,2092,2071,2048,2048
2050,2037,2048,2065,2072,2052,2052,2038
2046,2040,2044,2055,2058,2054,2059,2042
2050,2039,2034,2047,2048,2053,2059,2034
2047,2040,2045,2042,2037,2057,2034,2024
2048,2047,2050,2032,2023,2061,2042,2031
2052,2055,2055,2024,2012,2050,2042,2033
2050,2062,2068,2036,2011,2017,2049,2032
2060,2078,2095,2054,2024,1998,2031,2037
2067,2089,2107,2061,2031,1996,2035,2041
2063,2090,2093,2058,2031,2012,2026,2037
2058,2067,2058,2035,2030,2029,2032,2017
2045,2053,2044,2031,2036,2046,2058,2013
2050,2057,2049,2041,2043,2056,2049,2026
2052,2067,2050,2041,2044,2049,2049,2025
2054,2062,2049,2037,2048,2044,2056,2024
2058,2061,2048,2044,2047,2045,2058,2032
2058,2060,2050,2043,2047,2038,2052,2036
2058,2056,2052,2048,2046,2035,2048,2037
2054,2053,2053,2052,2044,2036,2054,2034
2050,2050,2051,2054,2049,2040,2066,2046
2055,2052,2052,2053,2042,2042,2059,2048
2051,2054,2053,2056,2039,2039,2044,2048
2052,2043,2047,2049,2038,2037,2056,2057
2054,2043,2049,2052,2037,2040,2058,2056
2056,2048,2048,2050,2026,2041,2052,2058
2055,2045,2043,2055,2061,2038,2021,2063
2054,2049,2045,2055,2077,2040,2016,2055
2041,2035,2034,2037,2047,2059,2012,2050
2041,2040,2037,2039,2023,2056,2036,2046
2050,2044,2038,2029,1974,2062,2029,2044
2044,2042,2030,2022,1935,2053,2028,2038
2044,2043,2030,2025,1935,2033,2030,2040
2044,2047,2035,2037,1964,2040,2054,2035
2046,2039,2037,2030,1958,2036,2033,2030
2040,2043,2033,2019,1946,2023,2011,2033
2042,2043,2035,2028,1977,2036,2030,2034
2054,2058,2056,2071,2059,2014,2047,2053
2061,2064,2061,2085,2114,2018,2044,2048
2060,2058,2058,2086,2124,2060,2077,2039
2052,2054,2062,2085,2115,2064,2066,2026
2053,2046,2058,2074,2104,2055,2056,2020
2047,2050,2055,2064,2090,2046,2047,2017
2049,2039,2046,2053,2079,2043,2040,2012
2046,2032,2042,2041,2053,2049,2035,2010
2047,2032,2040,2045,2055,2069,2047,2015
2051,2046,2052,2057,2059,2079,2044,2019
2048,2046,2060,2065,2054,2070,2030,2019
2045,2049,2059,2070,2049,2069,2030,2013
2046,2047,2059,2065,2046,2050,2043,2027
2051,2047,2055,2072,2059,2023,2043,2033
2059,2049,2054,2070,2045,2026,2050,2039
2057,2049,2055,2067,2052,2032,2052,2031
2053,2048,2046,2056,2072,2037,2048,2034
2049,2047,2036,2046,2081,2038,2066,2029
2045,2038,2025,2042,2086,2042,2046,2035
2045,2035,2022,2042,2088,2055,2044,2036
2043,2032,2006,2043,2099,2062,2052,2047
2044,2031,2002,2042,2102,2056,2046,2050
2043,2035,1998,2047,2092,2052,2033,2049
2046,2029,1995,2036,2070,2051,2026,2047
2037,2025,1986,2034,2043,2043,2044,2046
2030,2017,1989,2024,1960,2039,2029,2048
2030,2022,1997,2011,1908,2035,2032,2045
2035,2021,1994,2019,1972,2044,2036,2047
2042,2030,2005,2033,2028,2053,2043,2041
2043,2026,2024,2046,2054,2048,2043,2030
2044,2032,2053,2048,2028,2032,2030,2027
2051,2046,2060,2037,2007,2018,2050,2025
2041,2048,2061,2028,1968,2018,2035,2026
2044,2042,2069,2006,1916,2029,2052,2024
2050,2037,2060,1989,1880,2042,2034,2014
2042,2045,2076,1997,1911,2060,2048,2021
2047,2049,2087,2014,1954,2059,2050,2020
2056,2053,2091,2028,1991,2013,2069,2037
2066,2062,2095,2048,2061,2030,2088,2046
2058,2061,2086,2054,2106,2049,2083,2033
2049,2057,2063,2041,2117,2059,2069,2029
2053,2057,2057,2037,2101,2045,2066,2033
2055,2052,2057,2043,2138,2048,2070,2031
2053,2049,2053,2055,2125,2044,2063,2030
2055,2054,2065,2067,2096,2039,2050,2025
2055,2055,2080,2086,2120,2047,2063,2028
2054,2057,2088,2100,2138,2046,2053,2030
2056,2057,2085,2089,2119,2049,2051,2032
2056,2055,2081,2087,2120,2050,2050,2039
2055,2051,2075,2088,2101,2049,2058,2040
2047,2047,2075,2088,2102,2054,2041,2047
2050,2041,2071,2096,2123,2054,2050,2040
2046,2039,2065,2096,2141,2063,2045,2040
2036,2034,2061,2088,2109,2070,2041,2041
2034,2035,2057,2077,2065,2081,2049,2039
2036,2036,2054,2065,2038,2083,2032,2050
2029,2028,2043,2031,1948,2059,2038,2045
2032,2031,2032,2012,1883,2037,2026,2049
2038,2043,2032,2025,1972,2016,2036,2058
2049,2050,2037,2030,2035,1998,2051,2056
2050,2043,2027,2017,2012,2006,2054,2046
2052,2042,2015,1997,1979,2026,2043,2044
2049,2041,2019,1996,1964,2043,2044,2044
2049,2040,2028,2009,1990,2053,2040,2028
2045,2038,2041,2031,2026,2055,2043,2023
2042,2035,2038,2034,2045,2070,2019,2020
2036,2031,2031,2025,2046,2068,2028,2017
2030,2026,2031,2022,2025,2061,2038,2012
2031,2031,2032,2027,2018,2055,2040,2021
2042,2036,2033,2028,2033,2028,2043,2027
2046,2041,2036,2034,2065,2011,2040,2024
2052,2038,2029,2032,2113,2040,2051,2026
2050,2046,2046,2063,2192,2071,2050,2034
2050,2045,2054,2073,2234,2088,2054,2035
2052,2054,2063,2063,2207,2082,2066,2032
2064,2069,2066,2058,2132,2058,2060,2029
2058,2063,2061,2050,2120,2043,2041,2026
2051,2057,2061,2045,2108,2045,2035,2025
2054,2058,2060,2056,2122,2062,2046,2037
2057,2051,2058,2071,2132,2080,2045,2044
2060,2055,2062,2078,2105,2091,2055,2036
2053,2054,2059,2063,1995,2086,2058,2040
2047,2051,2054,2054,1933,2073,2041,2041
2049,2043,2051,2046,1932,2059,2058,2050
2048,2035,2043,2032,1918,2028,2021,2046
2048,2034,2045,2027,1911,2011,2011,2052
2045,2045,2051,2030,1937,2010,2022,2055
2044,2046,2053,2016,1944,2003,2039,2043
2041,2044,2050,2003,1949,2002,2038,2042
2038,2035,2047,2017,1987,2013,2025,2039
2030,2028,2046,2031,2020,2036,2016,2037
2038,2039,2050,2043,2034,2043,2036,2045
2049,2044,2059,2050,2034,2039,2024,2050
2053,2049,2059,2042,2028,2035,2027,2041
2050,2048,2048,2039,2013,2024,2039,2043
2050,2047,2054,2040,2034,2016,2048,2035
2060,2046,2044,2044,2058,2051,2055,2038
2064,2047,2048,2051,2074,2075,2069,2041
2061,2051,2053,2057,2073,2081,2065,2040
2056,2047,2056,2051,2065,2074,2054,2037
2057,2040,2060,2054,2044,2055,2033,2034
2059,2041,2057,2043,2029,2062,2037,2033
2058,2039,2052,2033,1990,2059,2045,2023
2057,2046,2058,2025,1959,2064,2038,2021
2058,2048,2061,2026,1937,2074,2014,2013
2050,2048,2057,2026,1952,2064,2022,2016
2045,2038,2053,2039,2012,2075,2043,2018
2053,2041,2056,2062,2043,2102,2057,2022
2054,2049,2055,2056,2022,2090,2069,2032
2058,2052,2054,2057,2019,2038,2067,2042
2056,2054,2053,2047,1973,2032,2069,2048
2055,2053,2053,2031,1943,2033,2050,2053
2060,2041,2045,2006,1918,2030,2042,2050
2059,2040,2053,2010,1896,2030,2040,2052
2055,2049,2063,2026,1923,2047,2048,2061
2053,2054,2066,2038,1903,2055,2055,2058
2048,2043,2056,2023,1899,2070,2067,2054
2045,2040,2048,2012,1983,2067,2048,2055
2044,2044,2043,2019,2012,2034,2028,2053
2046,2047,2034,2039,2058,2031,2044,2063
2044,2044,2040,2085,2232,2056,2021,2064
2043,2037,2036,2131,2340,2086,2031,2054
2044,2030,2031,2144,2378,2109,2021,2058
2040,2032,2024,2150,2328,2125,2031,2059
2045,2041,2017,2117,2238,2143,2031,2046
2032,2028,1989,2049,2136,2112,2067,2040
2039,2024,1975,2023,2117,2090,2074,2055
2051,2035,1989,2049,2190,2102,2095,2060
2049,2047,1999,2076,2265,2127,2111,2050
2056,2047,2004,2071,2229,2130,2100,2043
2054,2046,2005,2056,2108,2114,2095,2042
2052,2047,2021,2074,2159,2112,2074,2030
2050,2046,2019,2063,2170,2101,2050,2022
2039,2037,2010,2043,2108,2049,2041,2012
2026,2016,2009,2005,1934,1979,2017,2003
2008,2008,2006,1993,1918,1910,2012,2000
2010,2014,2032,2025,2009,1882,2022,2006
2023,2030,2055,2038,1955,1949,2013,2005
2016,2023,2050,2033,1883,1990,2009,2001
2017,2021,2043,2023,1824,1998,1997,2005
2025,2033,2051,2023,1875,2001,2009,2010
2029,2034,2066,2049,1998,2018,2024,2016
2037,2054,2093,2073,2077,2040,2046,2028
2041,2063,2113,2074,2118,2049,2062,2037
2050,2060,2101,2064,2127,2043,2048,2034
2046,2052,2082,2051,2108,2049,2041,2045
2043,2048,2077,2057,2131,2061,2047,2052
2053,2051,2072,2062,2147,2070,2050,2062
2051,2046,2066,2040,2092,2065,2066,2069
2051,2050,2053,2025,2091,2058,2061,2071
2056,2048,2048,2011,2105,2055,2072,2072
2052,2051,2060,2013,2085,2073,2072,2074
2062,2065,2078,2032,2087,2072,2075,2081
2070,2067,2084,2021,2038,2054,2076,2086
2061,2059,2076,2024,2023,2051,2069,2078
2055,2054,2066,2013,2002,2037,2070,2076
2055,2061,2077,2005,1980,2043,2080,2078
2053,2054,2074,2003,1972,2062,2062,2076
2056,2056,2084,2020,2039,2073,2077,2072
2060,2058,2081,2034,2041,2058,2071,2063
2055,2060,2068,2048,2076,2072,2055,2067
2052,2062,2070,2063,2107,2076,2067,2059
2056,2056,2069,2062,2084,2091,2075,2064
2059,2057,2065,2055,2007,2098,2077,2057
2060,2051,2060,2051,2012,2100,2074,2050
2054,2048,2056,2064,2074,2103,2071,2051
2060,2045,2054,2059,2057,2078,2058,2043
2050,2044,2041,2023,1941,2040,2047,2025
2041,2036,2037,2026,1968,2037,2049,2025
2041,2050,2064,2067,2078,2051,2055,2029
2053,2056,2075,2079,2122,2045,2055,2032
2052,2047,2070,2069,2110,2046,2047,2037
2041,2041,2065,2069,2118,2061,2057,2040
2056,2049,2063,2088,2159,2062,2051,2035
2047,2045,2057,2090,2118,2030,2057,2029
2046,2043,2051,2083,2020,2001,2044,2023
2045,2032,2033,2087,1970,2016,2042,2033
2040,2028,2012,2082,1969,2045,2053,2036
2046,2029,2016,2076,1918,2064,2076,2054
2065,2037,2025,2067,1880,2090,2086,2076
2072,2039,2022,2073,1926,2103,2081,2086
2081,2037,2016,2077,1996,2119,2082,2090
2074,2019,2003,2080,2081,2140,2085,2090
2063,2010,2007,2088,2091,2142,2071,2075
2060,2019,2015,2088,2060,2138,2068,2059
2047,2016,2000,2049,2006,2084,2067,2060
2030,2005,1984,2013,2010,2000,2038,2050
2017,1999,1984,2009,2112,1961,2020,2045
2010,2006,1999,2022,2227,1930,2017,2041
2012,2022,2009,2021,2165,1940,2031,2033
2000,2013,2005,1969,1884,1927,2018,2031
2010,2023,2011,1990,1960,1967,2017,2033
2024,2042,2054,2062,2061,1994,2039,2037
2036,2060,2083,2076,2068,2025,2052,2048
2057,2079,2098,2075,2043,2052,2043,2052
2073,2088,2095,2046,1989,2044,2041,2049
2068,2083,2073,2014,1971,2025,2053,2045
2062,2073,2064,1998,1999,2029,2050,2035
2056,2060,2066,2006,2034,2045,2049,2033
2056,2057,2074,2020,2085,2067,2060,2041
2059,2056,2076,2027,2129,2070,2071,2035
2056,2054,2064,2010,2034,2059,2056,2031
2054,2048,2063,1987,1898,2044,2051,2019
2039,2038,2056,1988,1881,2037,2052,2018
2046,2038,2050,1996,1899,2048,2043,2026
2052,2040,2050,2014,1914,2049,2036,2030
2049,2047,2059,2022,1964,2047,2039,2038
2070,2070,2080,2057,2026,2051,2056,2040
2071,2075,2088,2074,2102,2036,2067,2060
2080,2079,2096,2089,2127,2013,2076,2062
2076,2070,2086,2086,2191,2037,2074,2062
2063,2061,2082,2111,2341,2100,2081,2062
2058,2060,2076,2126,2447,2143,2087,2072
2065,2055,2074,2119,2427,2147,2088,2074
2056,2056,2071,2101,2277,2142,2079,2075
2058,2058,2074,2109,2153,2136,2063,2074
2050,2051,2071,2101,2087,2112,2060,2064
2041,2038,2059,2082,2081,2090,2061,2070
2037,2034,2060,2079,2177,2093,2037,2076
2040,2036,2051,2064,2171,2067,2033,2065
2037,2040,2051,2072,2085,2041,2053,2067
2049,2059,2092,2096,2021,2044,2048,2066
2053,2064,2098,2051,1828,2065,2058,2066
2058,2070,2094,2014,1851,2118,2074,2068
2061,2062,2087,2022,1981,2172,2086,2076
2061,2060,2064,2055,2101,2180,2084,2072
2060,2058,2055,2088,2170,2118,2069,2071
2069,2056,2058,2113,2194,2063,2073,2068
2061,2054,2046,2121,2204,2038,2063,2063
2060,2048,2040,2110,2053,2057,2079,2059
2061,2054,2053,2098,1937,2112,2090,2057
2057,2049,2038,2070,1810,2136,2087,2054
2061,2042,2038,2081,1854,2120,2094,2063
2060,2049,2043,2090,1907,2084,2096,2057
2067,2048,2040,2071,1930,2022,2090,2070
2074,2063,2066,2088,2140,1988,2068,2063
2070,2056,2059,2086,2258,2014,2067,2060
2073,2045,2035,2042,2265,2019,2068,2052
2061,2031,1994,1938,2065,1952,2035,2018
2032,2006,1964,1830,1758,1859,1986,1986
2007,1992,1973,1856,1859,1897,1980,1972
2003,1999,2014,1973,2115,2002,2000,1978
1999,2006,2031,1998,2024,2016,2015,1994
2017,2010,2040,2007,2029,2006,2032,2018
2031,2025,2040,2012,2046,2020,2030,2028
2029,2033,2034,1992,2023,1997,2043,2045
2049,2046,2032,1975,2009,1988,2034,2066
2056,2047,2023,1979,2018,2000,2043,2076
2066,2054,2039,1995,2016,2012,2045,2080
2063,2053,2052,2004,2040,2027,2050,2064
2054,2044,2062,2024,2098,2043,2048,2066
2053,2039,2070,2051,2159,2042,2052,2054
2043,2023,2064,2047,2124,2026,2037,2058
2034,2024,2060,2047,2064,1991,2031,2061
2038,2032,2065,2036,2015,1977,2027,2063
2042,2041,2072,2047,2019,1993,2028,2060
2051,2053,2081,2050,2031,2011,2041,2049
2050,2059,2081,2051,2034,2024,2033,2042
2054,2051,2068,2039,2020,2024,2034,2045
2064,2053,2062,2047,2031,2040,2039,2031
2062,2056,2071,2051,2052,2040,2044,2036
2056,2050,2076,2047,2077,2037,2034,2043
2059,2053,2077,2056,2094,2042,2040,2041
2055,2064,2086,2061,2103,2050,2043,2041
2064,2069,2074,2054,2062,2049,2014,2040
2066,2066,2068,2046,2044,2050,2039,2041
2068,2064,2062,2047,2042,2046,2031,2041
2064,2051,2047,2055,2041,2043,2033,2031
2053,2034,2032,2051,2027,2044,2023,2039
2052,2033,2041,2052,2024,2046,2040,2048
2055,2046,2047,2058,2032,2052,2032,2045
2049,2033,2042,2049,2022,2042,2042,2040
2046,2034,2029,2029,2019,2037,2034,2040
2047,2031,2021,2023,2013,2034,2029,2048
2047,2032,2025,2028,2051,2045,2042,2048
2044,2038,2025,2030,2050,2041,2040,2048
2047,2048,2012,2019,2016,2043,2038,2049
2049,2045,2012,2014,2012,2038,2033,2060
2052,2039,2005,2014,2038,2032,2008,2058
2049,2041,2009,2040,2092,2041,2029,2065
2044,2049,2025,2064,2110,2050,2042,2071
2051,2048,2027,2056,2084,2048,2046,2080
2056,2044,2023,2052,2043,2041,2020,2075
2051,2041,2015,2030,2013,2040,2042,2074
2046,2033,2011,2037,2060,2034,2046,2064
2036,2033,2012,2057,2150,2041,2023,2064
2048,2043,2021,2059,2189,2045,2027,2068
2047,2035,2026,2059,2145,2046,2034,2070
2040,2040,2025,2049,2095,2048,2036,2054
2041,2033,2029,2032,2021,2060,2022,2047
2042,2039,2039,2015,1895,2043,2002,2038
2043,2028,2042,1991,1759,2026,2007,2038
2049,2034,2045,2004,1808,2009,2017,2052
2061,2042,2057,2039,1938,1978,2042,2069
2073,2054,2069,2069,2049,2013,2060,2063
2070,2053,2074,2074,2084,2062,2075,2053
2066,2057,2077,2082,2104,2082,2070,2038
2059,2054,2080,2070,2102,2071,2074,2023
2051,2043,2070,2067,2095,2058,2062,2022
2046,2040,2070,2069,2072,2052,2051,2031
2041,2035,2063,2072,2064,2035,2058,2026
2036,2042,2065,2072,2030,2027,2041,2034
2040,2045,2071,2082,1999,2032,2052,2038
2039,2048,2057,2069,1995,2039,2054,2038
2043,2047,2061,2074,1992,2042,2054,2047
2053,2049,2074,2085,1993,2032,2058,2046
2050,2050,2068,2087,1975,2028,2057,2047
2054,2051,2062,2076,1975,2029,2065,2057
2051,2053,2057,2061,2002,2037,2064,2056
2050,2046,2046,2049,2035,2042,2062,2058
2048,2049,2034,2033,2074,2042,2059,2060
2044,2039,2016,2020,2111,2038,2058,2054
2039,2039,2012,2024,2107,2043,2057,2067
2048,2049,2016,2049,2148,2038,2054,2081
2057,2056,2035,2074,2159,2045,2068,2093
2072,2062,2044,2073,2144,2063,2078,2083
2060,2052,2026,2050,2108,2074,2068,2077
2050,2040,2015,2038,2111,2069,2064,2078
2049,2038,2015,2016,2036,2036,2040,2073
2048,2040,2028,2002,1990,2020,2042,2072
2047,2041,2054,1998,1997,2026,2050,2062
2050,2054,2075,2005,2032,2057,2065,2061
2059,2059,2080,2010,2051,2072,2056,2061
2061,2066,2074,2019,2055,2080,2056,2059
2063,2059,2061,2018,2040,2066,2067,2059
2058,2060,2049,2016,2038,2065,2061,2056
2060,2054,2043,2017,2043,2083,2064,2046
2053,2048,2047,2029,2042,2094,2078,2046
2054,2044,2044,2041,2046,2102,2071,2042
2058,2046,2057,2038,2036,2085,2061,2039
2057,2053,2060,2037,2012,2028,2056,2036
2054,2052,2053,2036,2020,1991,2039,2024
2051,2047,2044,2042,2052,2001,2038,2029
2046,2043,2038,2042,2067,2033,2024,2033
2043,2042,2044,2043,2071,2051,2041,2036
2044,2053,2048,2052,2064,2053,2061,2032
2041,2052,2058,2057,2066,2058,2058,2040
2047,2049,2056,2064,2070,2060,2068,2045
2051,2055,2053,2063,2061,2062,2067,2051
2057,2054,2060,2064,2062,2056,2060,2053
2050,2058,2053,2064,2061,2047,2064,2045
2046,2054,2052,2066,2057,2051,2056,2052
2045,2050,2048,2068,2056,2052,2058,2051
2046,2048,2051,2072,2050,2051,2057,2053
2047,2041,2049,2074,2044,2059,2055,2050
2040,2036,2040,2057,2009,2056,2049,2047
2043,2040,2033,2050,1988,2049,2040,2051
2029,2037,2028,2046,1974,2033,2037,2049
2023,2028,2017,2031,1979,2001,2033,2055
2031,2034,2028,2042,2035,1996,2051,2065
2047,2046,2037,2058,2085,2034,2054,2064
2052,2047,2035,2056,2099,2062,2061,2064
2049,2050,2042,2053,2097,2068,2053,2064
2054,2046,2046,2050,2075,2061,2063,2053
2052,2044,2057,2045,2044,2041,2050,2042
2052,2039,2060,2041,2029,2027,2052,2041
2046,2036,2064,2045,2037,2030,2029,2041
2050,2042,2062,2052,2044,2038,2041,2045
2051,2044,2052,2041,2065,2044,2057,2041
2049,2043,2034,2040,2071,2048,2054,2039
2049,2040,2023,2038,2070,2054,2068,2046
2056,2034,2015,2034,2061,2049,2059,2043
2052,2028,2004,2039,2064,2047,2051,2034
2046,2035,2013,2048,2074,2060,2050,2019
2034,2036,2030,2043,2077,2057,2054,2023
2028,2041,2028,2050,2087,2060,2054,2028
2034,2040,2027,2060,2058,2060,2055,2033
2036,2034,2019,2058,2022,2060,2052,2024
2037,2033,2019,2054,1974,2068,2055,2018
2030,2035,2021,2042,1960,2054,2034,2019
2024,2021,2007,2027,1938,2048,2024,2021
2023,2015,2013,2028,1936,2041,2032,2029
2036,2038,2039,2060,2000,2029,2050,2049
2044,2046,2073,2088,2089,2024,2055,2061
2053,2045,2064,2085,2138,2030,2063,2053
2049,2040,2064,2083,2157,2049,2056,2049
2050,2047,2077,2089,2177,2070,2057,2054
2046,2053,2082,2106,2205,2086,2072,2050
2042,2042,2061,2101,2176,2089,2054,2050
2040,2026,2036,2083,2103,2083,2054,2051
2021,2013,2019,2038,1968,2062,2044,2043
2014,2004,2008,2022,1977,2078,2047,2046
2031,2024,2024,2040,2043,2106,2060,2054
2044,2035,2033,2057,2086,2118,2057,2053
2058,2054,2053,2055,2038,2051,2050,2064
2068,2058,2072,2040,1975,1999,2058,2061
2064,2073,2076,2036,1994,2002,2062,2061
2071,2075,2076,2035,2021,2010,2042,2049
2068,2070,2062,2036,2062,2019,2037,2039
2056,2058,2053,2034,2064,2024,2025,2036
2053,2051,2051,2049,2051,2040,2047,2035
2060,2061,2059,2062,2071,2058,2016,2035
2065,2063,2049,2055,2060,2059,2036,2032
2043,2044,2035,2049,2053,2054,2025,2022
2037,2048,2034,2053,2057,2047,2032,2026
2043,2060,2047,2056,2056,2042,2041,2037
2046,2061,2054,2062,2052,2034,2026,2038
2050,2060,2051,2063,2059,2038,2017,2037
2057,2058,2047,2066,2064,2046,2036,2039
2045,2055,2046,2056,2060,2058,2040,2042
2044,2058,2038,2051,2061,2060,2046,2043
2044,2054,2038,2052,2058,2020,2023,2055
2050,2051,2040,2057,2051,1980,2014,2058
2045,2054,2045,2055,2055,1991,2004,2053
2045,2060,2065,2064,2058,2013,2014,2050
2045,2068,2068,2067,2066,2041,2023,2054
2042,2056,2065,2057,2061,2060,2033,2058
2047,2052,2054,2045,2055,2101,2036,2052
2038,2048,2056,2033,2012,2106,2029,2060
2034,2047,2053,2024,1967,2092,2016,2062
2036,2053,2050,2020,1931,2069,2032,2072
2036,2052,2045,2014,1910,2000,2028,2097
2037,2052,2050,2034,1966,1952,2017,2106
2046,2066,2065,2082,2073,2021,2063,2133
2064,2081,2086,2107,2126,2091,2084,2138
2072,2077,2079,2098,2119,2137,2075,2122
2052,2058,2060,2084,2118,2145,2053,2112
2048,2043,2048,2073,2121,2132,2065,2114
2042,2040,2044,2074,2146,2118,2058,2108
2045,2046,2050,2084,2187,2108,2033,2100
2051,2052,2045,2066,2118,2082,2030,2101
2041,2050,2042,2048,2109,2088,2016,2098
2043,2045,2037,2059,2149,2089,2034,2096
2037,2043,2036,2055,2060,2068,2027,2094
2032,2040,2035,2058,1999,2041,2042,2106
2039,2049,2044,2077,2050,2036,2048,2108
2046,2055,2050,2077,2110,2062,2041,2107
2047,2056,2056,2075,2146,2071,2052,2116
2045,2046,2042,2072,2139,2075,2038,2110
2052,2044,2039,2078,2138,2073,2040,2112
2050,2047,2042,2078,2133,2070,2041,2122
2057,2043,2035,2065,2096,2047,2064,2121
2056,2042,2029,2045,2011,2012,2068,2114
2053,2050,2034,2053,2066,2008,2049,2114
2038,2040,2035,2067,2055,2001,2049,2106
2038,2042,2037,2079,2106,2023,2045,2115
2033,2042,2037,2082,2161,2038,2056,2104
2034,2041,2036,2054,2105,2036,2042,2110
2033,2041,2034,2035,2062,2043,2044,2110
2044,2047,2048,2058,2088,2054,2049,2119
2050,2040,2039,2056,2106,2045,2042,2121
2040,2036,2026,2046,2111,2031,2019,2127
2036,2040,2031,2042,2084,2021,2029,2129
2036,2051,2038,2033,1957,2015,2023,2130
2034,2045,2035,2023,1927,2022,2015,2140
2040,2049,2035,2040,1981,2037,2031,2136
2045,2052,2029,2031,1956,2035,2041,2140
2048,2044,2023,2031,1951,2037,2036,2130
2042,2041,2016,2029,1938,2032,2030,2122
2046,2042,2011,2030,1932,2032,2033,2125
2043,2040,2014,2032,1925,2043,2051,2122
2046,2044,2007,2040,1941,2054,2032,2121
2052,2045,2004,2045,1978,2069,2061,2118
2055,2040,2001,2051,2038,2065,2036,2107
2040,2030,1987,2045,2129,2053,2045,2098
2040,2021,1973,2071,2204,2057,2036,2101
2041,2019,1968,2086,2145,2061,2037,2097
2041,2023,1969,2093,2094,2060,2027,2096
2035,2020,1976,2088,2078,2048,2034,2090
2032,2026,1992,2089,2073,2037,2021,2084
2034,2024,2012,2092,2072,2025,2023,2088
2035,2026,2031,2081,2027,2017,2040,2094
2041,2034,2057,2072,1981,2003,2036,2091
2037,2035,2078,2065,1996,1997,2020,2092
2041,2041,2094,2060,2039,2005,2015,2092
2036,2037,2096,2058,2056,2013,2022,2097
2029,2046,2097,2061,2051,2021,2026,2104
2032,2050,2103,2062,2018,2022,2032,2111
2041,2065,2141,2092,2033,2046,2038,2117
2046,2078,2147,2104,2051,2053,2041,2122
2041,2061,2120,2078,2037,2052,2043,2130
2041,2049,2086,2051,2020,2058,2057,2136
2039,2040,2065,2028,2008,2053,2036,2130
2036,2041,2054,2006,2013,2092,2056,2118
2033,2049,2049,1993,1987,2095,2046,2112
2036,2049,2048,1976,1933,2057,2011,2110
2030,2035,2040,1974,1972,2048,2011,2114
2030,2031,2040,1979,2001,2007,2034,2135
2044,2046,2049,2017,2073,2001,2030,2134
2044,2042,2047,2047,2153,2042,2039,2132
2045,2044,2044,2075,2197,2081,2070,2124
2051,2041,2037,2081,2169,2073,2053,2117
2052,2038,2023,2063,2110,2053,2039,2108
2045,2044,2008,2055,2088,2057,2056,2106
2053,2044,2009,2051,2086,2061,2038,2107
2053,2043,2005,2054,2089,2058,2032,2095
2047,2041,1994,2047,2062,2069,2045,2094
2039,2035,1983,2040,1960,2075,2049,2090
2038,2027,1979,2032,1939,2056,2037,2081
2036,2024,1977,2013,1956,2044,2029,2080
2036,2022,1989,2008,1983,2019,2016,2084
2044,2037,2019,2031,2027,1982,2013,2093
2048,2049,2035,2030,2068,1966,2037,2090
2044,2052,2041,2028,2091,2000,2048,2094
2044,2056,2077,2041,2096,2053,2070,2082
2046,2069,2100,2049,2096,2077,2064,2082
2056,2078,2106,2066,2106,2085,2064,2086
2058,2082,2099,2059,2098,2075,2070,2088
2062,2081,2090,2077,2094,2073,2081,2097
2055,2080,2096,2083,2085,2068,2068,2089
2051,2080,2090,2076,2076,2062,2062,2092
2053,2075,2084,2065,2074,2061,2064,2095
2058,2076,2076,2059,2068,2057,2064,2104
2059,2069,2069,2050,2057,2044,2059,2111
2054,2066,2066,2047,2054,2041,2053,2108
2054,2067,2065,2039,2046,2035,2060,2108
2050,2065,2063,2038,2058,2032,2043,2112
2052,2058,2058,2036,2055,2034,2052,2111
2054,2062,2047,2032,2045,2036,2058,2108
2040,2045,2035,2024,2044,2040,2053,2108
2039,2039,2037,2036,2044,2050,2062,2112
2037,2047,2040,2048,2056,2065,2061,2110
2039,2051,2065,2056,2070,2072,2069,2105
2042,2053,2071,2057,2066,2060,2068,2097
2042,2049,2065,2045,2060,2050,2044,2102
2042,2048,2057,2037,2017,2042,2027,2083
2044,2048,2049,2043,2039,2059,2054,2075
2040,2045,2056,2074,2158,2094,2052,2082
2048,2056,2058,2093,2159,2080,2057,2080
2050,2056,2070,2083,2079,2049,2063,2076
2047,2052,2067,2090,2016,2049,2074,2073
2051,2042,2063,2097,1995,2045,2051,2074
2052,2047,2065,2106,2024,2038,2031,2076
2054,2043,2087,2107,2049,2056,2034,2075
2054,2047,2092,2118,2077,2083,2036,2074
2047,2034,2084,2102,2082,2087,2047,2069
2049,2034,2080,2096,2041,2101,2068,2064
2055,2039,2076,2092,1996,2108,2077,2068
2061,2043,2065,2073,1986,2088,2065,2061
2054,2047,2063,2064,1984,2078,2057,2065
2062,2055,2056,2052,1975,2046,2055,2079
2059,2060,2050,2045,1958,1987,2061,2091
2056,2062,2046,2033,1947,1980,2064,2091
2051,2057,2041,2027,1925,1965,2044,2084
2045,2053,2025,2007,1915,1960,2011,2073
2040,2043,2018,2022,2073,1997,2026,2069
2039,2042,2002,2052,2158,2031,2026,2074
2047,2042,1994,2034,2117,2030,2033,2078
2044,2039,1998,2017,2082,2026,2043,2089
2049,2046,1997,2013,2091,2040,2017,2101
2056,2045,1998,2015,2108,2047,2039,2099
2047,2030,1993,2017,2088,2045,2024,2079
2035,2022,1996,2011,2064,2037,1997,2080
2037,2028,2004,2019,2059,2044,1991,2080
2044,2035,2019,2021,2053,2040,2020,2086
2046,2034,2033,2024,2049,2041,2036,2079
2040,2034,2038,2027,2044,2048,2045,2074
2042,2040,2045,2033,2043,2044,2041,2077
2049,2051,2070,2048,2043,2047,2054,2087
2047,2054,2071,2050,2036,2039,2035,2084
2045,2055,2078,2057,2027,2038,2041,2080
2045,2051,2065,2050,2039,2041,2031,2066
2046,2046,2060,2054,2055,2043,2019,2057
2041,2052,2052,2056,2059,2046,2029,2058
2045,2052,2042,2063,2064,2046,2024,2057
2051,2057,2041,2069,2086,2057,2024,2052
2051,2057,2045,2074,2098,2054,2009,2058
2052,2057,2043,2068,2086,2052,2030,2056
2050,2053,2043,2060,2064,2044,2022,2058
2039,2043,2036,2055,2047,2043,2015,2051
2036,2045,2035,2064,2042,2047,2032,2056
2042,2052,2034,2058,2048,2043,2042,2053
2037,2045,2031,2051,2040,2042,2036,2046
2032,2039,2024,2041,2016,2038,2026,2046
2040,2038,2020,2028,2015,2042,2053,2045
2040,2034,2027,2031,2035,2041,2045,2055
2046,2039,2035,2044,2048,2047,2062,2062
2044,2044,2050,2048,2054,2049,2061,2076
2044,2058,2067,2057,2072,2055,2044,2075
2045,2055,2075,2057,2083,2072,2033,2074
2045,2056,2078,2043,2043,2093,2023,2061
2044,2045,2069,2031,1992,2096,2042,2063
2038,2037,2057,2024,1999,2099,2047,2057
2030,2039,2054,2027,2012,2088,2039,2055
2028,2046,2052,2034,2013,2024,2056,2074
2039,2046,2054,2053,2083,2001,2035,2091
2051,2052,2056,2077,2124,2016,2050,2095
2055,2061,2061,2082,2171,2025,2064,2102
2055,2060,2073,2112,2247,2047,2070,2109
2063,2078,2096,2135,2265,2059,2088,2110
2081,2078,2091,2114,2141,2062,2054,2098
2071,2076,2072,2055,1939,2056,2056,2085
2059,2065,2055,2029,1906,2055,2047,2064
2053,2051,2042,2019,1986,2058,2044,2046
2042,2043,2031,2030,2051,2087,2060,2044
2043,2039,2027,2042,2039,2111,2056,2039
2042,2036,2025,2046,2036,2124,2052,2050
2053,2042,2032,2065,2103,2124,2049,2050
2059,2046,2041,2066,2101,2064,2054,2044
2056,2050,2041,2070,2054,1997,2051,2041
2057,2047,2045,2068,2037,1982,2055,2031
2050,2041,2048,2057,2000,1998,2037,2027
2040,2030,2033,2024,1969,2011,2037,2023
2038,2024,2025,2002,1950,2023,2025,2028
2040,2034,2030,2016,1998,2040,2061,2032
2037,2048,2041,2041,2007,2046,2051,2035
2047,2061,2043,2051,2027,2050,2051,2040
2053,2061,2040,2055,2046,2052,2057,2049
2053,2052,2027,2053,2053,2039,2051,2047
2045,2040,2011,2042,2054,2013,2052,2036
2042,2038,2005,2066,2098,2026,2047,2043
2053,2054,2019,2077,2077,2037,2064,2049
2051,2055,2018,2063,2057,2035,2044,2058
2051,2049,2008,2056,2058,2033,2043,2064
2050,2044,2004,2046,2064,2034,2059,2061
2036,2034,2003,2037,2066,2036,2058,2055
2036,2034,2002,2033,2069,2037,2047,2056
2033,2031,2008,2035,2075,2043,2050,2058
2035,2032,2017,2028,2075,2045,2042,2053
2031,2033,2028,2033,2062,2054,2043,2064
2035,2050,2055,2052,2048,2062,2054,2073
2052,2062,2081,2066,2034,2059,2057,2071
2056,2067,2112,2081,2040,2058,2053,2065
2054,2070,2130,2086,2035,2047,2045,2060
2050,2071,2126,2091,2028,2042,2030,2049
2048,2062,2111,2087,2023,2044,2038,2038
2049,2047,2091,2077,2017,2055,2044,2041
2050,2040,2087,2075,2026,2062,2053,2041
2042,2045,2083,2073,2031,2070,2037,2039
2045,2044,2075,2087,2040,2086,2037,2028
2054,2054,2069,2084,2050,2096,2063,2028
2045,2051,2063,2070,2029,2092,2053,2017
2044,2045,2049,2054,2008,2085,2035,2017
2045,2052,2046,2046,2030,2073,2041,2022
2045,2044,2044,2038,2037,2038,2043,2024
2044,2041,2033,2002,2035,2026,2037,2016
2044,2034,2018,1988,2030,2033,2045,2015
2051,2044,2039,2007,2083,2051,2047,2028
2057,2058,2045,2023,2122,2059,2044,2030
2054,2053,2045,2035,2127,2059,2066,2026
2053,2051,2048,2038,2104,2059,2062,2019
2054,2051,2060,2034,2094,2056,2064,2019
2055,2045,2062,2039,2089,2048,2057,2018
2051,2048,2067,2047,2076,2052,2046,2021
2049,2042,2074,2049,2065,2037,2032,2016
2041,2038,2077,2053,2040,2018,2052,2017
2041,2034,2074,2054,2038,2024,2056,2019
2042,2031,2073,2047,2031,2035,2059,2009
2039,2029,2071,2043,2018,2057,2058,2010
2033,2036,2071,2046,2062,2065,2053,2003
2030,2035,2059,2049,2114,2069,2056,2013
2034,2032,2054,2055,2102,2080,2060,2008
2033,2029,2044,2044,2121,2073,2065,2006
2033,2029,2043,2039,2142,2060,2060,2006
2035,2034,2036,2016,2076,2025,2023,2009
2037,2038,2033,2004,2034,1999,2033,2001
2032,2036,2023,1996,2001,1998,2040,1991
2033,2034,2013,1997,2001,2016,2037,1983
2037,2041,2017,2015,2064,2057,2061,1989
2046,2046,2028,2020,2062,2063,2061,1983
2057,2046,2029,2008,1956,2054,2047,1978
2058,2046,2032,2010,1917,2059,2048,1979
2053,2051,2030,2009,1943,2057,2047,1982
2055,2053,2034,2020,1960,2053,2053,1979
2060,2056,2039,2031,1962,2049,2052,1973
2057,2046,2049,2037,1970,2036,2039,1970
2048,2043,2049,2043,1989,2031,2044,1967
2049,2051,2049,2058,1998,2038,2044,1964
2049,2051,2046,2061,1992,2048,2041,1961
2044,2040,2029,2038,1980,2060,2007,1949
2032,2034,2013,2025,2005,2068,2012,1941
2037,2043,2010,2024,2034,2064,2030,1934
2034,2042,2003,2024,2031,2025,2019,1949
2041,2044,2014,2056,2087,1986,2064,1979
2055,2056,2033,2097,2201,2037,2082,1987
2060,2062,2034,2078,2202,2060,2073,1977
2052,2058,2038,2054,2199,2088,2072,1980
2045,2046,2027,2043,2165,2093,2070,1972
2044,2041,2031,2031,2069,2075,2067,1978
2044,2037,2027,2016,1991,2048,2057,1980
2038,2037,2018,1992,1943,2033,2045,1978
2032,2030,2011,1978,1921,1994,2050,1994
2037,2038,2021,1996,1981,1987,2051,2002
2047,2035,2029,2022,2062,2021,2062,2003
2047,2040,2040,2047,2074,2050,2070,2005
2049,2042,2038,2058,2074,2067,2065,2000
2039,2036,2028,2064,2086,2074,2060,1999
2041,2026,2015,2066,2097,2069,2060,2003
2045,2040,2022,2056,2083,2051,2050,2005
2041,2034,2025,2042,2055,2036,2031,1990
2032,2025,2024,2023,2030,2017,2026,1973
2033,2023,2032,2009,2029,2010,2020,1972
2029,2028,2042,2011,2060,2025,2024,1978
2041,2051,2067,2042,2100,2057,2050,1986
2050,2065,2079,2037,2088,2057,2054,1982
2055,2067,2062,2024,2061,2053,2037,1986
2050,2058,2054,2018,2057,2053,2034,1978
2056,2056,2053,2032,2072,2056,2046,1981
2062,2072,2073,2053,2085,2053,2047,1975
2066,2084,2090,2055,2074,2042,2054,1966
2057,2083,2092,2042,2058,2037,2056,1970
2051,2071,2081,2038,2045,2043,2062,1966
2045,2058,2059,2028,2044,2044,2041,1960
2037,2038,2043,2032,2047,2045,2042,1963
2045,2046,2047,2032,2054,2058,2074,1973
2056,2046,2050,2041,2057,2056,2078,1974
2054,2052,2041,2039,2047,2055,2073,1975
2045,2041,2034,2028,2042,2050,2061,1977
2050,2042,2038,2032,2042,2049,2059,1963
2047,2045,2046,2042,2046,2048,2060,1972
2047,2056,2068,2051,2057,2065,2054,1988
2055,2066,2075,2054,2060,2082,2072,1992
2056,2063,2073,2059,2064,2090,2072,1995
2047,2060,2069,2051,2060,2087,2059,1986
2050,2056,2058,2050,2056,2093,2070,2002
2046,2059,2060,2051,2052,2092,2055,2003
2039,2053,2056,2049,2051,2089,2052,2004
2037,2049,2058,2050,2071,2088,2029,2013
2038,2050,2051,2056,2084,2087,2054,2011
2045,2045,2044,2047,2073,2075,2052,2014
2039,2041,2039,2048,2069,2050,2050,2010
2050,2050,2042,2051,2053,2031,2049,2011
2048,2047,2042,2047,2036,2017,2043,2013
2047,2046,2037,2039,2039,2012,2071,2009
2043,2043,2027,2028,2033,2005,2055,2006
2044,2039,2021,2024,2003,2000,2043,1996
2041,2041,2035,2025,2016,2003,2054,1994
2045,2042,2037,2031,1995,2004,2045,1990
2049,2044,2046,2026,1980,2019,2044,1986
2041,2046,2047,2031,1986,2029,2036,1989
2043,2050,2042,2029,1974,2044,2049,1982
2049,2050,2045,2030,1987,2044,2030,1984
2049,2053,2050,2032,2008,2041,2044,1990
2052,2050,2049,2041,2026,2035,2052,1979
2051,2054,2063,2059,2080,2050,2045,1985
2048,2060,2066,2065,2119,2055,2029,1978
2040,2046,2047,2063,2141,2050,2034,1974
2043,2045,2048,2060,2170,2057,2052,1985
2047,2050,2048,2062,2186,2078,2053,1985
2051,2047,2047,2054,2152,2095,2046,1990
2052,2043,2032,2029,2070,2097,2052,1991
2045,2037,2022,2027,2037,2090,2055,1986
2046,2033,2025,2002,1903,2059,2038,1992
2051,2039,2030,2009,1872,2035,2063,2007
2053,2050,2047,2043,1968,2047,2052,2009
2056,2051,2058,2049,2027,2050,2035,2009
2053,2053,2047,2045,2045,2027,2041,2004
2051,2040,2049,2045,2060,2020,2033,2007
2054,2047,2049,2044,2053,2035,2039,2003
2044,2046,2052,2035,2029,2039,2046,2016
2048,2047,2062,2060,2065,2059,2049,2023
2050,2046,2064,2070,2069,2075,2054,2024
2046,2045,2058,2050,2004,2077,2042,2013
2039,2033,2044,2031,1982,2081,2050,2002
2038,2033,2034,2029,1921,2079,2048,2003
2044,2036,2039,2028,1930,2051,2063,2009
2050,2043,2045,2041,2046,2016,2048,2003
2054,2042,2036,2069,2141,2017,2033,2009
2050,2038,2032,2091,2234,2056,2050,2003
2045,2042,2026,2093,2217,2050,2053,1999
2043,2037,2004,2065,2112,2010,2035,1987
2035,2021,1994,2039,2084,2016,2034,1981
2037,2016,1985,2045,2094,2045,2035,1985
2039,2018,1977,2048,2070,2048,2027,1984
2034,2009,1973,2053,2077,2045,2049,1969
2036,2018,1983,2054,2070,2046,2044,1973
2038,2021,2003,2055,2073,2040,2029,1975
2036,2021,2017,2034,2032,2033,2032,1982
2041,2026,2037,2024,1980,2030,2023,1973
2037,2020,2037,2013,1983,2024,2024,1971
2031,2018,2040,2016,2011,2025,2017,1972
2035,2025,2057,2034,2039,2039,2034,1987
2045,2037,2066,2052,2044,2033,2057,1993
2046,2050,2085,2061,2040,2033,2038,1988
2032,2047,2101,2071,2032,2026,2029,1986
2035,2045,2119,2082,2044,2033,2053,1996
2046,2057,2126,2105,2071,2044,2061,2003
2049,2070,2140,2116,2074,2049,2044,2004
2047,2070,2133,2103,2070,2047,2046,2005
2052,2069,2107,2086,2064,2047,2058,2015
2060,2061,2090,2069,2051,2045,2055,2022
2062,2058,2075,2057,2047,2042,2045,2025
2061,2052,2062,2046,2042,2038,2051,2024
2055,2052,2053,2044,2041,2037,2031,2025
2050,2047,2038,2045,2033,2039,2042,2021
2041,2049,2038,2046,2040,2042,2044,2023
2039,2042,2027,2033,2035,2042,2012,2031
2040,2037,2031,2025,2031,2041,2022,2027
2051,2036,2034,2018,2034,2044,2033,2037
2045,2043,2032,2010,2032,2041,2053,2026
2048,2048,2014,1988,2030,2037,2056,2025
2053,2045,2009,1983,2031,2039,2042,2021
2059,2047,2020,1998,2032,2037,2037,2022
2066,2054,2040,2021,2034,2040,2035,2024
2067,2062,2051,2030,2036,2043,2041,2008
2068,2065,2060,2034,2044,2049,2039,2002
2062,2059,2061,2036,2043,2052,2030,1993
2055,2053,2053,2039,2045,2052,2061,1997
2056,2047,2052,2038,2047,2046,2066,2005
2048,2043,2054,2037,2049,2047,2054,2002
2048,2043,2056,2038,2058,2046,2045,2000
2047,2041,2050,2034,2055,2046,2045,1994
2047,2045,2043,2038,2058,2043,2041,1985
2039,2037,2037,2033,2043,2045,2030,1992
2038,2037,2036,2035,2040,2036,2022,2006
2048,2046,2041,2029,2048,2041,2020,2005
2043,2044,2046,2027,2067,2039,2025,2002
2047,2047,2055,2038,2102,2054,2046,2008
2049,2043,2058,2039,2089,2087,2042,2004
2054,2050,2053,2035,2055,2105,2061,2009
2056,2049,2050,2029,2048,2120,2060,2019
2060,2054,2054,2029,2034,2118,2064,2020
2061,2055,2050,2029,2024,2076,2068,2039
2066,2051,2049,2044,1983,2022,2074,2046
2062,2047,2043,2051,1983,2036,2067,2041
2064,2036,2040,2048,1992,2024,2046,2030
2046,2024,2025,2027,1977,2018,2044,2028
2041,2024,2025,2032,1983,2024,2049,2031
2047,2023,2017,2036,2056,2027,2042,2031
2045,2024,2014,2046,2089,2032,2034,2022
2036,2019,2013,2054,2087,2035,2038,2015
2029,2024,2023,2064,2072,2036,2040,2006
2039,2038,2035,2074,2067,2037,2036,2003
2034,2029,2030,2062,2031,2024,2030,2017
2036,2020,2021,2052,2034,2027,2047,2021
2044,2025,2025,2060,2074,2033,2043,2030
2051,2036,2024,2063,2095,2046,2062,2023
2066,2048,2039,2067,2124,2048,2071,2016
2066,2062,2042,2057,2107,2036,2054,2013
2064,2051,2029,2044,2039,2019,2047,2004
2057,2042,2026,2040,2012,2020,2070,2002
2050,2036,2022,2043,2025,2030,2059,1993
2048,2029,2028,2050,2040,2039,2059,1991
2054,2035,2039,2047,2047,2044,2058,1997
2052,2026,2034,2043,2056,2046,2061,1994
2048,2025,2030,2042,2053,2041,2064,1992
2042,2015,2016,2031,2034,2037,2041,1988
2034,2011,2013,2023,2030,2036,2039,1991
2032,2021,2020,2031,2016,2036,2048,1999
2031,2025,2014,2030,2015,2031,2048,2003
2039,2038,2011,2028,2021,2035,2057,2008
2041,2047,2014,2031,2036,2044,2051,2003
2047,2042,2026,2033,2034,2043,2059,2011
2049,2045,2040,2037,2037,2038,2066,2010
2053,2043,2046,2039,2045,2037,2054,2019
2051,2040,2048,2035,2044,2042,2052,2026
2056,2051,2068,2040,2068,2041,2043,2031
2058,2061,2083,2046,2085,2044,2035,2036
2062,2061,2082,2049,2091,2045,2038,2041
2057,2054,2078,2039,2072,2042,2038,2046
2059,2053,2076,2044,2059,2038,2038,2042
2065,2064,2077,2056,2040,2043,2055,2043
2070,2069,2074,2058,2043,2045,2058,2043
2061,2058,2045,2042,2056,2040,2054,2038
2052,2048,2040,2032,2044,2028,2047,2042
2060,2062,2052,2027,2015,2029,2053,2040
2063,2068,2061,2023,2016,2032,2045,2043
2057,2057,2061,2022,2023,2042,2051,2038
2058,2057,2057,2033,2047,2062,2069,2031
2060,2063,2053,2046,2074,2066,2053,2036
2064,2056,2049,2039,2046,2046,2052,2024
2064,2051,2042,2033,2032,2037,2059,2023
2064,2057,2042,2038,2036,2041,2056,2024
2064,2056,2047,2035,2019,2039,2056,2021
2064,2053,2044,2040,2017,2039,2056,2022
2058,2050,2042,2041,2026,2042,2056,2015
2057,2048,2036,2043,2041,2040,2060,2014
2053,2046,2044,2040,2039,2046,2045,2017
2058,2054,2046,2041,2034,2056,2032,2019
2060,2060,2064,2044,2052,2057,2059,2013
2054,2054,2068,2039,2057,2059,2048,2011
2056,2056,2060,2041,2063,2061,2050,2015
2068,2063,2056,2044,2051,2054,2040,2017
2061,2066,2055,2040,2042,2050,2054,2010
2060,2068,2058,2040,2043,2050,2042,2015
2055,2060,2057,2044,2037,2056,2043,2022
2063,2057,2055,2048,2052,2055,2061,2028
2066,2058,2045,2051,2063,2064,2076,2037
2071,2053,2040,2051,2085,2069,2074,2032
2075,2045,2041,2052,2102,2073,2072,2043
2079,2053,2044,2054,2112,2071,2074,2047
2076,2053,2045,2052,2102,2075,2072,2056
2074,2052,2042,2043,2082,2075,2062,2057
2068,2049,2042,2039,2084,2070,2054,2052
2068,2041,2041,2030,2054,2042,2053,2053
2059,2035,2032,2007,1957,2011,2058,2052
2053,2027,2021,2023,2002,2004,2054,2041
2053,2027,2023,2028,1970,2018,2056,2041
2053,2035,2030,2060,2053,2051,2062,2053
2068,2039,2044,2082,2101,2063,2070,2052
2066,2042,2041,2086,2047,2047,2065,2040
2057,2044,2046,2087,2050,2049,2062,2035
2071,2048,2053,2079,2061,2051,2065,2034
2069,2055,2054,2056,2006,2032,2054,2032
2072,2047,2051,2034,1938,2034,2054,2030
2075,2048,2053,2030,1995,2032,2050,2027
2070,2046,2047,2022,2065,2045,2032,2018
2077,2045,2042,2020,2059,2060,2048,2015
2075,2040,2040,2017,2040,2062,2053,2014
2064,2042,2013,2020,2027,2058,2024,2004
2049,2037,2015,2031,2028,2049,2027,2009
2049,2055,2033,2050,2030,2002,2012,2012
2052,2056,2054,2063,2029,1997,2018,2015
2047,2054,2051,2057,2024,1999,2037,2012
2053,2050,2054,2056,2030,2020,2038,2017
2055,2054,2058,2067,2040,2050,2049,2015
2052,2053,2050,2064,2051,2050,2064,2015
2047,2050,2036,2070,2033,2034,2059,2019
2044,2045,2030,2052,2008,2027,2050,2019
2049,2036,2029,2047,2011,2031,2059,2023
2057,2039,2034,2057,2029,2046,2062,2025
2056,2035,2034,2047,2026,2061,2057,2024
2052,2044,2052,2061,2063,2099,2067,2030
2059,2052,2077,2080,2088,2108,2062,2037
2062,2056,2078,2068,2051,2105,2063,2043
2060,2050,2082,2060,2031,2087,2062,2045
2051,2042,2065,2050,2049,2034,2059,2040
2050,2036,2054,2046,2049,2027,2053,2045
2049,2038,2034,2046,2037,2035,2060,2047
2043,2033,2028,2043,2028,2040,2047,2048
2045,2031,2023,2034,2017,2037,2052,2048
2046,2031,2017,2027,2018,2045,2033,2055
2055,2047,2028,2030,2034,2044,2060,2052
2056,2043,2027,2026,2037,2041,2054,2053
2055,2039,2033,2026,2047,2052,2061,2049
2053,2048,2053,2050,2052,2061,2066,2043
2057,2062,2078,2068,2054,2061,2058,2046
2065,2070,2092,2073,2040,2061,2056,2037
2062,2062,2075,2073,2034,2060,2050,2035
2069,2058,2065,2067,2025,2053,2044,2023
2057,2051,2061,2065,2029,2055,2041,2024
2057,2057,2059,2068,2042,2060,2051,2021
2052,2054,2058,2076,2044,2060,2042,2024
2052,2054,2061,2085,2064,2066,2061,2018
2050,2046,2054,2094,2088,2066,2067,2022
2050,2046,2049,2090,2080,2063,2057,2018
2053,2038,2036,2076,2065,2048,2047,2014
2049,2030,2018,2065,2056,2042,2055,2017
2045,2030,2015,2063,2061,2049,2040,2028
2053,2041,2018,2056,2058,2045,2041,2025
2047,2042,1999,2044,2049,2028,2036,2027
2056,2042,1993,2037,2044,2025,2040,2022
2059,2043,1999,2029,2046,2033,2043,2032
2051,2047,2004,2024,2049,2033,2047,2036
2049,2045,1998,2023,2040,2036,2036,2036
2051,2039,2002,2024,2035,2038,2023,2033
2046,2035,2024,2030,2031,2037,2021,2047
2049,2040,2037,2028,2030,2034,2031,2047
2053,2050,2059,2028,2033,2037,2041,2050
2056,2059,2087,2031,2044,2039,2065,2057
2065,2062,2095,2037,2053,2039,2022,2063
2058,2061,2075,2032,2064,2045,2041,2064
2058,2057,2073,2028,2068,2046,2035,2061
2051,2044,2066,2029,2051,2043,2023,2057
2050,2040,2062,2036,2044,2043,2024,2056
2051,2049,2074,2037,2041,2046,2059,2058
2050,2048,2073,2049,2041,2044,2018,2055
2051,2045,2078,2048,2045,2045,2051,2052
2050,2047,2073,2056,2042,2040,2048,2037
2049,2051,2068,2058,2040,2041,2045,2038
2052,2052,2062,2060,2044,2042,2032,2027
2059,2048,2053,2058,2047,2048,2026,2028
2056,2047,2052,2060,2057,2048,2037,2032
2056,2045,2043,2057,2052,2053,2051,2033
2047,2036,2041,2056,2047,2048,2052,2026
2047,2038,2035,2057,2053,2054,2054,2034
2059,2041,2036,2062,2065,2059,2059,2035
2059,2042,2037,2058,2069,2059,2041,2027
2064,2041,2032,2061,2062,2046,2042,2029
2051,2039,2024,2054,2046,2033,2037,2019
2050,2030,2024,2049,2029,2021,2033,2022
2041,2025,2033,2051,2028,2024,2036,2021
2050,2043,2061,2070,2046,2035,2038,2029
2056,2048,2066,2076,2042,2040,2050,2024
2051,2049,2062,2069,2027,2038,2047,2018
2049,2046,2054,2056,2003,2042,2053,2022
2042,2043,2042,2044,1971,2041,2042,2023
2043,2040,2043,2053,1980,2046,2048,2025
2045,2044,2044,2064,2013,2056,2050,2031
2051,2046,2047,2077,2056,2053,2058,2038
2048,2042,2044,2077,2080,2060,2050,2048
2046,2046,2060,2076,2096,2067,2045,2053
2053,2049,2049,2080,2120,2064,2030,2053
2051,2045,2049,2076,2140,2069,2074,2059
2052,2047,2047,2075,2143,2070,2062,2057
2052,2041,2032,2064,2114,2064,2056,2054
2053,2042,2029,2046,2041,2050,2042,2064
2048,2025,2011,2014,1914,2016,2023,2065
2053,2024,1989,2004,1892,2017,2041,2070
2064,2032,1979,2008,1934,2038,2039,2060
2058,2028,1974,2014,1947,2042,2032,2055
2059,2033,1971,2011,1950,2042,2025,2041
2057,2031,1969,2007,1967,2041,2024,2039
2050,2033,1987,2025,1978,2040,2025,2037
2056,2039,2004,2039,1994,2034,2040,2043
2059,2047,2022,2053,2022,2044,2044,2032
2063,2044,2018,2061,2033,2059,2038,2025
2054,2036,2006,2061,2045,2038,2030,2033
2048,2027,2011,2055,2039,2038,2023,2024
2045,2029,2020,2056,2061,2060,2045,2027
2047,2037,2023,2072,2156,2055,2045,2023
2057,2054,2044,2084,2206,2054,2056,2043
2064,2071,2088,2108,2255,2082,2059,2044
2064,2086,2131,2120,2262,2093,2045,2043
2059,2077,2149,2101,2236,2083,2054,2043
2061,2075,2145,2091,2249,2080,2064,2047
2058,2080,2134,2060,2219,2051,2040,2037
2057,2075,2116,2026,2172,2027,2045,2029
2055,2072,2106,2016,2077,2015,2052,2035
2060,2073,2087,1980,1794,1991,2045,2041
2054,2068,2072,1980,1782,1993,2027,2044
2065,2072,2066,2011,1852,2004,2027,2051
2060,2066,2067,2027,1897,2018,2030,2051
