CH1,CH2,CH3,CH4,CH5,CH6,CH7,CH8
2048,2064,2092,2008,2033,1992,2047,2088
2053,2072,2100,2010,2057,2025,2054,2085
2046,2061,2080,1999,2059,2054,2058,2084
2041,2054,2070,1984,2044,2061,2041,2088
2037,2033,2062,1980,2031,2049,2040,2078
2029,2037,2073,1990,2030,2052,2038,2085
2047,2057,2096,2003,2028,2053,2070,2099
2066,2082,2120,2022,2035,2056,2065,2096
2074,2101,2142,2044,2039,2058,2075,2092
2078,2109,2148,2057,2063,2062,2066,2083
2079,2101,2147,2061,2070,2066,2067,2070
2071,2085,2128,2057,2078,2063,2035,2056
2065,2069,2107,2058,2076,2064,2061,2037
2054,2056,2096,2059,2074,2064,2050,2028
2038,2053,2084,2053,2060,2053,2047,2020
2034,2055,2080,2055,2043,2046,2030,2030
2035,2066,2084,2061,2039,2024,2037,2040
2049,2069,2093,2072,2047,2003,2042,2039
2052,2076,2094,2075,2061,2004,2036,2040
2056,2074,2080,2068,2057,2009,2043,2034
2049,2058,2065,2058,2059,2030,2048,2024
2050,2053,2064,2052,2064,2064,2065,2019
2044,2055,2064,2052,2051,2068,2064,2012
2032,2050,2063,2047,2031,2063,2063,2021
2042,2048,2060,2042,2019,2057,2065,2025
2042,2051,2063,2042,2040,2052,2044,2034
2044,2048,2068,2054,2071,2025,2057,2046
2044,2061,2080,2071,2088,2014,2068,2064
2054,2060,2077,2072,2089,2028,2046,2067
2063,2060,2073,2066,2083,2043,2064,2073
2061,2049,2064,2056,2060,2036,2058,2072
2055,2039,2054,2046,2044,2025,2046,2066
2037,2036,2052,2044,2025,2009,2026,2065
2037,2034,2052,2052,2037,2019,2053,2077
2039,2039,2056,2059,2031,2027,2043,2072
2033,2020,2053,2070,2031,2016,2024,2067
2021,2008,2056,2074,2022,2016,2035,2066
2007,2002,2034,2077,2022,2025,2046,2072
2010,2009,2027,2078,2019,2026,2037,2072
2024,2018,2016,2066,2010,2023,2042,2065
2027,2025,2007,2061,1999,2040,2036,2066
2037,2031,2001,2069,2031,2062,2043,2064
2043,2041,1996,2075,2029,2054,2036,2048
2044,2043,1983,2055,2028,2054,2038,2041
2053,2052,1990,2070,2050,2073,2058,2035
2052,2053,1985,2063,2073,2077,2035,2039
2049,2046,1990,2053,2074,2074,2036,2041
2056,2044,1990,2043,2058,2071,2027,2037
2060,2042,1996,2016,2015,2046,2030,2025
2043,2026,1987,1978,1989,2030,2024,2016
2028,2017,1999,1970,1987,2035,2025,2016
2029,2034,2050,1993,2038,2052,2015,2026
2032,2056,2095,2023,2063,2058,2046,2028
2035,2072,2130,2028,2073,2090,2052,2033
2060,2100,2157,2046,2078,2110,2064,2037
2068,2102,2163,2053,2056,2099,2060,2041
2068,2092,2151,2056,2052,2096,2068,2043
2062,2087,2137,2053,2052,2074,2068,2045
2064,2090,2124,2067,2110,2052,2069,2056
2056,2081,2113,2067,2137,2062,2062,2065
2053,2075,2100,2061,2132,2077,2074,2067
2058,2073,2088,2059,2126,2086,2072,2080
2053,2067,2079,2058,2128,2082,2056,2077
2058,2066,2077,2058,2107,2073,2072,2081
2056,2059,2075,2057,2093,2060,2069,2090
2052,2053,2068,2051,2068,2059,2053,2083
2046,2050,2060,2046,2036,2053,2045,2090
2047,2044,2054,2038,1969,2045,2050,2091
2037,2047,2056,2037,1952,2051,2035,2093
2041,2054,2061,2050,2004,2076,2049,2089
2042,2055,2057,2042,2007,2099,2044,2074
2049,2050,2052,2036,1989,2097,2045,2067
2044,2043,2041,2022,1970,2088,2044,2063
2036,2041,2039,2022,1964,2070,2034,2053
2046,2048,2045,2033,1969,2020,2025,2056
2059,2058,2053,2052,2028,1993,2037,2055
2059,2057,2054,2059,2092,2032,2039,2035
2051,2042,2035,2052,2076,2061,2031,2029
2039,2031,2031,2057,2065,2071,1996,2024
2032,2032,2034,2072,2051,2082,2020,2022
2028,2038,2051,2080,2028,2059,2026,2023
2028,2041,2055,2093,2045,2031,2051,2024
2039,2046,2051,2097,2067,2024,2068,2029
2048,2040,2038,2081,2031,1996,2020,2020
2028,2020,2012,2058,2019,1979,2005,2021
2019,2011,2003,2062,2028,2008,2012,2014
2036,2028,2022,2068,2037,2026,2026,2011
2044,2044,2034,2065,2059,2042,2035,2013
2041,2054,2054,2090,2102,2053,2044,2022
2048,2056,2052,2097,2116,2056,2050,2026
2053,2047,2043,2090,2104,2060,2052,2028
2051,2046,2030,2069,2098,2061,2042,2036
2047,2042,2021,2048,2090,2064,2036,2039
2043,2039,2037,2033,2085,2061,2046,2042
2045,2049,2047,2031,2088,2060,2053,2050
2046,2052,2052,2022,2086,2057,2057,2065
2050,2048,2037,2017,2081,2059,2064,2069
2047,2049,2036,2028,2085,2052,2058,2063
2039,2049,2058,2039,2062,2043,2048,2081
2037,2054,2074,2049,2066,2045,2052,2082
2045,2048,2076,2051,2059,2051,2038,2076
2040,2045,2055,2046,2047,2060,2047,2074
2043,2044,2044,2032,2043,2067,2053,2072
2042,2047,2041,2022,2013,2066,2051,2070
2052,2055,2058,2027,2005,2056,2060,2081
2072,2068,2081,2034,2008,2012,2041,2089
2082,2076,2102,2058,2028,1973,2052,2083
2088,2078,2095,2057,2028,1998,2036,2073
2087,2071,2083,2044,2013,2028,2044,2058
2077,2057,2065,2042,2003,2029,2039,2041
2058,2054,2057,2045,1987,2043,2046,2036
2053,2047,2056,2057,2006,2063,2062,2033
2032,2047,2051,2070,2055,2077,2042,2025
2023,2043,2050,2073,2076,2068,2029,2022
2033,2047,2049,2083,2090,2050,2038,2020
2046,2051,2051,2097,2092,2041,2032,2018
2046,2048,2048,2095,2096,2038,2045,2015
2042,2038,2043,2086,2111,2038,2025,2016
2046,2042,2051,2090,2093,2032,2055,2025
2053,2058,2058,2092,2103,2018,2040,2031
2047,2061,2063,2092,2106,2015,2032,2032
2047,2060,2060,2082,2092,2022,2026,2026
2051,2053,2056,2073,2080,2016,2027,2036
2051,2052,2054,2061,2065,2000,2034,2036
2047,2051,2053,2043,2004,1989,2045,2037
2049,2047,2046,2023,1993,2002,2043,2038
2049,2045,2045,2024,2056,2019,2044,2040
2046,2049,2050,2019,2035,2027,2038,2050
2044,2060,2047,2022,2031,2032,2021,2065
2046,2056,2049,2024,2070,2055,2046,2074
2054,2059,2052,2029,2094,2074,2055,2076
2049,2056,2042,2034,2105,2082,2058,2074
2041,2050,2044,2039,2082,2077,2056,2072
2033,2037,2039,2031,2052,2062,2053,2070
2032,2036,2030,2025,2037,2061,2046,2076
2041,2043,2038,2015,2012,2066,2045,2081
2054,2046,2034,2011,2008,2056,2059,2077
2053,2045,2034,2021,2009,2053,2064,2069
2051,2051,2025,2026,2003,2057,2061,2064
2054,2044,2016,2036,2006,2054,2054,2046
2053,2037,1996,2037,2006,2045,2045,2032
2042,2022,1981,2033,2024,2040,2050,2023
2040,2023,1990,2060,2076,2055,2047,2020
2040,2019,1993,2070,2083,2050,2052,2020
2036,2006,1988,2064,2068,2043,2045,2011
2025,2007,1990,2064,2061,2039,2026,2004
2025,2007,1988,2069,2057,2039,2052,2013
2035,2006,1982,2065,2056,2034,2051,2009
2038,2004,1979,2063,2061,2029,2044,2013
2041,2004,1964,2061,2051,2016,2013,2000
2035,1995,1969,2055,2036,2015,2025,1997
2038,2008,1986,2038,2018,2015,2028,2000
2035,2019,2003,2000,1996,2022,2023,1991
2034,2028,2019,1994,2008,2031,2022,1988
2027,2032,2040,2002,2024,2042,2038,1994
2017,2040,2066,2024,2045,2055,2064,2009
2031,2061,2077,2037,2065,2063,2057,2024
2046,2071,2083,2038,2065,2059,2078,2029
2051,2069,2078,2020,2050,2056,2074,2035
2046,2069,2084,1999,2050,2050,2061,2044
2057,2081,2100,2005,2051,2048,2064,2059
2059,2085,2119,2012,2050,2045,2052,2067
2062,2076,2098,1998,2042,2041,2023,2069
2050,2059,2068,1998,2039,2038,2019,2076
2054,2064,2076,2021,2028,2036,2058,2082
2057,2069,2077,2044,2029,2037,2052,2073
2050,2058,2069,2040,2027,2033,2041,2073
2044,2052,2077,2041,2030,2040,2050,2077
2050,2064,2093,2047,2041,2047,2049,2087
2056,2071,2099,2055,2054,2058,2063,2079
2056,2070,2086,2040,2050,2056,2068,2071
2048,2060,2072,2037,2040,2060,2044,2058
2047,2063,2068,2035,2033,2060,2055,2046
2051,2060,2068,2037,2037,2058,2049,2040
2048,2064,2063,2039,2029,2033,2034,2039
2051,2065,2070,2048,2028,2006,2032,2040
2046,2068,2071,2054,2034,2013,2037,2045
2054,2070,2076,2054,2032,2019,2055,2042
2055,2073,2072,2057,2045,2038,2071,2033
2058,2064,2059,2049,2057,2062,2066,2023
2050,2052,2046,2040,2060,2068,2066,2017
2036,2038,2037,2043,2070,2068,2051,2018
2033,2035,2033,2041,2072,2072,2068,2009
2031,2045,2050,2052,2082,2068,2062,2012
2041,2057,2058,2062,2084,2073,2058,2017
2047,2062,2060,2054,2079,2072,2041,2002
2039,2056,2062,2055,2074,2064,2052,2000
2040,2059,2059,2052,2079,2067,2052,2018
2043,2059,2066,2055,2074,2062,2060,2025
2049,2061,2064,2056,2059,2053,2049,2029
2046,2050,2046,2045,2055,2049,2062,2039
2044,2045,2040,2043,2041,2039,2070,2043
2047,2046,2052,2043,2040,2053,2071,2057
2059,2052,2051,2045,2048,2054,2068,2057
2058,2039,2039,2041,2041,2048,2067,2059
2048,2033,2035,2045,2046,2041,2064,2070
2055,2043,2050,2050,2042,2044,2057,2067
2038,2043,2048,2050,2046,2042,2064,2062
2034,2034,2046,2057,2047,2042,2044,2072
2033,2030,2039,2049,2044,2036,2060,2060
2031,2030,2032,2047,2043,2039,2059,2069
2032,2046,2036,2051,2045,2059,2062,2080
2041,2054,2027,2051,2050,2069,2071,2084
2048,2061,2021,2052,2051,2066,2046,2087
2057,2065,2022,2049,2053,2067,2047,2074
2053,2059,2022,2044,2052,2067,2045,2062
2050,2049,2018,2046,2043,2079,2065,2048
2046,2038,2012,2032,1997,2085,2034,2043
2043,2036,2011,2023,1959,2071,2039,2030
2040,2034,2020,2020,1937,2066,2032,2025
2044,2035,2020,2012,1925,2048,2016,2013
2030,2034,2013,2000,1951,2019,2012,2013
2029,2033,2021,2024,2023,1991,2045,2026
2042,2044,2039,2052,2093,1994,2044,2028
2056,2056,2059,2071,2134,2027,2053,2032
2058,2060,2070,2074,2148,2055,2050,2030
2059,2045,2072,2069,2122,2056,2043,2023
2056,2047,2078,2072,2094,2054,2059,2019
2062,2054,2090,2077,2088,2052,2058,2024
2054,2053,2093,2076,2080,2051,2052,2028
2050,2055,2098,2078,2078,2059,2048,2025
2053,2058,2093,2073,2079,2076,2054,2023
2054,2053,2084,2074,2065,2080,2052,2028
2049,2055,2080,2067,2061,2082,2050,2034
2047,2052,2067,2064,2057,2075,2051,2039
2046,2046,2058,2062,2056,2042,2033,2053
2043,2051,2052,2069,2070,2023,2043,2063
2047,2054,2051,2069,2080,2028,2061,2066
2051,2059,2053,2068,2078,2044,2052,2069
2052,2057,2057,2061,2074,2059,2055,2075
2051,2055,2060,2065,2075,2060,2067,2078
2048,2056,2061,2054,2073,2049,2052,2085
2047,2057,2048,2055,2064,2037,2042,2082
2046,2045,2037,2037,2062,2036,2045,2084
2044,2047,2032,2044,2059,2042,2057,2083
2049,2054,2045,2046,2056,2050,2063,2083
2051,2057,2059,2059,2041,2048,2052,2076
2054,2061,2074,2069,2065,2050,2046,2068
2058,2057,2073,2076,2086,2054,2050,2061
2052,2054,2060,2074,2085,2054,2052,2063
2049,2054,2049,2081,2083,2058,2048,2048
2051,2052,2042,2078,2073,2055,2043,2044
2054,2045,2028,2059,2049,2052,2047,2044
2046,2038,2015,2045,2050,2049,2049,2035
2040,2034,2019,2043,2043,2046,2037,2027
2034,2036,2030,2045,2018,2036,2046,2022
2037,2043,2056,2060,2037,2036,2039,2020
2041,2058,2083,2078,2096,2054,2047,2021
2046,2067,2100,2081,2113,2058,2051,2022
2046,2061,2090,2072,2103,2052,2009,2016
2044,2052,2086,2072,2104,2065,2021,2015
2047,2066,2094,2069,2123,2083,2037,2025
2061,2062,2078,2050,2100,2083,2040,2028
2057,2063,2074,2053,2083,2074,2045,2024
2059,2060,2075,2063,2066,2044,2051,2034
2056,2065,2083,2081,2059,2025,2046,2039
2060,2063,2081,2069,1986,2022,2042,2044
2045,2054,2064,2042,1944,2018,2027,2042
2045,2045,2033,2023,1941,2024,2017,2038
2045,2041,2028,2009,1934,2021,2015,2050
2052,2042,2019,1995,1925,2017,2017,2056
2054,2043,2011,1981,1928,2008,2010,2051
2044,2028,2008,1975,1973,2008,2000,2064
2046,2036,2029,2017,2051,2030,2035,2090
2056,2057,2060,2064,2106,2063,2058,2100
2066,2066,2069,2068,2121,2082,2053,2091
2057,2057,2054,2055,2105,2077,2053,2097
2049,2049,2047,2046,2086,2075,2045,2098
2057,2060,2056,2043,2062,2061,2071,2093
2057,2062,2056,2044,2051,2052,2072,2095
2056,2065,2057,2041,2046,2040,2049,2078
2051,2062,2060,2042,2033,2048,2044,2074
2049,2063,2054,2037,2031,2046,2051,2065
2054,2063,2058,2038,2031,2046,2035,2060
2058,2060,2054,2036,2023,2043,2035,2048
2056,2058,2050,2042,2019,2040,2037,2038
2050,2051,2040,2044,2021,2033,2022,2035
2046,2038,2028,2051,2033,2037,2024,2032
2043,2042,2028,2043,2042,2042,2037,2024
2047,2046,2021,2047,2035,2042,2048,2025
2049,2043,2029,2049,2032,2038,2058,2025
2045,2033,2034,2052,2026,2044,2042,2021
2044,2034,2029,2056,2026,2030,2042,2012
2036,2019,2022,2056,2019,2028,2035,2009
2031,2022,2020,2057,2013,2024,2040,2011
2044,2036,2039,2059,2017,2028,2040,2001
2042,2046,2041,2069,2057,2042,2030,2002
2046,2045,2032,2068,2063,2046,2041,2006
2043,2031,2030,2067,2075,2048,2043,2024
2041,2035,2030,2078,2091,2052,2053,2029
2037,2038,2042,2090,2107,2057,2043,2030
2039,2039,2045,2107,2106,2052,2040,2042
2043,2038,2045,2098,2103,2047,2045,2049
2039,2028,2032,2079,2082,2046,2036,2060
2035,2028,2032,2064,2079,2049,2045,2071
2048,2033,2046,2067,2080,2060,2028,2080
2060,2042,2079,2068,2092,2068,2043,2088
2066,2049,2079,2069,2108,2069,2059,2091
2063,2050,2069,2067,2093,2070,2065,2095
2055,2047,2051,2058,2043,2069,2048,2084
2044,2026,2036,2062,2020,2062,2058,2100
2055,2017,2032,2060,2028,2056,2049,2101
2055,2015,2028,2053,2034,2051,2042,2088
2047,2020,2035,2043,2038,2063,2029,2072
2036,2022,2029,2035,2041,2086,2047,2064
2043,2032,2033,2034,2040,2096,2045,2062
2051,2033,2034,2037,2044,2092,2036,2054
2048,2038,2026,2018,2034,2076,2023,2037
2046,2031,2011,2005,2025,2041,2028,2052
2061,2038,2022,2013,2047,1994,2028,2056
2032,2046,2028,2020,2057,1994,2012,2042
2020,2062,2053,2022,2052,2025,2017,2030
2040,2076,2049,2007,2020,2061,2029,2020
2050,2068,2042,1990,1971,2070,2008,2003
2053,2057,2039,1996,1957,2071,2005,2001
2049,2061,2050,2003,1943,2043,2005,2001
2049,2058,2046,2016,1954,1985,2002,2025
2048,2057,2048,2042,2036,1963,2008,2039
2061,2060,2051,2061,2135,2022,2024,2029
2055,2052,2050,2064,2141,2046,2022,2024
2060,2056,2064,2056,2112,2041,2020,2013
2057,2056,2077,2054,2093,2044,2040,2016
2050,2046,2078,2045,2081,2041,2026,2030
2044,2044,2077,2047,2075,2046,2046,2042
2036,2049,2074,2052,2080,2042,2044,2056
2044,2053,2068,2047,2076,2042,2015,2069
2052,2051,2065,2050,2078,2037,2015,2071
2053,2056,2061,2052,2072,2042,2044,2078
2054,2059,2060,2055,2077,2045,2018,2078
2053,2054,2051,2055,2074,2047,2039,2082
2051,2045,2042,2053,2068,2048,2022,2086
2044,2040,2027,2054,2054,2049,2018,2087
2031,2031,2033,2051,2041,2041,2025,2084
2030,2026,2038,2049,2029,2039,2020,2089
2027,2032,2036,2051,2035,2048,2044,2083
2039,2033,2040,2056,2044,2054,2046,2079
2049,2046,2041,2070,2047,2066,2065,2075
2054,2046,2032,2065,2038,2066,2059,2068
2052,2040,2029,2067,2045,2060,2067,2062
2046,2041,2030,2073,2038,2051,2047,2056
2048,2048,2032,2078,2047,2045,2059,2049
2040,2052,2038,2069,2065,2058,2047,2038
2043,2045,2031,2070,2073,2060,2044,2030
2046,2045,2029,2078,2060,2067,2027,2033
2049,2045,2034,2078,2055,2077,2035,2020
2045,2039,2047,2082,2051,2076,2038,2015
2054,2042,2060,2085,2053,2071,2036,2017
2045,2043,2056,2076,2054,2064,2038,2008
2043,2037,2044,2061,2037,2020,2015,2013
2034,2029,2037,2046,2031,1979,2016,2015
2028,2039,2045,2043,2029,1985,2004,2020
2029,2053,2058,2042,2043,2016,2018,2026
2038,2071,2080,2052,2064,2060,2026,2023
2045,2069,2089,2045,2072,2078,2050,2030
2052,2069,2081,2033,2068,2075,2047,2038
2056,2069,2064,2023,2075,2066,2038,2046
2056,2059,2047,2017,2064,2057,2047,2048
2050,2041,2046,2016,2060,2056,2041,2050
2045,2040,2044,2014,2056,2052,2035,2052
2045,2043,2058,2021,2051,2053,2025,2059
2045,2051,2061,2029,2053,2054,2026,2074
2049,2054,2064,2030,2049,2050,2050,2078
2045,2055,2062,2022,2042,2050,2039,2084
2053,2052,2060,2017,2040,2053,2022,2082
2045,2044,2051,2015,2022,2032,2006,2073
2038,2036,2051,2017,2020,2035,2027,2078
2042,2056,2062,2016,2021,2037,2038,2077
2040,2050,2063,2022,2021,2036,2037,2076
2044,2054,2060,2028,2015,2038,2042,2075
2049,2052,2055,2027,2019,2040,2041,2056
2046,2050,2051,2027,2013,2034,2040,2050
2045,2046,2045,2021,2001,2033,2038,2038
2046,2051,2054,2031,1973,2019,2034,2043
2051,2052,2056,2026,1937,1999,2022,2040
2051,2053,2053,2029,1945,2001,2028,2039
2046,2046,2051,2029,1985,2015,2028,2030
2044,2049,2056,2046,2031,2042,2047,2034
2050,2052,2055,2062,2078,2063,2053,2040
2055,2056,2053,2065,2084,2090,2064,2038
2059,2056,2052,2061,2087,2116,2056,2025
2055,2044,2036,2050,2059,2096,2045,2025
2047,2035,2041,2052,2033,2072,2042,2030
2061,2040,2047,2050,2016,2055,2042,2022
2056,2042,2049,2050,2048,2010,2044,2026
2055,2044,2035,2057,2087,2019,2056,2020
2053,2044,2040,2075,2127,2054,2043,2032
2060,2050,2046,2087,2132,2066,2048,2033
2060,2047,2044,2080,2097,2067,2048,2029
2052,2040,2032,2073,2083,2060,2043,2037
2049,2040,2024,2073,2096,2073,2054,2049
2042,2040,2016,2078,2094,2076,2031,2054
2043,2040,2021,2076,2084,2066,2034,2056
2042,2031,2010,2051,2067,2085,2034,2054
2029,2022,2006,2021,2035,2093,2031,2059
2025,2025,2009,2003,1995,2083,2007,2059
2031,2035,2023,1998,1970,2069,2026,2058
2026,2026,2027,1979,1959,2030,2029,2068
2034,2022,2026,1984,1983,1980,2038,2079
2042,2036,2025,2027,2053,1983,2059,2091
2053,2038,2035,2056,2108,2021,2050,2078
2044,2040,2047,2062,2126,2047,2055,2062
2045,2036,2031,2061,2112,2061,2055,2058
2045,2030,2020,2049,2091,2066,2045,2044
2029,2027,2012,2038,2058,2057,2048,2040
2035,2032,2015,2041,2055,2054,2056,2033
2028,2049,2035,2046,2054,2055,2044,2033
2034,2053,2050,2056,2057,2056,2052,2026
2033,2049,2050,2063,2052,2044,2021,2027
2034,2042,2041,2053,2045,2040,2017,2026
2039,2039,2050,2050,2040,2039,2022,2028
2047,2048,2058,2042,2044,2038,2036,2022
2035,2043,2039,2014,2035,2036,2045,2019
2026,2027,2026,2005,2032,2035,2044,2020
2038,2045,2054,2025,2037,2040,2061,2030
2054,2079,2089,2044,2048,2056,2053,2039
2060,2092,2090,2054,2057,2058,2056,2043
2059,2088,2094,2052,2062,2062,2044,2043
2062,2083,2094,2050,2069,2067,2068,2044
2065,2073,2084,2054,2060,2068,2055,2048
2062,2066,2072,2038,2038,2076,2049,2044
2053,2065,2066,2022,2030,2081,2052,2043
2051,2061,2065,2021,2027,2076,2048,2045
2051,2062,2063,2022,2026,2052,2027,2059
2052,2060,2055,2028,2045,2024,2027,2078
2056,2070,2061,2046,2084,2026,2058,2091
2051,2066,2071,2054,2091,2040,2063,2103
2049,2067,2064,2047,2098,2058,2058,2101
2046,2063,2064,2054,2098,2058,2059,2096
2046,2056,2053,2049,2078,2041,2034,2089
2045,2049,2045,2043,2073,2036,2028,2092
2041,2057,2045,2043,2068,2054,2055,2091
2050,2058,2045,2049,2095,2056,2041,2089
2050,2058,2053,2042,2105,2054,2041,2082
2060,2057,2046,2044,2099,2044,2051,2076
2057,2055,2034,2044,2106,2057,2046,2073
2057,2049,2028,2052,2112,2053,2065,2067
2058,2045,2033,2051,2106,2057,2038,2054
2058,2051,2026,2052,2098,2058,2041,2046
2060,2055,2027,2059,2080,2051,2043,2043
2056,2048,2020,2052,2048,2044,2045,2032
2048,2045,2036,2057,1956,2033,2025,2026
2043,2051,2043,2049,1904,2025,2021,2022
2034,2042,2041,2051,1983,2030,2017,2015
2029,2035,2036,2050,2041,2037,2018,2012
2027,2026,2038,2056,2055,2028,2018,1998
2019,2023,2039,2064,2028,2011,2022,2001
2027,2027,2053,2066,2018,2014,2036,2003
2032,2024,2044,2077,2035,2025,2042,2007
2036,2028,2053,2083,2052,2031,2048,2005
2035,2038,2060,2088,2053,2040,2068,2015
2046,2043,2065,2090,2073,2047,2060,2029
2050,2048,2064,2084,2072,2043,2053,2033
2041,2034,2056,2069,2062,2040,2056,2043
2033,2039,2049,2067,2050,2035,2049,2040
2034,2049,2049,2065,2038,2038,2057,2050
2043,2052,2051,2068,2033,2041,2072,2050
2033,2044,2034,2052,2032,2039,2046,2051
2029,2033,2024,2044,2039,2033,2056,2062
2030,2030,2024,2047,2045,2034,2050,2075
2046,2035,2021,2041,2038,2034,2050,2075
2050,2025,2010,2026,2024,2020,2047,2073
2043,2021,1996,2001,2010,2013,2047,2088
2033,2038,2023,1990,2003,2017,2030,2091
2054,2056,2039,1983,1997,2020,2026,2085
2046,2060,2050,1982,1974,2009,2032,2076
2044,2063,2071,1988,1972,2015,2033,2066
2042,2073,2079,2009,1983,2020,2035,2060
2048,2068,2071,2006,1989,2030,2038,2047
2043,2062,2057,2020,2021,2051,2050,2056
2052,2063,2063,2048,2065,2074,2062,2056
2055,2066,2068,2061,2073,2085,2060,2051
2054,2067,2062,2056,2067,2092,2072,2038
2054,2057,2066,2057,2062,2100,2053,2031
2051,2054,2054,2043,2054,2096,2054,2033
2054,2047,2046,2037,2046,2092,2033,2031
2054,2047,2054,2041,2046,2044,2035,2026
2055,2056,2049,2040,2031,1998,2033,2017
2047,2050,2047,2040,2037,2002,2018,2022
2041,2045,2049,2040,2038,2019,2029,2019
2047,2053,2054,2050,2043,2036,2046,2017
2043,2054,2051,2046,2050,2045,2031,2023
2042,2051,2045,2053,2044,2053,2061,2028
2045,2053,2048,2049,2052,2058,2057,2032
2044,2050,2052,2054,2053,2057,2056,2036
2055,2051,2052,2052,2056,2057,2057,2039
2057,2047,2044,2052,2059,2053,2039,2046
2052,2039,2045,2050,2053,2060,2039,2057
2056,2046,2051,2050,2060,2067,2046,2065
2047,2051,2051,2049,2060,2081,2044,2062
2043,2052,2051,2038,2028,2106,2039,2059
2044,2051,2051,2025,1980,2108,2035,2056
2032,2049,2045,2021,1958,2110,2021,2057
2026,2044,2045,2012,1936,2097,2032,2051
2026,2038,2039,2016,1946,2003,2049,2081
2042,2046,2049,2054,2023,1947,2057,2097
2052,2057,2060,2067,2084,2002,2081,2098
2054,2063,2060,2074,2074,2008,2056,2107
2060,2060,2066,2074,2053,1998,2046,2104
2058,2056,2060,2072,2037,1981,2040,2088
2054,2063,2065,2061,2002,1970,2042,2073
2049,2057,2059,2042,1987,1972,2038,2062
2053,2058,2054,2034,1976,1973,2026,2052
2047,2056,2045,2029,1997,1979,2035,2042
2043,2044,2043,2035,2032,1996,2033,2032
2049,2045,2042,2045,2040,2001,2041,2035
2044,2049,2047,2052,2043,2005,2055,2036
2052,2045,2044,2053,2054,2018,2052,2029
2054,2041,2033,2039,2053,2037,2030,2023
2049,2042,2036,2050,2078,2040,2036,2020
2051,2043,2052,2070,2104,2048,2042,2030
2044,2044,2045,2073,2116,2068,2047,2030
2039,2040,2040,2072,2125,2115,2066,2020
2045,2044,2048,2070,2118,2132,2059,2022
2039,2037,2040,2065,2100,2121,2066,2022
2045,2047,2044,2058,2090,2103,2058,2028
2046,2045,2043,2062,2089,2085,2077,2039
2046,2047,2052,2066,2088,2076,2083,2033
2054,2050,2051,2066,2089,2067,2096,2040
2054,2050,2042,2066,2076,2060,2104,2043
2047,2045,2050,2059,2074,2060,2073,2051
2040,2041,2047,2063,2082,2073,2059,2051
2047,2044,2043,2065,2091,2079,2072,2057
2046,2042,2046,2063,2077,2066,2053,2068
2043,2044,2045,2051,2039,2041,2039,2064
2043,2040,2041,2055,2032,2022,2046,2072
2041,2041,2040,2063,2067,2004,2072,2085
2039,2033,2038,2066,2078,2017,2062,2085
2043,2032,2034,2064,2078,2047,2077,2081
2050,2041,2043,2066,2054,2067,2062,2073
2050,2036,2040,2059,2015,2080,2072,2062
2042,2039,2044,2052,1999,2104,2080,2053
2036,2040,2038,2039,1976,2110,2076,2045
2046,2043,2036,2031,1919,2080,2046,2046
2044,2046,2038,2026,1936,2042,2045,2044
2043,2045,2043,2026,1972,2042,2048,2038
2047,2047,2043,2028,1959,2049,2044,2024
2043,2044,2041,2019,1911,2062,2052,2021
2042,2041,2038,2016,1893,2056,2067,2019
2043,2038,2026,2010,1908,2014,2067,2022
2046,2037,2026,2019,1956,1993,2083,2033
2054,2049,2039,2045,2026,2018,2108,2034
2064,2055,2054,2067,2085,2050,2102,2038
2064,2048,2049,2051,2040,2056,2087,2026
2062,2054,2047,2035,2002,2066,2076,2029
2068,2064,2059,2054,2019,2057,2072,2034
2071,2061,2064,2070,2047,2071,2051,2031
2063,2063,2058,2073,2094,2098,2047,2024
2063,2052,2043,2060,2139,2123,2056,2028
2053,2046,2040,2060,2159,2154,2065,2031
2054,2043,2038,2063,2153,2178,2054,2033
2051,2038,2031,2060,2129,2147,2062,2035
2052,2039,2035,2058,2110,2038,2032,2040
2060,2041,2040,2052,2131,1960,2022,2053
2059,2047,2042,2055,2172,1989,2064,2058
2061,2036,2045,2060,2186,2003,2078,2071
2051,2039,2040,2055,2170,2005,2074,2071
2045,2035,2039,2047,2149,2009,2057,2080
2041,2031,2024,2043,2144,2011,2025,2073
2028,2018,2017,2043,2147,2023,2012,2062
2025,2024,2022,2044,2134,2071,2035,2062
2031,2043,2045,2050,2077,2088,2038,2057
2044,2048,2040,2035,1941,2091,2017,2046
2036,2043,2031,2000,1803,2046,1998,2032
2032,2036,2024,1975,1745,1983,1996,2031
2040,2032,2011,1955,1730,1922,1987,2025
2037,2026,2002,1954,1769,1919,2004,2027
2042,2030,2012,1994,1906,1970,2038,2026
2044,2028,2023,2023,2064,2077,2072,2014
2049,2041,2032,2068,2185,2128,2102,2014
2056,2046,2047,2100,2221,2112,2108,2028
2067,2053,2048,2090,2177,2085,2101,2029
2039,2044,2040,2073,2128,2083,2089,2021
2024,2036,2029,2061,2110,2080,2087,2015
2031,2036,2036,2055,2101,2073,2078,2015
2032,2021,2025,2044,2085,2048,2056,2011
2026,2017,2024,2041,2070,2035,2057,2007
2026,2024,2032,2046,2071,2045,2060,2010
2038,2031,2039,2051,2057,2046,2060,2011
2033,2026,2036,2050,2050,2058,2085,2014
2041,2035,2043,2058,2056,2070,2080,2034
2050,2045,2051,2064,2070,2072,2092,2039
2057,2046,2053,2059,2078,2058,2100,2045
2048,2042,2052,2053,2080,2056,2093,2047
2041,2042,2047,2055,2083,2075,2074,2047
2037,2037,2040,2049,2081,2084,2090,2054
2040,2030,2041,2035,2043,2066,2083,2079
2055,2037,2037,2026,2028,2062,2079,2090
2061,2054,2049,2039,2054,2078,2080,2104
2080,2061,2059,2056,2059,2093,2068,2115
2083,2069,2062,2055,2031,2086,2065,2107
2074,2052,2050,2045,1971,2074,2042,2096
2064,2055,2054,2055,1992,2080,2079,2090
2063,2071,2069,2057,2037,2092,2082,2082
2055,2060,2064,2060,2061,2101,2075,2080
2057,2058,2058,2058,2108,2086,2086,2081
2058,2050,2056,2059,2171,2096,2105,2076
2053,2046,2042,2055,2157,2110,2113,2049
2038,2044,2041,2061,2114,2114,2092,2025
2032,2046,2042,2053,2049,2041,2079,2020
2030,2045,2044,2039,2003,1983,2033,2023
2041,2052,2047,2042,2029,1978,2024,2026
2050,2056,2050,2042,2042,1992,2014,2022
2053,2056,2048,2042,2053,2006,2030,2017
2045,2048,2041,2038,2038,2008,2033,2011
2042,2043,2036,2018,1945,1996,2016,1998
2035,2037,2034,2016,1963,2011,2003,2002
2040,2033,2041,2024,1995,2001,1992,1998
2039,2049,2048,2040,2014,1969,1996,2003
2052,2064,2052,2044,2037,1981,2032,2017
2056,2070,2060,2054,2045,2001,2045,2029
2059,2070,2058,2056,2055,2008,2046,2022
2060,2065,2058,2053,2045,2014,2059,2030
2061,2056,2053,2053,2040,2023,2049,2034
2059,2056,2046,2046,2037,2019,2035,2036
2050,2050,2049,2044,2022,2010,2037,2030
2039,2041,2041,2038,2021,2009,2049,2027
2036,2038,2038,2044,2057,2021,2059,2028
2032,2034,2035,2047,2067,2021,2041,2033
2031,2028,2042,2049,2060,2025,2026,2038
2025,2032,2042,2056,2059,1996,2006,2065
2038,2039,2058,2059,2053,1971,1974,2073
2042,2048,2055,2065,2057,1973,1978,2070
2043,2040,2047,2057,2057,1983,1994,2066
2034,2034,2045,2053,2050,2026,2033,2070
2031,2034,2047,2051,2044,2051,2064,2071
2034,2043,2049,2045,2035,2035,2059,2072
2043,2050,2054,2051,2039,2018,2079,2074
2053,2061,2053,2054,2033,2024,2089,2074
2064,2061,2065,2058,2035,2018,2090,2073
2062,2056,2062,2063,2042,2012,2104,2064
2066,2059,2064,2064,2041,2012,2114,2056
2059,2064,2063,2066,2060,2002,2123,2049
2050,2058,2062,2072,2060,2012,2107,2037
2034,2048,2059,2058,2054,2031,2087,2016
2030,2044,2044,2053,2053,2049,2002,1999
2034,2044,2051,2061,2059,2071,1989,1999
2036,2041,2055,2074,2084,2110,1973,2000
2045,2041,2044,2066,2083,2121,1938,2002
2058,2040,2040,2051,2051,2128,1971,2015
2060,2033,2039,2038,2032,2132,2038,2020
2063,2043,2051,2051,2038,2128,2052,2016
2059,2055,2056,2057,2030,2126,2062,2015
2055,2054,2060,2063,2034,2120,2065,2018
2055,2057,2059,2060,2074,2097,2062,2033
2059,2061,2066,2068,2095,2108,2079,2037
2061,2060,2065,2056,2071,2102,2057,2040
2051,2051,2051,2051,2069,2070,2047,2034
2045,2042,2045,2042,2025,2034,2017,2033
2039,2046,2045,2022,1948,2032,2011,2021
2033,2046,2043,2027,1970,2035,2002,2030
2032,2047,2042,2033,1998,2020,2007,2036
2036,2049,2048,2034,2026,2028,2005,2042
2037,2047,2048,2043,2048,2020,2018,2049
2036,2043,2044,2048,2098,2009,2042,2059
2043,2045,2042,2056,2121,2016,2029,2054
2026,2033,2040,2049,2111,2035,2026,2048
2020,2045,2048,2049,2090,2061,2036,2045
2025,2052,2049,2049,2080,2067,2009,2036
2025,2047,2050,2049,2074,2048,2007,2037
2028,2049,2046,2047,2072,2037,2003,2033
2030,2053,2047,2051,2079,2042,2013,2026
2033,2050,2038,2041,2070,2051,2016,2017
2027,2043,2036,2044,2109,2058,2018,2012
2025,2035,2028,2039,2129,2059,2040,2015
2034,2033,2025,2042,2141,2056,2032,2027
2044,2034,2023,2046,2154,2058,2041,2035
2049,2028,2025,2047,2145,2053,2056,2018
2038,2022,2023,2050,2134,2068,2065,2018
2029,2021,2029,2055,2120,2077,2056,2006
2030,2026,2038,2052,2099,2076,2068,2005
2034,2026,2032,2041,2057,2068,2033,2008
2031,2019,2018,2029,1951,2053,2022,2007
2025,2019,2021,2021,1941,2057,2025,2005
2033,2025,2024,2026,1983,2077,2035,2002
2033,2017,2009,2034,2014,2093,2045,1996
2021,2008,2008,2033,2036,2103,2072,1997
2024,2002,2004,2037,2055,2131,2050,2009
2027,2010,2011,2042,2056,2150,2018,2028
2020,2014,2007,2044,2054,2125,2019,2015
2015,2014,2010,2039,2053,2025,1993,2019
2023,2020,2008,2046,2052,1926,1974,2029
2028,2022,2017,2040,2056,1953,2018,2058
2044,2031,2021,2052,2061,2005,2045,2064
2044,2041,2016,2049,2050,2008,2033,2067
2051,2037,2008,2037,2043,2005,2014,2068
2040,2032,1997,2036,2034,1995,2012,2064
2032,2024,1992,2031,2021,1987,2011,2052
2016,2008,1986,2028,2024,1995,2012,2055
2028,2022,1998,2041,2030,2008,2024,2066
2041,2056,2031,2048,2038,2013,2029,2067
2054,2064,2048,2053,2035,2024,2034,2063
2051,2060,2064,2049,2036,2033,2046,2057
2049,2059,2079,2050,2042,2040,2044,2057
2051,2070,2099,2057,2044,2053,2043,2054
2057,2077,2104,2055,2046,2053,2052,2038
2053,2073,2109,2059,2045,2052,2033,2023
2040,2070,2106,2058,2043,2055,2033,2015
2043,2065,2090,2055,2047,2059,2025,2015
2043,2055,2083,2047,2049,2062,2041,2023
2054,2053,2070,2045,2056,2059,2031,2026
2065,2058,2076,2044,2064,2057,2033,2022
2072,2072,2085,2046,2064,2058,2042,2024
2072,2077,2087,2050,2066,2056,2036,2005
2056,2055,2075,2048,2063,2062,2019,2011
2055,2054,2074,2053,2071,2082,2041,2017
2052,2062,2080,2056,2063,2098,2050,2005
2037,2054,2069,2042,2032,2103,2034,1998
2030,2047,2064,2025,2009,2098,2042,1993
2030,2044,2059,2022,1992,2094,2041,2004
2034,2047,2050,2027,1999,2078,2043,2020
2046,2046,2050,2048,2034,2044,2054,2031
2041,2048,2046,2061,2093,2033,2049,2044
2046,2044,2051,2071,2125,2050,2067,2045
2047,2042,2053,2068,2115,2060,2046,2049
2042,2045,2040,2065,2102,2052,2049,2043
2037,2046,2040,2056,2090,2039,2039,2046
2036,2041,2039,2052,2056,2011,2051,2052
2035,2044,2044,2051,2047,2020,2041,2053
2039,2039,2030,2055,2045,2029,2007,2049
2030,2033,2030,2059,2039,2052,2010,2062
2032,2033,2037,2070,2037,2080,2036,2070
2035,2035,2059,2093,2048,2080,2021,2057
2042,2024,2066,2112,2047,2036,2003,2048
2039,2026,2073,2130,2064,2018,2009,2048
2041,2024,2085,2136,2079,2041,2028,2039
2030,2023,2079,2130,2053,2060,2021,2030
2035,2022,2076,2133,2096,2085,2028,2022
2043,2037,2081,2151,2119,2089,2032,2020
2039,2048,2075,2149,2110,2065,2020,2015
2041,2053,2068,2148,2110,2042,2041,2016
2049,2055,2058,2147,2099,2031,2033,2008
2053,2057,2040,2140,2094,2042,2034,1995
2044,2045,2022,2124,2100,2056,2045,1996
2032,2041,2008,2099,2084,2045,2041,2002
2031,2041,2000,2066,2039,2029,2009,1994
2028,2029,1996,2032,2018,2023,2024,1994
2026,2029,1993,1997,1984,2005,2031,1996
2020,2027,1999,1939,1933,1956,2033,1980
2004,2021,1986,1880,1882,1940,2000,1976
2012,2032,2013,1876,1878,1947,2004,1983
2028,2066,2062,1911,1963,1975,2020,2006
2050,2086,2082,1950,2055,2021,2046,2039
2069,2096,2083,1980,2110,2053,2063,2054
2079,2092,2072,2003,2140,2075,2078,2067
2082,2093,2064,2022,2151,2095,2081,2068
2083,2087,2082,2045,2129,2087,2053,2064
2070,2085,2090,2050,2100,2070,2057,2054
2062,2076,2094,2058,2090,2068,2056,2061
2062,2073,2097,2073,2089,2067,2028,2062
2058,2062,2086,2072,2086,2081,2024,2058
2049,2063,2071,2067,2064,2063,2016,2059
2041,2053,2060,2058,2050,2057,2016,2068
2043,2054,2049,2054,2056,2103,2035,2073
2057,2069,2060,2067,2061,2130,2047,2066
2056,2070,2057,2060,2066,2107,2055,2056
2056,2064,2058,2055,2049,1998,2040,2048
2046,2058,2056,2054,2036,1985,2017,2044
2044,2054,2047,2032,1994,2031,2005,2036
2038,2033,2025,1993,1937,2031,2013,2003
2010,2004,2001,1951,1913,2020,1980,1977
2000,1990,1992,1944,1942,2016,1999,1975
2004,2006,2001,1973,2017,1990,2018,1993
2025,2028,2023,2005,2062,1994,2041,2012
2034,2044,2042,2022,2084,2031,2052,2010
2045,2052,2069,2037,2076,2045,2028,2013
2050,2060,2075,2049,2072,2045,2040,2009
2056,2059,2077,2053,2065,2051,2039,2003
2045,2043,2056,2042,2054,2052,2048,1999
2031,2035,2038,2027,2016,2073,2056,1996
2026,2029,2027,2013,1972,2069,2056,2004
2024,2029,2025,2006,1952,2061,2045,2008
2032,2045,2046,2016,1947,2042,2024,2024
2049,2066,2084,2047,1975,1996,2047,2045
2065,2073,2094,2068,2049,1998,2073,2044
2064,2076,2096,2081,2097,2057,2089,2036
2063,2080,2096,2086,2101,2093,2082,2043
2050,2070,2089,2073,2062,2095,2060,2043
2047,2061,2085,2055,2016,2077,2048,2040
2036,2043,2073,2045,2019,2074,2019,2040
2031,2042,2058,2069,2060,2054,2004,2057
2039,2043,2050,2081,2097,2052,2034,2065
2040,2042,2039,2084,2090,2036,2056,2066
2044,2050,2044,2075,2095,2038,2051,2066
2044,2032,2030,2067,2090,2040,2049,2065
2031,2028,2040,2069,2067,2035,2027,2063
2036,2023,2046,2068,2043,2027,2054,2065
2039,2029,2056,2060,2020,2006,2043,2059
2038,2038,2069,2061,2003,1994,2043,2061
2038,2041,2072,2060,2018,2008,2053,2056
2043,2045,2086,2076,2033,2024,2038,2043
2046,2061,2090,2080,2017,2023,2033,2027
2038,2069,2090,2079,2000,2024,2036,2024
2035,2063,2089,2081,2028,2042,2039,2020
2040,2066,2088,2077,2045,2059,2039,2021
2041,2060,2078,2077,2045,2059,2033,2017
2051,2053,2064,2068,2060,2059,2033,2015
2052,2044,2048,2034,2070,2057,2069,2011
2056,2037,2037,2030,2073,2050,2057,2010
2057,2043,2048,2040,2069,2050,2048,2004
2055,2046,2049,2053,2073,2052,2058,1994
2043,2031,2051,2048,2075,2047,2061,1981
2032,2031,2057,2055,2080,2045,2041,1992
2025,2026,2054,2058,2084,2039,2049,2000
2002,2016,2053,2060,2085,2046,2048,2000
2005,2035,2060,2074,2080,2054,2039,2013
2034,2048,2073,2079,2089,2060,2033,2021
2040,2053,2075,2086,2105,2105,2049,2024
2041,2056,2087,2087,2102,2144,2066,2024
2036,2052,2092,2078,2075,2161,2040,2030
2041,2045,2091,2081,2076,2161,2055,2032
2039,2035,2074,2079,2079,2111,2053,2041
2040,2033,2076,2088,2148,2061,2085,2059
2045,2044,2064,2104,2189,2097,2080,2069
2042,2041,2043,2086,2133,2150,2081,2064
2040,2036,2027,2046,2009,2115,2068,2062
2034,2026,2009,2010,1909,1990,2037,2062
2023,2021,2001,1994,1924,1914,2039,2065
2030,2032,2016,2001,1970,1956,2046,2068
2038,2046,2028,2030,2042,2018,2061,2065
2048,2060,2049,2050,2110,2048,2066,2061
2051,2066,2074,2061,2160,2069,2062,2046
2051,2074,2073,2049,2146,2063,2049,2035
2039,2063,2074,2034,2042,2053,2048,2023
2044,2060,2086,2036,1975,2047,2045,2024
2043,2064,2087,2039,1977,2019,2023,2019
2039,2066,2082,2036,1996,1997,2035,2014
2039,2071,2090,2037,1973,2001,2025,2007
2046,2066,2080,2026,1986,2012,2023,2001
2051,2063,2072,2029,2011,2019,2045,2006
2042,2054,2067,2028,2036,2028,2036,2003
2043,2052,2063,2036,2056,2045,2060,2001
2044,2049,2053,2037,2055,2043,2048,2000
2040,2040,2053,2042,2055,2042,2031,1991
2039,2043,2052,2052,2054,2045,2054,2004
2049,2053,2058,2059,2055,2056,2046,2015
2053,2055,2057,2059,2063,2055,2063,2017
2057,2062,2060,2053,2062,2044,2057,2020
2055,2056,2061,2049,2055,2028,2061,2021
2053,2058,2059,2049,2054,2032,2071,2028
2054,2057,2057,2056,2065,2034,2076,2020
2041,2056,2060,2056,2056,2041,2069,2018
2035,2047,2056,2056,2051,2040,2060,2024
2031,2041,2048,2050,2053,2039,2063,2035
2034,2034,2053,2043,2041,2029,2049,2039
2034,2038,2049,2045,2036,2034,2017,2046
2029,2050,2054,2047,2045,2047,2028,2053
2031,2040,2053,2053,2050,2050,2032,2055
2031,2039,2054,2051,2048,2052,2050,2047
2024,2033,2042,2041,2032,2034,2037,2049
2025,2032,2038,2038,2031,2029,2035,2053
2028,2043,2045,2046,2044,2041,2044,2059
2032,2044,2051,2047,2050,2047,2031,2061
2033,2035,2048,2043,2042,2050,2040,2059
2041,2036,2044,2038,2035,2056,2061,2056
2037,2031,2042,2033,2027,2064,2063,2044
2036,2029,2041,2040,2029,2062,2057,2036
2034,2027,2038,2041,2029,2057,2044,2032
2038,2032,2041,2046,2022,2051,2028,2027
2035,2044,2042,2045,2030,2052,2036,2028
2040,2045,2042,2048,2032,2057,2022,2010
2032,2037,2046,2046,2004,2066,2019,1988
2023,2039,2041,2030,1978,2062,2008,1977
2019,2020,2033,2022,1965,2061,2010,1974
2028,2018,2036,2014,1961,2058,2029,1994
2038,2029,2047,2019,1976,2027,2033,2009
2044,2025,2052,2031,2028,2011,2047,2016
2054,2032,2057,2046,2079,2040,2064,2031
2071,2051,2061,2055,2102,2066,2058,2024
2080,2066,2068,2060,2106,2084,2063,2011
2076,2069,2071,2054,2084,2064,2041,1993
2064,2048,2054,2037,2055,2040,2025,1993
2056,2037,2046,2036,2047,2029,2028,2005
2047,2032,2050,2027,2047,2030,2014,2015
2031,2031,2047,2028,2049,2029,2018,2022
2020,2043,2053,2035,2056,2037,2032,2034
2025,2045,2059,2034,2058,2042,2029,2043
2022,2052,2074,2044,2058,2044,2037,2051
2036,2058,2077,2051,2038,2043,2036,2057
2039,2059,2076,2046,2022,2043,2030,2064
2040,2052,2063,2034,1995,2043,2031,2060
2032,2048,2055,2016,1963,2025,2018,2066
2021,2035,2042,2016,1971,2021,2038,2069
2027,2034,2055,2033,2005,2012,2053,2079
2045,2053,2064,2052,2040,2023,2083,2082
2054,2058,2071,2066,2072,2055,2060,2077
2058,2060,2068,2071,2107,2077,2064,2067
2056,2054,2067,2069,2114,2076,2053,2063
2046,2052,2064,2064,2108,2069,2053,2055
2047,2044,2064,2074,2093,2073,2061,2045
2055,2048,2065,2071,2095,2089,2054,2041
2054,2044,2059,2067,2087,2102,2075,2028
2045,2034,2043,2051,2081,2106,2073,2023
2038,2028,2034,2043,2066,2109,2064,2010
2037,2029,2039,2045,2061,2093,2074,2016
2049,2035,2049,2050,2068,2065,2073,2024
2057,2046,2055,2052,2070,2079,2093,2021
2058,2049,2054,2056,2066,2095,2084,2023
2054,2045,2048,2044,2062,2098,2075,2011
2052,2044,2051,2055,2073,2097,2079,2013
2053,2057,2050,2059,2075,2089,2070,2018
2056,2053,2046,2057,2079,2086,2071,2009
2049,2049,2036,2045,2063,2066,2055,2009
2038,2036,2018,2023,2032,2047,2028,2006
2031,2027,2007,2011,2024,2048,2024,2009
2030,2027,2011,2004,2038,2049,2042,2017
2029,2045,2032,2014,2028,2010,2014,2020
2036,2048,2038,2027,2038,1988,2025,2026
2034,2055,2046,2030,2047,2007,2019,2042
2041,2047,2046,2029,2047,2032,2046,2052
2041,2048,2041,2036,2044,2031,2057,2057
2039,2046,2034,2029,2045,2024,2039,2067
2036,2040,2033,2025,2072,2021,2045,2062
2036,2038,2026,2028,2084,2018,2045,2068
2035,2025,2013,2024,2077,2017,2036,2065
2040,2033,2022,2021,2064,2018,2047,2080
2046,2049,2035,2029,2063,2019,2059,2073
2041,2050,2032,2031,2058,2014,2063,2062
2039,2041,2027,2024,2050,2010,2057,2053
2041,2035,2024,2032,2051,2016,2049,2049
2047,2039,2026,2041,2067,2037,2063,2049
2047,2056,2029,2054,2074,2045,2050,2038
2052,2056,2031,2048,2077,2064,2058,2033
2049,2049,2029,2049,2066,2068,2054,2025
2042,2040,2024,2041,2066,2062,2048,2025
2036,2029,2015,2038,2054,2063,2041,2027
2039,2040,2020,2034,2053,2058,2046,2022
2037,2035,2029,2039,2046,2064,2045,2022
2041,2030,2034,2044,2049,2065,2047,2012
2037,2038,2038,2048,2056,2065,2059,2013
2038,2035,2040,2053,2065,2064,2060,2008
2039,2044,2057,2059,2065,2058,2075,2020
2045,2059,2082,2062,2064,2037,2072,2022
2054,2054,2083,2062,2053,2023,2077,2028
2046,2056,2096,2062,2050,2023,2068,2021
2042,2064,2112,2061,2043,2022,2064,2025
2049,2064,2113,2050,2039,2031,2081,2028
2049,2071,2106,2035,2045,2058,2082,2031
2050,2070,2101,2036,2041,2069,2061,2029
2045,2065,2090,2030,2040,2069,2066,2040
2046,2056,2092,2030,2032,2061,2057,2054
2045,2057,2083,2038,2032,2064,2059,2069
2056,2056,2075,2043,2055,2061,2056,2073
2045,2057,2070,2039,2045,2044,2062,2079
2047,2055,2062,2038,2033,2035,2067,2085
2042,2054,2062,2043,2024,2024,2051,2082
2040,2041,2061,2038,2021,2019,2040,2072
2028,2037,2059,2031,2036,2046,2056,2073
2038,2046,2075,2053,2084,2079,2073,2076
2052,2057,2081,2071,2131,2116,2075,2078
2048,2053,2074,2060,2080,2114,2084,2075
2055,2047,2066,2055,2027,2078,2079,2064
2055,2044,2058,2065,2056,2007,2064,2067
2051,2050,2059,2073,2074,1999,2048,2042
2051,2042,2056,2073,2051,2004,2046,2028
2044,2045,2047,2073,2014,2006,2041,2024
2051,2055,2052,2078,1954,2005,2039,2021
2051,2053,2052,2081,1924,2018,2018,2018
2052,2042,2057,2075,1887,2027,2037,2018
2043,2040,2051,2068,1889,2044,2043,2020
2051,2040,2066,2100,1968,2018,2062,2030
2067,2051,2092,2132,2054,2044,2077,2026
2052,2030,2083,2128,2069,2069,2053,2014
2040,2014,2072,2120,2051,2114,2068,2002
2037,2028,2062,2122,2042,2102,2065,1997
2032,2019,2048,2109,2044,2049,2056,2008
2037,2022,2047,2120,2083,2014,2063,2012
2036,2022,2056,2134,2093,1993,2055,2015
2032,2032,2068,2142,2097,2008,2049,2029
2041,2040,2057,2116,2124,2038,2065,2034
2039,2037,2044,2099,2152,2066,2064,2035
2039,2040,2050,2085,2174,2066,2063,2046
2045,2051,2067,2086,2155,2054,2063,2053
2044,2049,2063,2049,2126,2043,2066,2056
2040,2042,2048,2016,2112,2049,2065,2063
2041,2035,2031,1987,2107,2051,2072,2081
2038,2030,2018,1962,2074,2047,2053,2073
2031,2025,2014,1920,2010,2040,2057,2079
2031,2028,2014,1891,1917,2024,2046,2081
2034,2030,2013,1889,1881,2030,2050,2094
2049,2038,2022,1901,1917,2050,2075,2097
2056,2050,2038,1931,1960,2029,2058,2092
2069,2056,2046,1969,1990,2020,2047,2083
2068,2046,2047,1987,2026,2021,2055,2064
2056,2036,2038,2002,2045,2032,2054,2048
2037,2020,2022,2010,2052,2035,2052,2038
2027,2009,2012,2017,2060,2034,2046,2041
2036,2022,2020,2023,2057,2028,2038,2044
2047,2034,2035,2039,2054,2041,2032,2054
2071,2061,2061,2050,2054,2045,2066,2046
2076,2075,2064,2047,2054,2041,2046,2039
2077,2076,2059,2040,2054,2041,2053,2033
2076,2066,2054,2046,2047,2041,2067,2029
2075,2062,2055,2039,2048,2048,2039,2021
2055,2044,2045,2036,2043,2041,2026,2003
2046,2030,2033,2026,2028,2042,2058,2006
2048,2037,2043,2029,2029,2051,2064,2011
2046,2043,2042,2036,2028,2059,2061,2017
2041,2046,2043,2027,2025,2066,2083,2031
2052,2057,2052,2025,2036,2090,2099,2046
2056,2060,2050,2031,2034,2100,2101,2056
2068,2055,2043,2031,2032,2086,2083,2059
2064,2043,2035,2036,2061,2081,2081,2066
2062,2040,2025,2040,2078,2068,2077,2060
2064,2033,2029,2034,2116,2060,2058,2061
2059,2041,2032,2060,2165,2085,2083,2067
2057,2046,2039,2084,2202,2097,2072,2076
2055,2045,2054,2097,2207,2091,2066,2084
2054,2047,2057,2099,2214,2093,2067,2087
2051,2051,2061,2100,2200,2101,2063,2089
2050,2049,2051,2078,2096,2076,2054,2085
2040,2040,2028,2044,1982,2055,2045,2086
2044,2040,2007,2037,1984,2054,2040,2078
2042,2024,1982,2021,1942,2055,2034,2068
2028,2004,1957,2008,1866,2072,2023,2054
2029,2006,1975,2042,1924,2092,2014,2047
2032,2021,2000,2073,2012,2045,2044,2047
2055,2037,2013,2094,2126,1997,2041,2052
2059,2041,2018,2097,2205,2036,2056,2049
2060,2040,2022,2085,2161,2062,2060,2050
2061,2032,2028,2056,2093,2061,2057,2040
2073,2028,2035,2034,2041,2064,2057,2032
2072,2023,2056,2018,1995,2058,2040,2016
2061,2029,2064,2004,1966,2055,2044,2005
2046,2021,2066,2002,1985,2060,2046,2007
2045,2030,2071,2008,1964,2021,2050,2012
2044,2035,2082,2011,1958,1967,2048,2016
2029,2035,2083,2010,1932,1970,2053,2019
2032,2055,2095,2031,1940,2014,2076,2048
2065,2080,2100,2033,1978,2030,2080,2058
2084,2087,2104,2030,1975,2044,2073,2046
2086,2081,2101,2025,1932,2034,2050,2041
2085,2074,2106,2029,1956,2053,2034,2042
2072,2072,2101,2039,1972,2051,2041,2034
2050,2059,2089,2033,1966,2036,2035,2026
2042,2066,2086,2064,2038,2031,2058,2041
2025,2062,2081,2094,2109,2032,2041,2060
2026,2062,2081,2108,2114,2029,2034,2062
2041,2062,2086,2105,2132,2045,2039,2076
2057,2070,2088,2088,2119,2050,2046,2074
2071,2067,2086,2072,2105,2039,2062,2084
2066,2065,2088,2084,2113,2053,2061,2092
2062,2055,2077,2091,2112,2066,2050,2080
2046,2041,2066,2094,2077,2072,2031,2076
2039,2042,2062,2094,2055,2078,2026,2074
2039,2040,2050,2071,2070,2064,2032,2081
2060,2035,2045,2056,2071,2032,2038,2079
2065,2039,2041,2035,2071,2022,2041,2075
2059,2033,2027,2027,2034,2024,2044,2074
2056,2034,2012,2029,2008,2038,2050,2066
2051,2039,2026,2060,1987,2046,2040,2054
2051,2039,2043,2075,1972,2039,2053,2038
2052,2035,2057,2095,1972,2036,2042,2027
2053,2040,2059,2112,2080,2053,2060,2030
2045,2034,2051,2123,2157,2090,2063,2035
2045,2030,2048,2109,2161,2122,2064,2037
2055,2040,2049,2092,2134,2136,2059,2029
2069,2054,2065,2093,2115,2128,2074,2032
2070,2052,2060,2093,2106,2081,2038,2041
2064,2053,2062,2106,2152,2054,2026,2050
2060,2060,2068,2126,2183,2054,2049,2047
2048,2052,2057,2090,2025,2042,2028,2029
2034,2030,2040,2031,1865,2029,2035,2024
2034,2019,2032,2016,1905,2059,2045,2023
2034,2023,2044,2018,2009,2072,2032,2032
2049,2034,2056,2037,2134,2092,2056,2039
2057,2046,2077,2053,2181,2089,2037,2042
2057,2053,2096,2049,2174,2045,2047,2064
2066,2069,2087,2024,2128,2042,2021,2077
2072,2075,2073,2016,2096,2065,2039,2084
2081,2080,2077,2023,2050,2063,2056,2094
2083,2083,2080,1992,1982,2039,2040,2092
2068,2067,2060,1961,1854,1959,2026,2094
2055,2059,2058,1968,1814,1939,2019,2090
2055,2052,2050,2004,1926,1971,2020,2081
2045,2035,2034,2021,2025,2006,2032,2086
2044,2033,2028,2039,2143,2038,2025,2082
2038,2026,2018,2043,2172,2028,2040,2064
2038,2022,2011,2023,2168,2009,2010,2053
2038,2022,2015,1999,2170,2040,2029,2051
2042,2021,2013,1990,2100,2065,2026,2038
2041,2028,2016,1988,2007,2032,2021,2033
2037,2027,2031,1981,1941,1993,2009,2028
2028,2017,2028,1986,1924,1963,2012,2028
2038,2030,2040,2019,1985,1945,2017,2040
2052,2038,2045,2063,2106,2002,2044,2038
2053,2038,2041,2053,1988,2019,2052,2035
2053,2042,2043,2069,2004,2060,2037,2036
2058,2050,2060,2077,2029,2075,2062,2041
2065,2057,2069,2073,2019,2062,2073,2041
2054,2056,2065,2076,1997,2040,2055,2034
2045,2049,2054,2061,1973,2049,2047,2027
2049,2050,2057,2070,2021,2076,2062,2033
2058,2055,2055,2086,2083,2089,2044,2033
2061,2049,2049,2078,2112,2113,2058,2042
2064,2045,2041,2065,2173,2115,2034,2052
2072,2049,2029,2053,2230,2116,2055,2054
2060,2046,2023,2063,2235,2110,2067,2057
2064,2045,2029,2065,2204,2073,2044,2045
2056,2047,2032,2054,2148,2034,2040,2047
2059,2047,2029,2053,2158,2005,2016,2051
2051,2038,2025,2055,2177,1990,2015,2058
2051,2029,2017,2037,2092,1988,2019,2059
2046,2016,2005,2040,2068,2020,2013,2064
2035,2005,2004,2063,2128,2070,2025,2062
2045,2012,2011,2077,2162,2088,2030,2070
2040,2005,2005,2072,2122,2084,2023,2071
2024,1981,1983,2034,2051,2057,2003,2071
2019,1980,1986,2010,1927,2036,2004,2059
2018,1999,2015,2014,1878,2002,2006,2063
2019,2010,2022,2028,1974,2005,1997,2055
2024,2023,2033,2042,2052,2034,2039,2064
2050,2044,2046,2053,2069,2055,2050,2059
2064,2055,2057,2052,2028,2073,2076,2060
2061,2036,2048,2025,1987,2065,2057,2062
2064,2036,2040,1997,1956,2046,2031,2058
2067,2027,2026,1986,1945,2030,2003,2045
2062,2024,2032,1979,1956,2013,2040,2025
2060,2031,2045,1993,1957,2011,2029,2023
2071,2042,2062,2027,1997,2028,2036,2030
2078,2049,2064,2050,2041,2056,2054,2029
2076,2050,2058,2078,2140,2107,2070,2030
2073,2067,2052,2090,2164,2124,2069,2040
2064,2062,2044,2085,2153,2125,2068,2045
2050,2068,2048,2090,2090,2131,2083,2048
2052,2080,2063,2071,2029,2109,2078,2057
2059,2091,2063,2073,2027,2086,2109,2073
2066,2077,2054,2062,1996,2053,2093,2075
2071,2057,2032,2028,1924,1994,2069,2051
2057,2042,2029,2007,1872,1979,2066,2059
2073,2076,2064,2054,1926,2019,2090,2072
2076,2089,2092,2083,1971,2066,2092,2073
2075,2092,2102,2081,1964,2081,2082,2074
2063,2083,2094,2072,1988,2077,2069,2076
2058,2065,2066,2039,1951,2036,2058,2071
2056,2049,2042,2015,1913,2042,2063,2072
2054,2053,2055,2045,1971,2049,2043,2083
2056,2055,2062,2076,2109,2043,2044,2076
2048,2045,2055,2056,2223,2026,2024,2064
2041,2030,2053,2037,2187,2007,2010,2046
2025,2014,2045,2020,2126,2020,1988,2055
2047,2034,2064,2043,2153,2036,2041,2071
2065,2042,2064,2055,2147,2021,2013,2058
2062,2036,2053,2054,2084,2038,2004,2060
2054,2035,2047,2049,2058,2053,2007,2048
2048,2031,2035,2041,1980,2044,2018,2020
2016,2034,2040,2023,1870,2046,2002,2008
2019,2038,2044,2021,1870,2054,2040,2031
2040,2052,2062,2040,1913,2031,2045,2045
2036,2070,2077,2052,1940,2021,2056,2046
2042,2079,2077,2051,1958,2028,2050,2051
2057,2088,2075,2047,1973,2006,2036,2050
2068,2089,2078,2040,1904,2002,2061,2055
2081,2097,2078,2043,1760,2018,2077,2062
2081,2086,2077,2053,1775,2050,2073,2059
2083,2078,2074,2097,1965,2084,2065,2048
2070,2065,2068,2109,1987,2094,2059,2043
2066,2061,2060,2133,2054,2129,2068,2049
2075,2078,2071,2165,2161,2148,2078,2050
2071,2072,2071,2165,2204,2149,2061,2050
2064,2067,2067,2155,2241,2128,2062,2050
2057,2064,2066,2152,2300,2101,2070,2036
2056,2059,2050,2125,2327,2074,2066,2038
2044,2051,2036,2083,2348,2016,2046,2031
2043,2040,2026,2076,2468,1983,2042,2028
2045,2037,2024,2027,2386,1980,2032,2033
2048,2037,2030,2007,2270,1999,2041,2039
2050,2053,2052,2042,2193,2037,2061,2055
2060,2059,2063,2057,2123,2039,2056,2069
2060,2056,2054,2048,2036,2032,2061,2081
2056,2039,2043,2014,1855,2019,2043,2075
2045,2021,2030,1994,1683,2002,2048,2075
2037,2007,2016,2004,1814,2034,2061,2072
2029,2004,2019,2016,1983,2080,2052,2039
2000,2017,2019,2002,1927,2086,2034,2038
2010,2012,2018,1994,1888,2078,2052,2056
2024,2022,2034,1995,1891,2068,2044,2067
2039,2040,2041,2028,1963,2009,2047,2086
2062,2054,2050,2048,1900,1932,2042,2096
2086,2073,2062,2054,1914,1980,2036,2099
2092,2086,2076,2089,2013,2063,2081,2086
2093,2090,2089,2116,2022,2099,2064,2076
2084,2086,2080,2082,1934,2061,2045,2057
2066,2073,2065,2045,1967,2061,2040,2043
2058,2055,2047,2013,2035,2080,2044,2034
2052,2031,2026,1981,2109,2089,2040,2020
2048,2026,2024,2000,2246,2109,2061,2014
2062,2033,2038,2048,2230,2050,2048,2016
2057,2044,2045,2038,2029,1997,2029,2022
2046,2040,2046,2023,2005,1992,2031,2014
2048,2046,2046,2047,2084,2018,2013,2007
2033,2041,2049,2055,2061,2009,1987,2001
2030,2044,2046,2045,2013,2007,2010,2006
2034,2047,2043,2037,2006,2017,2046,2016
2047,2046,2045,2041,2063,2037,2041,2032
2059,2051,2044,2045,2114,2058,2059,2039
2065,2049,2035,2040,2084,2051,2055,2047
2064,2045,2034,2038,2024,2045,2072,2054
2060,2043,2035,2050,2022,2051,2067,2075
2063,2048,2049,2061,2064,2065,2063,2075
2056,2052,2045,2060,2075,2070,2072,2088
2056,2056,2044,2064,2078,2068,2066,2100
2064,2056,2052,2070,2127,2070,2075,2095
2066,2056,2050,2064,2164,2081,2072,2076
2042,2032,2032,2043,2036,2078,2035,2064
2028,2021,2022,2011,1852,2039,2032,2066
2035,2026,2023,1987,1823,1979,2015,2067
2049,2032,2025,2000,1887,1920,1989,2082
2049,2035,2035,2037,1997,1921,2020,2083
2048,2044,2050,2074,2109,2020,2055,2083
2064,2055,2067,2118,2163,2127,2086,2078
2066,2067,2062,2139,2249,2188,2103,2075
2076,2072,2076,2157,2332,2183,2075,2057
2053,2060,2068,2158,2310,2152,2056,2047
2038,2051,2064,2135,2203,2106,2056,2036
2054,2056,2056,2086,2044,2049,2041,2020
2044,2049,2037,2033,1962,1997,2010,2007
2040,2019,2017,2026,2076,2010,2020,2000
2040,2027,2037,2053,2126,2032,2036,2008
2045,2044,2055,2043,2029,2019,2037,2001
2027,2031,2036,2006,2005,1997,2030,1998
2043,2040,2032,2041,2165,2026,2047,2024
2064,2057,2046,2056,2149,2052,2039,2040
2075,2056,2038,2030,2077,2051,2056,2035
2064,2051,2036,2021,2001,2011,2042,2013
2051,2047,2030,1985,1846,1985,2033,2010
2036,2042,2028,1983,1904,2021,2059,2028
2040,2056,2047,2037,2012,2067,2041,2045
2038,2065,2055,2058,2053,2068,2070,2056
2042,2066,2056,2066,2071,2046,2064,2071
2052,2064,2055,2074,2123,2052,2067,2084
2059,2059,2050,2068,2153,2070,2068,2084
2061,2065,2047,2052,2156,2069,2054,2099
2063,2052,2050,2027,2099,2067,2045,2095
2068,2052,2052,2006,1945,2054,2042,2090
2071,2046,2057,2018,1948,2043,2044,2081
2053,2034,2043,2034,1993,2028,2046,2078
2039,2026,2042,2025,1883,2010,2024,2080
2043,2029,2040,2012,1811,2015,2054,2071
2028,2026,2030,2007,1888,2049,2050,2058
2029,2031,2023,2036,1985,2092,2054,2056
2047,2050,2046,2089,2088,2153,2059,2063
2046,2056,2055,2091,2072,2154,2060,2052
2047,2050,2047,2086,2162,2169,2072,2050
2042,2037,2037,2104,2268,2172,2082,2046
2040,2030,2037,2098,2178,2036,2060,2022
2045,2030,2033,2090,2055,1930,2035,2019
2040,2024,2032,2079,2018,1947,2047,2026
2051,2020,2023,2032,1921,1974,2028,2011
2038,2020,2018,2006,1945,2003,2034,2000
2031,2040,2034,2032,2048,2026,2045,2014
2028,2042,2028,2020,2034,2018,2030,1999
2018,2036,2007,2022,2132,2029,2017,2003
2038,2038,2008,2046,2169,2063,2046,2018
2059,2047,2025,2063,2078,2066,2042,2021
2061,2045,2025,2063,2075,2062,2033,2021
2056,2045,2030,2071,2087,2046,2031,2001
2043,2045,2035,2075,2095,2011,2047,2008
2047,2045,2044,2081,2115,2034,2049,2037
2056,2042,2044,2078,2098,2040,2040,2041
2053,2047,2029,2070,2093,2066,2047,2045
2052,2058,2045,2077,2121,2091,2054,2058
2056,2072,2055,2090,2091,2096,2060,2064
2079,2078,2058,2082,2030,2089,2056,2065
2071,2076,2048,2080,2031,2110,2065,2056
2058,2059,2046,2071,1971,2151,2070,2058
2031,2050,2036,2068,1907,2143,2081,2069
2012,2036,2035,2063,1961,2120,2074,2079
2027,2039,2042,2078,2045,2105,2064,2084
2046,2047,2041,2085,2045,2004,2064,2096
2062,2059,2047,2072,2015,1922,2050,2081
2055,2052,2049,2055,2019,1891,2042,2062
2050,2050,2053,2050,2062,1927,2050,2056
2050,2056,2062,2052,2073,1958,2052,2064
2053,2056,2066,2051,1980,1966,2053,2056
2037,2058,2069,2044,1941,1984,2048,2028
2015,2056,2078,2059,2032,2029,2034,2032
2032,2068,2080,2078,2134,2070,2042,2036
2055,2079,2088,2074,2107,2043,2066,2046
2066,2087,2081,2045,1911,1982,2048,2046
2062,2084,2072,2039,1791,1962,2041,2036
2061,2075,2061,2046,1789,1972,2029,2029
2058,2069,2058,2046,1815,1993,2026,2016
2054,2060,2052,2043,1832,2041,2038,2017
2045,2050,2050,2054,1862,2065,2049,2012
2038,2050,2046,2056,1827,2075,2037,2020
2043,2060,2052,2059,1830,2085,2052,2023
2047,2056,2048,2010,1774,2048,2038,2018
2039,2046,2033,1989,1925,2043,2037,2018
2035,2038,2035,2055,2244,2075,2031,2018
2042,2054,2044,2102,2430,2074,2047,2018
2044,2057,2054,2119,2480,2071,2040,2024
2038,2064,2060,2101,2372,2025,2020,2034
2043,2060,2063,2093,2281,2015,2031,2039
2046,2058,2070,2101,2236,2078,2038,2046
2047,2051,2057,2111,2306,2140,2062,2063
2047,2055,2064,2122,2332,2171,2063,2078
2053,2060,2059,2092,2159,2140,2050,2078
2054,2051,2053,2092,2038,2082,2056,2104
2069,2061,2060,2128,2047,2102,2079,2102
2058,2052,2056,2100,2030,2105,2073,2090
2050,2047,2052,2048,1938,2060,2070,2082
2053,2061,2055,2041,1963,2037,2076,2083
2064,2059,2057,2055,2004,2062,2076,2078
2058,2053,2048,2056,1992,2085,2063,2062
2042,2053,2056,2068,2027,2089,2064,2057
2036,2060,2054,2055,1973,2031,2053,2058
2043,2062,2061,2042,1904,1958,2021,2035
2030,2052,2040,1995,1800,1964,2025,2037
2030,2040,2035,2015,1879,2028,2059,2035
2032,2035,2043,2040,1942,2065,2069,2031
2037,2040,2052,2080,2088,2076,2041,2026
2042,2039,2045,2094,2072,2068,2030,2035
2034,2037,2038,2080,2032,2037,2040,2023
2040,2031,2033,2072,2016,2033,2042,2012
2042,2039,2036,2074,2128,2052,2044,2018
2038,2042,2031,2082,2173,2079,2043,2023
2049,2046,2032,2084,2103,2110,2028,2024
2055,2057,2044,2076,2129,2118,2037,2012
2051,2047,2040,2049,2090,2103,2022,1988
2037,2047,2044,2040,2030,2046,2032,1998
2049,2037,2043,2063,2139,2015,2030,2032
2056,2038,2039,2084,2238,2017,2056,2044
2052,2033,2043,2108,2269,2068,2090,2052
2053,2043,2057,2116,2274,2073,2080,2050
2038,2044,2049,2084,2168,2027,2045,2038
2031,2041,2030,2046,2040,2028,2034,2040
2049,2042,2041,2047,2018,2083,2048,2041
2057,2043,2043,2030,1813,2071,2053,2047
2048,2048,2047,2022,1797,2062,2031,2054
2032,2046,2044,2012,1865,2034,2022,2061
2042,2049,2051,2007,1850,1969,2011,2069
2044,2042,2047,2007,1755,1925,1996,2088
2051,2036,2036,2000,1788,1944,2013,2100
2061,2054,2052,2035,1938,1980,2010,2103
2060,2070,2074,2099,2148,2028,2028,2078
2050,2070,2072,2116,2251,2004,2005,2062
2048,2065,2062,2094,2190,1961,2011,2043
2032,2042,2044,2060,2088,1936,2011,2029
2021,2033,2028,2028,2063,1966,2008,2012
2024,2025,2019,2040,2088,2013,1996,2017
2032,2041,2036,2093,2149,2046,2029,2020
2030,2043,2052,2103,2116,2048,2043,2020
2034,2043,2048,2088,2082,2047,2030,2025
2041,2051,2052,2080,2077,2059,2035,2027
2044,2058,2050,2080,2088,2074,2050,2031
2053,2060,2052,2074,2092,2086,2058,2026
2052,2055,2050,2061,2074,2076,2064,2022
2046,2043,2038,2055,2057,2065,2047,2014
2041,2032,2034,2056,2061,2073,2040,2015
2051,2042,2039,2069,2066,2075,2043,2018
2056,2044,2040,2069,2064,2077,2040,2014
2047,2047,2048,2069,2065,2070,2039,2011
2041,2055,2057,2077,2076,2061,2030,2013
2042,2055,2058,2079,2084,2059,2030,2024
2050,2054,2064,2082,2083,2051,2022,2029
2034,2056,2061,2082,2083,2032,2024,2032
2023,2047,2056,2076,2076,2036,2039,2035
2029,2049,2059,2074,2073,2055,2028,2038
2028,2049,2053,2076,2072,2046,2021,2040
2028,2046,2041,2078,2060,2037,1992,2054
2021,2041,2035,2065,2058,2060,1999,2067
2031,2044,2038,2064,2057,2085,2015,2068
2040,2045,2042,2056,2055,2103,2029,2068
2044,2039,2033,2053,2043,2117,2055,2089
2050,2035,2024,2052,2036,2102,2040,2097
2059,2042,2035,2065,2056,2133,2041,2090
2063,2041,2035,2062,2055,2148,2056,2080
2062,2033,2037,2062,2053,2093,2051,2061
2051,2036,2047,2069,2050,1975,2037,2051
2053,2043,2054,2078,2030,1946,2013,2044
2034,2041,2047,2053,1950,1966,1992,2032
2023,2020,2032,2056,1987,1997,2011,2014
2013,2016,2018,2037,1990,2018,2011,2022
2014,2021,2022,2023,1945,2022,2012,2025
2037,2037,2036,2024,1928,2015,2003,2008
2037,2043,2045,2015,1919,2009,1997,2004
2035,2046,2045,2039,2017,2009,2001,2006
2036,2050,2063,2114,2295,2059,2039,2022
2051,2069,2083,2148,2350,2067,2045,2033
2050,2065,2078,2123,2250,2072,2015,2038
2048,2059,2069,2099,2168,2079,2020,2029
2050,2052,2062,2053,2011,2024,2033,2021
2046,2044,2052,2037,1959,2023,2031,2009
2040,2043,2051,2029,1861,2039,2022,1993
2032,2035,2044,2022,1855,2095,2027,2001
2035,2026,2054,2052,1985,2141,2051,2029
2054,2037,2064,2071,2065,2152,2055,2039
2052,2046,2065,2085,2102,2092,2054,2041
2052,2044,2049,2082,2140,2034,2057,2046
2045,2047,2047,2084,2197,2091,2078,2045
2038,2051,2047,2079,2196,2122,2080,2050
2035,2060,2053,2080,2153,2117,2082,2066
2032,2057,2046,2057,2077,2075,2079,2072
2039,2062,2047,2047,2049,1993,2060,2081
2040,2058,2045,2051,2045,1956,2046,2078
2029,2045,2037,2053,2051,1972,2061,2076
2023,2041,2037,2064,2046,1984,2056,2078
2032,2045,2031,2076,2044,1993,2058,2077
2031,2033,2048,2077,2029,1997,2043,2064
2032,2031,2064,2085,2027,2016,2040,2054
2035,2034,2076,2098,2033,2034,2030,2048
2034,2039,2082,2123,2098,2060,2044,2035
2035,2033,2082,2141,2134,2088,2036,2028
2036,2026,2079,2128,2094,2090,2039,2023
2035,2031,2070,2115,2071,2079,2032,2023
2040,2032,2064,2110,2067,2077,2040,2015
2042,2036,2060,2108,2053,2067,2047,2005
2041,2029,2044,2099,2044,2048,2032,1992
2026,2021,2033,2092,2043,2045,2020,1982
2009,2015,2024,2082,2062,2046,2017,1981
1998,2017,2012,2073,2055,2031,2010,1985
2000,2019,2002,2052,2052,2032,2020,1991
2027,2039,2013,2043,2054,2048,2037,2005
2034,2052,2026,2031,2078,2054,2028,2011
2034,2040,2013,2015,2100,2064,2044,2015
2032,2038,2013,2009,2113,2069,2049,2029
2049,2044,2023,2002,2104,2061,2048,2039
2066,2055,2044,2010,2050,2073,2059,2051
2084,2075,2058,2021,1953,2064,2064,2055
2095,2080,2075,2038,1944,2081,2076,2054
2094,2090,2100,2078,1959,2104,2098,2077
2089,2089,2114,2122,2043,2131,2106,2114
2076,2082,2110,2144,2128,2143,2106,2118
2034,2065,2088,2096,2080,2150,2091,2092
2003,2057,2077,2074,2114,2122,2088,2080
2010,2062,2062,2011,1953,2004,2034,2086
2029,2055,2057,2024,2056,1960,2032,2088
2033,2041,2045,2030,2159,1988,2017,2077
2030,2036,2036,2032,2094,2004,2030,2066
2034,2052,2051,2065,2020,2018,2024,2059
2036,2057,2054,2047,2016,1998,2024,2049
2032,2053,2043,2046,2092,1994,2026,2050
2035,2059,2043,2054,2116,2019,2032,2040
2029,2050,2042,2061,2145,2048,2046,2046
2050,2060,2049,2062,2147,2077,2064,2050
2058,2063,2049,2059,2121,2066,2057,2029
2047,2057,2047,2054,2066,2033,2045,2023
2040,2047,2053,2052,2060,1997,2014,2020
2035,2043,2061,2055,2053,1949,1985,2017
2033,2049,2072,2060,2060,1968,1998,2007
2033,2039,2070,2065,2046,2062,2030,2008
2037,2053,2088,2087,2023,2075,2035,2011
2045,2059,2077,2091,2034,2030,2007,2003
2034,2038,2066,2073,2084,2047,2014,1993
2029,2031,2055,2084,2134,2085,2054,2013
2037,2043,2053,2100,2124,2090,2060,2030
2044,2051,2047,2088,2088,2088,2060,2032
2054,2044,2036,2081,2082,2072,2069,2029
2046,2040,2033,2080,2096,2070,2057,2031
2051,2049,2040,2084,2083,2087,2071,2047
2041,2052,2035,2077,2053,2100,2086,2041
2040,2048,2041,2072,2042,2099,2077,2046
2044,2051,2020,2058,2047,2118,2069,2049
2037,2036,1999,2053,2067,2103,2059,2051
2027,2024,1987,2034,2051,2045,2042,2052
2021,2020,1988,2022,2077,2003,2036,2054
2024,2026,2000,2030,2150,2004,2031,2060
2024,2033,2001,2024,2142,2024,2030,2063
2020,2022,2005,2011,2058,2020,2025,2059
2020,2017,2010,2008,1968,2025,2020,2062
2033,2035,2034,2026,1955,2015,2032,2071
2034,2045,2054,2044,1988,2020,2033,2073
2038,2062,2075,2053,2009,2039,2038,2065
2049,2071,2084,2061,2029,2059,2012,2054
2045,2068,2083,2053,2025,2065,2038,2057
2049,2063,2072,2039,2021,2062,2064,2049
2042,2051,2061,2033,2010,2057,2053,2046
2048,2055,2060,2054,2068,2034,2061,2058
2066,2066,2076,2074,2096,2015,2068,2047
2060,2069,2079,2063,2075,2028,2054,2042
2058,2065,2077,2057,2059,2035,2053,2033
2059,2056,2065,2050,2042,2032,2047,2039
2058,2055,2050,2036,2012,2049,2040,2030
2057,2050,2046,2027,1967,2013,2010,2025
2048,2048,2032,2013,1909,1992,2000,2016
2040,2041,2036,2008,1894,1969,1988,2013
2039,2056,2055,2032,1940,1936,2018,2020
2052,2067,2065,2059,2026,1943,2035,2030
2058,2058,2059,2065,2083,1964,2045,2025
2053,2056,2056,2078,2141,2022,2063,2030
2041,2058,2052,2079,2157,2084,2076,2036
2044,2071,2064,2088,2147,2104,2070,2054
2048,2066,2062,2075,2128,2077,2066,2058
2052,2057,2055,2068,2104,2058,2064,2052
2051,2049,2054,2064,2093,2056,2064,2051
2039,2046,2051,2059,2090,2073,2065,2053
2044,2044,2048,2056,2093,2088,2067,2064
2042,2037,2043,2055,2088,2084,2067,2081
2048,2036,2038,2044,2078,2063,2064,2096
2049,2035,2036,2045,2072,2059,2063,2091
2030,2021,2029,2040,2065,2068,2037,2072
2021,2016,2020,2040,2052,2062,2032,2068
2024,2019,2018,2035,2041,2064,2023,2066
2028,2015,2000,2031,2042,2074,2037,2060
2017,2022,2009,2037,2050,2100,2045,2061
2028,2032,2006,2047,2056,2109,2056,2058
2033,2035,2008,2048,2056,2116,2025,2051
2035,2038,2005,2049,2044,2136,2038,2038
2034,2036,2006,2046,2046,2165,2037,2040
2042,2041,2010,2054,2051,2124,2041,2044
2055,2046,2019,2049,2048,1994,2021,2033
2052,2054,2025,2051,2037,1951,2027,2018
2050,2052,2032,2062,2042,2004,2021,2014
2041,2054,2035,2069,2052,2034,2030,2004
2040,2053,2044,2063,2044,2018,2037,2004
2045,2059,2054,2060,2045,2026,2055,2010
2044,2056,2053,2056,2056,2032,2051,2014
2055,2050,2054,2048,2051,2020,2062,2019
2050,2060,2068,2051,2042,2017,2042,2021
2051,2059,2073,2050,2039,2022,2031,2018
2051,2061,2069,2048,2045,2045,2059,2021
2047,2062,2074,2047,2047,2042,2065,2035
2058,2064,2078,2047,2049,2026,2069,2035
2049,2071,2080,2053,2046,2022,2070,2045
2053,2060,2084,2056,2044,2017,2057,2047
2050,2056,2084,2054,2043,2020,2040,2047
2054,2057,2088,2058,2038,2019,2045,2056
2054,2049,2078,2055,2034,2016,2044,2055
2046,2054,2077,2059,2045,2019,2046,2068
2043,2062,2077,2067,2061,2038,2064,2077
2052,2066,2079,2068,2068,2046,2074,2089
2054,2062,2080,2074,2070,2047,2048,2076
2048,2059,2066,2058,2068,2034,2018,2081
2049,2059,2062,2047,2054,2041,2027,2089
2057,2061,2064,2050,2049,2031,2016,2077
2048,2058,2058,2046,2039,2009,2030,2068
2040,2056,2057,2048,2041,2015,2036,2064
2043,2057,2057,2055,2044,2030,2040,2059
2044,2058,2054,2054,2031,2041,2037,2055
2046,2051,2044,2037,2026,2051,2047,2052
2050,2054,2054,2046,2028,2061,2059,2049
2048,2050,2052,2039,2034,2062,2047,2044
2047,2054,2054,2043,2036,2073,2054,2034
2055,2050,2052,2048,2042,2084,2053,2031
2043,2054,2046,2048,2035,2093,2055,2024
2037,2049,2038,2045,2035,2064,2035,2013
2037,2043,2036,2043,2029,1995,2027,2017
2041,2045,2039,2034,2024,1989,2027,2015
2050,2049,2029,2038,2023,1995,2006,2013
2040,2043,2022,2035,2025,2003,2022,2012
2042,2045,2025,2043,2035,2031,2062,2018
2051,2051,2022,2046,2049,2042,2056,2020
2047,2046,2025,2038,2035,2060,2045,2017
2046,2048,2022,2041,2036,2068,2051,2021
2050,2050,2024,2042,2040,2066,2053,2031
2050,2045,2022,2044,2054,2070,2074,2042
2053,2047,2019,2043,2051,2069,2050,2043
2048,2045,2015,2042,2045,2068,2065,2040
2047,2039,2011,2046,2049,2061,2065,2060
2051,2044,2012,2047,2056,2066,2064,2066
2043,2039,2014,2057,2068,2070,2065,2077
2047,2044,2037,2078,2061,2064,2030,2084
2058,2046,2070,2095,2066,2060,2037,2088
2050,2047,2086,2101,2053,2052,2045,2088
2054,2052,2088,2104,2058,2041,2047,2085
2046,2051,2079,2099,2048,2038,2033,2076
2047,2052,2082,2107,2046,2037,2041,2079
2053,2063,2083,2097,2038,2034,2034,2076
2053,2066,2076,2090,2039,2040,2047,2073
2055,2075,2076,2087,2036,2038,2049,2056
2049,2071,2065,2073,2016,2047,2041,2048
2050,2068,2064,2067,2018,2051,2044,2038
2043,2063,2060,2056,2021,2052,2054,2031
2043,2060,2057,2053,2022,2062,2062,2034
2050,2062,2064,2050,2027,2066,2058,2024
2042,2057,2053,2032,2020,2067,2057,2016
2036,2047,2036,2015,2010,2065,2060,2016
2036,2041,2033,1985,1999,2056,2057,2016
2029,2039,2023,1980,2001,2051,2047,2019
2025,2032,2012,1977,2011,2047,2041,2025
2036,2040,2030,1993,2022,2046,2049,2024
2051,2056,2031,2002,2031,2038,2043,2018
2048,2050,2033,2003,2043,2020,2043,2017
2050,2052,2033,2014,2058,2026,2063,2024
2054,2052,2041,2016,2073,2047,2058,2031
2047,2046,2038,2014,2066,2065,2059,2018
2047,2046,2032,2016,2055,2105,2065,2003
2042,2038,2034,2007,2027,2120,2054,2014
2041,2041,2037,2006,2004,2117,2067,2023
2044,2040,2040,2012,1990,2094,2062,2031
2044,2045,2044,2016,1987,2044,2063,2040
2044,2045,2057,2028,2016,1983,2065,2061
2052,2058,2063,2050,2068,1977,2074,2074
2052,2062,2065,2056,2101,2004,2057,2074
2055,2063,2061,2054,2106,2027,2058,2080
2050,2058,2056,2056,2097,2026,2060,2082
2046,2056,2047,2046,2086,2034,2056,2080
2041,2048,2050,2037,2068,2030,2052,2082
2039,2042,2042,2034,2049,2028,2033,2079
2036,2032,2042,2036,2047,2060,2047,2080
2038,2046,2046,2038,2056,2093,2038,2074
2042,2040,2035,2042,2056,2098,2052,2069
2041,2041,2039,2048,2050,2081,2058,2069
2047,2045,2041,2056,2044,2057,2050,2065
2053,2046,2044,2062,2043,2057,2033,2060
2060,2046,2058,2066,2046,2055,2062,2045
2050,2045,2065,2072,2043,2025,2056,2040
2050,2040,2068,2078,2047,2017,2033,2034
2040,2046,2073,2080,2049,2018,2052,2036
2042,2041,2070,2079,2045,2037,2049,2026
2049,2047,2064,2080,2042,2042,2030,2024
2040,2047,2055,2076,2036,2035,2049,2014
2040,2046,2053,2076,2020,2029,2039,2014
2040,2044,2045,2069,2012,2022,2050,2017
2045,2038,2033,2060,2000,2021,2039,2006
2030,2019,2016,2038,2011,2032,2031,1998
2018,2012,2007,2032,2039,2059,2056,2001
2035,2032,2034,2046,2058,2078,2070,2023
2042,2040,2043,2040,2060,2077,2073,2024
2049,2050,2055,2036,2056,2088,2071,2042
2054,2050,2053,2021,2047,2076,2064,2042
2058,2053,2046,1999,2020,2067,2068,2047
2060,2044,2022,1984,1994,2070,2044,2047
2055,2030,2002,1961,1964,2071,2059,2052
2054,2022,1995,1954,1936,2058,2041,2051
2044,2023,1982,1953,1912,1990,2018,2046
2031,2025,1989,1979,1927,1969,2005,2039
2031,2032,2006,1999,1952,2005,2011,2041
2036,2035,2013,2001,1985,2026,2008,2049
2041,2056,2049,2041,2036,2031,2015,2067
2050,2068,2061,2048,2039,2047,2008,2082
2046,2063,2055,2023,2015,2029,1992,2089
2039,2053,2042,2003,2021,2018,2012,2086
2037,2054,2042,2005,2051,2030,2065,2087
2038,2059,2054,2016,2092,2075,2057,2082
2047,2068,2064,2020,2101,2110,2053,2084
2052,2070,2067,2035,2111,2105,2098,2080
2066,2070,2065,2046,2104,2066,2100,2087
2066,2073,2066,2056,2110,2051,2114,2071
2067,2069,2074,2056,2104,2052,2100,2066
2060,2061,2067,2056,2102,2040,2094,2052
2059,2060,2062,2055,2091,2029,2084,2038
2053,2060,2061,2051,2084,2019,2083,2017
2054,2059,2062,2065,2047,2035,2089,2030
2056,2065,2067,2069,2051,2030,2077,2028
2065,2067,2068,2065,2039,2036,2082,2028
2062,2070,2064,2058,2018,2074,2070,2024
2058,2056,2056,2034,1972,2111,2084,2012
2049,2043,2044,2024,1952,2083,2079,2013
2043,2050,2051,2039,2019,2087,2083,2020
2056,2058,2053,2050,2091,2077,2078,2023
2047,2055,2055,2053,2111,2074,2082,2027
2050,2057,2056,2046,2112,2077,2096,2032
2054,2057,2054,2052,2113,2078,2089,2027
2055,2060,2056,2060,2114,2086,2087,2031
2053,2054,2059,2061,2109,2094,2057,2036
2048,2051,2062,2071,2106,2107,2074,2042
2053,2054,2060,2076,2102,2138,2083,2056
2054,2058,2057,2072,2105,2176,2100,2072
2055,2057,2057,2076,2111,2216,2110,2074
2055,2057,2060,2072,2111,2234,2101,2084
2048,2057,2052,2063,2086,2164,2086,2077
2049,2052,2051,2058,2067,2014,2062,2075
2044,2047,2043,2047,2044,1949,2042,2077
2042,2032,2035,2039,2023,1987,2038,2088
2037,2039,2041,2047,2034,1994,2044,2090
2045,2054,2052,2054,2045,1992,2026,2080
2046,2055,2049,2050,2042,2006,2056,2074
2047,2054,2045,2033,2028,2018,2048,2070
2044,2060,2046,2017,1999,2040,2067,2071
2043,2053,2039,2017,1988,2068,2049,2061
2047,2050,2038,2013,1999,2047,2066,2063
2052,2057,2041,2027,2017,2056,2086,2063
2057,2058,2046,2038,2025,2087,2073,2064
2059,2061,2042,2052,2035,2087,2075,2058
2053,2048,2041,2062,2054,2005,2052,2049
2052,2045,2026,2058,2061,1976,2060,2038
2040,2043,2019,2061,2104,2070,2060,2037
2053,2049,2019,2060,2113,2108,2060,2031
2046,2041,2017,2054,2078,2084,2049,2016
2038,2031,2004,2052,2056,2051,2030,2009
2038,2034,2003,2048,2023,2006,2028,2012
2046,2044,2006,2041,2019,1986,2036,2022
2047,2039,2006,2044,2031,1976,2046,2028
2049,2043,2003,2042,1973,1976,2028,2029
2042,2040,1998,2022,1908,2008,2049,2032
2050,2044,2002,2002,1870,2054,2049,2032
2041,2045,2004,2013,1958,2074,2039,2035
2037,2041,2005,2029,2084,2096,2055,2033
2036,2041,2017,2033,2170,2128,2047,2044
2039,2043,2017,2046,2198,2139,2040,2055
2043,2040,2029,2035,2153,2136,2042,2066
2044,2042,2041,2029,2097,2107,2035,2081
2038,2044,2055,2006,2011,2028,2030,2081
2034,2043,2059,2002,1979,1957,2020,2079
2042,2053,2077,2006,1987,1919,2004,2081
2029,2047,2068,2000,1988,1948,2009,2080
2028,2045,2065,2011,2012,1986,2012,2089
2041,2048,2063,2022,2043,2015,2019,2083
2041,2047,2047,2029,2056,2025,2043,2080
2044,2049,2042,2037,2072,2043,2042,2081
2050,2053,2038,2039,2093,2064,2051,2078
2050,2047,2037,2036,2100,2076,2059,2067
2043,2037,2029,2030,2090,2064,2069,2054
2044,2040,2024,2021,2073,2064,2053,2053
2048,2047,2037,2019,2040,2057,2040,2060
2057,2053,2038,2023,2046,2057,2034,2049
2051,2046,2041,2022,2043,2055,2059,2045
2051,2048,2047,2002,1932,2038,2039,2031
2044,2050,2044,1994,1863,2029,2028,2030
2040,2053,2052,2016,1926,2025,2040,2022
2045,2050,2047,2024,1955,2019,2059,2028
2044,2044,2048,2020,1996,2025,2032,2019
2043,2040,2042,2022,2070,2057,2064,2018
2044,2051,2059,2038,2109,2086,2054,2029
2054,2064,2073,2042,2097,2094,2070,2032
2061,2071,2080,2052,2103,2096,2075,2040
2061,2059,2080,2044,2095,2089,2064,2039
2061,2045,2071,2029,2062,2073,2067,2040
2055,2036,2059,2019,2014,2045,2054,2041
2057,2041,2058,2012,2010,2057,2072,2047
2066,2047,2065,2012,2021,2070,2077,2060
2061,2052,2058,2004,1985,2092,2093,2075
2063,2063,2059,1997,1957,2095,2085,2082
2058,2056,2052,1986,1896,2054,2076,2099
2059,2062,2057,1989,1868,1993,2075,2106
2059,2070,2055,1993,1855,1939,2057,2106
2051,2059,2052,1991,1880,1889,2061,2109
2052,2057,2051,2002,1951,1927,2078,2116
2061,2065,2064,2031,2032,2016,2098,2127
2072,2062,2072,2049,2094,2079,2122,2133
2071,2067,2081,2067,2123,2086,2110,2120
2070,2073,2092,2082,2134,2084,2079,2121
2080,2077,2092,2093,2140,2088,2088,2107
2089,2075,2088,2093,2108,2067,2065,2097
2090,2078,2088,2096,2089,2028,2069,2069
2075,2065,2088,2099,2091,2015,2050,2053
2058,2049,2070,2094,2091,2050,2076,2056
2056,2035,2064,2086,2081,2080,2075,2059
2050,2032,2048,2071,2082,2086,2072,2047
2031,2043,2043,2063,2087,2081,2062,2042
2035,2056,2039,2053,2089,2095,2082,2036
2056,2058,2037,2048,2084,2098,2069,2046
2062,2062,2031,2054,2057,2089,2064,2041
2064,2063,2024,2045,2052,2072,2061,2031
2058,2040,2013,2036,2060,2042,2053,2021
2045,2036,2017,2027,2047,2038,2060,2007
2038,2041,2022,2015,2067,2054,2052,2012
2033,2039,2019,2013,2058,2045,2038,2028
2036,2036,2013,2005,2060,2047,2051,2033
2040,2039,2012,2000,2051,2046,2056,2043
2051,2041,2021,1978,2052,2037,2065,2056
2054,2045,2025,1974,2055,2040,2072,2057
2056,2048,2036,1975,2057,2035,2073,2065
2054,2056,2031,1978,2053,2040,2070,2065
2059,2055,2041,1990,2047,2043,2076,2078
2055,2051,2034,1998,2047,2048,2090,2085
2048,2050,2022,1987,2038,2076,2071,2087
2048,2050,2009,1977,2010,2066,2080,2085
2047,2056,2004,1972,1996,2066,2090,2088
2052,2053,2009,1966,1992,2091,2077,2082
2049,2050,2010,1964,1972,2050,2065,2086
2038,2041,2020,1968,1952,2007,2039,2087
2041,2052,2035,1983,1996,2011,2032,2089
2046,2055,2040,1995,2015,1977,2010,2104
2057,2066,2043,1991,2003,1949,2031,2094
2057,2061,2025,1974,1996,1979,2028,2079
2058,2055,2016,1969,1974,2029,2043,2078
2062,2058,2023,1973,1974,2048,2034,2071
2065,2059,2023,1986,1993,2064,2052,2062
2056,2049,2018,1979,1980,2060,2039,2050
2055,2053,2026,1997,2020,2048,2074,2054
2053,2057,2040,2020,2105,2082,2092,2056
2049,2049,2039,2015,2167,2110,2069,2036
2045,2048,2037,2027,2220,2159,2056,2029
2056,2050,2038,2044,2248,2169,2072,2034
2056,2051,2042,2055,2239,2163,2068,2024
2053,2041,2036,2048,2194,2122,2070,2028
2053,2037,2043,2044,2166,2069,2071,2036
2060,2052,2054,2042,2126,2030,2073,2042
2063,2052,2042,2042,2064,2025,2102,2054
2059,2047,2034,2028,1954,2023,2100,2059
2059,2044,2034,2015,1940,2029,2110,2060
2066,2051,2041,2013,1968,2052,2106,2056
2059,2047,2055,2006,1974,2058,2086,2063
2056,2049,2060,1988,1976,2075,2079,2055
2054,2044,2069,1978,1976,2069,2074,2056
2057,2056,2072,1987,2005,2033,2082,2081
2059,2056,2084,2014,2058,2035,2099,2091
2061,2053,2094,2030,2075,2057,2099,2102
2059,2056,2095,2027,2073,2079,2081,2106
2065,2045,2090,2033,2074,2097,2089,2104
2056,2041,2093,2040,2071,2096,2093,2103
2053,2036,2093,2036,2054,2074,2058,2099
2049,2035,2082,2030,2040,2059,2067,2098
2050,2039,2075,2034,2030,2059,2064,2100
2046,2035,2062,2037,2030,2086,2067,2095
2044,2032,2055,2035,2031,2113,2069,2083
2043,2039,2049,2031,2035,2110,2070,2081
2040,2035,2043,2030,2034,2090,2076,2069
2047,2035,2032,2033,2040,2082,2064,2057
2047,2032,2014,2034,2045,2022,2045,2054
2051,2032,2003,2019,2046,1950,2021,2049
2052,2028,1990,1998,2033,1951,2041,2045
2051,2023,1980,1986,2036,1957,2043,2037
2040,2029,1976,1987,2040,1990,2048,2028
2043,2028,1982,1990,2035,2007,2030,2030
2047,2025,1985,1993,2036,2008,2034,2031
2045,2027,1986,1989,2032,2006,2040,2037
2044,2019,1991,1982,2033,2006,2049,2041
2057,2031,2013,1996,2031,2011,2056,2041
2060,2058,2050,2017,2019,2016,2062,2048
2072,2063,2060,2027,2003,2010,2058,2040
2057,2061,2060,2030,2020,2002,2054,2033
2054,2058,2063,2035,2034,2015,2056,2039
2054,2049,2051,2044,2047,2039,2058,2050
2054,2046,2056,2053,2059,2091,2064,2045
2054,2049,2067,2058,2058,2112,2057,2052
2061,2058,2080,2056,2056,2102,2067,2065
2058,2063,2084,2050,2057,2088,2073,2074
2056,2065,2089,2047,2060,2080,2064,2073
2057,2056,2076,2042,2067,2073,2055,2080
2044,2049,2069,2039,2053,2054,2050,2085
2043,2049,2077,2035,2042,2034,2049,2092
2053,2059,2086,2053,2055,2023,2052,2091
2054,2055,2086,2044,2055,2014,2046,2090
2056,2049,2076,2029,2039,2024,2062,2098
2066,2054,2078,2028,2049,2041,2063,2093
2062,2054,2075,2031,2053,2072,2065,2091
2060,2052,2070,2029,2053,2092,2064,2084
2056,2057,2065,2040,2052,2115,2071,2086
2060,2055,2064,2042,2058,2162,2083,2077
2060,2056,2056,2037,2054,2136,2056,2064
2052,2049,2047,2022,2033,2046,2040,2046
2048,2045,2048,2019,2061,1979,2034,2045
2051,2053,2064,2043,2134,2038,2053,2038
2045,2057,2060,2046,2157,2082,2064,2030
2042,2057,2061,2034,2135,2083,2066,2040
2052,2059,2058,2018,2013,2034,2056,2038
2059,2053,2060,2006,1936,2006,2052,2029
2056,2051,2046,2003,1924,2019,2051,2023
2052,2040,2042,2010,1916,2021,2039,2024
2050,2036,2042,2015,1949,2040,2055,2023
2061,2044,2045,2017,1946,2055,2067,2023
2052,2044,2046,2007,1924,2038,2057,2033
2041,2041,2037,1990,1940,2001,2026,2035
2048,2046,2039,2001,2008,2000,2030,2047
2061,2057,2036,2035,2068,2017,2051,2054
2066,2058,2032,2038,2053,2030,2067,2063
2070,2057,2039,2027,2027,2053,2062,2057
2068,2055,2041,2023,2036,2067,2072,2056
2049,2047,2026,2008,2037,2065,2067,2061
2044,2040,2017,2012,2041,2061,2058,2067
2034,2032,2023,2028,2042,2047,2060,2079
2038,2021,2034,2041,2058,2048,2065,2077
2044,2027,2051,2057,2055,2055,2069,2086
2053,2042,2051,2061,2056,2050,2060,2091
2053,2035,2044,2060,2046,2041,2054,2099
2056,2038,2058,2077,2069,2050,2063,2094
2056,2062,2082,2097,2082,2057,2060,2093
2061,2062,2084,2095,2067,2047,2065,2091
2051,2059,2077,2091,2062,2046,2050,2084
2061,2050,2060,2075,2053,2030,2049,2074
2042,2045,2049,2066,2063,2021,2052,2051
2043,2049,2044,2056,2056,2007,2060,2042
2046,2052,2049,2051,2050,2008,2057,2052
2044,2052,2047,2045,2055,2017,2061,2048
2049,2047,2047,2037,2051,2047,2081,2044
2055,2057,2059,2029,2022,2066,2078,2034
2048,2056,2060,1999,1966,2061,2059,2023
2047,2039,2055,1972,1907,2035,2043,2013
2048,2037,2052,1964,1893,2013,2036,2022
2060,2049,2057,1969,1928,1985,2032,2030
2060,2028,2044,1963,1956,1996,2030,2027
2054,2038,2053,1992,1979,2071,2043,2030
2051,2065,2095,2041,2041,2133,2081,2028
2052,2080,2112,2076,2120,2146,2082,2028
2047,2080,2105,2082,2155,2119,2060,2030
2049,2078,2093,2080,2160,2013,2046,2044
2050,2072,2074,2073,2129,1989,2050,2048
2059,2060,2050,2049,2094,2010,2068,2052
2053,2042,2026,2022,2059,2020,2047,2059
2049,2035,2020,2012,2056,2034,2056,2057
2049,2037,2018,2012,2081,2044,2050,2056
2042,2036,2024,1995,2070,2047,2056,2061
2039,2024,2023,1994,2052,2039,2045,2061
2036,2017,2005,1994,2047,2036,2040,2063
2032,2009,1995,2004,2050,2042,2038,2070
2014,2017,2008,2002,2067,2052,2044,2066
2008,2013,2006,2006,2055,2054,2052,2074
2026,2028,2012,2020,2062,2055,2068,2090
2043,2033,2019,2026,2064,2049,2050,2101
2042,2029,2011,2027,2067,2045,2053,2096
2049,2026,1998,2025,2084,2045,2059,2078
2044,2014,1988,2032,2110,2043,2064,2063
2048,2028,1989,2029,2107,2046,2054,2070
2056,2032,1994,2031,2095,2038,2054,2063
2061,2032,1991,2032,2103,2038,2050,2054
2063,2033,1987,2028,2114,2033,2033,2041
2049,2016,1971,2011,2104,2031,2039,2042
2048,2018,1983,2014,2104,2046,2048,2042
2072,2040,1996,1997,1986,2042,2052,2044
2076,2051,1993,1982,1930,2059,2058,2032
2074,2049,1990,1978,1954,2050,2060,2026
2072,2039,1992,1980,1968,2046,2060,2026
2048,2028,1998,1987,1985,2050,2056,2013
2008,2032,2017,2001,2010,2068,2041,2018
2012,2063,2051,2024,2033,2067,2042,2023
2035,2069,2069,2034,2041,2064,2041,2039
2046,2074,2091,2039,2047,2070,2073,2037
2052,2070,2100,2050,2041,2064,2064,2040
2050,2063,2103,2052,2041,2062,2070,2046
2039,2055,2093,2064,2050,2061,2067,2060
2048,2060,2096,2071,2076,2066,2046,2055
2047,2062,2098,2073,2090,2044,2071,2059
2051,2072,2108,2079,2089,2028,2074,2065
2052,2073,2114,2080,2077,2034,2062,2074
2050,2075,2114,2083,2070,2048,2055,2081
2053,2059,2099,2075,2064,2061,2072,2092
2056,2047,2070,2056,2047,2047,2061,2089
2057,2042,2046,2043,2015,2023,2049,2088
2049,2032,2044,2042,1999,2039,2040,2079
2048,2041,2067,2049,1969,2043,2026,2074
2045,2042,2067,2045,1965,2038,1995,2069
2042,2038,2051,2048,1989,2025,2014,2075
2044,2046,2049,2059,2037,2013,2022,2074
2039,2053,2047,2070,2083,2020,2030,2073
2041,2048,2032,2078,2115,2041,2051,2058
2038,2043,2028,2077,2122,2053,2053,2053
2041,2048,2036,2074,2117,2056,2057,2049
2040,2060,2047,2065,2111,2053,2053,2047
2051,2070,2065,2043,2062,2033,2049,2035
2055,2073,2060,2026,1933,2025,2037,2036
2067,2076,2064,2016,1926,2030,2040,2034
2071,2077,2078,2017,1963,2054,2030,2028
2068,2065,2062,2009,1977,2054,2033,2018
2047,2051,2049,2002,1986,2050,2035,2021
2044,2038,2040,1992,1983,2057,2030,2016
2038,2035,2047,2000,1989,2051,2033,2025
2040,2051,2049,1992,1967,2030,2046,2029
2051,2045,2037,1988,1952,2032,2044,2036
2056,2041,2039,2008,1964,2010,2042,2050
2062,2053,2053,2034,2038,2006,2040,2045
2051,2062,2064,2055,2098,2038,2060,2050
2055,2061,2069,2047,2086,2056,2065,2049
2053,2056,2067,2040,2084,2075,2072,2060
2056,2055,2067,2052,2077,2071,2069,2067
2056,2057,2056,2058,2067,2062,2074,2075
2062,2053,2047,2048,2040,2055,2051,2081
2054,2049,2045,2043,2031,2046,2049,2088
2044,2037,2033,2037,2022,2050,2048,2094
2052,2044,2026,2042,2030,2052,2066,2101
2059,2039,2027,2035,2031,2043,2041,2102
2045,2022,2008,2030,2018,2032,2053,2100
2049,2022,2016,2043,2012,2035,2060,2097
2049,2032,2036,2053,2016,2043,2069,2083
2047,2033,2048,2070,2051,2052,2064,2069
2034,2037,2042,2077,2077,2057,2055,2062
2034,2020,2035,2070,2078,2053,2066,2061
2047,2027,2031,2066,2029,2049,2062,2065
2041,2028,2033,2047,1978,2055,2037,2053
2046,2036,2022,2026,1955,2076,2042,2042
2045,2033,2011,2015,1969,2078,2016,2031
2040,2037,2002,2028,2089,2111,2024,2025
2039,2045,2011,2067,2160,2090,2060,2042
2049,2053,2009,2076,2092,2009,2054,2047
2049,2052,2004,2076,2051,2002,2045,2039
2050,2054,2012,2072,2036,2024,2055,2038
2055,2057,2023,2075,2040,2034,2053,2037
2059,2058,2013,2058,2032,2033,2048,2046
2061,2045,2015,2058,2032,2032,2049,2049
2066,2033,2031,2057,2050,2043,2060,2043
2059,2020,2034,2045,2045,2044,2039,2036
2053,2008,2018,2042,2009,2022,2004,2021
2032,2009,2016,2047,2023,1959,2003,2010
2027,2005,2002,2050,2037,1955,2007,2013
2030,2012,1996,2048,2062,2010,2020,2029
2030,2023,1988,2044,2080,2070,2049,2019
2013,2027,1997,2056,2114,2117,2072,2022
2018,2051,2009,2067,2127,2120,2084,2047
2047,2076,2023,2068,2109,2110,2087,2060
2060,2075,2021,2057,2096,2095,2054,2079
2070,2060,2005,2041,2079,2073,2056,2090
2064,2061,2018,2048,2068,2058,2045,2096
2058,2073,2035,2043,2052,2049,2038,2089
2053,2068,2042,2029,2034,2034,2022,2074
2033,2056,2046,2021,2016,2024,2024,2066
2031,2036,2035,2010,2016,2023,2034,2082
2062,2040,2041,2002,2011,2023,2033,2085
2073,2058,2062,2000,2024,2028,2027,2092
2080,2076,2090,2014,2029,2030,2023,2092
2084,2077,2112,2015,2020,2031,2028,2066
2069,2073,2128,2013,2015,2029,2025,2060
2064,2082,2161,2027,2020,2041,2046,2061
2051,2108,2183,2026,2026,2045,2057,2055
2034,2103,2166,2007,2030,2057,2047,2055
2036,2089,2117,2001,2030,2066,2037,2064
2044,2073,2074,1990,2016,2062,2037,2048
2041,2054,2052,1997,2024,2069,2029,2035
2040,2055,2049,2022,2040,2078,2067,2030
2045,2063,2056,2034,2054,2067,2051,2030
2055,2063,2053,2042,2063,2045,2021,2031
2052,2053,2039,2040,2057,2053,2037,2023
2032,2042,2020,2043,2037,2059,2034,2017
2029,2040,2006,2058,2032,2058,2055,2021
2036,2041,2014,2067,2027,2061,2044,2035
2042,2031,2019,2072,2025,2058,2024,2041
2049,2021,2012,2081,2044,2060,2070,2042
2054,2026,2019,2096,2080,2068,2055,2047
2049,2031,2018,2111,2096,2064,2051,2040
2039,2033,2019,2119,2105,2057,2068,2029
2030,2039,2037,2116,2103,2056,2066,2036
2026,2032,2058,2110,2086,2046,2074,2057
2036,2046,2080,2096,2072,2035,2072,2066
2054,2063,2085,2103,2072,2036,2064,2069
2073,2090,2116,2116,2080,2042,2045,2070
2067,2093,2148,2130,2075,2052,2044,2073
2058,2099,2169,2148,2075,2071,2035,2073
2051,2101,2172,2146,2070,2063,2049,2091
2044,2081,2151,2123,2053,2041,2024,2075
2033,2056,2108,2100,2042,2028,2024,2069
2034,2051,2090,2108,2056,2027,2025,2057
2025,2047,2072,2098,2056,2034,2020,2059
2024,2042,2041,2070,2046,2035,2019,2054
2027,2037,2009,2042,2041,2030,2030,2046
2028,2046,2008,2021,2035,2023,2029,2048
2032,2041,2004,1999,2030,2023,2040,2039
2034,2038,2003,1964,2026,2020,2034,2029
2045,2041,1983,1927,2004,2026,2029,2030
2049,2029,1945,1901,1992,2030,2049,2039
2049,2028,1930,1907,1987,2028,2051,2040
2044,2031,1912,1918,1990,2021,2061,2039
2044,2017,1879,1891,1939,2014,2064,2028
2040,2004,1876,1896,1893,1998,2029,2019
2032,2007,1892,1902,1880,1985,2029,2014
2030,2001,1896,1902,1867,1966,2000,1981
2006,1988,1910,1903,1889,1942,2005,1971
2017,2012,1968,1964,1999,1962,2024,2009
2037,2058,2041,2022,2083,1985,2052,2033
2051,2064,2075,2047,2119,2017,2053,2049
2061,2066,2100,2068,2132,2078,2062,2057
2065,2078,2108,2073,2116,2145,2071,2055
2060,2084,2119,2075,2110,2160,2100,2049
2059,2087,2124,2074,2104,2150,2102,2059
2058,2090,2120,2069,2090,2131,2090,2069
2057,2092,2132,2064,2084,2118,2097,2067
2063,2089,2134,2054,2067,2104,2087,2074
2054,2077,2116,2047,2064,2089,2078,2073
2054,2069,2110,2058,2063,2075,2077,2079
2049,2059,2101,2062,2058,2061,2077,2084
2054,2065,2105,2066,2060,2045,2068,2089
2057,2073,2121,2083,2073,2050,2078,2091
2054,2079,2127,2098,2061,2045,2065,2085
2050,2076,2122,2099,2059,2047,2037,2083
2049,2076,2120,2107,2073,2057,2058,2076
2056,2075,2113,2117,2079,2047,2037,2069
2055,2075,2141,2136,2074,2027,2007,2061
2052,2074,2141,2139,2063,2024,2019,2059
2043,2066,2129,2139,2064,2030,2031,2060
2052,2061,2109,2129,2067,2036,2004,2050
2045,2064,2089,2124,2043,2042,2030,2050
2050,2057,2070,2119,2037,2042,2020,2042
2046,2042,2060,2110,2052,2048,2020,2045
2049,2045,2040,2107,2062,2073,2067,2037
2058,2049,2036,2101,2063,2078,2066,2028
2059,2051,2022,2086,2032,2081,2060,2022
2053,2046,2000,2063,2018,2076,2045,2010
2045,2037,1975,2050,2016,2066,2050,2004
2044,2039,1964,2030,2004,2055,2044,2002
2038,2035,1950,2013,2006,2006,2041,2009
2038,2028,1963,2023,2047,1998,2033,2020
2048,2035,1983,2020,2023,2019,2045,2022
2051,2041,2013,2003,1976,2031,2032,2017
2045,2061,2040,1984,1973,2038,2034,2010
2044,2068,2062,1978,1971,2054,2055,2010
2040,2070,2064,1974,1974,2044,2046,2016
2047,2065,2050,1996,2000,2052,2051,2029
2054,2073,2077,2019,2011,2059,2062,2041
2064,2090,2099,2038,2029,2046,2061,2055
2070,2106,2119,2054,2024,2030,2041,2068
2071,2112,2128,2071,2046,1983,2045,2077
2076,2108,2128,2091,2113,2000,2060,2086
2065,2094,2112,2095,2137,2040,2071,2088
2060,2072,2093,2086,2147,2080,2064,2088
2055,2067,2067,2086,2121,2080,2042,2086
2056,2062,2087,2098,2088,2066,2054,2087
2052,2054,2093,2099,2070,2050,2054,2085
2056,2048,2103,2102,2068,2048,2036,2084
2067,2052,2112,2118,2075,2045,2041,2077
2072,2058,2124,2136,2080,2035,2031,2075
2076,2067,2126,2144,2068,2027,2030,2059
2067,2061,2123,2125,2051,2017,2034,2053
2039,2038,2103,2100,2046,2016,2026,2036
2023,2039,2091,2098,2049,2028,2034,2028
2022,2062,2102,2098,2063,2034,2038,2020
2015,2067,2102,2082,2070,2029,2042,2027
2036,2069,2093,2067,2073,2031,2040,2033
2048,2075,2084,2054,2066,2029,2057,2038
2057,2082,2062,2038,2065,2029,2050,2033
2059,2073,2050,2036,2056,2021,2026,2028
2056,2066,2033,2042,2059,2022,2018,2022
2059,2066,2029,2035,2050,2017,2017,2019
2056,2060,2017,2020,2035,2009,2021,2010
2041,2047,2002,1999,2025,2002,2024,2007
2041,2052,2002,1997,2029,2019,2039,2008
2053,2060,2013,2010,2027,2034,2030,2020
2055,2061,2007,2007,2025,2034,2036,2012
2051,2053,2022,2017,2028,2046,2049,2027
2049,2056,2022,2027,2040,2065,2062,2044
2065,2054,2022,2036,2051,2067,2067,2046
2062,2051,2008,2044,2053,2063,2062,2050
2062,2043,1995,2038,2049,2067,2062,2050
2059,2044,1985,2048,2068,2082,2055,2056
2058,2042,1983,2076,2081,2086,2049,2049
2038,2030,1969,2080,2072,2077,2034,2039
2027,2030,1971,2074,2068,2070,2034,2045
2032,2044,1968,2088,2081,2091,2047,2067
2036,2048,1972,2121,2089,2113,2064,2078
2046,2037,1956,2142,2084,2120,2056,2076
2037,2013,1914,2111,2039,2100,2037,2064
2035,1994,1884,2077,2007,2044,2007,2064
2026,1984,1885,2081,1989,2010,2000,2056
2023,1987,1911,2101,1998,2011,2015,2047
2029,2002,1950,2129,2021,2021,2016,2046
2031,2022,2000,2157,2054,2046,2012,2042
2033,2031,2016,2157,2078,2061,2047,2042
2032,2035,2004,2151,2077,2072,2045,2046
2039,2049,2008,2124,2061,2050,2026,2047
2048,2067,2014,2103,2056,1997,2052,2055
2052,2065,2009,2070,2045,1986,2063,2042
2042,2046,1986,2022,2024,2014,2035,2025
2036,2030,1974,2002,2029,2039,2049,2012
2032,2020,1979,1984,2030,2054,2037,2013
2033,2017,1983,1964,2001,2044,2049,2011
2028,2020,1994,1960,2012,2044,2036,2020
2030,2036,2026,1983,2023,2050,2054,2031
2048,2056,2075,1998,2018,2046,2046,2042
2064,2075,2098,2015,2027,2047,2053,2043
2084,2094,2121,2011,2033,2045,2051,2043
2082,2093,2126,1981,1992,2031,2040,2040
2084,2096,2132,1970,1966,2020,2034,2024
2067,2085,2137,1958,1976,2030,2024,2021
2060,2084,2150,1945,1989,2031,2042,2016
2041,2090,2160,1957,1996,2034,2044,2029
2042,2091,2137,1965,2019,2035,2026,2044
2044,2080,2126,2003,2073,2025,2028,2054
2047,2077,2143,2068,2139,2037,2048,2069
2049,2076,2138,2086,2157,2064,2061,2077
2050,2083,2135,2085,2152,2072,2067,2086
2054,2083,2121,2068,2141,2079,2065,2086
2049,2077,2096,2058,2158,2083,2066,2085
2055,2071,2086,2047,2136,2070,2063,2089
2061,2067,2072,2037,2086,2046,2048,2085
2050,2053,2063,2017,2041,2045,2041,2092
2060,2052,2053,2013,2034,2038,2038,2088
2062,2057,2045,2016,2044,2030,2044,2071
2066,2043,2024,2013,2034,2019,2037,2070
2073,2027,2006,2008,1999,2015,2027,2056
2068,2033,2004,2001,1980,2010,2038,2041
2054,2028,1995,1979,1958,2009,2025,2030
2030,2022,1976,1958,1947,2020,2025,2035
2008,2029,1966,1977,2012,2054,2043,2045
2038,2052,1970,2007,2093,2086,2053,2051
2055,2072,1997,2041,2136,2092,2068,2057
2064,2071,2008,2054,2125,2097,2075,2043
2057,2066,2007,2063,2093,2090,2045,2029
2053,2064,2013,2063,2062,2065,2041,2015
2043,2054,2010,2054,2061,2060,2057,2015
2034,2044,2001,2059,2097,2055,2052,2014
2044,2038,2013,2059,2103,2037,2029,2005
2043,2045,2042,2063,2102,2031,2009,2009
2044,2061,2068,2059,2092,2032,2033,2003
2037,2064,2080,2047,2038,2022,2020,2001
2030,2052,2085,2042,2015,2019,2019,2013
2040,2063,2106,2044,2010,2024,2030,2022
2044,2080,2122,2049,2031,2029,2031,2029
2053,2080,2116,2068,2112,2046,2039,2044
2059,2092,2113,2085,2184,2066,2047,2060
2077,2104,2118,2079,2205,2075,2064,2065
2070,2083,2100,2051,2178,2067,2042,2070
2074,2071,2077,2021,2148,2062,2078,2076
2073,2066,2058,2010,2132,2074,2079,2075
2078,2057,2047,2016,2164,2084,2052,2088
2074,2058,2055,2041,2155,2077,2052,2092
2060,2060,2061,2055,2123,2077,2056,2089
2047,2043,2052,2039,2002,2080,2032,2070
2029,2038,2038,2002,1833,2050,2031,2061
2031,2032,2025,1989,1756,2034,2041,2066
2038,2031,2038,2014,1820,2035,2038,2065
2046,2040,2044,2040,1916,2017,2037,2066
2041,2042,2051,2063,2024,2028,2048,2068
2043,2042,2051,2076,2083,2059,2035,2054
2031,2036,2046,2091,2093,2082,2039,2024
2024,2036,2043,2087,2072,2069,2024,2026
2031,2044,2046,2091,2076,2038,2037,2048
2059,2045,2050,2092,2082,2048,2060,2061
2062,2057,2056,2086,2085,2092,2069,2038
2053,2062,2059,2076,2074,2125,2065,2039
2061,2064,2058,2068,2045,2140,2063,2042
2061,2056,2044,2061,2007,2113,2052,2038
2055,2047,2036,2053,2019,2018,2054,2028
2041,2038,2024,2049,2003,1941,2036,2013
2047,2043,2036,2049,1946,1937,2017,2012
2045,2044,2040,2052,1936,1956,2028,2008
2049,2050,2054,2064,1935,1949,2022,2022
2056,2063,2067,2067,1968,1947,2031,2033
2057,2054,2064,2065,2017,1958,2065,2043
2056,2054,2062,2055,2043,2019,2088,2032
2056,2054,2052,2020,2056,2073,2086,2015
2045,2052,2051,2017,2101,2109,2088,2018
2051,2053,2043,2011,2081,2129,2083,2028
2049,2039,2028,1999,2042,2107,2063,2034
2048,2038,2019,2001,2018,2069,2037,2046
2059,2040,2014,2007,1988,2033,2045,2060
2074,2047,2028,2036,2008,2028,2026,2060
2074,2049,2041,2073,2052,2048,2028,2060
2068,2044,2037,2090,2069,2055,2036,2056
2045,2035,2027,2085,2068,2057,2027,2054
2035,2033,2028,2074,2047,2038,2033,2066
2047,2049,2032,2075,2048,2030,2025,2064
2047,2042,2014,2081,2051,2008,2032,2075
2034,2029,2009,2113,2116,1990,2053,2088
2049,2048,2025,2154,2208,2025,2054,2092
2061,2062,2036,2173,2226,2064,2070,2092
2058,2061,2050,2183,2218,2085,2069,2080
2058,2055,2038,2173,2198,2065,2055,2063
2056,2045,2025,2148,2083,2022,2031,2049
2052,2043,2010,2116,1944,2008,2028,2035
2050,2042,2002,2105,1974,2027,2041,2040
2057,2039,2011,2104,2012,2056,2051,2032
2049,2040,2017,2088,2034,2061,2040,2036
2035,2045,2018,2052,2041,2064,2052,2029
2042,2045,2027,2004,2034,2050,2066,2016
2043,2050,2026,1965,2002,2035,2054,2016
2044,2056,2040,1952,1995,2039,2042,2011
2040,2045,2038,1945,1993,2022,2015,2016
2046,2040,2040,1937,1993,2002,2023,2014
2040,2040,2053,1962,2001,2009,2016,2009
2046,2052,2077,1988,2018,2025,2043,2023
2068,2058,2077,1992,2028,2031,2029,2031
2070,2055,2058,1985,2019,2027,2035,2023
2061,2051,2048,1990,2027,2029,2044,2019
2061,2056,2060,2013,2036,2046,2049,2030
2062,2063,2070,2031,2041,2050,2056,2044
2064,2068,2073,2036,2052,2049,2054,2043
2066,2062,2072,2043,2057,2046,2048,2036
2058,2059,2075,2035,2040,2048,2071,2051
2056,2061,2080,2025,2036,2036,2063,2057
2057,2065,2076,2031,2040,2036,2073,2063
2059,2074,2076,2035,2037,2033,2068,2073
2068,2072,2072,2053,2053,2042,2076,2079
2062,2072,2062,2061,2054,2049,2059,2088
2050,2071,2057,2066,2051,2049,2064,2088
2058,2059,2050,2057,2033,2035,2053,2090
2044,2052,2049,2055,2029,2021,2044,2093
2058,2061,2047,2049,2021,2011,2050,2091
2056,2058,2047,2044,2019,2015,2039,2083
2059,2049,2042,2038,2021,2028,2020,2073
2053,2050,2035,2038,2030,2030,2037,2073
2054,2048,2026,2038,2034,2029,2062,2061
2056,2041,2025,2027,2032,2036,2069,2055
2049,2036,2027,2016,2032,2039,2056,2045
2049,2042,2019,2013,2022,2030,2051,2030
2052,2043,2021,2009,2010,2026,2053,2034
2053,2045,2032,2025,2004,2013,2069,2042
2058,2049,2037,2029,2002,2002,2045,2033
2063,2049,2023,2028,2012,2004,2052,2037
2062,2052,2012,2052,2049,2029,2057,2039
2067,2050,1995,2070,2074,2035,2056,2036
2066,2030,1982,2073,2074,2059,2036,2024
2042,2011,1957,2075,2078,2094,2061,2008
2036,2007,1957,2071,2068,2132,2062,2014
2045,2017,1975,2069,2066,2133,2069,2021
2053,2024,1980,2068,2052,2117,2068,2020
2059,2047,2006,2071,2054,2099,2071,2032
2067,2065,2024,2074,2060,2099,2065,2034
2074,2068,2024,2071,2052,2077,2064,2040
2065,2071,2030,2071,2036,2063,2071,2044
2075,2063,2049,2067,2045,2048,2065,2044
2061,2052,2047,2054,2032,2047,2056,2044
2049,2040,2049,2039,2012,2039,2036,2057
2051,2043,2064,2039,2010,2026,2050,2067
2068,2048,2078,2030,2010,2032,2046,2069
2057,2027,2062,2001,2007,2030,2031,2073
2050,2013,2043,1985,2021,2040,2045,2080
2066,2035,2046,2005,2036,2050,2047,2082
2057,2040,2042,2008,2033,2050,2047,2087
2055,2031,2020,2020,2023,2051,2055,2106
2049,2033,2034,2030,2034,2067,2050,2113
2037,2048,2060,2045,2037,2080,2065,2103
2043,2061,2077,2053,2036,2073,2064,2103
2061,2060,2087,2037,2037,2063,2055,2097
2060,2058,2068,2026,2013,2065,2045,2074
2049,2053,2072,2025,1991,2072,2050,2051
2044,2061,2098,2022,1988,2072,2045,2055
2056,2071,2109,2018,1992,2073,2055,2045
2056,2055,2091,2015,2006,2042,2026,2041
2053,2060,2086,2030,2016,2009,2045,2048
2064,2071,2093,2049,2046,2006,2047,2061
2062,2086,2094,2065,2058,2019,2044,2057
2068,2084,2078,2063,2053,2039,2033,2054
2068,2074,2061,2099,2064,2052,2055,2041
2065,2068,2058,2123,2100,2058,2065,2025
2056,2049,2038,2120,2140,2066,2042,2019
2045,2044,2034,2122,2138,2069,2052,2026
2046,2050,2042,2110,2115,2062,2048,2031
2048,2050,2029,2094,2092,2057,2049,2031
2045,2044,2022,2077,2090,2059,2036,2038
2042,2049,2031,2065,2078,2058,2058,2043
2046,2050,2036,2052,2072,2059,2053,2047
2052,2047,2054,2051,2077,2060,2065,2051
2052,2052,2066,2047,2081,2060,2073,2052
2058,2051,2072,2040,2080,2051,2059,2061
2057,2048,2064,2031,2071,2063,2066,2067
2053,2042,2046,2010,2050,2079,2048,2066
2052,2037,2032,2003,2020,2098,2048,2070
2037,2020,2023,2024,2028,2122,2055,2065
2035,2023,2024,2060,2106,2126,2040,2082
2047,2040,2042,2088,2188,2092,2066,2102
2058,2053,2052,2125,2226,2023,2056,2114
2054,2034,2040,2107,2232,2026,2067,2113
2049,2027,2026,2076,2206,2055,2057,2107
2054,2034,2031,2056,2165,2061,2065,2111
2055,2041,2041,2042,2113,2040,2052,2104
2061,2048,2058,2024,1990,1997,2042,2104
2061,2063,2065,1987,1849,1952,2019,2092
2061,2061,2053,1960,1737,1940,2000,2077
2052,2061,2051,1969,1772,1981,2028,2068
2062,2080,2089,2026,1926,2045,2068,2076
2080,2100,2108,2069,2049,2080,2081,2085
2092,2093,2098,2085,2098,2090,2078,2086
2090,2079,2081,2089,2121,2086,2081,2065
2072,2060,2055,2073,2099,2072,2063,2053
2055,2043,2039,2051,2040,2064,2058,2041
2056,2041,2030,2049,2007,2053,2054,2031
2057,2035,2032,2059,2054,2067,2069,2027
2053,2034,2032,2078,2151,2066,2062,2034
2040,2029,2032,2111,2203,2035,2062,2038
2041,2034,2032,2125,2217,2040,2067,2043
2049,2046,2040,2118,2173,2045,2046,2037
2058,2051,2040,2088,2111,2039,2037,2047
2063,2041,2026,2050,2034,2066,2064,2039
2060,2033,2024,2038,2031,2094,2053,2041
2047,2037,2036,2050,2056,2096,2056,2041
2045,2037,2041,2056,2060,2089,2058,2040
2044,2046,2047,2059,2052,2096,2051,2053
2043,2054,2060,2056,2031,2061,2053,2063
2036,2049,2061,2060,2018,2042,2029,2067
2046,2052,2065,2061,1991,2018,2046,2073
2046,2052,2071,2049,1964,2003,2040,2080
2050,2044,2070,2051,1982,1974,2055,2086
2046,2050,2060,2067,2036,1978,2050,2104
2052,2041,2049,2064,2054,1995,2058,2106
2051,2033,2034,2060,2055,2007,2029,2088
2038,2019,2028,2059,2051,2020,2007,2098
2041,2029,2049,2073,2065,2036,2026,2103
2046,2047,2054,2075,2062,2045,2026,2099
2048,2047,2057,2082,2068,2056,2057,2091
2051,2040,2046,2082,2061,2058,2052,2090
2054,2041,2035,2077,2059,2055,2060,2088
2055,2035,2029,2061,2056,2058,2060,2071
2061,2038,2026,2049,2054,2056,2049,2061
2051,2041,2032,2038,2042,2056,2047,2060
2055,2039,2032,2022,2036,2045,2032,2067
2052,2041,2036,2004,2037,2041,2041,2056
2047,2034,2039,2016,2032,2040,2052,2051
2047,2038,2061,2019,2027,2035,2046,2043
2050,2047,2053,2023,2022,2031,2030,2045
2051,2034,2036,2029,2031,2037,2050,2044
2061,2051,2047,2046,2049,2051,2057,2043
2069,2058,2061,2056,2066,2052,2055,2040
2068,2056,2058,2063,2073,2054,2050,2042
2059,2051,2054,2068,2073,2052,2059,2047
2052,2052,2049,2067,2070,2050,2055,2042
2049,2059,2057,2076,2077,2057,2073,2046
2060,2064,2058,2072,2074,2064,2068,2053
2059,2067,2068,2078,2067,2056,2062,2051
2048,2054,2072,2065,2054,2044,2072,2051
2044,2050,2083,2064,2047,2050,2076,2050
2053,2070,2099,2072,2059,2070,2086,2064
2057,2078,2094,2075,2058,2073,2080,2080
2056,2063,2079,2075,2071,2088,2067,2089
2050,2057,2067,2069,2077,2102,2067,2095
2053,2045,2054,2056,2065,2125,2056,2089
2044,2044,2051,2057,2065,2109,2066,2097
2049,2046,2052,2060,2056,2059,2055,2096
2045,2038,2053,2059,2058,2045,2040,2094
2039,2029,2042,2049,2049,2047,2027,2087
2031,2025,2033,2041,2029,2059,2043,2094
2031,2038,2035,2041,1998,2074,2054,2084
2030,2040,2039,2039,1949,2084,2028,2067
2040,2046,2052,2024,1906,2055,2016,2063
2042,2043,2042,2020,1879,2000,2010,2064
2039,2042,2039,2023,1916,1927,1993,2057
2046,2051,2061,2064,2009,1875,2006,2080
2066,2066,2103,2117,2124,1916,2056,2090
2068,2073,2127,2151,2170,1991,2048,2086
2064,2072,2125,2149,2182,2073,2078,2083
2059,2070,2114,2136,2155,2087,2092,2070
2060,2057,2093,2108,2113,2083,2063,2052
2047,2042,2078,2087,2077,2062,2055,2041
2041,2036,2062,2077,2052,2040,2046,2030
2039,2030,2050,2068,2016,2042,2045,2034
2041,2044,2042,2069,1999,2047,2043,2033
2041,2033,2033,2077,2018,2059,2059,2036
2040,2028,2029,2072,2044,2114,2074,2050
2046,2033,2019,2064,2066,2167,2077,2045
2041,2031,2009,2047,2083,2166,2079,2038
2048,2031,2011,2041,2076,2092,2057,2037
2051,2038,2015,2042,2064,1986,2050,2030
2046,2041,2008,2029,2073,1966,2049,2028
2051,2045,1990,2026,2074,2007,2037,2038
2044,2036,1982,2045,2079,2037,2012,2050
2049,2041,1992,2070,2088,2051,2016,2057
2051,2051,1997,2096,2108,2066,2063,2070
2066,2047,2001,2114,2111,2073,2065,2076
2071,2048,2000,2127,2111,2070,2057,2086
2061,2036,2005,2130,2097,2064,2049,2087
2051,2031,2008,2136,2078,2069,2055,2088
2032,2031,2020,2135,2072,2071,2056,2090
2037,2026,2008,2113,2063,2064,2044,2088
2037,2025,2011,2085,2052,2059,2051,2097
2045,2030,2009,2083,2045,2058,2055,2091
2041,2031,2026,2085,2026,2045,2054,2081
2037,2029,2042,2096,2007,2024,2048,2077
2046,2035,2050,2094,1988,2007,2045,2068
2044,2037,2049,2080,1980,2004,2035,2059
2032,2024,2047,2059,1996,2014,2027,2056
2036,2027,2049,2051,2037,2021,2014,2046
2038,2025,2043,2010,2047,2031,2044,2049
2040,2027,2043,1989,2047,2033,2038,2049
2040,2021,2033,1970,2057,2039,2030,2028
2037,2020,2020,1962,2057,2052,2038,2037
2045,2030,2015,1972,2012,2046,2040,2037
2055,2033,2018,1979,1948,2047,2049,2034
2052,2035,2049,2005,1948,2051,2045,2026
2047,2058,2072,2017,1965,2049,2037,2020
2043,2053,2065,2005,1997,2049,2034,2006
2040,2040,2044,1998,2023,2042,2030,2008
2049,2044,2033,1994,1998,2041,2038,2018
2051,2045,2030,1996,2012,2014,2029,2014
2048,2050,2043,2020,2087,2014,2055,2034
2068,2073,2064,2050,2155,2065,2066,2053
2074,2086,2083,2065,2188,2099,2060,2054
2073,2083,2069,2052,2197,2105,2070,2049
2072,2082,2056,2032,2172,2090,2059,2058
2075,2071,2054,2037,2091,2072,2049,2065
2070,2072,2071,2055,1971,2071,2070,2065
2061,2062,2070,2073,1989,2086,2058,2069
2053,2053,2069,2080,2048,2089,2075,2072
2062,2052,2074,2086,2092,2091,2062,2081
2056,2054,2072,2082,2080,2064,2058,2080
2054,2046,2071,2066,2042,2039,2067,2070
2034,2033,2068,2063,2023,2007,2039,2069
2027,2021,2061,2051,2013,1985,2025,2070
2007,2011,2059,2054,2068,2013,2035,2070
2000,2025,2077,2061,2120,2020,2027,2069
2016,2036,2080,2056,2146,2026,2034,2074
2026,2049,2073,2048,2151,2062,2060,2068
2041,2064,2085,2044,2151,2093,2055,2070
2056,2076,2085,2038,2121,2094,2031,2058
2053,2068,2072,2031,2085,2076,2024,2052
2052,2061,2067,2033,2032,2017,2025,2051
2052,2068,2084,2039,1955,1952,2015,2048
2059,2070,2086,2034,1829,1923,2018,2043
2043,2056,2069,2026,1823,1931,2039,2027
2035,2039,2054,2033,1891,1970,2046,2021
2046,2038,2050,2059,1964,2016,2053,2026
2048,2033,2036,2069,2048,2041,2057,2033
2045,2020,2012,2056,2076,2054,2057,2032
2045,2015,1986,2050,2089,2057,2049,2022
2040,2009,1986,2069,2103,2051,2047,2025
2057,2029,2000,2092,2101,2052,2035,2028
2057,2038,1998,2094,2094,2047,2044,2034
2054,2028,1988,2079,2092,2046,2046,2031
2042,2029,1982,2063,2093,2044,2064,2031
2035,2033,1989,2049,2076,2026,2065,2035
2049,2044,1996,2036,2066,2021,2056,2039
2048,2052,2013,2038,2057,2026,2037,2051
2052,2050,2024,2037,2051,2036,2041,2057
2051,2046,2019,2027,2041,2056,2052,2063
2049,2039,2024,2019,2038,2091,2044,2071
2061,2066,2073,2040,2050,2118,2055,2086
2072,2095,2106,2055,2058,2079,2056,2094
2077,2087,2091,2033,2050,2042,2064,2088
2059,2076,2077,2024,2047,2029,2035,2081
2050,2067,2077,2029,2052,2034,2026,2081
2047,2066,2081,2035,2046,2038,2009,2082
2046,2048,2080,2035,2044,2041,2014,2085
2051,2053,2076,2026,2047,2054,2042,2080
2045,2043,2061,2025,2033,2056,2055,2072
2041,2040,2051,2024,2029,2056,2054,2069
2040,2032,2033,2030,2009,2042,2056,2064
2042,2034,2015,2016,1983,2027,2026,2070
2041,2026,1985,2020,1983,1997,2034,2072
2046,2032,1996,2029,2018,2006,2038,2067
2052,2041,2000,2024,2022,2028,2047,2055
2054,2040,2003,2022,2035,2050,2051,2057
2068,2052,2022,2044,2070,2076,2074,2061
2071,2058,2033,2060,2076,2081,2058,2060
2070,2056,2057,2058,2064,2078,2071,2036
2066,2061,2075,2060,2050,2080,2060,2032
2062,2060,2090,2056,2020,2069,2067,2030
2064,2063,2095,2059,2008,2060,2056,2031
2052,2039,2085,2043,2018,2042,2014,2018
2043,2038,2074,2031,2034,2045,2013,2014
2048,2047,2073,2033,2029,2048,2043,2017
2052,2054,2077,2045,2030,2053,2054,2020
2055,2061,2080,2047,2047,2044,2062,2034
2057,2056,2074,2041,2060,2034,2047,2036
2050,2051,2070,2056,2071,2044,2054,2044
2052,2043,2061,2067,2074,2044,2052,2048
2060,2042,2053,2058,2070,2058,2058,2047
2058,2041,2049,2052,2059,2065,2045,2053
2061,2045,2056,2053,2064,2068,2028,2066
2064,2056,2062,2053,2057,2060,2024,2076
2063,2056,2067,2054,2051,2054,2030,2096
2061,2052,2062,2061,2056,2022,2046,2093
2052,2046,2056,2067,2070,2020,2050,2086
2034,2038,2050,2074,2062,2036,2046,2077
2032,2042,2050,2066,2066,2047,2045,2071
2030,2045,2059,2068,2075,2062,2058,2083
2046,2047,2068,2074,2073,2071,2048,2088
2058,2055,2081,2082,2065,2033,2031,2092
2050,2053,2093,2094,2058,2012,2027,2088
2050,2056,2090,2095,2054,2012,2023,2084
2054,2072,2089,2092,2052,2029,2026,2075
2060,2069,2075,2091,2050,2050,2061,2069
2059,2061,2058,2073,2040,2057,2040,2055
2054,2041,2040,2059,2028,2057,2052,2046
2047,2039,2030,2053,2022,2049,2041,2045
2042,2040,2029,2046,2033,2043,2065,2040
2041,2039,2028,2042,2072,2050,2040,2036
2049,2039,2022,2039,2076,2042,2034,2035
2048,2041,2015,2032,2082,2046,2040,2037
2056,2043,2022,2017,2080,2054,2040,2021
2052,2040,2028,2026,2108,2078,2047,2014
2049,2049,2038,2041,2134,2090,2038,2020
2045,2048,2043,2041,2136,2097,2040,2025
2046,2058,2041,2047,2130,2112,2038,2029
2051,2067,2048,2041,2101,2090,2048,2033
2052,2059,2060,2040,2005,2052,2045,2031
2054,2047,2068,2052,1981,2030,2050,2039
2061,2055,2066,2085,2050,2043,2063,2047
2065,2058,2069,2134,2068,2045,2074,2043
2059,2049,2057,2140,2011,2031,2038,2042
2040,2040,2041,2138,1975,2045,2041,2042
2040,2037,2037,2139,1966,2039,2054,2048
2042,2046,2043,2123,1955,2043,2042,2056
2046,2050,2042,2106,1982,2032,2028,2064
2057,2054,2056,2125,2082,2035,2039,2075
2067,2067,2073,2144,2163,2058,2085,2084
2059,2053,2061,2133,2192,2053,2074,2082
2055,2049,2066,2096,2205,2060,2064,2084
2044,2042,2074,2067,2157,2043,2056,2082
2038,2045,2071,2033,2052,2024,2045,2076
2035,2045,2052,2024,1977,2022,2047,2074
2039,2045,2043,2029,1989,2047,2059,2065
2036,2052,2042,2026,1966,2083,2052,2049
2030,2044,2032,2015,1910,2080,2027,2038
2033,2045,2031,2014,1869,2067,2019,2027
2029,2042,2022,2012,1836,2027,2020,2026
2031,2040,2011,2032,1898,1951,2023,2046
2053,2054,2022,2077,2046,1963,2035,2057
2068,2058,2022,2075,2115,2020,2041,2040
2052,2049,2010,2043,2123,2076,2055,2026
2046,2037,2001,2009,2104,2097,2056,2026
2038,2036,2008,1983,2034,2084,2046,2031
2039,2044,2021,1968,2005,2054,2073,2031
2045,2042,2037,1966,2016,2029,2086,2035
2053,2053,2050,1985,2027,2014,2072,2036
2048,2045,2049,2005,2054,2016,2066,2027
2048,2045,2057,2014,2065,2043,2062,2034
2064,2064,2078,2026,2083,2076,2064,2041
2066,2070,2082,2043,2107,2082,2067,2042
2057,2067,2075,2049,2097,2080,2076,2046
2066,2065,2074,2049,2034,2070,2070,2047
2058,2067,2071,2044,2014,2055,2054,2053
2053,2072,2075,2047,2064,2058,2029,2056
2059,2061,2069,2025,2087,2057,2026,2053
2056,2057,2069,2006,2070,2049,2030,2056
2055,2059,2066,2003,2049,2043,2020,2058
2058,2052,2069,2011,2041,2042,2046,2070
2054,2057,2066,2011,2052,2051,2052,2079
2055,2050,2056,2021,2051,2060,2032,2082
2056,2046,2052,2028,2056,2075,2046,2084
2060,2044,2051,2032,2056,2077,2052,2091
2054,2039,2051,2028,2052,2082,2062,2078
2050,2026,2041,2021,2042,2077,2052,2094
2069,2032,2043,2028,2028,2058,2032,2092
2068,2043,2045,2042,2024,2020,2022,2074
2053,2038,2038,2038,2019,1971,2023,2059
2045,2033,2016,2023,2026,1984,2038,2047
2025,2025,2009,2030,2035,2021,2030,2040
2026,2017,1994,2035,2063,2055,2044,2037
2020,2018,1992,2046,2076,2071,2032,2037
2010,2022,1998,2051,2084,2059,2022,2022
2013,2027,1992,2059,2107,2028,2027,2017
2025,2032,1993,2061,2119,2008,2035,2021
2044,2035,2003,2065,2122,1998,2027,2014
2042,2031,2005,2059,2123,2008,2030,2019
2044,2035,2035,2078,2138,2021,2030,2023
2044,2037,2045,2082,2120,2023,2046,2031
2044,2035,2048,2079,2101,2034,2044,2030
2046,2024,2040,2063,2081,2023,2058,2028
2040,2021,2056,2055,2054,2023,2057,2034
2043,2035,2080,2043,1967,2032,2061,2045
2044,2050,2099,2045,1935,2046,2056,2040
2051,2060,2102,2051,1996,2059,2052,2039
2052,2064,2100,2064,2049,2079,2080,2039
2050,2074,2095,2071,2070,2088,2084,2036
2049,2069,2084,2074,2075,2090,2081,2039
2048,2059,2064,2055,2069,2092,2071,2037
2044,2046,2041,2037,2059,2085,2071,2041
2045,2043,2029,2024,2054,2082,2068,2042
2043,2043,2030,2023,2042,2065,2053,2049
2039,2045,2036,2027,2043,2032,2059,2049
2035,2037,2023,2019,2025,2002,2061,2043
2033,2033,2011,2011,2017,2017,2043,2059
2034,2033,2007,2011,2016,2020,2044,2069
2034,2030,1999,2012,2007,2025,2042,2075
2034,2030,2003,2023,2010,2008,2037,2087
2044,2047,2038,2062,2033,1979,2048,2099
2057,2067,2072,2083,2062,1994,2044,2095
2060,2064,2073,2072,2064,2025,2048,2084
2057,2060,2059,2058,2053,2027,2060,2072
2050,2059,2062,2053,2043,2016,2052,2070
2047,2060,2064,2050,2043,2016,2045,2060
2050,2068,2075,2053,2053,2031,2047,2048
2052,2068,2081,2063,2069,2045,2054,2045
2053,2069,2078,2067,2084,2075,2072,2048
2056,2060,2070,2062,2073,2080,2065,2050
2053,2061,2054,2052,2053,2095,2048,2028
2054,2053,2052,2057,2032,2107,2043,2021
2041,2045,2052,2060,2036,2085,2030,2017
2040,2039,2048,2064,2035,1991,2016,2009
2033,2028,2044,2056,2037,1951,2004,2000
2024,2029,2049,2062,2043,2004,2016,1995
2020,2028,2045,2056,2047,2063,2041,1993
2028,2031,2041,2059,2054,2104,2071,2004
2031,2032,2049,2066,2060,2113,2064,2006
2025,2024,2035,2067,2066,2109,2072,1996
2019,2019,2035,2061,2059,2096,2076,1998
2011,2009,2032,2059,2068,2082,2070,2000
2010,2012,2026,2056,2068,2069,2060,2009
2026,2020,2026,2058,2072,2058,2049,2026
2032,2018,2008,2042,2052,2052,2054,2027
2032,2016,2001,2029,2047,2043,2054,2035
2030,2025,2004,2022,2040,2027,2050,2046
2029,2034,2025,2022,2029,2023,2032,2051
2034,2048,2036,2028,2044,2028,2028,2066
2041,2058,2034,2029,2048,2039,2023,2074
2048,2056,2028,2038,2055,2053,2039,2090
2052,2058,2022,2042,2063,2075,2055,2098
2051,2056,2025,2048,2059,2064,2047,2088
2041,2047,2014,2047,2050,2046,2038,2085
2038,2038,2010,2044,2044,2040,2041,2084
2042,2036,2000,2039,2033,2033,2041,2081
2037,2030,1992,2040,2025,2036,2038,2072
2038,2045,2008,2040,2026,2037,2034,2070
2044,2057,2035,2047,2037,2040,2034,2064
2054,2060,2045,2051,2027,2033,2033,2059
2051,2060,2049,2047,2022,2022,2027,2044
2059,2052,2058,2051,2016,2015,2034,2039
2052,2054,2059,2060,2028,2023,2037,2025
2054,2062,2074,2076,2034,2030,2042,2022
2053,2061,2081,2082,2033,2019,2031,2025
2052,2062,2095,2085,2030,2025,2037,2028
2053,2067,2096,2080,2041,2046,2038,2014
2036,2057,2084,2065,2046,2063,2048,2001
2032,2055,2080,2063,2062,2082,2042,2009
2030,2050,2076,2051,2064,2068,2045,2004
2031,2051,2075,2054,2074,2030,2044,2025
2045,2066,2085,2073,2089,2035,2061,2044
2059,2078,2086,2078,2084,2042,2056,2043
2057,2077,2079,2078,2075,2067,2050,2029
2056,2074,2067,2067,2067,2073,2038,2023
2044,2068,2057,2058,2025,2059,2050,2022
2039,2055,2056,2035,1962,2038,2045,2027
2041,2053,2051,2031,1933,1990,2033,2042
2048,2060,2051,2037,1959,1975,2023,2037
2042,2052,2055,2036,1972,2000,2030,2033
2040,2052,2078,2062,2011,2038,2040,2056
2044,2062,2092,2083,2054,2070,2051,2064
2046,2056,2078,2092,2062,2070,2028,2069
2032,2044,2073,2095,2082,2053,2032,2077
2039,2058,2090,2112,2103,2047,2066,2084
2053,2072,2095,2116,2098,2041,2064,2079
2054,2056,2078,2101,2053,2038,2037,2075
2042,2053,2070,2090,2028,2040,2043,2082
2046,2066,2078,2087,2019,2043,2032,2082
2046,2069,2074,2084,2005,2042,2027,2081
2045,2062,2075,2075,2004,2032,2039,2068
2043,2064,2069,2061,2003,2025,2036,2057
2048,2065,2056,2050,1998,2019,2033,2052
2052,2063,2059,2055,2014,2020,2041,2047
2052,2059,2063,2074,2079,2044,2046,2043
2054,2054,2060,2073,2103,2052,2045,2038
2050,2048,2042,2076,2095,2051,2045,2033
2045,2044,2041,2076,2102,2046,2046,2019
2046,2035,2035,2088,2116,2042,2043,2021
2045,2038,2040,2096,2127,2046,2030,2014
2040,2035,2049,2089,2116,2046,2031,2007
2034,2030,2052,2070,2085,2045,2037,2002
2037,2018,2027,2041,2048,2035,2033,2002
2045,2000,1998,2024,2036,2033,2030,2018
2043,1995,1989,2009,2015,2045,2043,2018
2057,2018,2000,2017,2053,2057,2031,2017
2057,2035,2006,2030,2077,2060,2036,2012
2048,2031,1994,2028,2078,2062,2046,2016
2045,2033,1981,2027,2080,2060,2055,2016
2049,2027,1978,2018,2054,2051,2043,2022
2040,2035,1980,2020,2055,2055,2050,2020
2040,2039,1968,2014,2052,2084,2053,2030
2037,2040,1962,2003,2015,2101,2051,2039
2038,2039,1973,1985,1948,2093,2038,2039
2028,2035,1986,1975,1941,2076,2037,2041
2029,2036,2000,2001,1958,2039,2017,2056
2038,2058,2036,2038,2011,1983,2031,2076
2047,2076,2060,2068,2092,1975,2040,2083
2051,2076,2069,2090,2158,2000,2059,2093
2052,2077,2079,2092,2186,2044,2053,2089
2051,2066,2085,2076,2144,2080,2071,2088
2055,2061,2079,2053,2086,2090,2066,2090
2062,2063,2073,2039,2027,2071,2051,2086
2064,2063,2072,2020,1975,2034,2027,2081
2062,2060,2079,2016,1938,1978,2029,2070
2069,2066,2092,2051,1991,1972,2047,2071
2057,2068,2102,2077,2075,2006,2035,2054
2043,2063,2087,2081,2092,2022,2043,2038
2042,2060,2080,2074,2082,2029,2056,2031
2032,2055,2082,2082,2044,2019,2053,2024
2037,2055,2084,2089,2045,2013,2049,2026
2043,2055,2081,2088,2064,2013,2029,2027
2042,2053,2076,2072,2073,2017,2020,2018
2034,2044,2055,2071,2113,2037,2045,2023
2034,2036,2048,2071,2133,2064,2064,2016
2032,2048,2061,2076,2148,2086,2060,2007
2028,2043,2060,2065,2168,2087,2055,2009
2035,2046,2053,2049,2143,2074,2033,2012
2047,2050,2059,2045,2123,2048,2052,2018
2048,2052,2054,2042,2114,2032,2065,2030
2053,2050,2063,2030,2057,2040,2059,2032
2053,2047,2061,2009,1936,2040,2021,2032
2045,2038,2062,2026,1983,2047,2022,2028
2042,2043,2065,2049,2016,2059,2027,2030
2041,2048,2073,2052,2036,2064,2047,2040
2042,2048,2063,2046,2048,2067,2038,2044
2050,2047,2054,2045,2052,2057,2040,2041
2049,2040,2051,2050,2063,2053,2040,2048
2050,2046,2060,2061,2067,2058,2037,2065
2042,2053,2054,2055,2058,2060,2039,2062
2037,2048,2056,2046,2036,2060,2041,2065
2035,2049,2051,2041,2037,2055,2037,2070
2030,2049,2053,2042,2070,2059,2033,2073
2035,2040,2045,2038,2077,2058,2029,2075
2035,2034,2035,2024,2067,2051,2053,2078
2045,2044,2051,2024,2052,2048,2044,2074
2042,2046,2054,2022,2045,2038,2039,2067
2044,2046,2038,2007,2033,2037,2052,2069
2044,2033,2031,2008,2039,2045,2037,2070
2049,2039,2036,2026,2049,2054,2044,2063
2060,2038,2044,2034,2050,2048,2029,2047
2052,2036,2040,2045,2060,2044,2033,2048
2048,2032,2029,2048,2073,2044,2030,2041
2036,2028,2027,2043,2079,2045,2034,2033
2030,2015,2016,2039,2072,2025,2027,2028
2024,2011,2016,2036,2053,2003,2037,2029
2033,2026,2029,2054,2033,1996,2029,2029
2042,2034,2048,2067,2050,2023,2045,2027
2055,2050,2056,2067,2061,2039,2061,2023
2052,2054,2053,2055,2047,2035,2054,2022
2044,2042,2042,2055,2035,2034,2036,2022
2049,2040,2040,2062,2042,2032,2042,2018
2054,2042,2050,2076,2056,2035,2033,2005
2049,2044,2057,2084,2064,2033,2047,2009
2060,2057,2062,2087,2069,2031,2039,2023
2063,2056,2052,2086,2068,2034,2027,2024
2052,2042,2046,2076,2068,2039,2017,2012
2039,2029,2041,2070,2060,2043,2022,2015
2011,2022,2028,2053,2053,2045,2036,2025
2007,2019,2034,2044,2045,2052,2025,2036
2027,2039,2048,2053,2058,2055,2033,2045
2034,2041,2052,2044,2056,2052,2019,2058
2037,2039,2053,2047,2055,2047,2030,2063
2044,2031,2045,2073,2059,2043,2024,2069
2046,2033,2041,2080,2064,2042,2026,2081
2046,2034,2028,2076,2054,2046,2035,2081
2031,2023,2021,2067,2040,2039,2037,2074
2028,2025,2047,2072,2050,2046,2037,2073
2038,2050,2073,2082,2056,2050,2038,2072
2035,2071,2085,2077,2051,2049,2006,2068
2041,2074,2085,2061,2025,2050,2038,2062
2040,2073,2074,2054,2012,2064,2034,2060
2039,2068,2062,2049,2020,2082,2043,2052
2049,2061,2052,2039,2025,2126,2054,2036
2047,2057,2050,2027,2035,2146,2051,2042
2052,2052,2049,2032,2043,2096,2032,2031
2058,2055,2058,2044,2036,2029,2023,2032
2062,2063,2074,2056,2026,1979,2002,2043
2064,2077,2081,2064,2016,1970,2027,2040
2067,2073,2078,2042,2049,2010,2042,2022
2055,2066,2069,2011,2062,2037,2055,2012
2058,2063,2070,2006,2064,2034,2046,2018
2054,2063,2073,2012,2069,2037,2026,2010
2046,2050,2059,2004,2078,2063,2040,2015
2044,2045,2058,2012,2064,2073,2072,2015
2050,2054,2052,2025,2072,2087,2066,2021
2051,2046,2039,2022,2042,2076,2062,2021
2044,2043,2034,2043,2048,2059,2067,2031
2049,2036,2048,2060,2032,2047,2058,2029
2039,2031,2048,2051,2046,2058,2044,2019
2041,2034,2057,2056,2046,2066,2043,2020
2037,2034,2060,2041,1982,2076,2053,2015
2035,2033,2067,2046,1994,2087,2039,2023
2040,2038,2067,2070,2039,2046,2059,2036
2043,2046,2073,2089,2063,2015,2044,2058
2047,2047,2085,2093,2076,2022,2045,2062
2048,2052,2092,2094,2067,2023,2044,2060
2043,2050,2096,2097,2058,2012,2059,2066
2038,2045,2095,2091,2065,2013,2046,2067
2031,2030,2082,2075,2031,2019,2029,2065
2029,2027,2071,2076,2048,2063,2042,2068
2032,2037,2091,2089,2065,2096,2047,2071
2043,2054,2089,2090,2091,2104,2053,2066
2045,2057,2073,2086,2107,2097,2046,2068
2049,2047,2053,2067,2111,2074,2049,2074
2055,2049,2048,2068,2122,2063,2061,2079
2054,2056,2052,2076,2061,2068,2056,2067
2045,2054,2056,2061,2009,2074,2051,2057
2045,2042,2059,2051,1966,2064,2059,2045
2052,2043,2065,2046,1903,2037,2044,2032
2045,2038,2042,2012,1848,1997,2035,2024
2038,2035,2026,1993,1895,1994,2016,2018
2046,2035,2018,1990,1930,1981,2009,2006
2038,2034,2012,1979,1894,1978,2015,1996
2036,2035,2009,1994,1928,1996,2024,2014
2042,2030,1992,2017,1989,2013,2024,2012
2038,2021,1977,2031,2012,2018,2046,2010
2037,2039,1995,2032,2036,2040,2065,2011
2053,2053,2012,2026,2029,2051,2067,2015
2050,2059,2015,2013,2007,2045,2064,2014
2041,2046,2015,2003,2016,2045,2056,2017
2036,2039,2022,2001,2070,2064,2061,2015
2041,2046,2023,1991,2089,2086,2066,2029
2049,2038,2002,1992,2110,2101,2087,2039
2053,2030,1994,2012,2163,2123,2103,2042
2040,2024,1997,1997,2074,2123,2073,2033
2035,2025,2023,1981,1979,2097,2052,2025
2030,2037,2044,1989,1954,2088,2043,2030
2036,2043,2072,2017,1983,2110,2053,2037
2037,2044,2060,2044,2072,2093,2045,2042
2030,2044,2049,2053,2106,2090,2075,2068
2043,2049,2043,2045,2077,2094,2091,2087
2051,2059,2035,2040,1979,2083,2084,2098
2057,2066,2032,2063,1980,2068,2097,2109
2074,2083,2049,2098,2059,2086,2086,2113
2081,2087,2061,2121,2100,2116,2090,2101
2071,2089,2073,2119,2105,2105,2076,2112
2080,2085,2075,2091,2066,2077,2097,2104
2073,2085,2073,2042,1992,2015,2081,2099
2074,2072,2057,1981,1895,1951,2052,2068
2049,2043,2037,1937,1864,1895,2022,2047
2037,2030,2037,1973,1968,1897,2013,2031
2034,2027,2044,2052,2117,1955,2026,2008
2026,2008,2032,2064,2150,2008,2014,1987
2014,1999,2024,2061,2196,2043,2015,1991
2017,2007,2040,2064,2123,2051,2021,2002
2039,2035,2070,2079,2061,2044,2046,2010
2060,2053,2079,2114,2030,2031,2044,2004
2060,2046,2068,2134,2027,2016,2023,1978
2034,2025,2050,2131,2000,2010,2005,1969
2033,2025,2049,2150,2081,2059,2045,1992
2042,2048,2079,2157,2172,2114,2076,2014
2059,2062,2086,2131,2183,2118,2089,2020
2050,2058,2078,2107,2150,2115,2070,2030
2047,2062,2078,2111,2162,2115,2062,2031
2053,2056,2070,2099,2176,2119,2084,2032
2055,2056,2058,2084,2137,2118,2087,2029
2038,2040,2053,2038,2037,2074,2060,2032
2033,2028,2044,1986,1990,1992,2047,2013
2026,2012,2017,1940,1868,1945,2025,2013
2031,2016,2019,1970,1887,1970,2033,2013
2026,2018,2018,2002,2012,2008,2032,2026
2027,2027,2025,2036,2143,2052,2050,2044
2038,2036,2036,2019,2122,2051,2057,2066
2036,2029,2027,2004,1993,2041,2059,2071
2035,2025,2026,2023,2020,2050,2062,2069
2037,2038,2040,2049,2108,2077,2071,2083
2048,2054,2060,2058,2111,2102,2079,2091
2056,2071,2075,2068,2147,2134,2070,2081
2060,2077,2092,2067,2145,2147,2079,2086
2065,2088,2101,2085,2124,2158,2082,2069
2056,2077,2105,2114,2157,2159,2087,2068
2060,2067,2083,2111,2116,2090,2072,2072
2061,2046,2045,2062,1971,2023,2058,2065
2067,2031,2027,2039,1833,1995,2040,2064
2054,2030,2024,2006,1676,1963,2054,2052
2057,2045,2033,2005,1705,2000,2070,2069
2078,2054,2050,2054,1829,2049,2089,2066
2080,2053,2045,2053,1860,2036,2072,2059
2067,2046,2043,2037,2026,2023,2041,2046
2060,2057,2061,2068,2241,2054,2056,2037
2056,2065,2087,2102,2357,2070,2050,2012
2046,2072,2085,2075,2263,2034,2034,2007
2034,2067,2079,2045,2209,2045,2034,2010
2047,2066,2087,2047,2250,2076,2063,2029
2056,2061,2075,2024,2143,2062,2062,2035
2049,2037,2065,2057,2236,2053,2053,2026
2043,2023,2059,2117,2299,2068,2046,2020
2033,2007,2059,2107,2118,2090,2024,2007
2017,2017,2072,2079,1996,2087,2044,2004
2027,2049,2101,2055,1910,2095,2050,2018
2052,2079,2102,2044,1862,2109,2077,2038
2070,2088,2089,2028,1758,2069,2087,2066
2082,2079,2066,2003,1790,2033,2080,2073
2074,2071,2058,2014,1848,2031,2095,2109
2080,2075,2064,2051,2007,2068,2090,2110
2083,2078,2064,2022,1970,2058,2082,2097
2071,2063,2042,1947,1837,1996,2048,2078
2066,2051,2021,1902,1843,1965,2016,2054
2043,2022,1999,1896,2027,1948,2006,2034
2015,2002,1995,1964,2246,1995,2016,2044
2020,2009,2009,1989,2284,2016,2012,2038
2012,2012,2011,2002,2325,2020,2013,2041
2001,2018,2019,2021,2310,2038,2022,2046
2022,2024,2022,2040,2234,2036,2025,2051
2038,2030,2025,2041,2112,2023,2016,2049
2040,2039,2033,2055,2013,2032,2026,2052
2050,2049,2040,2078,2123,2060,2033,2049
2061,2060,2058,2105,2200,2086,2034,2046
2057,2060,2059,2107,2195,2082,2037,2027
2045,2054,2055,2072,2087,2050,2024,2007
2026,2042,2035,2013,1994,2015,2018,1993
2013,2021,2012,1971,1990,1995,1996,1992
2015,2005,2003,1938,2038,2001,1992,1994
2022,2009,2010,1961,2027,1999,2003,1997
2031,2004,2009,1973,1965,1992,2017,2000
2031,2014,2019,1988,1978,2018,2011,2005
2039,2041,2046,2021,1952,2059,2044,2011
2045,2066,2055,2032,1945,2075,2058,2020
2049,2067,2051,2044,2020,2092,2072,2028
2064,2053,2045,2043,2108,2078,2070,2031
2048,2042,2031,2034,2173,2057,2061,2026
2048,2044,2033,2033,2140,2045,2063,2033
2054,2042,2043,2023,2013,2057,2052,2043
2060,2037,2043,2025,1975,2084,2065,2056
2065,2040,2048,2032,1949,2087,2092,2066
2065,2038,2047,2032,1878,2085,2087,2069
2060,2045,2055,2066,1985,2130,2094,2078
2072,2066,2076,2111,2061,2161,2096,2095
2059,2062,2074,2114,2054,2152,2081,2093
2057,2065,2080,2118,2041,2129,2073,2099
2063,2075,2090,2124,2001,2064,2052,2096
2059,2060,2072,2108,2028,2009,2057,2085
2046,2024,2027,2073,2169,2029,2043,2084
2036,2015,2018,2118,2407,2115,2057,2096
2038,2037,2043,2150,2467,2159,2084,2082
2049,2071,2078,2160,2416,2158,2102,2078
2064,2094,2107,2186,2529,2189,2099,2075
2075,2105,2114,2195,2585,2210,2098,2088
2085,2098,2097,2139,2410,2159,2109,2080
2078,2075,2058,2028,1981,2062,2071,2069
2060,2056,2016,1972,1828,2000,2049,2051
2038,2034,1987,1932,1795,1926,2019,2026
2022,2020,2000,1942,1752,1911,2013,2016
2025,2041,2037,1989,1905,1983,2043,2011
2049,2051,2048,2017,1987,2030,2040,2021
2056,2040,2021,1959,1676,2011,2041,2003
2046,2017,2002,1942,1633,2015,2026,1996
2035,1997,1987,1943,1717,1976,1994,1974
2020,1979,1976,1934,1776,1952,1978,1963
2020,1993,1989,1964,1884,1972,1993,1967
2032,2003,2003,1987,1951,1960,1996,1987
2035,2015,2029,2010,1964,1937,2019,2004
2036,2036,2047,2039,2040,1944,2027,2013
2021,2048,2056,2058,2079,1994,2055,2021
2018,2051,2047,2063,2063,2039,2053,2031
2030,2046,2037,2057,2022,2048,2056,2041
2043,2033,2023,2027,1994,2032,2052,2035
2033,2020,2010,2006,1962,2019,2052,2045
2023,2017,2012,2012,1940,2019,2052,2060
2040,2028,2037,2026,1943,2027,2045,2069
2042,2032,2051,2045,1969,2024,2056,2069
2043,2033,2044,2032,1929,2015,2046,2079
2054,2037,2046,2040,2008,2017,2051,2081
2043,2038,2046,2049,2034,2016,2052,2091
2046,2037,2049,2048,2014,2015,2057,2112
2060,2049,2059,2080,2100,2033,2058,2096
2049,2032,2043,2060,2122,2047,2041,2068
2030,2016,2023,2037,2105,2052,2042,2038
2027,2028,2031,2021,2031,2056,2035,2024
2021,2016,2024,1996,1869,2020,2011,2008
2021,2019,2012,2003,1918,1984,2033,2047
2047,2033,2025,2039,2079,2057,2068,2071
2052,2058,2061,2109,2246,2134,2105,2063
2051,2088,2083,2119,2194,2150,2085,2068
2062,2104,2077,2112,2121,2137,2091,2064
2072,2096,2069,2117,2096,2180,2079,2067
2076,2093,2053,2149,2195,2233,2123,2050
2071,2080,2035,2195,2297,2249,2124,2057
2069,2076,2044,2219,2348,2243,2114,2044
2057,2064,2041,2206,2301,2195,2085,2027
2052,2052,2048,2197,2298,2216,2081,2028
2054,2056,2042,2195,2389,2189,2061,2011
2046,2047,2034,2184,2468,2035,2029,2002
2046,2044,2031,2181,2413,1972,2023,2010
2044,2040,2029,2156,2171,1968,2032,2015
2041,2038,2021,2090,1881,1959,2037,2016
2053,2040,2017,2030,1767,1957,2009,2024
2046,2035,2022,1971,1728,1941,2019,2017
2048,2040,2031,1967,1810,1952,2021,2030
2052,2044,2036,2005,1945,1992,2018,2042
2039,2034,2024,1997,1922,1999,2035,2041
2032,2008,2006,1996,2023,2006,2019,2040
2018,2004,2015,2014,2038,2007,2007,2056
2031,2006,2020,2013,1998,1994,2028,2090
2056,1995,2007,1995,1953,2011,2027,2085
2057,1982,1994,1960,1939,2023,1993,2056
2035,1986,1998,1970,1974,2019,1985,2030
2050,2020,2030,2008,1978,2034,1989,2030
2065,2038,2034,2016,1986,2012,1994,2044
2069,2042,2056,2037,2006,1963,2013,2040
2051,2041,2077,2061,2038,1961,2022,2055
2042,2051,2083,2066,2067,1995,2026,2055
2029,2062,2076,2074,2083,2031,2042,2057
2043,2072,2067,2071,2070,2053,2032,2053
2056,2066,2045,2057,2042,2047,2049,2042
2060,2054,2034,2042,2015,2024,2041,2041
2047,2049,2030,2035,1994,2015,2022,2045
2051,2045,2027,2018,1983,2002,2018,2036
2050,2050,2034,1991,1950,2012,2011,2028
2046,2049,2055,1976,1936,2038,2020,2027
2052,2050,2069,2006,1965,2056,2034,2029
2056,2060,2075,2024,1985,2058,2027,2015
2048,2058,2070,2042,2014,2066,2024,2012
2043,2054,2072,2066,2036,2100,2032,2012
2047,2059,2072,2081,2052,2110,2021,2020
2048,2048,2064,2063,2033,2061,2023,2019
2044,2046,2060,2058,2049,1982,2015,2025
2051,2058,2066,2066,2072,1996,2051,2033
2062,2061,2074,2083,2100,2045,2043,2034
2056,2048,2068,2087,2122,2087,2038,2035
2050,2039,2060,2084,2117,2090,2046,2029
2041,2035,2052,2080,2093,2070,2034,2031
2032,2037,2049,2071,2077,2032,2028,2039
2035,2030,2049,2067,2058,2003,2026,2045
2031,2033,2046,2061,2035,2003,2035,2041
2027,2030,2031,2042,2008,2005,2011,2061
2050,2038,2028,2062,2054,2042,2043,2086
2062,2051,2023,2069,2082,2063,2034,2080
2039,2028,2006,2057,2071,2056,2044,2064
2026,2022,2000,2058,2044,2053,2047,2077
2042,2030,2006,2076,2043,2062,2064,2076
2054,2037,2013,2075,2034,2053,2048,2070
2066,2036,2017,2089,2046,2048,2040,2072
2065,2036,2013,2101,2074,2053,2024,2061
2056,2028,2011,2090,2076,2059,2026,2045
2055,2019,1998,2067,2026,2045,2008,2044
2048,2007,1992,2044,2031,2039,2006,2025
2042,2003,2000,2063,2146,2053,2015,2020
2039,2018,2010,2080,2148,2073,2039,2023
2041,2015,2007,2076,2096,2069,2021,2024
2054,2028,2025,2064,2071,2065,2031,2026
2061,2056,2049,2080,2087,2062,2035,2019
2066,2062,2056,2080,2097,2068,2023,2014
2064,2065,2055,2054,2020,2048,2015,2015
2059,2062,2057,2033,1931,2050,2026,2010
2061,2060,2087,2044,1987,2068,2028,2009
2063,2061,2088,2039,2017,2060,2042,2019
2062,2061,2085,2031,2024,2050,2042,2024
2064,2058,2075,2018,2024,2033,2038,2030
2062,2063,2080,2021,2026,2030,2027,2031
2062,2064,2093,2035,2028,2032,2045,2043
2062,2060,2090,2038,2025,2033,2049,2035
2054,2057,2084,2046,2030,2033,2043,2037
2051,2047,2084,2057,2026,2038,2026,2036
2042,2044,2075,2058,2024,2040,2025,2046
2044,2036,2066,2050,2010,2045,2042,2056
2045,2031,2057,2051,2027,2072,2067,2069
2053,2042,2069,2059,2039,2079,2056,2088
2055,2059,2099,2064,2021,2073,2049,2080
2056,2076,2112,2071,2020,2048,2046,2072
2053,2065,2091,2066,2017,2014,2025,2081
2043,2055,2074,2053,2022,2006,2006,2087
2055,2058,2066,2045,2026,2015,2030,2091
2059,2068,2065,2044,2027,2044,2037,2095
2069,2086,2074,2048,2056,2066,2056,2084
2067,2070,2067,2030,2007,2066,2057,2075
2063,2066,2044,2018,2026,2062,2046,2067
2058,2056,2041,2029,2074,2059,2033,2049
2049,2047,2040,2048,2099,2059,2040,2044
2048,2051,2042,2047,2070,2056,2070,2036
2055,2052,2047,2043,2033,2056,2056,2032
2060,2054,2045,2042,2007,2055,2062,2036
2068,2048,2050,2044,2004,2053,2064,2040
2072,2045,2052,2045,1988,2055,2054,2027
2068,2049,2049,2061,1978,2049,2070,2030
2060,2050,2054,2057,1966,2044,2060,2023
2055,2039,2043,2049,1958,2043,2045,2018
2050,2030,2037,2043,1955,2040,2032,2019
2051,2035,2040,2052,2017,2049,2028,2004
2052,2040,2047,2081,2176,2072,2043,2007
2044,2039,2067,2128,2285,2086,2049,2010
2055,2048,2093,2134,2294,2076,2044,2021
2058,2056,2093,2135,2256,2060,2034,2039
2059,2052,2088,2126,2230,2063,2047,2050
2063,2051,2076,2097,2180,2066,2047,2047
2057,2039,2059,2056,2044,2067,2057,2043
2049,2032,2053,2032,1975,2068,2041,2040
2046,2032,2038,2019,1897,2053,2016,2042
2041,2024,2023,2026,1890,2053,2035,2047
2031,2014,2030,2059,2020,2022,2018,2059
2033,2021,2044,2103,2143,1989,2029,2076
2050,2033,2044,2102,2183,2028,2049,2082
2047,2030,2037,2072,2101,2053,2043,2085
2046,2028,2022,2040,1975,2050,2044,2082
2044,2035,2018,2030,1968,2038,2033,2071
2038,2036,2030,2017,1963,2015,2044,2067
2035,2040,2041,2023,1956,2019,2019,2067
2052,2050,2042,2025,1936,2020,2008,2072
2058,2054,2045,2019,1917,2022,2036,2067
2061,2057,2064,2023,1926,2029,2032,2053
2057,2055,2066,2031,1954,2030,2036,2050
2058,2049,2073,2037,1946,2039,2054,2043
2061,2051,2065,2043,1951,2049,2056,2040
2055,2046,2066,2037,1980,2045,2038,2030
2058,2046,2065,2032,2055,2034,2033,2030
2060,2038,2051,2049,2139,2063,2020,2022
2056,2033,2035,2065,2203,2080,2016,2019
2049,2040,2033,2059,2197,2079,2019,2010
2045,2027,2031,2057,2214,2076,2029,2009
2044,2021,2028,2061,2222,2089,2036,2009
2046,2033,2036,2054,2128,2086,2034,2015
2044,2032,2031,1996,1858,2053,2033,2005
2043,2035,2041,1997,1842,2040,2031,2017
2053,2048,2061,2021,1845,2008,2057,2031
2065,2055,2072,2040,1860,1991,2055,2042
2049,2052,2084,2043,1905,2007,2064,2032
2050,2040,2073,2054,1963,2052,2070,2036
2041,2037,2072,2077,2054,2073,2064,2041
2040,2029,2060,2082,2104,2045,2037,2035
2031,2019,2047,2058,2079,2015,2038,2043
2034,2020,2044,2062,2125,2027,2024,2054
2043,2021,2057,2079,2175,2044,2034,2069
2054,2032,2064,2080,2126,2044,2035,2073
2056,2028,2069,2077,2081,2050,2032,2080
2044,2020,2064,2072,2063,2052,2043,2082
2043,2020,2046,2064,2051,2053,2049,2092
2046,2027,2027,2050,2034,2051,2019,2076
2031,2003,2002,2038,2013,2042,2019,2068
2029,2005,2013,2055,2051,2057,2048,2064
2036,2029,2031,2069,2062,2055,2066,2056
2035,2034,2035,2061,2042,2027,2046,2044
2033,2018,2019,2047,2076,2037,2059,2036
2037,2015,2003,2038,2093,2072,2060,2031
2036,2012,1999,2028,2036,2069,2049,2016
2030,2017,2001,2019,2006,2074,2043,2016
2039,2022,2001,2018,2009,2044,2049,2020
2045,2026,1999,2021,2038,1992,2055,2023
2051,2029,2002,2040,2087,2018,2058,2026
2059,2028,2006,2041,2094,2030,2050,2023
2060,2045,2019,2045,2068,2022,2066,2017
2059,2050,2024,2040,2044,2026,2049,2016
2058,2051,2036,2031,2034,2040,2057,2019
2063,2063,2053,2020,2023,2051,2057,2020
2068,2063,2074,2023,2044,2049,2060,2019
2069,2071,2105,2036,2059,2047,2046,2022
2066,2076,2133,2053,2042,2045,2053,2027
2064,2080,2136,2055,2034,2051,2062,2029
2056,2082,2125,2061,2043,2061,2074,2034
2055,2080,2114,2064,2066,2068,2066,2041
2060,2080,2114,2072,2070,2072,2078,2036
2050,2081,2100,2075,2065,2084,2071,2044
2050,2081,2097,2066,2062,2075,2059,2060
2065,2079,2091,2063,2057,2061,2050,2073
2058,2067,2074,2046,2047,2057,2049,2061
2052,2052,2060,2045,2043,2059,2036,2071
2040,2045,2050,2045,2068,2064,2046,2072
2040,2040,2041,2044,2102,2060,2050,2072
2042,2040,2056,2059,2103,2060,2060,2075
2047,2055,2069,2071,2083,2059,2061,2066
2046,2051,2053,2066,2068,2045,2054,2068
2045,2045,2042,2054,2019,2006,2051,2065
2045,2046,2036,2048,2010,2003,2044,2058
2043,2042,2044,2064,2008,2012,2049,2051
2050,2047,2035,2068,2001,2014,2051,2048
2043,2042,2034,2069,2014,2029,2062,2040
2039,2037,2024,2079,2042,2052,2052,2042
2046,2038,2021,2086,2049,2053,2056,2039
2051,2030,2015,2081,2046,2056,2051,2040
2052,2025,2015,2076,2032,2060,2059,2024
2058,2031,2028,2078,2025,2070,2059,2018
2056,2036,2040,2088,2038,2092,2059,2007
2052,2034,2042,2085,2043,2101,2051,1998
2046,2037,2050,2080,2061,2081,2046,1990
2028,2043,2079,2091,2094,2050,2040,2002
2022,2061,2101,2103,2106,2023,2057,2020
2034,2065,2113,2100,2098,2038,2058,2030
2043,2072,2111,2099,2095,2062,2052,2028
2045,2068,2099,2086,2097,2078,2046,2031
2031,2053,2071,2067,2108,2076,2056,2030
2032,2058,2076,2041,2032,2082,2062,2031
2040,2056,2076,2024,1936,2055,2079,2050
2042,2056,2074,2025,2014,2048,2076,2050
2044,2050,2063,2022,2055,2048,2054,2053
2039,2057,2074,2012,2004,2027,2059,2068
2046,2059,2076,2032,2062,1983,2042,2084
2044,2056,2074,2064,2126,1997,2065,2086
2041,2047,2075,2069,2111,2018,2075,2085
2040,2052,2067,2049,2036,2018,2045,2086
2029,2028,2037,2006,1941,1990,2024,2068
2019,2014,2026,1982,1898,1983,2021,2070
2019,2016,2034,2000,1896,1998,2017,2066
2020,2011,2020,1983,1848,1988,2025,2064
2039,2020,2042,2009,1924,1991,2066,2085
2061,2058,2070,2067,2114,2019,2072,2084
2065,2066,2081,2087,2209,2068,2081,2072
2053,2058,2069,2070,2174,2128,2072,2056
2048,2046,2063,2052,2177,2148,2077,2047
2050,2050,2064,2062,2206,2146,2083,2043
2055,2051,2062,2075,2207,2129,2075,2038
2052,2046,2058,2084,2189,2114,2073,2042
2053,2043,2053,2081,2161,2104,2075,2035
2051,2046,2053,2082,2159,2090,2058,2034
2050,2051,2063,2079,2130,2060,2041,2029
2047,2055,2068,2066,2047,2017,2039,2020
2045,2062,2066,2059,1928,2004,2027,2016
2043,2056,2061,2051,1842,2018,2034,2011
2041,2056,2071,2072,1907,2020,2057,2021
2049,2053,2068,2066,1946,2003,2057,2022
2059,2048,2063,2071,2021,2011,2065,2037
2055,2050,2059,2072,2073,2020,2054,2037
2054,2060,2067,2055,2065,2026,2048,2032
2057,2059,2060,2056,2090,2057,2061,2040
2050,2052,2056,2046,2099,2069,2065,2044
2045,2044,2046,2033,2086,2070,2066,2043
2046,2046,2049,2041,2107,2066,2072,2058
2051,2050,2052,2049,2140,2056,2048,2062
2050,2046,2051,2050,2142,2060,2061,2074
2045,2038,2044,2037,2112,2050,2044,2072
2045,2040,2048,2046,2086,2051,2042,2078
2044,2039,2045,2046,2035,2044,2038,2079
2044,2041,2050,2050,2028,2038,2030,2079
2032,2028,2042,2055,2013,2039,2049,2080
2033,2041,2059,2061,2029,2051,2048,2077
2042,2051,2060,2056,2037,2046,2044,2073
2038,2051,2061,2052,2070,2035,2037,2076
2051,2051,2061,2051,2115,2034,2034,2075
2050,2051,2059,2046,2127,2026,2030,2063
2052,2047,2051,2031,2041,2013,2025,2057
2048,2052,2059,2052,2019,2041,2043,2055
2053,2052,2074,2055,1992,2039,2054,2047
2056,2050,2072,2050,1993,2019,2037,2036
2050,2048,2076,2039,1965,2017,2037,2037
2051,2045,2070,2054,1970,2018,2039,2026
2050,2046,2058,2051,1972,2042,2034,2021
2046,2047,2058,2063,2015,2074,2044,2024
2046,2052,2073,2102,2054,2092,2067,2025
2054,2056,2066,2096,2069,2080,2067,2028
2044,2046,2051,2087,2066,2061,2051,2028
2043,2045,2049,2076,2057,2043,2060,2029
2054,2051,2044,2072,2078,2033,2058,2033
2056,2053,2047,2071,2067,2041,2059,2038
2056,2054,2054,2055,2047,2040,2056,2039
2056,2057,2053,2045,2043,2057,2055,2030
2048,2061,2058,2043,2052,2063,2053,2032
2051,2058,2065,2056,2061,2067,2058,2028
2047,2054,2076,2063,2061,2068,2056,2033
2043,2061,2079,2064,2064,2061,2047,2040
2044,2061,2074,2041,2053,2050,2051,2053
2047,2056,2070,2027,2044,2049,2040,2065
2040,2049,2066,2021,2042,2048,2053,2074
2044,2048,2057,2023,2042,2054,2043,2086
2048,2050,2059,2030,2051,2060,2065,2080
2053,2043,2056,2042,2052,2053,2056,2072
2043,2032,2046,2038,2045,2054,2049,2079
2041,2032,2048,2048,2051,2066,2070,2078
2043,2054,2065,2053,2057,2068,2059,2081
2042,2054,2057,2052,2059,2065,2064,2076
2048,2051,2048,2047,2039,2059,2065,2071
2045,2044,2037,2039,2057,2059,2049,2062
2048,2038,2036,2035,2076,2062,2054,2055
2053,2031,2031,2031,2118,2070,2062,2045
2054,2029,2025,2024,2137,2077,2068,2050
2060,2035,2027,2023,2145,2072,2060,2043
2047,2041,2023,2031,2145,2069,2048,2022
2033,2043,2035,2038,2115,2065,2038,2009
2028,2040,2037,2039,2042,2045,2041,2005
2039,2044,2052,2038,1978,2025,2023,2009
2048,2052,2050,2026,1875,2007,2044,2014
2057,2049,2037,2015,1890,2010,2023,2026
2055,2038,2032,2012,1931,2015,2021,2019
2044,2030,2034,2018,1972,2026,2019,2012
2054,2047,2045,2052,2050,2043,2042,2022
2064,2043,2045,2065,2094,2045,2037,2030
2057,2047,2048,2056,2075,2053,2061,2041
2056,2038,2033,2050,2082,2063,2056,2032
2043,2029,2026,2045,2116,2070,2044,2030
2031,2021,2015,2046,2114,2091,2042,2035
2035,2024,2020,2044,2102,2100,2043,2034
2041,2032,2028,2038,2042,2095,2046,2038
2052,2031,2026,2030,1942,2061,2067,2066
2055,2036,2044,2021,1838,1989,2052,2080
2062,2046,2063,2025,1800,1982,2052,2089
2072,2047,2072,2029,1808,2005,2055,2096
2071,2044,2046,2020,1853,2040,2048,2086
2059,2036,2027,2030,1907,2064,2044,2083
2044,2042,2043,2040,1961,2068,2059,2073
2043,2037,2037,2044,2031,2049,2058,2071
2045,2034,2018,2050,2148,2052,2017,2062
2047,2025,2020,2072,2251,2089,2032,2062
2045,2028,2027,2095,2246,2102,2026,2051
2041,2032,2027,2127,2272,2116,2016,2052
2043,2042,2032,2145,2218,2124,2040,2043
2040,2046,2039,2123,2135,2088,2046,2040
2042,2054,2040,2090,2067,2014,2057,2052
2046,2068,2057,2056,1973,1965,2060,2040
2050,2052,2036,2019,2077,1982,2038,2017
2037,2042,2021,1978,2022,2011,2045,2016
2041,2044,2026,2004,2023,2058,2044,2015
2049,2058,2040,2043,2099,2064,2038,2021
2048,2062,2048,2041,2133,2070,2036,2017
2053,2056,2043,2036,2116,2084,2033,2016
2046,2047,2041,2026,2065,2093,2024,2007
2047,2049,2043,2019,2004,2115,2021,2024
2063,2057,2062,2045,2052,2144,2014,2017
2056,2056,2076,2056,2045,2140,2037,2023
2053,2052,2065,2044,2004,2033,2010,2009
2051,2040,2058,2050,1998,1978,2001,2017
2038,2042,2066,2052,2000,2002,1999,2014
2054,2054,2077,2041,2006,1982,2012,2029
2051,2057,2077,2050,2060,1983,2034,2042
2047,2055,2081,2061,2104,2014,2023,2060
2052,2058,2069,2057,2115,2047,2033,2069
2051,2064,2069,2060,2116,2061,2028,2079
2052,2058,2055,2052,2108,2065,2048,2082
2043,2052,2054,2052,2092,2065,2055,2084
2046,2049,2047,2058,2064,2061,2043,2089
2046,2043,2037,2048,2041,2042,2037,2081
2038,2028,2022,2032,2033,2037,2016,2072
2037,2037,2025,2030,2030,2033,2007,2078
2043,2046,2036,2037,2024,2030,2034,2068
2045,2049,2049,2035,2031,2037,2041,2064
2048,2052,2053,2042,2040,2037,2024,2067
2053,2056,2055,2041,2049,2038,2012,2062
2058,2061,2059,2047,2041,2038,2019,2045
2050,2061,2057,2043,2024,2018,2027,2038
2049,2046,2045,2034,2015,2023,2031,2035
2044,2048,2035,2022,2024,2036,2012,2031
2047,2043,2035,2021,2018,2037,2027,2026
2049,2045,2042,2023,2031,2038,2023,2030
2054,2048,2046,2029,2043,2047,2050,2022
2045,2050,2044,2030,2050,2049,2052,2013
2052,2044,2040,2029,2052,2044,2050,2009
2039,2032,2034,2029,2042,2035,2033,2005
2037,2033,2042,2030,2048,2037,2031,2013
2050,2054,2058,2038,2054,2047,2043,2016
2047,2060,2060,2041,2042,2049,2049,2013
2049,2050,2055,2032,2017,2046,2055,2016
2052,2049,2067,2048,2028,2059,2049,2025
2054,2059,2076,2059,2041,2058,2058,2033
2057,2064,2085,2072,2042,2052,2043,2034
2052,2060,2082,2067,2050,2052,2067,2040
2058,2055,2078,2071,2048,2052,2038,2049
2055,2052,2074,2064,2054,2056,2057,2056
2049,2040,2065,2065,2044,2055,2052,2057
2046,2043,2068,2071,2054,2058,2037,2064
2042,2040,2056,2068,2053,2055,2030,2071
2043,2041,2052,2061,2049,2055,2028,2078
2041,2041,2048,2061,2043,2054,2028,2069
2036,2033,2037,2052,2034,2043,2036,2071
2037,2030,2025,2046,2030,2047,2037,2073
2036,2037,2035,2040,2032,2049,2043,2068
2039,2033,2022,2031,2029,2041,2026,2068
2055,2030,2023,2022,2025,2046,2020,2059
2061,2030,2017,2011,2021,2039,2006,2056
2063,2039,2021,2017,2024,2047,2038,2054
2062,2052,2025,2017,2017,2054,2046,2040
2074,2059,2047,2030,2026,2058,2046,2040
2068,2054,2041,2034,2033,2064,2034,2025
2036,2050,2038,2037,2034,2065,2039,2022
2040,2052,2040,2043,2044,2070,2044,2022
2043,2049,2041,2048,2039,2070,2042,2022
2047,2045,2035,2035,2005,2082,2048,2005
2036,2031,2025,2011,1954,2078,1999,1999
2016,2015,2010,1991,1884,2060,2009,1986
2001,1990,1991,1983,1892,2050,2009,1975
2012,1996,1985,2017,1906,2021,2049,2002
2041,2021,2004,2064,1998,2012,2049,2025
2054,2037,2026,2109,2086,2074,2067,2030
2063,2041,2038,2129,2213,2150,2083,2030
2060,2038,2036,2102,2201,2153,2060,2022
2056,2038,2029,2080,2217,2110,2055,2034
2061,2037,2024,2081,2194,2079,2074,2043
2066,2047,2024,2082,2073,2040,2040,2056
2072,2051,2035,2105,2072,2011,2046,2070
2072,2047,2031,2108,2108,2041,2046,2068
2059,2035,2008,2074,2025,2043,2033,2055
2049,2015,1991,2053,1983,2048,2039,2056
2045,2012,1990,2044,1956,2047,2039,2064
2044,2028,2005,2062,1963,2045,2049,2077
2060,2046,2032,2089,2028,2049,2034,2071
2058,2048,2040,2101,2085,2044,2041,2071
2056,2059,2057,2107,2036,2018,2037,2079
2062,2078,2070,2093,2011,1993,2054,2086
2073,2090,2091,2108,2090,1993,2038,2077
2070,2088,2102,2120,2132,1990,2051,2083
2071,2085,2113,2123,2164,1983,2045,2074
2065,2077,2129,2129,2192,1994,2042,2065
2077,2087,2156,2140,2197,2023,2043,2054
2075,2094,2176,2148,2194,2077,2061,2047
2072,2090,2158,2144,2124,2106,2050,2035
2058,2075,2131,2103,1955,2087,2025,2027
2054,2070,2104,2072,1906,2072,2033,2018
2054,2068,2088,2042,1914,2070,2036,2019
2057,2067,2072,1992,1928,2072,2024,2013
2052,2059,2060,1969,1947,2070,2040,2010
2047,2049,2043,1966,1970,2072,2040,2006
2050,2043,2017,1973,2022,2082,2046,2004
2045,2046,2015,1989,2088,2106,2071,2015
2064,2054,2018,1992,2066,2071,2058,2027
2065,2052,2004,1989,2059,2015,2062,2027
2054,2044,1993,1995,2062,2001,2037,2028
2055,2045,1988,1997,2047,2015,2049,2029
2063,2046,2006,2014,2040,2031,2050,2039
2067,2053,2015,2031,2044,2035,2053,2038
2065,2048,2024,2030,2039,2034,2049,2042
2052,2046,2020,2023,2044,2039,2042,2052
2049,2046,2023,2017,2031,2039,2043,2053
2050,2049,2043,2032,2050,2039,2031,2060
2050,2056,2050,2045,2052,2040,2039,2072
2054,2056,2055,2045,2051,2036,2043,2080
2050,2057,2060,2046,2053,2033,2032,2075
2052,2053,2061,2043,2043,2032,2040,2071
2042,2048,2055,2031,2039,2026,2031,2072
2050,2053,2067,2035,2038,2033,2027,2077
2054,2059,2067,2030,2038,2041,2049,2073
2052,2051,2070,2033,2031,2036,2041,2067
2048,2051,2072,2033,2030,2037,2024,2060
2045,2048,2070,2032,2032,2040,2024,2044
2047,2052,2065,2035,2036,2043,2044,2037
2049,2053,2060,2044,2041,2057,2057,2036
2051,2050,2054,2046,2038,2061,2053,2030
2047,2050,2048,2045,2042,2063,2040,2026
2054,2043,2050,2047,2040,2059,2055,2024
2054,2043,2048,2050,2037,2055,2062,2026
2049,2044,2046,2055,2046,2053,2038,2020
2050,2042,2042,2049,2047,2047,2035,2020
2056,2040,2048,2047,2043,2055,2041,2015
2044,2036,2047,2051,2039,2046,2039,2014
2043,2040,2047,2046,2030,2047,2032,2011
2054,2049,2057,2051,2044,2056,2029,2018
2056,2044,2051,2047,2044,2058,2021,2014
2055,2046,2064,2058,2053,2063,2054,2017
2044,2047,2066,2059,2055,2057,2049,2020
2047,2047,2064,2055,2053,2055,2037,2024
2046,2046,2063,2057,2053,2058,2036,2035
2048,2045,2055,2056,2047,2058,2046,2038
2053,2047,2058,2058,2045,2060,2044,2046
2050,2053,2059,2060,2056,2059,2042,2049
2052,2046,2059,2051,2054,2056,2051,2059
2049,2039,2052,2051,2056,2056,2036,2062
2051,2044,2051,2052,2054,2055,2026,2072
2045,2042,2050,2055,2056,2057,2031,2075
2052,2041,2048,2048,2052,2049,2049,2078
2046,2033,2045,2052,2046,2043,2032,2076
2043,2031,2040,2046,2049,2046,2036,2083
2045,2036,2046,2054,2038,2052,2047,2079
2045,2044,2043,2054,2020,2050,2055,2076
2046,2043,2046,2050,2004,2045,2047,2073
2053,2050,2050,2055,2013,2041,2036,2063
2054,2049,2042,2057,2021,2040,2046,2056
2053,2051,2043,2060,2049,2050,2052,2059
2059,2047,2044,2067,2094,2056,2032,2049
2058,2043,2044,2062,2127,2068,2058,2042
2061,2042,2038,2065,2146,2074,2062,2045
2062,2036,2036,2071,2177,2083,2059,2041
2067,2040,2028,2075,2203,2084,2075,2026
2061,2040,2027,2058,2144,2079,2062,2023
2057,2036,2028,2051,2072,2072,2060,2003
2045,2026,2031,2033,1919,2057,2033,2005
2028,2013,2023,2016,1871,2051,2055,2002
2025,2005,2020,2017,1882,2047,2052,2012
2038,2018,2034,2011,1847,2050,2052,2026
2056,2030,2038,2009,1942,2041,2054,2033
2052,2035,2033,2025,2099,2053,2056,2028
2050,2034,2033,2026,2103,2040,2047,2032
2037,2033,2036,2024,2052,2015,2056,2024
2039,2043,2037,2028,2047,2022,2052,2033
2054,2056,2037,2038,2048,2042,2027,2050
2069,2060,2047,2052,2075,2060,2074,2053
2062,2053,2040,2040,1995,2048,2069,2057
2043,2032,2035,2023,1891,2012,2044,2062
2034,2030,2035,2052,1975,2024,2054,2066
2033,2028,2037,2086,2108,2043,2054,2063
2040,2030,2036,2086,2140,2058,2049,2072
2039,2033,2033,2077,2146,2073,2046,2077
2040,2030,2022,2061,2116,2054,2031,2078
2039,2045,2030,2062,2075,2039,2019,2086
2049,2061,2043,2083,2041,2051,2051,2090
2053,2069,2051,2080,2024,2047,2050,2085
2050,2066,2052,2074,2042,2048,2056,2081
2055,2065,2056,2063,2030,2035,2059,2072
2053,2060,2056,2045,2052,2012,2051,2060
2051,2052,2055,2047,2073,2006,2040,2049
2045,2047,2054,2055,2042,1989,2027,2031
2035,2034,2045,2023,1958,1961,2029,2033
2044,2044,2054,2007,1972,1969,2021,2030
2044,2062,2074,2020,2020,2002,2019,2026
2055,2070,2087,2032,2052,2019,2047,2024
2066,2075,2098,2052,2078,2022,2040,2025
2072,2074,2094,2060,2071,2026,2041,2022
2064,2067,2087,2047,2027,2008,2022,2014
2045,2046,2060,2030,1994,1981,1993,1995
2030,2041,2048,2016,1975,1970,1990,2003
2025,2048,2044,2012,1996,1992,2002,2000
2011,2038,2030,2004,2026,2022,2048,2023
2032,2049,2041,2031,2085,2057,2064,2049
2058,2053,2045,2047,2106,2066,2055,2058
2064,2052,2044,2040,2121,2078,2061,2054
2065,2057,2046,2042,2123,2095,2075,2061
2052,2050,2048,2044,2098,2114,2061,2060
2045,2054,2049,2034,2024,2105,2070,2053
2039,2051,2048,2032,2012,2090,2067,2061
2038,2056,2047,2038,2033,2082,2063,2070
2039,2057,2044,2040,2062,2071,2074,2072
2044,2058,2053,2051,2074,2063,2080,2076
2045,2060,2056,2063,2064,2044,2059,2085
2041,2052,2062,2070,2046,2036,2033,2078
2034,2039,2063,2076,2047,2024,2027,2072
2028,2038,2056,2069,2054,2031,2033,2079
2036,2044,2056,2073,2052,2041,2051,2078
2044,2040,2053,2068,2054,2047,2056,2082
2042,2040,2052,2064,2056,2051,2055,2065
2043,2031,2048,2063,2051,2051,2054,2055
2040,2036,2040,2059,2059,2051,2051,2054
2037,2032,2031,2057,2055,2052,2031,2051
2038,2042,2034,2061,2058,2051,2030,2041
2047,2037,2042,2060,2058,2052,2068,2043
2048,2047,2044,2049,2055,2055,2049,2036
2047,2052,2046,2049,2054,2053,2056,2038
2051,2043,2045,2041,2052,2044,2056,2028
2049,2039,2036,2024,2049,2045,2056,2025
2047,2032,2027,2006,2045,2043,2048,2022
2050,2036,2028,1999,2034,2039,2029,2013
2044,2029,2026,2000,2037,2034,2041,2019
2043,2036,2038,2012,2049,2044,2055,2018
2056,2049,2047,2018,2053,2049,2058,2021
2054,2049,2050,2024,2053,2049,2064,2020
2050,2043,2049,2034,2052,2051,2053,2029
2051,2050,2050,2034,2056,2053,2055,2041
2058,2049,2048,2039,2056,2049,2063,2047
2060,2055,2053,2041,2061,2050,2065,2050
2057,2052,2055,2041,2057,2049,2069,2056
2054,2047,2052,2038,2059,2052,2068,2058
2054,2045,2051,2040,2065,2053,2054,2064
2052,2049,2049,2043,2059,2048,2063,2068
2052,2052,2050,2042,2062,2043,2056,2078
2054,2051,2048,2042,2061,2040,2049,2082
2046,2044,2044,2040,2050,2044,2052,2083
2048,2046,2045,2037,2050,2037,2045,2083
2040,2035,2037,2037,2045,2032,2040,2089
2040,2037,2040,2036,2049,2040,2048,2090
2040,2046,2042,2044,2045,2042,2037,2080
2045,2045,2038,2039,2042,2040,2040,2077
2042,2045,2042,2041,2041,2039,2034,2065
2044,2044,2040,2035,2042,2042,2054,2055
2041,2043,2038,2043,2046,2041,2061,2048
2035,2040,2041,2041,2045,2045,2063,2040
2043,2039,2044,2044,2042,2044,2050,2032
2040,2039,2040,2044,2044,2045,2060,2030
2043,2046,2044,2042,2054,2043,2041,2034
2047,2053,2044,2050,2059,2043,2056,2031
2044,2048,2037,2043,2053,2038,2043,2024
2045,2037,2033,2041,2053,2043,2037,2021
2044,2028,2028,2042,2057,2045,2041,2020
2037,2028,2026,2040,2058,2037,2008,2012
2033,2019,2026,2042,2060,2041,2027,2013
2039,2020,2037,2054,2076,2054,2038,2007
2046,2040,2047,2060,2065,2063,2030,2016
2043,2039,2039,2050,2040,2060,2035,2020
2043,2042,2040,2049,2023,2054,2051,2020
2052,2048,2046,2047,2023,2050,2027,2035
2060,2052,2050,2050,2049,2046,2036,2044
2065,2046,2047,2058,2062,2054,2044,2051
2062,2045,2047,2053,2063,2057,2064,2057
2066,2049,2047,2043,2064,2057,2051,2070
2059,2044,2044,2039,2047,2045,2045,2072
2059,2047,2049,2041,2033,2044,2043,2079
2068,2048,2049,2048,2059,2038,2060,2090
2067,2050,2063,2054,2102,2039,2061,2093
2064,2065,2073,2054,2093,2041,2048,2087
2060,2069,2074,2054,2028,2032,2024,2076
2048,2056,2064,2026,1935,2004,2020,2079
2036,2041,2057,2024,1990,2016,2033,2091
2048,2049,2063,2041,2043,2030,2038,2085
2046,2051,2064,2053,2084,2043,2032,2077
2042,2045,2057,2042,2007,2057,2020,2072
2036,2044,2058,2030,1967,2079,2037,2076
2046,2044,2060,2074,2123,2097,2035,2078
2049,2042,2043,2086,2170,2094,2032,2068
2049,2034,2032,2075,2126,2078,2023,2065
2052,2032,2018,2046,2074,2056,2027,2039
2052,2032,2018,2045,2044,2037,2047,2025
2049,2032,2016,2053,2023,2025,2038,2026
2049,2027,2029,2060,2030,2029,2043,2025
2046,2033,2027,2064,2049,2037,2029,2021
2035,2025,2019,2075,2105,2050,2029,2015
2027,2014,2016,2085,2126,2056,2016,2008
2016,2010,2010,2067,2087,2049,2034,2004
2025,2015,2011,2062,2042,2056,2029,2020
2039,2039,2028,2067,2026,2061,2031,2025
2046,2049,2029,2061,2034,2058,2050,2035
2057,2048,2026,2047,2058,2043,2058,2030
2054,2049,2035,2040,2051,2040,2052,2028
2042,2048,2050,2025,2024,2031,2043,2029
2041,2050,2065,2014,2012,2019,2031,2027
2032,2047,2070,2017,2011,2010,2028,2038
2023,2048,2077,2028,2030,2019,2022,2047
2040,2052,2079,2050,2067,2041,2045,2060
2044,2062,2085,2062,2097,2055,2057,2075
2048,2067,2092,2070,2097,2050,2061,2079
2050,2068,2084,2061,2061,2042,2050,2086
2049,2062,2069,2048,2047,2036,2045,2090
2051,2064,2060,2045,2052,2036,2045,2087
2041,2050,2050,2043,2066,2033,2058,2086
2035,2050,2049,2056,2067,2042,2052,2086
2050,2060,2063,2063,2059,2051,2048,2082
2048,2057,2063,2062,2062,2056,2055,2076
2046,2054,2068,2075,2076,2062,2053,2068
2044,2054,2068,2078,2084,2067,2048,2061
2049,2054,2069,2069,2081,2066,2045,2056
2039,2053,2066,2051,2017,2055,2036,2047
2040,2048,2053,2027,1972,2046,2055,2052
2043,2042,2034,2012,2074,2042,2050,2040
2041,2038,2030,2013,2089,2030,2044,2032
2043,2034,2039,2019,2038,2032,2060,2030
2042,2047,2048,2032,2018,2050,2043,2031
2050,2052,2050,2046,2065,2059,2074,2023
2047,2047,2049,2051,2119,2073,2058,2026
2051,2046,2046,2059,2132,2073,2056,2016
2051,2041,2039,2050,2126,2064,2057,2021
2043,2030,2036,2029,2111,2041,2045,2016
2052,2035,2029,2005,2022,2007,2029,2006
2040,2038,2036,2015,2046,2026,2037,2009
2036,2040,2051,2052,2088,2041,2055,2015
2045,2044,2055,2036,1959,2019,2039,2016
2049,2043,2042,2028,1941,2019,2045,2022
2041,2042,2041,2031,1960,2025,2055,2034
2040,2047,2040,2029,1972,2028,2052,2043
2038,2037,2030,2024,2005,2032,2056,2051
2045,2043,2038,2030,2025,2039,2052,2056
2051,2053,2052,2034,2005,2040,2035,2057
2049,2059,2064,2046,2003,2043,2032,2073
2054,2058,2066,2044,2007,2043,2057,2072
2053,2054,2060,2045,2001,2044,2064,2083
2051,2055,2053,2035,1993,2033,2048,2080
2041,2045,2048,2027,1990,2025,2037,2077
2040,2045,2058,2033,2004,2030,2045,2076
2050,2051,2074,2038,1991,2032,2058,2084
2058,2064,2074,2031,1998,2027,2050,2086
2058,2065,2067,2041,2011,2040,2053,2081
2055,2069,2065,2046,2009,2034,2061,2072
2044,2059,2061,2051,2007,2029,2044,2057
2049,2054,2062,2065,2010,2037,2046,2043
2049,2056,2081,2082,2096,2058,2032,2036
2043,2053,2077,2080,2170,2057,2030,2032
2045,2046,2077,2076,2130,2050,2030,2035
2045,2047,2056,2069,2095,2052,2037,2040
2055,2037,2044,2065,2106,2053,2042,2031
2050,2038,2041,2056,2112,2074,2039,2022
2047,2044,2041,2055,2134,2100,2047,2024
2051,2046,2036,2055,2121,2104,2064,2019
2055,2043,2027,2047,2071,2096,2048,2012
2042,2029,2011,2043,2062,2079,2050,2017
2045,2027,2005,2039,2090,2058,2048,2027
2056,2037,2008,2029,2103,2038,2042,2030
2053,2035,2005,2022,2097,2024,2041,2021
2050,2032,1999,2010,2099,2041,2043,2027
2047,2026,2003,2003,2064,2031,2052,2023
2051,2029,2000,1985,2000,2012,2046,2030
2043,2026,1988,1988,1996,2022,2045,2040
2044,2026,1981,2000,2015,2032,2041,2041
2053,2031,1986,2013,2023,2034,2037,2052
2055,2032,1992,2023,2032,2035,2046,2058
2050,2036,1998,2022,2034,2033,2060,2068
2048,2041,2018,2032,2053,2032,2068,2080
2047,2052,2039,2039,2060,2031,2037,2075
2041,2046,2045,2046,2051,2029,2038,2074
2037,2045,2048,2048,2048,2042,2029,2085
2038,2038,2058,2052,2063,2040,2029,2084
2033,2041,2069,2054,2065,2037,2050,2082
2040,2055,2084,2062,2051,2039,2058,2076
2041,2056,2104,2067,2038,2042,2068,2077
2055,2071,2114,2079,2036,2048,2056,2074
2055,2062,2099,2077,2029,2049,2052,2064
2057,2060,2088,2075,2013,2046,2068,2055
2053,2051,2074,2061,2015,2042,2047,2036
2048,2040,2046,2055,2026,2036,2051,2030
2042,2033,2026,2056,2064,2054,2040,2031
2043,2024,2006,2047,2064,2055,2053,2030
2049,2039,2001,2044,2046,2061,2055,2029
2049,2036,1993,2040,2039,2060,2044,2038
2052,2043,1993,2049,2029,2062,2046,2037
2063,2043,1999,2057,2029,2072,2028,2035
2062,2051,1998,2053,2027,2076,2028,2040
2054,2055,2005,2045,2009,2069,2050,2025
2051,2039,2011,2026,2004,2075,2024,2017
2044,2037,2032,2028,2006,2060,2063,2015
2053,2057,2079,2042,2005,2010,2032,2006
2055,2055,2087,2039,2012,1999,2036,2012
2060,2044,2093,2028,2024,2013,2024,2012
2056,2041,2100,2023,2033,2035,2029,2026
2059,2058,2128,2045,2042,2050,2044,2032
2059,2084,2154,2075,2077,2054,2036,2036
2060,2076,2158,2089,2112,2060,2066,2044
2054,2066,2139,2081,2096,2053,2056,2050
2047,2064,2125,2085,2089,2060,2058,2071
2057,2065,2100,2086,2089,2055,2074,2076
2057,2047,2088,2080,2090,2054,2054,2078
2056,2054,2084,2083,2089,2048,2049,2076
2049,2061,2082,2084,1972,2039,2048,2075
2046,2053,2065,2067,1866,2042,2040,2072
2032,2031,2042,2044,1939,2044,2027,2058
2024,2027,2033,2024,1979,2037,2025,2068
2032,2040,2051,2013,1980,2040,2038,2059
2032,2051,2054,2008,1965,2010,2030,2058
2025,2053,2046,1978,1943,1994,2025,2048
2026,2051,2030,1961,2017,2032,2028,2056
2036,2053,2035,2001,2088,2072,2047,2059
2047,2055,2047,2020,2058,2062,2050,2052
2053,2063,2047,2017,2021,2026,2063,2061
2058,2058,2043,2013,2009,2020,2077,2055
2054,2054,2045,2030,2021,2032,2074,2047
2049,2047,2037,2026,2054,2039,2052,2029
2049,2043,2035,2034,2090,2051,2042,2029
2049,2052,2044,2062,2127,2056,2052,2029
2051,2053,2050,2066,2115,2066,2064,2025
2049,2050,2045,2050,2077,2054,2058,2027
2049,2045,2045,2039,2045,2049,2045,2015
2037,2038,2035,2028,2036,2052,2048,2008
2038,2029,2038,2032,2032,2064,2057,2014
2047,2041,2050,2038,2041,2061,2063,2016
2046,2042,2046,2041,2040,2057,2054,2014
2047,2045,2046,2043,2039,2054,2042,2016
2042,2039,2043,2044,2054,2059,2054,2022
2044,2043,2037,2045,2057,2055,2057,2023
2040,2042,2036,2048,2061,2060,2058,2035
2042,2043,2038,2048,2057,2061,2062,2042
2043,2034,2036,2052,2065,2067,2066,2048
2049,2037,2046,2056,2080,2072,2065,2054
2051,2047,2050,2055,2087,2069,2063,2058
2041,2042,2043,2056,2087,2059,2059,2064
2041,2044,2039,2048,2075,2056,2050,2074
2039,2039,2033,2050,2058,2054,2049,2076
2040,2040,2028,2041,2050,2044,2047,2076
2039,2029,2010,2032,2046,2035,2047,2076
2030,2023,2014,2035,2053,2032,2054,2086
2037,2031,2026,2042,2046,2032,2070,2077
2036,2033,2039,2040,2045,2036,2062,2074
2035,2037,2048,2051,2029,2034,2056,2066
2039,2041,2052,2050,2008,2031,2059,2064
2035,2034,2052,2047,2002,2031,2064,2051
2034,2038,2056,2040,1995,2033,2059,2045
2035,2035,2056,2033,1998,2040,2063,2035
2037,2042,2072,2059,2052,2073,2061,2040
2050,2049,2087,2072,2100,2086,2074,2040
2049,2047,2087,2077,2132,2087,2078,2036
2053,2049,2072,2076,2138,2093,2061,2028
2050,2044,2069,2063,2117,2090,2066,2024
2050,2045,2056,2061,2101,2082,2045,2023
2049,2046,2054,2059,2107,2085,2055,2025
2048,2044,2060,2051,2095,2071,2056,2021
2039,2029,2043,2036,2034,2053,2073,2012
2041,2031,2043,2034,2026,2054,2073,2025
2048,2050,2054,2045,2041,2054,2076,2031
2055,2054,2057,2044,2008,2039,2062,2026
2056,2054,2053,2042,1978,2031,2074,2026
2054,2042,2057,2056,2000,2038,2063,2028
2048,2045,2060,2056,1999,2039,2061,2033
2050,2044,2063,2057,1997,2041,2037,2028
2044,2038,2066,2058,2010,2036,2028,2030
2046,2044,2062,2061,2023,2047,2055,2039
2049,2041,2061,2060,2017,2044,2034,2051
2047,2042,2062,2053,2034,2047,2036,2063
2050,2038,2055,2057,2085,2056,2050,2074
2055,2039,2047,2056,2098,2058,2034,2073
2046,2032,2034,2048,2064,2042,2019,2071
2045,2026,2027,2039,2029,2030,2034,2065
2034,2016,2017,2012,1997,2015,2025,2062
2026,2006,2011,2000,2003,2019,2042,2056
2036,2014,2026,2007,2036,2046,2037,2070
2041,2029,2041,2018,2062,2067,2053,2078
2046,2024,2041,2048,2108,2082,2057,2068
2035,2017,2038,2038,2082,2069,2039,2063
2042,2018,2030,2026,2065,2065,2056,2056
2049,2020,2027,2015,2050,2053,2036,2033
2030,2027,2031,2015,2034,2051,2042,2024
2031,2039,2046,2028,2028,2051,2035,2028
2041,2047,2054,2028,2030,2044,2032,2030
2043,2047,2055,2030,2044,2055,2047,2035
2058,2061,2064,2048,2064,2058,2048,2049
2077,2068,2067,2053,2072,2061,2036,2048
