CH1,CH2,CH3,CH4,CH5,CH6,CH7,CH8
2051,2046,2048,2051,2054,2040,2058,2057
2056,2048,2045,2056,2046,2037,2080,2065
2058,2056,2045,2062,2045,2043,2074,2074
2067,2062,2040,2066,2050,2035,2068,2085
2065,2067,2044,2069,2058,2039,2073,2082
2067,2064,2045,2060,2067,2041,2062,2080
2052,2043,2031,2036,2052,2029,2045,2073
2046,2040,2038,2033,2060,2026,2047,2082
2064,2063,2052,2036,2131,2045,2057,2089
2067,2056,2036,2046,2223,2071,2052,2076
2062,2052,2050,2073,2246,2077,2055,2071
2061,2053,2070,2081,2200,2062,2071,2077
2059,2055,2074,2072,2131,2055,2045,2071
2059,2050,2072,2076,2103,2064,2056,2062
2069,2056,2066,2086,2095,2068,2072,2055
2066,2054,2060,2080,2052,2051,2067,2049
2049,2044,2040,2042,1889,1998,2048,2031
2038,2044,2034,2020,1815,2001,2051,2033
2039,2041,2038,2036,1905,2041,2060,2036
2045,2045,2055,2038,1975,2064,2052,2029
2042,2046,2061,2050,2032,2082,2072,2035
2049,2050,2065,2070,2066,2099,2084,2036
2047,2046,2051,2056,2081,2086,2062,2028
2039,2035,2048,2053,2104,2077,2053,2018
2041,2044,2064,2064,2112,2078,2052,2041
2056,2056,2080,2052,2060,2065,2051,2039
2059,2048,2082,2034,2025,2056,2045,2047
2060,2050,2071,2029,2013,2036,2060,2046
2064,2055,2066,2021,1946,2005,2055,2047
2049,2046,2057,2011,1893,1998,2062,2050
2056,2048,2060,2036,2015,2012,2068,2056
2059,2057,2066,2057,2069,2027,2080,2064
2065,2058,2063,2068,2089,2040,2078,2065
2058,2052,2054,2060,2089,2046,2080,2071
2066,2047,2043,2054,2092,2052,2050,2069
2056,2040,2031,2045,2079,2050,2023,2078
2058,2034,2033,2045,2062,2047,2040,2072
2048,2036,2031,2049,2059,2044,2068,2075
2045,2024,2023,2039,2043,2026,2050,2060
2024,2008,2012,2036,2031,2029,2055,2054
2022,2017,2021,2051,2044,2034,2057,2066
2038,2034,2037,2053,2049,2043,2056,2068
2037,2033,2034,2052,2037,2048,2043,2069
2048,2036,2039,2059,2061,2045,2051,2066
2040,2036,2041,2061,2070,2048,2047,2062
2045,2038,2034,2056,2068,2047,2050,2043
2044,2041,2039,2047,2056,2065,2053,2039
2036,2040,2047,2046,2056,2076,2056,2028
2049,2048,2062,2057,2057,2080,2054,2028
2052,2053,2065,2053,2070,2085,2058,2030
2045,2047,2053,2065,2100,2064,2042,2040
2052,2046,2046,2044,2026,2018,2048,2038
2046,2038,2035,2004,1944,2007,2053,2027
2037,2043,2047,2020,1994,2036,2058,2027
2048,2053,2069,2037,2033,2043,2041,2014
2030,2045,2061,2032,2018,2031,2040,2016
2031,2040,2052,2043,2026,2041,2061,2022
2046,2059,2057,2046,2026,2048,2047,2033
2049,2055,2050,2042,2023,2051,2034,2033
2052,2053,2055,2046,2021,2066,2049,2038
2054,2054,2056,2057,2033,2074,2061,2046
2059,2046,2075,2070,2073,2082,2065,2044
2053,2046,2078,2080,2106,2084,2063,2046
2052,2053,2085,2099,2112,2078,2067,2050
2052,2045,2091,2098,2102,2061,2054,2058
2045,2041,2080,2090,2082,2040,2056,2056
2048,2054,2086,2073,2057,2009,2046,2067
2053,2064,2090,2080,2068,2004,2044,2074
2054,2068,2078,2080,2086,2016,2041,2080
2058,2066,2065,2088,2071,2025,2044,2080
2053,2061,2055,2085,2054,2016,2048,2074
2035,2038,2036,2069,2030,2012,2045,2063
2032,2034,2021,2069,2030,2029,2062,2067
2040,2052,2028,2078,2041,2046,2060,2062
2044,2045,2018,2076,2030,2043,2049,2061
2042,2042,2008,2063,2035,2037,2050,2057
2049,2044,2011,2046,2066,2046,2063,2059
2050,2043,1989,2028,2051,2046,2056,2050
2052,2045,1976,2017,2047,2049,2062,2047
2056,2043,1976,2031,2042,2057,2071,2045
2057,2040,1989,2042,2036,2062,2059,2048
2058,2035,1976,2034,2047,2055,2060,2036
2054,2032,1976,2010,2022,2033,2049,2025
2037,2021,1966,1986,2012,2021,2054,2015
2038,2022,1979,2001,2047,2035,2045,2017
2038,2038,2007,2017,2051,2041,2046,2023
2045,2046,2022,2022,2052,2040,2046,2014
2035,2033,2008,1998,2034,2034,2048,2015
2040,2028,2011,1995,2032,2051,2056,2029
2049,2051,2040,2025,2049,2048,2065,2037
2054,2055,2043,2036,2044,2051,2058,2034
2056,2065,2044,2029,2041,2049,2062,2040
2061,2063,2046,2037,2061,2051,2064,2046
2062,2066,2047,2037,2065,2057,2070,2045
2065,2065,2046,2040,2065,2056,2066,2053
2062,2059,2044,2034,2053,2056,2069,2058
2059,2059,2036,2032,2055,2053,2064,2060
2048,2053,2054,2038,2055,2054,2061,2058
2049,2057,2060,2034,2048,2048,2069,2065
2047,2048,2067,2035,2056,2050,2068,2074
2052,2043,2070,2041,2051,2047,2064,2078
2051,2049,2079,2040,2051,2046,2058,2079
2059,2052,2084,2048,2049,2046,2046,2078
2043,2036,2067,2036,2033,2020,2028,2077
2032,2027,2055,2032,2029,2014,2040,2070
2044,2044,2071,2050,2043,2033,2050,2076
2047,2044,2073,2055,2052,2048,2055,2062
2049,2047,2066,2058,2045,2053,2055,2052
2045,2042,2050,2064,2049,2056,2067,2044
2045,2045,2047,2065,2053,2055,2057,2041
2044,2042,2040,2060,2046,2051,2064,2034
2045,2050,2039,2057,2046,2051,2057,2029
2045,2047,2035,2061,2052,2053,2052,2028
2044,2047,2039,2062,2052,2054,2059,2032
2050,2053,2046,2070,2054,2056,2050,2033
2048,2049,2051,2058,2051,2049,2053,2026
2043,2045,2048,2053,2038,2036,2039,2019
2046,2043,2054,2053,2035,2027,2042,2018
2054,2050,2060,2053,2045,2039,2046,2015
2051,2056,2063,2043,2037,2037,2046,2012
2048,2032,2056,2039,2043,2044,2034,2012
2046,2036,2064,2045,2045,2056,2038,2027
2064,2059,2080,2058,2051,2055,2041,2036
2061,2054,2068,2051,2044,2049,2041,2028
2059,2054,2071,2056,2050,2050,2051,2033
2058,2059,2075,2067,2057,2048,2040,2038
2051,2049,2057,2057,2055,2060,2038,2036
2047,2043,2042,2046,2053,2077,2039,2036
2045,2042,2038,2046,2055,2088,2041,2044
2049,2044,2025,2047,2058,2087,2039,2055
2051,2044,2029,2035,2057,2062,2037,2063
2059,2046,2030,2040,2072,2031,2039,2072
2056,2050,2034,2049,2089,2036,2049,2078
2051,2045,2023,2046,2072,2041,2047,2083
2054,2034,2007,2036,2061,2041,2043,2078
2045,2033,2005,2033,2057,2043,2049,2064
2030,2017,1992,2025,2045,2033,2016,2064
2024,2011,1999,2025,2041,2038,2006,2065
2040,2026,2014,2039,2055,2052,2038,2074
2051,2033,2014,2036,2050,2049,2024,2064
2045,2036,2019,2039,2053,2056,2032,2061
2051,2049,2034,2040,2060,2063,2046,2065
2054,2067,2045,2054,2064,2064,2044,2059
2061,2068,2051,2054,2060,2065,2038,2049
2058,2058,2055,2043,2055,2057,2026,2045
2058,2055,2042,2032,2062,2052,2024,2035
2047,2043,2030,2026,2056,2052,2041,2037
2043,2039,2027,2023,2060,2051,2041,2036
2045,2048,2033,2031,2065,2061,2045,2033
2050,2053,2039,2026,2065,2059,2043,2028
2047,2043,2037,2034,2061,2050,2047,2033
2055,2054,2045,2043,2064,2046,2052,2035
2053,2036,2040,2034,2046,2023,2016,2019
2034,2022,2034,2030,2023,1998,2003,2014
2041,2031,2053,2030,2006,2005,2014,2029
2045,2035,2048,2039,1994,2004,2021,2022
2042,2042,2053,2039,1994,2005,2034,2024
2052,2044,2067,2043,2002,2031,2029,2036
2058,2055,2079,2055,2049,2057,2049,2048
2066,2062,2104,2058,2078,2064,2061,2058
2062,2065,2105,2055,2099,2077,2063,2061
2069,2060,2092,2038,2092,2092,2044,2067
2071,2060,2089,2040,2061,2092,2055,2069
2060,2062,2080,2033,2011,2090,2046,2063
2060,2059,2065,2025,1985,2076,2044,2065
2055,2056,2060,2021,1959,2060,2046,2066
2054,2053,2057,2026,1963,2050,2050,2070
2050,2051,2058,2043,1983,2029,2047,2082
2056,2058,2065,2057,2036,2019,2040,2078
2046,2030,2053,2044,2060,2018,2045,2073
2037,2026,2042,2041,2089,2041,2050,2080
2054,2043,2056,2055,2122,2055,2045,2077
2050,2041,2051,2065,2134,2053,2026,2059
2041,2043,2058,2064,2119,2044,2033,2049
2033,2055,2062,2060,2099,2048,2044,2040
2043,2060,2064,2051,2050,2032,2026,2042
2044,2058,2066,2048,2012,2026,2016,2042
2048,2064,2066,2043,2038,2023,2023,2042
2052,2064,2065,2040,2040,2008,2018,2033
2051,2059,2060,2041,2027,2013,2025,2039
2050,2052,2049,2037,1995,2014,2052,2023
2042,2036,2032,2018,1994,2031,2044,2025
2041,2027,2026,2013,2018,2051,2040,2029
2045,2035,2037,2031,2045,2060,2052,2034
2054,2041,2036,2036,2042,2060,2065,2016
2044,2027,2024,2027,2023,2041,2044,2010
2034,2021,2024,2024,2012,2044,2029,2018
2044,2043,2042,2048,2022,2053,2051,2024
2053,2050,2053,2046,2068,2052,2050,2028
2057,2048,2051,2047,2164,2053,2036,2032
2055,2049,2055,2061,2205,2061,2054,2033
2059,2050,2055,2069,2204,2062,2057,2038
2056,2050,2060,2077,2188,2061,2062,2043
2053,2050,2068,2078,2176,2062,2058,2041
2045,2048,2059,2076,2173,2051,2056,2049
2054,2055,2057,2079,2171,2056,2044,2063
2055,2054,2060,2078,2154,2061,2052,2064
2059,2054,2059,2074,2064,2056,2049,2065
2056,2042,2047,2055,1981,2045,2051,2076
2051,2045,2045,2048,1975,2047,2054,2080
2056,2050,2044,2046,1999,2041,2063,2080
2050,2047,2040,2045,2002,2030,2042,2064
2042,2028,2021,2024,1990,2016,2037,2071
2040,2023,2022,2018,1956,2016,2046,2077
2051,2041,2034,2020,1946,2025,2052,2074
2057,2049,2034,2025,1969,2036,2048,2073
2049,2051,2049,2034,2002,2040,2060,2071
2054,2052,2047,2044,2000,2052,2061,2062
2051,2054,2049,2038,2012,2051,2057,2064
2058,2059,2052,2035,2009,2062,2064,2053
2064,2058,2046,2033,1995,2063,2049,2032
2062,2058,2050,2037,2032,2062,2039,2029
2064,2057,2056,2044,2074,2074,2046,2031
2061,2062,2061,2042,2067,2065,2074,2036
2063,2064,2062,2048,2060,2064,2072,2033
2057,2057,2056,2043,2081,2056,2058,2032
2048,2052,2053,2043,2084,2049,2053,2023
2052,2057,2054,2047,2068,2042,2064,2026
2054,2055,2046,2039,2057,2022,2025,2020
2044,2031,2029,2030,2032,2000,2020,2016
2043,2029,2030,2035,2018,2009,2026,2032
2054,2051,2043,2052,2024,2002,2019,2038
2052,2053,2056,2059,2042,2011,2043,2036
2044,2045,2064,2068,2051,2024,2046,2035
2051,2051,2075,2072,2059,2031,2051,2037
2057,2060,2082,2075,2055,2048,2065,2039
2048,2051,2073,2074,2044,2064,2062,2041
2051,2052,2069,2067,2032,2078,2068,2042
2042,2054,2067,2061,2030,2081,2058,2052
2047,2049,2059,2053,2015,2070,2055,2061
2051,2044,2062,2053,2008,2064,2044,2064
2046,2050,2080,2064,2044,2036,2045,2068
2048,2059,2075,2064,2045,2017,2050,2070
2047,2056,2063,2062,2034,2029,2037,2071
2050,2054,2054,2055,2029,2044,2049,2064
2036,2036,2036,2038,2006,2032,2050,2057
2032,2030,2035,2024,2000,2030,2038,2052
2036,2046,2043,2028,2011,2041,2050,2065
2050,2055,2046,2015,2032,2045,2048,2061
2055,2059,2043,2011,2054,2050,2056,2054
2054,2056,2036,2015,2087,2063,2055,2055
2059,2052,2041,2030,2108,2068,2042,2056
2058,2049,2041,2031,2087,2070,2044,2044
2051,2047,2038,2030,2063,2061,2032,2040
2047,2047,2037,2029,2048,2058,2056,2034
2047,2040,2038,2038,2050,2055,2032,2043
2041,2040,2044,2043,2051,2053,2049,2030
2045,2042,2046,2042,2047,2051,2031,2028
2044,2051,2043,2042,2043,2048,2036,2027
2033,2040,2046,2042,2050,2045,2037,2026
2042,2039,2045,2039,2057,2056,2038,2022
2046,2039,2047,2047,2056,2061,2035,2020
2032,2026,2033,2036,2043,2041,2038,2014
2028,2026,2031,2028,2038,2037,2042,2022
2045,2043,2049,2043,2046,2044,2050,2032
2049,2052,2052,2046,2049,2053,2053,2037
2048,2052,2050,2048,2059,2056,2062,2040
2054,2059,2048,2052,2057,2064,2049,2042
2051,2056,2049,2053,2056,2067,2055,2045
2048,2053,2057,2052,2064,2062,2056,2046
2047,2051,2054,2053,2064,2065,2053,2049
2050,2049,2057,2056,2055,2057,2051,2051
2045,2041,2055,2062,2061,2062,2051,2063
2047,2039,2050,2053,2063,2060,2056,2069
2046,2041,2051,2053,2062,2056,2058,2068
2037,2030,2042,2048,2054,2050,2053,2065
2042,2036,2050,2054,2050,2047,2053,2069
2043,2048,2056,2058,2047,2051,2064,2071
2044,2043,2046,2050,2038,2040,2051,2061
2033,2032,2044,2051,2042,2044,2040,2054
2041,2046,2053,2061,2046,2058,2061,2072
2051,2060,2056,2061,2045,2062,2066,2070
2052,2052,2049,2065,2048,2067,2067,2060
2052,2054,2053,2053,2053,2063,2030,2047
2052,2057,2049,2044,2042,2061,2039,2039
2044,2053,2042,2029,2041,2053,2040,2034
2046,2054,2045,2033,2037,2047,2046,2034
2053,2058,2054,2044,2043,2050,2051,2031
2057,2067,2060,2043,2044,2036,2022,2033
2056,2058,2054,2041,2046,2032,2042,2029
2060,2061,2047,2041,2042,2034,2035,2023
2053,2060,2047,2041,2045,2042,2044,2020
2054,2048,2041,2041,2048,2047,2052,2014
2050,2056,2043,2041,2039,2054,2036,2015
2051,2056,2045,2041,2030,2046,2048,2011
2036,2033,2033,2035,2026,2042,2042,2003
2030,2037,2031,2034,2034,2056,2050,2025
2058,2060,2056,2047,2049,2063,2064,2026
2062,2063,2056,2056,2046,2056,2062,2030
2057,2057,2058,2054,2050,2058,2040,2035
2055,2058,2062,2055,2054,2051,2061,2038
2053,2059,2063,2051,2049,2037,2077,2040
2054,2059,2060,2053,2053,2033,2060,2040
2056,2058,2058,2052,2042,2033,2064,2037
2054,2060,2047,2051,2048,2035,2064,2046
2052,2053,2054,2049,2052,2025,2071,2049
2048,2052,2053,2050,2045,2027,2067,2045
2044,2050,2046,2048,2037,2035,2050,2054
2038,2042,2038,2037,2034,2048,2049,2055
2038,2044,2042,2040,2030,2052,2043,2058
2035,2043,2040,2039,2026,2051,2035,2057
2026,2027,2028,2028,2022,2041,2027,2043
2028,2026,2029,2036,2018,2037,2045,2053
2035,2043,2040,2045,2025,2048,2061,2057
2038,2049,2044,2046,2033,2052,2041,2056
2041,2050,2047,2046,2032,2050,2056,2054
2047,2052,2045,2046,2037,2051,2055,2053
2046,2055,2049,2046,2041,2050,2041,2046
2044,2050,2050,2043,2039,2049,2039,2034
2046,2054,2050,2045,2041,2043,2031,2037
2049,2056,2051,2050,2037,2048,2053,2029
2057,2060,2051,2042,2038,2045,2055,2030
2050,2064,2052,2053,2045,2050,2046,2032
2057,2062,2053,2051,2036,2048,2048,2024
2054,2061,2047,2047,2037,2054,2039,2024
2046,2051,2047,2050,2045,2050,2047,2015
2051,2049,2047,2054,2054,2061,2042,2020
2047,2051,2042,2047,2042,2050,2039,2007
2032,2033,2038,2032,2029,2044,2039,2015
2034,2032,2039,2049,2045,2057,2056,2027
2054,2058,2048,2054,2050,2060,2053,2025
2053,2054,2051,2054,2054,2061,2038,2030
2057,2060,2049,2053,2054,2053,2062,2037
2052,2060,2051,2055,2059,2051,2062,2034
2051,2059,2048,2056,2060,2054,2051,2041
2045,2059,2055,2054,2060,2051,2051,2047
2055,2052,2053,2053,2053,2050,2074,2058
2055,2056,2052,2054,2048,2050,2061,2060
2055,2052,2051,2056,2049,2050,2046,2060
2046,2050,2052,2046,2059,2043,2056,2058
2052,2046,2051,2052,2072,2038,2045,2060
2046,2050,2051,2054,2072,2034,2025,2069
2042,2048,2056,2057,2065,2031,2035,2068
2042,2053,2050,2046,2055,2025,2013,2059
2033,2029,2033,2040,2032,2004,2007,2053
2024,2029,2030,2041,2033,2008,2012,2063
2038,2053,2044,2051,2038,2024,2033,2064
2038,2055,2047,2054,2044,2030,2037,2065
2048,2054,2046,2050,2044,2036,2051,2055
2043,2058,2050,2049,2043,2035,2041,2045
2045,2060,2043,2052,2038,2031,2034,2045
2039,2055,2042,2052,2036,2021,2027,2034
2043,2048,2038,2051,2037,2026,2023,2029
2042,2046,2040,2048,2033,2030,2022,2025
2042,2043,2044,2056,2047,2040,2041,2021
2044,2042,2039,2051,2045,2053,2045,2020
2043,2045,2041,2051,2047,2060,2038,2024
2039,2042,2046,2052,2044,2054,2045,2019
2039,2041,2041,2051,2047,2055,2052,2019
2044,2049,2043,2054,2054,2063,2053,2025
2040,2043,2038,2052,2041,2052,2029,2004
2030,2027,2025,2044,2040,2050,2030,2008
2029,2031,2033,2053,2058,2060,2056,2030
2042,2052,2046,2066,2061,2066,2060,2029
2041,2045,2044,2056,2058,2068,2056,2026
2043,2046,2046,2060,2056,2070,2062,2030
2040,2054,2051,2058,2058,2064,2054,2035
2040,2046,2043,2060,2059,2069,2073,2045
2045,2050,2043,2058,2059,2071,2068,2048
2049,2043,2044,2059,2057,2070,2057,2053
2042,2048,2041,2056,2056,2071,2060,2054
2042,2041,2041,2059,2055,2062,2043,2057
2038,2044,2042,2057,2056,2064,2033,2060
2035,2044,2038,2052,2057,2063,2036,2062
2031,2042,2033,2047,2052,2063,2027,2057
2038,2039,2040,2053,2052,2057,2033,2060
2032,2036,2040,2052,2044,2031,2015,2057
2026,2018,2020,2036,2028,2015,1994,2042
2018,2015,2029,2034,2020,2014,1996,2040
2028,2033,2041,2044,2043,2040,2034,2051
2040,2044,2047,2055,2038,2050,2030,2051
2049,2052,2050,2060,2043,2057,2040,2049
2050,2052,2054,2058,2048,2063,2045,2041
2051,2055,2055,2062,2053,2073,2038,2041
2042,2052,2048,2058,2051,2068,2033,2038
2047,2048,2046,2052,2048,2054,2028,2035
2043,2045,2044,2050,2044,2054,2031,2028
2049,2047,2053,2052,2050,2045,2048,2023
2052,2052,2052,2063,2059,2050,2046,2023
2052,2053,2052,2058,2057,2045,2037,2026
2055,2053,2058,2057,2058,2039,2039,2027
2054,2052,2051,2058,2056,2031,2032,2018
2047,2048,2046,2058,2052,2036,2033,2017
2047,2045,2042,2053,2052,2032,2014,2009
2031,2027,2028,2039,2038,2015,2022,2012
2034,2031,2034,2035,2030,2015,2017,2021
2040,2045,2048,2053,2038,2035,2028,2030
2049,2047,2054,2060,2044,2040,2025,2034
2047,2047,2049,2054,2045,2033,2043,2031
2048,2047,2045,2053,2044,2023,2060,2032
2046,2044,2049,2059,2043,2028,2050,2038
2054,2042,2050,2068,2059,2034,2050,2047
2055,2044,2050,2066,2056,2035,2043,2054
2053,2039,2052,2067,2062,2037,2053,2058
2049,2041,2056,2061,2060,2036,2070,2066
2049,2049,2059,2059,2057,2031,2066,2067
2047,2048,2059,2058,2052,2041,2081,2063
2040,2048,2053,2058,2052,2058,2087,2064
2043,2042,2054,2055,2050,2065,2082,2068
2050,2041,2052,2051,2043,2071,2080,2067
2047,2047,2052,2047,2032,2055,2053,2063
2042,2031,2040,2037,2024,2041,2060,2067
2030,2023,2037,2044,2028,2049,2087,2075
2048,2044,2051,2051,2031,2055,2085,2076
2060,2052,2052,2050,2038,2063,2075,2076
2052,2050,2054,2055,2040,2058,2070,2064
2050,2046,2048,2056,2036,2061,2083,2058
2046,2043,2047,2048,2028,2061,2056,2053
2049,2054,2050,2046,2026,2074,2050,2042
2049,2046,2048,2041,2030,2108,2070,2035
2046,2049,2047,2042,2039,2146,2066,2031
2046,2045,2047,2043,2050,2149,2063,2027
2046,2045,2049,2053,2045,2115,2060,2023
2049,2049,2053,2049,2044,2025,2057,2020
2050,2055,2052,2054,2035,1991,2042,2017
2052,2057,2053,2053,2048,2011,2059,2014
2042,2056,2050,2052,2053,2025,2057,2013
2041,2034,2035,2042,2048,2013,2050,1991
2019,2015,2026,2033,2034,1996,2019,1983
2016,2026,2039,2045,2047,2014,2053,2002
2032,2033,2045,2053,2047,2031,2046,2013
2042,2040,2041,2049,2052,2040,2044,2018
2034,2045,2041,2044,2052,2041,2032,2018
2041,2046,2038,2043,2055,2041,2027,2023
2042,2051,2037,2038,2046,2042,2029,2029
2041,2044,2040,2045,2051,2047,2028,2040
2049,2056,2046,2046,2056,2051,2044,2054
2050,2054,2050,2046,2060,2057,2038,2055
2048,2054,2048,2047,2061,2054,2036,2062
2046,2053,2044,2050,2061,2062,2049,2056
2041,2049,2043,2045,2064,2063,2062,2062
2049,2050,2047,2045,2062,2064,2065,2065
2043,2046,2043,2044,2063,2063,2054,2056
2036,2039,2042,2041,2045,2036,2041,2044
2023,2018,2029,2028,2031,2023,2035,2045
2017,2015,2028,2027,2032,2040,2048,2060
2040,2043,2044,2039,2048,2055,2060,2065
2041,2042,2038,2044,2052,2065,2067,2064
2043,2042,2035,2038,2050,2062,2064,2055
2040,2037,2034,2036,2051,2059,2057,2047
2041,2040,2036,2038,2050,2066,2053,2046
2042,2045,2036,2042,2060,2077,2052,2042
2041,2039,2037,2037,2064,2076,2065,2030
2038,2037,2039,2041,2067,2071,2060,2030
2039,2033,2040,2041,2074,2088,2038,2024
2038,2030,2045,2045,2077,2093,2040,2027
2041,2037,2043,2043,2073,2093,2043,2022
2037,2038,2046,2040,2064,2078,2056,2024
2039,2034,2048,2035,2056,2045,2053,2023
2040,2046,2049,2038,2058,2056,2062,2024
2044,2044,2039,2025,2047,2052,2051,2018
2034,2034,2034,2028,2043,2054,2028,2020
2043,2038,2047,2034,2058,2072,2051,2043
2053,2047,2044,2029,2047,2063,2060,2045
2049,2049,2042,2028,2047,2055,2063,2045
2054,2060,2052,2040,2051,2054,2062,2052
2057,2074,2060,2046,2052,2033,2066,2055
2064,2071,2061,2047,2057,2019,2063,2053
2056,2064,2060,2048,2054,2018,2050,2054
2056,2063,2057,2045,2056,2009,2058,2055
2051,2058,2059,2047,2062,2008,2067,2068
2052,2055,2056,2051,2059,2001,2052,2066
2053,2061,2063,2049,2061,1996,2056,2073
2054,2058,2058,2045,2051,1986,2048,2076
2051,2054,2051,2043,2041,1988,2037,2076
2051,2057,2055,2040,2049,2003,2050,2077
2050,2046,2051,2034,2034,2012,2026,2067
2023,2028,2038,2027,2035,2025,2027,2070
2027,2024,2036,2034,2040,2059,2048,2076
2041,2044,2050,2047,2046,2109,2055,2073
2040,2043,2046,2046,2050,2136,2054,2066
2042,2046,2052,2044,2051,2128,2051,2060
2042,2046,2051,2047,2056,2080,2060,2054
2046,2048,2046,2050,2051,2004,2058,2046
2045,2049,2052,2055,2056,2002,2063,2043
2044,2049,2047,2053,2059,2034,2079,2037
2052,2049,2044,2057,2060,2040,2057,2036
2048,2046,2045,2058,2066,2046,2062,2035
2043,2046,2045,2055,2065,2044,2058,2039
2042,2052,2042,2057,2058,2052,2032,2041
2043,2041,2037,2054,2061,2058,2043,2035
2047,2048,2041,2054,2061,2061,2056,2032
2050,2051,2045,2055,2053,2058,2054,2026
2036,2027,2029,2031,2032,2028,2041,2015
2020,2008,2012,2019,2027,2032,2019,2020
2030,2020,2025,2035,2035,2049,2028,2016
2036,2022,2035,2036,2039,2055,2052,2026
2027,2023,2036,2036,2038,2061,2058,2032
2032,2030,2045,2044,2050,2055,2056,2036
2043,2034,2054,2049,2050,2063,2058,2043
2043,2036,2060,2044,2055,2067,2066,2044
2036,2029,2050,2037,2053,2068,2050,2042
2037,2032,2058,2045,2059,2072,2064,2054
2044,2031,2059,2047,2062,2070,2052,2063
2036,2035,2051,2050,2056,2059,2063,2056
2039,2032,2040,2043,2055,2060,2061,2058
2035,2031,2027,2038,2050,2060,2056,2066
2035,2025,2028,2044,2052,2053,2042,2077
2039,2029,2020,2041,2057,2044,2034,2080
2040,2021,2008,2036,2034,2028,2023,2061
2033,2008,2000,2016,2029,2030,2003,2062
2035,2014,2008,2014,2037,2041,2029,2072
2045,2035,2020,2022,2036,2034,2024,2072
2044,2039,2031,2028,2040,2041,2020,2068
2050,2037,2033,2037,2041,2061,2038,2063
2044,2038,2032,2040,2044,2069,2037,2054
2043,2040,2033,2036,2035,2073,2013,2050
2040,2037,2027,2032,2037,2071,2031,2038
2040,2035,2035,2030,2039,2068,2018,2038
2045,2048,2056,2034,2044,2069,2039,2036
2050,2057,2079,2047,2050,2068,2044,2038
2053,2072,2096,2050,2058,2068,2048,2039
2057,2077,2104,2060,2056,2066,2051,2037
2056,2071,2098,2060,2056,2056,2060,2036
2060,2073,2088,2054,2057,2040,2051,2033
2055,2067,2082,2058,2051,2002,2027,2025
2044,2046,2064,2042,2046,1986,2012,2016
2044,2044,2054,2045,2057,2007,2038,2038
2057,2061,2065,2055,2071,2022,2044,2036
2058,2059,2069,2059,2065,2040,2054,2036
2054,2060,2075,2058,2056,2047,2053,2042
2056,2054,2081,2066,2063,2042,2046,2042
2060,2056,2080,2062,2066,2044,2057,2051
2061,2061,2074,2067,2055,2045,2045,2050
2055,2058,2076,2066,2066,2048,2046,2054
2054,2060,2068,2065,2062,2039,2039,2057
2051,2054,2073,2064,2055,2036,2024,2056
2050,2052,2068,2058,2049,2021,2030,2058
2047,2053,2068,2054,2040,2019,2040,2069
2046,2056,2080,2057,2052,2024,2045,2072
2050,2051,2072,2048,2053,2037,2033,2075
2046,2042,2064,2049,2055,2037,2028,2068
2037,2031,2052,2034,2037,2032,2021,2066
2038,2033,2049,2029,2045,2051,2051,2076
2049,2062,2071,2032,2053,2065,2059,2072
2052,2064,2082,2029,2047,2069,2045,2062
2050,2063,2084,2022,2041,2070,2033,2052
2049,2052,2075,2019,2042,2068,2045,2048
2046,2049,2058,2020,2037,2058,2045,2047
2037,2037,2059,2020,2046,2058,2058,2039
2030,2044,2062,2033,2059,2061,2052,2045
2030,2043,2057,2039,2060,2064,2040,2042
2043,2040,2052,2044,2065,2061,2058,2039
2046,2045,2058,2036,2070,2064,2041,2036
2040,2042,2054,2038,2069,2068,2039,2030
2039,2040,2052,2032,2058,2066,2026,2024
2038,2038,2050,2038,2061,2070,2054,2023
2040,2038,2051,2037,2068,2068,2019,2012
2027,2026,2046,2023,2052,2054,2024,2012
2026,2030,2048,2030,2045,2052,2035,2016
2039,2044,2064,2040,2053,2056,2044,2021
2033,2040,2059,2043,2051,2049,2044,2025
2038,2037,2058,2038,2037,2034,2053,2030
2036,2042,2056,2042,2026,2035,2053,2023
2037,2043,2059,2042,2018,2020,2041,2038
2041,2042,2062,2031,2007,2007,2061,2045
2042,2043,2051,2025,2006,2000,2038,2048
2045,2050,2063,2041,2044,2026,2036,2062
2051,2056,2072,2058,2068,2047,2052,2069
2051,2051,2066,2053,2060,2074,2061,2068
2047,2043,2061,2045,2060,2077,2031,2066
2042,2038,2055,2044,2050,2076,2021,2061
2040,2031,2057,2035,2051,2074,2039,2068
2037,2033,2053,2042,2051,2046,2032,2070
2029,2020,2045,2029,2040,2017,2026,2059
2029,2023,2041,2033,2039,2027,2029,2068
2039,2041,2048,2034,2033,2026,2033,2066
2046,2040,2049,2029,2012,2024,2020,2066
2046,2042,2051,2026,2007,2026,2021,2063
2049,2046,2049,2014,1981,2039,2012,2052
2043,2042,2044,2008,1975,2071,2031,2052
2044,2051,2054,2032,2006,2103,2055,2045
2056,2054,2061,2046,2034,2104,2052,2044
2053,2058,2059,2050,2058,2105,2060,2040
2059,2052,2057,2052,2077,2090,2072,2046
2059,2053,2057,2061,2094,2060,2072,2045
2054,2050,2050,2071,2096,2064,2069,2048
2050,2049,2058,2068,2093,2066,2080,2036
2051,2048,2063,2076,2089,2076,2068,2037
2051,2047,2071,2076,2075,2068,2052,2025
2034,2030,2061,2078,2064,2054,2045,2013
2029,2021,2058,2078,2068,2050,2040,2008
2047,2037,2067,2099,2087,2059,2054,2009
2048,2042,2061,2099,2081,2047,2034,2020
2046,2035,2048,2086,2067,2042,2039,2022
2041,2037,2040,2083,2064,2042,2044,2032
2041,2037,2033,2080,2061,2056,2030,2037
2043,2044,2032,2083,2062,2072,2033,2038
2043,2043,2022,2070,2043,2093,2048,2038
2044,2031,2018,2065,2041,2093,2029,2039
2041,2034,2017,2058,2044,2037,2017,2049
2049,2033,2023,2062,2041,2016,2016,2058
2042,2035,2025,2062,2048,2015,2019,2070
2042,2044,2051,2071,2063,1996,2030,2082
2046,2046,2060,2059,2065,2009,2042,2076
2040,2035,2042,2029,2052,2046,2034,2077
2025,2017,2006,1984,2027,2065,2017,2059
2013,2013,2019,1988,2025,2052,2025,2065
2031,2038,2058,2013,2030,2054,2044,2065
2036,2047,2070,2020,2031,2050,2035,2053
2040,2051,2081,2032,2050,2056,2037,2053
2046,2053,2085,2041,2049,2063,2052,2053
2049,2056,2085,2048,2050,2059,2038,2052
2055,2064,2087,2050,2052,2049,2046,2047
2054,2054,2085,2052,2040,2049,2043,2042
2050,2056,2075,2044,2035,2049,2050,2037
2052,2056,2063,2040,2041,2044,2047,2030
2039,2052,2055,2029,2028,2031,2040,2029
2037,2054,2045,2018,2015,2016,2042,2023
2036,2048,2042,2006,2006,2015,2028,2022
2051,2051,2038,2002,2024,2035,2052,2020
2048,2061,2037,2005,2036,2031,2028,2014
2046,2050,2027,1991,2025,2028,2022,2006
2035,2039,2026,2000,2044,2041,2020,2013
2043,2056,2039,2027,2080,2061,2029,2020
2052,2052,2039,2033,2081,2070,2028,2016
2045,2050,2040,2035,2074,2077,2023,2013
2042,2051,2037,2036,2068,2072,2028,2031
2044,2053,2040,2038,2072,2066,2028,2030
2049,2056,2036,2035,2049,2059,2037,2036
2045,2057,2038,2029,2038,2055,2028,2040
2045,2051,2038,2029,2038,2068,2042,2058
2046,2051,2043,2031,2036,2093,2054,2060
2048,2056,2049,2035,2070,2101,2061,2066
2051,2054,2054,2043,2103,2102,2078,2070
2052,2053,2056,2044,2093,2109,2078,2073
2045,2050,2049,2046,2085,2114,2070,2080
2041,2035,2044,2034,2044,2093,2079,2079
2045,2042,2034,2023,2030,2080,2070,2070
2034,2032,2028,2016,2031,2078,2066,2056
2038,2050,2045,2029,2021,2069,2064,2067
2045,2062,2049,2016,1985,2052,2048,2061
2049,2063,2050,2032,2010,2028,2017,2053
2050,2061,2046,2039,2062,2042,2031,2046
2050,2060,2036,2035,2090,2026,2028,2040
2047,2060,2030,2037,2098,2012,2019,2029
2051,2058,2028,2046,2110,2028,2040,2029
2050,2054,2032,2049,2119,2050,2046,2027
2056,2060,2047,2060,2097,2046,2045,2029
2068,2059,2054,2057,2076,2024,2040,2030
2062,2054,2050,2047,2009,1988,2029,2029
2058,2046,2044,2029,1928,1965,2024,2020
2051,2041,2038,2020,1828,1950,2023,2018
2050,2039,2044,2022,1829,1960,2017,2006
2046,2038,2042,2017,1890,1981,1980,1990
2032,2029,2044,2048,1993,2029,2025,1992
2041,2035,2065,2081,2063,2065,2052,2010
2053,2057,2075,2094,2105,2088,2065,2012
2046,2058,2084,2098,2118,2101,2077,2027
2040,2055,2091,2094,2094,2087,2082,2030
2040,2058,2090,2083,2058,2066,2068,2033
2038,2060,2071,2072,2044,2058,2052,2039
2046,2057,2056,2059,2044,2058,2041,2045
2052,2052,2048,2045,2043,2058,2043,2038
2048,2048,2039,2048,2057,2062,2079,2053
2047,2044,2037,2044,2057,2065,2057,2062
2051,2044,2029,2031,2067,2082,2053,2070
2053,2041,2018,2024,2067,2083,2040,2078
2050,2035,2014,2012,2051,2082,2043,2083
2040,2034,2018,2012,2065,2082,2041,2083
2053,2035,2019,2011,2058,2069,2039,2071
2034,2020,2012,2005,2048,2068,2051,2068
2038,2024,2030,2014,2057,2091,2073,2069
2049,2062,2051,2039,2072,2093,2077,2066
2054,2062,2057,2048,2093,2082,2076,2067
2056,2061,2046,2043,2072,2074,2046,2064
2056,2055,2046,2026,2030,2087,2062,2062
2057,2053,2033,2010,1948,2083,2045,2053
2054,2047,2031,2004,1934,2077,2042,2038
2045,2034,2019,1990,1928,2046,2017,2030
2038,2037,2026,1986,1906,2020,2012,2019
2038,2044,2041,2002,1939,2033,2045,2026
2049,2060,2054,2023,1993,2069,2056,2039
2052,2065,2059,2028,2012,2115,2055,2034
2056,2052,2045,2010,2031,2164,2049,2022
2051,2052,2038,2015,2082,2186,2047,2016
2051,2051,2039,2032,2112,2168,2025,1995
2028,2044,2024,2028,2078,2105,2008,1996
2026,2038,2027,2048,2100,1991,2009,2019
2051,2059,2053,2074,2126,2000,2034,2036
2059,2062,2050,2073,2122,2072,2036,2029
2054,2059,2042,2045,2053,2112,2053,2017
2048,2052,2034,2032,2004,2108,2028,2016
2049,2049,2034,2029,1972,2098,2019,2018
2051,2046,2033,2027,1993,2062,1982,2020
2040,2044,2036,2038,2058,1994,2026,2045
2051,2057,2051,2073,2180,1952,2045,2061
2064,2053,2054,2074,2179,1969,2049,2063
2054,2057,2054,2056,2075,1980,2049,2066
2057,2052,2049,2042,2060,1986,2031,2064
2050,2051,2041,2049,2054,2000,2045,2058
2042,2049,2042,2036,2006,1986,2040,2059
2039,2048,2035,2025,2004,1989,2018,2051
2028,2026,2020,2015,2012,1998,2015,2052
2028,2026,2020,2017,2028,2026,2050,2068
2047,2052,2041,2038,2042,2045,2062,2068
2043,2057,2048,2041,2047,2042,2072,2067
2052,2053,2055,2044,2033,2056,2060,2058
2057,2056,2046,2041,2036,2075,2058,2053
2060,2057,2038,2034,2034,2060,2059,2047
2057,2052,2032,2036,2042,2048,2066,2041
2057,2052,2038,2043,2056,2065,2063,2029
2054,2052,2034,2049,2059,2061,2044,2023
2044,2041,2032,2050,2064,2057,2052,2018
2036,2033,2034,2047,2050,2053,2040,2020
2034,2031,2027,2043,2058,2062,2040,2021
2034,2038,2031,2054,2099,2080,2044,2022
2038,2043,2038,2060,2108,2079,2036,2020
2040,2048,2027,2051,2078,2047,2033,2005
2016,2028,2022,2035,2038,2022,2021,2005
2020,2027,2025,2034,2021,2053,2053,2031
2049,2047,2038,2051,2029,2080,2079,2029
2056,2051,2042,2048,2016,2095,2065,2024
2055,2052,2036,2049,2018,2100,2077,2030
2048,2057,2035,2044,2026,2097,2072,2029
2047,2054,2039,2042,2041,2078,2073,2041
2048,2057,2043,2055,2066,2054,2054,2040
2045,2057,2048,2054,2077,2048,2058,2046
2043,2061,2048,2056,2073,2074,2065,2050
2051,2064,2050,2053,2073,2094,2074,2062
2055,2066,2051,2051,2076,2117,2072,2066
2051,2058,2052,2052,2073,2133,2082,2075
2055,2058,2044,2054,2070,2151,2073,2078
2056,2050,2042,2055,2070,2114,2069,2075
2051,2049,2044,2049,2042,2031,2040,2059
2033,2031,2033,2028,2007,1979,2021,2060
2037,2027,2033,2022,1993,1973,2025,2076
2053,2059,2055,2033,1995,1981,2029,2078
2056,2060,2051,2032,2025,1967,2026,2078
2055,2061,2048,2023,2024,1952,2030,2064
2053,2053,2038,2006,1971,1954,2011,2058
2049,2056,2046,2030,1985,1980,2012,2059
2062,2062,2054,2058,2037,2014,2010,2050
2063,2063,2053,2060,2069,2041,2035,2051
2062,2057,2039,2053,2068,2060,2050,2040
2058,2055,2038,2048,2056,2068,2050,2040
2056,2051,2042,2043,2046,2071,2078,2037
2055,2054,2035,2044,2051,2085,2084,2033
2052,2046,2034,2046,2055,2094,2090,2027
2051,2044,2039,2048,2042,2094,2091,2023
2050,2048,2033,2042,2034,2081,2054,2010
2034,2027,2017,2026,2020,2058,2040,2008
2032,2028,2013,2025,2027,2059,2050,2019
2044,2048,2035,2046,2046,2059,2044,2021
2052,2050,2037,2045,2040,2060,2045,2020
2051,2047,2033,2048,2041,2052,2044,2024
2045,2050,2037,2052,2044,2052,2056,2028
2054,2053,2034,2052,2044,2054,2045,2031
2049,2054,2038,2051,2047,2036,2038,2038
2049,2053,2033,2051,2043,2027,2031,2044
2051,2045,2028,2050,2046,2032,2043,2050
2045,2055,2034,2051,2051,2040,2039,2055
2053,2055,2032,2053,2055,2042,2044,2067
2049,2057,2039,2058,2050,2038,2045,2073
2053,2050,2039,2055,2047,2041,2044,2073
2053,2048,2036,2057,2078,2034,2051,2078
2055,2046,2034,2056,2116,2037,2036,2074
2044,2028,2023,2046,2113,2020,2026,2066
2041,2026,2019,2041,2114,2024,2033,2073
2057,2043,2038,2053,2133,2036,2034,2077
2060,2053,2041,2058,2117,2041,2048,2072
2058,2049,2039,2048,2098,2031,2039,2065
2061,2046,2038,2045,2072,2023,2027,2064
2061,2051,2045,2048,2036,2026,2018,2047
2050,2048,2042,2036,1917,2017,2016,2039
2053,2055,2037,2037,1890,2014,2024,2040
2058,2053,2042,2038,1949,2035,2032,2036
2053,2049,2044,2043,1993,2062,2045,2038
2057,2056,2046,2047,2009,2087,2047,2037
2059,2056,2046,2045,2022,2121,2050,2040
2055,2057,2043,2043,2029,2114,2045,2031
2053,2055,2043,2042,2025,2089,2031,2034
2062,2055,2047,2048,2030,2065,2057,2033
2058,2039,2035,2035,2027,2044,2014,2018
2047,2034,2031,2039,2028,2025,2011,2019
2052,2052,2047,2052,2038,2033,2033,2032
2062,2059,2048,2048,2039,2033,2038,2029
2056,2056,2046,2047,2045,2024,2048,2035
2059,2054,2049,2053,2039,2026,2053,2040
2056,2052,2050,2054,2031,2027,2050,2039
2050,2055,2045,2047,2037,2033,2043,2043
2054,2058,2048,2046,2036,2043,2044,2045
2055,2051,2051,2050,2041,2056,2068,2048
2051,2053,2055,2051,2041,2053,2055,2057
2052,2047,2052,2052,2030,2042,2062,2067
2053,2041,2048,2039,2014,2052,2038,2065
2042,2043,2043,2046,2019,2052,2010,2065
2037,2041,2042,2043,2050,2053,2013,2066
2042,2042,2043,2050,2064,2054,2029,2066
2040,2028,2029,2039,2053,2043,2017,2061
2028,2026,2026,2035,2033,2040,2020,2072
2040,2046,2043,2041,2023,2046,2039,2073
2051,2052,2046,2040,2012,2037,2040,2068
2057,2044,2039,2031,1992,2042,2034,2063
2051,2040,2043,2028,2000,2058,2029,2058
2054,2052,2051,2046,2038,2059,2021,2057
2060,2057,2053,2053,2056,2050,2017,2048
2060,2059,2056,2052,2057,2055,2043,2059
2063,2048,2052,2050,2056,2035,2034,2035
2055,2049,2045,2038,2043,2017,2024,2026
2052,2039,2036,2038,2056,2030,2050,2020
2052,2043,2042,2058,2093,2058,2055,2021
2050,2037,2036,2057,2105,2072,2052,2012
2053,2036,2032,2059,2114,2087,2040,2017
2052,2039,2035,2060,2108,2072,2024,2023
2042,2022,2020,2040,2072,2058,2031,2007
2034,2016,2012,2037,2048,2050,2024,2012
2042,2033,2027,2044,2058,2058,2041,2020
2047,2029,2023,2030,2023,2056,2031,2023
2046,2035,2030,2028,2031,2054,2056,2029
2044,2036,2032,2046,2049,2064,2052,2039
2051,2033,2030,2052,2051,2067,2049,2046
2047,2029,2034,2049,2045,2056,2039,2049
2051,2038,2039,2050,2039,2049,2061,2058
2049,2037,2040,2050,2033,2047,2075,2062
2049,2035,2039,2053,2022,2037,2092,2072
2055,2035,2042,2044,2015,2037,2091,2069
2054,2033,2041,2028,1950,2015,2062,2073
2051,2024,2040,2022,1954,2013,2068,2068
2044,2026,2033,2026,2025,2041,2047,2070
2046,2023,2036,2034,2023,2043,2046,2047
2022,2003,2018,2025,1997,2028,2018,2042
2010,2002,2018,2036,2015,2027,2043,2053
2040,2038,2045,2062,2068,2045,2050,2062
2050,2041,2049,2071,2112,2085,2066,2064
2059,2050,2055,2064,2108,2111,2087,2059
2061,2052,2058,2046,2095,2102,2078,2061
2061,2058,2059,2056,2125,2099,2067,2058
2062,2060,2058,2064,2132,2101,2074,2048
2064,2058,2068,2065,2116,2091,2078,2051
2066,2066,2076,2066,2096,2097,2068,2048
2067,2065,2077,2054,2066,2088,2053,2036
2057,2061,2066,2043,2006,2069,2057,2026
2066,2045,2057,2032,1997,2071,2058,2031
2059,2039,2038,2019,1984,2056,2050,2022
2050,2039,2037,2012,1972,2041,2052,2006
2043,2038,2040,2014,2000,2031,2021,1998
2037,2016,2037,2006,1969,2016,2013,1992
2034,2018,2041,2005,2000,2051,2054,2020
2061,2041,2064,2029,2071,2102,2079,2033
2058,2047,2064,2038,2099,2107,2081,2034
2059,2058,2065,2040,2101,2107,2093,2045
2057,2055,2066,2056,2097,2107,2088,2044
2059,2051,2058,2046,2052,2105,2076,2045
2052,2044,2049,2035,1986,2068,2074,2041
2051,2042,2040,2022,1942,2017,2048,2036
2044,2038,2045,2015,1963,1956,2039,2038
2045,2035,2037,2031,2035,1925,2039,2054
2052,2046,2050,2059,2103,1946,2028,2074
2061,2048,2059,2085,2158,1998,2059,2073
2055,2047,2056,2085,2172,2048,2070,2079
2054,2042,2060,2076,2152,2077,2047,2079
2054,2041,2052,2065,2107,2093,2064,2065
2042,2029,2043,2044,2077,2093,2055,2068
2029,2018,2042,2049,2055,2098,2064,2072
2048,2038,2070,2077,2081,2113,2078,2076
2052,2043,2083,2079,2118,2126,2077,2075
2055,2043,2084,2075,2094,2114,2062,2066
2053,2040,2082,2073,2037,2088,2060,2057
2056,2043,2103,2090,2099,2085,2068,2051
2054,2037,2106,2106,2175,2087,2061,2044
2062,2037,2097,2098,2185,2076,2062,2036
2053,2030,2075,2082,2153,2088,2045,2029
2045,2019,2047,2081,2130,2102,2051,2037
2050,2015,2036,2071,2040,2072,2070,2034
2052,2021,2015,2049,1895,2042,2060,2040
2046,2011,1997,2040,1907,2045,2076,2042
2051,2020,1989,2047,1963,2029,2077,2042
2054,2024,1994,2058,1997,2009,2081,2036
2048,2019,1992,2048,1985,1990,2056,2024
2040,2027,1997,2049,2019,2014,2055,2024
2054,2041,2016,2062,2078,2035,2065,2021
2047,2040,2005,2042,2079,2024,2055,2005
2038,2032,1991,2005,2015,2014,2056,2004
2037,2034,1991,1974,1909,2006,2041,2010
2043,2047,2018,1963,1901,2012,2018,2018
2056,2062,2057,1989,1959,2045,2043,2027
2054,2068,2069,2005,2011,2058,2060,2040
2059,2061,2054,2000,2025,2057,2055,2049
2052,2053,2038,1997,2000,2036,2039,2057
2051,2048,2028,2006,1991,2032,2049,2063
2049,2046,2034,2023,2010,2028,2043,2065
2053,2043,2037,2027,2038,2023,2047,2062
2047,2042,2036,2026,2090,2027,2046,2073
2046,2034,2042,2024,2110,2018,2027,2065
2024,2014,2029,2001,2082,1999,2028,2050
2021,2015,2045,2009,2061,2017,2030,2055
2036,2044,2062,2027,2077,2040,2022,2058
2048,2053,2078,2039,2070,2057,2049,2069
2052,2070,2091,2042,2044,2087,2062,2074
2056,2063,2082,2025,2003,2076,2051,2061
2051,2058,2076,2006,1988,2072,2068,2052
2047,2058,2082,2014,1988,2076,2067,2053
2058,2057,2076,2028,2012,2100,2071,2054
2057,2057,2070,2027,2014,2068,2060,2040
2052,2052,2061,2027,2023,2055,2073,2046
2045,2050,2064,2033,2009,2056,2057,2035
2054,2050,2060,2033,2013,2062,2057,2032
2051,2047,2055,2033,2018,2080,2053,2011
2039,2044,2046,2035,2035,2104,2041,2017
2049,2046,2059,2064,2097,2094,2060,2013
2042,2033,2053,2058,2100,1975,2024,2014
2042,2037,2046,2035,2028,1931,2047,2026
2060,2062,2067,2043,1988,1989,2054,2038
2062,2060,2070,2017,1872,1987,2052,2038
2068,2055,2054,1984,1849,1988,2056,2032
2056,2049,2057,2004,1927,2021,2061,2039
2061,2050,2061,2050,2005,2051,2068,2053
2057,2056,2065,2065,2046,2070,2052,2057
2064,2059,2068,2071,2069,2064,2066,2057
2059,2058,2064,2066,2090,2050,2059,2059
2055,2058,2060,2059,2128,2043,2024,2056
2058,2053,2054,2048,2121,2067,2013,2049
2048,2052,2053,2034,2122,2091,2015,2057
2051,2055,2057,2043,2143,2108,2024,2062
2045,2056,2057,2044,2154,2127,2046,2066
2047,2049,2054,2033,2125,2110,2044,2067
2042,2034,2040,2014,2081,2050,2047,2075
2046,2047,2050,2022,2131,2038,2055,2081
2065,2067,2061,2034,2150,2070,2057,2083
2060,2064,2060,2034,2124,2076,2066,2072
2061,2062,2064,2033,2103,2068,2056,2068
2062,2054,2048,2033,2101,2052,2038,2066
2054,2049,2042,2030,2077,2046,2042,2063
2057,2048,2040,2016,2042,2036,2032,2055
2061,2051,2034,2010,1925,2033,2050,2053
2065,2058,2038,2011,1857,2041,2046,2046
2062,2054,2042,2040,1963,2033,2064,2040
2053,2049,2031,2056,2063,2030,2083,2047
2060,2041,2030,2067,2129,2056,2091,2047
2060,2039,2025,2063,2216,2074,2076,2033
2047,2030,2018,2047,2219,2074,2044,2027
2050,2032,2023,2041,2209,2068,2064,2016
2042,2016,2017,2022,2182,2042,2040,2006
2024,2015,2020,2014,2088,2042,2020,2011
2045,2036,2038,2024,1968,2044,2009,2016
2057,2045,2041,2019,1924,2040,2011,2012
2058,2047,2047,2028,1993,2048,2027,2018
2049,2048,2051,2037,2031,2014,2037,2036
2057,2056,2055,2044,2053,1986,2038,2048
2055,2062,2061,2052,2075,2005,2056,2065
2053,2063,2071,2063,2103,2029,2046,2058
2051,2059,2068,2052,2070,2059,2070,2061
2056,2058,2057,2034,1956,2101,2056,2071
2055,2053,2050,2022,1920,2133,2060,2066
2053,2051,2044,2012,1881,2136,2058,2074
2052,2050,2040,1992,1816,2108,2063,2090
2057,2057,2049,2019,1863,2032,2044,2110
2062,2060,2055,2037,1900,1982,2046,2112
2059,2061,2057,2040,1993,1999,2052,2095
2050,2055,2056,2072,2188,2081,2064,2086
2057,2063,2059,2099,2333,2120,2049,2067
2039,2043,2035,2055,2256,2070,2045,2048
2031,2022,2021,2029,2172,2038,2032,2042
2034,2029,2018,2036,2130,2019,2036,2037
2042,2032,2022,2038,2027,2004,2021,2037
2041,2031,2025,2027,2002,2025,2048,2024
2044,2033,2024,2027,2003,2029,2044,2023
2044,2030,2035,2009,1931,2004,2039,2017
2040,2038,2038,2004,1868,1993,2030,2016
2044,2038,2042,2004,1858,1981,2015,2018
2041,2027,2045,2016,1896,1958,2005,2008
2029,2031,2047,2036,1965,2000,2038,2009
2037,2041,2064,2066,2082,2076,2046,2025
2042,2060,2082,2090,2159,2120,2069,2031
2039,2047,2066,2075,2167,2111,2060,2029
2034,2040,2056,2062,2139,2089,2072,2024
2046,2050,2061,2057,2138,2088,2069,2034
2059,2050,2056,2057,2124,2071,2054,2036
2057,2043,2044,2038,2103,2048,2058,2040
2058,2044,2040,2047,2109,2054,2067,2038
2050,2044,2054,2069,2180,2081,2072,2041
2045,2039,2054,2097,2283,2103,2059,2046
2043,2037,2055,2104,2306,2102,2061,2053
2050,2040,2050,2092,2263,2088,2063,2061
2047,2039,2055,2085,2213,2060,2062,2064
2042,2040,2046,2069,2145,2003,2067,2057
2038,2039,2043,2057,2106,1986,2063,2058
2032,2033,2038,2038,2032,1992,2052,2061
2029,2032,2036,2011,1887,1983,2051,2062
2039,2036,2036,2011,1865,1978,2050,2070
2036,2019,2026,2013,1911,1964,2037,2059
2020,2007,2030,2018,1947,1961,2020,2064
2028,2021,2051,2035,1982,1968,2033,2073
2044,2038,2056,2041,2000,1978,2022,2074
2056,2042,2054,2037,2012,2007,2045,2073
2063,2060,2065,2059,2057,2049,2043,2074
2067,2069,2069,2072,2110,2077,2062,2060
2052,2063,2072,2090,2153,2122,2070,2052
2059,2061,2063,2095,2132,2096,2056,2042
2065,2057,2055,2091,2144,2058,2050,2034
2052,2042,2053,2106,2198,2069,2034,2038
2051,2037,2060,2121,2239,2095,2037,2029
2050,2046,2068,2127,2237,2103,2046,2029
2053,2053,2083,2128,2234,2105,2053,2034
2049,2045,2071,2106,2184,2074,2031,2040
2053,2044,2058,2071,2071,2040,2030,2036
2045,2050,2052,2043,2051,2015,2016,2027
2040,2040,2046,2044,2128,2018,2036,2023
2035,2040,2051,2041,2050,2025,2050,2037
2061,2058,2049,2024,1952,2031,2064,2041
2065,2057,2051,2054,2050,2050,2066,2043
2057,2059,2059,2077,2067,2046,2065,2034
2043,2045,2046,2060,1946,2041,2058,2034
2046,2050,2041,2054,1965,2082,2073,2042
2051,2047,2039,2049,1982,2079,2072,2052
2052,2050,2035,2030,1948,2068,2076,2051
2051,2045,2033,2032,1979,2066,2061,2060
2058,2047,2031,2038,2020,2058,2066,2067
2053,2052,2040,2035,2020,2042,2063,2074
2058,2051,2036,2023,2016,2030,2068,2081
2051,2054,2032,2011,1997,2036,2057,2083
2050,2054,2047,2024,1999,2040,2049,2088
2058,2045,2048,2024,1989,2028,2050,2083
2040,2033,2032,2021,1976,2006,2035,2084
2033,2028,2037,2022,1976,2016,2068,2094
2061,2054,2055,2028,1999,2008,2071,2089
2068,2057,2054,2027,2037,2013,2067,2080
2063,2056,2062,2027,2055,2030,2064,2068
2058,2051,2048,2026,2028,2038,2068,2060
2054,2051,2045,2027,2038,2054,2077,2056
2053,2048,2044,2037,2064,2067,2077,2055
2055,2059,2055,2051,2090,2069,2091,2048
2055,2062,2050,2057,2075,2061,2075,2033
2053,2063,2046,2063,2077,2076,2050,2017
2048,2044,2037,2071,2115,2111,2057,2013
2042,2030,2017,2069,2116,2136,2042,2010
2033,2014,2005,2050,2077,2113,2027,2007
2035,2009,2002,2035,2019,2072,2005,2006
2028,2011,2010,2027,2036,2030,2012,2007
2018,1997,2003,2028,2082,2022,2032,2014
2022,2006,2012,2027,2042,2010,2047,2025
2043,2024,2029,2030,2020,2008,2052,2029
2041,2030,2032,2048,2014,2035,2042,2008
2040,2026,2032,2052,1989,2056,2049,2024
2045,2041,2060,2076,1980,2073,2072,2044
2052,2043,2077,2078,1962,2064,2087,2048
2053,2049,2084,2073,1945,2051,2075,2057
2053,2050,2078,2051,1900,2024,2059,2063
2056,2046,2068,2045,1914,2015,2064,2060
2057,2045,2062,2040,1953,2012,2046,2066
2055,2047,2066,2048,1986,2028,2057,2074
2054,2047,2056,2057,2044,2047,2056,2069
2048,2039,2041,2064,2157,2085,2055,2072
2041,2044,2048,2103,2261,2115,2048,2072
2042,2047,2054,2119,2269,2115,2036,2078
2037,2023,2033,2082,2179,2097,2043,2077
2033,2015,2020,2032,2086,2065,2029,2074
2036,2040,2034,2018,2036,2072,2050,2054
2036,2043,2031,2014,2041,2098,2037,2054
2036,2050,2026,2013,2062,2128,2052,2061
2044,2048,2028,2006,2096,2140,2070,2071
2049,2045,2030,2006,2124,2106,2052,2071
2054,2049,2017,2017,2124,2059,2061,2065
2061,2040,2013,2018,2071,2032,2065,2063
2058,2044,2032,2018,2020,2018,2049,2056
2047,2050,2059,2034,2089,2040,2025,2045
2057,2065,2083,2061,2087,2065,2045,2046
2066,2073,2095,2053,2051,2077,2072,2042
2061,2075,2086,2035,2014,2104,2059,2040
2058,2074,2081,2025,1972,2109,2067,2024
2053,2066,2067,2018,1999,2098,2043,2014
2042,2044,2049,2006,2024,2109,2036,2011
2042,2051,2057,2040,2114,2125,2065,2035
2066,2071,2082,2094,2203,2095,2081,2046
2068,2074,2078,2105,2229,2079,2075,2042
2062,2067,2071,2097,2206,2062,2073,2035
2054,2053,2052,2078,2191,2116,2070,2028
2041,2051,2047,2071,2191,2152,2058,2029
2048,2054,2052,2055,2121,2138,2043,2034
2061,2051,2050,2029,2015,2068,2021,2040
2058,2049,2048,2019,2015,1981,2052,2056
2070,2069,2069,2056,2103,1950,2057,2083
2068,2073,2075,2034,1998,1937,2032,2086
2064,2072,2073,2031,1949,1967,2031,2074
2052,2056,2060,2058,2048,2011,2015,2060
2036,2034,2043,2084,2184,2023,2045,2048
2024,2029,2031,2075,2175,2000,2038,2040
2013,2003,2006,2023,2056,1967,2025,2037
2012,2007,2012,2012,1950,1947,2028,2051
2038,2032,2034,2032,1876,1977,2047,2069
2047,2046,2046,2031,1902,2018,2057,2068
2050,2054,2045,2035,1973,2051,2072,2056
2053,2054,2048,2043,2038,2062,2065,2055
2050,2057,2047,2056,2056,2057,2050,2052
2053,2050,2049,2048,2049,2049,2055,2044
2053,2049,2038,2047,2046,2045,2059,2036
2050,2050,2034,2045,2042,2039,2050,2034
2051,2040,2034,2038,1999,2034,2047,2034
2044,2033,2030,2022,1969,2021,2056,2026
2044,2034,2031,2034,2029,2041,2047,2020
2045,2042,2038,2057,2063,2061,2037,2015
2049,2037,2038,2055,2028,2058,2049,2014
2052,2040,2041,2058,2037,2062,2045,2011
2043,2025,2030,2053,2052,2070,2040,2014
2046,2031,2033,2052,2033,2070,2040,2022
2057,2055,2055,2072,2101,2100,2075,2039
2058,2059,2054,2076,2116,2098,2061,2042
2056,2051,2053,2078,2101,2095,2068,2037
2046,2036,2038,2075,2080,2086,2044,2031
2048,2030,2026,2063,2093,2078,2049,2031
2040,2023,2020,2052,2100,2045,2042,2034
2040,2025,2022,2029,2030,2014,2029,2039
2035,2021,2018,2009,1971,2008,2030,2043
2030,2021,2029,2015,1980,1987,2016,2058
2038,2034,2052,2030,2028,1951,2046,2064
2056,2057,2058,2046,2080,1970,2076,2077
2055,2054,2056,2047,2093,1995,2059,2082
2050,2046,2058,2047,2068,2038,2051,2087
2053,2046,2063,2042,1996,2041,2043,2082
2044,2037,2052,2015,1928,2016,2034,2058
2023,2024,2048,1996,1900,1999,2012,2049
2025,2031,2050,2008,1878,1976,2008,2061
2040,2043,2056,2036,1974,1960,2040,2071
2046,2057,2078,2073,2087,1991,2054,2076
2057,2057,2078,2074,2118,2012,2084,2073
2057,2060,2070,2074,2124,2039,2078,2070
2057,2060,2069,2077,2111,2044,2081,2053
2057,2057,2057,2075,2099,2056,2066,2045
2057,2052,2056,2064,2080,2051,2046,2035
2051,2043,2047,2057,2082,2065,2044,2030
2043,2038,2037,2056,2102,2083,2045,2034
2050,2042,2037,2050,2090,2087,2041,2023
2051,2043,2034,2044,2073,2080,2038,2016
2049,2037,2030,2030,2059,2077,2038,2014
2048,2041,2041,2047,2076,2100,2036,2006
2040,2043,2047,2050,2083,2113,2028,1995
2017,2030,2046,2049,2080,2145,2038,2005
2020,2039,2054,2057,2097,2152,2062,2022
2042,2055,2062,2059,2101,2076,2038,2019
2047,2054,2058,2062,2095,1987,2039,2028
2046,2051,2053,2060,2088,2010,2044,2031
2054,2048,2055,2064,2086,2046,2066,2043
2060,2058,2058,2066,2091,2049,2059,2046
2056,2050,2062,2063,2069,2032,2045,2041
2054,2050,2062,2061,2030,2007,2042,2040
2054,2057,2070,2066,2015,1997,2059,2044
2048,2059,2077,2059,1974,1987,2050,2044
2049,2062,2072,2054,1943,1998,2052,2052
2059,2063,2065,2053,1934,2008,2051,2053
2045,2053,2059,2049,1960,2020,2049,2054
2038,2050,2058,2067,2037,2046,2056,2067
2049,2056,2068,2085,2090,2057,2041,2058
2026,2031,2047,2065,2109,2060,2036,2065
2015,2032,2042,2061,2152,2076,2063,2070
2029,2052,2056,2069,2182,2079,2055,2060
2038,2052,2049,2055,2168,2072,2039,2058
2036,2052,2051,2041,2149,2062,2032,2058
2037,2052,2049,2045,2119,2050,2051,2047
2045,2044,2054,2032,2031,2039,2038,2038
2037,2043,2051,2024,1996,2042,2049,2036
2047,2049,2053,2042,2014,2040,2056,2043
2050,2059,2060,2045,2016,2034,2050,2038
2051,2055,2060,2040,2024,2042,2067,2041
2050,2054,2056,2044,2039,2062,2057,2036
2053,2057,2058,2047,2051,2057,2053,2031
2048,2054,2052,2038,2020,2017,2033,2021
2050,2047,2048,2035,2039,2008,2026,2023
2040,2051,2046,2055,2085,2026,2056,2019
2036,2028,2037,2064,2075,2019,2029,2012
2033,2023,2040,2050,2027,2015,2025,2010
2042,2045,2042,2065,2025,2023,2017,2009
2029,2036,2042,2067,2038,2015,2017,2022
2037,2037,2040,2063,2005,1999,2017,2014
2034,2030,2038,2054,1993,1974,2027,2029
2032,2034,2039,2058,2027,1960,2020,2032
2035,2039,2045,2079,2147,1998,2024,2043
2039,2048,2057,2096,2232,2042,2055,2054
2044,2053,2055,2087,2229,2059,2047,2058
2047,2059,2055,2081,2120,2066,2042,2054
2038,2054,2047,2052,1969,2069,2027,2045
2032,2039,2037,2034,1962,2074,1997,2047
2024,2041,2038,2044,2048,2078,2000,2047
2022,2032,2034,2049,2046,2088,2018,2052
2021,2035,2039,2052,2028,2108,2045,2058
2022,2033,2029,2038,2004,2091,2030,2056
2012,2013,2012,2017,1977,2067,2029,2062
2016,2011,2017,2018,1999,2082,2059,2068
2037,2037,2040,2039,2022,2052,2044,2068
2032,2048,2045,2048,2068,2046,2036,2062
2044,2049,2046,2059,2122,2059,2036,2066
2052,2054,2047,2072,2156,2077,2017,2066
2056,2055,2041,2070,2154,2097,2035,2046
2048,2051,2032,2072,2154,2099,2011,2038
2044,2054,2033,2070,2150,2098,2049,2032
2040,2054,2037,2067,2124,2090,2050,2026
2038,2052,2042,2059,2107,2077,2047,2027
2039,2048,2035,2050,2041,2050,2032,2021
2041,2050,2029,2016,1905,2029,2018,2020
2039,2053,2030,2027,1936,2048,2029,2021
2048,2055,2036,2035,1993,2073,2039,2036
2058,2052,2040,2042,2013,2066,2017,2026
2041,2033,2028,2032,2030,2060,2028,2022
2041,2037,2039,2044,2071,2055,2053,2036
2056,2068,2059,2074,2110,2053,2045,2041
2054,2067,2053,2075,2103,2056,2059,2036
2049,2058,2053,2064,2086,2061,2055,2032
2049,2053,2052,2062,2073,2065,2032,2037
2044,2051,2055,2063,2080,2065,2035,2034
2049,2054,2059,2065,2078,2062,2037,2049
2053,2054,2062,2069,2077,2053,2013,2053
2047,2058,2063,2067,2070,2016,2050,2060
2050,2054,2070,2067,2062,2004,2047,2068
2045,2046,2060,2063,2059,2014,2050,2075
2048,2044,2059,2058,2052,2010,2027,2078
2036,2040,2051,2058,2050,2013,2015,2085
2030,2033,2043,2050,2054,2018,2019,2086
2032,2040,2039,2054,2059,2027,2047,2082
2018,2019,2027,2044,2044,1996,2027,2065
2017,2024,2041,2048,2035,1996,2015,2070
2032,2050,2064,2064,2048,2009,2041,2073
2048,2062,2065,2061,2053,2027,2035,2077
2048,2057,2068,2061,2056,2041,2040,2068
2047,2062,2066,2063,2049,2062,2035,2055
2050,2061,2062,2056,2050,2053,2027,2049
2046,2053,2060,2061,2057,2072,2044,2042
2043,2055,2058,2067,2061,2090,2058,2038
2045,2058,2061,2068,2064,2108,2044,2033
2049,2056,2059,2067,2066,2117,2046,2037
2048,2053,2052,2063,2065,2110,2042,2039
2049,2052,2062,2070,2067,2046,2045,2043
2054,2055,2061,2069,2062,2017,2052,2042
2052,2059,2063,2065,2065,2023,2055,2038
2048,2060,2064,2070,2059,2015,2042,2027
2037,2044,2041,2060,2040,1999,2014,2017
2031,2040,2041,2047,2031,2006,2007,2021
2040,2061,2056,2059,2051,2026,2019,2022
2044,2059,2061,2062,2056,2033,2031,2029
2050,2063,2059,2064,2044,2033,2030,2035
2045,2056,2054,2058,2044,2031,2028,2034
2053,2059,2054,2061,2061,2038,2015,2044
2055,2064,2059,2065,2065,2038,2020,2047
2050,2066,2057,2068,2034,2046,2008,2051
2061,2069,2055,2077,2069,2055,2007,2055
2056,2064,2057,2071,2065,2053,2018,2063
2049,2057,2046,2063,2038,2041,1994,2061
2050,2046,2042,2058,2013,2035,2015,2062
2040,2039,2036,2056,2001,2022,2048,2059
2030,2036,2037,2042,1999,2008,2036,2058
2026,2042,2033,2026,2007,2022,2063,2060
2023,2033,2029,2051,2069,2059,2051,2058
2022,2033,2037,2061,2087,2074,2033,2062
2032,2051,2054,2072,2084,2091,2053,2072
2046,2054,2057,2078,2079,2094,2063,2074
2039,2053,2059,2074,2069,2084,2051,2065
2034,2050,2056,2070,2072,2077,2045,2055
2036,2056,2060,2078,2068,2068,2060,2042
2049,2059,2063,2075,2070,2052,2044,2034
2044,2057,2063,2072,2074,2046,2034,2027
2038,2054,2060,2075,2065,2041,2019,2032
2038,2053,2054,2068,2037,2034,2022,2017
2037,2045,2049,2062,2049,2010,2052,2023
2036,2045,2049,2068,2097,2007,2041,2028
2043,2053,2057,2086,2125,2024,2047,2024
2051,2062,2070,2095,2131,2038,2036,2027
2052,2066,2073,2096,2128,2034,2054,2025
2049,2061,2056,2075,2098,2021,2025,2013
2029,2036,2034,2065,2083,2030,2011,2015
2030,2037,2034,2076,2127,2060,2050,2032
2047,2053,2036,2063,1993,2057,2042,2034
2052,2054,2039,2054,1952,2056,2062,2034
2057,2063,2040,2060,1991,2050,2047,2039
2062,2064,2032,2058,1999,2052,2031,2044
2059,2055,2019,2048,1987,2039,2007,2046
2056,2058,2021,2050,1992,2039,2012,2054
2056,2053,2031,2046,1991,2029,2055,2044
2045,2056,2029,2047,2004,2041,2034,2047
2036,2054,2037,2054,2033,2058,2047,2053
2041,2053,2036,2066,2073,2075,2023,2065
2040,2051,2039,2072,2098,2092,2059,2068
2047,2048,2038,2071,2103,2106,2074,2061
2042,2038,2027,2066,2097,2094,2067,2062
2041,2038,2028,2060,2065,2069,2066,2056
2031,2032,2019,2043,2044,2041,2048,2064
2030,2034,2022,2049,2041,2028,2072,2071
2049,2062,2038,2063,2046,2021,2059,2069
2054,2069,2046,2071,2044,2022,2057,2064
2059,2077,2055,2068,2044,2015,2057,2060
2054,2075,2052,2060,2039,2023,2033,2054
2057,2078,2047,2057,2042,2026,2025,2045
2059,2074,2039,2064,2058,2034,2068,2044
2056,2073,2044,2060,2079,2033,2066,2039
2061,2072,2040,2044,2053,2025,2052,2036
2056,2071,2037,2034,2016,2034,2048,2027
2058,2064,2042,2044,2040,2051,2055,2021
2041,2060,2043,2046,2051,2028,2040,2011
2038,2051,2042,2033,2040,2025,2046,2016
2040,2055,2063,2039,2035,2038,2059,2013
2040,2057,2073,2035,2022,2037,2043,1994
2016,2033,2045,2026,2019,2042,2021,1992
2011,2025,2038,2042,2054,2068,2038,2016
2036,2048,2051,2051,2037,2079,2065,2031
2036,2045,2054,2032,2023,2060,2055,2033
2038,2047,2065,2034,2056,2057,2064,2034
2036,2049,2063,2043,2075,2057,2057,2034
2038,2046,2070,2050,2102,2065,2085,2045
2042,2047,2075,2060,2121,2068,2081,2055
2041,2046,2069,2060,2110,2065,2079,2055
2037,2047,2058,2060,2089,2056,2079,2061
2047,2051,2060,2057,2077,2059,2082,2061
2049,2047,2050,2057,2075,2062,2086,2066
2045,2049,2051,2058,2064,2044,2054,2063
2037,2045,2051,2059,2060,2034,2052,2062
2039,2053,2054,2060,2052,2018,2040,2057
2037,2046,2044,2056,2034,1985,2011,2039
2014,2030,2030,2037,2004,1960,2001,2044
2017,2036,2040,2038,2015,1973,2020,2060
2038,2057,2058,2057,2019,1991,2034,2060
2040,2054,2060,2060,2016,2003,2042,2063
2039,2050,2060,2059,2016,2007,2044,2057
2045,2050,2053,2056,2007,2022,2063,2058
2047,2053,2058,2058,1990,2036,2047,2047
2046,2061,2061,2056,1995,2054,2046,2034
2043,2059,2056,2047,1975,2081,2071,2027
2037,2059,2052,2041,1969,2104,2066,2025
2034,2055,2048,2041,1981,2101,2052,2011
2029,2041,2041,2048,2027,2093,2049,2006
2031,2040,2044,2058,2056,2041,2059,2016
2043,2041,2050,2064,2068,1999,2053,2025
2048,2045,2052,2069,2092,2016,2042,2031
2052,2053,2060,2080,2131,2043,2054,2017
2034,2042,2047,2069,2137,2054,2039,2007
2036,2034,2048,2064,2125,2081,2064,2014
2044,2054,2069,2076,2106,2097,2065,2024
2044,2054,2065,2064,2064,2080,2067,2021
2040,2054,2064,2058,2023,2052,2047,2023
2054,2058,2060,2060,2004,2059,2061,2018
2051,2057,2058,2065,2027,2107,2068,2019
2043,2063,2056,2088,2116,2166,2081,2034
2042,2061,2059,2101,2125,2136,2064,2034
2042,2059,2065,2098,2125,2030,2055,2037
2045,2061,2095,2101,2123,1918,2044,2050
2046,2062,2106,2095,2105,1937,2057,2062
2039,2056,2095,2078,2087,1978,2053,2058
2042,2053,2076,2067,1995,1982,2048,2060
2039,2044,2069,2056,1943,1981,2050,2060
2037,2046,2064,2048,1948,1955,2029,2058
2025,2035,2043,2053,1978,1941,2021,2059
2030,2037,2046,2061,2053,1972,2042,2072
2044,2060,2054,2082,2065,1994,2040,2062
2038,2063,2045,2079,2044,2007,2035,2060
2042,2061,2041,2088,2022,2020,2039,2059
2052,2066,2045,2090,2057,1990,2047,2060
2061,2069,2045,2099,2091,1980,2046,2054
2057,2063,2031,2080,2137,2007,2040,2038
2056,2057,2014,2060,2133,2050,2045,2032
2048,2050,2009,2044,2163,2104,2068,2022
2046,2051,2007,2033,2175,2144,2053,2014
2048,2055,2018,2032,2171,2174,2052,2012
2047,2051,2012,2014,2140,2142,2048,2024
2049,2048,2005,1992,2071,2095,2063,2028
2052,2055,2010,1989,1984,2065,2072,2030
2058,2046,2028,1994,1931,2019,2039,2027
2037,2033,2022,1996,1932,2009,2030,2024
2037,2035,2033,2024,1998,2050,2070,2041
2050,2055,2062,2046,2041,2066,2067,2038
2043,2045,2062,2044,2064,2057,2046,2031
2039,2040,2061,2042,2062,2045,2048,2024
2038,2042,2058,2037,2020,2054,2034,2030
2034,2044,2054,2034,2009,2064,2019,2029
2033,2040,2052,2034,2015,2080,2061,2035
2031,2048,2054,2031,2019,2090,2060,2052
2051,2051,2065,2049,2043,2055,2074,2064
2050,2058,2063,2058,2062,2045,2074,2074
2049,2059,2068,2061,2066,2065,2073,2068
2042,2054,2064,2063,2084,2068,2054,2069
2041,2051,2060,2061,2072,2050,2066,2072
2047,2051,2057,2051,2034,2028,2053,2066
2045,2048,2049,2047,2028,2020,2037,2056
2026,2030,2035,2042,2033,2032,2043,2058
2029,2028,2033,2062,2076,2068,2049,2072
2046,2062,2061,2078,2090,2081,2052,2073
2053,2070,2072,2082,2095,2053,2048,2066
2056,2069,2067,2070,2064,2016,2036,2064
2051,2066,2060,2068,2079,2022,2033,2060
2048,2064,2063,2061,2023,2029,2057,2059
2042,2064,2053,2027,1939,2018,2034,2044
2040,2057,2046,2023,1956,2031,2034,2039
2041,2056,2044,2008,1931,2032,2048,2028
2041,2056,2052,2018,2004,2039,2056,2031
2045,2055,2052,2032,2026,2038,2066,2038
2046,2057,2051,2035,1963,2015,2058,2027
2045,2052,2057,2036,1968,1976,2030,2023
2048,2058,2069,2057,2053,1987,2044,2027
2051,2068,2087,2090,2125,2022,2028,2024
2042,2051,2081,2092,2188,2055,2036,2028
2047,2046,2074,2099,2230,2113,2074,2040
2062,2065,2079,2107,2240,2137,2090,2034
2051,2052,2063,2085,2208,2120,2075,2029
2043,2047,2063,2076,2098,2086,2055,2032
2044,2052,2063,2049,1971,2052,2057,2040
2052,2058,2056,2047,1959,2035,2047,2049
2055,2056,2050,2059,1976,2025,2050,2039
2051,2057,2050,2071,1998,2032,2055,2047
2061,2061,2045,2072,2036,2053,2054,2053
2047,2054,2041,2073,2049,2053,2068,2060
2051,2054,2037,2068,2042,2057,2053,2059
2043,2039,2022,2062,2034,2057,2057,2062
2038,2033,1998,2040,2025,2051,2042,2057
2038,2022,1991,2027,2024,2052,2025,2065
2039,2027,1995,2026,2027,2064,2057,2061
2029,2029,1992,2010,2012,2067,2046,2059
2023,2017,1983,2006,2024,2092,2048,2070
2027,2016,1994,2018,2048,2112,2066,2088
2051,2041,1999,2029,2050,2109,2060,2079
2043,2046,2007,2028,2038,2070,2064,2068
2043,2042,2009,2026,2042,2007,2052,2064
2044,2045,2014,2039,2056,1988,2028,2058
2052,2048,2022,2042,2056,2006,2029,2054
2046,2050,2044,2058,2069,2028,2047,2042
2045,2052,2060,2068,2086,2041,2071,2035
2039,2048,2068,2076,2074,2047,2061,2026
2043,2043,2066,2081,2083,2039,2039,2034
2045,2040,2062,2086,2073,2030,2045,2036
2052,2048,2066,2094,2075,2026,2026,2036
2056,2056,2056,2098,2084,2030,2026,2036
2056,2061,2050,2104,2076,2038,2028,2033
2058,2064,2050,2102,2038,2046,2031,2031
2050,2050,2029,2078,1984,2044,2051,2029
2045,2038,2020,2068,2008,2042,2033,2023
2053,2050,2030,2077,2041,2044,2049,2033
2069,2057,2025,2084,2049,2043,2049,2031
2064,2058,2030,2077,2048,2038,2039,2039
2065,2064,2026,2069,2048,2044,2036,2044
2073,2074,2033,2065,2046,2033,2050,2039
2074,2063,2030,2051,2046,2025,2052,2043
2062,2054,2022,2042,2035,2029,2056,2050
2057,2040,2014,2030,2029,2036,2056,2048
2057,2040,2019,2028,2036,2034,2036,2061
2060,2044,2023,2022,2027,2040,2048,2066
2043,2030,2026,1998,2009,2034,2037,2070
2039,2020,2037,1978,1992,2023,2035,2074
2033,2027,2044,1979,1987,2017,2029,2079
2048,2056,2088,2002,1991,2014,2028,2078
2055,2071,2104,1998,1975,2004,2030,2077
2041,2055,2087,1995,1960,1993,2030,2076
2034,2055,2094,2006,1948,1995,2029,2088
2053,2064,2093,2006,1909,1987,2034,2078
2055,2069,2096,2013,1934,2010,2040,2075
2059,2078,2103,2040,1942,2027,2049,2062
2053,2067,2089,2038,1912,2046,2049,2060
2045,2075,2089,2063,1971,2075,2035,2056
2046,2075,2087,2082,2045,2093,2046,2050
2053,2078,2083,2079,2049,2081,2043,2051
2059,2083,2083,2074,2050,2080,2046,2051
2055,2072,2072,2049,2079,2059,2053,2035
2047,2068,2070,2054,2098,2054,2049,2041
2047,2070,2074,2062,2116,2055,2032,2035
2042,2061,2062,2051,2107,2042,2041,2036
2045,2059,2058,2050,2083,2037,2022,2033
2054,2064,2057,2055,2061,2032,2001,2030
2044,2056,2055,2054,2042,2032,2028,2026
2040,2056,2056,2053,2041,2041,2017,2039
2052,2069,2063,2062,2044,2058,2047,2049
2057,2065,2060,2061,2052,2062,2040,2039
2051,2062,2073,2064,2058,2056,2031,2036
2053,2062,2079,2069,2066,2057,2050,2043
2053,2058,2080,2068,2066,2058,2055,2050
2056,2054,2060,2070,2067,2065,2046,2054
2057,2052,2056,2059,2073,2060,2033,2056
2049,2049,2047,2064,2073,2065,2050,2060
2048,2048,2044,2074,2076,2065,2054,2062
2049,2045,2045,2082,2069,2062,2032,2068
2041,2042,2027,2078,2061,2050,2038,2072
2038,2036,2022,2072,2052,2044,2045,2071
2040,2033,2015,2073,2060,2047,2033,2074
2031,2035,2014,2062,2052,2037,2032,2070
2033,2017,1992,2039,2024,2023,2003,2065
2015,2007,1979,2012,2018,2020,2002,2066
2022,2027,2000,2017,2027,2047,2030,2072
2035,2040,2019,2035,2025,2066,2028,2075
2038,2044,2032,2051,2027,2070,2043,2072
2046,2047,2035,2052,2015,2072,2044,2071
2046,2045,2032,2044,2025,2072,2050,2070
2052,2056,2038,2042,2025,2077,2052,2065
2060,2062,2052,2043,2032,2086,2061,2067
2069,2078,2082,2060,2024,2083,2072,2064
2064,2075,2107,2077,2008,2080,2062,2058
2062,2073,2115,2080,2032,2067,2064,2054
2052,2075,2116,2064,1997,2066,2069,2034
2053,2073,2116,2060,1980,2062,2057,2025
2044,2074,2106,2059,1967,2063,2037,2028
2056,2072,2090,2064,1949,2037,2026,2027
2051,2070,2068,2051,1929,1964,2016,2024
2029,2039,2042,2056,1988,1942,2013,2028
2031,2043,2044,2103,2143,2024,2038,2040
2058,2057,2047,2127,2219,2094,2050,2050
2052,2055,2031,2132,2208,2117,2050,2048
2054,2049,2013,2116,2157,2099,2040,2053
2053,2041,2002,2107,2113,2092,2049,2051
2046,2034,1991,2075,2061,2056,2049,2054
2043,2034,1979,2047,2014,2011,2037,2066
2044,2032,1973,2027,1997,2010,2043,2065
2039,2031,1969,2022,2008,2012,2050,2074
2041,2029,1967,2015,1999,2008,2051,2070
2053,2028,1971,2016,2025,2038,2064,2080
2052,2026,1982,2028,2065,2030,2053,2084
2050,2030,1991,2045,2078,2006,2043,2093
2052,2031,1995,2057,2082,2025,2034,2097
2054,2020,1985,2049,2071,2025,2026,2084
2028,1997,1970,2031,2036,2026,2019,2079
2027,1996,1977,2033,2045,2042,2039,2086
2044,2042,2010,2055,2060,2055,2055,2086
2053,2060,2040,2059,2060,2061,2053,2086
2061,2071,2049,2061,2060,2057,2054,2086
2059,2072,2057,2056,2051,2052,2033,2076
2048,2060,2046,2043,2042,2048,2023,2069
2053,2061,2038,2041,2040,2049,2043,2061
2055,2065,2030,2035,2043,2041,2046,2065
2044,2057,2033,2029,2039,2013,2040,2053
2049,2061,2041,2025,2014,2011,2048,2049
2060,2059,2052,2010,2008,2009,2057,2050
2052,2067,2083,2008,2017,2023,2052,2049
2061,2075,2106,2021,2023,2032,2043,2052
2063,2075,2113,2020,2033,2036,2041,2056
2061,2075,2105,2028,2042,2036,2033,2040
2050,2060,2083,2033,2030,2025,2039,2034
2052,2057,2084,2041,2024,2042,2032,2040
2056,2073,2098,2061,2045,2065,2026,2047
2059,2077,2111,2075,2050,2084,2052,2052
2068,2084,2127,2092,2054,2087,2050,2060
2081,2082,2128,2104,2058,2089,2056,2063
2077,2076,2121,2105,2054,2057,2044,2065
2075,2069,2119,2123,2086,2040,2055,2072
2072,2070,2123,2128,2108,2057,2058,2064
2066,2068,2113,2116,2086,2072,2062,2063
2052,2061,2093,2094,2068,2048,2040,2055
2044,2047,2062,2064,2019,2020,2033,2062
2042,2041,2041,2048,1947,1990,2019,2070
2041,2044,2038,2067,1978,1968,2036,2090
2046,2052,2037,2082,2057,2000,2058,2098
2051,2055,2030,2091,2116,2042,2054,2101
2037,2040,2012,2071,2108,2067,2038,2090
2034,2036,2017,2085,2116,2071,2068,2092
2044,2044,2027,2083,2085,2051,2035,2087
2041,2040,2024,2074,2082,2051,2046,2076
2040,2031,2016,2067,2075,2060,2037,2071
2040,2030,2021,2054,2027,2054,2033,2060
2045,2037,2025,2041,1996,2043,2050,2059
2050,2051,2039,2051,2004,2043,2054,2050
2060,2058,2056,2073,2035,2050,2066,2046
2064,2064,2062,2086,2054,2049,2039,2038
2064,2062,2063,2090,2069,2055,2039,2033
2060,2057,2074,2094,2058,2056,2069,2038
2063,2064,2077,2095,2062,2059,2070,2037
2058,2060,2062,2086,2054,2051,2075,2035
2057,2053,2048,2072,2050,2042,2068,2037
2051,2042,2027,2035,2029,2035,2055,2022
2036,2028,2000,1988,1996,2032,2041,2022
2042,2026,2000,1985,2018,2049,2062,2032
2058,2056,2021,1990,2018,2054,2045,2042
2068,2074,2035,1990,2021,2053,2071,2050
2067,2078,2039,1995,2026,2063,2070,2062
2074,2073,2039,1981,2018,2058,2084,2065
2068,2068,2034,1967,2028,2029,2058,2065
2059,2060,2054,1986,2033,2011,2037,2064
2055,2069,2078,2004,2018,2000,2028,2059
2050,2069,2091,2018,2027,1998,2041,2058
2051,2066,2096,2023,2051,2005,2008,2060
2045,2063,2098,2042,2090,2020,2019,2078
2061,2070,2108,2065,2106,2045,2052,2094
2060,2068,2105,2072,2028,2067,2068,2099
2058,2060,2093,2056,1956,2075,2081,2092
2049,2054,2080,2053,1977,2064,2054,2080
2037,2033,2064,2045,2009,2040,2036,2079
2036,2036,2060,2058,2054,2046,2048,2082
2055,2054,2084,2073,2060,2033,2032,2081
2051,2056,2080,2068,2056,2028,2035,2068
2053,2046,2068,2065,2064,2027,2050,2067
2044,2044,2056,2059,2048,2029,2049,2061
2059,2041,2046,2058,2039,2033,2052,2055
2056,2045,2050,2065,2023,2030,2060,2046
2058,2051,2047,2072,2038,2045,2058,2044
2065,2056,2048,2082,2037,2041,2068,2037
2059,2048,2028,2075,2023,2037,2052,2037
2055,2035,2008,2060,2010,2029,2034,2027
2042,2028,1997,2058,2004,2027,2031,2028
2042,2020,1989,2037,1991,2048,2014,2030
2044,2025,1999,2028,2007,2075,2030,2025
2044,2031,2010,2029,2044,2084,2036,2021
2028,2024,2007,2029,2046,2080,2047,2029
2031,2028,2031,2043,2053,2092,2081,2044
2055,2059,2080,2065,2070,2099,2076,2044
2057,2060,2088,2066,2062,2084,2059,2039
2052,2051,2086,2059,2038,2072,2047,2048
2052,2041,2080,2062,2025,2064,2048,2048
2056,2039,2084,2068,2056,2070,2056,2057
2053,2049,2087,2083,2084,2078,2068,2072
2066,2057,2088,2089,2088,2071,2068,2086
2072,2062,2078,2086,2080,2073,2074,2086
2072,2061,2066,2093,2103,2078,2073,2090
2070,2056,2065,2103,2113,2080,2057,2089
2062,2054,2053,2097,2094,2080,2073,2090
2057,2053,2045,2087,2071,2093,2066,2081
2045,2049,2035,2084,2057,2091,2050,2078
2048,2046,2033,2067,2040,2074,2028,2066
2030,2028,2015,2041,2004,2034,2026,2070
2032,2030,2008,2049,1997,1981,2034,2086
2056,2050,2016,2054,2001,1970,2047,2091
2058,2047,2007,2038,1986,1968,2046,2084
2056,2052,1996,2030,2024,1981,2031,2074
2050,2048,1999,2017,2045,2005,2038,2065
2056,2057,2005,2017,2036,2023,2040,2063
2052,2050,2018,1999,2039,2053,2035,2053
2058,2047,2029,1993,2038,2068,2050,2058
2056,2045,2038,1988,1984,2058,2074,2047
2052,2045,2047,2001,1984,2057,2062,2047
2054,2049,2058,2005,1979,2062,2046,2043
2054,2050,2055,2017,1979,2072,2058,2049
2053,2041,2053,2041,2015,2085,2063,2045
2050,2045,2056,2060,2026,2082,2055,2046
2060,2048,2062,2066,2051,2066,2048,2035
2048,2040,2058,2058,2053,2041,2035,2030
2045,2039,2054,2053,2083,2036,2043,2052
2059,2060,2058,2078,2084,2041,2046,2054
2062,2057,2068,2067,1934,2046,2043,2059
2066,2063,2067,2064,1922,2035,2061,2064
2070,2065,2063,2069,1966,2018,2052,2057
2065,2062,2067,2078,2021,2017,2055,2050
2054,2056,2055,2085,2059,2025,2031,2057
2059,2061,2054,2083,2074,2040,2066,2068
2056,2057,2049,2068,2076,2066,2069,2079
2058,2055,2043,2055,2069,2069,2066,2085
2053,2048,2036,2056,2074,2042,2048,2089
2046,2046,2025,2061,2066,1988,2030,2079
2043,2041,2029,2067,2076,1998,2051,2083
2042,2035,2024,2073,2082,2047,2068,2081
2056,2039,2017,2082,2084,2092,2047,2081
2037,2021,2011,2074,2064,2099,2070,2080
2036,2029,2031,2080,2048,2084,2058,2082
2051,2042,2041,2091,2041,2064,2043,2080
2051,2033,2042,2086,2027,2052,2045,2069
2057,2035,2027,2080,2031,2043,2040,2069
2049,2039,2016,2075,2027,2050,2028,2064
2053,2033,2006,2066,2016,2051,2048,2060
2057,2037,1993,2057,2018,2044,2051,2054
2057,2037,1983,2069,2026,2044,2042,2042
2051,2030,1983,2078,2034,2044,2036,2034
2042,2024,1978,2050,2028,2043,2033,2031
2036,2012,1964,1982,2002,2040,2044,2024
2033,2010,1965,1938,1969,2032,2032,2024
2034,2014,1983,1932,1961,2026,2045,2019
2040,2022,2016,1945,1954,2024,2047,2021
2038,2036,2044,1969,1964,2021,2040,2013
2028,2026,2048,1975,1972,2018,2021,2023
2029,2030,2053,1985,1975,2030,2043,2036
2050,2056,2068,2001,1995,2038,2055,2043
2056,2069,2076,2012,2009,2045,2067,2048
2067,2073,2079,2021,2049,2064,2076,2059
2074,2077,2083,2029,2052,2083,2055,2053
2069,2083,2098,2034,2034,2103,2063,2047
2071,2077,2090,2021,2001,2100,2063,2044
2056,2073,2074,2017,1972,2086,2063,2054
2055,2064,2062,2010,1953,2038,2059,2067
2058,2067,2059,2017,1995,1994,2055,2087
2066,2068,2052,2042,2041,2008,2075,2096
2063,2056,2046,2043,2027,2049,2075,2085
2057,2047,2043,2019,1970,2061,2064,2083
2040,2050,2062,2013,1953,2048,2047,2075
2035,2050,2077,2009,1940,2036,2048,2081
2038,2050,2060,1993,1897,1972,2035,2080
2027,2030,2046,1996,1936,1940,2042,2084
2030,2038,2062,2035,2045,2014,2090,2095
2064,2071,2080,2064,2096,2079,2095,2099
2069,2071,2072,2052,2107,2094,2089,2081
2057,2055,2046,2045,2098,2086,2073,2076
2055,2046,2030,2040,2069,2067,2068,2070
2057,2043,2018,2040,2052,2035,2063,2067
2050,2037,2006,2059,2082,2048,2051,2060
2053,2035,1997,2080,2122,2068,2057,2055
2047,2036,1991,2083,2115,2076,2069,2045
2046,2021,1986,2097,2111,2081,2070,2033
2044,2019,1984,2098,2099,2069,2058,2024
2042,2015,1971,2109,2091,2064,2065,2028
2031,2007,1959,2121,2091,2067,2054,2025
2040,2016,1956,2160,2100,2079,2067,2029
2046,2022,1977,2195,2112,2081,2064,2026
2033,2021,1983,2205,2100,2069,2065,2018
2024,2016,1985,2203,2088,2069,2060,2023
2037,2042,1999,2206,2099,2087,2081,2045
2054,2047,2014,2204,2084,2075,2082,2039
2057,2041,2015,2182,2075,2060,2062,2030
2050,2037,2033,2159,2063,2036,2053,2030
2038,2040,2043,2132,2062,2029,2055,2036
2039,2039,2049,2114,2052,2033,2060,2046
2042,2056,2078,2092,2043,2038,2057,2059
2051,2077,2112,2059,2041,2045,2059,2060
2060,2083,2127,2020,2055,2048,2064,2078
2058,2087,2119,1972,2056,2050,2054,2085
2058,2056,2084,1926,2043,2041,2059,2081
2047,2051,2079,1900,2029,2024,2047,2092
2051,2060,2097,1911,2033,2031,2053,2095
2051,2073,2126,1935,2030,2033,2039,2098
2048,2076,2129,1930,2007,2040,2046,2092
2047,2060,2120,1940,2000,2058,2050,2095
2045,2067,2107,1946,1997,2056,2060,2101
2059,2070,2088,1960,2000,2050,2049,2096
2057,2063,2075,1982,2024,2056,2063,2102
2068,2071,2083,2007,2058,2069,2069,2100
2067,2073,2087,2026,2075,2086,2070,2100
2073,2069,2083,2031,2061,2086,2077,2087
2065,2064,2075,2026,2028,2064,2064,2079
2068,2067,2076,2033,2028,2065,2068,2069
2064,2064,2081,2038,2018,2068,2067,2060
2068,2064,2079,2040,2030,2054,2066,2063
2070,2072,2081,2031,2015,2051,2058,2054
2063,2073,2082,2037,2030,2062,2055,2052
2069,2067,2077,2045,2035,2072,2071,2051
2065,2063,2069,2039,2041,2073,2073,2045
2064,2064,2064,2042,2045,2074,2075,2047
2064,2052,2059,2039,2044,2068,2064,2037
2046,2034,2049,2036,2032,2061,2040,2032
2042,2043,2061,2050,2031,2061,2052,2035
2052,2054,2083,2063,2065,2064,2056,2038
2048,2052,2090,2070,2083,2070,2038,2040
2046,2056,2082,2062,2045,2022,2041,2038
2047,2046,2077,2048,1993,1986,2049,2040
2045,2043,2069,2037,1970,1982,2025,2047
2055,2050,2076,2044,1976,1962,2033,2055
2057,2064,2070,2063,2030,1938,2048,2065
2062,2056,2063,2072,2075,1975,2039,2064
2050,2056,2069,2092,2152,2036,2046,2070
2053,2059,2077,2112,2206,2078,2062,2070
2053,2054,2066,2100,2175,2077,2062,2072
2050,2046,2058,2086,2133,2073,2064,2080
2046,2047,2049,2087,2140,2071,2067,2082
2048,2042,2044,2072,2136,2071,2053,2081
2041,2023,2030,2065,2108,2054,2047,2071
2028,2011,2033,2061,2072,2056,2027,2074
2042,2031,2049,2047,1990,2061,2031,2076
2045,2032,2050,2026,1909,2049,2032,2077
2049,2036,2040,2027,1957,2053,2038,2067
2049,2036,2035,2037,2004,2060,2052,2066
2051,2039,2038,2043,2016,2071,2056,2058
2050,2040,2038,2035,1981,2060,2046,2057
2047,2033,2027,2028,2001,2046,2043,2046
2055,2035,2010,2021,1985,2037,2021,2051
2055,2036,2000,2013,1980,2049,2023,2043
2050,2038,1993,2020,1992,2065,2024,2041
2058,2042,2007,2030,2009,2077,2023,2040
2056,2043,2019,2044,2029,2069,2011,2035
2048,2040,2016,2042,2008,2046,2017,2016
2040,2034,2007,2028,2017,2028,2016,2014
2038,2034,2020,2048,2067,2036,2025,2008
2024,2017,2025,2046,2070,2041,2024,2014
2029,2024,2043,2043,2073,2050,2042,2036
2050,2054,2070,2056,2076,2057,2046,2042
2058,2058,2077,2058,2074,2053,2042,2044
2057,2054,2072,2057,2078,2038,2044,2042
2053,2057,2071,2053,2092,2034,2057,2050
2059,2058,2069,2064,2103,2041,2035,2070
2062,2056,2066,2071,2108,2054,2037,2078
2058,2055,2065,2050,2065,2044,2029,2071
2051,2044,2040,2025,1956,2019,2012,2081
2051,2036,2031,2013,1950,2006,2027,2088
2052,2042,2040,2025,1988,2029,2045,2092
2059,2052,2054,2053,1998,2037,2063,2095
2055,2051,2054,2049,2013,2048,2050,2094
2060,2045,2048,2039,2025,2052,2060,2094
2056,2044,2046,2037,2044,2043,2071,2083
2044,2025,2035,2011,2027,2024,2046,2074
2040,2025,2028,2013,1992,2019,2054,2081
2045,2041,2050,2020,2001,2050,2062,2084
2058,2046,2046,2027,2017,2066,2063,2081
2058,2039,2038,2032,2010,2078,2076,2076
2053,2041,2034,2031,2030,2078,2083,2074
2056,2046,2038,2054,2044,2091,2085,2048
2059,2053,2048,2072,2049,2080,2050,2045
2062,2057,2056,2077,2038,2055,2034,2035
2055,2043,2055,2079,2030,2038,2009,2032
2052,2034,2049,2084,2027,2051,2020,2030
2050,2030,2045,2089,2033,2046,2005,2027
2059,2037,2037,2092,2029,2034,2044,2032
2057,2041,2030,2095,2046,2030,2021,2018
2055,2043,2037,2099,2057,2029,2039,2019
2054,2042,2034,2090,2044,2026,2050,2019
2047,2028,2000,2057,2024,2025,2025,2011
2030,2013,1988,2040,2026,2036,2032,2005
2028,2030,1991,2058,2054,2066,2052,2017
2042,2043,1991,2063,2045,2070,2065,2025
2048,2035,1980,2060,2040,2026,2060,2031
2045,2024,1968,2047,2020,1999,2031,2032
2036,2016,1964,2025,2005,1998,2032,2048
2045,2038,2003,2039,2009,2017,2044,2051
2051,2053,2050,2064,2023,2038,2051,2049
2059,2056,2054,2063,2037,2057,2050,2052
2056,2060,2054,2055,2037,2060,2036,2054
2046,2057,2050,2040,2031,2057,2064,2061
2047,2054,2037,2025,2018,2065,2063,2075
2055,2044,2023,2026,2003,2062,2049,2082
2055,2040,2011,2042,2003,2061,2047,2087
2053,2032,2015,2058,2031,2063,2061,2094
2052,2018,2014,2049,2072,2058,2041,2087
2037,2009,2016,2048,2064,2056,2040,2087
2041,2021,2038,2054,2047,2056,2050,2097
2060,2050,2056,2053,2036,2052,2060,2094
2056,2049,2056,2049,2040,2049,2040,2082
2056,2048,2073,2063,2069,2053,2037,2073
2057,2061,2090,2069,2085,2065,2034,2068
2065,2074,2105,2074,2091,2072,2037,2068
2073,2083,2111,2089,2104,2081,2042,2066
2073,2079,2116,2107,2098,2081,2071,2056
2076,2069,2104,2100,2109,2088,2069,2048
2071,2067,2089,2093,2118,2086,2077,2037
2065,2059,2084,2082,2109,2078,2073,2038
2065,2063,2090,2069,2090,2055,2072,2036
2064,2061,2090,2042,2068,2037,2059,2034
2060,2064,2082,2023,2039,2027,2053,2039
2055,2058,2080,2000,1961,2003,2046,2031
2044,2038,2071,1982,1956,2004,2049,2032
2041,2036,2074,2001,1979,2017,2029,2037
2057,2050,2080,2015,1964,2025,2027,2031
2046,2052,2076,2020,1972,2039,2038,2033
2047,2046,2065,2027,1973,2054,2040,2039
2054,2049,2054,2021,1959,2036,2059,2040
2053,2052,2052,2034,2006,2054,2070,2060
2061,2056,2051,2055,2084,2103,2079,2065
2062,2066,2057,2067,2114,2129,2062,2061
2063,2064,2049,2061,2119,2098,2058,2064
2062,2052,2044,2051,2103,2004,2042,2062
2058,2049,2033,2037,2089,1970,2044,2067
2056,2044,2032,2048,2092,2018,2034,2070
2052,2041,2033,2052,2121,2048,2056,2073
2043,2040,2030,2054,2123,2049,2049,2076
2044,2037,2024,2045,2084,2046,2048,2070
2027,2006,1994,2019,2043,2033,2023,2057
2024,2000,1993,2020,2012,2044,2031,2064
2042,2018,2030,2047,2028,2060,2057,2079
2054,2026,2045,2063,2042,2054,2057,2076
2051,2028,2047,2069,2052,2055,2056,2075
2041,2018,2045,2065,2045,2054,2032,2053
2043,2035,2055,2075,2051,2050,2030,2044
2044,2038,2069,2072,2052,2049,2046,2034
2040,2036,2060,2071,2044,2042,2054,2038
2033,2034,2052,2072,2044,2049,2041,2042
2034,2042,2051,2071,2056,2052,2055,2038
2037,2051,2066,2072,2054,2060,2054,2030
2045,2064,2075,2073,2059,2065,2062,2036
2049,2065,2072,2072,2058,2075,2050,2036
2043,2059,2070,2061,2052,2081,2064,2030
2052,2062,2073,2048,2055,2086,2050,2036
2051,2057,2065,2025,2044,2082,2027,2019
2040,2057,2071,2025,2038,2074,2020,2024
2049,2069,2092,2030,2044,2042,2040,2030
2058,2074,2081,2016,2033,2013,2020,2040
2056,2063,2071,2004,2013,2033,2042,2044
2057,2059,2079,2008,1994,2046,2048,2040
2057,2070,2082,2006,1970,2073,2049,2040
2056,2068,2086,2019,1960,2057,2044,2039
2055,2064,2093,2029,1969,2021,2036,2046
2054,2061,2100,2055,2024,2011,2035,2068
2061,2057,2097,2078,2081,2021,2070,2085
2068,2059,2097,2088,2089,2035,2071,2080
2055,2062,2095,2081,2081,2059,2064,2076
2057,2056,2088,2078,2093,2079,2068,2079
2050,2059,2081,2072,2086,2078,2059,2082
2052,2062,2076,2065,2060,2055,2041,2091
2059,2058,2068,2064,2031,1997,2014,2092
2048,2043,2047,2053,1980,1975,2009,2092
2049,2042,2044,2045,1966,1993,2032,2091
2057,2059,2054,2041,1964,2008,2030,2081
2046,2052,2040,2043,1978,2029,2028,2079
2055,2059,2050,2067,2004,2042,2030,2082
2060,2067,2055,2068,2042,2055,2042,2084
2060,2064,2057,2075,2089,2071,2052,2066
2059,2056,2046,2058,2104,2085,2057,2052
2051,2044,2033,2053,2078,2079,2063,2041
2048,2037,2032,2049,2089,2089,2077,2031
2047,2041,2034,2060,2120,2099,2078,2030
2046,2042,2036,2048,2081,2087,2057,2028
2046,2042,2023,2030,2056,2084,2068,2029
2050,2040,2032,2027,2091,2092,2072,2036
2054,2047,2041,2036,2113,2103,2074,2036
2064,2054,2052,2054,2135,2115,2052,2034
2057,2045,2039,2056,2119,2104,2044,2025
2048,2038,2043,2056,2151,2103,2043,2034
2063,2052,2060,2070,2176,2100,2032,2036
2058,2059,2061,2065,2134,2060,2048,2036
2053,2052,2058,2049,2122,2024,2050,2044
2063,2048,2056,2061,2164,2026,2054,2042
2060,2045,2055,2074,2161,2011,2050,2044
2053,2047,2052,2086,2127,2019,2059,2047
2052,2047,2057,2096,2082,2023,2056,2042
2048,2033,2055,2088,2007,2028,2045,2047
2045,2032,2060,2088,2021,2036,2054,2060
2038,2033,2044,2077,2018,2019,2054,2061
2040,2031,2047,2058,2001,1994,2047,2062
2032,2033,2047,2038,1906,1974,2040,2065
2027,2027,2038,2007,1799,1988,2033,2065
2029,2042,2052,2051,1966,2040,2056,2082
2040,2039,2045,2094,2106,2068,2059,2079
2035,2033,2046,2083,2092,2071,2052,2072
2042,2050,2062,2076,2060,2069,2058,2085
2050,2062,2067,2069,2033,2046,2052,2078
2056,2064,2070,2050,1998,2027,2043,2069
2057,2056,2061,2025,1987,2024,2044,2059
2052,2046,2044,2014,1973,2020,2035,2052
2049,2040,2029,2001,1970,2018,2036,2047
2050,2038,2023,2011,1995,2031,2046,2046
2054,2040,2020,2040,2025,2043,2045,2033
2048,2037,2026,2053,2036,2053,2040,2028
2047,2033,2030,2063,2047,2052,2034,2028
2030,2029,2034,2060,2051,2050,2050,2025
2033,2030,2048,2066,2041,2044,2019,2022
2040,2034,2050,2065,2038,2038,2031,2023
2042,2036,2043,2071,2030,2035,2037,2018
2041,2040,2039,2069,2027,2029,2028,2012
2025,2022,2042,2063,2029,2032,2034,2014
2026,2022,2050,2066,2042,2046,2043,2023
2037,2040,2053,2060,2024,2045,2049,2028
2033,2031,2048,2052,2007,2041,2051,2031
2044,2028,2049,2034,2016,2047,2044,2042
2042,2042,2056,2016,2002,2043,2049,2049
2047,2047,2058,2002,1995,2038,2062,2058
2054,2062,2076,2011,2013,2044,2057,2071
2065,2076,2086,2034,2015,2047,2041,2076
2076,2088,2097,2064,2026,2058,2055,2087
2073,2086,2097,2066,2049,2062,2049,2086
2066,2078,2089,2058,2067,2084,2056,2097
2065,2071,2084,2053,2059,2090,2062,2096
2066,2067,2073,2060,2068,2092,2070,2090
2054,2061,2063,2054,2104,2083,2051,2078
2048,2045,2052,2029,2062,2058,2034,2067
2028,2022,2037,2011,2025,2045,2021,2067
2026,2028,2039,2036,2109,2048,2025,2073
2039,2052,2051,2052,2180,2041,2011,2069
2043,2050,2050,2056,2162,2033,2013,2072
2047,2044,2047,2051,2064,2022,2029,2065
2048,2052,2050,2062,2014,2032,2051,2064
2048,2048,2056,2065,2007,2048,2033,2059
2051,2049,2057,2073,2022,2041,2057,2049
2052,2047,2054,2085,2029,2034,2060,2045
2046,2043,2050,2084,2033,2037,2053,2038
2042,2039,2056,2080,2040,2046,2025,2036
2036,2039,2056,2077,2041,2047,2055,2025
2035,2038,2050,2069,2032,2038,2064,2026
2040,2031,2051,2074,2031,2037,2068,2021
2048,2032,2055,2085,2032,2032,2070,2031
2047,2033,2040,2098,2030,2017,2044,2020
2040,2013,2015,2088,2034,2013,2044,2013
2041,2012,1992,2087,2037,2030,2054,2029
2053,2030,1983,2082,2046,2037,2071,2033
2056,2030,1972,2068,2045,2037,2051,2037
2053,2035,1958,2048,2034,2031,2033,2042
2054,2031,1942,2041,2047,2030,2022,2051
2056,2033,1927,2033,2048,2019,2052,2051
2046,2024,1916,2026,2055,2023,2044,2056
2047,2027,1920,2010,2043,2020,2035,2057
2045,2022,1922,1989,2002,2033,2047,2066
2044,2023,1940,1974,1975,2043,2036,2065
2044,2029,1973,1979,1974,2042,2044,2072
2039,2044,2017,1980,1969,2031,2039,2078
2053,2053,2042,1974,1982,2001,2044,2092
2055,2044,2060,1988,2029,1977,2021,2096
2051,2038,2086,2002,2060,1986,2038,2088
2036,2029,2096,2008,2063,2000,2040,2085
2038,2042,2124,2034,2075,2007,2028,2093
2054,2076,2163,2062,2078,2006,2050,2092
2061,2091,2179,2066,2056,2023,2035,2094
2061,2086,2162,2063,2051,2028,2040,2093
2062,2079,2142,2069,2051,2046,2042,2093
2063,2080,2140,2076,2061,2112,2061,2089
2066,2077,2131,2075,2077,2148,2068,2086
2065,2077,2130,2082,2068,2144,2060,2063
2058,2080,2123,2075,2051,2106,2035,2058
2060,2080,2117,2074,2046,2069,2046,2056
2061,2072,2102,2064,2035,2066,2047,2048
2055,2072,2096,2053,2024,2067,2042,2047
2059,2063,2086,2057,2026,2083,2048,2047
2058,2063,2084,2057,2038,2102,2044,2041
2058,2063,2080,2063,2037,2095,2058,2038
2062,2064,2082,2054,2030,2071,2032,2023
2051,2047,2066,2050,2027,2049,2027,2015
2043,2043,2067,2060,2045,2038,2044,2024
2055,2060,2068,2060,2033,2013,2044,2027
2053,2060,2069,2061,2032,2002,2036,2034
2054,2060,2069,2056,2035,2029,2064,2041
2055,2056,2061,2058,2035,2042,2054,2050
2057,2053,2060,2054,2029,2063,2061,2045
2051,2050,2050,2049,2027,2065,2053,2047
2051,2047,2054,2049,2032,2058,2052,2045
2049,2045,2053,2048,2065,2062,2019,2048
2051,2045,2050,2057,2064,2065,2020,2050
2044,2047,2051,2048,2051,2055,2017,2057
2048,2041,2048,2053,2039,2024,2019,2070
2045,2045,2046,2049,2038,2008,2013,2064
2048,2046,2051,2052,2037,2027,2025,2069
2055,2051,2047,2057,2035,2039,2034,2078
2036,2038,2036,2042,2019,2032,2016,2057
2027,2024,2028,2032,2014,2015,2028,2058
2034,2039,2040,2044,2016,2018,2052,2066
2044,2042,2050,2043,2019,2008,2058,2067
2050,2040,2043,2048,2021,2014,2042,2064
2048,2047,2033,2037,2019,2021,2049,2053
2044,2037,2030,2044,2032,2036,2049,2048
2041,2043,2037,2051,2047,2045,2054,2044
2045,2056,2046,2058,2056,2063,2061,2044
2053,2048,2047,2058,2051,2062,2066,2042
2041,2046,2045,2055,2047,2064,2052,2038
2044,2042,2046,2057,2034,2065,2065,2038
2047,2045,2043,2054,2042,2036,2055,2042
2048,2047,2043,2060,2035,2019,2037,2041
2043,2039,2035,2053,2023,2019,2034,2039
2042,2039,2024,2046,2011,2039,2055,2026
2039,2025,2027,2043,1995,2059,2041,2011
2027,2003,2004,2022,1982,2050,2030,2003
2020,2003,1997,2026,1976,2031,2037,2017
2034,2019,2020,2056,2009,2017,2057,2029
2033,2031,2042,2071,2042,2021,2061,2037
2046,2047,2062,2095,2072,2044,2079,2040
2053,2061,2068,2108,2052,2054,2079,2050
2054,2062,2062,2112,2090,2064,2068,2043
2053,2059,2061,2121,2108,2065,2068,2055
2057,2057,2055,2117,2095,2070,2067,2058
2061,2051,2042,2107,2085,2082,2065,2062
2057,2054,2047,2108,2073,2090,2058,2069
2056,2048,2045,2111,2086,2099,2064,2065
2055,2044,2042,2118,2088,2101,2062,2071
2049,2046,2037,2107,2063,2080,2044,2068
2049,2048,2040,2090,2056,2037,2048,2074
2052,2051,2044,2081,2058,2009,2029,2067
2039,2046,2046,2070,2059,2015,2028,2060
2026,2040,2033,2048,2028,2021,2031,2060
2036,2036,2029,2030,1989,2009,2023,2068
2053,2050,2030,2026,1968,2007,2035,2070
2055,2052,2013,2010,1968,2006,2010,2070
2056,2044,2008,2001,1978,2010,2058,2062
2058,2041,2012,2008,1995,2020,2046,2052
2051,2049,2030,2006,2006,2029,2041,2047
2049,2049,2040,2005,2056,2033,2032,2041
2046,2053,2043,2003,2121,2046,2050,2039
2041,2052,2042,2007,2112,2050,2060,2043
2046,2061,2057,2012,2084,2064,2043,2043
2055,2075,2084,2017,2069,2071,2052,2053
2069,2092,2094,2037,2047,2059,2067,2053
2067,2095,2085,2037,2019,2042,2055,2041
2069,2083,2068,2040,2030,2041,2045,2041
2059,2073,2060,2046,2060,2035,2041,2036
2054,2072,2059,2057,2118,2038,2027,2026
2046,2049,2037,2054,2153,2051,2031,2022
2049,2044,2046,2048,2171,2070,2037,2030
2054,2061,2060,2058,2172,2084,2054,2034
2054,2065,2052,2052,2147,2074,2052,2037
2052,2063,2046,2046,2140,2066,2070,2037
2052,2054,2043,2043,2129,2042,2050,2039
2049,2060,2054,2049,2088,2039,2064,2044
2059,2066,2066,2042,1928,2019,2056,2057
2060,2063,2063,2016,1835,1997,2052,2055
2056,2064,2060,2015,1874,2018,2048,2048
2047,2053,2066,2038,1934,2047,2055,2051
2041,2052,2064,2035,1942,2044,2038,2057
2041,2048,2054,2034,1943,2038,2042,2056
2036,2038,2052,2023,1930,2022,2025,2058
2031,2036,2047,2028,1966,2010,2019,2072
2043,2047,2058,2048,2026,2013,2067,2078
2052,2049,2055,2053,2070,2028,2039,2079
2040,2032,2045,2059,2082,2053,2048,2077
2040,2035,2043,2069,2079,2070,2054,2084
2048,2056,2059,2065,2055,2068,2051,2081
2052,2056,2053,2056,2035,2068,2055,2065
2056,2053,2045,2039,2015,2051,2051,2065
2044,2049,2041,2019,1998,2037,2034,2055
2042,2041,2034,2017,1970,2035,2045,2050
2046,2042,2036,2029,1983,2040,2044,2049
2050,2050,2040,2047,2010,2046,2042,2054
2057,2056,2046,2051,2026,2050,2036,2051
2064,2058,2045,2049,2018,2049,2057,2048
2060,2060,2042,2028,1995,2039,2047,2049
2063,2060,2037,2030,1999,2041,2058,2042
2061,2055,2034,2033,1995,2041,2040,2037
2053,2051,2032,2044,2017,2047,2045,2033
2046,2048,2034,2040,2049,2049,2041,2030
2044,2039,2021,2024,2055,2032,2037,2014
2030,2020,2013,2021,2043,2023,2044,2013
2026,2030,2021,2027,2017,2039,2068,2027
2043,2051,2032,2038,2011,2047,2048,2033
2047,2054,2038,2038,2028,2049,2041,2031
2048,2055,2042,2044,2058,2057,2045,2040
2055,2063,2041,2048,2103,2075,2043,2042
2058,2061,2045,2045,2098,2074,2048,2046
2060,2063,2040,2041,2091,2070,2074,2043
2058,2057,2039,2042,2095,2064,2053,2048
2052,2055,2035,2045,2095,2066,2049,2055
2057,2060,2047,2050,2098,2068,2056,2061
2057,2056,2050,2050,2094,2064,2062,2065
2051,2051,2047,2048,2094,2054,2057,2071
2054,2051,2043,2042,2081,2058,2050,2083
2065,2050,2042,2044,2052,2053,2054,2082
2060,2045,2052,2042,2060,2043,2053,2080
2052,2040,2044,2035,2052,2030,2043,2074
2046,2036,2036,2041,2053,2024,2046,2073
2050,2055,2039,2058,2046,2033,2062,2070
2054,2047,2026,2053,2038,2031,2047,2072
2054,2049,2032,2061,2034,2044,2045,2066
2054,2051,2044,2064,2050,2047,2050,2053
2047,2045,2048,2071,2060,2054,2045,2045
2055,2060,2061,2074,2074,2054,2037,2051
2068,2072,2059,2060,2062,2046,2025,2051
2064,2064,2056,2056,2047,2042,2044,2047
2062,2063,2063,2063,2044,2037,2048,2034
2048,2056,2057,2057,2044,2039,2050,2022
2051,2052,2056,2049,2051,2050,2052,2028
2057,2060,2062,2059,2054,2050,2056,2024
2050,2062,2067,2056,2050,2044,2056,2023
2054,2066,2063,2046,2037,2046,2041,2030
2049,2057,2063,2046,2030,2051,2055,2019
2044,2047,2054,2047,2023,2045,2047,2018
2050,2050,2055,2041,2026,2043,2032,2020
2061,2069,2072,2056,2054,2084,2045,2020
2061,2060,2071,2053,2036,2124,2032,2012
2056,2055,2068,2042,2010,2136,2033,2011
2048,2053,2060,2039,1985,2125,2016,2012
2050,2049,2047,2034,1969,2088,2031,2025
2052,2046,2039,2037,1969,2004,2028,2049
2057,2051,2043,2062,2079,1964,2068,2070
2064,2057,2043,2097,2200,2013,2068,2077
2070,2062,2041,2103,2203,2034,2080,2072
2068,2057,2039,2095,2179,2052,2049,2079
2064,2058,2044,2084,2144,2065,2069,2086
2060,2055,2045,2080,2115,2068,2059,2080
2057,2050,2038,2074,2108,2074,2036,2075
2053,2045,2032,2066,2080,2065,2025,2080
2053,2040,2022,2038,2025,2043,2018,2065
2031,2015,2004,2006,1957,2039,2055,2070
2035,2017,2005,2005,1934,2060,2054,2079
2055,2041,2018,2018,2013,2076,2061,2076
2058,2046,2027,2032,2071,2074,2063,2078
2054,2044,2029,2036,2057,2050,2073,2065
2057,2041,2033,2033,2017,2056,2069,2061
2057,2048,2025,2042,2008,2077,2068,2049
2063,2054,2025,2048,2002,2094,2080,2050
2069,2056,2028,2053,2000,2095,2085,2054
2067,2052,2025,2048,1982,2079,2057,2040
2049,2051,2030,2031,1959,2039,2049,2032
2052,2052,2042,2019,1928,2002,2049,2029
2053,2064,2059,2012,1885,2020,2051,2036
2059,2060,2059,1999,1900,2038,2021,2018
2048,2051,2058,2007,1981,2020,2019,2024
2056,2059,2068,2039,2055,1950,2011,2017
2057,2052,2064,2039,2074,1930,2009,2007
2038,2031,2036,2025,2098,1975,2030,2003
2030,2023,2036,2021,2102,2011,2028,2026
2051,2046,2065,2029,2071,2021,2038,2025
2059,2067,2090,2044,2052,2021,2050,2031
2061,2073,2086,2044,2045,2029,2044,2029
2059,2069,2065,2031,2024,2027,2023,2033
2054,2059,2058,2022,2033,2046,2034,2032
2046,2046,2049,2028,2025,2075,2058,2035
2045,2044,2041,2022,2002,2070,2039,2033
2040,2037,2028,2012,1971,2060,2020,2032
2033,2033,2031,2009,1963,2046,2037,2047
2039,2039,2029,2014,1991,2013,2034,2062
2050,2050,2044,2053,2128,2012,2059,2079
2063,2060,2054,2072,2205,2055,2064,2089
2065,2060,2055,2058,2170,2071,2038,2076
2064,2057,2053,2037,2106,2058,2053,2062
2047,2038,2041,2038,2088,2054,2039,2054
2038,2032,2037,2033,2049,2035,2015,2047
2046,2049,2048,2033,2014,2003,2023,2054
2053,2045,2055,2036,2010,1984,2014,2063
2054,2051,2052,2027,1960,1987,2017,2059
2049,2050,2053,2021,1925,1999,2034,2058
2055,2059,2058,2032,1983,2020,2053,2050
2052,2059,2062,2033,2021,2029,2057,2041
2053,2049,2049,2039,2043,2022,2051,2033
2045,2047,2044,2044,2085,2022,2052,2028
2045,2046,2045,2054,2097,2028,2045,2024
2041,2047,2044,2059,2083,2040,2033,2034
2048,2047,2042,2056,2075,2042,2055,2039
2057,2045,2038,2049,2058,2030,2040,2034
2053,2038,2030,2038,2050,2027,2041,2026
2047,2042,2028,2036,2051,2032,2036,2023
2051,2046,2027,2036,2046,2020,2029,2015
2033,2026,2010,2030,2021,2005,2031,2013
2033,2027,2014,2038,2021,2030,2041,2033
2053,2045,2037,2043,2032,2068,2047,2030
2059,2045,2040,2045,2039,2100,2051,2033
2055,2050,2043,2040,2041,2103,2063,2028
2050,2050,2044,2045,2055,2104,2073,2028
2048,2042,2035,2040,2054,2093,2078,2031
2050,2045,2041,2048,2057,2089,2075,2035
2054,2049,2054,2056,2080,2090,2079,2036
2059,2060,2076,2068,2100,2087,2085,2050
2067,2057,2078,2075,2119,2086,2097,2057
2061,2050,2071,2075,2126,2079,2084,2068
2055,2049,2064,2083,2113,2075,2085,2075
2054,2036,2059,2077,2094,2058,2062,2077
2048,2030,2059,2073,2070,2043,2077,2080
2046,2033,2081,2070,2036,2048,2060,2079
2042,2033,2076,2072,2027,2051,2051,2070
2031,2019,2067,2058,2003,2048,2045,2064
2024,2019,2055,2045,1967,2065,2051,2065
2041,2044,2064,2056,1990,2075,2070,2081
2055,2052,2069,2078,2030,2082,2081,2073
2058,2056,2068,2080,2039,2107,2084,2060
2054,2054,2057,2076,2047,2120,2067,2054
2047,2050,2050,2074,2058,2103,2069,2039
2053,2052,2035,2076,2084,2067,2047,2031
2051,2050,2036,2072,2072,2059,2052,2029
2049,2051,2038,2062,2046,2053,2056,2014
2046,2057,2043,2042,2010,2036,2042,2019
2047,2056,2050,2023,1982,1988,2026,2010
2054,2050,2054,2014,1977,1940,1998,2009
2045,2049,2056,2008,1974,1947,2024,2007
2055,2052,2068,2020,2000,1992,2020,2004
2059,2055,2064,2031,2031,2033,2028,2013
2053,2050,2054,2021,2053,2045,2032,2003
2039,2041,2048,2019,2065,2056,2033,2003
2040,2046,2056,2021,2050,2063,2059,2013
2051,2056,2058,2023,2047,2078,2054,2019
2054,2057,2047,2033,2049,2101,2027,2024
2052,2049,2059,2049,2067,2100,2040,2020
2038,2047,2063,2064,2085,2086,2053,2025
2048,2050,2070,2074,2112,2020,2044,2038
2055,2058,2074,2092,2116,1969,2034,2039
2053,2053,2058,2080,2079,1981,2037,2041
2046,2046,2057,2077,2053,2017,2052,2054
2046,2046,2064,2085,2057,2052,2060,2062
2049,2049,2072,2082,2065,2056,2060,2057
2047,2049,2078,2079,2052,2022,2057,2057
2040,2053,2081,2074,2046,2004,2047,2060
2047,2055,2088,2080,2041,2005,2052,2068
2049,2063,2091,2081,2042,2014,2040,2061
2035,2048,2077,2063,2023,2007,2021,2053
2035,2043,2067,2049,2024,2027,2035,2054
2043,2056,2064,2030,2032,2059,2064,2057
2046,2054,2053,2010,2035,2065,2039,2045
2052,2057,2052,2015,2036,2069,2050,2046
2044,2065,2045,2009,2030,2087,2050,2036
2049,2065,2044,2001,2037,2090,2061,2036
2054,2071,2054,2016,2042,2073,2068,2037
2058,2068,2056,2026,2043,2056,2041,2031
2059,2056,2048,2024,2042,2048,2014,2026
2050,2051,2045,2025,2042,2057,2034,2019
2050,2056,2042,2032,2057,2065,2033,2020
2045,2054,2050,2044,2081,2069,2046,2018
2044,2058,2055,2048,2080,2070,2046,2018
2048,2051,2047,2040,2062,2061,2037,2017
2052,2055,2040,2034,2059,2061,2051,2016
2049,2050,2033,2045,2051,2058,2036,2006
2037,2024,2017,2043,2045,2060,2034,2003
2032,2025,2029,2045,2052,2074,2054,2022
2049,2043,2045,2059,2064,2083,2035,2017
2043,2041,2047,2060,2064,2076,2049,2018
2048,2038,2047,2063,2065,2083,2033,2022
2046,2032,2044,2056,2062,2066,2040,2019
2043,2027,2045,2044,2062,2050,2020,2019
2038,2030,2046,2044,2067,2036,2035,2025
2037,2036,2047,2056,2091,2044,2046,2038
2042,2040,2053,2073,2098,2047,2046,2047
2040,2043,2066,2088,2096,2066,2036,2051
2043,2042,2059,2088,2096,2069,2034,2058
2042,2035,2049,2091,2095,2074,2033,2073
2043,2035,2029,2085,2092,2085,2025,2070
2043,2032,2017,2068,2084,2080,2033,2071
2041,2027,2006,2048,2052,2076,2028,2064
2033,2031,2005,2038,2001,2036,1998,2045
2017,2027,2002,2025,1976,2017,2007,2049
2025,2035,2009,2030,1973,2026,2029,2074
2049,2058,2012,2048,2017,2046,2055,2073
2057,2052,2010,2049,2011,2038,2064,2069
2055,2046,1996,2047,2008,2034,2052,2060
2052,2042,1998,2040,2000,2033,2056,2053
2054,2042,2001,2040,1995,2043,2053,2044
2047,2040,2010,2036,1948,2027,2063,2034
2044,2052,2044,2044,1959,2027,2065,2035
2047,2053,2067,2068,2004,2053,2056,2020
2047,2061,2076,2082,2019,2069,2055,2022
2043,2060,2081,2092,2035,2048,2042,2021
2044,2060,2080,2097,2042,2030,2047,2028
2056,2062,2079,2100,2039,2032,2044,2029
2058,2068,2086,2095,2074,2050,2053,2025
2057,2070,2084,2097,2120,2064,2044,2024
2055,2060,2067,2089,2147,2061,2023,2011
2045,2046,2062,2084,2135,2051,2039,2014
2050,2058,2061,2073,2109,2062,2038,2032
2053,2050,2046,2050,2061,2052,2051,2026
2054,2046,2047,2032,2034,2037,2037,2025
2045,2050,2046,2022,2029,2037,2044,2025
2054,2053,2054,2006,2040,2049,2038,2035
2058,2062,2055,1993,2041,2048,2037,2041
2054,2062,2051,1985,2036,2038,2048,2043
2046,2056,2038,1986,2048,2032,2045,2041
2050,2048,2032,1993,2053,2040,2055,2051
2054,2049,2025,1995,2057,2051,2049,2060
2054,2045,2022,1996,2057,2053,2051,2064
2049,2046,2024,2010,2049,2042,2060,2078
2051,2047,2031,2026,2042,2037,2047,2082
2047,2052,2045,2038,2033,2039,2021,2076
2048,2047,2041,2038,2030,2039,2021,2064
2034,2023,2017,2032,2024,2022,2037,2056
2023,2017,2008,2022,2012,2014,2030,2059
2031,2041,2034,2029,2026,2043,2037,2067
2040,2046,2039,2034,2061,2057,2032,2061
2038,2044,2043,2034,2044,2047,2047,2063
2039,2044,2040,2039,2038,2041,2036,2063
2036,2047,2042,2052,2042,2040,2011,2052
2039,2053,2043,2056,2038,2037,2033,2031
2035,2055,2048,2045,2027,2030,2038,2033
2042,2052,2055,2037,2020,2050,2034,2028
2039,2053,2052,2037,2002,2056,2040,2021
2037,2052,2050,2023,1991,2056,2042,2016
2039,2049,2044,2009,1974,2049,2043,2007
2036,2037,2040,2004,1976,2039,2032,2005
2034,2033,2034,2002,2035,2050,2030,2012
2041,2034,2036,2005,2064,2053,2050,2008
2043,2035,2034,2010,2053,2056,2023,2004
2027,2018,2027,2011,2052,2055,2006,2014
2032,2026,2047,2037,2078,2014,2026,2037
2054,2052,2066,2055,2098,2015,2057,2038
2053,2049,2059,2045,2078,2030,2055,2029
2047,2044,2042,2029,2037,2045,2035,2020
2042,2049,2045,2004,2003,2045,2036,2031
2040,2049,2047,1995,1974,2024,2036,2024
2038,2043,2040,1990,1956,2017,2019,2027
2032,2038,2028,1981,1968,1997,2026,2026
2032,2031,2022,2005,2054,1985,2052,2049
2044,2045,2044,2062,2196,2044,2081,2078
2059,2055,2052,2100,2235,2097,2085,2082
2064,2049,2052,2089,2190,2121,2087,2080
2052,2045,2056,2065,2070,2120,2051,2074
2055,2051,2054,2041,1907,2076,2043,2074
2052,2047,2051,2030,1884,2059,2051,2081
2048,2044,2052,2025,1914,2038,2051,2063
2037,2030,2043,2039,1974,2004,2046,2073
2033,2035,2055,2060,2060,2022,2068,2076
2048,2057,2064,2074,2089,2064,2063,2066
2052,2060,2068,2081,2111,2093,2047,2067
2049,2061,2069,2076,2107,2104,2058,2057
2054,2062,2063,2068,2124,2092,2071,2055
2052,2062,2059,2056,2104,2067,2071,2056
2060,2058,2059,2044,2061,2046,2049,2046
2059,2057,2062,2040,2098,2041,2073,2047
2062,2054,2054,2026,2090,2017,2025,2038
2055,2056,2052,2020,2045,2005,2023,2030
2045,2045,2046,2027,2005,2012,2009,2031
2045,2039,2041,2025,1963,1990,2017,2028
2039,2032,2030,2014,1913,1954,2009,2023
2035,2034,2034,2023,1916,1953,1993,2027
2046,2050,2051,2060,2019,1999,2012,2029
2044,2039,2043,2076,2120,2043,2021,2016
2038,2036,2044,2090,2173,2082,2044,2018
2043,2048,2050,2092,2160,2103,2044,2028
2040,2038,2037,2067,2093,2082,2058,2019
2036,2032,2023,2050,2038,2074,2046,2025
2041,2031,2022,2049,2031,2062,2054,2024
2044,2033,2022,2049,2036,2062,2035,2035
2047,2037,2030,2049,2041,2070,2066,2045
2051,2042,2042,2050,2034,2073,2056,2044
2058,2052,2042,2045,2023,2077,2060,2047
2055,2052,2040,2032,2008,2067,2058,2045
2043,2039,2031,2022,2007,2063,2051,2050
2041,2036,2031,2033,2029,2049,2059,2063
2045,2046,2042,2052,2063,2038,2060,2072
2042,2046,2047,2043,2069,2045,2057,2072
2048,2049,2042,2047,2066,2057,2056,2067
2043,2043,2035,2044,2048,2053,2049,2067
2026,2016,2019,2036,2050,2043,2044,2054
2019,2016,2033,2053,2060,2045,2052,2062
2031,2038,2061,2073,2062,2049,2049,2056
2036,2040,2069,2075,2067,2056,2052,2058
2038,2046,2078,2075,2059,2058,2039,2061
2042,2045,2076,2075,2062,2054,2034,2051
2045,2051,2077,2084,2062,2056,2046,2047
2048,2059,2082,2078,2070,2054,2057,2040
2051,2064,2090,2081,2065,2043,2044,2043
2048,2068,2081,2080,2068,2033,2041,2042
2044,2060,2067,2077,2074,2030,2050,2038
2051,2057,2058,2079,2087,2043,2058,2029
2052,2048,2049,2074,2088,2069,2062,2031
2053,2054,2038,2063,2086,2081,2059,2030
2048,2043,2029,2054,2074,2073,2057,2024
2046,2048,2037,2056,2075,2077,2062,2026
2047,2049,2039,2048,2063,2068,2045,2017
2034,2025,2024,2033,2035,2037,2024,2015
2036,2021,2018,2019,2024,2009,2050,2025
2047,2041,2030,2028,2038,2009,2020,2026
2047,2041,2025,2019,2038,2016,2047,2020
2041,2041,2030,2024,2039,2038,2062,2031
2042,2047,2043,2044,2053,2055,2048,2035
2044,2045,2051,2049,2059,2055,2044,2043
2049,2053,2055,2047,2052,2072,2064,2043
2047,2045,2050,2043,2044,2092,2060,2040
2048,2045,2047,2043,2029,2093,2030,2051
2048,2047,2047,2041,2022,2096,2058,2054
2050,2047,2053,2046,2027,2059,2053,2073
2057,2048,2059,2059,2038,2023,2051,2086
2056,2057,2064,2068,2052,2001,2048,2088
2055,2058,2058,2072,2061,2019,2045,2080
2055,2053,2055,2059,2067,2059,2054,2074
2044,2043,2040,2043,2068,2069,2044,2059
2033,2022,2022,2028,2065,2058,2030,2053
2019,2024,2022,2035,2064,2049,2024,2057
2032,2040,2043,2036,2047,2031,2028,2058
2040,2049,2051,2039,2042,2035,2043,2064
2042,2054,2052,2048,2050,2047,2050,2061
2044,2056,2053,2055,2040,2054,2043,2050
2045,2055,2052,2052,2035,2059,2043,2049
2039,2047,2052,2054,2062,2065,2044,2040
2044,2046,2050,2047,2071,2073,2029,2041
2048,2047,2040,2049,2082,2079,2036,2037
2048,2050,2040,2051,2048,2083,2061,2030
2052,2048,2036,2048,2029,2072,2070,2033
2047,2053,2035,2041,2023,2070,2057,2032
2048,2049,2031,2034,2014,2052,2055,2023
2040,2044,2026,2031,2004,2041,2056,2024
2052,2049,2031,2044,2033,2050,2055,2018
2039,2033,2021,2045,2032,2040,2040,2021
2038,2030,2020,2036,2025,2034,2033,2018
2044,2039,2032,2039,2048,2048,2062,2026
2045,2049,2035,2040,2040,2012,2068,2031
2044,2041,2031,2045,2033,2004,2069,2039
2050,2046,2032,2042,2039,2001,2063,2040
2047,2046,2046,2034,2021,2008,2057,2043
2049,2055,2050,2019,1994,2037,2048,2038
2051,2053,2058,2025,2000,2077,2050,2043
2048,2055,2074,2033,1993,2080,2045,2061
2050,2055,2079,2034,1972,2054,2046,2062
2047,2057,2077,2034,1979,2028,2030,2070
2042,2050,2069,2043,2034,2050,2041,2079
2045,2057,2070,2069,2102,2098,2057,2075
2044,2054,2067,2071,2132,2127,2075,2068
2041,2045,2063,2078,2163,2163,2074,2066
2043,2050,2057,2071,2161,2120,2046,2056
2030,2024,2038,2048,2105,2054,2016,2046
2024,2018,2032,2039,2077,2041,2020,2055
2030,2040,2056,2054,2078,2024,2031,2064
2040,2047,2062,2055,2073,2009,2030,2065
2047,2048,2060,2047,2061,1983,2029,2053
2038,2051,2055,2050,2056,1975,2034,2049
2046,2053,2058,2052,2035,1982,2036,2047
2050,2054,2054,2056,2019,1990,2036,2043
2047,2056,2057,2051,2010,1986,2035,2042
2046,2051,2059,2052,2007,2001,2028,2030
2042,2044,2051,2049,2019,2017,2028,2022
2039,2036,2046,2049,2046,2048,2040,2018
2026,2027,2043,2052,2053,2090,2040,2006
2026,2029,2038,2047,2011,2121,2042,1998
2023,2026,2037,2034,1960,2142,2047,1994
2027,2024,2035,2013,1924,2160,2047,1990
2026,2030,2026,2003,1919,2104,2020,1992
2021,2013,2022,2008,1991,2054,2032,2002
2029,2020,2027,2035,2078,2057,2061,2031
2058,2039,2053,2069,2107,2015,2079,2049
2066,2056,2056,2073,2091,2020,2077,2047
2068,2063,2051,2060,2022,2022,2066,2039
2060,2052,2049,2041,1962,2019,2053,2025
2048,2042,2036,2017,1927,1998,2022,2014
2036,2033,2032,2006,1960,2003,2014,2021
2040,2038,2041,2039,2058,2015,2037,2040
2047,2048,2060,2084,2176,2027,2058,2055
2052,2053,2068,2097,2200,2049,2078,2070
2052,2056,2062,2087,2176,2086,2066,2076
2041,2050,2059,2070,2151,2093,2090,2077
2041,2044,2052,2060,2105,2080,2066,2073
2031,2044,2043,2052,2094,2069,2047,2069
2042,2045,2042,2057,2097,2057,2057,2072
2037,2040,2043,2050,2086,2040,2037,2064
2032,2026,2036,2041,2075,2036,2040,2066
2028,2031,2039,2050,2070,2041,2029,2077
2041,2045,2049,2049,2054,2054,2037,2063
2047,2048,2056,2045,2036,2067,2049,2065
2040,2047,2048,2046,2030,2088,2064,2062
2036,2046,2045,2045,2040,2113,2050,2057
2037,2045,2046,2044,2032,2099,2044,2047
2040,2046,2039,2041,2030,2020,2031,2035
2038,2051,2046,2053,2026,1955,2035,2025
2044,2052,2056,2045,2022,1969,2035,2036
2052,2052,2055,2027,2025,2002,2047,2038
2039,2045,2050,2032,2067,2022,2038,2042
2045,2044,2050,2037,2096,2037,2074,2040
2047,2040,2048,2032,2087,2046,2076,2036
2046,2043,2046,2034,2069,2042,2070,2039
2042,2039,2045,2033,2056,2050,2074,2031
2036,2027,2037,2021,2054,2046,2052,2011
2032,2018,2030,2014,2036,2069,2052,1999
2023,2028,2044,2020,2027,2087,2065,2012
2030,2032,2045,2018,2012,2088,2064,2024
2034,2037,2043,2015,2003,2070,2062,2027
2036,2042,2040,2027,2024,2008,2056,2038
2050,2049,2058,2055,2091,1982,2054,2050
2053,2056,2068,2066,2113,1998,2047,2049
2050,2061,2065,2065,2098,2029,2029,2041
2053,2052,2058,2053,1984,2073,2038,2046
2053,2046,2058,2047,1947,2075,2056,2056
2045,2047,2054,2049,2001,2048,2038,2066
2052,2047,2051,2045,2025,2012,2027,2074
2044,2046,2048,2042,2030,2012,2053,2078
2045,2042,2054,2046,2055,2029,2038,2074
2044,2042,2048,2047,2103,2039,2035,2074
2043,2038,2045,2044,2108,2028,1989,2066
2031,2028,2036,2034,2078,2014,1985,2076
2037,2029,2040,2036,2060,2026,2012,2079
2042,2043,2045,2044,2065,2065,2033,2062
2048,2040,2040,2033,2062,2076,2042,2053
2037,2042,2042,2037,2061,2077,2048,2052
2043,2050,2047,2040,2052,2054,2052,2056
2048,2056,2049,2040,2052,2037,2051,2051
2042,2054,2042,2030,2045,2039,2040,2032
2038,2047,2032,2030,2044,2044,2052,2022
2039,2041,2038,2039,2051,2038,2038,2022
2045,2038,2036,2043,2054,2036,2043,2022
2039,2034,2041,2038,2051,2040,2055,2023
2040,2031,2037,2038,2055,2044,2063,2023
2045,2040,2039,2045,2051,2047,2054,2030
2040,2047,2049,2051,2055,2055,2049,2032
2050,2042,2041,2052,2062,2063,2048,2030
2052,2043,2043,2044,2052,2052,2027,2018
2031,2021,2031,2036,2050,2056,2047,2017
2031,2024,2033,2042,2058,2081,2072,2030
2048,2043,2048,2054,2071,2091,2072,2025
2042,2049,2047,2051,2068,2086,2042,2030
2043,2048,2047,2054,2067,2052,2052,2027
2049,2041,2049,2054,2062,2023,2036,2027
2048,2042,2046,2054,2064,2007,2029,2034
2052,2047,2043,2054,2058,2004,2021,2037
2045,2045,2047,2049,2043,2010,2026,2046
2044,2054,2049,2046,2036,2021,2029,2049
2048,2053,2045,2049,2025,2024,2039,2049
2040,2042,2041,2035,1996,1988,2033,2046
2037,2040,2036,2034,1986,1983,2019,2051
2040,2042,2040,2042,2011,1998,2041,2059
2040,2045,2042,2050,2037,2017,2045,2063
2045,2049,2055,2066,2076,2032,2058,2078
2048,2045,2049,2071,2099,2029,2053,2079
2037,2037,2044,2073,2112,2054,2045,2068
2037,2036,2047,2070,2113,2083,2056,2076
2042,2044,2044,2055,2088,2084,2062,2068
2044,2043,2041,2053,2081,2091,2043,2058
2049,2045,2039,2061,2079,2100,2048,2058
2051,2054,2048,2056,2080,2096,2067,2054
2051,2054,2046,2049,2058,2086,2049,2042
2043,2042,2041,2041,2046,2107,2043,2033
2034,2041,2039,2036,2011,2136,2049,2015
2036,2039,2035,2027,1984,2138,2054,2007
2033,2039,2029,2016,1952,2132,2046,1999
2031,2030,2027,2002,1926,2103,2033,2002
2032,2033,2028,2004,1940,2051,2042,2009
2040,2037,2032,2010,1947,2066,2040,2015
2038,2036,2030,2008,1921,2060,2045,2019
2040,2045,2038,2020,1988,2042,2041,2025
2040,2032,2037,2032,2063,1976,2042,2041
2049,2046,2049,2068,2153,1953,2044,2048
2060,2059,2071,2094,2220,2020,2057,2049
2060,2058,2070,2092,2198,2062,2046,2043
2055,2057,2062,2086,2154,2072,2050,2038
2054,2053,2059,2071,2112,2053,2052,2029
2047,2049,2053,2057,2083,2042,2051,2022
2041,2047,2047,2037,2063,2076,2048,2028
2043,2040,2044,2022,2046,2090,2051,2036
2047,2044,2039,2029,2066,2107,2064,2047
2046,2046,2047,2045,2088,2102,2067,2064
2057,2053,2056,2058,2105,2052,2061,2084
2057,2058,2055,2065,2126,2043,2066,2084
2052,2047,2048,2060,2129,2050,2049,2076
2048,2044,2046,2064,2116,2057,2066,2068
2044,2038,2042,2053,2087,2043,2056,2069
2032,2032,2037,2033,2045,2022,2043,2050
2012,2013,2021,2018,2016,2026,2035,2051
2017,2010,2015,2006,1946,2032,2047,2051
2029,2034,2033,2007,1923,2037,2040,2052
2025,2024,2021,1994,1915,2037,2036,2039
2029,2026,2021,1998,1929,2022,2036,2054
2038,2042,2036,2038,2018,1999,2056,2066
2050,2058,2058,2070,2113,2019,2073,2068
2052,2060,2058,2082,2150,2069,2082,2064
2054,2054,2049,2073,2150,2120,2088,2051
2053,2047,2041,2063,2126,2128,2096,2039
2046,2042,2045,2054,2110,2119,2096,2038
2047,2047,2048,2044,2074,2112,2092,2036
2048,2053,2053,2051,2053,2066,2082,2045
2051,2052,2057,2060,2083,2029,2075,2045
2048,2050,2055,2058,2074,2011,2058,2040
2046,2052,2052,2056,2054,2012,2059,2026
2048,2044,2041,2037,2038,2019,2044,2015
2031,2024,2030,2033,2012,2028,2064,2022
2032,2027,2033,2040,2026,2046,2073,2029
2056,2049,2046,2047,2028,2050,2064,2035
2051,2045,2043,2027,1994,2039,2059,2036
2052,2046,2044,2021,2005,2050,2071,2035
2054,2046,2047,2029,2011,2063,2073,2038
2055,2055,2047,2041,2027,2064,2076,2036
2046,2056,2061,2040,2034,2055,2069,2040
2054,2059,2057,2040,2054,2045,2050,2039
2052,2060,2055,2053,2066,2044,2040,2042
2051,2061,2057,2055,2066,2042,2052,2050
2052,2061,2053,2049,2063,2042,2049,2056
2050,2061,2055,2047,2068,2029,2043,2064
2042,2054,2052,2041,2037,2019,2029,2060
2035,2048,2047,2037,2014,2021,2040,2060
2030,2036,2041,2028,2034,2034,2036,2059
2026,2020,2019,2018,2039,2032,2032,2043
2021,2015,2014,2029,2064,2024,2027,2036
2017,2021,2028,2025,2043,2002,2008,2034
2024,2023,2028,2022,2001,1998,2017,2037
2023,2035,2035,2040,2041,2036,2031,2038
2034,2044,2049,2067,2075,2071,2039,2040
2038,2048,2058,2070,2084,2077,2060,2045
2043,2051,2060,2077,2111,2095,2047,2046
2041,2046,2055,2080,2130,2114,2054,2038
2043,2045,2052,2070,2107,2102,2073,2040
2044,2041,2054,2062,2114,2098,2058,2038
2045,2042,2042,2056,2142,2100,2046,2039
2041,2046,2042,2051,2149,2098,2049,2036
2051,2049,2048,2053,2155,2093,2060,2029
2049,2046,2046,2047,2165,2099,2041,2026
2046,2048,2051,2056,2162,2104,2039,2027
2047,2045,2057,2057,2141,2074,2021,2019
2037,2030,2035,2049,2112,1995,1983,2013
2033,2026,2039,2051,2070,1961,1991,2016
2042,2041,2049,2052,2065,1976,2000,2016
2038,2038,2043,2027,1993,1973,1991,2017
2037,2038,2045,2036,1992,1978,2002,2010
2045,2039,2049,2044,2043,1967,1999,2027
2045,2043,2057,2033,2019,1962,2014,2029
2038,2050,2052,2032,1979,1953,2010,2042
2041,2046,2052,2039,1981,1989,2044,2044
2044,2043,2059,2038,2008,2025,2089,2047
2046,2044,2058,2045,2034,2042,2110,2062
2047,2054,2059,2053,2044,2064,2099,2057
2058,2050,2062,2050,2055,2082,2079,2071
2053,2048,2063,2054,2060,2103,2109,2085
2050,2055,2060,2057,2072,2131,2107,2084
2043,2052,2058,2061,2106,2154,2100,2080
2045,2040,2058,2056,2116,2163,2086,2066
2029,2025,2046,2046,2101,2151,2070,2058
2028,2021,2034,2046,2134,2160,2074,2073
2040,2045,2051,2067,2160,2132,2054,2065
2047,2044,2055,2072,2165,2083,2049,2065
2045,2051,2057,2072,2154,2074,2041,2057
2050,2050,2051,2065,2121,2060,2042,2053
2055,2055,2054,2066,2052,2045,2052,2043
2056,2051,2054,2063,1975,2017,2056,2046
2054,2054,2057,2065,1998,2032,2071,2052
2054,2052,2056,2070,2035,2053,2083,2056
2055,2051,2050,2062,2024,2068,2078,2050
2050,2044,2042,2034,1915,2050,2058,2042
2045,2041,2043,2014,1893,2000,2040,2040
2041,2039,2037,2021,1982,1988,2024,2037
2042,2036,2044,2034,2048,1981,2011,2030
2043,2043,2044,2055,2106,1932,2038,2046
2054,2050,2048,2054,2101,1911,2000,2040
2036,2029,2041,2038,2012,1967,1972,2052
2027,2028,2037,2013,1889,2020,2017,2093
2047,2040,2040,1983,1784,2060,2047,2121
2055,2037,2040,1968,1820,2073,2093,2149
2061,2049,2050,1992,1925,2011,2115,2167
2073,2062,2060,2052,2099,1972,2153,2181
2073,2058,2064,2082,2209,2025,2179,2185
2065,2045,2054,2082,2232,2105,2203,2181
2049,2034,2040,2066,2207,2092,2259,2159
2034,2026,2027,2048,2125,2028,2264,2143
2027,2016,2023,2028,2057,1966,2291,2146
2019,2013,2016,2015,2033,1993,2261,2118
2017,2003,2010,2013,2012,2064,2114,2089
2002,2002,2014,2018,1996,2106,2005,2044
1985,1997,2012,2024,1984,2119,1859,2001
1983,1997,2010,2037,2012,2103,1722,2004
2005,1998,2016,2036,2019,2094,1860,2023
2003,1998,2012,2025,2028,2152,2001,2035
2021,2022,2028,2043,2081,2205,2063,2036
2036,2038,2045,2047,2066,2243,2110,2057
2044,2046,2042,2018,1951,2226,2111,2059
2053,2053,2047,2009,1887,2166,2100,2059
2051,2057,2052,2016,1906,2058,2093,2071
2049,2061,2053,2009,1874,1947,2087,2055
2056,2067,2061,2031,1933,1963,2148,2053
2059,2067,2073,2044,2001,2011,2257,2061
2064,2072,2082,2051,2011,2028,2324,2072
2065,2073,2076,2050,2018,2063,2303,2081
2072,2068,2075,2056,2016,2074,2210,2062
2068,2068,2080,2072,2065,2052,2109,2045
2063,2054,2072,2100,2202,2065,2114,2068
2062,2058,2073,2125,2296,2068,2034,2060
2064,2065,2076,2118,2304,2064,1976,2055
2051,2044,2052,2071,2167,2046,2030,2066
2053,2042,2046,2038,2019,2042,2087,2096
2068,2063,2067,2044,2038,2035,2107,2110
2066,2059,2065,2032,2061,2050,2105,2093
2053,2051,2051,2015,1994,2020,2068,2071
2045,2040,2052,2025,2005,2003,2026,2060
2049,2040,2047,2029,1999,1982,2016,2046
2049,2043,2055,2036,2003,1965,2024,2067
2060,2050,2054,2052,2062,1979,2048,2071
2070,2055,2068,2062,2111,2017,2048,2066
2065,2058,2062,2068,2127,2049,1987,2051
2059,2057,2065,2060,2125,2071,1952,2016
2052,2054,2060,2060,2133,2042,1940,1985
2040,2047,2059,2054,2108,2029,1903,1980
2034,2047,2046,2028,2012,2035,1955,1982
2029,2043,2044,2017,1963,2049,1995,1967
2021,2033,2032,2000,1942,2066,2013,1971
2002,2004,2019,1994,1962,2084,2022,1989
2014,2021,2029,2023,2030,2062,2039,2051
2033,2043,2051,2056,2076,2045,2037,2100
2033,2043,2052,2065,2098,2098,2098,2099
2042,2048,2060,2074,2109,2128,2076,2081
2038,2055,2057,2075,2056,2117,2024,2052
2035,2050,2048,2071,2039,2083,1933,2017
2027,2042,2048,2063,2029,2064,1944,2010
2028,2040,2045,2060,2030,2054,1993,2008
2029,2041,2046,2053,2045,2032,2012,2008
2032,2037,2038,2051,2056,2037,2035,2017
2034,2043,2041,2050,2098,2044,2030,2015
2040,2041,2038,2045,2138,2033,2024,2020
2037,2043,2037,2038,2118,2026,2026,2011
2030,2041,2036,2027,2069,2037,2018,1999
2030,2042,2032,2034,2090,2059,2052,1995
2030,2032,2031,2036,2121,2105,2064,1995
2024,2033,2033,2043,2134,2141,2067,2007
2037,2048,2049,2059,2136,2156,2097,2020
2050,2058,2055,2053,2102,2130,2054,2020
2044,2051,2051,2046,2089,2123,2040,2038
2047,2053,2054,2058,2116,2112,2029,2053
2048,2054,2050,2054,2120,2029,2020,2053
2044,2048,2052,2045,2081,1978,2015,2054
2040,2049,2050,2041,2066,2005,2016,2069
2047,2050,2042,2037,2066,2051,2052,2083
2044,2040,2044,2044,2083,2057,2007,2076
2045,2043,2043,2044,2076,1997,1965,2071
2050,2045,2045,2052,2080,1989,1950,2068
2054,2048,2049,2044,2064,1997,1940,2066
2048,2040,2044,2042,2059,2003,1930,2066
2053,2044,2042,2045,2064,2016,1919,2061
2049,2045,2047,2053,2071,2036,1928,2056
2038,2034,2032,2051,2066,2028,1950,2029
2033,2028,2030,2043,2073,2023,1970,2011
2037,2039,2036,2053,2069,2034,1996,1994
2039,2037,2039,2050,2072,2042,2014,1992
2029,2034,2038,2054,2079,2044,2043,1980
2021,2036,2042,2050,2097,2055,2088,1998
2019,2038,2046,2039,2127,2070,2112,2050
2022,2048,2045,2035,2142,2058,2109,2070
2029,2047,2044,2040,2132,2040,2111,2061
2029,2047,2047,2046,2122,2042,2134,2053
2030,2046,2050,2045,2125,2048,2145,2039
2034,2048,2051,2052,2164,2071,2161,2028
2043,2055,2056,2061,2196,2079,2156,2027
2036,2062,2060,2058,2192,2063,2137,2024
2038,2055,2055,2051,2164,2033,2125,2023
2041,2055,2052,2031,2076,2002,2138,2028
2047,2060,2056,2018,1942,2010,2128,2023
2032,2046,2049,2023,1979,2062,2151,2025
2035,2052,2052,2037,2029,2115,2178,2036
2051,2066,2064,2049,2038,2133,2166,2042
2054,2059,2053,2042,1956,2071,2082,2031
2044,2057,2053,2022,1870,2032,2003,2028
2047,2056,2053,2023,1906,2017,1961,2027
2040,2048,2049,2028,1954,2011,1994,2031
2032,2044,2047,2030,1982,1989,2007,2027
2032,2046,2043,2032,2005,2000,2017,2028
2029,2038,2036,2032,2024,2012,2022,2036
2026,2036,2038,2034,2080,2033,2024,2040
2016,2033,2038,2036,2089,2041,2030,2050
2019,2033,2039,2043,2080,2053,2057,2060
2024,2025,2033,2039,2083,2072,2066,2063
2029,2029,2031,2039,2080,2048,2063,2071
2029,2033,2028,2034,2063,2021,2043,2068
2035,2040,2028,2022,2037,2002,2027,2055
2017,2026,2023,2023,2031,2020,2016,2058
2026,2040,2035,2030,2041,2049,2032,2060
2037,2065,2051,2032,2031,2053,2020,2053
2037,2071,2060,2039,2035,2062,2017,2040
2040,2078,2058,2045,2043,2096,2035,2044
2043,2076,2059,2040,2039,2102,2044,2046
2042,2075,2059,2046,2041,2080,2046,2040
2041,2071,2056,2038,2027,2051,2037,2034
2038,2066,2056,2045,2038,2066,2058,2028
2032,2057,2045,2038,2044,2081,2065,2028
2033,2051,2044,2038,2040,2055,2067,2027
2034,2048,2045,2034,2031,2021,2066,2033
2044,2045,2040,2029,2018,1992,2062,2036
2044,2040,2045,2032,2017,1981,2048,2025
2043,2033,2037,2034,2023,1984,2052,2031
2043,2039,2037,2042,2040,1982,2035,2022
2038,2024,2026,2028,2033,1965,2010,2011
2032,2010,2017,2028,2038,2001,2022,2007
2031,2015,2029,2042,2060,2066,2042,2019
2039,2028,2033,2048,2066,2073,2041,2016
2040,2029,2038,2052,2070,2084,2049,2020
2034,2035,2036,2052,2064,2070,2046,2020
2032,2032,2032,2048,2061,2061,2057,2028
2040,2041,2035,2046,2061,2053,2065,2034
2041,2043,2036,2048,2060,2043,2064,2047
2046,2045,2034,2045,2061,2039,2064,2052
2048,2053,2041,2047,2052,2042,2070,2064
2052,2058,2045,2051,2057,2052,2065,2077
2054,2064,2046,2055,2055,2062,2074,2073
2055,2067,2051,2051,2040,2074,2088,2084
2054,2065,2054,2048,2025,2072,2088,2091
2054,2060,2050,2043,2020,2078,2067,2083
2043,2048,2043,2030,2021,2116,2063,2064
2030,2028,2038,2021,2038,2151,2053,2063
2033,2043,2053,2040,2063,2150,2064,2073
2052,2070,2076,2062,2076,2069,2077,2084
2057,2074,2084,2065,2083,2014,2063,2075
2054,2067,2076,2064,2086,2060,2070,2068
2055,2064,2066,2057,2098,2069,2064,2053
2044,2064,2066,2064,2099,2070,2044,2041
2045,2063,2063,2064,2097,2047,2038,2036
2049,2068,2074,2074,2108,2014,2029,2038
2051,2072,2078,2076,2106,1999,2021,2032
2053,2073,2077,2073,2096,1996,2009,2024
2053,2057,2061,2055,2085,2030,2021,2018
2035,2051,2045,2037,2053,2059,2017,2017
2040,2050,2046,2024,2013,2064,2026,2021
2046,2048,2040,2026,2024,2057,2046,2034
2050,2047,2044,2034,2042,2046,2043,2032
2052,2051,2048,2043,2050,2041,2037,2017
2039,2033,2038,2053,2055,2031,2013,2024
2034,2034,2045,2055,2064,2044,2038,2031
2042,2051,2057,2069,2089,2069,2049,2029
2047,2051,2048,2066,2113,2072,2069,2039
2051,2051,2050,2072,2111,2086,2068,2035
2046,2049,2047,2073,2108,2079,2073,2042
2043,2042,2044,2071,2089,2048,2039,2044
2041,2046,2054,2066,2082,2022,2039,2053
2044,2043,2045,2061,2066,2001,2031,2054
2038,2043,2045,2035,2024,1987,2036,2057
2036,2041,2042,2035,1988,1966,2035,2058
2037,2044,2045,2039,1991,1959,2029,2060
2036,2043,2040,2041,2020,1974,2031,2061
2036,2036,2043,2040,2032,1989,2018,2075
2036,2039,2045,2044,2026,1985,2011,2074
2040,2037,2041,2044,2027,1995,1999,2076
2039,2040,2037,2035,2015,1994,1978,2067
2030,2024,2029,2036,2023,2023,2004,2062
2027,2030,2035,2043,2035,2058,2012,2068
2036,2053,2042,2045,2038,2058,2023,2055
2038,2042,2035,2041,2039,2081,2045,2054
2033,2036,2030,2034,2040,2107,2031,2059
2028,2033,2032,2026,2019,2098,2051,2061
2039,2039,2029,2033,2005,2084,2065,2049
2042,2035,2029,2035,2044,2061,2046,2040
2036,2037,2032,2035,2034,2050,2033,2032
2036,2037,2032,2035,2029,2034,2038,2020
2036,2040,2032,2031,2004,2035,2045,2017
2034,2041,2032,2028,2006,2051,2065,2024
2041,2045,2035,2018,2001,2084,2080,2024
2038,2038,2035,1999,1964,2092,2075,2018
2041,2040,2032,1993,1963,2098,2072,2027
2035,2041,2038,2004,2016,2101,2059,2023
2033,2030,2034,2009,2047,2088,2054,2012
2023,2023,2033,2016,2080,2097,2049,2007
2026,2040,2051,2045,2123,2127,2071,2024
2042,2054,2059,2054,2120,2135,2068,2028
2040,2054,2054,2058,2121,2085,2052,2034
2038,2049,2052,2063,2094,2036,2048,2028
2037,2046,2040,2050,2048,2019,2025,2022
2026,2032,2031,2027,1989,1978,2023,2017
2027,2028,2026,2007,1938,1922,2031,2033
2037,2033,2045,2054,2041,1973,2055,2049
2045,2042,2052,2071,2081,2006,2047,2048
2031,2035,2043,2058,2067,2073,2055,2053
2040,2034,2046,2064,2058,2110,2057,2057
2041,2034,2049,2059,2055,2100,2058,2062
2033,2032,2040,2058,2084,2072,2055,2075
2032,2034,2045,2079,2128,2044,2054,2085
2039,2037,2042,2080,2101,2050,2059,2073
2033,2026,2030,2056,2054,2052,2049,2067
2027,2024,2025,2041,2009,2064,2055,2074
2032,2041,2049,2052,2007,2088,2063,2075
2045,2049,2050,2055,2029,2100,2058,2062
2040,2043,2046,2052,2033,2077,2040,2055
2040,2047,2046,2051,2048,2031,2025,2045
2040,2044,2045,2044,2047,1972,2016,2046
2037,2043,2043,2049,2065,1981,2023,2047
2042,2050,2049,2062,2086,2018,2041,2037
2044,2053,2053,2055,2078,2037,2025,2030
2046,2050,2050,2054,2061,2042,2034,2028
2044,2047,2046,2048,2051,2032,2008,2024
2047,2054,2043,2043,2064,2026,2011,2026
2049,2062,2049,2053,2098,2030,2024,2026
2052,2060,2050,2068,2099,2032,2038,2018
2052,2054,2046,2067,2090,2037,2050,2021
2045,2053,2056,2065,2079,2036,2037,2002
2033,2032,2035,2054,2056,2021,2028,2001
2031,2030,2040,2051,2056,2030,2039,2008
2044,2052,2051,2063,2071,2041,2045,2010
2043,2049,2051,2068,2071,2067,2059,2019
2046,2051,2051,2060,2070,2089,2073,2037
2049,2047,2047,2059,2073,2103,2086,2051
2052,2043,2050,2060,2062,2094,2089,2054
2056,2050,2047,2053,2058,2080,2073,2050
2052,2052,2050,2053,2045,2064,2063,2049
2042,2054,2051,2054,2052,2069,2061,2058
2047,2053,2044,2047,2053,2074,2064,2063
2048,2053,2051,2057,2064,2086,2067,2068
2059,2052,2046,2061,2072,2083,2070,2074
2051,2042,2040,2056,2053,2082,2053,2062
2040,2039,2035,2046,2040,2084,2051,2055
2043,2039,2031,2042,2021,2088,2039,2048
2033,2036,2028,2036,1991,2041,2017,2040
2017,2019,2018,2026,1993,1970,2036,2050
2030,2024,2027,2042,2052,1984,2069,2068
2057,2051,2041,2048,2075,2008,2064,2065
2048,2042,2041,2045,2073,2036,2052,2056
2041,2045,2038,2044,2067,2047,2047,2049
2042,2041,2040,2045,2049,2036,2052,2049
2041,2043,2036,2035,2036,2018,2029,2041
2040,2044,2037,2043,2048,2002,2019,2035
2044,2051,2042,2046,2054,2006,2025,2029
2047,2048,2047,2047,2055,2015,2031,2032
2047,2046,2042,2046,2047,2025,2037,2034
2047,2046,2047,2044,2047,2020,2028,2030
2041,2045,2045,2050,2047,2014,2032,2032
2045,2041,2041,2045,2055,2028,2062,2030
2046,2044,2040,2048,2059,2033,2061,2030
2046,2049,2044,2048,2054,2022,2050,2025
2049,2042,2037,2037,2042,2001,2047,2018
2042,2034,2036,2040,2032,1995,2038,2022
2041,2042,2039,2048,2043,2015,2059,2027
2049,2049,2047,2056,2050,2023,2059,2030
2055,2050,2052,2060,2056,2039,2059,2040
2061,2053,2056,2069,2067,2068,2063,2037
2060,2058,2049,2060,2069,2106,2058,2044
2057,2054,2052,2066,2071,2140,2059,2053
2055,2057,2051,2065,2115,2132,2062,2055
2063,2053,2054,2070,2137,2108,2057,2053
2056,2051,2054,2063,2149,2090,2055,2056
2053,2044,2055,2068,2189,2085,2058,2058
2042,2044,2042,2070,2221,2091,2069,2065
2044,2040,2042,2057,2159,2058,2059,2069
2037,2040,2040,2043,2050,2007,2047,2073
2037,2049,2040,2036,2012,2006,2044,2083
2042,2047,2045,2044,1933,2007,2046,2082
2042,2034,2035,2029,1887,2006,2041,2075
2030,2028,2027,2025,1907,2000,2028,2084
2042,2044,2039,2043,1963,2026,2043,2084
2049,2050,2045,2056,2010,2034,2052,2074
2046,2049,2049,2058,2032,2045,2055,2068
2047,2048,2050,2051,2028,2045,2042,2066
2049,2047,2044,2050,2024,2045,2060,2055
2051,2045,2045,2049,2023,2024,2039,2043
2043,2052,2048,2045,2030,2042,2029,2030
2041,2048,2042,2048,2039,2062,2034,2028
2036,2043,2042,2056,2086,2051,2038,2029
2042,2040,2038,2062,2108,2042,2049,2023
2040,2042,2045,2061,2101,2058,2047,2020
2043,2046,2046,2056,2105,2072,2057,2020
2044,2041,2035,2053,2088,2096,2042,2015
2043,2037,2041,2054,2072,2098,2039,2013
2048,2040,2042,2053,2062,2088,2030,2007
2031,2026,2024,2036,2038,2070,2027,2003
2027,2028,2021,2036,2026,2069,2054,2020
2042,2042,2041,2044,2043,2074,2060,2027
2048,2038,2040,2044,2032,2081,2052,2028
2045,2035,2034,2032,2014,2077,2054,2036
2049,2040,2033,2042,2045,2104,2065,2043
2050,2047,2045,2064,2091,2131,2070,2056
2052,2053,2046,2064,2106,2127,2085,2056
2056,2052,2044,2065,2091,2043,2069,2057
2054,2049,2042,2056,2083,1960,2062,2063
2053,2047,2043,2051,2075,1995,2064,2069
2058,2050,2045,2053,2074,2052,2068,2068
2055,2051,2041,2059,2090,2078,2063,2073
2055,2046,2042,2057,2099,2090,2038,2072
2053,2047,2043,2059,2099,2092,2037,2080
2056,2049,2039,2061,2098,2093,2039,2074
2052,2045,2032,2054,2086,2047,2014,2060
2035,2025,2023,2042,2069,2025,1999,2057
2035,2031,2026,2045,2064,2029,2036,2063
2045,2049,2042,2052,2051,2023,2035,2069
2049,2052,2043,2047,2042,2036,2049,2074
2045,2051,2047,2048,2010,2065,2048,2069
2057,2055,2043,2049,2023,2098,2065,2074
2056,2052,2038,2048,2062,2111,2065,2067
2051,2048,2035,2045,2066,2132,2064,2056
2053,2045,2034,2045,2079,2155,2061,2047
2052,2049,2033,2043,2094,2177,2056,2041
2044,2051,2040,2049,2108,2140,2042,2034
2050,2050,2035,2036,2055,2032,2037,2033
2050,2055,2044,2029,2001,1935,2021,2029
2051,2053,2043,2040,1995,1950,2011,2019
2045,2058,2050,2045,1996,1983,2039,2024
2044,2064,2053,2052,2026,2005,2033,2018
2044,2048,2036,2043,2010,2001,2002,2006
2028,2037,2034,2037,2004,1994,2006,2003
2036,2041,2039,2043,2025,2008,2009,2007
2044,2049,2042,2035,1986,2003,2021,2014
2045,2054,2046,2026,2023,2020,2032,2030
2048,2057,2049,2040,2047,2040,2039,2037
2042,2062,2054,2041,2052,2040,2035,2034
2049,2060,2049,2046,2042,2039,2042,2038
2045,2053,2044,2042,2049,2031,2036,2046
2043,2049,2047,2040,2041,2020,2032,2053
2044,2053,2042,2040,2041,2016,2032,2057
2042,2056,2040,2046,2044,2019,2042,2063
2045,2051,2042,2044,2050,2025,2026,2076
2044,2050,2037,2042,2055,2032,2025,2082
2044,2042,2040,2041,2050,2032,2029,2086
2048,2042,2038,2040,2039,2036,2062,2082
2044,2041,2037,2045,2054,2038,2053,2083
2037,2025,2027,2038,2041,2033,2044,2077
2037,2020,2030,2038,2062,2056,2050,2083
2046,2037,2052,2048,2070,2087,2064,2089
2046,2045,2052,2056,2067,2093,2065,2086
2055,2056,2057,2064,2064,2098,2053,2078
2049,2051,2057,2057,2071,2112,2057,2068
2042,2047,2053,2061,2073,2112,2059,2048
2041,2050,2047,2040,2024,2094,2034,2033
2039,2044,2045,2012,1960,2067,2032,2037
2041,2052,2046,2016,2007,2044,2028,2033
2050,2060,2053,2036,2075,2027,2051,2039
2058,2071,2058,2047,2073,1977,2034,2037
2062,2072,2064,2053,2060,1971,2031,2035
2055,2069,2059,2055,2040,1988,2018,2030
2049,2061,2055,2042,2027,2019,2001,2027
2044,2060,2055,2035,2016,2070,2004,2028
2047,2055,2050,2036,2029,2094,2010,2010
2031,2033,2035,2020,2033,2095,2019,2007
2027,2030,2033,2030,2059,2104,2036,2026
2044,2052,2043,2039,2031,2114,2038,2021
2045,2043,2035,2017,1960,2101,2025,2007
2040,2039,2032,1999,1924,2097,2025,2012
2039,2041,2031,1999,1909,2097,2012,2021
2040,2044,2036,2011,1953,2036,1996,2040
2051,2058,2057,2052,2061,1944,2009,2058
2059,2067,2070,2079,2161,1948,2010,2071
2062,2063,2068,2089,2200,1995,2042,2069
2056,2062,2058,2082,2179,2044,2049,2060
2051,2048,2049,2069,2131,2046,2045,2056
2046,2045,2039,2053,2111,2056,2039,2060
2036,2039,2036,2047,2080,2059,2044,2064
2051,2040,2044,2048,2043,2039,2032,2064
2050,2041,2038,2046,2022,2023,2045,2070
2052,2045,2038,2034,2018,2013,2028,2061
2038,2029,2033,2032,2025,2036,2038,2066
2045,2040,2039,2042,2040,2062,2057,2070
2064,2055,2044,2049,2046,2071,2054,2067
2065,2062,2050,2047,2043,2070,2040,2068
2069,2060,2048,2054,2043,2046,2062,2070
2072,2058,2051,2047,2033,2022,2059,2067
2076,2060,2044,2041,2036,2027,2061,2051
2068,2062,2045,2043,2043,2038,2041,2050
2062,2063,2048,2053,2050,2049,2048,2044
2061,2063,2049,2052,2037,2037,2045,2038
2062,2052,2047,2042,2016,2018,2030,2030
2058,2052,2038,2043,2029,2027,2023,2030
2048,2046,2038,2050,2056,2043,2037,2029
2043,2048,2038,2043,2051,2043,2032,2032
2052,2053,2039,2039,2044,2053,2049,2032
2063,2056,2040,2046,2046,2053,2062,2035
2057,2045,2027,2034,2034,2042,2046,2027
2054,2033,2025,2036,2051,2051,2052,2028
2055,2052,2039,2053,2099,2073,2062,2045
2065,2059,2045,2056,2102,2068,2050,2045
2057,2052,2040,2054,2083,2060,2037,2040
2051,2052,2041,2053,2054,2048,2035,2048
2048,2056,2044,2045,2045,2039,2038,2051
2054,2052,2047,2051,2037,2054,2054,2051
2053,2050,2048,2043,2035,2057,2056,2059
2049,2049,2047,2041,2046,2057,2054,2058
2061,2047,2054,2049,2075,2053,2061,2064
2057,2049,2055,2050,2078,2042,2051,2073
2052,2054,2056,2047,2056,2029,2045,2079
2055,2048,2052,2044,2039,2017,2036,2071
2052,2043,2050,2041,2020,2020,2019,2065
2047,2045,2048,2043,2013,2028,2024,2065
2046,2041,2046,2041,2012,2038,2015,2060
2038,2032,2032,2029,2012,2029,2018,2062
2035,2031,2040,2037,2029,2052,2049,2076
2055,2047,2058,2059,2053,2071,2046,2074
2057,2054,2059,2059,2062,2075,2045,2066
2053,2059,2061,2062,2056,2066,2045,2070
2053,2066,2069,2059,2065,2063,2040,2061
2068,2066,2060,2055,2076,2059,2037,2055
2059,2059,2063,2041,2049,2061,2031,2050
2058,2059,2058,2037,2026,2061,2028,2042
2060,2059,2057,2045,2035,2056,2021,2039
2058,2056,2045,2036,2026,2058,2024,2026
2054,2049,2051,2038,2071,2073,2047,2034
2053,2057,2065,2069,2108,2087,2058,2033
2063,2069,2074,2080,2116,2080,2055,2032
2060,2059,2067,2078,2109,2074,2052,2031
2060,2062,2067,2073,2116,2047,2051,2029
2054,2059,2054,2061,2099,2014,2036,2015
2033,2034,2039,2032,2040,2027,2029,2003
2027,2026,2033,2021,2003,2038,2027,2015
2047,2040,2042,2012,1942,2042,2025,2011
2044,2035,2027,1998,1898,2019,2028,2020
2040,2038,2042,2018,2018,1982,2043,2038
2053,2047,2057,2062,2169,2015,2064,2046
2057,2041,2057,2080,2232,2054,2048,2046
2065,2046,2061,2075,2238,2085,2056,2046
2058,2056,2058,2075,2226,2089,2040,2054
2056,2052,2057,2066,2162,2064,2036,2052
2051,2051,2053,2060,2097,2041,2058,2056
2055,2054,2058,2053,1979,2020,2046,2066
2054,2051,2060,2033,1923,2008,2025,2067
2052,2058,2061,2024,1868,2012,2021,2074
2054,2056,2066,2035,1942,2029,2025,2081
2059,2058,2072,2046,1999,2035,2028,2082
2049,2050,2058,2034,2023,2021,2035,2065
2037,2040,2051,2039,2038,2013,2022,2074
2047,2046,2062,2048,2043,2019,2058,2089
2061,2060,2064,2045,2031,2002,2051,2082
2064,2059,2062,2042,2019,1989,2041,2084
2063,2063,2059,2043,2021,1999,2040,2076
2066,2064,2060,2041,2024,2010,2042,2068
2059,2060,2054,2033,2010,2023,2053,2063
2063,2053,2056,2024,1974,2017,2043,2061
2066,2059,2058,2021,1951,1998,2034,2064
2063,2060,2058,2023,1942,1990,2041,2061
2057,2056,2056,2018,1969,1970,2027,2055
2058,2049,2052,2029,2038,1980,2058,2049
2058,2056,2058,2063,2090,2034,2065,2053
2064,2059,2057,2066,2088,2059,2073,2047
2061,2056,2050,2050,2074,2085,2056,2030
2055,2049,2054,2043,2068,2110,2047,2019
2042,2035,2041,2037,2061,2115,2041,2000
2042,2034,2041,2037,2062,2143,2040,2014
2052,2051,2046,2044,2064,2155,2048,2031
2056,2058,2054,2052,2056,2091,2032,2029
2049,2057,2055,2046,2038,2017,2015,2028
2052,2056,2054,2044,2030,2037,2033,2026
2044,2059,2063,2048,2030,2070,2049,2037
2047,2051,2058,2043,2042,2070,2050,2046
2046,2048,2055,2052,2068,2089,2062,2049
2048,2043,2047,2044,2057,2101,2065,2048
2046,2040,2044,2040,2032,2097,2042,2047
2045,2044,2044,2041,2009,2086,2021,2047
2043,2042,2042,2037,1973,2059,2020,2059
2052,2044,2044,2047,2016,2024,2032,2083
2062,2047,2048,2062,2093,2031,2018,2093
2068,2043,2053,2070,2103,2063,2032,2098
2061,2053,2053,2064,2095,2064,2018,2088
2044,2027,2035,2035,2056,2063,2005,2081
2033,2024,2035,2032,2041,2071,2004,2081
2049,2045,2053,2040,2052,2069,2024,2076
2057,2047,2049,2024,2017,2053,2029,2065
2056,2048,2044,2021,2042,2058,2039,2064
2056,2047,2055,2032,2048,2059,2046,2058
2054,2047,2050,2031,2043,2047,2052,2044
2049,2050,2048,2030,2043,2035,2050,2038
2051,2053,2060,2037,2037,2041,2053,2040
2053,2053,2056,2041,2039,2076,2066,2047
2065,2052,2050,2046,2041,2091,2073,2042
2061,2046,2043,2045,2045,2097,2076,2045
2051,2035,2035,2056,2068,2093,2066,2045
2058,2037,2040,2060,2058,2096,2076,2043
2052,2040,2036,2064,2063,2105,2077,2042
2053,2038,2039,2064,2090,2104,2070,2042
2052,2037,2030,2057,2091,2093,2025,2033
2040,2018,2024,2044,2068,2070,2043,2037
2038,2020,2039,2049,2069,2049,2050,2046
2056,2045,2058,2061,2095,2034,2052,2049
2062,2053,2057,2057,2099,2003,2059,2049
2059,2061,2059,2047,2054,1979,2064,2058
2066,2070,2074,2034,1984,1965,2060,2056
2072,2072,2076,2021,1949,1980,2062,2060
2070,2068,2068,2014,1970,2006,2059,2051
2062,2065,2056,2016,2010,2049,2057,2056
2064,2069,2058,2038,2038,2047,2040,2061
2061,2067,2051,2044,2030,2040,2039,2061
2057,2059,2054,2040,2018,2020,2040,2066
2054,2054,2053,2046,2058,2024,2050,2068
2055,2054,2054,2058,2090,2045,2037,2074
2056,2059,2055,2057,2076,2058,2041,2076
2057,2061,2053,2060,2063,2046,2032,2077
2041,2042,2032,2044,2043,1998,2013,2061
2031,2036,2033,2036,2028,1979,1998,2066
2042,2055,2047,2050,2040,1997,2018,2074
2056,2058,2055,2054,2049,2023,2046,2082
2064,2059,2053,2059,2054,2049,2058,2085
2069,2066,2056,2055,2059,2048,2054,2077
2071,2063,2051,2050,2049,2039,2038,2065
2061,2051,2049,2044,2047,2028,2038,2049
2052,2046,2042,2041,2042,2028,2018,2040
2048,2050,2054,2041,2049,2038,2041,2042
2052,2048,2052,2046,2056,2053,2036,2030
2050,2052,2052,2045,2054,2054,2040,2030
2048,2048,2053,2040,2057,2062,2058,2027
2053,2050,2054,2038,2058,2067,2054,2023
2045,2053,2058,2040,2054,2077,2059,2031
2045,2052,2062,2042,2046,2079,2051,2026
2042,2047,2054,2044,2032,2086,2048,2016
2025,2027,2034,2036,2029,2095,2040,2023
2029,2025,2024,2042,2032,2135,2066,2034
2052,2046,2039,2056,2059,2127,2074,2035
2053,2046,2040,2043,2050,2033,2040,2026
2048,2045,2039,2037,2043,1945,2023,2029
2049,2039,2041,2035,2044,1966,2055,2036
2049,2041,2040,2029,2049,2009,2050,2046
2055,2042,2043,2028,2043,2030,2052,2054
2055,2040,2040,2036,2044,2046,2056,2063
2061,2045,2046,2037,2036,2051,2048,2056
2058,2046,2048,2046,2038,2053,2043,2065
2060,2054,2051,2046,2041,2062,2058,2077
2058,2058,2049,2045,2045,2066,2055,2076
2057,2052,2042,2044,2047,2052,2038,2075
2053,2050,2044,2045,2032,2038,2043,2082
2051,2049,2043,2045,2032,2041,2046,2080
2039,2047,2041,2034,2014,2031,2037,2066
2023,2027,2036,2029,2021,2033,2048,2065
2033,2030,2027,2029,2030,2050,2049,2076
2059,2057,2045,2041,2035,2046,2042,2076
2067,2062,2049,2042,2052,2037,2032,2076
2064,2061,2047,2050,2067,2017,2030,2063
2061,2067,2050,2051,2066,1989,2013,2059
2057,2061,2054,2050,2050,1997,2017,2055
2060,2058,2044,2050,2038,2001,2007,2052
2058,2047,2041,2044,2040,2010,2023,2043
2051,2052,2040,2048,2047,2026,2019,2042
2055,2051,2034,2052,2058,2033,2019,2038
2049,2045,2035,2044,2047,2043,2024,2031
2056,2041,2029,2048,2039,2040,2029,2032
2054,2049,2033,2048,2031,2057,2037,2019
2046,2050,2032,2050,2030,2074,2037,2025
2047,2044,2031,2046,2039,2088,2041,2016
2044,2039,2017,2035,2032,2081,2049,2013
2035,2024,2014,2032,2042,2065,2043,2023
2042,2043,2029,2049,2044,2028,2058,2032
2070,2053,2034,2055,2041,1990,2058,2037
2063,2054,2030,2052,2034,1993,2071,2040
2059,2061,2038,2049,2033,2004,2068,2044
2064,2067,2045,2050,2077,2017,2067,2043
2061,2063,2039,2064,2117,2042,2070,2046
2057,2064,2041,2071,2112,2051,2077,2052
2063,2066,2040,2062,2079,2064,2078,2062
2065,2056,2039,2064,2078,2078,2076,2053
2056,2051,2030,2058,2085,2106,2065,2051
2049,2041,2034,2049,2066,2127,2082,2053
2043,2040,2035,2044,2018,2133,2081,2051
2035,2031,2030,2018,1967,2130,2076,2056
2037,2033,2032,2016,1930,2111,2069,2076
2047,2036,2040,2022,1912,2074,2076,2080
2041,2031,2034,2009,1892,1973,2053,2069
2040,2029,2038,2020,1946,1897,2043,2072
2054,2056,2063,2065,2041,1955,2059,2082
2070,2068,2082,2083,2103,2029,2056,2079
2070,2066,2086,2087,2137,2060,2061,2071
2067,2068,2093,2086,2128,2054,2056,2062
2064,2069,2096,2080,2100,2056,2052,2051
2065,2066,2090,2068,2072,2065,2050,2035
2066,2064,2078,2064,2067,2059,2067,2029
2063,2063,2078,2070,2063,2049,2069,2035
2069,2064,2071,2067,2057,2052,2065,2032
2061,2058,2073,2064,2040,2052,2075,2032
2056,2058,2065,2056,2035,2038,2067,2032
2048,2053,2062,2052,2049,2026,2062,2031
2050,2050,2054,2059,2105,2041,2059,2029
2050,2050,2057,2058,2102,2062,2054,2028
2044,2052,2062,2063,2072,2064,2041,2018
2034,2038,2043,2047,2039,2046,2043,2017
2039,2034,2038,2044,2047,2038,2058,2028
2053,2055,2054,2062,2061,2047,2070,2037
2062,2060,2063,2064,2070,2057,2069,2040
2063,2061,2060,2067,2081,2060,2067,2033
2058,2056,2055,2068,2083,2062,2058,2037
2060,2053,2057,2067,2102,2066,2059,2036
2059,2048,2050,2068,2112,2071,2063,2042
2055,2044,2048,2066,2092,2074,2064,2039
2048,2034,2052,2053,2063,2063,2062,2049
2051,2039,2045,2041,2013,2041,2070,2056
2046,2036,2050,2042,2001,2038,2050,2056
2044,2037,2044,2045,2035,2047,2065,2064
2043,2040,2045,2045,2060,2044,2056,2062
2042,2038,2038,2048,2063,2043,2054,2073
2039,2031,2038,2052,2054,2037,2052,2070
2043,2030,2034,2044,2042,2016,2028,2063
2027,2017,2023,2040,2022,2024,2037,2066
2030,2014,2024,2040,2027,2045,2056,2068
2046,2032,2034,2040,2027,2060,2065,2063
2041,2038,2035,2044,2035,2067,2060,2062
2039,2041,2038,2045,2044,2065,2053,2059
2047,2048,2040,2052,2056,2065,2079,2058
2048,2049,2039,2054,2060,2061,2065,2048
2047,2051,2043,2055,2058,2053,2046,2045
2052,2058,2041,2053,2053,2035,2057,2040
2049,2055,2041,2056,2052,2024,2063,2034
2048,2052,2043,2061,2057,2014,2063,2038
2048,2051,2044,2063,2064,2003,2049,2041
2050,2045,2047,2059,2064,2013,2045,2040
2052,2046,2046,2061,2061,2020,2048,2036
2052,2049,2045,2058,2058,2016,2062,2039
2053,2049,2049,2060,2070,2014,2076,2037
2044,2042,2042,2053,2054,2000,2057,2036
2038,2036,2038,2047,2046,2004,2062,2041
2041,2045,2048,2058,2050,2017,2071,2046
2061,2058,2057,2058,2037,2021,2081,2053
2057,2054,2056,2058,2035,2028,2076,2050
2059,2058,2056,2058,2039,2054,2070,2058
2058,2055,2054,2062,2045,2069,2076,2061
2062,2052,2050,2062,2061,2064,2048,2062
2053,2058,2057,2060,2064,2043,2040,2057
2051,2057,2048,2064,2060,2041,2028,2050
2046,2058,2050,2054,2056,2060,2012,2055
2038,2053,2047,2058,2048,2057,2029,2050
2040,2051,2045,2061,2045,2047,2026,2045
2036,2053,2046,2067,2060,2064,2029,2047
2043,2047,2048,2066,2068,2082,2056,2055
2041,2041,2042,2064,2080,2120,2065,2062
2035,2039,2041,2067,2113,2143,2068,2067
2029,2032,2031,2048,2119,2123,2058,2067
2022,2026,2028,2050,2112,2113,2069,2066
2041,2042,2045,2059,2121,2133,2074,2060
2039,2043,2045,2050,2100,2126,2066,2062
2044,2044,2043,2046,2079,2115,2069,2051
2036,2039,2044,2037,2058,2100,2058,2046
2044,2052,2047,2052,2025,2029,2035,2062
2044,2058,2051,2051,1925,1996,2026,2056
2051,2054,2053,2042,1926,2007,2033,2052
2052,2057,2045,2050,1966,2046,2054,2048
2055,2051,2048,2061,2028,2089,2078,2034
2056,2056,2047,2066,2078,2099,2078,2037
2053,2054,2046,2066,2070,2073,2085,2041
2052,2053,2043,2069,2053,2045,2080,2035
2055,2053,2049,2065,2031,2037,2087,2033
2048,2055,2044,2061,2031,2043,2067,2031
2041,2045,2038,2056,2026,2030,2054,2016
2019,2020,2020,2031,1981,2008,2026,2006
2029,2019,2018,2028,2008,2038,2055,2026
2044,2044,2035,2045,2044,2074,2065,2037
2051,2039,2041,2056,2051,2093,2075,2040
2048,2047,2044,2061,2052,2092,2067,2043
2054,2049,2044,2056,2050,2081,2045,2035
2049,2050,2043,2061,2039,2042,2036,2028
2047,2047,2044,2059,2040,2026,2018,2035
2052,2045,2040,2057,2036,2036,2027,2047
2052,2043,2043,2058,2042,2030,2049,2057
2053,2044,2037,2060,2045,2024,2062,2062
2052,2044,2044,2062,2042,2020,2057,2065
2050,2046,2044,2070,2048,2017,2066,2065
2047,2040,2040,2058,2041,2013,2047,2063
2051,2039,2046,2056,2040,2028,2038,2066
2053,2041,2040,2063,2041,2044,2041,2080
2054,2041,2042,2051,2023,2036,2022,2062
2034,2031,2034,2046,2013,2024,1999,2058
2038,2034,2044,2049,2024,2040,2018,2064
2045,2051,2049,2055,2028,2053,2027,2062
2037,2049,2044,2051,2027,2062,2050,2058
2043,2051,2044,2049,2008,2043,2051,2057
2050,2044,2041,2039,1979,2017,2039,2057
2049,2041,2041,2032,1944,1993,2040,2047
2047,2038,2032,2021,1915,1987,2024,2036
2038,2040,2031,2014,1920,1991,2018,2030
2035,2039,2036,2019,1955,2023,2021,2026
2040,2044,2042,2037,2024,2065,2035,2033
2058,2058,2060,2073,2110,2088,2063,2045
2064,2068,2061,2091,2131,2104,2064,2039
2062,2055,2049,2080,2128,2109,2063,2032
2051,2053,2041,2072,2136,2121,2070,2032
2051,2044,2040,2066,2120,2118,2054,2026
2043,2030,2022,2052,2082,2089,2039,2008
2031,2018,2012,2049,2092,2085,2032,2008
2030,2027,2022,2063,2094,2095,2059,2017
2034,2031,2032,2060,2076,2079,2032,2019
2044,2034,2036,2054,2038,2066,2061,2024
2049,2035,2046,2050,2016,2060,2057,2033
2046,2039,2040,2046,2040,2063,2042,2028
2056,2036,2044,2055,2057,2059,2045,2035
2050,2035,2041,2062,2065,2019,2040,2048
2050,2036,2037,2059,2057,2001,2039,2050
2047,2040,2047,2064,2041,2029,2050,2057
2053,2039,2044,2067,2050,2062,2056,2059
2044,2036,2040,2062,2052,2083,2055,2060
2041,2037,2034,2058,2052,2086,2042,2059
2046,2034,2037,2055,2040,2066,2032,2061
2041,2031,2034,2055,2030,2007,2031,2062
2040,2034,2032,2055,2030,1977,2009,2058
2026,2009,2016,2035,2023,1981,1990,2054
2026,2007,2012,2038,2019,2006,2005,2062
2041,2033,2030,2047,2030,2021,2015,2061
2044,2041,2037,2046,2025,2012,2004,2067
2052,2038,2038,2042,2013,2004,2012,2059
2052,2047,2042,2044,2002,2006,1991,2053
2063,2058,2045,2046,2014,2008,1995,2053
2057,2056,2047,2052,2028,2017,2015,2042
2060,2058,2046,2053,2036,2026,2035,2034
2053,2051,2042,2055,2045,2042,2042,2027
2052,2050,2040,2056,2047,2041,2053,2030
2046,2050,2042,2050,2058,2060,2058,2039
2053,2043,2044,2054,2062,2079,2070,2042
2058,2041,2041,2052,2053,2100,2070,2031
2046,2037,2034,2048,2042,2121,2071,2025
2049,2041,2036,2041,2042,2155,2074,2019
2046,2036,2040,2041,2025,2136,2062,2014
2036,2028,2023,2032,2013,2045,2008,2010
2041,2026,2017,2030,2016,1949,2019,2017
2054,2049,2033,2043,2017,1968,2043,2032
2059,2054,2036,2038,2030,2014,2058,2039
2058,2055,2039,2047,2035,2039,2062,2038
2064,2053,2047,2055,2048,2055,2068,2046
2057,2057,2045,2051,2058,2056,2067,2045
2065,2056,2046,2050,2065,2055,2072,2052
2057,2057,2053,2058,2058,2059,2076,2057
2057,2051,2054,2051,2053,2053,2066,2064
2058,2052,2051,2052,2047,2051,2071,2064
2059,2050,2050,2049,2054,2052,2053,2068
2053,2044,2049,2047,2051,2054,2044,2070
2042,2039,2044,2047,2044,2045,2055,2076
2047,2045,2048,2042,2034,2038,2057,2079
2049,2046,2045,2047,2031,2035,2039,2085
2047,2041,2038,2033,2021,2022,2032,2074
2034,2032,2032,2030,2022,2025,2030,2070
2036,2034,2037,2037,2047,2044,2045,2077
2046,2051,2046,2052,2082,2058,2041,2076
2051,2040,2047,2050,2093,2056,2042,2074
2054,2048,2046,2052,2082,2050,2039,2065
2051,2050,2042,2051,2072,2057,2062,2054
2054,2050,2047,2049,2058,2052,2058,2038
2050,2046,2049,2049,2050,2049,2049,2038
2053,2047,2048,2046,2044,2034,2044,2034
2049,2050,2054,2049,2038,2024,2047,2037
2052,2047,2052,2044,2024,2023,2049,2042
2056,2043,2051,2045,2020,2020,2050,2038
2057,2042,2047,2045,2021,2022,2048,2030
2048,2039,2045,2045,2014,2018,2034,2026
2048,2041,2041,2045,2028,2035,2042,2034
2053,2044,2042,2052,2028,2049,2047,2037
2048,2028,2032,2036,2018,2039,2041,2029
2039,2025,2029,2037,2015,2019,2030,2032
2047,2045,2042,2052,2028,2025,2058,2038
2058,2052,2048,2058,2041,2024,2062,2035
2062,2049,2045,2052,2053,2031,2074,2036
2059,2049,2046,2057,2063,2034,2061,2042
2056,2050,2052,2057,2074,2052,2082,2054
2061,2057,2052,2063,2079,2066,2071,2061
2064,2060,2056,2057,2059,2060,2062,2053
2062,2050,2051,2050,2036,2056,2061,2057
2052,2045,2048,2044,2015,2047,2062,2058
2053,2048,2043,2045,2012,2057,2056,2066
2046,2051,2049,2047,2024,2065,2066,2075
2050,2046,2043,2046,2024,2067,2077,2075
2052,2043,2043,2042,2015,2055,2056,2070
2046,2041,2039,2043,2023,2050,2074,2079
2051,2042,2039,2052,2045,2053,2066,2072
2040,2022,2026,2034,2051,2032,2023,2068
2040,2026,2025,2038,2063,2009,2034,2072
2045,2038,2035,2051,2092,2014,2042,2072
2050,2035,2042,2052,2110,2012,2035,2070
2042,2045,2038,2054,2094,2019,2036,2068
2051,2044,2048,2053,2083,2033,2051,2059
2048,2049,2056,2059,2086,2041,2054,2056
2060,2046,2058,2064,2088,2040,2032,2056
2052,2047,2054,2054,2079,2023,2023,2049
2051,2050,2054,2039,1983,2007,2016,2034
2050,2047,2051,2018,1913,1997,2025,2034
2048,2047,2051,2022,1924,2002,2023,2027
2049,2050,2051,2030,1938,2012,2038,2016
2050,2045,2053,2034,1938,2003,2019,2012
2044,2042,2049,2036,1981,2009,2035,2017
2042,2036,2050,2050,1996,2027,2056,2017
2045,2043,2050,2051,2030,2034,2048,2004
2034,2024,2034,2037,2028,2043,2044,2014
2034,2027,2042,2052,2063,2060,2060,2029
2052,2059,2066,2076,2065,2012,2055,2037
2052,2058,2068,2092,2077,2017,2065,2042
2054,2060,2062,2088,2101,2065,2068,2039
2051,2052,2056,2066,2091,2117,2083,2036
2046,2048,2046,2047,2073,2142,2079,2036
2041,2039,2038,2039,2126,2133,2069,2040
2050,2039,2038,2053,2129,2113,2084,2048
2047,2039,2040,2057,2107,2075,2081,2049
2049,2034,2038,2053,2114,2068,2070,2064
2046,2043,2044,2056,2113,2057,2049,2063
2051,2043,2046,2048,2099,2030,2040,2065
2050,2047,2050,2052,2105,2006,2037,2061
2044,2042,2040,2050,2108,2025,2034,2056
2042,2044,2035,2051,2126,2060,2047,2060
2041,2037,2033,2053,2129,2069,2054,2056
2041,2027,2031,2056,2090,2071,2063,2072
2038,2030,2040,2053,1998,2074,2075,2077
2052,2045,2045,2051,2010,2088,2075,2076
2053,2049,2038,2043,2013,2075,2069,2067
2053,2045,2040,2039,2014,2066,2058,2071
2058,2044,2049,2046,2026,2034,2068,2066
2058,2044,2046,2048,2024,2005,2046,2058
2058,2053,2045,2048,2025,1990,2048,2057
2061,2057,2055,2045,2028,1994,2060,2053
2060,2056,2047,2043,2021,2001,2033,2034
2056,2050,2044,2037,2019,2018,2053,2035
2058,2053,2038,2037,2026,2045,2044,2028
2050,2051,2041,2040,2029,2060,2043,2030
2053,2052,2046,2041,2039,2058,2025,2024
2051,2051,2048,2046,2034,2035,2036,2027
2056,2048,2052,2042,2041,2035,2054,2023
2046,2044,2041,2040,2036,2028,2051,2016
2038,2042,2046,2048,2035,2033,2032,2018
2052,2058,2059,2062,2064,2048,2041,2030
2066,2060,2069,2067,2064,2064,2065,2028
2061,2063,2065,2060,2065,2061,2064,2038
2061,2062,2065,2055,2068,2041,2053,2038
2059,2054,2063,2058,2081,2024,2031,2039
2060,2055,2065,2063,2090,2019,2050,2044
2057,2061,2066,2070,2079,2033,2052,2053
2053,2055,2073,2068,2072,2042,2068,2052
2054,2054,2067,2065,2063,2048,2063,2060
2056,2057,2067,2067,2073,2049,2067,2069
2057,2059,2066,2059,2064,2075,2069,2065
2054,2054,2060,2056,2068,2096,2072,2069
2045,2041,2050,2050,2051,2094,2077,2068
2046,2034,2050,2039,2039,2072,2074,2067
2046,2030,2044,2037,2032,2048,2063,2064
2039,2016,2028,2035,2034,2012,2049,2071
2035,2023,2034,2043,2066,2030,2048,2077
2042,2039,2048,2054,2067,2049,2060,2063
2037,2036,2037,2048,2052,2072,2055,2062
2040,2037,2039,2046,2034,2078,2044,2047
2037,2035,2039,2052,2020,2065,2044,2049
2043,2040,2048,2052,2022,2083,2060,2056
2049,2044,2046,2050,2036,2096,2070,2046
2057,2044,2053,2058,2058,2097,2059,2037
2054,2037,2047,2055,2060,2111,2056,2031
2051,2039,2048,2049,2056,2118,2055,2034
2053,2049,2047,2059,2071,2099,2056,2030
2061,2052,2055,2055,2060,2021,2031,2028
2062,2046,2053,2044,2048,1979,2020,2016
2058,2039,2045,2045,2062,1996,2031,2022
2055,2044,2048,2043,2066,2010,2033,2019
2061,2046,2041,2020,2014,1987,2018,2006
2045,2023,2025,1995,1978,1968,2031,1999
2036,2021,2028,2006,1980,1972,2048,2016
2051,2043,2051,2025,1991,1988,2044,2018
2045,2042,2057,2028,2013,2008,2049,2017
2042,2043,2053,2032,2037,2024,2017,2019
2042,2048,2050,2033,2050,2034,2047,2032
2049,2053,2054,2039,2045,2038,2029,2039
2051,2055,2057,2037,2047,2040,2063,2052
2051,2057,2056,2041,2052,2036,2062,2052
2057,2051,2056,2046,2061,2050,2035,2049
2055,2053,2056,2048,2066,2049,2056,2054
2048,2050,2061,2048,2072,2051,2057,2058
2048,2047,2063,2050,2076,2056,2053,2066
2052,2047,2064,2054,2077,2071,2051,2069
2046,2040,2062,2052,2074,2073,2039,2076
2046,2039,2060,2053,2065,2071,2035,2065
2037,2035,2046,2034,2044,2044,2031,2055
2021,2018,2041,2031,2039,2039,2040,2053
2030,2036,2051,2044,2055,2066,2056,2074
2044,2045,2050,2043,2065,2083,2059,2072
2047,2052,2051,2046,2064,2079,2063,2076
2052,2053,2062,2042,2051,2070,2070,2072
2054,2055,2053,2042,2051,2067,2070,2064
2055,2050,2052,2031,2016,2070,2058,2051
2052,2054,2050,2028,1983,2048,2053,2042
2050,2053,2052,2025,1959,2023,2043,2031
2049,2052,2049,2020,1954,2004,2040,2025
2045,2050,2053,2029,1985,1974,2052,2037
2049,2051,2059,2045,2043,1975,2057,2034
2053,2052,2060,2052,2088,2012,2063,2041
2053,2047,2059,2046,2090,2036,2066,2034
2047,2045,2057,2053,2086,2042,2053,2040
2050,2045,2053,2045,2070,2043,2045,2034
2038,2025,2047,2032,2046,2028,2046,2019
2033,2028,2044,2028,2035,2031,2045,2023
2042,2043,2058,2042,2037,2051,2050,2032
2052,2050,2070,2048,2036,2072,2050,2031
2048,2047,2063,2045,2047,2097,2063,2028
2044,2046,2055,2036,2056,2156,2066,2034
2044,2037,2053,2046,2084,2188,2072,2032
2046,2054,2066,2061,2118,2156,2073,2046
2053,2056,2072,2071,2114,2043,2064,2050
2054,2063,2073,2069,2109,2030,2069,2065
2061,2063,2073,2059,2097,2070,2079,2067
2048,2056,2069,2047,2047,2099,2079,2069
2042,2050,2061,2030,2010,2109,2077,2072
2038,2040,2057,2026,2022,2116,2072,2069
2038,2037,2056,2025,2047,2095,2064,2076
2035,2039,2064,2034,2062,2070,2058,2078
2041,2045,2066,2043,2066,2074,2063,2073
2034,2027,2049,2031,2056,2112,2066,2073
2031,2024,2042,2031,2063,2152,2081,2080
2044,2049,2060,2039,2054,2167,2084,2075
2050,2048,2062,2041,2052,2092,2073,2068
2052,2044,2056,2036,2024,1913,2045,2056
2044,2038,2060,2029,2007,1875,2047,2058
2054,2041,2056,2034,2028,1947,2052,2054
2053,2048,2056,2041,2033,1994,2059,2044
2049,2050,2058,2038,2047,2024,2049,2031
2052,2050,2056,2044,2053,2035,2055,2033
2045,2048,2051,2045,2052,2039,2072,2033
2043,2041,2053,2048,2050,2039,2057,2030
2041,2042,2055,2044,2058,2035,2062,2028
2040,2040,2047,2046,2053,2028,2055,2026
2042,2035,2041,2042,2052,2023,2057,2022
2047,2037,2044,2044,2062,2028,2056,2023
2049,2033,2043,2034,2057,2016,2034,2005
2026,2014,2033,2030,2048,2008,2035,2014
2031,2016,2040,2045,2068,2030,2058,2030
2044,2044,2056,2050,2052,2043,2059,2032
2043,2047,2056,2046,2030,2044,2053,2028
2055,2052,2055,2041,2024,2037,2052,2032
2058,2051,2060,2039,2031,2031,2057,2035
2060,2054,2065,2042,2043,2035,2050,2049
2055,2055,2061,2045,2050,2037,2049,2049
2061,2056,2068,2041,2049,2043,2048,2061
2056,2054,2066,2046,2056,2043,2058,2058
2053,2058,2062,2044,2051,2039,2057,2062
2054,2060,2063,2042,2048,2038,2047,2072
2053,2054,2062,2042,2045,2038,2046,2069
2045,2045,2059,2044,2049,2042,2024,2071
2036,2042,2059,2044,2038,2037,2036,2068
2031,2040,2063,2048,2043,2040,2036,2073
2030,2036,2053,2032,2030,2028,2013,2075
2026,2029,2051,2035,2034,2037,2011,2070
2034,2047,2064,2043,2039,2053,2029,2076
2044,2054,2061,2041,2041,2054,2016,2080
2054,2056,2062,2046,2044,2061,2028,2067
2045,2050,2058,2047,2045,2056,2024,2065
2045,2053,2058,2051,2053,2059,2028,2065
2047,2050,2062,2047,2050,2052,2044,2055
2046,2048,2058,2050,2047,2049,2048,2050
2050,2051,2061,2047,2045,2046,2060,2038
2051,2045,2058,2045,2040,2033,2065,2039
2050,2047,2056,2039,2054,2032,2036,2035
2044,2051,2056,2049,2059,2028,2029,2039
2049,2045,2060,2048,2061,2024,2053,2034
2045,2046,2058,2048,2057,2010,2048,2040
2048,2050,2051,2046,2059,2021,2047,2037
2045,2044,2058,2043,2047,2016,2048,2030
2037,2034,2045,2032,2041,2004,2025,2026
2032,2032,2040,2033,2038,2004,2008,2039
2040,2048,2060,2051,2053,2028,2008,2035
2042,2049,2057,2048,2053,2048,2023,2037
2040,2039,2055,2048,2053,2053,2024,2035
2040,2041,2056,2046,2050,2052,2032,2042
2036,2040,2052,2049,2052,2060,2026,2043
2042,2041,2058,2050,2047,2064,2040,2041
2031,2039,2052,2049,2055,2068,2039,2046
2034,2049,2050,2051,2059,2065,2038,2055
2040,2038,2061,2056,2064,2066,2043,2062
2040,2040,2060,2052,2058,2073,2058,2069
2042,2040,2055,2045,2062,2074,2047,2074
2039,2043,2059,2049,2051,2070,2066,2080
2046,2042,2063,2047,2044,2065,2077,2090
2045,2054,2062,2051,2035,2052,2055,2088
2043,2050,2062,2040,2016,2030,2029,2077
2029,2023,2038,2022,1993,1992,2020,2070
2024,2024,2034,2014,1987,1984,2026,2078
2046,2045,2050,2021,1993,2006,2039,2072
2045,2044,2053,2028,2003,2019,2047,2074
2040,2041,2054,2033,2018,2020,2041,2073
2045,2049,2054,2044,2023,2026,2050,2072
2051,2054,2057,2042,2047,2026,2055,2061
2048,2058,2060,2049,2054,2026,2053,2054
2050,2049,2062,2055,2048,2029,2038,2043
2043,2039,2056,2052,2058,2047,2028,2035
2041,2037,2056,2052,2025,2076,2033,2027
2040,2041,2048,2041,1982,2094,2024,2027
2038,2040,2048,2023,1957,2078,2026,2024
2041,2040,2048,2022,1943,2060,2035,2025
2038,2041,2049,2024,1952,2065,2038,2025
2042,2047,2049,2027,1968,2076,2052,2034
2050,2042,2049,2035,2017,2074,2034,2036
2044,2036,2053,2049,2068,2072,2018,2035
2041,2029,2055,2043,2075,2066,2016,2043
2050,2053,2061,2043,2075,2056,2038,2046
2056,2056,2060,2038,2080,2039,2032,2041
2058,2050,2059,2028,2086,2028,2045,2044
2059,2051,2056,2038,2096,2040,2061,2046
2062,2051,2062,2037,2102,2072,2057,2045
2059,2049,2060,2054,2107,2085,2049,2053
2059,2047,2064,2044,2069,2066,2052,2056
2052,2048,2059,2049,2049,2080,2073,2052
2049,2052,2056,2051,2043,2076,2048,2048
2043,2046,2055,2038,2030,2057,2012,2049
2046,2044,2055,2047,2051,2042,2018,2056
2045,2046,2054,2052,2091,2046,2028,2070
2045,2051,2054,2052,2107,2077,2041,2080
2048,2052,2058,2054,2117,2116,2048,2073
2048,2034,2041,2033,2071,2093,2030,2055
2032,2024,2037,2020,2013,2071,2020,2050
2037,2033,2045,2024,1987,2063,2025,2065
2042,2046,2054,2027,1995,2034,2044,2065
2048,2046,2057,2037,2026,2028,2044,2068
2053,2053,2064,2046,2050,2024,2061,2070
2050,2056,2064,2045,2089,2026,2050,2064
2053,2056,2070,2053,2109,2031,2038,2067
2064,2062,2067,2058,2090,2034,2059,2061
2058,2052,2061,2054,2126,2050,2048,2047
2055,2052,2056,2053,2150,2063,2042,2036
2051,2046,2051,2055,2183,2095,2044,2036
2056,2047,2056,2060,2166,2107,2046,2038
2053,2043,2053,2061,2125,2093,2042,2024
2041,2042,2040,2042,2005,2011,2034,2010
2042,2031,2041,2037,1962,1993,2025,2000
2033,2034,2042,2045,2011,2045,2030,1998
2026,2012,2032,2047,2056,2060,2012,1997
2027,2011,2033,2049,2102,2059,2013,2012
2046,2038,2054,2058,2117,2054,2024,2035
2054,2047,2053,2058,2104,2061,2035,2034
2056,2046,2052,2045,2048,2043,2047,2042
2057,2049,2046,2030,1956,2024,2030,2040
2059,2048,2053,2034,1980,2032,2038,2044
2052,2050,2052,2053,2010,2029,2038,2042
2057,2051,2064,2051,1997,2016,2024,2056
2060,2055,2052,2044,2002,2022,2029,2046
2054,2051,2050,2039,2036,2052,2050,2051
2053,2045,2041,2043,2065,2076,2063,2045
2047,2045,2038,2042,2074,2076,2061,2060
2046,2040,2041,2042,2077,2078,2060,2069
2055,2051,2050,2046,2085,2076,2070,2075
2052,2053,2054,2050,2075,2083,2071,2084
2055,2058,2047,2046,2053,2083,2062,2071
2043,2043,2038,2036,2034,2107,2057,2077
2042,2037,2041,2038,2054,2133,2085,2092
2062,2056,2054,2045,2057,2126,2060,2088
2059,2058,2047,2036,2038,2063,2035,2072
2052,2056,2041,2037,2064,2026,2024,2063
2054,2056,2044,2039,2049,1993,2020,2065
2054,2049,2047,2033,2034,1974,2011,2056
2054,2039,2040,2026,2028,1990,2028,2042
2048,2026,2029,2027,2040,2002,2039,2038
2041,2027,2033,2028,2034,2017,2040,2038
2047,2029,2038,2042,2053,2015,2049,2035
2040,2034,2045,2047,2053,2018,2050,2034
2047,2031,2043,2037,2047,2015,2052,2023
2040,2029,2042,2033,2033,2013,2041,2020
2040,2027,2039,2030,2026,2020,2023,2018
2043,2033,2040,2032,2023,2051,2016,2025
2043,2032,2035,2029,2025,2067,2026,2018
2042,2020,2022,2033,2037,2069,2033,2019
2038,2021,2033,2045,2060,2062,2050,2028
2050,2042,2044,2046,2072,2051,2053,2032
2055,2041,2044,2053,2072,2047,2052,2030
2050,2036,2040,2052,2077,2044,2033,2032
2043,2037,2045,2052,2084,2042,2050,2044
2051,2039,2048,2052,2085,2039,2044,2054
2049,2039,2046,2054,2086,2055,2054,2064
2049,2047,2051,2053,2077,2087,2063,2058
2052,2051,2058,2055,2066,2109,2026,2064
2049,2052,2057,2050,2060,2148,2026,2064
2047,2047,2048,2046,2053,2129,2028,2060
2039,2040,2033,2043,2040,2046,2021,2055
2030,2030,2034,2036,2031,1978,2019,2063
2037,2035,2034,2038,2039,2010,2057,2067
2038,2041,2041,2037,2033,2033,2062,2076
2040,2028,2034,2024,2018,2024,2043,2053
2026,2018,2028,2019,2016,2015,2029,2043
2035,2033,2044,2034,2027,2036,2055,2048
2041,2039,2045,2040,2035,2042,2044,2063
2048,2042,2050,2039,2041,2049,2038,2063
2048,2046,2055,2042,2043,2055,2060,2069
2048,2063,2058,2044,2042,2063,2055,2064
2052,2059,2065,2049,2042,2069,2059,2055
2058,2061,2061,2053,2044,2083,2076,2050
2060,2064,2067,2047,2056,2085,2043,2050
