CH1,CH2,CH3,CH4,CH5,CH6,CH7,CH8
2041,2033,2025,2015,2038,2046,2059,2028
2037,2031,2027,2018,2039,2052,2050,2024
2045,2044,2060,2030,2050,2047,2062,2022
2049,2055,2092,2048,2066,2060,2055,2018
2046,2059,2096,2054,2069,2063,2039,2009
2045,2055,2084,2047,2058,2050,2031,2004
2039,2048,2069,2050,2046,2053,2034,2000
2042,2064,2075,2056,2062,2062,2041,2019
2053,2075,2076,2056,2065,2064,2035,2018
2052,2072,2080,2056,2053,2055,2038,2020
2052,2070,2076,2050,2045,2052,2045,2019
2060,2068,2069,2055,2040,2052,2035,2030
2057,2074,2077,2066,2051,2055,2041,2042
2057,2074,2073,2060,2060,2054,2047,2048
2062,2067,2063,2056,2052,2049,2053,2052
2058,2054,2059,2051,2050,2037,2040,2057
2054,2051,2052,2055,2047,2028,2035,2058
2047,2050,2053,2052,2044,2030,2041,2058
2044,2050,2056,2064,2049,2037,2042,2058
2045,2039,2052,2072,2050,2041,2056,2061
2048,2039,2058,2073,2040,2041,2050,2066
2036,2033,2052,2070,2029,2036,2016,2061
2027,2012,2032,2060,2021,2026,2030,2057
2022,2012,2034,2060,2022,2031,2046,2072
2042,2038,2054,2084,2033,2033,2050,2077
2050,2042,2045,2081,2036,2036,2065,2077
2045,2045,2038,2081,2041,2040,2059,2079
2051,2059,2054,2090,2057,2053,2070,2077
2060,2065,2064,2088,2068,2056,2070,2074
2062,2070,2054,2084,2072,2047,2057,2071
2056,2062,2035,2063,2074,2042,2047,2047
2047,2053,2018,2047,2087,2045,2046,2041
2044,2056,2025,2044,2072,2041,2054,2034
2050,2056,2029,2039,2071,2044,2056,2027
2058,2059,2024,2031,2066,2046,2049,2020
2060,2056,2024,2030,2073,2052,2055,2011
2055,2052,2037,2030,2064,2051,2059,2007
2050,2050,2030,2024,2062,2048,2063,2003
2032,2024,2011,2001,2036,2031,2035,1980
2021,2018,2013,1998,2038,2030,2034,1991
2042,2053,2053,2019,2051,2045,2049,2006
2051,2062,2064,2026,2049,2050,2041,2011
2048,2066,2072,2035,2046,2056,2040,2008
2044,2054,2075,2040,2046,2054,2041,2017
2049,2044,2072,2044,2044,2047,2017,2020
2042,2040,2075,2047,2044,2048,2030,2034
2046,2042,2082,2055,2032,2052,2043,2042
2049,2044,2065,2048,2014,2061,2063,2049
2054,2047,2049,2038,2005,2062,2050,2051
2046,2038,2031,2031,2009,2056,2054,2053
2044,2041,2036,2041,2023,2052,2052,2055
2042,2052,2043,2042,2018,2049,2046,2063
2047,2046,2039,2043,2026,2054,2038,2061
2042,2050,2035,2048,2055,2057,2054,2072
2042,2038,2027,2053,2062,2050,2036,2059
2025,2013,2015,2033,2041,2040,2027,2058
2021,2004,2010,2033,2044,2039,2040,2073
2034,2036,2037,2040,2070,2039,2052,2072
2036,2040,2039,2040,2051,2037,2057,2075
2039,2048,2050,2041,2057,2042,2055,2073
2052,2046,2049,2056,2096,2066,2048,2070
2056,2061,2061,2073,2125,2071,2051,2069
2056,2063,2051,2081,2173,2080,2060,2059
2059,2065,2055,2092,2222,2083,2064,2062
2061,2065,2057,2094,2224,2085,2078,2055
2057,2064,2057,2086,2177,2073,2056,2035
2048,2053,2048,2068,2090,2061,2040,2030
2050,2048,2039,2064,2091,2063,2040,2022
2045,2050,2044,2074,2116,2066,2050,2016
2051,2050,2064,2081,2124,2068,2066,2013
2052,2055,2068,2067,2113,2065,2036,2007
2035,2036,2048,2048,2062,2036,2025,1993
2025,2037,2040,2027,1970,2023,2018,1994
2040,2064,2058,2020,1886,2032,2047,2009
2052,2062,2052,2016,1860,2025,2048,2013
2048,2063,2038,2021,1893,2025,2051,2011
2042,2056,2017,2037,1948,2024,2043,2019
2034,2053,2010,2043,1982,2026,2041,2027
2027,2050,2007,2042,1994,2033,2036,2031
2036,2044,2010,2048,2013,2042,2040,2038
2050,2053,2031,2052,2036,2047,2056,2052
2052,2064,2037,2048,2048,2055,2050,2052
2045,2045,2021,2040,2036,2052,2032,2057
2044,2043,2018,2036,2037,2047,2052,2066
2039,2044,2022,2038,2033,2048,2037,2067
2037,2036,2015,2043,2042,2055,2029,2071
2040,2038,2016,2039,2051,2057,2041,2068
2036,2032,2005,2034,2048,2047,2022,2062
2022,2009,1996,2033,2041,2045,2032,2072
2024,2018,2012,2039,2043,2051,2036,2079
2038,2035,2019,2025,2026,2042,2044,2082
2040,2026,2015,2009,2009,2032,2036,2075
2027,2033,2028,2015,1997,2025,2036,2075
2036,2047,2065,2021,1993,2031,2044,2078
2044,2051,2073,2032,2006,2034,2016,2075
2048,2060,2080,2039,2023,2048,2012,2070
2052,2062,2081,2056,2035,2051,2049,2074
2050,2066,2082,2070,2044,2057,2047,2059
2052,2071,2092,2068,2054,2060,2052,2061
2064,2070,2100,2065,2044,2064,2053,2044
2060,2071,2111,2066,2035,2062,2064,2040
2058,2066,2118,2070,2028,2058,2070,2039
2054,2070,2132,2074,2044,2060,2057,2038
2055,2070,2131,2077,2067,2048,2031,2023
2050,2058,2112,2071,2073,2051,2031,2016
2051,2059,2104,2069,2066,2053,2077,2022
2059,2070,2099,2077,2043,2057,2072,2031
2057,2062,2078,2063,2017,2055,2058,2026
2054,2052,2053,2051,2016,2047,2066,2029
2046,2049,2038,2046,1999,2039,2061,2036
2045,2045,2030,2042,2012,2049,2050,2050
2052,2055,2029,2048,2034,2056,2068,2059
2056,2049,2019,2047,2035,2051,2074,2062
2048,2047,2015,2043,2024,2049,2062,2061
2048,2043,2014,2035,2009,2035,2058,2066
2047,2044,2013,2037,2025,2041,2056,2074
2055,2048,2025,2049,2031,2042,2055,2074
2048,2040,2019,2053,2062,2037,2023,2078
2038,2030,2018,2064,2074,2031,2023,2083
2046,2037,2046,2077,2071,2035,2034,2086
2049,2038,2054,2065,2053,2019,2041,2088
2029,2026,2056,2060,2033,2010,2026,2073
2023,2025,2066,2065,2041,2030,2049,2082
2031,2039,2085,2077,2057,2062,2047,2086
2039,2046,2090,2087,2040,2070,2062,2084
2048,2054,2094,2083,2018,2070,2068,2080
2052,2052,2070,2073,2002,2076,2056,2072
2046,2040,2052,2068,2023,2060,2055,2075
2041,2040,2037,2062,2054,2021,2041,2069
2042,2035,2018,2044,2041,2020,2043,2061
2040,2035,2011,2020,2001,2020,2045,2050
2038,2042,2022,2007,2009,2031,2054,2048
2039,2050,2037,2007,2029,2049,2062,2052
2042,2061,2051,2002,2038,2061,2026,2038
2044,2061,2064,1999,2040,2061,2041,2035
2046,2061,2060,1991,2031,2051,2044,2025
2046,2057,2055,1988,2039,2042,2015,2018
2033,2036,2047,1992,2056,2033,2010,2008
2036,2035,2059,2005,2060,2044,2024,2011
2046,2057,2080,2023,2075,2057,2016,2021
2054,2065,2090,2026,2070,2054,2013,2019
2060,2071,2085,2032,2068,2059,2039,2036
2053,2067,2075,2036,2078,2055,2029,2034
2052,2060,2081,2041,2069,2054,2025,2037
2051,2063,2069,2046,2059,2049,2029,2049
2049,2060,2071,2043,2046,2050,2033,2060
2054,2054,2064,2042,2052,2051,2060,2068
2056,2054,2055,2044,2050,2051,2050,2072
2048,2052,2053,2041,2054,2057,2052,2082
2055,2057,2062,2044,2045,2048,2026,2075
2047,2042,2052,2044,2039,2036,2033,2072
2046,2052,2055,2042,2040,2035,2052,2073
2046,2048,2056,2044,2043,2044,2043,2082
2045,2051,2050,2032,2042,2037,2017,2067
2024,2024,2034,2029,2033,2037,2011,2068
2026,2024,2034,2041,2039,2050,2039,2075
2046,2043,2047,2047,2044,2046,2047,2088
2055,2053,2052,2046,2049,2054,2046,2085
2055,2049,2030,2054,2058,2056,2033,2084
2055,2046,2024,2062,2061,2061,2050,2083
2056,2045,2030,2079,2069,2066,2060,2082
2061,2045,2017,2084,2071,2074,2062,2078
2057,2037,2000,2088,2069,2069,2058,2067
2050,2037,1992,2089,2067,2067,2042,2055
2052,2031,1985,2084,2063,2064,2049,2048
2046,2033,1969,2079,2059,2063,2046,2033
2047,2023,1968,2080,2058,2059,2048,2025
2038,2019,1962,2075,2055,2059,2047,2024
2038,2021,1952,2068,2059,2058,2057,2014
2035,2020,1956,2072,2059,2064,2049,2013
2024,2009,1947,2047,2047,2046,2024,1994
2014,2002,1948,2031,2041,2041,2010,1983
2019,2006,1970,2013,2031,2045,2011,2000
2032,2025,2005,2003,2023,2037,2019,2000
2029,2030,2025,1989,2012,2027,2005,2003
2029,2032,2050,1975,2006,2033,2010,2022
2032,2056,2086,1990,2015,2038,2021,2033
2047,2076,2120,2016,2025,2045,2039,2041
2052,2084,2122,2035,2030,2048,2047,2048
2054,2074,2117,2041,2040,2052,2039,2050
2049,2070,2106,2042,2036,2050,2043,2053
2045,2068,2106,2049,2036,2052,2031,2062
2054,2071,2099,2051,2032,2047,2049,2061
2049,2068,2097,2049,2031,2048,2047,2069
2059,2066,2090,2054,2032,2047,2053,2079
2056,2069,2093,2055,2042,2048,2058,2086
2050,2068,2085,2053,2039,2050,2056,2090
2038,2051,2062,2044,2026,2043,2053,2076
2037,2046,2059,2046,2029,2050,2041,2088
2053,2066,2074,2065,2060,2072,2064,2097
2062,2075,2077,2063,2056,2066,2054,2091
2062,2072,2077,2064,2048,2066,2076,2080
2059,2062,2071,2058,2046,2057,2069,2085
2056,2061,2068,2062,2052,2056,2063,2083
2059,2064,2070,2066,2051,2063,2068,2079
2061,2063,2074,2064,2049,2062,2043,2073
2058,2068,2066,2058,2051,2060,2048,2064
2051,2065,2066,2061,2049,2057,2039,2051
2056,2068,2071,2061,2054,2061,2047,2045
2048,2067,2059,2054,2053,2060,2046,2033
2042,2055,2058,2055,2053,2059,2039,2022
2044,2048,2057,2052,2055,2053,2056,2016
2041,2055,2052,2053,2054,2049,2058,2019
2041,2052,2049,2049,2042,2032,2039,1995
2026,2030,2033,2036,2028,2016,2017,1995
2030,2023,2035,2037,2030,2021,2024,2010
2038,2050,2046,2046,2036,2028,2027,2017
2049,2049,2052,2052,2042,2032,2030,2016
2046,2046,2041,2043,2029,2042,2034,2015
2042,2039,2030,2031,2022,2047,2024,2016
2044,2040,2025,2033,2013,2044,2031,2021
2042,2042,2038,2042,2010,2049,2032,2033
2042,2050,2039,2054,2018,2047,2019,2045
2047,2056,2033,2052,2024,2026,2038,2049
2053,2049,2035,2065,2056,2016,2031,2060
2052,2048,2029,2069,2081,2029,2031,2068
2044,2047,2025,2075,2075,2039,2046,2070
2048,2041,2018,2066,2056,2046,2028,2068
2040,2039,2017,2059,2026,2046,2041,2064
2035,2036,2018,2052,2011,2044,2048,2063
2040,2028,2007,2034,2002,2028,2031,2059
2020,2008,1998,2028,2000,2040,2023,2069
2020,2017,2011,2036,2017,2066,2030,2080
2043,2056,2044,2048,2020,2077,2052,2081
2042,2060,2052,2044,2025,2083,2059,2081
2045,2056,2054,2046,2021,2080,2038,2086
2046,2057,2066,2046,2012,2054,2047,2084
2046,2064,2084,2036,2007,2000,2020,2074
2049,2065,2096,2038,2000,2004,2044,2075
2057,2072,2097,2042,2011,2027,2043,2071
2050,2066,2079,2045,2025,2035,2056,2063
2056,2065,2072,2049,2035,2045,2057,2062
2057,2068,2075,2056,2026,2050,2051,2044
2050,2058,2070,2051,2039,2052,2029,2037
2052,2059,2064,2053,2042,2051,2026,2032
2046,2052,2059,2045,2046,2052,2033,2025
2047,2049,2054,2036,2047,2059,2054,2017
2036,2025,2036,2020,2044,2037,2036,2004
2024,2025,2029,2015,2048,2040,2030,1996
2037,2039,2042,2033,2062,2056,2050,2012
2045,2050,2041,2029,2049,2057,2054,2018
2049,2046,2031,2029,2046,2056,2068,2022
2054,2047,2033,2040,2044,2058,2074,2027
2048,2052,2043,2050,2051,2052,2071,2031
2056,2053,2055,2053,2043,2050,2064,2035
2051,2047,2052,2062,2041,2041,2064,2046
2045,2044,2044,2063,2044,2038,2056,2054
2049,2039,2037,2057,2046,2032,2060,2061
2052,2038,2038,2064,2043,2034,2056,2062
2053,2043,2038,2070,2030,2037,2060,2068
2058,2044,2026,2071,2031,2033,2068,2077
2051,2040,2018,2062,2032,2032,2064,2075
2051,2036,2015,2059,2023,2041,2052,2081
2054,2033,2009,2049,2012,2039,2064,2073
2038,2011,1991,2021,1997,2025,2046,2072
2031,2007,1992,2024,2001,2027,2045,2091
2051,2045,2026,2050,2026,2046,2070,2094
2058,2053,2041,2056,2046,2033,2058,2090
2057,2052,2040,2055,2063,2036,2054,2087
2055,2055,2032,2053,2068,2056,2069,2088
2053,2055,2021,2060,2078,2068,2075,2077
2051,2060,2022,2064,2069,2070,2057,2071
2043,2050,2015,2054,2049,2062,2075,2061
2042,2051,2030,2050,2046,2064,2077,2056
2044,2054,2043,2058,2105,2078,2074,2053
2049,2049,2059,2058,2131,2062,2071,2039
2046,2045,2062,2053,2121,2050,2068,2033
2043,2051,2060,2067,2131,2055,2075,2023
2043,2045,2056,2068,2141,2061,2062,2016
2045,2041,2061,2066,2112,2053,2072,2012
2039,2029,2046,2053,2071,2031,2045,1996
2024,2015,2059,2047,2027,2021,2028,1996
2032,2042,2087,2056,2010,2036,2033,2017
2039,2060,2111,2053,1954,2032,2063,2014
2042,2060,2132,2051,1927,2032,2061,2022
2049,2066,2136,2061,1980,2040,2039,2032
2050,2071,2122,2066,2010,2049,2058,2040
2048,2065,2096,2054,2018,2044,2053,2053
2039,2056,2066,2034,2018,2042,2068,2053
2034,2050,2054,2029,2014,2043,2045,2059
2045,2052,2063,2041,2018,2041,2054,2069
2053,2066,2074,2041,2030,2043,2062,2077
2052,2072,2078,2049,2058,2041,2068,2076
2054,2067,2072,2050,2053,2039,2062,2083
2054,2065,2059,2046,2054,2043,2057,2085
2047,2052,2046,2040,2044,2051,2041,2096
2052,2054,2042,2021,2025,2041,2047,2085
2038,2036,2026,2008,2041,2039,2054,2088
2037,2038,2020,2018,2073,2052,2060,2102
2060,2060,2038,2026,2085,2067,2078,2101
2061,2061,2046,2040,2094,2065,2071,2103
2062,2065,2058,2046,2057,2060,2061,2093
2062,2071,2066,2038,1984,2050,2071,2091
2054,2063,2068,2046,1978,2060,2058,2085
2058,2067,2062,2060,2028,2068,2066,2072
2052,2061,2057,2068,2047,2061,2056,2069
2056,2058,2064,2058,2070,2064,2049,2065
2060,2059,2056,2043,2061,2046,2045,2053
2055,2059,2054,2031,2026,2042,2049,2047
2053,2057,2055,2036,2005,2037,2049,2037
2049,2050,2057,2032,1988,2032,2055,2036
2048,2044,2051,2031,1995,2027,2047,2027
2041,2046,2047,2016,2003,2024,2044,2013
2031,2024,2035,1997,2008,2016,2036,2004
2027,2020,2040,2015,2022,2030,2043,2021
2048,2055,2064,2045,2039,2043,2055,2029
2057,2059,2065,2049,2075,2049,2066,2041
2054,2059,2061,2054,2080,2071,2069,2036
2057,2060,2062,2058,2074,2074,2074,2042
2051,2058,2054,2046,2058,2065,2064,2052
2043,2055,2053,2037,2000,2050,2046,2056
2045,2052,2051,2026,1968,2041,2049,2059
2045,2049,2043,2028,1965,2030,2061,2064
2044,2048,2048,2035,1965,2026,2059,2073
2045,2044,2042,2040,1982,2021,2054,2078
2052,2048,2039,2041,1986,2020,2042,2082
2040,2049,2040,2029,1969,2004,2036,2078
2036,2038,2031,2017,1996,2026,2050,2088
2037,2044,2032,2037,2054,2058,2067,2087
2033,2027,2023,2040,2078,2058,2045,2074
2034,2019,2013,2039,2070,2054,2044,2084
2030,2033,2024,2043,2076,2064,2059,2095
2044,2040,2028,2041,2075,2065,2042,2094
2045,2041,2026,2043,2060,2064,2057,2089
2043,2035,2026,2042,2053,2065,2058,2091
2043,2041,2025,2045,2055,2072,2052,2092
2046,2053,2025,2048,2057,2072,2053,2083
2049,2040,2025,2040,2056,2070,2059,2077
2043,2043,2026,2039,2052,2064,2065,2065
2044,2049,2032,2043,2048,2067,2061,2058
2045,2055,2044,2047,2047,2064,2042,2050
2044,2053,2047,2045,2051,2064,2046,2043
2040,2045,2044,2042,2049,2057,2052,2032
2035,2045,2044,2039,2053,2051,2064,2028
2043,2049,2047,2041,2052,2052,2065,2019
2042,2044,2035,2038,2039,2041,2034,2002
2023,2022,2015,2032,2038,2044,2037,2000
2034,2032,2023,2044,2049,2054,2064,2021
2040,2049,2042,2047,2043,2056,2059,2022
2048,2050,2058,2047,2047,2054,2062,2031
2045,2059,2063,2051,2042,2058,2052,2037
2047,2062,2066,2050,2051,2058,2054,2042
2044,2062,2061,2054,2047,2054,2066,2050
2052,2061,2058,2061,2050,2059,2026,2061
2058,2059,2053,2055,2054,2064,2055,2071
2052,2056,2053,2061,2050,2066,2068,2067
2040,2047,2049,2060,2058,2064,2049,2065
2040,2047,2050,2054,2059,2059,2056,2078
2046,2042,2048,2050,2048,2057,2057,2079
2033,2040,2040,2049,2049,2057,2039,2082
2040,2033,2029,2049,2048,2053,2040,2088
2035,2030,2025,2039,2040,2042,2037,2077
2017,2006,2010,2029,2038,2041,2027,2081
2020,2017,2015,2046,2054,2057,2052,2098
2040,2040,2017,2043,2053,2055,2065,2094
2041,2042,2020,2042,2052,2057,2062,2093
2044,2054,2031,2055,2054,2056,2071,2096
2047,2052,2024,2055,2054,2050,2060,2096
2048,2052,2027,2057,2057,2049,2050,2090
2052,2045,2023,2055,2058,2054,2049,2088
2045,2040,2037,2064,2053,2051,2063,2082
2047,2036,2040,2068,2059,2051,2049,2073
2040,2035,2046,2070,2061,2045,2037,2061
2042,2037,2050,2075,2054,2047,2058,2047
2043,2040,2062,2076,2051,2047,2047,2036
2038,2037,2058,2074,2049,2046,2058,2023
2035,2043,2053,2067,2054,2050,2056,2024
2042,2046,2044,2057,2041,2037,2036,2001
2019,2023,2034,2044,2042,2036,2029,2004
2033,2025,2051,2051,2054,2059,2069,2025
2054,2061,2074,2058,2053,2068,2062,2032
2056,2067,2061,2057,2056,2064,2052,2034
2056,2062,2044,2041,2057,2062,2055,2038
2056,2062,2050,2037,2051,2055,2054,2047
2055,2066,2051,2040,2058,2056,2051,2059
2057,2064,2045,2037,2047,2055,2051,2062
2039,2050,2029,2034,2044,2050,2047,2060
2053,2045,2033,2038,2046,2051,2028,2068
2045,2049,2044,2046,2041,2049,2018,2071
2046,2047,2040,2053,2039,2044,2029,2079
2044,2050,2038,2046,2027,2040,2048,2083
2041,2043,2024,2044,2026,2046,2041,2089
2035,2041,2023,2041,2031,2043,2039,2092
2041,2046,2032,2033,2024,2031,2034,2089
2027,2020,2012,2017,2027,2030,2029,2093
2032,2027,2018,2025,2048,2045,2034,2104
2051,2044,2026,2023,2052,2049,2033,2098
2047,2043,2032,2032,2070,2049,2047,2102
2050,2051,2042,2040,2074,2053,2030,2092
2055,2056,2058,2049,2075,2054,2043,2093
2064,2060,2067,2062,2079,2053,2042,2087
2058,2061,2071,2069,2076,2054,2034,2080
2059,2059,2063,2067,2077,2056,2045,2070
2055,2057,2046,2061,2080,2057,2031,2066
2056,2056,2040,2061,2078,2059,2034,2059
2052,2054,2035,2058,2061,2062,2029,2049
2051,2051,2036,2049,2032,2058,2025,2043
2051,2048,2039,2052,2030,2049,2037,2039
2050,2054,2049,2053,2030,2048,2049,2032
2055,2056,2043,2050,2031,2036,2036,2016
2033,2027,2016,2044,2009,2038,2027,2011
2031,2021,2018,2047,2015,2046,2041,2024
2039,2034,2013,2035,2014,2056,2042,2027
2042,2029,1987,2025,2007,2049,2049,2033
2041,2030,1993,2017,2002,2041,2041,2038
2040,2035,1995,2022,2010,2048,2049,2038
2038,2039,2014,2042,2028,2043,2053,2051
2045,2039,2031,2059,2047,2050,2051,2066
2044,2040,2024,2068,2063,2052,2038,2068
2039,2032,2003,2061,2067,2050,2041,2073
2041,2025,1986,2054,2066,2047,2021,2073
2037,2021,1982,2047,2072,2053,2031,2080
2034,2021,1985,2052,2066,2053,2029,2084
2042,2032,1998,2047,2057,2056,2040,2088
2043,2038,2017,2051,2058,2062,2037,2091
2044,2046,2041,2046,2050,2052,2029,2080
2037,2040,2064,2054,2052,2047,2021,2089
2035,2053,2093,2047,2042,2041,2027,2099
2048,2060,2102,2020,2016,2028,2017,2096
2044,2060,2090,2005,2011,2027,2026,2098
2049,2063,2083,2005,2003,2032,2040,2101
2057,2078,2087,2005,2023,2040,2032,2102
2063,2088,2075,1999,2054,2052,2058,2099
2066,2092,2087,2015,2040,2065,2053,2088
2065,2081,2087,2021,1996,2073,2043,2089
2055,2072,2079,2023,1991,2068,2046,2077
2050,2064,2066,2027,1986,2062,2036,2068
2054,2059,2068,2031,1988,2053,2044,2054
2052,2060,2071,2051,2058,2042,2057,2049
2053,2060,2085,2060,2125,2044,2055,2046
2047,2058,2090,2066,2153,2057,2053,2048
2051,2058,2078,2063,2166,2055,2045,2041
2044,2047,2061,2058,2141,2054,2034,2021
2040,2054,2070,2062,2156,2059,2059,2040
2051,2070,2080,2069,2182,2066,2069,2044
2049,2077,2076,2064,2173,2059,2063,2046
2060,2070,2072,2064,2190,2055,2042,2045
2053,2067,2065,2067,2197,2055,2045,2054
2054,2060,2057,2064,2178,2046,2029,2065
2047,2056,2059,2064,2152,2042,2025,2068
2047,2055,2049,2053,2122,2046,2034,2076
2046,2052,2058,2054,2094,2043,2036,2078
2047,2050,2055,2034,2008,2026,2028,2073
2041,2051,2051,2014,1942,2021,2029,2084
2047,2050,2048,2023,1933,2035,2027,2098
2043,2049,2053,2032,1919,2052,2046,2104
2050,2052,2055,2029,1889,2053,2053,2097
2046,2038,2039,2023,1939,2035,2014,2083
2024,2013,2030,2028,1987,2032,2025,2083
2023,2024,2034,2034,2028,2045,2044,2098
2039,2041,2049,2043,2038,2047,2039,2100
2041,2044,2039,2043,2025,2039,2034,2099
2041,2040,2038,2052,2021,2030,2031,2099
2035,2036,2035,2045,2019,2047,2045,2092
2041,2035,2033,2038,2037,2066,2063,2081
2036,2032,2032,2040,2061,2078,2047,2076
2040,2036,2032,2042,2068,2088,2054,2064
2036,2031,2029,2045,2072,2072,2053,2058
2034,2036,2032,2044,2059,2046,2051,2065
2043,2034,2033,2053,2061,2044,2043,2053
2049,2035,2031,2050,2068,2045,2036,2051
2050,2036,2041,2060,2086,2050,2028,2050
2050,2050,2044,2060,2079,2055,2064,2048
2057,2056,2041,2054,2070,2045,2045,2033
2043,2028,2026,2036,2036,2040,2018,2026
2037,2026,2030,2039,1968,2046,2040,2033
2048,2045,2033,2036,1989,2045,2032,2037
2050,2046,2037,2037,2035,2029,2033,2041
2052,2049,2038,2044,2061,2034,2023,2036
2056,2042,2034,2049,2072,2032,2042,2053
2052,2045,2041,2046,2042,2023,2025,2053
2051,2038,2037,2026,2011,2014,2041,2062
2052,2036,2034,2031,2016,2031,2036,2062
2045,2036,2036,2032,2028,2035,2042,2066
2049,2038,2028,2029,2026,2033,2031,2073
2048,2034,2020,2032,2050,2043,2043,2066
2048,2032,2016,2051,2057,2055,2032,2073
2044,2034,2014,2068,2052,2060,2043,2078
2044,2034,2026,2071,2052,2060,2042,2078
2039,2029,2026,2071,2050,2051,2032,2076
2036,2006,2005,2063,2043,2044,2012,2082
2033,2008,2017,2066,2064,2060,2035,2103
2058,2044,2032,2080,2077,2065,2056,2104
2061,2055,2040,2080,2078,2071,2041,2105
2060,2047,2029,2069,2055,2056,2023,2095
2049,2042,2022,2058,2052,2060,2031,2094
2050,2036,2022,2056,2052,2068,2039,2086
2048,2040,2024,2048,2047,2073,2060,2090
2044,2044,2029,2030,2056,2076,2046,2081
2050,2040,2030,2011,2073,2088,2057,2070
2049,2056,2075,2007,2081,2098,2045,2069
2052,2081,2108,2022,2086,2096,2047,2067
2063,2084,2109,2019,2077,2050,2065,2056
2052,2076,2089,2017,2080,2017,2067,2049
2050,2066,2076,2031,2084,2026,2065,2050
2053,2067,2064,2035,2080,2033,2036,2031
2039,2034,2049,2022,2053,2025,2018,2029
2041,2032,2049,2024,2046,2028,2039,2026
2052,2059,2071,2040,2050,2022,2040,2029
2055,2055,2070,2040,2049,2019,2031,2035
2054,2055,2067,2040,2041,2018,2021,2042
2054,2062,2072,2045,2041,2026,2036,2056
2059,2064,2077,2044,2048,2034,2041,2058
2059,2071,2077,2044,2057,2037,2040,2070
2066,2068,2080,2053,2061,2039,2045,2078
2066,2070,2073,2053,2061,2043,2062,2082
2061,2065,2067,2050,2058,2043,2060,2084
2064,2057,2067,2052,2067,2038,2054,2085
2052,2045,2052,2045,2055,2031,2038,2092
2045,2049,2055,2046,2053,2030,2043,2095
2046,2047,2050,2047,2054,2030,2037,2095
2048,2044,2049,2048,2055,2029,2032,2096
2042,2027,2032,2037,2044,2014,2022,2087
2037,2024,2023,2029,2043,2018,2038,2101
2051,2041,2032,2042,2049,2037,2039,2102
2056,2051,2032,2037,2033,2039,2045,2104
2051,2047,2036,2031,2002,2025,2039,2108
2061,2058,2040,2032,1980,2025,2052,2110
2061,2062,2040,2037,1987,2032,2059,2106
2068,2060,2044,2031,1989,2036,2056,2092
2064,2061,2042,2033,1997,2049,2045,2086
2057,2067,2041,2048,2036,2072,2044,2086
2064,2063,2050,2059,2068,2076,2052,2079
2065,2062,2056,2068,2087,2085,2064,2071
2066,2065,2062,2072,2112,2097,2060,2063
2062,2059,2058,2071,2126,2091,2046,2057
2061,2056,2056,2068,2125,2074,2046,2049
2056,2050,2050,2057,2120,2048,2044,2037
2046,2052,2053,2052,2108,2028,2040,2029
2041,2036,2051,2044,2055,2019,2025,2021
2043,2038,2055,2047,2025,2036,2051,2037
2057,2058,2057,2055,2021,2040,2024,2039
2052,2061,2060,2053,2036,2050,2041,2040
2050,2058,2058,2059,2052,2051,2043,2046
2056,2064,2060,2064,2062,2053,2026,2059
2062,2067,2058,2065,2058,2058,2044,2063
2057,2064,2059,2063,2055,2054,2035,2072
2063,2051,2052,2062,2056,2055,2043,2085
2061,2054,2053,2062,2054,2051,2039,2085
2050,2045,2040,2059,2065,2050,2040,2084
2054,2046,2044,2066,2069,2051,2027,2087
2050,2044,2041,2066,2064,2053,2040,2085
2044,2043,2036,2066,2052,2048,2029,2096
2049,2044,2037,2067,2051,2051,2044,2100
2049,2048,2044,2073,2044,2041,2036,2091
2028,2027,2026,2068,2009,2013,2015,2095
2026,2017,2028,2065,2000,2007,2019,2105
2042,2047,2052,2086,2018,2020,2034,2102
2042,2043,2049,2083,2032,2020,2025,2096
2032,2032,2040,2068,2045,2034,2038,2095
2044,2034,2046,2075,2071,2052,2045,2100
2043,2040,2056,2078,2090,2061,2054,2099
2046,2049,2061,2077,2093,2066,2063,2098
2050,2050,2076,2075,2084,2058,2053,2092
2053,2058,2084,2079,2073,2055,2037,2082
2057,2053,2084,2063,2060,2056,2049,2079
2057,2051,2071,2055,2058,2054,2042,2068
2056,2051,2055,2030,2054,2055,2042,2051
2051,2041,2038,2009,2049,2056,2048,2044
2047,2040,2026,2002,2041,2055,2053,2046
2055,2047,2034,1999,2037,2047,2043,2032
2035,2028,2033,1987,2020,2016,2022,2019
2036,2030,2035,1994,2016,2016,2027,2026
2050,2054,2045,2019,2026,2035,2050,2034
2048,2049,2044,2023,2026,2044,2046,2037
2057,2061,2050,2035,2033,2060,2051,2046
2060,2058,2051,2041,2024,2060,2044,2052
2061,2063,2043,2043,2022,2073,2058,2064
2059,2060,2049,2037,2031,2066,2052,2067
2050,2047,2041,2045,2029,2057,2046,2082
2052,2055,2049,2044,2026,2048,2048,2083
2059,2059,2046,2037,2026,2049,2044,2086
2053,2041,2037,2033,2058,2050,2034,2084
2045,2043,2038,2038,2084,2051,2036,2097
2044,2040,2034,2050,2079,2052,2047,2101
2045,2043,2032,2046,2082,2050,2052,2098
2049,2036,2029,2045,2100,2044,2038,2102
2038,2022,2016,2041,2101,2031,2003,2087
2031,2019,2029,2048,2118,2033,2013,2099
2042,2043,2048,2065,2111,2063,2058,2107
2058,2055,2050,2061,2033,2060,2051,2102
2052,2053,2045,2048,1947,2048,2040,2097
2055,2050,2046,2046,1956,2046,2025,2093
2051,2056,2050,2047,1977,2039,2052,2095
2052,2058,2055,2045,1994,2020,2043,2093
2055,2055,2053,2048,2048,2024,2040,2095
2057,2058,2053,2066,2080,2041,2058,2082
2048,2053,2044,2053,2081,2061,2042,2072
2044,2043,2035,2052,2084,2073,2051,2061
2044,2044,2028,2043,2064,2065,2044,2047
2047,2042,2032,2037,2034,2045,2047,2040
2047,2037,2028,2034,2021,2044,2038,2026
2046,2039,2039,2044,2036,2056,2055,2033
2036,2035,2027,2037,2041,2052,2026,2008
2023,2015,2018,2032,2050,2060,2029,1998
2029,2035,2023,2045,2076,2074,2056,2015
2035,2040,2027,2056,2090,2066,2041,2024
2038,2038,2024,2062,2090,2042,2030,2040
2047,2046,2025,2070,2096,2029,2045,2043
2042,2038,2011,2065,2082,2026,2025,2038
2043,2033,2015,2056,2065,2040,2040,2050
2042,2037,2014,2058,2053,2039,2030,2062
2036,2027,2022,2051,2038,2042,2044,2061
2037,2032,2034,2042,2002,2043,2040,2073
2034,2042,2045,2035,2000,2033,2030,2079
2038,2049,2048,2024,2024,2028,2031,2086
2043,2053,2068,2026,2019,2035,2047,2093
2044,2066,2088,2029,2029,2040,2045,2099
2053,2076,2092,2043,2039,2055,2055,2108
2054,2079,2089,2040,2026,2041,2030,2094
2040,2045,2072,2037,2020,2035,2038,2090
2041,2043,2074,2041,2031,2040,2033,2109
2049,2061,2076,2042,2041,2045,2046,2104
2050,2066,2075,2056,2056,2052,2050,2104
2060,2065,2068,2057,2041,2060,2054,2105
2054,2064,2062,2059,2070,2059,2054,2100
2051,2062,2058,2072,2107,2062,2057,2089
2054,2056,2054,2068,2103,2062,2059,2084
2048,2053,2053,2057,2098,2059,2068,2078
2050,2049,2051,2064,2075,2062,2061,2070
2050,2049,2052,2069,2071,2056,2044,2065
2048,2048,2054,2067,2078,2054,2047,2055
2050,2049,2052,2046,2037,2041,2037,2040
2035,2039,2049,2019,2030,2030,2029,2037
2038,2045,2050,2029,2068,2043,2036,2032
2039,2045,2044,2024,2010,2019,2020,2016
2032,2022,2029,2007,1918,2017,2021,2016
2028,2028,2037,2022,1966,2033,2043,2030
2046,2054,2061,2044,2018,2047,2044,2031
2045,2061,2066,2052,2043,2046,2051,2028
2052,2054,2055,2053,2045,2054,2058,2034
2044,2046,2048,2048,2042,2055,2028,2047
2040,2045,2041,2041,2044,2048,2057,2053
2040,2042,2043,2043,2047,2049,2036,2060
2039,2039,2048,2045,2042,2055,2027,2065
2042,2039,2049,2047,2047,2055,2038,2070
2048,2042,2054,2051,2041,2054,2047,2078
2045,2049,2046,2045,2035,2041,2010,2078
2047,2043,2045,2043,2032,2035,1996,2075
2042,2030,2037,2034,2017,2025,2008,2079
2038,2034,2035,2033,2006,2026,2011,2085
2036,2032,2025,2024,1988,2014,1993,2072
2019,2012,2016,2007,1964,2012,2001,2071
2015,2004,2013,2011,1977,2027,1999,2082
2035,2033,2030,2024,2008,2054,2010,2095
2049,2059,2052,2055,2051,2065,2033,2102
2061,2072,2062,2077,2093,2041,2041,2119
2072,2073,2067,2078,2108,2051,2064,2119
2074,2076,2066,2075,2110,2065,2047,2108
2060,2062,2052,2072,2079,2062,2046,2091
2055,2051,2053,2064,2064,2054,2054,2080
2045,2047,2057,2062,2052,2051,2066,2074
2046,2051,2060,2062,2058,2056,2062,2067
2046,2046,2058,2060,2056,2065,2058,2059
2046,2042,2059,2060,2055,2063,2043,2048
2049,2046,2062,2061,2053,2068,2056,2048
2045,2058,2072,2060,2046,2059,2064,2043
2058,2056,2071,2061,2035,2037,2036,2028
2036,2038,2045,2038,2018,2026,2021,2017
2025,2029,2034,2036,2023,2030,2025,2033
2044,2054,2049,2057,2032,2037,2053,2033
2047,2050,2049,2054,2052,2032,2048,2039
2039,2041,2042,2042,2043,2024,2026,2039
2036,2037,2041,2046,2042,2028,2040,2045
2038,2037,2031,2049,2036,2032,2023,2056
2040,2032,2026,2049,2029,2038,2016,2069
2044,2033,2026,2052,2033,2036,2012,2071
2039,2038,2034,2064,2041,2039,2029,2077
2046,2044,2050,2070,2050,2048,2055,2086
2051,2055,2050,2074,2054,2050,2057,2092
2047,2056,2052,2070,2046,2052,2052,2096
2050,2050,2054,2065,2038,2049,2054,2100
2052,2050,2057,2067,2028,2056,2051,2101
2052,2050,2058,2060,2028,2046,2037,2091
2041,2029,2029,2033,2010,2037,2016,2095
2036,2020,2025,2018,2007,2046,2023,2106
2045,2052,2052,2028,2020,2053,2033,2098
2054,2064,2062,2024,2026,2046,2047,2104
2054,2062,2059,2025,2027,2052,2049,2098
2054,2063,2049,2029,2034,2051,2044,2095
2061,2059,2041,2033,2037,2052,2041,2097
2055,2061,2037,2029,2047,2058,2061,2087
2052,2057,2045,2035,2055,2056,2069,2090
2056,2058,2041,2043,2081,2064,2075,2078
2060,2057,2047,2048,2085,2070,2072,2068
2059,2055,2046,2053,2071,2066,2042,2057
2057,2056,2042,2050,2059,2059,2062,2048
2061,2057,2048,2048,2061,2056,2066,2046
2059,2061,2044,2049,2055,2058,2075,2039
2047,2046,2034,2036,2048,2047,2057,2023
2038,2028,2022,2024,2039,2032,2054,2016
2038,2020,2016,2025,2038,2042,2053,2017
2043,2034,2035,2040,2057,2049,2059,2024
2040,2031,2038,2041,2060,2050,2060,2027
2033,2028,2035,2043,2058,2051,2064,2030
2035,2032,2046,2042,2040,2045,2055,2030
2042,2038,2058,2038,2038,2047,2064,2044
2040,2040,2065,2044,2038,2051,2050,2057
2039,2039,2069,2049,2049,2058,2035,2061
2043,2051,2077,2054,2054,2053,2057,2073
2048,2057,2075,2061,2058,2058,2060,2082
2050,2058,2068,2061,2060,2055,2052,2077
2050,2050,2056,2058,2056,2045,2068,2077
2044,2042,2050,2057,2059,2035,2058,2088
2044,2044,2048,2057,2058,2038,2056,2093
2042,2046,2048,2058,2059,2040,2043,2086
2039,2024,2029,2049,2046,2029,2018,2082
2030,2023,2024,2044,2039,2036,2041,2094
2045,2041,2031,2058,2034,2039,2037,2085
2046,2044,2032,2053,2008,2031,2029,2092
2044,2044,2035,2054,2017,2027,2031,2089
2049,2051,2036,2056,2024,2031,2050,2092
2043,2047,2034,2056,2020,2026,2058,2086
2049,2052,2035,2059,2022,2015,2057,2082
2043,2052,2040,2059,2012,2014,2061,2072
2042,2045,2039,2064,2020,2021,2061,2061
2040,2038,2046,2065,2031,2037,2076,2049
2034,2036,2052,2084,2053,2056,2069,2040
2043,2046,2068,2102,2072,2065,2076,2032
2046,2046,2071,2107,2069,2066,2074,2028
2040,2052,2079,2104,2071,2072,2067,2030
2046,2047,2080,2101,2064,2065,2031,2017
2032,2026,2055,2085,2048,2051,2039,1999
2021,2017,2050,2076,2026,2056,2054,2003
2033,2038,2058,2076,2043,2085,2064,2017
2042,2040,2052,2076,2032,2090,2049,2021
2036,2037,2053,2073,2037,2094,2064,2020
2038,2048,2069,2067,2038,2087,2064,2023
2052,2052,2075,2059,2037,2046,2046,2033
2047,2061,2082,2051,2025,2003,2054,2054
2053,2065,2082,2023,2017,2002,2055,2059
2057,2067,2064,2005,2021,2021,2041,2067
2055,2067,2053,1996,2013,2032,2042,2070
2052,2061,2051,2006,2009,2034,2040,2077
2052,2059,2054,2012,2006,2035,2040,2082
2048,2057,2051,2015,1999,2038,2036,2087
2046,2054,2053,2024,2005,2043,2057,2091
2039,2043,2045,2028,2009,2038,2063,2083
2036,2028,2034,2020,1991,2015,2036,2071
2026,2023,2033,2022,1979,2008,2035,2079
2046,2046,2054,2038,2006,2026,2051,2085
2050,2055,2059,2049,2022,2040,2055,2086
2055,2057,2065,2061,2041,2046,2070,2093
2054,2066,2060,2066,2055,2049,2068,2090
2060,2074,2064,2066,2063,2056,2067,2088
2067,2072,2067,2059,2059,2055,2074,2079
2062,2064,2069,2061,2067,2051,2074,2076
2060,2059,2063,2057,2072,2056,2068,2065
2054,2061,2066,2055,2068,2056,2076,2063
2051,2056,2062,2048,2057,2056,2075,2048
2049,2049,2057,2045,2050,2062,2074,2044
2053,2060,2057,2043,2041,2058,2072,2028
2055,2065,2058,2045,2040,2054,2065,2021
2047,2059,2050,2049,2040,2060,2063,2021
2043,2040,2043,2030,2028,2037,2044,2009
2031,2028,2039,2032,2013,2033,2045,1992
2031,2036,2042,2038,2016,2044,2058,2012
2039,2044,2048,2045,2021,2051,2064,2015
2044,2039,2052,2049,2024,2057,2074,2035
2060,2061,2057,2054,2039,2060,2069,2032
2060,2062,2056,2052,2037,2056,2068,2043
2062,2066,2058,2051,2028,2046,2059,2054
2066,2062,2056,2054,2026,2048,2061,2059
2063,2059,2048,2050,2022,2040,2063,2062
2056,2054,2048,2051,2022,2043,2057,2070
2046,2046,2045,2044,2039,2036,2053,2057
2044,2042,2038,2043,2049,2040,2061,2067
2048,2045,2037,2051,2034,2044,2052,2070
2042,2035,2031,2048,2024,2040,2048,2064
2046,2039,2030,2041,2023,2039,2052,2068
2040,2032,2021,2033,2010,2030,2037,2065
2027,2018,2015,2032,2023,2035,2045,2069
2035,2031,2026,2049,2035,2067,2064,2081
2047,2054,2036,2056,2037,2083,2073,2083
2050,2050,2044,2057,2030,2080,2062,2085
2046,2047,2039,2052,2030,2075,2061,2072
2048,2049,2049,2054,2017,2066,2066,2076
2052,2055,2053,2063,2033,2034,2069,2081
2050,2058,2047,2067,2068,2031,2072,2074
2049,2055,2040,2075,2082,2044,2059,2068
2050,2058,2043,2074,2082,2064,2082,2060
2050,2059,2036,2078,2092,2070,2078,2051
2045,2061,2029,2076,2065,2065,2044,2032
2040,2049,2021,2067,2050,2049,2033,2021
2034,2049,2024,2056,2045,2050,2057,2016
2034,2046,2025,2056,2048,2053,2052,2012
2036,2039,2021,2050,2038,2051,2048,1999
2028,2018,2016,2049,2045,2035,2040,1992
2027,2027,2027,2053,2047,2036,2037,2004
2049,2044,2036,2051,2046,2024,2035,2004
2051,2047,2033,2043,2044,2028,2037,2007
2046,2046,2041,2043,2040,2037,2037,2019
2039,2048,2055,2043,2042,2048,2040,2032
2041,2051,2061,2044,2049,2058,2052,2040
2046,2055,2072,2057,2047,2058,2062,2049
2052,2060,2080,2061,2046,2057,2046,2061
2056,2065,2078,2069,2044,2059,2039,2059
2057,2060,2069,2065,2048,2053,2030,2062
2049,2051,2058,2059,2055,2061,2053,2062
2042,2044,2052,2059,2061,2058,2069,2069
2043,2042,2039,2057,2056,2051,2049,2074
2035,2041,2037,2056,2050,2047,2054,2068
2036,2039,2033,2051,2042,2035,2031,2064
2031,2021,2020,2042,2039,2029,2043,2061
2021,2011,2025,2048,2049,2048,2061,2071
2030,2043,2045,2058,2057,2053,2071,2068
2037,2044,2049,2053,2053,2053,2066,2073
2031,2044,2044,2052,2052,2051,2060,2065
2035,2047,2045,2058,2040,2052,2058,2066
2037,2053,2048,2059,2048,2051,2055,2071
2044,2063,2051,2060,2050,2049,2062,2065
2049,2062,2053,2058,2053,2053,2068,2061
2050,2065,2055,2059,2054,2053,2059,2054
2043,2058,2055,2053,2052,2055,2066,2040
2047,2057,2049,2053,2047,2057,2067,2029
2043,2054,2043,2051,2047,2052,2047,2021
2038,2049,2039,2047,2045,2053,2075,2017
2044,2048,2036,2051,2046,2051,2073,2006
2037,2047,2030,2039,2034,2037,2042,1991
2022,2022,2016,2040,2032,2039,2046,1988
2030,2024,2016,2047,2035,2045,2072,2007
2049,2052,2029,2058,2051,2059,2070,2017
2051,2058,2029,2052,2047,2063,2065,2012
2051,2053,2021,2055,2044,2058,2059,2021
2045,2046,2013,2052,2044,2061,2055,2022
2047,2044,2009,2054,2044,2061,2056,2028
2048,2045,2018,2058,2044,2062,2066,2047
2042,2046,2021,2053,2045,2061,2066,2045
2051,2043,2026,2051,2048,2058,2053,2049
2046,2037,2029,2049,2044,2053,2048,2050
2046,2041,2037,2056,2044,2036,2056,2048
2050,2044,2042,2056,2042,2029,2057,2058
2047,2047,2045,2053,2040,2028,2064,2060
2044,2047,2054,2053,2045,2042,2052,2065
2046,2041,2058,2045,2033,2042,2056,2053
2027,2019,2051,2039,2036,2046,2043,2053
2029,2030,2051,2045,2045,2060,2074,2073
2050,2047,2059,2050,2052,2056,2067,2067
2048,2046,2057,2050,2043,2052,2075,2068
2045,2048,2056,2052,2043,2051,2060,2062
2047,2049,2056,2053,2044,2050,2045,2063
2054,2056,2062,2058,2054,2053,2042,2066
2054,2060,2059,2062,2051,2053,2050,2051
2053,2051,2059,2059,2049,2046,2062,2051
2048,2054,2058,2056,2050,2049,2071,2043
2054,2055,2067,2059,2051,2047,2044,2039
2052,2061,2070,2066,2056,2045,2058,2028
2054,2063,2073,2064,2050,2046,2048,2023
2054,2058,2072,2058,2051,2043,2052,2010
2056,2068,2075,2060,2052,2044,2063,2004
2048,2058,2067,2055,2046,2038,2063,1990
2037,2035,2038,2038,2030,2032,2038,1995
2032,2030,2035,2033,2034,2042,2059,2002
2058,2052,2050,2052,2040,2041,2054,1996
2047,2047,2045,2054,2037,2038,2049,1999
2044,2042,2041,2050,2036,2041,2031,2006
2049,2039,2037,2053,2032,2044,2055,2015
2052,2045,2043,2042,2038,2045,2062,2027
2054,2049,2039,2044,2039,2052,2051,2035
2055,2046,2040,2056,2041,2060,2056,2038
2056,2048,2042,2055,2040,2066,2034,2052
2052,2051,2045,2048,2039,2067,2067,2054
2057,2063,2062,2056,2046,2072,2061,2064
2061,2068,2065,2060,2045,2070,2071,2060
2054,2057,2058,2056,2044,2064,2059,2062
2052,2061,2058,2054,2045,2061,2067,2071
2051,2057,2057,2052,2039,2054,2062,2064
2040,2043,2055,2044,2031,2033,2044,2064
2045,2037,2052,2043,2026,2027,2053,2070
2052,2061,2063,2057,2018,2026,2032,2071
2045,2047,2054,2045,2003,2021,2033,2065
2040,2048,2051,2041,2001,2017,2031,2062
2048,2043,2051,2037,1991,2015,2048,2049
2040,2044,2048,2041,2007,2037,2059,2056
2047,2050,2065,2059,2040,2056,2057,2049
2058,2052,2068,2056,2069,2054,2060,2053
2056,2061,2064,2067,2093,2073,2065,2042
2054,2060,2062,2068,2100,2075,2044,2028
2053,2050,2059,2068,2078,2062,2067,2017
2050,2045,2061,2067,2071,2055,2064,2008
2050,2047,2069,2070,2066,2054,2068,2002
2039,2048,2064,2067,2064,2056,2067,2000
2038,2042,2062,2067,2056,2051,2051,1982
2024,2020,2041,2053,2040,2035,2044,1968
2021,2011,2032,2054,2040,2034,2044,1978
2033,2037,2048,2065,2048,2048,2044,1985
2036,2035,2047,2064,2049,2047,2052,1983
2038,2043,2045,2057,2051,2043,2054,1996
2038,2039,2044,2058,2043,2037,2059,2003
2048,2040,2048,2061,2048,2037,2056,2008
2047,2044,2043,2052,2040,2042,2044,2014
2046,2044,2044,2039,2045,2046,2059,2025
2045,2048,2039,2031,2041,2043,2057,2032
2048,2052,2037,2027,2037,2044,2050,2041
2053,2050,2036,2025,2040,2041,2055,2039
2047,2040,2024,2018,2041,2036,2061,2041
2047,2039,2023,2007,2026,2035,2046,2051
2039,2040,2024,2016,2030,2043,2048,2056
2042,2039,2024,2020,2037,2041,2034,2059
2034,2026,2018,2013,2027,2030,2020,2052
2037,2023,2023,2017,2032,2035,2009,2058
2050,2049,2030,2036,2052,2057,2061,2065
2061,2053,2034,2046,2057,2059,2069,2067
2062,2053,2039,2046,2066,2065,2061,2062
2064,2051,2047,2046,2062,2060,2054,2052
2063,2050,2056,2046,2056,2056,2044,2049
2062,2047,2059,2049,2064,2056,2031,2043
2053,2049,2053,2049,2050,2055,2045,2038
2055,2048,2053,2043,2057,2047,2041,2031
2053,2047,2056,2038,2043,2040,2037,2021
2048,2047,2058,2034,2030,2030,2056,2012
2047,2045,2067,2045,2026,2025,2054,2005
2046,2049,2064,2045,2022,2026,2048,1999
2048,2044,2058,2041,2022,2030,2038,1987
2044,2045,2055,2035,2038,2044,2044,1976
2036,2029,2058,2037,2052,2038,2040,1969
2033,2023,2055,2044,2062,2044,2046,1967
2036,2037,2068,2051,2068,2057,2072,1988
2051,2056,2076,2058,2075,2060,2059,1991
2053,2053,2066,2055,2066,2048,2063,1985
2050,2051,2056,2050,2051,2042,2050,1998
2045,2047,2054,2047,2052,2041,2056,2000
2042,2043,2050,2052,2051,2039,2050,2010
2048,2046,2057,2056,2054,2046,2043,2019
2050,2045,2059,2058,2055,2041,2062,2030
2050,2045,2055,2057,2058,2041,2047,2030
2048,2042,2053,2062,2055,2042,2052,2041
2051,2051,2052,2056,2058,2043,2058,2044
2054,2043,2055,2054,2041,2036,2061,2042
2051,2039,2052,2050,2042,2036,2036,2045
2051,2040,2043,2045,2039,2034,2023,2044
2048,2038,2034,2040,2035,2023,2031,2029
2034,2019,2022,2029,2028,2017,2037,2041
2040,2025,2030,2039,2034,2029,2064,2056
2047,2043,2035,2042,2041,2038,2040,2058
2049,2043,2039,2048,2041,2042,2050,2047
2049,2046,2041,2047,2043,2045,2056,2046
2050,2052,2046,2051,2039,2051,2064,2048
2056,2060,2069,2059,2050,2053,2050,2045
2060,2070,2086,2066,2058,2063,2061,2051
2070,2074,2099,2069,2067,2068,2076,2044
2069,2069,2091,2067,2060,2067,2065,2034
2057,2065,2090,2060,2064,2060,2067,2022
2057,2057,2076,2063,2067,2060,2073,2007
2049,2055,2071,2055,2054,2053,2069,1998
2052,2050,2063,2047,2062,2052,2061,1989
2053,2050,2073,2059,2061,2056,2041,1986
2053,2045,2057,2047,2046,2043,2042,1970
2037,2026,2048,2043,2041,2048,2048,1966
2050,2048,2065,2057,2059,2069,2061,1984
2063,2064,2070,2057,2059,2073,2071,1992
2061,2063,2073,2054,2050,2076,2053,1990
2058,2054,2062,2056,2054,2076,2060,1994
2053,2056,2065,2050,2060,2088,2048,2002
2052,2055,2061,2054,2056,2092,2050,2005
2053,2049,2062,2055,2052,2080,2043,2007
2046,2050,2063,2054,2055,2027,2039,2011
2042,2044,2058,2045,2040,1987,2046,2020
2049,2041,2059,2044,2038,1989,2048,2017
2054,2045,2063,2050,2048,2006,2044,2028
2047,2044,2059,2051,2047,2020,2044,2029
2051,2044,2053,2047,2044,2024,2043,2024
2045,2038,2047,2045,2041,2022,2029,2024
2033,2021,2040,2032,2029,2017,2024,2012
2023,2010,2039,2029,2022,2018,2025,2018
2043,2035,2054,2047,2041,2044,2044,2037
2056,2049,2060,2056,2049,2047,2049,2044
2055,2047,2065,2054,2047,2039,2048,2038
2056,2057,2068,2052,2048,2045,2052,2032
2059,2050,2067,2057,2051,2046,2052,2037
2057,2057,2069,2054,2052,2051,2065,2034
2057,2058,2066,2055,2058,2050,2066,2031
2059,2059,2061,2056,2052,2057,2070,2021
2057,2056,2062,2060,2052,2056,2054,2011
2055,2059,2061,2053,2055,2057,2050,1999
2054,2051,2057,2053,2056,2064,2054,1989
2052,2057,2059,2055,2054,2062,2063,1985
2053,2050,2060,2058,2058,2061,2060,1972
2046,2040,2050,2056,2044,2054,2048,1965
2033,2026,2029,2042,2033,2033,2041,1958
2030,2016,2023,2045,2034,2030,2032,1956
2038,2034,2040,2055,2050,2047,2044,1968
2050,2037,2034,2057,2044,2044,2034,1973
2041,2039,2031,2062,2046,2044,2023,1971
2039,2039,2029,2061,2053,2045,2044,1983
2055,2046,2038,2067,2059,2048,2056,1983
2049,2042,2033,2067,2052,2047,2044,1994
2045,2040,2028,2066,2050,2045,2056,2001
2041,2040,2027,2058,2049,2047,2055,2009
2047,2039,2032,2059,2047,2046,2064,2009
2047,2037,2028,2054,2045,2044,2039,2018
2046,2038,2040,2046,2047,2045,2047,2023
2054,2050,2062,2043,2042,2042,2043,2022
2051,2053,2082,2045,2037,2031,2042,2018
2044,2049,2085,2041,2037,2029,2029,2021
2044,2046,2078,2038,2033,2028,2027,2013
2029,2025,2054,2024,2021,2021,2028,2014
2027,2024,2045,2029,2026,2031,2052,2026
2045,2047,2057,2043,2049,2057,2071,2030
2053,2050,2056,2041,2043,2056,2068,2029
2048,2055,2065,2049,2055,2065,2049,2030
2056,2065,2064,2050,2054,2069,2071,2036
2057,2056,2060,2048,2051,2069,2068,2027
2051,2054,2064,2048,2056,2066,2071,2021
2058,2056,2059,2051,2058,2060,2056,2021
2053,2050,2051,2051,2052,2064,2068,2014
2049,2051,2054,2052,2060,2069,2058,2007
2055,2053,2056,2047,2062,2065,2044,2003
2050,2051,2059,2052,2061,2065,2044,1989
2047,2052,2058,2054,2060,2055,2039,1975
2048,2060,2060,2055,2056,2040,2044,1975
2054,2058,2059,2054,2057,2034,2042,1964
2054,2056,2061,2051,2045,2026,2026,1944
2034,2031,2043,2042,2037,2024,2040,1943
2029,2036,2046,2048,2043,2046,2052,1956
2047,2058,2057,2056,2050,2052,2047,1957
2055,2058,2057,2055,2044,2046,2043,1963
2055,2056,2058,2056,2044,2040,2048,1967
2042,2053,2044,2058,2043,2042,2035,1975
2044,2047,2042,2058,2040,2041,2039,1974
2041,2047,2040,2055,2044,2040,2044,1978
2041,2048,2043,2058,2048,2039,2030,1981
2044,2042,2036,2051,2050,2038,2044,1998
2048,2047,2038,2059,2058,2046,2035,2004
2056,2046,2037,2054,2059,2045,2049,1999
2053,2034,2031,2054,2044,2044,2057,2008
2043,2036,2028,2045,2037,2038,2032,2016
2041,2035,2023,2043,2032,2039,2046,2014
2036,2037,2026,2044,2042,2037,2047,2015
2034,2024,2004,2034,2031,2025,2026,2004
2025,2012,1995,2038,2027,2020,2021,2007
2027,2026,2014,2049,2058,2043,2052,2024
2058,2052,2034,2061,2057,2050,2052,2021
2058,2049,2034,2062,2050,2041,2049,2014
2050,2052,2031,2059,2051,2042,2045,2007
2047,2048,2037,2063,2053,2035,2052,2008
2047,2041,2029,2055,2056,2034,2026,2003
2043,2042,2022,2054,2055,2040,2027,1997
2041,2038,2026,2060,2050,2042,2034,1986
2047,2044,2027,2062,2056,2049,2052,1982
2048,2049,2041,2070,2061,2049,2049,1977
2044,2049,2046,2073,2066,2050,2046,1963
2045,2050,2053,2068,2054,2046,2038,1962
2047,2049,2048,2066,2061,2052,2035,1958
2045,2046,2052,2060,2057,2051,2040,1962
2050,2053,2063,2062,2049,2051,2028,1945
2037,2043,2059,2052,2046,2036,2029,1932
2032,2038,2073,2056,2047,2044,2040,1932
2057,2063,2082,2063,2057,2062,2057,1943
2056,2066,2072,2060,2051,2059,2047,1943
2056,2059,2065,2063,2053,2059,2056,1945
2053,2056,2066,2052,2048,2047,2044,1953
2047,2050,2064,2049,2041,2038,2030,1958
2051,2051,2072,2034,2029,2020,2037,1963
2045,2043,2066,2029,2032,2010,2015,1969
2044,2047,2068,2036,2029,2008,2031,1974
2044,2046,2063,2038,2040,2006,2035,1978
2045,2047,2053,2042,2036,2012,2032,1986
2046,2051,2057,2040,2040,2015,2037,1996
2043,2050,2049,2045,2041,2015,2036,1994
2040,2044,2048,2049,2053,2020,2032,2005
2045,2053,2057,2055,2059,2032,2040,2001
2041,2046,2055,2052,2050,2031,2019,1991
2031,2022,2038,2033,2036,2028,2005,1995
2032,2015,2035,2040,2032,2034,2024,1999
2041,2035,2051,2045,2035,2034,2030,1999
2042,2038,2053,2041,2035,2030,2034,2002
2039,2039,2051,2046,2042,2042,2050,2001
2044,2043,2054,2049,2046,2049,2058,1995
2047,2042,2049,2053,2058,2060,2066,1998
2050,2047,2048,2056,2054,2067,2060,1994
2054,2048,2060,2060,2057,2081,2062,1995
2050,2051,2052,2054,2061,2071,2059,1981
2047,2041,2047,2056,2064,2062,2054,1969
2049,2054,2052,2055,2059,2060,2061,1961
2048,2057,2049,2055,2061,2058,2057,1948
2053,2049,2043,2055,2055,2058,2056,1943
2047,2043,2041,2056,2058,2052,2062,1939
2046,2035,2040,2069,2066,2053,2048,1928
2032,2018,2029,2070,2047,2035,2023,1915
2014,2004,2023,2068,2049,2025,2020,1916
2022,2021,2028,2078,2056,2043,2041,1925
2029,2029,2032,2079,2058,2046,2058,1929
2034,2027,2035,2082,2047,2040,2048,1935
2040,2021,2029,2078,2046,2037,2034,1932
2034,2024,2032,2084,2049,2039,2040,1937
2038,2027,2022,2077,2047,2035,2041,1945
2036,2025,2016,2069,2048,2035,2044,1946
2036,2028,2026,2071,2040,2041,2029,1958
2034,2035,2042,2070,2042,2037,2034,1970
2039,2043,2065,2065,2040,2036,2028,1970
2040,2060,2086,2049,2035,2033,2038,1969
2039,2050,2070,2032,2032,2031,2024,1977
2037,2039,2052,2015,2028,2032,2036,1989
2045,2043,2037,2007,2034,2039,2032,1992
2054,2041,2026,1987,2032,2038,2031,1987
2034,2032,2021,1996,2035,2045,2031,1993
2036,2035,2035,2022,2050,2061,2046,1999
2053,2050,2047,2035,2054,2056,2042,1998
2053,2055,2052,2044,2049,2058,2052,1998
2060,2060,2059,2054,2053,2058,2046,1995
2066,2069,2065,2052,2047,2061,2048,1994
2068,2072,2072,2054,2060,2069,2054,1990
2074,2078,2070,2054,2058,2062,2053,1976
2062,2069,2074,2058,2057,2062,2066,1969
2059,2075,2072,2058,2064,2060,2046,1966
2058,2076,2076,2064,2063,2066,2032,1958
2058,2070,2075,2059,2049,2066,2060,1936
2048,2063,2066,2053,2038,2057,2062,1920
2050,2055,2064,2046,2012,2047,2026,1918
2048,2053,2061,2044,2009,2033,2024,1904
2048,2052,2054,2039,2001,1992,2010,1890
2027,2028,2033,2024,2000,1982,2021,1889
2029,2030,2038,2038,2040,2028,2032,1909
2051,2059,2064,2060,2078,2057,2043,1913
2055,2053,2055,2059,2092,2069,2049,1918
2055,2058,2052,2069,2098,2074,2033,1920
2051,2050,2050,2055,2076,2059,2043,1914
2052,2051,2047,2055,2067,2050,2040,1925
2049,2050,2051,2052,2067,2054,2039,1936
2047,2048,2051,2056,2060,2052,2037,1944
2049,2042,2049,2055,2055,2059,2043,1943
2049,2044,2047,2056,2064,2062,2058,1954
2053,2046,2049,2059,2066,2062,2050,1961
2056,2050,2054,2061,2065,2065,2059,1966
2050,2041,2052,2063,2064,2060,2056,1964
2053,2043,2053,2062,2065,2058,2051,1968
2054,2049,2054,2060,2063,2060,2054,1967
2040,2023,2037,2048,2049,2044,2024,1951
2028,2015,2029,2038,2031,2035,2009,1951
2037,2027,2038,2048,2032,2060,2028,1957
2042,2036,2037,2040,2021,2063,2046,1960
2045,2039,2039,2040,2019,2062,2049,1958
2046,2047,2039,2046,2022,2049,2039,1954
2046,2039,2038,2047,2041,2027,2065,1957
2053,2046,2049,2061,2068,2022,2054,1951
2056,2045,2054,2080,2098,2047,2054,1950
2051,2043,2052,2078,2102,2070,2068,1945
2054,2050,2052,2077,2112,2074,2051,1932
2054,2046,2052,2076,2096,2057,2033,1918
2051,2043,2047,2063,2082,2034,2015,1907
2042,2032,2047,2063,2070,2035,2015,1898
2039,2039,2046,2058,2070,2034,2036,1891
2043,2042,2049,2054,2067,2031,2035,1886
2033,2029,2037,2055,2064,2018,2008,1864
2023,2010,2027,2043,2054,2021,2005,1866
2021,2012,2023,2044,2042,2032,2041,1881
2039,2031,2035,2042,2029,2027,2006,1882
2043,2037,2040,2046,2029,2028,2018,1888
2051,2042,2042,2051,2037,2036,2047,1897
2052,2044,2043,2044,2040,2056,2048,1902
2050,2052,2042,2058,2077,2080,2047,1915
2057,2055,2054,2077,2086,2077,2053,1926
2061,2060,2053,2075,2085,2075,2059,1932
2062,2059,2051,2068,2076,2079,2036,1933
2055,2056,2052,2063,2070,2069,2032,1932
2060,2053,2046,2060,2049,2048,2027,1928
2043,2044,2044,2044,2031,2036,2028,1929
2045,2038,2039,2042,2026,2032,2019,1936
2040,2038,2034,2046,2033,2033,2039,1942
2048,2036,2037,2052,2039,2023,2030,1936
2035,2026,2027,2042,2026,1997,2020,1938
2030,2025,2031,2045,2016,1990,2033,1947
2057,2050,2057,2065,2036,2013,2050,1959
2057,2057,2055,2058,2044,2026,2045,1949
2053,2057,2049,2059,2056,2046,2043,1955
2055,2063,2054,2068,2060,2053,2053,1953
2057,2063,2051,2061,2073,2052,2057,1942
2052,2050,2050,2061,2079,2069,2037,1936
2054,2048,2054,2057,2076,2068,2057,1932
2045,2046,2049,2057,2070,2073,2052,1922
2045,2042,2040,2051,2073,2079,2058,1915
2046,2045,2046,2054,2073,2090,2057,1914
2045,2044,2044,2052,2078,2104,2078,1909
2047,2042,2046,2038,2077,2099,2074,1900
2051,2048,2043,2043,2063,2098,2079,1893
2051,2047,2042,2042,2067,2080,2075,1884
2046,2042,2037,2033,2056,2018,2058,1868
2025,2014,2019,2020,2038,1982,2040,1866
2016,2017,2027,2029,2041,1999,2068,1873
2042,2047,2038,2037,2038,2013,2057,1873
2039,2040,2030,2025,2040,2031,2049,1881
2036,2035,2018,2028,2046,2041,2046,1885
2039,2032,2015,2028,2041,2036,2062,1889
2044,2046,2028,2039,2046,2034,2048,1900
2044,2054,2038,2045,2040,2047,2058,1910
2051,2059,2039,2054,2049,2055,2064,1914
2044,2053,2040,2053,2047,2057,2051,1917
2050,2053,2032,2052,2050,2050,2051,1926
2049,2048,2028,2053,2039,2046,2040,1924
2038,2042,2018,2047,2026,2034,2030,1927
2032,2038,2019,2043,2032,2015,2026,1931
2036,2039,2026,2050,2042,2024,2036,1932
2045,2044,2034,2048,2050,2030,2029,1933
2038,2030,2033,2042,2044,2027,2027,1932
2037,2027,2039,2044,2046,2033,2042,1946
2055,2048,2064,2061,2057,2049,2049,1947
2058,2051,2069,2058,2064,2046,2061,1954
2059,2057,2065,2055,2059,2045,2044,1949
2059,2068,2073,2060,2058,2045,2049,1958
2056,2058,2064,2056,2049,2044,2059,1941
2052,2058,2064,2054,2053,2039,2060,1937
2057,2060,2067,2055,2051,2037,2061,1925
2056,2060,2071,2054,2055,2048,2043,1924
2045,2059,2073,2056,2055,2044,2026,1919
2042,2056,2068,2051,2046,2038,2054,1901
2042,2049,2059,2047,2045,2041,2049,1894
2042,2053,2057,2051,2051,2044,2054,1887
2033,2049,2051,2048,2058,2052,2058,1882
2037,2050,2051,2046,2067,2054,2052,1872
2028,2031,2036,2040,2061,2041,2043,1852
2013,2019,2027,2031,2059,2037,2042,1868
2033,2035,2038,2045,2054,2050,2067,1876
2030,2038,2042,2043,2058,2054,2064,1883
2032,2041,2040,2046,2060,2046,2059,1888
2039,2037,2033,2043,2052,2055,2054,1900
2031,2036,2023,2037,2054,2049,2050,1904
2040,2032,2024,2042,2056,2049,2039,1907
2036,2028,2024,2048,2048,2047,2043,1914
2041,2033,2019,2047,2053,2049,2047,1921
2042,2031,2013,2046,2057,2054,2032,1921
2040,2021,2009,2042,2049,2053,2036,1925
2036,2018,2004,2036,2042,2049,2040,1937
2026,2014,2001,2035,2029,2037,2021,1935
2035,2012,2000,2026,2024,2033,2036,1937
2033,2030,2015,2029,2038,2029,2038,1940
2029,2008,2002,2023,2032,2009,2022,1931
2026,2007,2002,2021,2032,1998,2022,1933
2029,2029,2019,2041,2041,2010,2041,1944
2041,2042,2025,2038,2038,1997,2031,1944
2041,2049,2030,2027,2018,1984,2024,1942
2047,2051,2032,2028,2013,1986,2019,1946
2047,2059,2050,2025,2017,2005,2023,1941
2049,2059,2067,2036,2028,2021,2039,1938
2051,2064,2072,2043,2030,2025,2042,1926
2051,2062,2078,2041,2034,2032,2040,1922
2050,2070,2081,2048,2039,2041,2034,1921
2054,2071,2086,2063,2074,2060,2053,1917
2052,2076,2090,2067,2093,2068,2059,1919
2062,2072,2080,2060,2087,2050,2046,1908
2061,2065,2076,2053,2071,2041,2041,1903
2057,2064,2072,2044,2061,2035,2053,1902
2047,2048,2058,2033,2052,2028,2048,1896
2036,2040,2053,2032,2054,2031,2041,1889
2045,2053,2067,2041,2051,2044,2057,1904
2051,2063,2067,2035,2022,2029,2058,1905
2052,2061,2065,2031,1991,2013,2027,1904
2046,2061,2058,2023,1969,2017,2025,1909
2045,2049,2045,2014,1983,2020,2042,1921
2038,2048,2044,2033,2029,2025,2032,1936
2056,2074,2066,2065,2072,2047,2061,1945
2065,2073,2070,2070,2086,2059,2053,1959
2056,2059,2061,2070,2099,2077,2060,1963
2053,2047,2055,2058,2095,2071,2052,1957
2051,2045,2050,2059,2079,2043,2025,1967
2052,2051,2051,2043,2066,2052,2068,1968
2050,2042,2042,2046,2063,2061,2081,1975
2052,2043,2037,2041,2058,2065,2077,1973
2050,2035,2027,2033,2044,2051,2060,1968
2036,2018,2015,2028,2045,2040,2045,1973
2038,2033,2025,2034,2048,2049,2060,1985
2050,2047,2034,2038,2045,2048,2055,1984
2046,2050,2029,2037,2042,2060,2037,1979
2044,2040,2028,2030,2038,2080,2050,1979
2043,2040,2028,2033,2029,2089,2047,1969
2044,2043,2024,2035,2027,2091,2070,1964
2044,2042,2026,2034,2031,2061,2070,1960
2049,2045,2030,2046,2040,2019,2063,1963
2056,2042,2036,2065,2083,2015,2075,1966
2057,2055,2042,2071,2108,2044,2086,1963
2054,2050,2039,2070,2128,2073,2079,1947
2048,2047,2038,2064,2110,2078,2080,1942
2045,2048,2033,2056,2098,2061,2080,1937
2051,2049,2028,2050,2082,2063,2078,1935
2052,2039,2019,2044,2055,2049,2072,1924
2034,2014,2003,2038,2044,2045,2063,1919
2030,2017,2010,2038,2053,2045,2077,1935
2044,2042,2029,2043,2047,2031,2072,1935
2044,2048,2039,2038,2046,2025,2070,1941
2045,2050,2043,2031,2049,2026,2062,1954
2043,2053,2054,2032,2053,2011,2040,1956
2056,2058,2078,2033,2061,2015,2035,1962
2055,2063,2079,2042,2103,2032,2046,1973
2049,2059,2075,2039,2110,2037,2040,1975
2045,2049,2062,2030,2119,2039,2042,1987
2046,2051,2064,2037,2113,2045,2044,1993
2052,2060,2069,2040,2112,2051,2038,1989
2038,2043,2054,2036,2102,2039,2038,1993
2040,2043,2054,2033,2082,2044,2023,1991
2043,2045,2063,2039,2070,2058,2051,2000
2045,2046,2058,2039,2052,2056,2024,1996
2033,2030,2037,2026,2020,2059,2023,1998
2030,2029,2039,2023,1985,2059,2040,2000
2045,2048,2056,2021,1932,2039,2050,2003
2043,2052,2056,2022,1970,2047,2046,2009
2045,2052,2056,2032,2009,2052,2044,2006
2045,2056,2054,2039,2024,2046,2047,2007
2050,2054,2057,2043,2037,2055,2063,2005
2051,2056,2059,2048,2050,2069,2058,2002
2051,2055,2049,2044,2055,2075,2059,1990
2049,2052,2053,2044,2064,2065,2059,1989
2054,2052,2052,2046,2066,2058,2045,1982
2049,2052,2051,2042,2067,2078,2042,1974
2051,2051,2044,2041,2059,2079,2062,1968
2049,2048,2043,2039,2047,2088,2076,1958
2041,2046,2043,2036,2049,2099,2064,1955
2039,2041,2040,2026,2034,2096,2055,1936
2023,2014,2020,2015,2036,2080,2051,1935
2018,2012,2021,2018,2048,2037,2057,1940
2031,2037,2034,2032,2045,2003,2061,1952
2038,2044,2041,2039,2029,2010,2063,1959
2036,2040,2040,2041,2047,2022,2054,1970
2028,2043,2030,2044,2068,2023,2055,1969
2033,2029,2023,2041,2074,2035,2056,1984
2035,2037,2025,2042,2069,2039,2065,1996
2032,2033,2023,2045,2058,2042,2056,1995
2032,2028,2022,2040,2042,2030,2064,2009
2030,2029,2017,2033,2020,2024,2033,2012
2040,2033,2015,2027,2001,2029,2038,2021
2035,2036,2024,2023,1982,2036,2038,2026
2041,2044,2031,2016,1978,2023,2061,2029
2041,2041,2020,2010,1987,2018,2056,2037
2048,2046,2034,2024,2027,2037,2058,2026
2034,2027,2025,2017,2015,2035,2042,2024
2030,2025,2022,2019,2007,2049,2062,2041
2047,2042,2029,2027,2017,2075,2062,2039
2038,2040,2022,2024,1997,2079,2052,2035
2042,2036,2023,2019,2015,2069,2046,2035
2030,2040,2040,2038,2024,2059,2049,2024
2036,2049,2059,2047,2042,2056,2039,2017
2036,2059,2074,2052,2055,2047,2032,2020
2042,2054,2075,2049,2053,2036,2045,2025
2045,2066,2078,2060,2066,2034,2043,2025
2051,2070,2078,2059,2076,2024,2059,2026
2058,2074,2076,2062,2082,2035,2063,2024
2062,2074,2074,2057,2078,2037,2061,2019
2060,2066,2069,2059,2072,2032,2042,2005
2049,2062,2073,2048,2060,2038,2052,1999
2058,2056,2067,2041,2051,2036,2036,1979
2038,2038,2052,2032,2042,2022,2026,1971
2028,2032,2063,2035,2032,2027,2030,1983
2049,2060,2080,2052,2036,2045,2065,1995
2059,2070,2080,2054,2026,2040,2063,1997
2048,2063,2065,2042,2011,2026,2056,1999
2052,2062,2059,2042,2015,2031,2050,2013
2050,2068,2068,2054,2036,2048,2042,2026
2066,2069,2071,2054,2034,2063,2049,2040
2050,2069,2074,2048,2018,2068,2058,2042
2054,2058,2058,2044,2006,2062,2053,2038
2045,2056,2054,2030,2009,2061,2057,2043
2038,2048,2048,2036,2013,2054,2050,2038
2033,2036,2044,2044,2068,2055,2026,2044
2026,2031,2037,2048,2114,2056,2034,2059
2032,2036,2039,2048,2118,2057,2050,2073
2042,2045,2037,2048,2098,2043,2057,2078
2034,2027,2016,2031,2052,2032,2060,2081
2038,2032,2021,2036,2062,2034,2059,2086
2058,2056,2036,2061,2091,2050,2071,2095
2060,2053,2032,2070,2077,2045,2062,2096
2053,2045,2024,2068,2066,2047,2065,2088
2046,2044,2030,2066,2065,2059,2069,2084
2044,2047,2034,2050,2025,2056,2059,2080
2043,2033,2016,2024,1942,2048,2059,2065
2030,2030,2011,2010,1940,2055,2048,2051
2027,2017,2001,2003,1985,2061,2040,2044
2022,2021,2006,2019,2002,2052,2052,2044
2028,2027,2002,2028,2024,2055,2063,2031
2024,2022,2011,2038,2068,2062,2067,2032
2034,2045,2033,2064,2129,2081,2081,2035
2046,2059,2050,2076,2146,2066,2078,2029
2050,2060,2051,2076,2180,2072,2070,2032
2046,2050,2043,2070,2202,2068,2049,2021
2028,2035,2044,2055,2156,2053,2050,2023
2034,2059,2056,2050,2074,2041,2040,2034
2039,2062,2054,2024,1958,2008,2029,2032
2036,2057,2058,2025,1967,2006,2027,2040
2041,2070,2072,2042,2031,2027,2065,2054
2046,2074,2073,2045,2035,2044,2059,2059
2044,2073,2077,2049,2063,2041,2036,2066
2044,2068,2072,2050,2077,2038,2039,2075
2043,2065,2074,2048,2075,2049,2050,2076
2044,2065,2080,2048,2068,2020,2050,2088
2055,2072,2081,2047,2045,1987,2035,2102
2051,2066,2082,2044,2037,2002,2049,2092
2042,2064,2073,2032,2052,2033,2039,2091
2035,2049,2063,2031,2102,2092,2036,2095
2036,2048,2046,2034,2113,2098,2037,2103
2033,2036,2030,2021,2094,2073,2022,2098
2014,2016,2020,2010,2043,2023,2008,2089
2016,2023,2029,2009,1976,2007,2022,2107
2036,2046,2050,2041,2004,2028,2039,2112
2046,2065,2065,2066,2084,2062,2066,2126
2054,2064,2065,2075,2131,2108,2083,2131
2051,2067,2068,2066,2160,2138,2095,2136
2052,2065,2059,2057,2134,2112,2060,2131
2048,2064,2050,2028,2006,2063,2067,2115
2039,2046,2042,2017,1973,2044,2057,2113
2038,2043,2046,2020,1983,2045,2059,2107
2038,2048,2041,2029,1998,2041,2050,2100
2039,2048,2043,2039,2033,2045,2057,2094
2036,2050,2040,2042,2045,2047,2050,2094
2038,2048,2049,2042,2038,2037,2071,2096
2054,2061,2058,2040,2031,2044,2062,2092
2050,2057,2038,2018,2008,2028,2005,2073
2020,2028,2024,2007,2013,2011,2008,2070
2025,2037,2031,2032,2033,2020,2030,2086
2052,2066,2040,2054,2057,2033,2033,2090
2046,2063,2034,2063,2079,2039,2024,2097
2047,2055,2031,2066,2103,2053,2033,2100
2040,2050,2022,2068,2106,2056,2042,2111
2043,2054,2026,2061,2086,2054,2051,2129
2046,2051,2026,2069,2078,2049,2054,2136
2048,2056,2033,2078,2106,2063,2039,2140
2050,2058,2036,2084,2144,2067,2058,2150
2045,2061,2039,2076,2148,2061,2058,2156
2046,2063,2028,2060,2117,2046,2027,2164
2044,2058,2020,2050,2070,2040,2033,2157
2037,2046,2023,2034,1935,2014,2023,2162
2035,2041,2030,2014,1865,2011,2021,2173
2026,2028,2029,2010,1931,2007,2034,2168
2017,2008,2008,2008,1977,2017,2037,2167
2018,2009,2006,2019,2001,2039,2047,2177
2028,2030,2022,2037,2004,2048,2047,2185
2031,2034,2023,2036,2010,2045,2040,2189
2041,2037,2032,2043,2014,2047,2064,2184
2043,2040,2042,2052,2004,2038,2067,2177
2040,2043,2042,2048,1999,2024,2063,2175
2036,2035,2043,2038,2007,2021,2062,2168
2040,2043,2039,2046,2015,2021,2072,2159
2045,2056,2041,2054,2051,2037,2070,2162
2046,2058,2044,2063,2063,2050,2070,2160
2048,2055,2045,2059,2056,2054,2081,2155
2042,2051,2041,2053,2051,2063,2073,2141
2037,2044,2048,2043,2046,2080,2070,2138
2037,2055,2057,2040,2034,2087,2076,2143
2047,2060,2060,2030,2006,2083,2067,2126
2028,2031,2041,2022,2004,2060,2049,2123
2030,2032,2047,2027,2004,2037,2068,2142
2048,2060,2065,2044,2049,2043,2056,2152
2050,2061,2075,2042,2046,2047,2061,2153
2051,2060,2078,2040,2034,2062,2061,2156
2054,2063,2082,2041,2026,2070,2056,2167
2044,2062,2076,2033,2027,2055,2064,2170
2044,2058,2057,2022,2009,2039,2050,2173
2034,2047,2042,2017,1990,2037,2031,2185
2033,2044,2043,2022,1987,2042,2043,2195
2044,2047,2049,2022,1970,2011,2030,2197
2038,2051,2047,2020,1920,1969,2020,2195
2035,2046,2047,2019,1893,1972,2040,2202
2030,2041,2038,2023,1986,2018,2034,2213
2045,2044,2043,2040,2063,2047,2034,2225
2042,2044,2031,2041,2092,2049,2045,2211
2021,2015,2011,2029,2083,2039,2044,2205
2023,2014,2018,2028,2068,2040,2047,2215
2042,2040,2034,2043,2068,2059,2060,2223
2049,2038,2038,2040,2061,2053,2068,2217
2043,2041,2042,2038,2047,2045,2062,2217
2038,2036,2040,2038,2023,2039,2058,2225
2050,2043,2042,2039,2056,2044,2059,2220
2044,2038,2038,2043,2082,2047,2068,2210
2040,2036,2040,2049,2081,2058,2064,2209
2041,2031,2034,2049,2078,2063,2060,2208
2039,2032,2036,2048,2054,2056,2058,2198
2039,2033,2042,2044,2026,2050,2060,2194
2038,2035,2036,2038,2030,2040,2074,2184
2031,2031,2031,2041,2030,2039,2066,2179
2036,2027,2028,2036,2014,2033,2052,2179
2043,2032,2023,2026,2014,2020,2050,2176
2044,2034,2018,2036,2053,2020,2063,2162
2026,2011,2004,2034,2053,2023,2058,2152
2023,2014,2004,2032,2036,2027,2068,2170
2041,2042,2016,2036,2012,2032,2075,2184
2042,2048,2012,2036,2009,2053,2085,2199
2047,2045,2014,2039,2013,2071,2083,2203
2050,2046,2008,2046,2058,2088,2068,2208
2045,2043,2001,2043,2072,2101,2069,2212
2048,2034,1998,2048,2115,2116,2078,2229
2054,2044,2003,2039,2122,2126,2096,2243
2060,2047,2004,2039,2126,2125,2099,2252
2065,2053,2019,2047,2161,2127,2101,2258
2067,2054,2039,2052,2190,2125,2104,2271
2065,2066,2060,2052,2180,2102,2094,2271
2062,2069,2058,2031,2106,2056,2077,2255
2048,2060,2044,1994,2012,2013,2056,2242
2047,2056,2037,2014,2045,2020,2064,2236
2045,2051,2032,2016,2035,2034,2040,2218
2036,2038,2034,2040,2029,2050,2029,2218
2027,2046,2051,2053,2052,2075,2050,2239
2047,2060,2055,2055,2036,2067,2052,2238
2034,2049,2041,2042,1979,2030,2040,2237
2035,2055,2044,2060,1985,2019,2046,2235
2037,2055,2052,2070,2009,2036,2058,2235
2038,2063,2064,2086,2016,2072,2084,2238
2056,2069,2079,2083,2044,2093,2088,2227
2039,2064,2082,2066,2032,2094,2102,2226
2045,2062,2081,2048,2014,2078,2082,2212
2044,2056,2073,2041,2032,2066,2076,2203
2040,2065,2074,2052,2068,2062,2076,2199
2044,2066,2076,2045,2094,2072,2069,2195
2044,2064,2083,2043,2113,2070,2069,2186
2037,2063,2078,2037,2144,2061,2065,2181
2040,2060,2083,2038,2131,2045,2029,2168
2031,2044,2069,2019,2050,1992,2002,2154
2031,2037,2058,2019,2033,1980,2028,2172
2047,2065,2069,2039,2061,2003,2040,2190
2053,2072,2072,2053,2071,2011,2052,2200
2057,2070,2066,2063,2079,2018,2049,2210
2061,2066,2063,2054,2063,2026,2045,2214
2056,2063,2056,2043,2060,2037,2045,2215
2059,2056,2050,2040,2069,2056,2067,2233
2060,2056,2052,2042,2080,2051,2067,2239
2058,2041,2043,2037,2070,2045,2057,2240
2061,2038,2036,2035,2048,2037,2032,2243
2053,2030,2028,2035,2054,2042,2038,2250
2054,2034,2035,2045,2060,2048,2051,2251
2054,2048,2048,2053,2041,2064,2058,2251
2058,2060,2055,2052,2033,2073,2058,2258
2045,2043,2045,2029,1984,2062,2020,2230
2024,2010,2027,2001,1913,2054,2013,2237
2022,2020,2028,2010,1909,2055,2056,2273
2062,2058,2064,2051,1931,2039,2072,2284
2073,2073,2072,2074,2016,2042,2074,2291
2073,2072,2075,2087,2061,2029,2077,2287
2076,2073,2063,2066,2043,2000,2074,2270
2070,2068,2061,2061,2023,2016,2058,2263
2061,2065,2064,2058,2020,2027,2066,2247
2057,2060,2056,2051,2011,2029,2054,2237
2063,2058,2057,2042,1973,2025,2061,2233
2057,2054,2050,2009,1900,2016,2058,2222
2051,2051,2044,2004,1968,2030,2056,2207
2042,2030,2035,2019,2040,2042,2054,2200
2040,2028,2030,2025,2038,2045,2036,2195
2041,2031,2027,2042,2073,2056,2044,2191
2050,2036,2036,2078,2168,2075,2045,2177
2032,2018,2026,2074,2141,2057,2024,2179
2038,2021,2027,2068,2145,2054,2044,2179
2043,2038,2040,2084,2146,2052,2047,2185
2047,2047,2035,2077,2128,2051,2045,2187
2041,2046,2037,2060,2095,2049,2055,2196
2042,2046,2029,2052,2075,2055,2043,2204
2040,2042,2015,2039,2057,2053,2057,2215
2036,2040,2016,2024,2054,2050,2045,2220
2039,2029,2003,2020,2065,2048,2040,2223
2034,2029,1997,2017,2059,2040,2043,2232
2041,2029,1992,2026,2056,2032,2043,2236
2046,2030,1992,2034,2053,2023,2038,2238
2047,2033,1995,2039,2044,2020,2032,2244
2038,2032,2007,2045,2040,2022,2046,2244
2037,2030,2014,2041,2027,2024,2042,2248
2044,2024,2016,2042,2018,2023,2030,2243
2024,2002,2008,2032,2011,2017,2007,2240
2021,2000,2007,2028,2027,2027,2012,2250
2039,2030,2044,2049,2049,2046,2028,2251
2041,2048,2058,2052,2066,2057,2022,2249
2044,2051,2069,2058,2074,2063,2043,2255
2051,2056,2075,2053,2078,2060,2040,2253
2055,2065,2085,2056,2076,2062,2053,2251
2050,2061,2094,2054,2092,2078,2051,2244
2053,2066,2090,2045,2101,2084,2057,2246
2053,2055,2084,2032,2085,2082,2055,2243
2064,2066,2082,2029,2068,2066,2057,2233
2064,2069,2086,2024,2035,2052,2057,2222
2051,2052,2062,2023,2028,2053,2046,2210
2048,2050,2065,2032,2040,2062,2023,2206
2050,2053,2069,2040,2032,2065,2058,2203
2038,2043,2059,2042,2037,2073,2046,2196
2030,2023,2045,2030,2031,2063,2039,2191
2017,2025,2041,2038,2032,2071,2039,2205
2052,2053,2065,2060,2054,2089,2060,2208
2049,2047,2065,2054,2059,2091,2070,2217
2047,2056,2057,2048,2068,2085,2049,2212
2036,2034,2042,2042,2084,2063,2039,2210
2041,2047,2051,2057,2108,2050,2025,2222
2042,2061,2065,2066,2110,2039,2020,2224
2043,2060,2058,2049,2084,2043,2028,2228
2051,2063,2047,2038,2055,2030,2027,2242
2048,2056,2044,2033,2038,2014,2022,2243
2045,2053,2035,2023,2021,2013,2018,2238
2050,2050,2024,2026,2016,2035,2009,2254
2060,2054,2028,2051,2034,2062,2041,2259
2067,2063,2043,2074,2040,2071,2058,2267
2057,2058,2045,2084,2044,2066,2050,2260
2030,2016,2016,2054,2029,2044,2029,2259
2020,2008,2012,2045,2020,2047,2043,2274
2045,2041,2016,2053,2042,2055,2038,2274
2039,2040,1999,2052,2049,2056,2051,2270
2043,2031,1980,2048,2049,2052,2046,2264
2035,2024,1973,2045,2042,2050,2028,2256
2034,2017,1978,2065,2065,2053,2039,2250
2033,2012,1984,2073,2094,2051,2042,2248
2027,2006,1977,2073,2105,2053,2033,2244
2029,2008,1981,2073,2105,2061,2036,2229
2028,2009,1993,2076,2119,2073,2040,2228
2029,2014,2003,2070,2117,2078,2050,2217
2033,2018,2009,2053,2098,2079,2058,2207
2028,2028,2011,2034,2097,2068,2052,2200
2032,2027,2030,2022,2100,2072,2046,2200
2031,2043,2049,2035,2130,2075,2034,2188
2025,2041,2054,2039,2135,2070,2029,2179
2028,2061,2077,2051,2148,2085,2067,2202
2056,2083,2089,2055,2136,2077,2063,2210
2055,2074,2082,2047,2092,2063,2056,2205
2056,2077,2088,2031,2021,2055,2043,2221
2058,2080,2092,2023,2055,2032,2057,2223
2055,2081,2094,2028,2072,2017,2036,2235
2061,2073,2091,2028,2061,2025,2037,2240
2058,2073,2077,2045,2052,2035,2043,2257
2069,2067,2072,2040,2027,2031,2056,2260
2072,2061,2057,2027,2027,2033,2038,2267
2063,2050,2038,2015,2018,2025,2034,2269
2062,2045,2020,2003,2005,2023,2028,2269
2062,2048,2025,1998,1952,2019,2024,2261
2050,2053,2024,1999,1911,2035,2036,2260
2046,2059,2029,2009,1955,2054,2039,2248
2033,2035,2011,2002,1955,2051,2023,2263
2027,2032,2006,2008,2019,2058,2046,2275
2037,2046,2012,2014,2084,2058,2045,2264
2031,2041,2010,2018,2082,2055,2045,2265
2030,2051,2029,2023,2074,2068,2048,2259
2039,2064,2048,2033,2082,2071,2044,2257
2051,2076,2060,2049,2097,2077,2047,2253
2047,2069,2070,2055,2097,2087,2038,2242
2041,2060,2076,2058,2099,2072,2039,2236
2036,2053,2067,2061,2150,2044,2044,2235
2038,2047,2058,2064,2176,2040,2053,2230
2032,2037,2040,2049,2130,2057,2049,2213
2025,2033,2059,2067,2129,2088,2063,2208
2032,2038,2073,2084,2171,2110,2050,2201
2040,2043,2074,2082,2154,2103,2050,2193
2044,2043,2059,2069,2070,2079,2028,2189
2036,2023,2036,2061,2042,2055,2024,2174
2022,2016,2037,2070,2077,2079,2031,2181
2041,2034,2060,2095,2123,2108,2043,2193
2043,2036,2060,2101,2148,2120,2057,2209
2048,2039,2058,2088,2081,2108,2043,2203
2044,2046,2056,2072,1960,2048,2030,2205
2032,2035,2046,2068,1941,1976,2028,2208
2028,2035,2059,2080,1966,1965,2020,2201
2028,2043,2076,2069,2004,1986,2019,2216
2037,2040,2076,2061,2041,2008,2046,2225
2038,2028,2066,2045,2019,2005,2027,2225
2026,2032,2064,2042,1999,1999,2042,2239
2034,2041,2074,2043,1989,2006,2033,2249
2041,2041,2047,2040,1986,2004,2046,2253
2042,2035,2003,2012,1982,2003,2026,2255
2028,2015,1968,1988,1970,1993,1998,2238
2012,1992,1966,1984,1996,2008,2011,2233
2015,2008,2007,2004,2052,2038,2050,2256
2041,2058,2059,2021,2089,2067,2065,2264
2056,2070,2078,2025,2103,2084,2073,2275
2058,2069,2063,2016,2105,2074,2054,2266
2045,2059,2044,2012,2101,2073,2070,2264
2046,2060,2054,2028,2086,2081,2082,2254
2048,2062,2069,2049,2096,2076,2075,2244
2045,2063,2062,2051,2090,2072,2077,2243
2049,2061,2038,2050,2095,2080,2080,2236
2057,2061,2031,2064,2104,2079,2066,2224
2052,2056,2022,2063,2105,2073,2082,2210
2048,2045,2021,2059,2074,2073,2064,2203
2043,2039,2013,2061,2064,2066,2062,2192
2039,2032,2010,2066,2058,2059,2049,2194
2039,2043,2025,2072,2046,2041,2043,2175
2028,2019,2002,2067,2038,2029,2006,2164
2019,2009,1990,2068,2042,2038,2047,2183
2036,2037,1996,2065,2051,2037,2041,2183
2035,2041,2005,2060,2061,2034,2026,2184
2030,2042,2002,2040,2057,2025,2022,2188
2029,2041,2008,2020,2058,2026,2031,2191
2037,2050,2034,2008,2063,2023,2040,2204
2041,2068,2087,2020,2079,2040,2032,2220
2058,2096,2129,2042,2112,2052,2051,2230
2074,2112,2142,2065,2122,2063,2041,2244
2076,2106,2124,2077,2113,2066,2075,2244
2064,2082,2085,2071,2092,2062,2059,2241
2053,2056,2046,2050,2073,2052,2061,2242
2047,2037,2027,2028,2057,2049,2052,2246
2044,2040,2034,2014,2052,2042,2045,2252
2053,2054,2047,2009,2047,2036,2042,2244
2039,2041,2044,2012,2036,2032,2033,2246
2038,2038,2034,2017,2046,2045,2062,2253
2052,2053,2040,2002,2051,2045,2056,2251
2046,2054,2034,2001,2050,2051,2043,2253
2054,2049,2033,2000,2060,2059,2060,2257
2055,2057,2037,2021,2064,2060,2033,2255
2060,2060,2048,2038,2068,2061,2056,2253
2063,2060,2053,2044,2075,2069,2057,2253
2059,2060,2060,2041,2078,2066,2061,2241
2060,2055,2057,2044,2076,2053,2054,2219
2060,2054,2056,2038,2073,2047,2054,2212
2050,2053,2048,2032,2071,2049,2052,2202
2045,2049,2046,2035,2070,2055,2052,2193
2049,2069,2067,2043,2088,2064,2054,2186
2050,2066,2070,2045,2092,2067,2068,2178
2042,2058,2061,2040,2075,2044,2036,2160
2026,2018,2039,2027,2069,2037,2020,2156
2025,2012,2041,2045,2074,2054,2042,2168
2036,2042,2064,2070,2085,2059,2038,2170
2038,2041,2060,2077,2086,2064,2027,2172
2039,2040,2050,2072,2086,2059,2037,2175
2038,2044,2048,2080,2080,2056,2043,2175
2036,2043,2055,2077,2069,2056,2033,2193
2041,2038,2055,2072,2037,2049,2017,2200
2041,2036,2044,2069,2035,2053,2019,2209
2042,2034,2047,2070,2044,2052,2017,2212
2042,2034,2047,2075,2055,2056,2058,2227
2039,2040,2054,2076,2065,2058,2044,2223
2043,2039,2047,2069,2065,2057,2039,2222
2042,2035,2030,2068,2069,2056,2041,2228
2040,2033,2019,2055,2059,2053,2027,2224
2033,2025,1995,2033,2054,2045,2020,2200
2015,2006,1993,2019,2039,2028,2004,2204
2020,2024,2017,2044,2043,2035,2012,2223
2041,2061,2048,2068,2060,2040,2034,2219
2043,2061,2051,2057,2051,2033,2034,2217
2041,2058,2048,2064,2052,2034,2034,2220
2043,2047,2043,2059,2048,2029,2035,2222
2048,2053,2043,2066,2058,2032,2048,2215
2050,2074,2071,2074,2081,2041,2034,2217
2060,2091,2100,2102,2103,2054,2032,2221
2068,2097,2122,2118,2107,2069,2039,2208
2067,2092,2120,2118,2112,2082,2049,2205
2067,2086,2124,2114,2112,2076,2046,2192
2054,2070,2106,2099,2103,2061,2067,2184
2052,2074,2104,2093,2090,2058,2064,2171
2054,2076,2101,2078,2090,2046,2068,2172
2056,2079,2105,2073,2081,2042,2046,2155
2038,2043,2080,2043,2063,2031,2029,2143
2032,2033,2078,2041,2062,2032,2051,2152
2047,2062,2091,2051,2068,2040,2051,2162
2055,2061,2080,2032,2070,2042,2052,2157
2053,2058,2061,2020,2063,2041,2052,2165
2051,2048,2048,2016,2064,2051,2060,2173
2048,2058,2050,2020,2066,2052,2057,2179
2055,2056,2051,2009,2069,2054,2050,2191
2055,2050,2039,2006,2065,2058,2051,2192
2054,2045,2029,2011,2063,2059,2058,2192
2053,2047,2028,2026,2071,2065,2053,2203
2060,2054,2011,2046,2063,2068,2063,2192
2052,2042,1994,2057,2066,2075,2057,2205
2055,2038,1984,2065,2068,2089,2058,2208
2051,2038,1987,2074,2070,2082,2069,2208
2049,2042,1996,2085,2068,2071,2061,2203
2039,2020,1988,2082,2054,2056,2025,2198
2034,2011,2003,2083,2059,2068,2028,2208
2046,2046,2020,2092,2074,2087,2049,2209
2063,2056,2026,2118,2084,2074,2038,2204
2065,2057,2034,2136,2087,2052,2036,2202
2061,2054,2039,2141,2087,2031,2041,2190
2051,2056,2050,2134,2082,2030,2037,2187
2051,2057,2066,2128,2083,2060,2041,2183
2054,2058,2085,2111,2078,2075,2049,2174
2050,2060,2090,2092,2076,2077,2053,2180
2058,2069,2105,2065,2072,2064,2043,2170
2055,2070,2096,2034,2058,2037,2038,2160
2052,2072,2113,2016,2064,2026,2033,2145
2056,2068,2111,1990,2059,2029,2035,2140
2054,2070,2104,1967,2047,2040,2041,2141
2056,2063,2091,1945,2040,2040,2029,2135
2048,2045,2059,1916,2018,2021,2018,2127
2031,2026,2026,1912,2012,2016,2038,2121
2042,2049,2041,1943,2037,2046,2066,2146
2067,2074,2058,1967,2042,2052,2064,2152
2071,2089,2058,1990,2049,2058,2068,2156
2074,2091,2062,2009,2047,2059,2064,2160
2069,2071,2041,2020,2044,2055,2064,2162
2065,2056,2025,2035,2048,2055,2063,2167
2060,2049,2017,2043,2052,2052,2048,2169
2061,2039,2011,2056,2058,2051,2021,2179
2055,2038,2023,2069,2066,2045,2029,2179
2056,2039,2046,2094,2061,2040,2004,2175
2044,2031,2047,2104,2081,2042,2009,2174
2042,2021,2041,2120,2092,2052,2007,2172
2044,2022,2048,2126,2102,2057,2038,2181
2046,2031,2056,2136,2105,2054,2029,2186
2043,2017,2026,2131,2094,2035,2003,2168
2024,1999,2011,2128,2084,2048,2011,2171
2034,2016,2025,2130,2085,2080,2047,2174
2045,2035,2016,2116,2064,2075,2045,2172
2039,2027,2018,2119,2063,2074,2022,2170
2046,2027,2018,2114,2040,2050,2005,2161
2043,2022,2028,2077,2031,2005,2008,2166
2038,2021,2042,2076,2058,2003,2030,2170
2051,2044,2087,2086,2082,2024,2047,2173
2057,2063,2104,2078,2084,2040,2043,2154
2056,2056,2083,2070,2073,2050,2041,2144
2053,2048,2061,2047,2064,2050,2044,2142
2057,2050,2058,2043,2086,2054,2053,2130
2058,2060,2076,2045,2117,2056,2041,2121
2060,2070,2103,2047,2138,2053,2039,2113
2060,2071,2110,2053,2131,2052,2026,2101
2056,2064,2110,2036,2111,2030,2015,2085
2033,2051,2099,2011,2098,2030,2004,2086
2043,2067,2113,2015,2095,2042,2029,2105
2050,2080,2110,2013,2080,2052,2043,2113
2058,2082,2101,2008,2058,2057,2052,2118
2062,2083,2080,2012,1989,2046,2049,2122
2058,2065,2067,2007,1985,2044,2040,2127
2056,2065,2074,2026,2029,2052,2046,2129
2061,2065,2088,2037,2049,2053,2050,2132
2060,2062,2084,2037,2060,2054,2044,2136
2056,2060,2071,2046,2059,2054,2046,2146
2060,2056,2067,2052,2056,2058,2023,2145
2056,2060,2068,2055,2067,2056,2034,2157
2062,2059,2072,2056,2054,2046,2038,2159
2053,2055,2057,2052,2061,2046,2041,2164
2056,2050,2054,2054,2059,2041,2039,2165
2050,2029,2038,2039,2047,2029,2015,2161
2035,2023,2033,2048,2050,2023,2013,2159
2049,2037,2055,2067,2063,2046,2052,2176
2068,2047,2052,2071,2064,2046,2044,2168
2069,2047,2047,2070,2065,2051,2040,2168
2057,2044,2044,2069,2068,2049,2046,2157
2058,2046,2037,2072,2060,2060,2051,2153
2062,2050,2038,2069,2067,2060,2058,2151
2060,2052,2029,2057,2067,2059,2042,2135
2062,2045,2015,2053,2064,2057,2050,2133
2060,2044,2014,2058,2060,2057,2053,2121
2064,2041,2030,2064,2062,2059,2052,2116
2057,2043,2031,2069,2066,2065,2044,2101
2050,2037,2031,2080,2067,2054,2043,2084
2048,2034,2020,2075,2074,2056,2038,2081
2049,2034,2018,2080,2078,2054,2040,2078
2044,2012,1993,2068,2063,2039,2032,2068
2034,2001,1978,2055,2068,2040,2022,2064
2044,2020,1982,2058,2074,2057,2040,2075
2052,2026,1982,2052,2069,2057,2033,2078
2058,2033,1970,2038,2053,2056,2047,2088
2058,2041,1968,2024,2054,2051,2049,2096
2057,2046,1971,2001,2037,2040,2039,2093
2055,2045,1973,1976,2032,2035,2029,2101
2050,2039,1975,1980,2025,2033,2035,2113
2053,2047,1983,1983,2031,2038,2041,2122
2060,2058,2003,1998,2040,2045,2044,2130
2067,2059,2022,2013,2035,2056,2045,2134
2068,2061,2030,2023,2033,2054,2043,2140
2061,2060,2033,2033,2036,2051,2046,2146
2059,2063,2060,2049,2031,2052,2042,2153
2069,2076,2088,2050,2027,2058,2029,2148
2061,2063,2096,2032,2012,2039,2015,2133
2058,2061,2113,2015,2016,2040,2036,2137
2068,2086,2132,2020,2033,2050,2049,2152
2072,2093,2144,2031,2041,2052,2050,2155
2081,2095,2157,2047,2053,2051,2048,2152
2080,2092,2147,2063,2051,2049,2039,2142
2078,2088,2126,2074,2067,2058,2045,2146
2076,2080,2118,2078,2079,2068,2061,2141
2067,2079,2103,2067,2078,2060,2065,2125
2070,2073,2099,2066,2077,2059,2062,2117
2065,2074,2093,2072,2072,2068,2043,2108
2069,2074,2091,2078,2072,2072,2035,2106
2068,2080,2094,2078,2076,2062,2032,2093
2066,2074,2089,2071,2054,2049,2031,2074
2058,2066,2080,2064,2029,2033,2040,2079
2056,2061,2081,2056,2025,2030,2047,2067
2041,2047,2058,2041,2014,2006,2031,2050
2033,2031,2052,2033,2024,2022,2015,2058
2049,2054,2072,2057,2060,2064,2054,2074
2061,2067,2085,2079,2082,2077,2059,2079
2069,2068,2082,2071,2079,2074,2051,2079
2072,2070,2083,2068,2069,2084,2062,2082
2073,2072,2081,2068,2073,2083,2047,2088
2066,2070,2077,2063,2058,2082,2043,2101
2062,2062,2071,2059,2050,2073,2050,2102
2062,2062,2070,2061,2051,2030,2043,2109
2064,2053,2062,2062,2059,2016,2031,2114
2057,2050,2061,2069,2056,2030,2051,2111
2055,2042,2061,2060,2056,2044,2035,2106
2052,2040,2054,2060,2047,2053,2029,2112
2050,2036,2054,2057,2046,2070,2050,2122
2049,2038,2057,2054,2053,2080,2047,2109
2040,2017,2035,2047,2043,2070,2037,2109
2033,2010,2033,2039,2042,2070,2042,2112
2047,2037,2043,2057,2055,2096,2033,2124
2045,2035,2042,2060,2062,2094,2040,2121
2050,2036,2038,2060,2051,2047,2040,2113
2053,2036,2034,2053,2047,2005,2046,2111
2056,2045,2035,2061,2056,2010,2042,2114
2059,2046,2046,2062,2060,2032,2044,2109
2059,2051,2048,2070,2056,2039,2030,2100
2061,2052,2047,2078,2064,2046,2058,2094
2058,2050,2050,2078,2062,2042,2056,2086
2065,2051,2052,2073,2051,2041,2045,2070
2064,2052,2057,2076,2056,2040,2049,2065
2065,2059,2062,2074,2050,2040,2024,2062
2064,2066,2065,2072,2056,2042,2043,2049
2061,2062,2063,2072,2051,2040,2054,2046
2048,2045,2055,2058,2040,2020,2034,2038
2043,2035,2047,2054,2033,2021,2041,2038
2056,2058,2070,2066,2048,2037,2039,2049
2056,2063,2079,2060,2047,2035,2039,2046
2053,2050,2074,2060,2043,2033,2034,2050
2046,2050,2052,2048,2037,2032,2019,2053
2048,2048,2051,2043,2039,2034,2013,2060
2053,2047,2051,2043,2038,2029,2039,2065
2055,2045,2042,2044,2030,2034,2032,2073
2051,2042,2047,2052,2040,2042,2028,2074
2062,2065,2059,2062,2051,2055,2034,2079
2060,2058,2062,2065,2044,2059,2022,2082
2054,2047,2058,2063,2045,2058,2055,2083
2049,2041,2052,2057,2040,2051,2025,2082
2050,2044,2056,2055,2041,2054,2055,2085
2052,2048,2069,2059,2047,2064,2026,2099
2052,2035,2054,2049,2028,2052,2021,2092
2043,2025,2049,2041,2026,2048,2015,2091
2053,2039,2052,2054,2044,2059,2035,2100
2066,2051,2052,2056,2047,2054,2031,2089
2066,2054,2049,2055,2052,2054,2048,2090
2057,2050,2048,2057,2049,2051,2055,2083
2057,2048,2050,2057,2052,2047,2049,2082
2061,2045,2051,2057,2054,2052,2042,2074
2064,2054,2052,2059,2054,2050,2048,2072
2066,2048,2048,2063,2051,2049,2064,2068
2060,2044,2045,2051,2043,2046,2059,2059
2058,2050,2037,2052,2045,2050,2060,2047
2062,2044,2031,2051,2058,2053,2054,2037
2064,2043,2023,2057,2054,2044,2047,2032
2062,2046,2021,2052,2051,2046,2056,2029
2060,2044,2020,2059,2045,2052,2059,2017
2052,2022,1992,2053,2035,2047,2051,2007
2048,2020,1985,2048,2040,2049,2067,2009
2067,2039,2003,2070,2055,2069,2070,2023
2076,2051,2010,2073,2058,2070,2060,2021
2065,2046,2011,2069,2047,2061,2071,2026
2075,2056,2020,2072,2040,2051,2051,2030
2080,2056,2032,2073,2043,2056,2063,2037
2076,2056,2042,2076,2041,2059,2059,2042
2068,2056,2054,2076,2052,2065,2057,2044
2068,2055,2063,2078,2047,2070,2053,2036
2064,2045,2074,2069,2044,2065,2038,2036
2054,2046,2075,2064,2034,2049,2031,2042
2046,2036,2065,2054,2023,2022,2022,2049
2053,2047,2078,2055,2016,2024,2024,2057
2058,2059,2099,2062,2023,2038,2043,2064
2062,2059,2122,2063,2021,2040,2006,2057
2051,2044,2092,2059,2010,2027,1997,2055
2046,2042,2064,2045,2008,2029,2033,2071
2073,2061,2061,2058,2036,2047,2042,2080
2068,2060,2050,2061,2039,2058,2052,2078
2066,2058,2059,2057,2046,2058,2069,2078
2073,2057,2063,2066,2060,2068,2058,2086
2072,2058,2067,2067,2064,2068,2045,2074
2067,2054,2070,2062,2064,2072,2053,2060
2074,2050,2060,2071,2063,2071,2044,2050
2072,2056,2057,2074,2066,2067,2053,2044
2069,2059,2058,2067,2061,2069,2079,2038
2067,2053,2058,2064,2051,2066,2058,2031
2069,2060,2063,2063,2059,2073,2064,2016
2065,2064,2075,2058,2060,2068,2041,2010
2058,2062,2082,2054,2047,2067,2050,2009
2058,2071,2101,2054,2048,2065,2035,1993
2052,2057,2103,2050,2040,2051,2040,1989
2046,2056,2092,2041,2036,2045,2059,1988
2062,2062,2085,2045,2042,2049,2052,1988
2062,2055,2061,2032,2030,2051,2047,1993
2062,2051,2058,2037,2029,2050,2035,1992
2063,2053,2056,2037,2018,2040,2023,1998
2056,2052,2060,2045,2019,2032,2024,2008
2063,2060,2064,2050,2024,2033,2034,2012
2069,2065,2068,2044,2027,2019,2035,2018
2064,2056,2053,2043,2023,2000,2010,2010
2058,2053,2056,2049,2031,2010,2038,2013
2063,2058,2057,2054,2026,2008,2039,2020
2061,2056,2056,2049,2035,2027,2042,2038
2062,2059,2054,2050,2032,2036,2050,2037
2059,2052,2062,2052,2032,2032,2040,2045
2060,2058,2062,2054,2029,2026,2035,2041
2047,2040,2045,2037,2014,2001,2013,2031
2049,2032,2043,2038,2012,2011,2020,2037
2062,2056,2055,2052,2027,2028,2030,2041
2070,2063,2054,2048,2025,2027,2030,2039
2070,2056,2058,2051,2030,2036,2045,2047
2074,2054,2057,2045,2029,2049,2048,2046
2067,2049,2060,2055,2037,2056,2053,2042
2072,2049,2064,2057,2041,2055,2058,2033
2072,2051,2062,2051,2030,2044,2059,2026
2069,2048,2062,2051,2022,2037,2042,2018
2068,2049,2058,2047,2000,2043,2054,2008
2066,2047,2056,2041,1982,2030,2049,1997
2066,2050,2062,2041,1977,2025,2046,1986
2062,2048,2050,2033,1982,2038,2041,1975
2062,2057,2055,2051,2018,2049,2055,1973
2071,2066,2069,2072,2050,2063,2060,1974
2066,2062,2063,2064,2057,2052,2042,1963
2054,2043,2054,2057,2061,2061,2046,1959
2063,2054,2056,2063,2067,2063,2061,1968
2067,2053,2049,2054,2050,2055,2049,1968
2059,2051,2044,2065,2048,2057,2056,1971
2057,2043,2044,2069,2042,2055,2046,1967
2056,2040,2052,2078,2046,2053,2039,1975
2057,2044,2057,2080,2042,2048,2052,1977
2057,2039,2060,2080,2034,2046,2061,1982
2048,2032,2054,2083,2038,2047,2064,1986
2054,2032,2058,2083,2040,2048,2044,1985
2046,2024,2053,2081,2032,2045,2055,1993
2043,2023,2054,2080,2036,2039,2054,1993
2046,2026,2044,2081,2040,2039,2057,2001
2048,2025,2047,2080,2036,2044,2056,1999
2054,2036,2055,2074,2035,2034,2040,2001
2047,2033,2041,2059,2017,2026,2022,1986
2027,2000,2028,2048,2013,2028,2028,1998
2036,2024,2031,2053,2034,2054,2054,2015
2060,2035,2017,2028,2019,2048,2058,2008
2052,2035,2016,2008,2020,2043,2057,2007
2056,2040,2014,2012,2035,2046,2070,2008
2070,2057,2038,2020,2044,2050,2070,2011
2073,2070,2056,2030,2048,2050,2071,2000
2075,2078,2061,2042,2047,2051,2078,1994
2074,2075,2067,2045,2049,2057,2078,1985
2076,2066,2051,2053,2053,2078,2079,1977
2072,2066,2046,2047,2056,2088,2074,1976
2068,2063,2045,2050,2052,2086,2067,1956
2067,2053,2041,2054,2046,2084,2067,1949
2063,2048,2037,2062,2055,2080,2082,1945
2069,2048,2039,2061,2048,2074,2076,1939
2058,2039,2034,2057,2035,2047,2046,1917
2036,2013,2006,2033,2023,2033,2038,1905
2029,2011,2021,2052,2035,2039,2055,1919
2052,2050,2066,2074,2034,2031,2075,1927
2060,2063,2081,2080,2041,2024,2070,1934
2056,2059,2072,2076,2031,2014,2053,1937
2058,2055,2062,2081,2034,2014,2056,1934
2053,2042,2054,2075,2033,2020,2068,1949
2057,2048,2056,2077,2027,2026,2064,1961
2064,2050,2054,2079,2031,2034,2058,1959
2061,2044,2045,2075,2033,2039,2057,1960
2062,2047,2043,2068,2027,2042,2044,1965
2056,2040,2055,2058,2016,2045,2049,1964
2052,2040,2054,2044,2014,2044,2033,1965
2051,2040,2047,2039,2011,2038,2042,1966
2048,2035,2042,2030,2010,2040,2048,1965
2051,2035,2046,2034,2015,2036,2040,1954
2036,2012,2035,2025,2011,2030,2045,1954
2033,2010,2022,2019,2016,2039,2048,1966
2055,2022,2028,2041,2029,2048,2054,1964
2053,2021,2030,2052,2026,2043,2052,1968
2054,2021,2024,2053,2022,2042,2039,1964
2050,2017,2024,2051,2029,2040,2049,1960
2053,2024,2024,2052,2024,2043,2046,1962
2053,2028,2022,2050,2026,2043,2064,1945
2053,2032,2020,2047,2026,2045,2045,1942
2053,2032,2025,2051,2023,2042,2055,1936
2056,2038,2024,2050,2026,2040,2052,1929
2050,2033,2030,2046,2017,2040,2041,1925
2046,2029,2037,2039,2017,2039,2045,1917
2045,2035,2049,2038,2023,2045,2039,1906
2055,2054,2080,2052,2028,2050,2043,1904
2061,2067,2092,2046,2027,2050,2046,1897
2052,2046,2061,2029,2015,2033,2020,1890
2045,2038,2037,2012,2009,2033,2011,1888
2060,2063,2063,2034,2030,2051,2051,1896
2064,2070,2066,2040,2036,2055,2043,1895
2064,2064,2053,2048,2041,2053,2052,1904
2064,2069,2058,2058,2042,2058,2045,1911
2064,2061,2053,2062,2046,2053,2045,1923
2062,2058,2052,2058,2043,2050,2041,1932
2057,2054,2054,2060,2053,2051,2039,1936
2060,2061,2071,2061,2048,2055,2039,1930
2061,2060,2075,2059,2045,2054,2047,1929
2060,2059,2086,2060,2044,2055,2042,1933
2059,2059,2079,2059,2050,2056,2038,1946
2054,2055,2070,2052,2050,2053,2033,1941
2053,2045,2065,2053,2052,2051,2025,1950
2053,2045,2061,2054,2045,2057,2030,1947
2054,2047,2054,2055,2043,2050,2026,1942
2036,2018,2033,2049,2038,2041,2017,1945
2030,2020,2034,2055,2024,2046,2034,1955
2048,2044,2062,2076,2028,2053,2062,1954
2050,2036,2052,2079,2014,2055,2076,1949
2054,2042,2050,2076,2019,2059,2060,1948
2060,2045,2036,2076,2036,2059,2062,1945
2054,2040,2022,2079,2040,2064,2073,1942
2050,2041,2012,2074,2040,2057,2080,1929
2049,2037,2016,2074,2045,2059,2062,1925
2058,2040,2014,2072,2048,2061,2068,1917
2056,2037,2013,2066,2049,2061,2065,1910
2052,2035,2006,2059,2042,2051,2048,1899
2049,2027,2000,2032,2027,2042,2029,1889
2043,2024,1988,2018,2033,2035,2031,1876
2041,2021,2002,2009,2016,2034,2049,1874
2041,2021,2012,2001,2002,2024,2038,1864
2031,2003,2013,1974,1983,2011,2025,1854
2026,2021,2049,1987,1997,2016,2034,1866
2054,2069,2107,2031,2014,2027,2053,1881
2067,2084,2128,2058,2023,2039,2050,1877
2059,2073,2134,2072,2027,2038,2047,1878
2055,2066,2140,2073,2028,2037,2055,1890
2056,2065,2120,2070,2036,2037,2067,1895
2056,2057,2111,2064,2029,2041,2041,1900
2045,2048,2098,2067,2031,2039,2054,1909
2049,2045,2086,2058,2031,2043,2040,1910
2052,2047,2074,2058,2035,2043,2041,1918
2049,2051,2068,2056,2034,2044,2036,1913
2046,2046,2056,2049,2031,2044,2030,1924
2046,2045,2054,2047,2028,2038,2045,1924
2043,2043,2051,2048,2026,2036,2040,1922
2047,2042,2042,2045,2032,2037,2018,1931
2047,2040,2042,2040,2027,2027,2028,1925
2031,2018,2034,2030,2024,2023,2035,1921
2033,2031,2045,2045,2039,2040,2054,1940
2055,2062,2056,2051,2037,2047,2067,1939
2056,2063,2063,2054,2040,2044,2053,1932
2056,2069,2066,2064,2034,2041,2059,1931
2056,2069,2063,2059,2043,2046,2064,1928
2054,2066,2074,2054,2042,2041,2051,1919
2048,2061,2076,2056,2039,2038,2050,1913
2047,2055,2065,2053,2043,2044,2055,1909
2043,2051,2056,2045,2040,2049,2051,1901
2040,2048,2039,2050,2031,2052,2046,1890
2043,2047,2034,2042,2040,2052,2060,1881
2044,2052,2038,2048,2044,2060,2047,1870
2044,2047,2032,2047,2043,2061,2073,1869
2044,2043,2031,2051,2042,2061,2069,1866
2042,2040,2030,2042,2046,2047,2059,1849
2023,2009,2009,2029,2026,2030,2047,1844
2026,2007,2016,2035,2026,2039,2049,1857
2038,2028,2034,2052,2037,2045,2058,1857
2045,2035,2034,2055,2041,2051,2062,1865
2044,2043,2037,2060,2039,2050,2058,1868
2043,2040,2048,2064,2037,2049,2062,1879
2039,2043,2045,2063,2027,2050,2042,1882
2029,2032,2029,2052,2018,2048,2036,1888
2029,2037,2048,2057,2019,2060,2044,1889
2042,2051,2054,2068,2024,2070,2050,1898
2052,2066,2065,2070,2034,2088,2043,1910
2050,2071,2061,2071,2035,2096,2026,1915
2051,2062,2047,2068,2037,2102,2056,1919
2053,2064,2053,2068,2032,2083,2066,1912
2047,2055,2048,2057,2028,2037,2056,1918
2043,2050,2044,2053,2021,1997,2050,1919
2046,2042,2044,2039,2009,1989,2029,1918
2031,2026,2055,2049,2015,2009,2028,1915
2032,2042,2082,2072,2034,2041,2053,1934
2062,2068,2099,2077,2042,2046,2064,1925
2061,2066,2097,2081,2037,2039,2051,1930
2054,2069,2097,2081,2038,2040,2031,1927
2056,2064,2100,2081,2042,2040,2030,1911
2052,2068,2098,2079,2045,2043,2048,1912
2054,2065,2095,2071,2043,2047,2060,1904
2052,2067,2090,2078,2045,2044,2060,1906
2057,2066,2088,2067,2045,2039,2050,1895
2059,2067,2080,2060,2044,2042,2043,1888
2057,2070,2071,2058,2046,2035,2058,1876
2047,2065,2070,2054,2040,2042,2048,1865
2055,2055,2070,2047,2027,2035,2048,1859
2050,2051,2055,2038,2025,2041,2054,1852
2042,2047,2037,2022,2021,2035,2033,1846
2029,2022,2019,1999,2000,2016,1997,1829
2026,2019,2027,2010,2005,2017,1999,1838
2039,2050,2043,2024,2013,2019,2011,1841
2038,2045,2030,2026,2025,2023,2031,1851
2038,2042,2036,2029,2020,2024,2032,1855
2045,2046,2032,2035,2023,2025,2031,1855
2050,2050,2031,2036,2026,2024,2031,1865
2054,2045,2036,2041,2026,2026,2028,1869
2048,2047,2045,2046,2029,2021,2027,1873
2053,2048,2043,2044,2029,2029,2030,1883
2060,2049,2040,2043,2034,2027,2033,1889
2051,2045,2036,2046,2029,2032,2036,1890
2048,2043,2037,2046,2034,2031,2034,1900
2043,2035,2030,2044,2024,2031,2008,1896
2043,2029,2030,2038,2020,2026,2045,1895
2048,2036,2034,2057,2017,2034,2025,1900
2048,2031,2038,2061,2009,2026,1995,1886
2027,2006,2022,2050,2004,2028,2013,1894
2033,2006,2019,2063,2018,2047,2018,1907
2047,2034,2037,2094,2032,2063,2036,1907
2050,2041,2046,2130,2035,2068,2054,1909
2058,2056,2059,2152,2042,2077,2064,1902
2058,2061,2060,2148,2043,2077,2043,1902
2053,2060,2050,2143,2045,2076,2025,1899
2057,2049,2042,2137,2037,2075,2040,1896
2051,2048,2036,2124,2037,2062,2039,1886
2050,2052,2045,2117,2045,2062,2028,1884
2060,2066,2052,2116,2048,2066,2025,1876
2064,2067,2056,2104,2045,2074,2055,1871
2070,2070,2051,2085,2049,2065,2038,1859
2057,2062,2045,2069,2042,2059,2043,1848
2053,2056,2046,2045,2037,2045,2029,1838
2048,2056,2040,2021,2034,2032,2034,1834
2047,2049,2034,1994,2014,2005,2016,1815
2031,2025,2023,1976,2011,1988,2016,1815
2027,2033,2035,1985,2024,2015,2017,1837
2061,2056,2055,1987,2030,2021,2033,1835
2057,2054,2054,1988,2025,2020,2022,1835
2055,2049,2041,1993,2016,2017,2024,1838
2047,2052,2056,2014,2021,2028,2025,1847
2058,2056,2065,2029,2027,2032,2047,1851
2054,2063,2063,2049,2034,2040,2039,1868
2062,2061,2064,2055,2045,2054,2049,1881
2063,2058,2065,2066,2049,2064,2043,1885
2064,2066,2068,2076,2059,2065,2047,1887
2061,2063,2060,2077,2057,2060,2044,1886
2056,2062,2061,2063,2048,2058,2042,1892
2056,2059,2061,2047,2039,2057,2048,1901
2054,2057,2060,2033,2038,2055,2023,1899
2049,2054,2062,2026,2035,2053,2023,1900
2036,2035,2047,2009,2024,2042,2024,1884
2022,2022,2034,2002,2025,2039,2016,1888
2035,2033,2033,2012,2035,2066,2039,1896
2045,2038,2030,2017,2033,2061,2037,1909
2040,2042,2024,2026,2036,2058,2055,1899
2041,2055,2045,2038,2035,2059,2068,1901
2049,2070,2074,2049,2033,2052,2067,1902
2059,2083,2074,2054,2037,2054,2085,1900
2054,2073,2064,2044,2036,2058,2081,1888
2052,2065,2047,2041,2038,2054,2080,1878
2049,2055,2035,2033,2044,2045,2051,1872
2048,2061,2042,2038,2038,2046,2050,1871
2048,2062,2043,2036,2039,2037,2035,1855
2052,2052,2027,2032,2046,2035,2008,1844
2054,2048,2013,2038,2052,2048,2012,1844
2048,2043,1989,2050,2061,2049,2021,1835
2044,2041,1980,2055,2056,2052,2009,1815
2026,2013,1968,2051,2042,2032,2005,1805
2022,2010,1970,2049,2037,2042,2006,1816
2043,2032,1982,2064,2054,2066,2032,1830
2041,2035,1986,2064,2057,2069,2032,1826
2046,2041,1985,2065,2059,2065,2031,1831
2046,2034,1993,2069,2047,2059,2037,1836
2043,2037,1995,2063,2044,2055,2009,1846
2044,2029,1996,2054,2037,2046,2005,1851
2041,2036,1996,2053,2040,2046,2032,1860
2044,2031,2001,2047,2035,2040,2024,1872
2042,2030,2001,2032,2026,2031,2015,1873
2044,2030,2008,2022,2012,2025,2035,1875
2042,2032,2020,1999,1988,2014,2004,1880
2037,2038,2039,1990,1978,1999,2017,1879
2039,2053,2066,2002,1977,1982,2033,1892
2050,2080,2115,2031,1996,1997,2050,1903
2056,2089,2123,2051,2011,2003,2040,1901
2047,2064,2113,2047,2015,2015,2014,1898
2046,2049,2105,2045,2033,2044,2043,1910
2051,2070,2112,2053,2044,2057,2084,1912
2064,2067,2115,2055,2047,2063,2061,1906
2061,2065,2109,2052,2052,2061,2059,1904
2048,2062,2101,2048,2045,2060,2027,1904
2048,2055,2094,2042,2029,2051,2033,1893
2052,2057,2086,2042,2024,2054,2061,1887
2051,2059,2088,2028,2011,2057,2038,1875
2045,2054,2078,2034,2002,2059,2022,1870
2047,2053,2072,2033,2007,2052,2003,1866
2038,2046,2067,2032,2014,2047,2017,1855
2048,2050,2071,2042,2040,2034,2024,1860
2055,2065,2084,2063,2069,2018,2047,1861
2061,2066,2085,2070,2062,2023,2053,1856
2063,2064,2083,2064,2061,2038,2029,1842
2052,2051,2061,2043,2052,2035,2008,1820
2033,2028,2056,2036,2048,2034,2008,1818
2024,2037,2065,2039,2051,2049,2042,1830
2044,2051,2064,2041,2050,2054,2034,1837
2043,2051,2069,2049,2051,2060,2057,1847
2057,2056,2068,2050,2051,2062,2049,1855
2057,2062,2074,2053,2053,2061,2052,1862
2054,2060,2073,2054,2051,2057,2029,1857
2056,2059,2061,2056,2047,2051,2032,1867
2059,2051,2065,2048,2047,2050,2056,1883
2061,2054,2064,2052,2055,2061,2064,1891
2056,2052,2056,2050,2056,2067,2047,1895
2055,2056,2047,2052,2057,2063,2067,1899
2054,2047,2046,2048,2051,2061,2058,1894
2045,2035,2028,2040,2044,2052,2056,1895
2045,2026,2013,2041,2043,2055,2065,1898
2047,2023,2011,2048,2038,2046,2057,1903
2028,2002,1997,2043,2037,2036,2035,1892
2027,1998,1985,2052,2042,2037,2031,1898
2035,2020,2004,2082,2064,2055,2050,1904
2045,2026,2019,2090,2064,2060,2062,1904
2050,2026,2026,2090,2066,2056,2067,1907
2049,2035,2029,2086,2067,2057,2071,1906
2051,2034,2030,2089,2070,2056,2065,1902
2043,2025,2026,2083,2070,2051,2048,1894
2041,2026,2026,2090,2072,2052,2068,1892
2043,2032,2035,2084,2069,2055,2059,1880
2045,2032,2039,2078,2065,2056,2057,1875
2046,2042,2057,2092,2064,2051,2051,1874
2046,2052,2064,2088,2055,2046,2047,1863
2045,2055,2063,2064,2034,2036,2054,1852
2045,2055,2054,2050,1999,2024,2042,1846
2047,2053,2047,2047,1981,2016,2042,1841
2041,2052,2050,2026,1948,2018,2033,1822
2030,2035,2021,2001,1931,2023,2020,1822
2030,2036,2010,2011,1960,2053,2043,1835
2055,2070,2034,2038,1993,2065,2037,1841
2050,2064,2057,2044,2014,2059,2054,1848
2056,2076,2090,2062,2040,2050,2051,1863
2066,2078,2110,2064,2068,2050,2055,1878
2069,2078,2115,2063,2059,2046,2069,1882
2061,2071,2102,2049,2030,2052,2053,1883
2056,2065,2091,2044,2027,2052,2056,1888
2046,2063,2085,2034,2020,2052,2051,1894
2052,2057,2058,2023,2029,2053,2049,1889
2048,2051,2040,2032,2050,2061,2063,1893
2045,2049,2037,2039,2059,2065,2054,1904
2052,2042,2028,2028,2066,2058,2042,1898
2040,2037,2027,2015,2066,2061,2045,1903
2037,2035,2030,2020,2068,2057,2056,1902
2039,2033,2022,2015,2046,2040,2037,1894
2026,2015,1986,2004,2031,2036,2028,1901
2027,2012,1968,2004,2032,2052,2050,1909
2045,2036,1977,2009,2032,2050,2056,1911
2043,2036,1988,2001,2027,2045,2066,1909
2041,2041,2011,2007,2026,2043,2051,1911
2039,2043,2016,2002,2022,2042,2051,1909
2043,2041,2010,1998,2022,2036,2030,1897
2041,2040,2006,1998,2022,2037,2038,1894
2043,2037,2024,2009,2024,2043,2049,1895
2048,2052,2050,2031,2026,2044,2041,1892
2049,2063,2063,2037,2038,2043,2049,1883
2051,2062,2062,2046,2030,2040,2049,1878
2049,2060,2050,2048,2041,2038,2022,1867
2039,2051,2039,2037,2032,2033,2007,1857
2032,2039,2040,2034,2032,2030,2020,1846
2031,2039,2056,2044,2046,2034,2032,1844
2031,2050,2085,2049,2043,2035,2027,1827
2026,2057,2092,2049,2045,2039,2045,1828
2033,2062,2080,2044,2054,2052,2053,1840
2047,2068,2083,2062,2058,2060,2050,1850
2054,2072,2087,2059,2054,2063,2060,1861
2058,2076,2099,2065,2058,2057,2075,1865
2058,2080,2105,2078,2058,2058,2068,1873
2058,2076,2086,2091,2056,2046,2043,1872
2052,2068,2081,2103,2059,2041,2049,1883
2045,2052,2083,2103,2055,2037,2070,1887
2033,2049,2085,2103,2052,2034,2049,1891
2038,2050,2082,2100,2054,2036,2049,1898
2039,2045,2078,2088,2054,2043,2054,1909
2046,2044,2069,2094,2055,2042,2073,1902
2047,2037,2045,2085,2054,2043,2068,1909
2052,2039,2031,2082,2062,2045,2067,1919
2058,2045,2016,2083,2065,2047,2070,1913
2049,2027,1981,2049,2038,2023,2048,1909
2034,2010,1964,2027,2037,2020,2052,1924
2045,2037,1977,2029,2049,2031,2068,1926
2049,2032,1975,2015,2038,2038,2047,1927
2056,2042,1981,1998,2038,2049,2066,1932
2055,2040,1987,1978,2025,2046,2066,1919
2051,2037,1994,1972,2015,2045,2078,1919
2050,2034,1994,1977,2016,2042,2068,1913
2043,2036,2004,1981,2020,2047,2068,1908
2050,2044,2010,1992,2022,2045,2069,1902
2047,2040,2016,1994,2017,2047,2048,1893
2053,2047,2051,2006,2018,2047,2058,1894
2059,2072,2117,2043,2028,2052,2064,1889
2064,2091,2160,2066,2044,2056,2052,1887
2066,2101,2162,2072,2052,2066,2066,1885
2067,2096,2132,2072,2049,2070,2069,1879
2062,2085,2106,2060,2044,2053,2052,1860
2039,2049,2074,2039,2016,2037,2036,1861
2040,2042,2058,2036,2027,2038,2056,1872
2056,2074,2074,2048,2037,2043,2056,1875
2055,2072,2075,2041,2026,2041,2059,1877
2056,2070,2073,2032,2009,2032,2060,1876
2059,2068,2074,2034,2000,2030,2034,1882
2053,2062,2067,2041,2016,2030,2050,1885
2055,2066,2066,2054,2037,2034,2034,1893
2060,2070,2074,2059,2056,2033,2044,1907
2058,2066,2067,2054,2061,2035,2043,1911
2051,2067,2064,2052,2058,2046,2043,1918
2056,2059,2061,2046,2053,2054,2057,1922
2046,2057,2066,2050,2060,2060,2050,1928
2051,2060,2064,2056,2062,2062,2056,1936
2060,2060,2070,2057,2064,2060,2046,1940
2057,2060,2066,2057,2058,2062,2051,1939
2053,2049,2058,2048,2040,2038,2006,1930
2028,2021,2038,2034,2024,2027,2006,1928
2023,2019,2038,2041,2042,2052,2028,1948
2044,2047,2048,2051,2035,2049,2057,1946
2051,2046,2049,2047,2036,2051,2059,1945
2051,2055,2048,2049,2050,2059,2079,1941
2053,2057,2054,2050,2048,2061,2080,1942
2058,2062,2052,2049,2051,2064,2071,1944
2053,2064,2054,2052,2054,2061,2074,1930
2062,2057,2057,2054,2048,2068,2070,1927
2060,2061,2052,2049,2049,2066,2042,1919
2056,2056,2041,2052,2051,2069,2051,1920
2055,2058,2047,2042,2045,2070,2049,1914
2058,2060,2049,2049,2048,2074,2056,1905
2058,2053,2048,2050,2052,2076,2062,1896
2056,2049,2045,2045,2054,2080,2065,1901
2057,2052,2042,2047,2047,2036,2056,1882
2039,2037,2029,2033,2034,1979,2041,1871
2030,2030,2028,2031,2030,1978,2041,1876
2037,2042,2040,2051,2034,2002,2049,1889
2056,2054,2046,2049,2030,2011,2038,1885
2051,2054,2046,2043,2014,2021,2025,1885
2044,2046,2039,2034,2002,2027,2021,1888
2038,2050,2039,2036,2006,2033,2043,1897
2036,2042,2031,2029,2003,2038,2064,1900
2031,2030,2023,2020,2018,2064,2059,1907
2036,2024,2032,2039,2052,2090,2082,1927
2041,2041,2052,2054,2063,2100,2087,1936
2048,2049,2052,2056,2050,2091,2063,1935
2045,2051,2057,2053,2044,2077,2074,1952
2050,2051,2061,2057,2050,2064,2080,1960
2057,2057,2053,2053,2044,2049,2051,1956
2045,2045,2040,2046,2038,2034,2023,1958
2051,2042,2038,2048,2044,2035,2010,1957
2041,2019,2024,2034,2030,2018,2019,1958
2034,2019,2022,2034,2038,2028,2033,1965
2048,2044,2044,2047,2049,2057,2039,1967
2056,2052,2047,2042,2050,2064,2041,1968
2057,2052,2050,2042,2066,2066,2053,1971
2052,2050,2036,2048,2064,2068,2055,1964
2050,2052,2030,2043,2064,2074,2053,1956
2052,2049,2036,2047,2067,2074,2050,1958
2052,2050,2045,2052,2061,2076,2067,1954
2051,2050,2043,2054,2051,2071,2062,1947
2059,2051,2040,2054,2046,2072,2049,1950
2059,2049,2039,2054,2036,2065,2054,1943
2053,2051,2037,2060,2025,2055,2082,1930
2054,2050,2026,2062,2028,2050,2081,1920
2043,2044,2024,2067,2039,2054,2064,1913
2043,2043,2024,2074,2052,2049,2067,1910
2038,2040,2019,2068,2040,2039,2049,1895
2025,2007,1998,2048,2035,2037,2052,1884
2018,2003,2003,2046,2045,2050,2056,1902
2031,2028,2031,2053,2042,2060,2061,1909
2032,2044,2064,2052,2041,2066,2066,1916
2043,2063,2082,2048,2042,2075,2078,1929
2054,2068,2083,2044,2044,2075,2083,1941
2050,2071,2080,2046,2054,2076,2086,1946
2059,2077,2084,2053,2065,2078,2059,1961
2070,2072,2082,2046,2064,2076,2074,1963
2060,2069,2073,2034,2061,2071,2072,1971
2052,2063,2061,2031,2049,2062,2056,1974
2046,2057,2054,2017,2041,2058,2059,1977
2054,2054,2044,2013,2020,2036,2046,1978
2043,2050,2041,2009,2002,2029,2046,1985
2035,2042,2038,2007,1991,2034,2035,1979
2043,2037,2032,2009,1985,2032,2030,1981
2035,2025,2034,2009,1983,2028,2012,1972
2021,2012,2033,2026,2019,2034,2010,1981
2023,2021,2046,2050,2053,2055,2051,1994
2043,2052,2056,2068,2076,2063,2059,2002
2049,2053,2059,2068,2080,2067,2054,1998
2051,2055,2054,2065,2069,2058,2052,2001
2061,2064,2061,2072,2062,2067,2064,2003
2056,2066,2056,2071,2054,2059,2065,1993
2063,2067,2060,2067,2053,2054,2068,1980
2062,2064,2070,2072,2050,2051,2057,1981
2052,2052,2072,2068,2059,2053,2073,1976
2055,2055,2067,2063,2052,2061,2073,1967
2059,2047,2049,2057,2050,2060,2075,1959
2049,2038,2030,2042,2046,2064,2064,1949
2045,2033,2021,2031,2041,2081,2062,1935
2040,2029,2019,2032,2041,2089,2047,1932
2037,2025,2019,2026,2025,2102,2061,1923
2026,2010,1994,2004,2031,2084,2018,1914
2015,2011,1994,2013,2051,2058,2000,1924
2033,2034,2018,2032,2069,2053,2036,1941
2049,2041,2023,2031,2058,2039,2045,1953
2054,2047,2032,2039,2064,2028,2069,1962
2054,2054,2057,2056,2085,2052,2075,1965
2054,2065,2066,2048,2080,2056,2068,1956
2046,2064,2070,2044,2039,2072,2062,1967
2055,2067,2087,2044,2020,2096,2073,1982
2056,2072,2096,2039,2012,2099,2067,1992
2051,2074,2101,2037,1997,2080,2053,1993
2052,2069,2091,2037,1962,2054,2034,1995
2052,2069,2088,2037,1932,2033,2049,2011
2062,2074,2085,2042,1986,2041,2058,2019
2054,2061,2068,2037,2028,2063,2036,2024
2052,2062,2057,2033,2027,2059,2044,2025
2052,2061,2047,2037,2026,2060,2024,2013
2031,2027,2017,2028,2075,2058,2026,2009
2020,2016,2006,2031,2113,2052,2041,2013
2038,2037,2027,2043,2095,2054,2047,2016
2042,2045,2033,2040,2052,2044,2070,2016
2048,2050,2043,2046,2036,2037,2062,2026
2051,2055,2050,2045,2006,2028,2056,2028
2052,2055,2050,2041,1983,2021,2041,2022
2064,2060,2060,2055,1982,2027,2040,2015
2060,2061,2068,2057,1993,2028,2053,2013
2058,2060,2073,2062,2004,2031,2053,1998
2054,2062,2077,2057,1997,2033,2054,1994
2053,2064,2088,2052,1974,2031,2057,1991
2057,2070,2094,2050,2005,2044,2041,1990
2061,2064,2085,2050,2011,2045,2044,1981
2056,2058,2077,2049,2008,2054,2045,1979
2053,2062,2071,2049,2030,2059,2030,1979
2056,2058,2066,2046,2027,2030,2007,1961
2035,2020,2041,2030,2028,2025,2011,1955
2026,2022,2031,2031,2060,2047,2040,1967
2037,2034,2042,2048,2097,2061,2051,1960
2051,2037,2041,2052,2113,2066,2070,1963
2050,2034,2042,2052,2109,2064,2070,1981
2045,2035,2044,2052,2093,2058,2049,1976
2048,2042,2043,2047,2071,2053,2062,1992
2056,2049,2047,2052,2062,2049,2040,2013
2054,2042,2049,2045,2045,2045,2051,2016
2056,2049,2047,2049,2024,2044,2058,2027
2063,2056,2052,2056,2029,2050,2055,2033
2055,2045,2041,2059,2032,2048,2045,2031
2054,2045,2041,2059,2048,2055,2041,2037
2052,2042,2036,2053,2055,2047,2045,2049
2053,2043,2031,2058,2052,2050,2053,2048
2051,2037,2035,2057,2045,2043,2022,2046
2050,2027,2023,2041,2029,2026,2012,2038
2025,2012,2017,2039,2038,2031,2004,2052
2034,2022,2036,2065,2074,2061,2046,2073
2056,2054,2056,2080,2103,2070,2071,2081
2062,2063,2054,2086,2111,2073,2066,2078
2059,2058,2060,2090,2117,2077,2067,2071
2060,2058,2066,2102,2135,2090,2073,2071
2062,2057,2069,2096,2117,2085,2063,2059
2057,2047,2068,2093,2084,2077,2064,2057
2056,2045,2068,2092,2069,2062,2073,2054
2057,2050,2064,2096,2068,2059,2060,2049
2055,2050,2058,2099,2072,2060,2058,2041
2054,2048,2058,2091,2066,2040,2066,2022
2048,2050,2052,2082,2048,2044,2049,2015
2048,2041,2033,2076,2038,2043,2063,2016
2045,2043,2024,2071,2029,2042,2053,2001
2041,2038,2003,2060,2048,2047,2050,1992
2036,2012,1966,2040,2069,2035,2037,1981
2032,2007,1943,2037,2066,2043,2051,1984
2047,2032,1959,2060,2084,2067,2075,1998
2049,2035,1969,2065,2090,2076,2073,2011
2051,2033,1971,2060,2098,2080,2069,2018
2065,2034,1979,2049,2079,2080,2065,2030
2061,2035,1991,2032,2011,2055,2048,2021
2057,2031,2007,2042,1996,2049,2043,2030
2063,2034,2026,2056,2009,2047,2064,2038
2054,2032,2029,2050,2026,2037,2042,2048
2056,2040,2037,2049,2070,2033,2040,2046
2055,2050,2044,2044,2076,2029,2049,2052
2052,2051,2064,2030,2072,2020,2045,2054
2050,2052,2063,2008,2054,2014,2029,2058
2039,2041,2062,1983,2043,2016,2038,2056
2023,2031,2067,1973,2054,2034,2039,2064
2035,2055,2097,2005,2088,2066,2030,2070
2039,2049,2090,2016,2078,2062,2046,2078
2042,2048,2065,2018,2061,2067,2044,2094
2065,2067,2062,2036,2046,2075,2079,2096
2069,2074,2055,2035,1996,2076,2073,2101
2077,2073,2054,2034,1951,2069,2062,2102
2067,2073,2059,2034,1972,2063,2063,2095
2062,2064,2064,2035,2005,2067,2065,2082
2061,2056,2067,2041,2021,2060,2060,2082
2063,2059,2064,2035,2034,2055,2061,2078
2054,2053,2053,2039,2043,2059,2047,2074
2056,2047,2058,2040,2063,2067,2054,2069
2060,2054,2051,2037,2067,2072,2052,2060
2060,2053,2052,2040,2071,2070,2048,2060
2058,2053,2058,2037,2056,2070,2050,2048
2060,2063,2064,2043,2057,2067,2058,2046
2063,2067,2073,2047,2064,2058,2055,2037
2064,2063,2063,2040,2062,2043,2022,2015
2046,2036,2041,2027,2063,2042,2046,2020
2039,2023,2037,2043,2067,2058,2046,2026
2047,2051,2060,2052,2068,2057,2056,2038
2057,2049,2059,2053,2056,2056,2057,2038
2061,2050,2052,2051,2045,2054,2050,2045
2056,2051,2057,2046,2041,2061,2055,2051
2060,2055,2050,2049,2041,2055,2043,2064
2055,2053,2048,2059,2042,2058,2049,2065
2058,2056,2049,2054,2047,2060,2046,2072
2054,2055,2045,2045,2042,2048,2031,2084
2057,2050,2040,2047,2024,2024,2044,2093
2057,2044,2037,2041,2013,2024,2056,2089
2052,2040,2036,2038,2031,2038,2047,2092
2049,2041,2034,2037,2054,2036,2048,2094
2044,2033,2032,2036,2041,2034,2041,2100
2049,2042,2033,2035,2008,2032,2040,2104
2040,2026,2023,2021,2010,2018,2024,2095
2028,2009,2009,2015,2022,2013,2039,2096
2030,2018,2016,2017,2039,2028,2035,2100
2048,2024,2020,2022,2041,2037,2051,2120
2053,2033,2031,2042,2057,2044,2071,2117
2064,2042,2030,2052,2060,2053,2080,2120
2059,2044,2033,2054,2079,2075,2072,2119
2056,2043,2031,2060,2091,2079,2076,2108
2048,2043,2039,2061,2072,2064,2059,2104
2054,2047,2035,2048,2025,2062,2056,2098
2054,2048,2032,2024,1986,2070,2076,2081
2054,2046,2024,2020,2002,2075,2074,2077
2051,2044,2021,2024,2002,2093,2082,2067
2051,2050,2026,2028,1992,2084,2067,2065
2044,2041,2030,2036,1989,2051,2064,2059
2051,2047,2036,2040,2007,2026,2076,2053
2047,2044,2042,2050,2041,2023,2056,2044
2033,2016,2019,2034,2044,2018,2036,2032
2026,2014,2013,2031,2061,2035,2046,2032
2037,2029,2028,2038,2050,2056,2052,2045
2043,2041,2026,2040,2039,2049,2065,2060
2055,2052,2036,2042,2042,2031,2051,2061
2055,2051,2027,2033,2029,2021,2014,2074
2054,2047,2032,2038,2042,2023,2025,2079
2056,2051,2034,2042,2077,2026,2035,2087
2052,2046,2027,2044,2065,2037,2044,2096
2052,2051,2029,2049,2068,2064,2070,2103
2057,2049,2039,2067,2070,2077,2077,2111
2056,2053,2047,2069,2083,2090,2074,2120
2071,2076,2056,2080,2104,2097,2083,2129
2071,2085,2064,2081,2109,2099,2068,2133
2071,2077,2058,2078,2075,2088,2063,2133
2064,2072,2058,2068,2053,2088,2069,2138
2062,2068,2052,2064,2038,2081,2051,2116
2036,2037,2038,2039,2024,2065,2045,2124
2034,2030,2041,2033,1995,2062,2041,2137
2056,2063,2061,2043,1983,2062,2049,2136
2048,2060,2048,2034,2026,2041,2044,2126
2045,2053,2044,2029,2087,2040,2041,2129
2055,2062,2049,2046,2114,2036,2056,2131
2054,2061,2051,2045,2085,1996,2057,2127
2060,2065,2058,2042,2052,1963,2041,2127
2055,2066,2055,2043,2046,1974,2058,2122
2051,2062,2047,2042,2065,1999,2065,2117
2051,2068,2054,2046,2081,2035,2066,2108
2056,2065,2055,2052,2108,2069,2070,2103
2052,2063,2060,2052,2131,2092,2067,2094
2048,2049,2049,2051,2139,2101,2075,2083
2049,2045,2041,2052,2130,2114,2069,2072
2041,2040,2040,2044,2118,2129,2071,2067
2038,2033,2033,2036,2103,2136,2056,2054
2022,2014,2024,2027,2102,2135,2062,2046
2026,2020,2027,2041,2106,2115,2073,2066
2050,2050,2050,2054,2107,2078,2070,2082
2047,2042,2048,2055,2108,2080,2084,2083
2054,2048,2049,2054,2118,2098,2090,2093
2051,2047,2051,2056,2115,2081,2082,2098
2048,2049,2047,2049,2089,2038,2048,2102
2042,2050,2047,2048,2062,2005,2032,2108
2047,2050,2046,2046,2042,1983,2057,2118
2060,2063,2053,2046,1993,1994,2073,2125
2059,2061,2045,2038,1986,2010,2072,2123
2054,2057,2048,2047,2014,2042,2078,2124
2052,2057,2052,2049,2039,2070,2095,2127
2051,2054,2043,2047,2052,2081,2084,2126
2045,2053,2047,2049,2059,2076,2082,2132
2048,2071,2053,2047,2084,2059,2069,2133
2042,2068,2046,2037,2078,2027,2051,2126
2026,2061,2044,2034,2085,2026,2056,2134
2033,2075,2058,2050,2106,2054,2074,2153
2049,2085,2060,2040,2120,2060,2073,2144
2048,2080,2060,2028,2074,2040,2062,2139
2050,2075,2048,2008,1919,2015,2046,2136
2047,2069,2043,2020,1901,2020,2060,2135
2053,2060,2045,2051,1968,2033,2075,2127
2046,2053,2044,2052,1983,2027,2066,2120
2033,2052,2032,2052,1994,2025,2052,2116
2036,2033,2023,2044,1936,2019,2066,2108
2034,2032,2018,2050,1997,2016,2057,2092
2033,2025,2008,2060,2075,2029,2021,2082
2032,2017,2009,2082,2107,2048,2030,2076
2032,2018,2013,2099,2163,2070,2056,2077
2036,2018,2011,2102,2171,2073,2051,2080
2041,2017,2012,2084,2126,2066,2038,2064
2024,1995,1974,2036,2066,2048,1991,2063
2028,1997,1976,2024,2026,2050,2008,2073
2038,2025,1989,2025,2032,2068,2016,2085
2039,2028,2007,2025,2029,2063,2030,2086
2038,2038,2028,2031,2031,2051,2041,2093
2043,2041,2046,2024,2026,2046,2036,2097
2047,2053,2045,2014,1999,2029,2034,2104
2045,2056,2044,2006,2013,2022,2033,2113
2051,2055,2043,2012,1983,2025,2017,2120
2052,2052,2058,2016,1960,2032,2036,2133
2047,2060,2061,2029,1971,2043,2054,2143
2051,2066,2074,2043,1986,2055,2046,2150
2060,2069,2090,2045,1988,2058,2045,2153
2056,2066,2081,2040,1969,2053,2051,2152
2049,2052,2066,2028,1960,2048,2042,2159
2052,2053,2055,2018,1981,2047,2034,2160
2048,2048,2049,2022,1990,2040,2027,2152
2035,2031,2043,2019,2012,2038,2016,2156
2034,2034,2046,2022,2023,2048,2043,2167
2053,2070,2068,2036,2031,2052,2057,2168
2055,2071,2066,2043,2101,2069,2063,2167
2058,2063,2064,2061,2162,2081,2066,2170
2061,2067,2067,2067,2146,2082,2076,2167
2066,2069,2075,2070,2115,2072,2066,2162
2060,2073,2076,2077,2100,2078,2062,2161
2061,2070,2065,2072,2073,2062,2059,2154
2055,2060,2058,2054,1995,2039,2053,2145
2051,2056,2056,2039,1940,2020,2052,2136
2044,2051,2050,2033,1957,2002,2036,2118
2042,2042,2047,2038,1975,2007,2036,2109
2045,2050,2051,2035,1995,2022,2049,2098
2045,2054,2048,2040,2039,2027,2039,2097
2040,2047,2044,2041,2073,2023,2015,2088
2032,2036,2029,2033,2087,2012,2005,2080
2017,2012,2016,2022,2091,2009,2018,2073
2016,2017,2025,2027,2084,2036,2019,2090
2030,2039,2033,2029,2058,2042,2022,2086
2033,2037,2029,2022,2029,2034,2022,2088
2038,2037,2018,2017,2020,2054,2033,2100
2039,2046,2028,2029,2026,2061,2036,2113
2046,2055,2034,2045,2052,2039,2046,2128
2053,2054,2041,2058,2083,2027,2061,2136
2049,2051,2039,2064,2112,2040,2061,2146
2053,2049,2038,2060,2121,2057,2056,2149
2043,2039,2031,2057,2115,2069,2069,2146
2042,2037,2033,2054,2084,2067,2049,2152
2037,2033,2028,2052,2058,2054,2052,2152
2033,2029,2023,2043,2043,2044,2045,2153
2031,2025,2024,2037,2039,2037,2050,2158
2034,2023,2022,2047,2050,2043,2052,2162
2028,2008,2010,2044,2043,2038,2037,2155
2023,2011,2020,2038,2037,2037,2030,2169
2030,2040,2039,2062,2066,2069,2052,2187
2049,2060,2057,2057,2074,2083,2053,2177
2053,2058,2059,2049,2071,2101,2045,2178
2055,2063,2064,2060,2067,2108,2033,2176
2054,2059,2054,2049,2048,2114,2033,2172
2056,2061,2052,2043,2040,2104,2047,2164
2055,2067,2058,2049,2052,2087,2041,2167
2058,2064,2060,2051,2057,2061,2058,2160
2063,2067,2073,2061,2077,2051,2065,2164
2069,2078,2092,2066,2069,2050,2049,2164
2070,2077,2091,2061,2025,2042,2070,2151
2058,2071,2088,2054,2021,2032,2058,2128
2053,2056,2075,2040,2007,2015,2051,2120
2059,2050,2066,2040,2039,2014,2026,2111
2049,2053,2066,2046,2055,2030,2018,2103
2039,2028,2044,2025,2022,2039,2021,2097
2038,2030,2045,2014,2032,2053,2027,2095
2042,2049,2066,2024,2041,2069,2046,2107
2053,2059,2066,2034,2059,2072,2047,2111
2062,2057,2066,2037,2057,2043,2038,2126
2056,2056,2060,2043,2080,2028,2016,2134
2056,2051,2056,2046,2047,2028,2028,2136
2056,2047,2048,2047,2049,2026,2030,2148
2053,2050,2046,2059,2089,2036,2034,2154
2054,2052,2045,2068,2119,2043,2039,2152
2057,2048,2044,2064,2122,2037,2046,2154
2054,2052,2049,2067,2105,2034,2046,2164
2052,2056,2052,2067,2079,2026,2051,2161
2055,2054,2050,2066,2074,2020,2056,2165
2050,2053,2050,2058,2073,2025,2054,2169
2043,2054,2037,2055,2069,2022,2057,2169
2038,2038,2031,2048,2070,2008,2036,2166
2026,2013,2012,2044,2061,2005,1999,2164
2026,2013,2008,2034,2038,2018,2038,2169
2040,2032,2011,2037,2008,2018,2033,2174
2042,2019,1995,2045,2023,2027,2039,2176
2050,2034,2006,2066,2040,2037,2032,2178
2050,2029,1991,2070,2054,2037,2052,2179
2048,2023,1986,2070,2052,2038,2014,2178
2046,2020,1992,2070,2043,2036,2047,2176
2044,2020,2003,2073,2052,2039,2037,2162
2044,2019,2011,2080,2060,2046,2057,2154
2040,2024,2012,2085,2054,2058,2069,2142
2038,2013,1998,2067,2051,2059,2057,2136
2036,2014,1991,2064,2052,2054,2067,2127
2033,2020,1992,2062,2051,2057,2058,2125
2031,2024,1993,2063,2056,2050,2052,2119
2040,2029,2001,2055,2067,2051,2045,2113
2043,2024,1998,2042,2090,2035,2023,2089
2016,2003,1994,2037,2116,2035,2026,2093
2027,2019,2020,2044,2121,2047,2053,2111
2046,2052,2070,2051,2116,2044,2046,2112
2060,2086,2129,2069,2115,2042,2042,2122
2066,2112,2173,2082,2128,2051,2035,2134
2075,2124,2179,2090,2122,2052,2050,2139
2071,2108,2152,2074,2079,2040,2042,2142
2068,2098,2126,2059,2040,2025,2053,2154
2065,2087,2104,2046,1992,2016,2043,2150
2058,2076,2086,2020,1891,2015,2025,2160
2060,2076,2077,2008,1868,2036,2047,2168
2065,2073,2080,2006,1900,2053,2064,2175
2068,2080,2087,2016,2005,2065,2067,2186
2070,2083,2085,2028,2083,2088,2070,2186
2077,2082,2067,2026,2062,2082,2061,2182
2073,2070,2054,2011,1983,2069,2067,2182
2056,2049,2043,2014,1980,2048,2035,2175
2050,2039,2039,2034,2028,2054,2031,2182
2057,2054,2057,2063,2084,2063,2064,2189
2066,2064,2062,2069,2101,2060,2065,2187
2063,2065,2069,2071,2083,2047,2062,2190
2059,2060,2071,2068,2077,2037,2041,2186
2059,2052,2065,2056,2064,2023,2028,2186
2069,2062,2069,2049,2052,2025,2027,2178
2059,2068,2072,2043,2046,2027,2047,2168
2056,2053,2055,2042,2058,2030,2049,2156
2054,2054,2050,2045,2066,2041,2040,2149
2054,2054,2052,2046,2066,2048,2047,2148
2053,2052,2051,2043,2069,2052,2043,2138
2047,2052,2046,2047,2071,2059,2046,2130
2044,2051,2042,2050,2071,2064,2065,2125
2052,2052,2045,2052,2079,2071,2077,2124
2063,2064,2055,2056,2085,2074,2065,2112
2045,2036,2038,2036,2070,2066,2064,2109
2041,2035,2038,2039,2068,2081,2063,2120
2052,2058,2057,2048,2073,2097,2074,2121
2052,2052,2055,2052,2070,2117,2084,2117
2054,2052,2045,2050,2066,2116,2068,2128
2052,2046,2035,2049,2064,2099,2054,2125
2058,2047,2035,2044,2060,2088,2046,2133
2058,2053,2035,2049,2049,2053,2052,2140
2054,2049,2034,2055,2044,1998,2032,2147
2058,2050,2051,2059,2044,1976,2059,2153
2059,2047,2062,2064,2051,2001,2049,2162
2059,2049,2069,2064,2050,2023,2068,2166
2055,2052,2076,2069,2045,2038,2076,2173
2052,2057,2083,2072,2048,2039,2063,2174
2055,2057,2075,2072,2044,2034,2054,2168
2050,2047,2067,2070,2048,2048,2061,2179
2051,2041,2058,2056,2045,2039,2031,2172
2037,2025,2051,2039,2037,2039,2043,2172
2037,2035,2074,2052,2031,2061,2065,2191
2055,2064,2105,2070,2047,2068,2082,2194
2055,2069,2098,2075,2063,2088,2078,2199
2063,2066,2089,2065,2063,2084,2073,2195
2055,2057,2070,2053,2079,2076,2072,2190
2056,2055,2053,2047,2070,2057,2059,2177
2057,2057,2047,2045,2064,2044,2065,2176
2051,2055,2046,2033,2062,2042,2071,2176
2053,2056,2031,2029,2067,2062,2072,2173
2059,2058,2039,2042,2077,2076,2062,2162
2061,2058,2045,2045,2088,2073,2052,2146
2058,2055,2046,2040,2073,2064,2049,2139
2052,2046,2043,2028,2064,2049,2045,2122
2050,2045,2041,2024,2069,2050,2062,2122
2051,2043,2044,2024,2065,2045,2055,2122
2050,2039,2033,2025,2046,2031,2051,2102
2035,2016,2026,2023,2061,2028,2029,2097
2032,2023,2034,2039,2085,2044,2047,2117
2049,2045,2042,2051,2091,2053,2058,2120
2056,2051,2047,2052,2092,2065,2060,2128
2061,2046,2044,2050,2091,2078,2078,2150
2067,2056,2048,2054,2098,2071,2080,2150
2064,2052,2041,2042,2078,2050,2042,2148
2054,2046,2035,2034,2052,2025,2040,2154
2047,2041,2028,2037,2063,2031,2028,2157
2049,2035,2029,2044,2109,2077,2052,2162
2045,2039,2030,2057,2137,2080,2056,2175
2050,2038,2032,2051,2109,2040,2036,2180
2058,2036,2035,2047,2067,2013,2013,2173
2052,2039,2039,2049,2053,2007,2000,2176
2052,2035,2038,2055,2047,2004,1986,2190
2048,2040,2032,2045,2067,2002,1978,2182
2040,2023,2014,2043,2077,1988,2002,2177
2037,2017,2017,2043,2066,1997,2003,2169
2045,2038,2031,2052,2067,2008,2044,2185
2053,2047,2048,2050,2063,2002,2042,2178
2045,2038,2035,2047,2058,2002,2054,2165
2042,2027,2021,2037,2047,2027,2070,2162
2037,2023,2022,2038,2048,2041,2080,2157
2034,2027,2026,2040,2060,2063,2073,2166
2044,2033,2025,2049,2072,2064,2082,2165
2045,2038,2029,2047,2076,2052,2068,2167
2051,2040,2025,2046,2061,2042,2071,2164
2053,2046,2024,2053,2068,2043,2065,2156
2056,2045,2027,2051,2066,2041,2079,2144
2051,2034,2020,2049,2078,2052,2068,2126
2040,2051,2021,2051,2088,2052,2056,2114
2042,2053,2017,2049,2086,2058,2056,2114
2039,2054,2020,2043,2070,2057,2039,2097
2028,2034,2004,2029,2053,2043,2031,2098
2025,2034,2008,2031,2056,2053,2024,2112
2045,2066,2026,2050,2072,2068,2020,2122
2060,2070,2036,2057,2084,2069,2017,2124
2061,2070,2037,2056,2078,2063,2061,2160
2065,2069,2046,2055,2058,2061,2105,2205
2072,2067,2050,2053,2045,2047,2150,2226
2078,2074,2048,2058,2043,2027,2192,2259
2081,2064,2051,2063,2069,2028,2216,2290
2093,2063,2063,2068,2115,2062,2226,2306
2090,2064,2072,2073,2156,2093,2228,2304
2082,2058,2086,2082,2138,2082,2224,2299
2076,2054,2081,2066,2103,2054,2226,2293
2071,2037,2065,2055,2051,2010,2243,2283
2061,2036,2067,2043,1992,1979,2259,2266
2055,2032,2059,2048,1969,1963,2248,2260
2043,2023,2041,2039,1973,1943,2198,2247
2026,2005,2024,2035,1970,1957,2129,2211
2015,1993,2018,2034,1983,2006,1942,2185
2025,2014,2026,2045,2012,2076,1823,2149
2025,2024,2029,2057,2040,2133,1808,2118
2056,2038,2039,2062,2056,2135,1741,2108
2084,2052,2047,2070,2078,2095,1779,2101
2078,2057,2053,2078,2111,2055,1872,2102
2066,2055,2054,2075,2142,2048,1937,2112
2063,2038,2044,2065,2146,2067,1968,2134
2064,2047,2044,2060,2127,2075,2047,2119
2055,2042,2042,2048,2098,2083,2111,2112
2051,2047,2040,2046,2082,2084,2136,2113
2051,2054,2039,2045,2072,2088,2161,2107
2047,2044,2036,2041,2072,2093,2162,2096
2046,2036,2031,2040,2060,2093,2156,2097
2043,2042,2033,2041,2052,2081,2123,2086
2036,2027,2017,2029,2023,2051,2036,2068
2025,2007,2010,2033,2005,2026,1971,2066
2022,2013,2021,2058,2039,2076,2001,2075
2042,2026,2034,2075,2058,2104,2063,2067
2041,2028,2029,2071,2050,2056,2019,2073
2036,2029,2026,2069,2067,2054,1999,2084
2036,2031,2025,2056,2099,2062,2032,2095
2048,2034,2024,2053,2130,2070,2015,2102
2043,2036,2024,2054,2160,2069,2028,2113
2042,2041,2020,2043,2148,2073,2041,2113
2045,2039,2024,2025,2063,2033,2043,2121
2045,2043,2026,2020,1966,2000,2041,2124
2044,2047,2035,2040,1983,2000,2027,2132
2042,2050,2036,2049,1990,1993,2023,2144
2041,2053,2043,2058,2006,1985,2024,2151
2039,2046,2042,2054,2055,2006,2037,2148
2046,2046,2044,2054,2100,2033,2033,2146
2028,2014,2022,2028,2106,2044,2009,2132
2021,2007,2020,2038,2104,2039,2025,2127
2034,2028,2041,2061,2114,2055,2040,2145
2042,2043,2041,2065,2128,2044,2028,2150
2036,2038,2042,2070,2120,2029,2041,2160
2045,2037,2044,2062,2049,2024,2042,2157
2040,2041,2041,2056,2062,2029,2055,2164
2053,2043,2054,2066,2088,2066,2078,2164
2058,2048,2056,2059,1978,2069,2074,2154
2053,2040,2046,2034,1906,2062,2071,2146
2049,2037,2043,2036,1980,2064,2063,2142
2049,2036,2040,2046,2022,2048,2046,2131
2050,2042,2041,2045,2024,2029,2059,2122
2045,2035,2032,2037,2011,2020,2061,2117
2047,2034,2038,2030,2008,2008,2047,2102
2041,2039,2040,2023,1999,2006,2034,2091
2041,2041,2039,2016,2004,2002,2032,2081
2025,2025,2032,2012,2038,2027,2020,2081
2029,2025,2030,2026,2061,2038,2039,2096
2050,2044,2040,2043,2096,2072,2038,2104
2048,2050,2036,2060,2136,2098,2051,2113
2047,2047,2038,2064,2137,2103,2070,2112
2051,2040,2030,2045,2093,2107,2073,2110
2052,2045,2036,2038,2050,2112,2062,2114
2047,2034,2031,2034,2026,2105,2054,2123
2045,2036,2032,2039,2038,2107,2051,2131
2044,2043,2042,2046,2059,2086,2051,2141
2041,2049,2044,2055,2072,2092,2065,2147
2049,2047,2053,2061,2075,2102,2054,2152
2045,2044,2052,2052,2064,2078,2042,2157
2049,2054,2057,2056,2054,2028,2044,2151
2047,2050,2060,2054,2060,2015,2039,2152
2047,2049,2055,2047,2056,2022,2015,2162
2041,2052,2056,2042,2051,2023,2013,2151
2032,2029,2042,2040,2044,2013,1999,2148
2028,2028,2047,2043,2053,2033,2021,2169
2056,2058,2064,2053,2057,2040,2046,2169
2050,2056,2070,2048,2060,2061,2013,2173
2051,2057,2066,2051,2067,2062,2044,2177
2061,2066,2068,2050,2068,2066,2054,2174
2058,2060,2054,2054,2068,2074,2057,2174
2055,2057,2062,2060,2076,2080,2060,2169
2057,2057,2060,2059,2070,2066,2050,2162
2054,2059,2062,2054,2056,2068,2047,2157
2057,2057,2064,2056,2068,2067,2056,2146
2059,2059,2057,2057,2062,2071,2061,2135
2053,2065,2058,2054,2066,2076,2078,2125
2054,2063,2064,2055,2068,2072,2078,2121
2054,2067,2064,2054,2065,2074,2065,2110
2059,2062,2060,2056,2063,2050,2048,2112
2051,2043,2044,2033,2044,2019,2050,2096
2029,2024,2041,2034,2042,2020,2042,2092
2032,2043,2054,2041,2043,2038,2064,2105
2049,2058,2051,2048,2039,2042,2062,2109
2046,2063,2049,2050,2036,2041,2066,2118
2044,2053,2049,2044,2039,2040,2050,2124
2051,2061,2047,2048,2047,2040,2042,2132
2051,2060,2041,2047,2038,2036,2027,2135
2051,2058,2033,2046,2045,2042,2054,2147
2046,2048,2024,2047,2048,2047,2059,2154
2041,2035,2013,2051,2049,2043,2057,2155
2044,2037,2017,2066,2053,2052,2065,2163
2049,2045,2028,2072,2055,2047,2052,2164
2046,2034,2019,2070,2052,2038,2037,2167
2035,2029,2018,2072,2051,2039,2048,2168
2040,2031,2018,2077,2057,2042,2050,2177
2043,2029,2019,2079,2059,2041,2045,2171
2021,2013,2010,2074,2047,2036,2014,2168
2017,2010,2005,2054,2044,2040,2020,2178
2035,2029,2015,2064,2060,2048,2024,2180
2039,2037,2015,2060,2062,2051,2049,2181
2035,2040,2044,2053,2055,2048,2047,2182
2038,2045,2062,2056,2052,2048,2049,2178
2032,2039,2054,2031,2043,2045,2048,2171
2025,2031,2048,2006,2029,2043,2062,2167
2028,2036,2053,1985,2022,2031,2051,2164
2029,2035,2068,1988,2016,2037,2059,2165
2032,2059,2091,2009,2035,2051,2055,2160
2040,2075,2103,2024,2049,2057,2064,2156
2042,2077,2104,2032,2061,2063,2069,2146
2050,2079,2102,2033,2067,2070,2077,2141
2051,2077,2103,2034,2071,2065,2065,2132
2055,2066,2086,2035,2063,2053,2045,2125
2042,2061,2077,2032,2058,2037,2041,2105
2027,2029,2064,2024,2041,2026,2039,2100
2017,2032,2066,2025,2043,2025,2042,2112
2035,2055,2086,2038,2050,2026,2048,2118
2040,2056,2090,2043,2054,2027,2053,2124
2046,2056,2080,2048,2051,2027,2052,2133
2050,2055,2076,2044,2049,2027,2043,2132
2048,2054,2071,2048,2046,2021,2028,2144
2045,2058,2070,2048,2048,2020,2048,2162
2057,2066,2074,2053,2053,2030,2043,2168
2055,2064,2070,2048,2047,2030,2044,2161
2048,2059,2060,2048,2049,2032,2037,2162
2053,2048,2057,2043,2053,2043,2036,2171
2047,2051,2058,2045,2053,2057,2054,2177
2041,2050,2049,2041,2054,2058,2054,2179
2040,2038,2045,2046,2054,2052,2039,2178
2036,2038,2034,2044,2056,2049,2028,2178
2032,2029,2023,2035,2038,2032,2014,2167
2016,2007,2008,2033,2038,2032,2039,2173
2019,2001,2014,2052,2053,2060,2043,2173
2035,2026,2017,2051,2068,2058,2050,2182
2039,2024,2020,2057,2064,2055,2024,2179
2040,2024,2015,2060,2061,2059,2063,2172
2039,2027,2016,2054,2059,2057,2057,2176
2036,2025,2012,2050,2063,2056,2060,2169
2034,2026,2010,2051,2058,2054,2055,2157
2039,2032,2014,2053,2053,2050,2072,2154
2037,2032,2022,2055,2054,2053,2063,2148
2038,2034,2027,2058,2056,2061,2064,2139
2035,2033,2029,2059,2055,2056,2043,2123
2036,2027,2028,2048,2052,2046,2035,2122
2027,2017,2018,2042,2047,2038,2033,2113
2021,2019,2014,2036,2036,2049,2030,2106
2022,2019,2017,2031,2030,2043,2033,2094
2015,2001,2009,2010,2002,2016,2012,2083
2005,2006,2023,2003,1994,2018,2020,2085
2020,2034,2071,2026,1994,2034,2025,2103
2044,2066,2102,2046,1988,2036,2041,2114
2050,2081,2118,2064,1992,2037,2035,2127
2056,2088,2106,2058,1981,2033,2025,2124
2059,2071,2080,2047,1979,2034,2012,2127
2059,2062,2066,2031,1979,2034,2006,2134
2052,2059,2049,2018,1958,2046,2006,2132
2049,2051,2050,2014,1941,2041,2014,2143
2044,2053,2050,2004,1932,2030,2032,2146
2038,2046,2043,2005,1950,2043,2039,2150
2043,2040,2041,2014,1983,2046,2028,2153
2041,2037,2044,2021,1986,1999,2034,2158
2040,2038,2041,2019,2018,1977,2033,2158
2038,2042,2039,2028,2078,2005,2033,2168
2051,2047,2038,2058,2158,2041,2038,2166
2037,2024,2020,2052,2149,2042,2036,2163
2029,2019,2005,2044,2102,2034,2043,2168
2040,2040,2022,2049,2089,2036,2055,2169
2044,2046,2031,2050,2097,2046,2049,2165
2046,2054,2031,2064,2105,2043,2051,2166
2050,2061,2031,2074,2107,2038,2067,2165
2047,2062,2026,2073,2094,2041,2048,2160
2035,2053,2029,2063,2088,2052,2030,2154
2038,2053,2021,2052,2079,2058,2042,2155
2039,2051,2028,2050,2087,2066,2033,2143
2049,2056,2046,2056,2087,2072,2031,2138
2055,2059,2070,2051,2077,2072,2050,2141
2054,2067,2082,2046,2076,2085,2061,2116
2043,2069,2072,2041,2069,2082,2046,2103
2036,2061,2077,2043,2069,2075,2047,2094
2031,2053,2078,2054,2063,2080,2050,2090
2033,2047,2058,2044,2061,2067,2029,2087
2024,2014,2026,2033,2054,2053,1999,2076
2022,2017,2015,2037,2063,2055,2050,2085
2035,2040,2030,2042,2068,2062,2048,2087
2032,2034,2021,2038,2064,2045,2034,2090
2030,2037,2026,2030,2060,2049,2028,2096
2033,2040,2036,2023,2060,2046,2035,2102
2033,2040,2038,2016,2047,2046,2049,2109
2038,2047,2048,2022,2044,2046,2042,2122
2037,2054,2070,2036,2050,2051,2048,2126
2044,2058,2065,2031,2050,2057,2051,2131
2041,2066,2053,2026,2047,2056,2036,2135
2044,2073,2066,2043,2051,2064,2040,2140
2056,2090,2098,2061,2067,2080,2039,2141
2064,2107,2121,2067,2051,2072,2040,2145
2068,2099,2113,2054,2025,2057,2043,2148
2057,2087,2093,2048,1990,2059,2029,2144
2045,2060,2065,2033,1998,2044,2006,2134
2023,2037,2049,2025,2019,2019,2016,2141
2028,2043,2055,2047,2057,2018,2033,2156
2045,2059,2049,2065,2086,2022,2058,2158
2046,2055,2050,2066,2084,2033,2049,2163
2052,2053,2053,2064,2077,2048,2069,2152
2042,2063,2058,2065,2079,2048,2060,2149
2052,2060,2058,2060,2061,2044,2040,2148
2048,2054,2056,2050,2065,2033,2037,2135
2045,2049,2054,2038,2077,2016,2041,2136
2041,2050,2050,2038,2070,2010,2035,2126
2035,2051,2050,2052,2084,2026,2039,2117
2042,2044,2046,2045,2095,2038,2057,2106
2047,2042,2039,2047,2097,2047,2045,2088
2042,2039,2033,2043,2099,2060,2039,2078
2033,2033,2029,2042,2101,2057,2036,2067
2025,2032,2030,2037,2092,2066,2025,2068
2024,2013,2019,2025,2090,2074,1998,2054
2016,2010,2032,2034,2075,2070,2017,2050
2021,2033,2052,2042,2052,2067,2028,2059
2026,2045,2055,2041,1972,2016,2008,2056
2023,2046,2068,2038,1958,2018,2028,2062
2029,2046,2065,2043,1992,2043,2020,2067
2024,2041,2061,2043,2016,2065,2040,2081
2026,2039,2054,2044,2033,2037,2045,2098
2036,2041,2049,2041,2019,2013,2032,2101
2036,2043,2046,2035,1974,2014,2022,2101
2029,2043,2044,2021,1936,2027,2053,2107
2033,2047,2052,2019,1947,2039,2065,2114
2037,2056,2061,2034,1965,2046,2038,2123
2042,2059,2068,2040,1972,2036,2036,2127
2052,2068,2069,2052,1993,2031,2052,2140
2054,2074,2077,2075,2044,2039,2049,2148
2054,2063,2064,2076,2100,2034,2037,2140
2046,2041,2058,2067,2126,2043,2029,2138
2038,2040,2054,2066,2124,2064,2035,2136
2044,2053,2061,2071,2111,2074,2046,2133
2046,2049,2055,2065,2104,2067,2035,2116
2048,2048,2054,2055,2081,2050,2043,2116
2031,2046,2047,2046,2060,2041,2029,2115
2040,2040,2046,2043,2042,2042,2028,2112
2038,2041,2036,2045,2050,2056,2044,2114
2032,2039,2044,2052,2061,2069,2064,2109
2041,2038,2038,2058,2068,2078,2055,2108
2038,2036,2038,2047,2072,2066,2065,2099
2044,2035,2034,2034,2066,2042,2044,2088
2041,2036,2033,2029,2052,2042,2048,2077
2043,2040,2033,2036,2043,2042,2051,2083
2050,2048,2041,2037,2038,2038,2063,2078
2051,2055,2043,2041,2039,2049,2058,2069
2046,2049,2030,2031,2040,2042,2043,2054
2031,2016,2019,2024,2039,2046,2021,2046
2030,2020,2022,2034,2052,2058,2039,2059
2050,2050,2042,2042,2054,2064,2049,2059
2042,2048,2047,2045,2063,2069,2044,2064
2046,2040,2045,2044,2055,2058,2050,2062
2045,2044,2042,2037,2044,2062,2034,2066
2049,2043,2035,2043,2048,2069,2043,2074
2048,2042,2040,2045,2044,2064,2032,2077
2050,2039,2036,2043,2039,2044,2036,2084
2045,2039,2038,2039,2028,2030,2035,2093
2044,2041,2048,2044,2027,2015,2040,2099
2044,2053,2061,2052,2033,1998,2032,2111
2047,2049,2056,2058,2035,2005,2034,2113
2046,2047,2045,2051,2027,2016,2035,2117
2045,2045,2029,2048,2030,2030,2041,2120
2049,2050,2028,2052,2039,2038,2062,2128
2044,2040,2024,2050,2032,2039,2022,2114
2034,2035,2032,2058,2038,2058,2035,2121
2039,2049,2046,2080,2056,2084,2047,2134
2051,2065,2048,2075,2058,2087,2044,2129
2050,2060,2037,2066,2059,2089,2038,2126
2059,2053,2034,2058,2062,2088,2042,2124
2052,2049,2034,2060,2073,2071,2024,2122
2046,2055,2045,2060,2081,2054,2040,2117
2044,2057,2049,2053,2078,2054,2044,2106
2038,2050,2039,2045,2069,2048,2058,2101
2046,2054,2042,2041,2084,2045,2078,2099
2048,2058,2041,2043,2086,2040,2069,2092
2047,2055,2040,2036,2084,2040,2056,2079
2044,2053,2034,2035,2082,2035,2063,2072
2046,2053,2042,2031,2069,2031,2060,2056
2043,2050,2048,2022,2045,2029,2055,2054
2043,2050,2042,2017,1993,2023,2048,2041
2029,2026,2021,1992,1942,2012,2027,2044
2034,2023,2020,1998,1968,2027,2036,2045
2041,2051,2050,2026,2001,2023,2039,2048
2042,2054,2060,2035,2015,2008,2016,2042
2039,2053,2062,2034,1998,1999,2017,2041
2036,2056,2063,2036,1992,1990,2015,2050
2043,2052,2060,2032,1991,2008,2015,2062
2039,2060,2069,2041,2016,2042,2028,2069
2047,2063,2059,2042,2037,2063,2022,2080
2050,2059,2058,2044,2067,2059,2029,2086
2046,2050,2044,2047,2088,2053,2032,2090
2040,2047,2039,2051,2093,2045,2027,2099
2046,2055,2045,2062,2076,2046,2043,2094
2043,2053,2049,2061,2055,2038,2037,2094
2040,2047,2044,2056,2047,2042,2026,2091
2042,2045,2041,2050,2043,2060,2030,2096
2037,2037,2033,2052,2034,2058,2028,2086
2021,2016,2021,2028,2023,2053,2019,2095
2017,2010,2010,2032,2024,2069,2030,2097
2040,2027,2024,2060,2045,2080,2052,2100
2042,2033,2027,2060,2049,2080,2052,2104
2044,2039,2042,2072,2056,2081,2051,2089
2047,2047,2055,2085,2055,2083,2055,2095
2049,2049,2056,2079,2055,2079,2061,2089
2042,2045,2048,2057,2044,2072,2052,2087
2045,2042,2032,2049,2037,2057,2048,2079
2046,2039,2038,2044,2032,2049,2050,2073
2042,2046,2054,2051,2022,2041,2067,2070
2050,2053,2052,2050,2008,2037,2059,2060
2042,2044,2039,2047,2029,2036,2052,2057
2046,2040,2029,2046,2036,2037,2036,2041
2045,2049,2036,2047,2036,2047,2046,2037
2044,2052,2028,2041,2033,2051,2047,2033
2041,2046,2006,2023,2008,2029,2025,2013
2021,2009,1991,2003,1994,2024,2023,2006
2020,2005,2001,2005,2024,2034,2020,2014
2027,2042,2034,2014,2036,2031,2010,2020
2027,2050,2056,2013,2029,2019,2021,2021
2032,2051,2061,2019,2047,2022,2026,2033
2041,2064,2078,2041,2056,2031,2047,2046
2041,2069,2084,2047,2061,2035,2050,2048
2034,2055,2072,2037,2066,2043,2041,2046
2031,2048,2059,2026,2073,2053,2052,2049
2041,2060,2081,2044,2071,2065,2060,2069
2051,2070,2097,2049,2068,2071,2055,2078
2048,2073,2096,2047,2054,2066,2043,2079
2052,2066,2079,2037,2060,2068,2064,2082
2052,2059,2064,2026,2038,2065,2052,2087
2049,2057,2062,2022,2024,2061,2043,2089
2048,2054,2057,2029,2002,2052,2045,2093
2051,2043,2051,2013,1971,2035,2040,2083
2035,2029,2045,2011,1955,2022,2029,2081
2038,2037,2061,2013,1944,2032,2048,2091
2046,2045,2061,2010,1926,2038,2037,2081
2050,2045,2059,2014,1963,2045,2022,2082
2051,2052,2060,2017,1997,2052,2020,2088
2042,2048,2057,2023,2019,2054,2020,2081
2047,2050,2054,2031,2067,2048,2053,2082
2057,2058,2068,2064,2103,2043,2053,2090
2060,2066,2066,2063,2109,2040,2054,2078
2052,2052,2056,2061,2111,2053,2052,2062
2047,2048,2056,2057,2117,2071,2064,2051
2045,2043,2053,2049,2106,2067,2064,2042
2041,2045,2045,2047,2089,2055,2056,2024
2040,2041,2034,2046,2092,2047,2061,2015
2039,2035,2022,2044,2094,2050,2056,2017
2044,2042,2024,2044,2077,2048,2058,2004
2028,2014,2006,2041,2051,2034,2029,1993
2025,2005,1997,2033,2040,2028,2034,2000
2034,2027,2020,2046,2046,2031,2053,2007
2046,2038,2033,2058,2046,2032,2060,2014
2045,2042,2038,2060,2040,2040,2062,2029
2050,2041,2036,2064,2057,2047,2070,2029
2052,2042,2035,2076,2078,2058,2079,2036
2048,2031,2024,2050,2046,2067,2057,2024
2029,2025,2008,2034,2025,2089,2045,2034
2032,2019,2009,2033,2016,2099,2044,2026
2033,2021,2011,2031,2004,2092,2021,2029
2030,2014,2011,2024,1979,2053,1990,2033
2032,2011,2011,2022,1983,2004,1995,2040
2031,2022,2031,2051,2049,1982,2016,2071
2046,2043,2059,2085,2121,1995,2039,2085
2057,2054,2070,2086,2143,2047,2046,2088
2053,2054,2060,2063,2106,2071,2040,2072
2034,2020,2045,2034,2073,2062,2034,2065
2029,2016,2031,2026,2080,2052,2011,2076
2045,2044,2062,2043,2101,2055,2041,2070
2049,2048,2066,2039,2092,2053,2057,2085
2058,2058,2065,2036,2077,2056,2044,2086
2058,2063,2071,2054,2062,2060,2034,2084
2061,2063,2064,2057,2063,2052,2053,2076
2068,2070,2062,2068,2063,2051,2066,2068
2066,2066,2054,2065,2059,2055,2068,2059
2062,2064,2044,2068,2053,2055,2045,2049
2054,2056,2037,2050,2032,2040,2035,2024
2050,2052,2029,2038,2005,2032,2042,2030
2043,2046,2027,2040,2009,2038,2024,2019
2047,2044,2033,2045,2012,2037,2039,2010
2041,2040,2034,2052,2035,2042,2050,2014
2048,2038,2034,2055,2055,2042,2059,2001
2044,2021,2027,2043,2051,2025,2031,1993
2028,2007,2017,2039,2049,2026,2026,1985
2038,2023,2034,2045,2072,2048,2055,1998
2045,2037,2034,2023,2082,2040,2057,2000
2042,2036,2033,2019,2083,2041,2035,2009
2040,2041,2044,2020,2096,2052,2045,2014
2051,2052,2068,2047,2113,2059,2053,2025
2056,2066,2092,2055,2115,2063,2047,2031
2058,2062,2090,2052,2101,2087,2049,2040
2057,2068,2083,2052,2086,2084,2032,2048
2057,2061,2066,2041,2050,2076,2033,2047
2056,2059,2055,2038,2032,2072,2057,2045
2063,2047,2051,2039,1983,2052,2040,2050
2046,2043,2044,2044,1971,2027,2041,2054
2054,2036,2045,2057,2005,2031,2028,2053
2052,2040,2046,2053,2014,2030,2038,2063
2045,2037,2050,2047,2000,2009,2021,2060
2033,2024,2037,2038,1988,2020,2037,2051
2033,2021,2034,2040,2030,2037,2025,2055
2049,2048,2050,2046,2056,2066,2048,2065
2060,2055,2047,2052,2049,2080,2064,2066
2055,2057,2045,2059,2052,2072,2057,2068
2056,2047,2048,2064,2062,2045,2034,2066
2049,2043,2049,2057,2061,2045,2038,2054
2046,2030,2044,2051,2054,2047,2037,2038
2044,2025,2024,2045,2051,2046,2030,2031
2042,2022,2023,2064,2039,2031,2037,2026
2047,2019,2030,2075,2043,2026,2059,2024
2042,2025,2032,2082,2053,2038,2056,2014
2039,2022,2027,2077,2049,2059,2052,2006
2041,2012,2027,2074,2051,2054,2045,1994
2042,2017,2026,2076,2040,1998,2045,1988
2049,2029,2031,2076,2041,1976,2046,1987
2050,2040,2036,2076,2041,1976,2035,1980
2041,2025,2010,2060,2023,1999,2046,1986
2043,2022,2000,2053,2024,2024,2039,1998
2063,2048,2010,2062,2035,2043,2056,2000
2061,2046,2009,2044,2042,2038,2047,2000
2064,2038,2002,2025,2040,2038,2039,1996
2055,2035,2000,2016,2039,2043,2052,1999
2057,2035,2005,2000,2018,2046,2041,2010
2061,2054,2021,2009,2020,2053,2060,2022
2066,2068,2053,2018,2048,2065,2079,2029
2075,2078,2073,2021,2075,2068,2065,2036
2067,2069,2071,2025,2072,2072,2074,2044
2063,2067,2065,2032,2052,2076,2059,2046
2061,2066,2064,2039,2035,2085,2084,2045
2069,2078,2080,2038,2031,2072,2086,2055
2068,2083,2101,2045,2029,2069,2080,2055
2072,2095,2108,2047,2037,2074,2083,2060
2078,2089,2098,2036,2013,2049,2051,2052
2056,2055,2068,2028,2008,2030,2032,2044
2047,2047,2055,2037,2031,2016,2056,2055
2063,2066,2068,2047,2054,2008,2063,2062
2068,2070,2066,2051,2078,2028,2059,2056
2052,2047,2054,2054,2064,2040,2060,2053
2053,2044,2052,2061,2050,2055,2046,2046
2050,2043,2054,2056,2046,2058,2057,2045
2048,2043,2051,2055,2056,2070,2059,2045
2049,2041,2045,2056,2053,2065,2054,2037
2044,2036,2036,2041,2071,2052,2062,2033
2046,2043,2040,2052,2081,2072,2072,2022
2045,2044,2044,2052,2078,2071,2066,2009
2043,2043,2038,2041,2059,2064,2062,2003
2041,2042,2037,2047,2049,2069,2072,2005
2041,2052,2059,2050,2039,2070,2068,2002
2047,2053,2065,2057,2030,2052,2041,1991
2047,2042,2045,2034,1979,2008,2012,1968
2031,2024,2028,2029,1954,1990,2010,1973
2042,2047,2040,2036,1970,2015,2032,1979
2054,2054,2032,2035,1983,2020,2033,1985
2043,2044,2019,2028,1997,2038,2012,1987
2039,2040,2022,2039,2020,2054,2032,1988
2055,2047,2037,2057,2045,2072,2054,1998
2060,2048,2041,2060,2057,2051,2022,2005
2054,2044,2045,2057,2069,2037,2024,2008
2044,2031,2031,2065,2080,2041,2026,2000
2040,2032,2031,2067,2086,2053,2033,2010
2041,2029,2034,2072,2073,2044,2035,2015
2047,2036,2038,2082,2095,2053,2028,2020
2044,2032,2043,2088,2102,2050,2034,2025
2038,2028,2045,2081,2083,2038,2019,2031
2034,2025,2047,2071,2047,2028,2026,2038
2035,2026,2052,2069,2045,2034,2043,2030
2025,2008,2050,2062,2039,2029,2028,2033
2034,2015,2055,2066,2040,2041,2040,2048
2034,2029,2054,2060,2046,2056,2054,2045
2038,2028,2040,2047,2032,2050,2045,2046
2036,2032,2026,2031,2038,2051,2055,2040
2035,2033,2025,2023,2027,2048,2062,2033
2036,2028,2016,2001,2023,2030,2052,2034
2030,2021,2001,1997,2024,2024,2056,2026
2032,2021,2000,1986,2054,2032,2056,2018
2036,2022,2010,2000,2044,2028,2057,2019
2039,2040,2027,2001,2038,2027,2057,2018
2044,2058,2054,2021,2041,2038,2054,2017
2056,2074,2076,2034,2052,2041,2061,2012
2061,2079,2077,2039,2058,2043,2049,2008
2063,2077,2068,2035,2071,2055,2051,2007
2062,2079,2064,2042,2073,2056,2056,1999
2061,2068,2056,2047,2076,2049,2056,1983
2042,2040,2046,2042,2065,2048,2055,1976
2041,2040,2035,2039,2065,2054,2068,1983
2056,2064,2052,2053,2065,2056,2050,1986
2061,2061,2050,2048,2062,2049,2051,1987
2051,2048,2046,2047,2066,2051,2051,1992
2044,2044,2036,2051,2062,2049,2052,1992
2043,2042,2045,2052,2066,2052,2079,2006
2057,2052,2053,2057,2057,2057,2072,2015
2058,2061,2051,2052,2047,2049,2063,2029
2064,2055,2054,2050,2037,2052,2078,2035
2065,2061,2053,2047,2030,2049,2070,2032
2066,2065,2046,2044,2024,2054,2079,2045
2068,2068,2050,2048,2024,2053,2082,2049
2068,2062,2046,2050,2022,2058,2062,2049
2061,2054,2041,2051,2026,2053,2064,2052
2059,2051,2042,2058,2032,2056,2080,2056
2052,2040,2032,2040,2014,2032,2046,2037
2028,2007,2020,2032,2000,2031,2034,2037
2027,2012,2029,2043,2022,2047,2062,2052
2049,2045,2054,2055,2047,2052,2073,2053
2052,2050,2067,2067,2067,2052,2059,2050
2052,2053,2087,2073,2080,2062,2048,2047
2053,2059,2090,2078,2094,2064,2040,2043
2053,2055,2084,2077,2103,2058,2034,2038
2053,2052,2082,2070,2085,2040,2036,2035
2058,2059,2074,2070,2078,2045,2043,2030
2058,2055,2073,2070,2074,2057,2068,2028
2061,2069,2077,2068,2082,2056,2068,2018
2059,2070,2078,2067,2067,2058,2049,2010
2054,2057,2071,2060,2068,2060,2055,1998
2054,2054,2056,2051,2068,2063,2057,1993
2056,2062,2065,2054,2070,2065,2065,1992
2058,2063,2070,2055,2064,2068,2040,1986
2051,2053,2056,2050,2049,2046,2028,1975
2039,2036,2038,2043,2047,2047,2020,1970
2046,2052,2051,2038,2050,2058,2036,1980
2053,2061,2051,2038,2047,2047,2074,1984
2052,2062,2051,2037,2042,2045,2060,1986
2048,2064,2058,2044,2041,2053,2069,1991
2054,2060,2060,2036,2041,2043,2067,1994
2060,2069,2062,2035,2042,2057,2072,2003
2054,2068,2064,2041,2045,2053,2059,2013
2050,2069,2070,2052,2056,2051,2056,2020
2051,2063,2067,2044,2045,2050,2056,2025
2051,2054,2049,2035,2044,2045,2058,2029
2056,2049,2050,2033,2031,2041,2071,2028
2045,2047,2045,2028,2033,2041,2069,2028
2044,2042,2037,2026,2034,2049,2073,2025
2038,2037,2032,2032,2027,2062,2068,2024
2045,2045,2042,2038,2025,2081,2063,2028
2032,2025,2035,2029,2008,2067,2040,2019
2017,2015,2022,2031,2004,2053,2051,2024
2030,2032,2033,2043,2014,2048,2057,2033
2036,2034,2032,2043,2040,2028,2071,2044
2043,2038,2034,2056,2080,2028,2057,2044
2055,2042,2033,2064,2083,2040,2072,2042
2052,2034,2036,2064,2079,2047,2071,2038
2055,2035,2039,2054,2061,2042,2082,2030
2046,2037,2041,2055,2035,2025,2074,2027
2041,2036,2034,2045,2006,2012,2061,2016
2046,2039,2043,2044,1999,1999,2056,2007
2051,2040,2032,2031,1996,1986,2022,1995
2041,2027,2022,2026,2003,1999,2021,1987
2036,2028,2029,2031,2029,2011,2036,1981
2036,2029,2042,2038,2062,2022,2063,1977
2044,2034,2057,2055,2084,2040,2050,1979
2052,2035,2077,2070,2099,2058,2039,1968
2036,2028,2072,2058,2074,2050,2044,1966
2034,2029,2065,2063,2059,2047,2060,1978
2051,2053,2078,2074,2061,2045,2066,1972
2057,2063,2089,2086,2054,2048,2058,1970
2057,2065,2095,2082,2063,2044,2063,1980
2054,2061,2085,2075,2047,2049,2068,1988
2065,2058,2086,2069,2007,2056,2071,1997
2057,2056,2085,2065,1987,2063,2066,2000
2058,2051,2077,2065,2030,2064,2053,2004
2060,2056,2072,2047,2056,2057,2062,2007
2052,2052,2066,2040,2051,2050,2066,2005
2050,2047,2060,2031,2047,2050,2064,2012
2046,2048,2052,2015,2044,2048,2061,2019
2046,2052,2047,2012,2053,2054,2059,2021
2049,2052,2054,2020,2082,2058,2058,2023
2052,2060,2061,2032,2090,2059,2052,2030
2046,2053,2066,2036,2080,2044,2046,2019
2033,2030,2055,2037,2067,2044,2054,2023
2036,2033,2057,2041,2049,2051,2071,2032
2048,2052,2062,2039,1988,2042,2076,2034
2052,2052,2064,2036,1972,2051,2070,2041
2065,2061,2072,2051,1999,2059,2088,2042
2066,2066,2074,2058,2048,2065,2096,2038
2068,2063,2067,2059,2082,2063,2084,2028
2057,2061,2066,2063,2097,2055,2082,2023
2058,2068,2075,2069,2103,2050,2083,2019
2060,2068,2071,2064,2097,2045,2076,2012
2053,2060,2070,2065,2079,2053,2074,1992
2053,2044,2059,2062,2046,2058,2088,1985
2053,2047,2055,2056,2024,2058,2076,1975
2050,2046,2048,2058,2037,2057,2068,1968
2051,2044,2049,2054,2003,2047,2074,1968
2049,2049,2058,2047,1974,2047,2075,1961
2052,2049,2052,2046,1999,2032,2060,1956
2037,2041,2048,2037,2009,2033,2056,1951
2044,2053,2054,2047,2014,2044,2078,1964
2060,2061,2062,2039,1997,2044,2074,1962
2053,2059,2054,2036,1982,2036,2073,1969
2051,2054,2054,2030,1985,2035,2063,1968
2053,2052,2055,2037,2028,2040,2062,1968
2050,2048,2054,2046,2038,2050,2068,1978
2055,2057,2057,2051,2045,2049,2068,1993
2061,2062,2068,2053,2042,2052,2043,1997
2055,2056,2054,2045,2039,2047,2057,2000
2043,2044,2052,2045,2049,2054,2061,2006
2044,2041,2047,2050,2053,2056,2048,2001
2039,2039,2043,2047,2049,2056,2060,2004
2040,2039,2044,2048,2037,2047,2053,2009
2040,2031,2040,2049,2036,2042,2041,2006
2046,2031,2040,2056,2056,2040,2050,2012
2036,2012,2029,2044,2051,2022,2023,2012
2029,2004,2024,2043,2039,2021,2030,2013
2045,2043,2051,2064,2058,2043,2049,2025
2051,2053,2052,2060,2059,2039,2044,2023
2054,2055,2053,2058,2059,2045,2027,2021
2056,2051,2048,2057,2067,2042,2041,2014
2057,2047,2054,2056,2057,2046,2044,2013
2055,2052,2053,2056,2058,2060,2037,2012
2059,2060,2058,2048,2058,2075,2060,2004
2059,2058,2052,2043,2051,2073,2060,1999
2054,2054,2051,2040,2048,2076,2062,1988
2048,2043,2050,2033,2049,2073,2066,1978
2046,2043,2046,2035,2043,2056,2063,1966
2043,2040,2043,2034,2049,2051,2065,1959
2036,2040,2036,2027,2042,2059,2054,1955
2039,2036,2036,2023,2022,2068,2059,1947
2030,2031,2037,2023,2003,2053,2045,1934
2017,2018,2024,2007,1999,2017,2036,1932
2019,2022,2018,2012,2026,2031,2041,1947
2043,2046,2045,2046,2068,2047,2054,1946
2050,2056,2050,2053,2065,2027,2048,1954
2052,2058,2051,2050,2062,2016,2035,1944
2047,2061,2052,2047,2047,2024,2035,1951
2037,2057,2055,2037,2042,2025,2037,1956
2040,2052,2053,2035,2036,2011,2039,1971
2043,2051,2056,2040,2042,2003,2039,1984
2047,2055,2053,2042,2043,2007,2043,1996
2053,2056,2056,2049,2046,2018,2034,1998
2051,2058,2064,2050,2044,2020,2039,2001
2052,2061,2058,2055,2049,2037,2044,1995
2051,2051,2056,2060,2050,2047,2044,1998
2042,2036,2052,2057,2054,2054,2042,1996
2046,2041,2046,2064,2050,2064,2037,2002
2048,2036,2037,2051,2040,2063,2028,1993
2033,2016,2025,2042,2027,2062,2032,1993
2022,2013,2033,2049,2024,2078,2053,2004
2047,2036,2048,2054,2022,2101,2056,2014
2046,2031,2032,2047,2020,2106,2060,2007
2048,2038,2021,2044,2026,2109,2070,2012
2044,2044,2025,2045,2027,2075,2071,2006
2047,2041,2024,2043,2024,2022,2067,2000
2049,2039,2026,2034,2018,2018,2068,2001
2045,2043,2026,2031,2020,2034,2072,1986
2044,2042,2022,2029,2030,2047,2072,1985
2044,2046,2033,2035,2036,2056,2052,1972
2048,2046,2036,2032,2042,2052,2058,1956
2047,2047,2044,2033,2066,2052,2055,1946
2052,2042,2047,2037,2079,2051,2052,1946
2047,2051,2057,2043,2082,2051,2056,1942
2051,2056,2063,2046,2076,2058,2061,1945
2049,2043,2065,2039,2053,2036,2027,1922
2032,2036,2063,2036,2035,2033,2031,1922
2040,2050,2074,2047,2058,2050,2040,1941
2058,2058,2085,2058,2062,2052,2035,1944
2058,2065,2088,2058,2052,2050,2042,1954
2068,2065,2090,2059,2053,2043,2039,1955
2052,2053,2073,2052,2046,2044,2051,1960
2054,2049,2068,2049,2050,2050,2055,1967
2046,2045,2054,2041,2051,2041,2031,1965
2051,2042,2054,2045,2046,2038,2037,1976
2052,2040,2051,2045,2052,2028,2038,1977
2043,2034,2047,2041,2046,2019,2036,1978
2046,2035,2043,2046,2041,2009,2033,1986
2042,2033,2041,2039,2035,2017,2044,1993
2048,2035,2042,2044,2037,2051,2066,2009
2055,2047,2053,2055,2043,2077,2069,2007
2057,2051,2049,2056,2035,2074,2054,2004
2043,2023,2037,2045,2015,2057,2049,2000
2041,2027,2042,2049,2027,2063,2063,2010
2057,2051,2061,2060,2038,2082,2060,2014
2064,2060,2063,2064,2036,2072,2080,2009
2055,2056,2062,2051,2048,2069,2067,2004
2057,2044,2050,2042,2044,2064,2083,2005
2056,2039,2039,2043,2050,2052,2071,1992
2055,2037,2040,2052,2050,2060,2063,1988
2051,2045,2039,2052,2048,2069,2060,1988
2046,2042,2041,2052,2054,2071,2062,1983
2053,2039,2035,2054,2047,2056,2050,1972
2054,2041,2035,2050,2042,2055,2061,1972
2060,2048,2042,2058,2044,2070,2062,1965
2051,2052,2046,2061,2042,2073,2063,1947
2057,2047,2050,2056,2038,2080,2066,1948
2051,2045,2047,2052,2033,2078,2068,1940
2051,2036,2034,2042,2024,2066,2054,1918
2025,2011,2023,2026,2003,2039,2048,1913
2025,2021,2031,2024,2008,2034,2045,1924
2039,2053,2066,2047,2040,2040,2050,1933
2041,2050,2070,2048,2054,2036,2055,1926
2036,2045,2073,2047,2044,2029,2037,1933
2042,2044,2065,2038,2022,2033,2037,1942
2039,2045,2068,2037,2021,2033,2050,1950
2041,2047,2071,2035,2024,2038,2054,1964
2042,2052,2069,2040,2033,2047,2056,1971
2044,2051,2063,2028,2022,2043,2053,1976
2044,2048,2054,2012,2008,2040,2055,1983
2045,2054,2051,2007,2006,2043,2058,1985
2046,2060,2062,2017,2012,2047,2078,2003
2055,2069,2064,2017,1996,2050,2076,2000
2056,2064,2056,2022,1994,2048,2062,2002
2052,2053,2046,2024,1999,2042,2045,2004
2049,2047,2047,2025,2003,2032,2034,1998
2028,2023,2028,2029,2010,2030,2035,1996
2026,2021,2032,2032,2027,2043,2047,2008
2043,2041,2040,2031,2033,2068,2051,2003
2040,2032,2034,2023,2023,2076,2051,1995
2035,2027,2019,2011,2007,2068,2033,1985
2030,2026,2012,2005,2010,2054,2049,1984
2038,2026,2011,2024,2064,2051,2039,1984
2039,2033,2020,2037,2120,2041,2061,1986
2043,2040,2034,2048,2130,2037,2065,1990
2048,2046,2050,2059,2122,2050,2074,1990
2050,2057,2054,2052,2101,2068,2068,1981
2054,2056,2049,2048,2087,2076,2054,1968
2052,2053,2047,2051,2083,2074,2056,1960
2051,2045,2041,2045,2070,2071,2040,1946
2041,2041,2035,2040,2066,2070,2035,1936
2048,2044,2032,2032,2057,2065,2038,1929
2033,2017,2025,2016,2010,2051,2023,1919
2029,2018,2018,2007,1977,2035,2016,1923
2036,2044,2042,2024,1994,2040,2027,1931
2045,2047,2052,2021,1999,2025,2039,1932
2037,2047,2047,2018,1992,2005,2041,1939
2034,2041,2043,2014,1987,2004,2037,1941
2035,2033,2036,2016,1988,2015,2029,1948
2037,2031,2032,2020,2009,2027,2036,1952
2042,2033,2036,2043,2044,2050,2030,1961
2043,2036,2039,2052,2065,2064,2061,1971
2048,2038,2045,2063,2084,2073,2046,1992
2051,2039,2046,2073,2094,2085,2078,1991
2060,2042,2045,2073,2081,2077,2060,1994
2047,2034,2038,2058,2060,2058,2050,1992
2044,2029,2036,2050,2048,2046,2051,1996
2040,2026,2041,2062,2045,2043,2053,2008
2043,2038,2053,2068,2046,2036,2038,1998
2029,2020,2040,2065,2032,2034,2037,1998
2033,2018,2038,2065,2043,2038,2043,2007
2053,2041,2053,2077,2058,2062,2058,2020
2057,2048,2070,2074,2067,2068,2062,2015
2049,2056,2083,2077,2060,2074,2066,2007
2056,2059,2086,2074,2058,2070,2072,2003
2057,2065,2088,2067,2060,2074,2063,2002
2056,2070,2096,2061,2057,2080,2072,2007
2059,2074,2084,2049,2057,2076,2070,2002
2058,2068,2081,2042,2052,2066,2064,1995
2056,2062,2070,2046,2053,2062,2055,1989
2059,2070,2080,2051,2065,2057,2058,1984
2059,2068,2075,2042,2065,2058,2062,1973
2050,2056,2053,2032,2059,2052,2053,1958
2045,2045,2050,2019,2050,2052,2049,1955
2041,2044,2058,2034,2048,2051,2049,1945
2038,2040,2048,2031,2035,2038,2024,1928
2021,2018,2037,2022,2032,2033,2030,1930
2019,2011,2032,2028,2033,2043,2052,1942
2036,2036,2049,2031,2016,2047,2041,1938
2043,2038,2043,2041,2038,2048,2050,1945
2050,2039,2043,2042,2063,2053,2057,1945
2046,2036,2045,2044,2052,2058,2058,1951
2044,2039,2043,2042,2046,2061,2045,1960
2044,2043,2044,2045,2032,2058,2049,1973
2046,2046,2040,2040,2037,2058,2039,1976
2042,2041,2038,2034,2053,2063,2030,1992
2048,2042,2047,2025,2032,2061,2045,1991
2050,2040,2036,2013,2013,2041,2034,1991
2044,2041,2035,2018,2032,2050,2049,1997
2042,2047,2038,2033,2043,2049,2042,1995
2049,2041,2041,2030,2032,2038,2040,1999
2040,2046,2042,2032,2028,2040,2041,2001
2043,2041,2047,2024,2021,2036,2023,1996
2035,2042,2050,2032,2024,2048,2033,2004
2052,2065,2061,2043,2045,2081,2060,2020
2060,2078,2061,2056,2048,2085,2052,2009
2062,2076,2061,2053,2052,2081,2053,2013
2060,2077,2066,2053,2064,2078,2046,2018
2061,2068,2067,2062,2078,2071,2051,2016
2060,2068,2075,2062,2076,2064,2053,2005
2060,2064,2077,2059,2066,2056,2079,2003
2055,2062,2075,2053,2052,2049,2064,1998
2049,2064,2054,2036,2041,2034,2064,1991
2049,2053,2042,2032,2047,2047,2058,1981
2053,2054,2045,2033,2058,2064,2054,1969
2048,2054,2048,2028,2067,2070,2045,1960
2054,2052,2044,2023,2052,2058,2025,1953
2047,2051,2037,2014,2033,2033,2047,1936
2044,2053,2035,2021,2019,2017,2035,1928
2033,2036,2024,2011,2012,2007,2038,1921
2034,2029,2022,2019,2016,2010,2049,1932
2043,2049,2041,2033,2040,2024,2044,1937
2054,2058,2048,2044,2059,2030,2043,1941
2060,2058,2053,2059,2054,2040,2050,1950
2051,2055,2058,2073,2052,2053,2061,1958
2054,2058,2060,2074,2052,2052,2060,1958
2043,2051,2056,2069,2051,2052,2054,1963
2043,2041,2053,2059,2044,2054,2055,1971
2043,2047,2055,2058,2030,2047,2056,1982
2054,2042,2048,2057,2019,2044,2034,1980
2053,2040,2042,2052,2015,2046,2027,1989
2050,2042,2047,2051,2024,2037,2033,1991
2048,2044,2045,2050,2015,2032,2049,1989
2048,2038,2041,2051,2024,2046,2050,2006
2051,2037,2041,2049,2032,2052,2033,2007
2045,2034,2034,2035,2021,2034,2026,2000
2029,2021,2018,2008,2017,2024,2027,2006
2023,2028,2038,2011,2055,2025,2041,2016
2049,2061,2065,2030,2100,2041,2019,2021
2058,2073,2065,2028,2112,2052,2060,2022
2066,2078,2061,2023,2132,2060,2078,2024
2076,2077,2060,2029,2124,2059,2074,2013
2066,2073,2065,2029,2098,2054,2061,2018
2059,2064,2066,2037,2063,2045,2068,2012
2051,2063,2069,2033,2034,2026,2061,2005
2052,2061,2068,2028,2011,2026,2056,1996
2049,2060,2066,2029,1970,2023,2046,1988
2044,2052,2058,2012,1898,2025,2044,1979
2040,2046,2038,2022,1944,2048,2053,1974
2035,2051,2045,2038,1996,2074,2072,1962
2040,2054,2050,2046,2018,2072,2080,1955
2045,2050,2047,2044,2035,2088,2079,1951
2047,2048,2044,2038,2046,2082,2072,1939
2030,2027,2038,2031,2039,2069,2056,1945
2025,2025,2042,2043,2042,2073,2072,1956
2049,2057,2054,2053,2041,2061,2071,1950
2048,2056,2049,2050,2036,2052,2052,1956
2041,2053,2038,2054,2019,2044,2052,1960
2042,2047,2036,2043,2018,2025,2028,1971
2042,2045,2038,2042,2023,2020,2038,1969
2036,2036,2035,2043,2027,2025,2023,1972
2037,2038,2029,2040,2042,2020,2022,1978
2038,2041,2028,2043,2039,2010,2013,1989
2033,2035,2030,2038,2029,1994,2002,1989
2039,2036,2027,2036,2028,1990,2023,1998
2034,2040,2036,2038,2024,1995,2021,2008
2034,2039,2042,2038,2035,1996,2033,2006
2041,2046,2036,2042,2042,2000,2027,2013
2043,2036,2033,2047,2044,2009,2027,2012
2038,2028,2028,2041,2032,1996,2014,2010
2029,2026,2029,2038,2036,1997,2025,2017
2035,2039,2045,2049,2044,2013,2045,2028
2054,2055,2049,2055,2053,2026,2026,2031
2057,2058,2052,2054,2055,2036,2030,2039
2067,2067,2053,2054,2069,2056,2048,2038
2069,2069,2055,2046,2069,2068,2061,2035
2072,2068,2068,2055,2061,2080,2069,2030
2065,2066,2065,2052,2049,2083,2078,2015
2060,2060,2064,2041,2050,2086,2073,2008
2050,2051,2042,2040,2050,2096,2045,2001
2049,2045,2029,2042,2045,2102,2051,1992
2053,2046,2034,2041,2052,2106,2066,1988
2049,2044,2024,2037,2057,2111,2067,1979
2047,2049,2025,2037,2045,2107,2053,1966
2041,2046,2025,2038,2038,2117,2052,1960
2039,2044,2033,2035,2042,2119,2048,1950
2031,2027,2023,2030,2035,2084,2061,1937
2024,2032,2022,2024,2026,2013,2046,1951
2039,2057,2055,2040,2034,1990,2045,1963
2045,2056,2067,2040,2024,2002,2051,1957
2042,2057,2070,2042,2030,2012,2049,1956
2043,2054,2078,2041,2022,2026,2038,1965
2043,2056,2086,2041,2019,2030,2038,1976
2043,2057,2080,2044,2017,2035,2041,1986
2050,2047,2064,2043,2019,2036,2050,1993
2051,2049,2052,2042,2026,2041,2044,1997
2043,2042,2048,2044,2028,2043,2058,2005
2053,2059,2060,2051,2034,2050,2043,2007
2053,2056,2063,2056,2038,2047,2067,2014
2051,2062,2066,2055,2034,2049,2072,2018
2051,2060,2066,2058,2045,2055,2066,2029
2057,2069,2064,2056,2044,2062,2068,2028
2054,2062,2055,2047,2034,2040,2031,2015
2034,2036,2038,2046,2045,2037,2018,2014
2043,2038,2041,2040,2064,2058,2061,2024
2053,2056,2046,2055,2064,2065,2039,2024
2044,2051,2047,2054,2042,2051,2066,2022
2039,2055,2045,2046,2023,2031,2052,2012
2037,2053,2041,2040,2009,2029,2055,2011
2040,2049,2043,2044,2020,2040,2047,2005
2043,2051,2047,2047,2042,2046,2051,2008
2043,2053,2055,2052,2044,2062,2052,2004
2044,2054,2068,2054,2042,2089,2065,1999
2046,2052,2070,2053,2048,2095,2054,1987
2045,2054,2067,2053,2039,2084,2071,1975
2048,2053,2061,2051,2036,2069,2055,1968
2046,2053,2053,2058,2037,2043,2059,1974
2047,2059,2060,2068,2060,2029,2074,1971
2052,2064,2056,2072,2061,2044,2074,1962
2048,2058,2040,2058,2086,2043,2058,1943
2028,2034,2033,2052,2100,2056,2051,1929
2022,2035,2038,2060,2089,2076,2069,1946
2039,2046,2039,2049,2060,2085,2074,1950
2029,2038,2032,2044,2051,2080,2032,1947
2026,2035,2041,2041,2020,2083,2032,1947
2028,2037,2046,2034,1970,2057,2037,1950
2029,2033,2043,2041,2003,2034,2046,1965
2035,2040,2051,2073,2043,2024,2044,1980
2040,2048,2054,2083,2043,2025,2054,2000
2044,2049,2057,2083,2036,2000,2047,2009
2042,2054,2062,2075,2007,1992,2042,2004
2044,2049,2059,2062,1986,1973,2017,1999
2045,2045,2044,2052,2018,1967,2025,1996
2041,2040,2037,2059,2066,1996,2034,2000
2039,2038,2038,2061,2061,2016,2033,2005
2047,2042,2046,2066,2056,2036,2050,2014
2042,2033,2037,2045,2036,2028,2031,2009
2032,2031,2027,2023,2020,2027,2012,2016
2046,2044,2033,2019,2020,2038,2042,2024
2051,2052,2040,2028,2033,2048,2040,2020
2055,2058,2049,2042,2039,2051,2041,2021
2053,2056,2046,2041,2044,2043,2037,2018
2052,2056,2041,2032,2040,2042,2065,2024
2055,2054,2048,2041,2040,2043,2066,2020
2059,2060,2058,2048,2051,2044,2063,2017
2057,2064,2057,2053,2068,2053,2067,2012
2057,2063,2069,2065,2073,2061,2072,2004
2057,2072,2071,2061,2070,2056,2075,1996
2060,2065,2069,2062,2061,2047,2078,1984
2049,2058,2064,2057,2057,2039,2057,1974
2049,2053,2057,2056,2049,2039,2070,1974
2055,2064,2060,2057,2049,2048,2072,1974
2051,2070,2064,2061,2050,2047,2057,1956
2038,2041,2047,2046,2037,2034,2050,1953
2039,2039,2048,2045,2037,2044,2057,1961
2054,2055,2058,2056,2050,2053,2052,1969
2054,2054,2056,2061,2045,2057,2042,1966
2056,2051,2052,2054,2041,2059,2047,1969
2056,2045,2044,2053,2033,2050,2049,1971
2058,2041,2038,2061,2035,2034,2015,1981
2051,2049,2044,2056,2031,2032,2036,1989
2052,2046,2035,2053,2035,2037,2053,2002
2052,2051,2034,2050,2043,2049,2053,2009
2056,2052,2042,2060,2045,2050,2057,2006
2054,2056,2054,2069,2049,2056,2062,2017
2058,2060,2061,2063,2047,2056,2073,2019
2058,2065,2068,2063,2047,2052,2062,2026
2050,2056,2060,2050,2040,2046,2046,2026
2051,2045,2056,2041,2038,2043,2050,2028
2043,2038,2040,2029,2025,2031,2054,2022
2031,2032,2046,2032,2034,2035,2035,2024
2037,2045,2055,2033,2055,2056,2068,2036
2059,2076,2069,2042,2063,2059,2050,2042
2059,2057,2046,2028,2050,2053,2056,2036
2050,2050,2038,2032,2048,2055,2062,2032
2046,2052,2037,2041,2048,2054,2065,2024
2056,2051,2033,2038,2057,2058,2064,2028
2056,2053,2032,2046,2065,2057,2072,2023
2054,2055,2030,2055,2069,2052,2067,2023
2058,2059,2035,2057,2072,2048,2055,2018
2055,2053,2023,2054,2067,2054,2052,2004
2050,2044,2014,2048,2065,2047,2053,2001
2063,2054,2017,2051,2066,2051,2061,1989
2057,2055,2024,2051,2058,2050,2058,1982
2053,2059,2026,2053,2058,2058,2057,1982
2056,2052,2032,2050,2051,2052,2072,1976
2055,2040,2024,2034,2024,2030,2036,1960
2038,2032,2014,2033,2020,2032,2048,1955
2042,2040,2021,2039,2033,2046,2058,1972
2056,2054,2032,2050,2031,2051,2055,1970
2050,2053,2027,2044,2026,2044,2049,1977
2040,2030,2011,2029,2020,2045,2045,1980
2044,2032,2016,2016,2011,2042,2047,1978
2043,2039,2030,2013,2006,2038,2050,1990
2052,2052,2053,2026,1997,2030,2052,1998
2056,2064,2073,2039,2011,2029,2037,2003
2053,2058,2074,2041,2018,2028,2045,2009
2053,2053,2070,2040,2028,2031,2037,2011
2049,2059,2068,2038,2028,2035,2043,2011
2043,2054,2065,2055,2041,2031,2030,2016
2047,2050,2056,2057,2046,2038,2041,2021
2043,2045,2048,2060,2050,2043,2036,2027
2046,2049,2043,2056,2039,2039,2026,2025
2038,2032,2033,2051,2038,2030,2030,2018
2028,2028,2034,2054,2031,2032,2025,2028
2041,2046,2058,2065,2052,2051,2049,2038
2048,2057,2051,2065,2048,2052,2040,2037
2047,2050,2056,2067,2048,2052,2042,2033
2045,2049,2064,2065,2045,2053,2029,2028
2046,2046,2067,2070,2053,2051,2048,2022
2047,2044,2070,2068,2058,2050,2053,2021
2041,2041,2069,2064,2061,2048,2050,2016
2040,2035,2062,2062,2055,2045,2052,2004
2045,2040,2059,2056,2056,2043,2045,1999
2043,2044,2067,2044,2040,2035,2044,1988
2037,2047,2063,2032,2014,2032,2032,1977
2036,2044,2061,2028,2001,2026,2032,1969
2039,2040,2060,2025,1996,2022,2038,1964
2037,2035,2052,2022,2000,2024,2011,1963
2041,2048,2053,2030,2026,2029,2001,1957
2040,2035,2051,2041,2050,2032,2024,1959
2041,2043,2062,2059,2077,2045,2053,1968
2060,2068,2078,2079,2103,2070,2068,1975
2060,2074,2081,2074,2096,2068,2058,1980
2056,2073,2076,2073,2077,2058,2056,1979
2061,2065,2070,2067,2057,2054,2053,1992
2061,2067,2065,2068,2059,2046,2038,1995
2062,2060,2065,2064,2058,2045,2040,1998
2059,2064,2063,2068,2058,2049,2034,2013
2055,2068,2062,2068,2061,2045,2031,2010
2057,2062,2069,2068,2051,2051,2036,2004
2053,2064,2071,2064,2050,2048,2024,2015
2055,2058,2068,2065,2057,2054,2027,2023
2052,2059,2064,2062,2050,2065,2037,2024
2053,2053,2050,2054,2056,2069,2030,2034
2058,2043,2033,2041,2042,2066,2031,2029
2044,2031,2022,2030,2042,2056,2036,2018
2029,2016,2017,2030,2039,2046,2028,2021
2030,2026,2024,2044,2064,2067,2049,2031
2060,2054,2036,2060,2062,2072,2062,2034
2064,2063,2029,2067,2061,2064,2054,2036
2069,2059,2028,2077,2050,2059,2058,2035
2065,2060,2030,2077,2038,2047,2061,2029
2061,2050,2026,2075,2037,2040,2048,2025
2061,2047,2026,2080,2045,2035,2062,2022
2061,2058,2034,2080,2049,2035,2062,2009
2058,2061,2036,2074,2035,2029,2051,2002
2055,2060,2041,2074,2020,2028,2049,1994
2052,2061,2049,2073,2016,2035,2049,1995
2060,2068,2052,2071,2017,2060,2069,1993
2065,2071,2060,2069,2013,2066,2080,1989
2062,2067,2060,2066,2018,2073,2089,1989
2060,2073,2067,2054,2021,2080,2066,1972
2042,2038,2032,2024,2020,2067,2056,1957
2031,2026,2028,2013,2060,2072,2045,1958
2045,2050,2052,2032,2082,2080,2063,1970
2051,2063,2071,2036,2083,2077,2072,1977
2059,2071,2080,2038,2078,2062,2064,1985
2065,2084,2101,2037,2080,2043,2029,1995
2068,2093,2111,2048,2092,2034,2039,1998
2070,2093,2103,2053,2088,2031,2039,2010
2070,2084,2082,2053,2073,2040,2051,2011
2059,2074,2062,2053,2046,2049,2045,2008
2056,2066,2056,2044,1986,2052,2035,2007
2051,2050,2044,2033,1953,2050,2023,2013
2053,2055,2046,2041,2006,2046,2042,2021
2050,2059,2049,2053,2039,2041,2041,2018
2050,2050,2047,2058,2055,2046,2035,2024
2056,2057,2046,2061,2060,2048,2041,2036
2053,2052,2043,2054,2052,2040,2023,2033
2035,2043,2037,2046,2040,2037,2032,2035
2041,2047,2040,2053,2056,2056,2058,2055
2062,2066,2044,2055,2058,2058,2059,2045
2055,2060,2040,2045,2048,2055,2064,2042
2053,2055,2030,2040,2038,2044,2065,2041
2048,2046,2029,2042,2035,2042,2060,2035
2052,2049,2033,2039,2034,2038,2067,2035
2054,2049,2036,2044,2031,2035,2069,2026
2054,2051,2038,2049,2027,2025,2048,2017
2049,2048,2041,2047,2034,2025,2048,2003
2044,2035,2044,2046,2048,2033,2040,1995
2044,2045,2036,2049,2059,2040,2047,1988
2035,2033,2026,2045,2060,2038,2036,1975
2041,2034,2027,2047,2065,2039,2053,1971
2032,2035,2029,2048,2059,2040,2062,1968
2042,2041,2034,2047,2054,2036,2057,1961
2032,2033,2030,2042,2046,2038,2064,1961
2033,2025,2037,2037,2045,2043,2054,1966
2045,2053,2064,2048,2046,2048,2058,1969
2046,2050,2075,2057,2046,2050,2064,1968
2048,2048,2072,2047,2043,2048,2066,1975
2043,2048,2061,2051,2033,2045,2053,1983
2038,2044,2054,2047,2024,2044,2057,1997
2040,2050,2051,2049,2022,2050,2054,1999
2048,2049,2051,2061,2016,2043,2052,2008
2049,2049,2060,2066,2012,2040,2060,2016
2058,2059,2062,2068,2014,2037,2058,2017
2055,2055,2061,2068,2020,2031,2058,2021
2054,2054,2053,2073,2020,2034,2061,2022
2053,2051,2052,2076,2024,2034,2047,2029
2038,2051,2047,2078,2030,2037,2047,2035
2045,2052,2049,2084,2045,2034,2051,2036
2046,2044,2038,2075,2058,2024,2042,2033
2038,2028,2029,2071,2069,2030,2036,2030
2024,2024,2024,2074,2091,2051,2055,2041
2042,2039,2035,2077,2088,2057,2061,2043
2047,2043,2036,2065,2068,2056,2061,2047
2056,2042,2031,2057,2060,2067,2067,2046
2049,2039,2030,2049,2053,2085,2072,2044
2050,2048,2028,2040,2052,2094,2051,2038
2055,2052,2023,2044,2062,2112,2089,2042
2064,2051,2020,2041,2068,2113,2079,2023
2059,2052,2007,2029,2069,2113,2086,2016
2053,2052,2003,2026,2058,2080,2070,2013
2048,2044,2009,2019,2049,2006,2049,1988
2048,2043,2034,2022,2053,1976,2045,1982
2047,2044,2047,2033,2061,1990,2043,1970
2051,2049,2048,2039,2060,2008,2042,1977
2054,2052,2035,2035,2065,2020,2041,1963
2034,2024,1999,2023,2045,2015,2034,1960
2037,2020,1994,2025,2044,2027,2039,1976
2056,2046,2002,2048,2048,2042,2056,1976
2050,2044,2008,2048,2052,2049,2070,1974
2043,2032,2004,2041,2047,2061,2072,1987
2041,2032,2005,2048,2055,2063,2062,1991
2047,2046,2019,2052,2061,2063,2063,1998
2047,2051,2031,2059,2069,2068,2073,2018
2059,2060,2038,2056,2073,2069,2063,2019
2052,2044,2027,2042,2052,2053,2051,2009
2042,2038,2028,2036,2027,2061,2061,2017
2045,2039,2027,2035,2026,2061,2066,2033
2058,2046,2038,2039,2034,2064,2071,2032
2051,2052,2056,2038,2054,2061,2056,2040
2052,2051,2059,2043,2066,2056,2058,2049
2048,2052,2054,2047,2059,2051,2058,2051
2042,2036,2048,2039,2034,2032,2025,2038
