CH1,CH2,CH3,CH4,CH5,CH6,CH7,CH8
2057,2052,2060,2047,2022,2047,2061,2015
2058,2050,2055,2051,2014,2047,2065,2021
2061,2051,2069,2066,2019,2049,2040,2028
2058,2047,2077,2081,2032,2047,2049,2042
2062,2055,2079,2088,2043,2043,2049,2039
2060,2060,2093,2093,2081,2053,2049,2044
2064,2064,2089,2111,2106,2062,2079,2052
2069,2070,2076,2115,2100,2065,2066,2059
2070,2058,2058,2110,2092,2066,2070,2058
2073,2051,2037,2097,2081,2064,2054,2063
2062,2046,2025,2091,2068,2064,2075,2063
2071,2046,2012,2068,2039,2049,2049,2048
2049,2024,1984,2040,2018,2044,2057,2054
2054,2024,1986,2035,2005,2047,2047,2059
2053,2036,1992,2037,1992,2047,2061,2055
2052,2038,2004,2041,2021,2039,2051,2053
2050,2041,2005,2036,2046,2040,2040,2048
2054,2043,2004,2033,2058,2048,2044,2053
2055,2043,1999,2026,2066,2047,2054,2047
2053,2041,1987,2013,2068,2034,2043,2033
2048,2032,1976,2004,2067,2047,2055,2033
2051,2041,1981,2015,2074,2050,2047,2027
2055,2044,1998,2024,2062,2049,2035,2029
2053,2055,2013,2019,2053,2048,2044,2015
2056,2056,2021,2013,2040,2043,2045,2010
2056,2053,2036,2003,2030,2045,2044,2006
2056,2061,2042,2003,2026,2046,2047,2004
2055,2061,2041,2002,2020,2046,2048,1994
2049,2052,2034,1986,1997,2032,2032,1990
2043,2051,2041,1992,1962,2027,2044,1989
2051,2063,2054,2002,1989,2036,2044,2001
2054,2059,2054,2009,2021,2047,2030,2004
2053,2058,2052,2021,2033,2050,2041,2017
2058,2057,2050,2027,2025,2053,2049,2022
2056,2056,2045,2035,2045,2055,2056,2029
2057,2062,2050,2043,2096,2056,2065,2031
2062,2061,2048,2051,2116,2055,2062,2043
2062,2061,2045,2058,2111,2058,2051,2047
2054,2056,2052,2058,2108,2056,2049,2051
2057,2051,2048,2054,2094,2058,2058,2048
2055,2050,2051,2049,2089,2053,2040,2046
2059,2046,2046,2042,2072,2048,2043,2048
2056,2052,2047,2036,2052,2046,2052,2059
2057,2060,2057,2021,1936,2038,2044,2056
2056,2060,2058,2023,1943,2036,2041,2063
2062,2061,2058,2040,1994,2036,2027,2066
2066,2072,2068,2064,2062,2056,2039,2064
2066,2067,2069,2074,2111,2070,2049,2060
2057,2056,2058,2075,2123,2080,2038,2058
2061,2052,2061,2080,2120,2075,2038,2059
2059,2056,2058,2070,2109,2072,2059,2047
2061,2051,2050,2058,2086,2065,2057,2034
2057,2053,2049,2055,2053,2071,2042,2036
2050,2052,2053,2066,2083,2076,2041,2030
2056,2057,2062,2067,2083,2064,2047,2019
2053,2060,2057,2059,2093,2057,2053,2013
2050,2056,2051,2061,2060,2044,2053,2007
2051,2050,2044,2038,1954,2031,2047,2001
2050,2050,2044,2032,1926,2034,2051,2002
2061,2061,2055,2043,1934,2041,2062,2002
2060,2056,2053,2031,1925,2027,2051,1992
2055,2053,2047,2022,1920,2024,2041,2001
2060,2062,2056,2036,1934,2033,2058,2001
2067,2068,2059,2034,1934,2032,2052,2004
2064,2064,2056,2044,1964,2029,2045,2014
2076,2074,2076,2049,2010,2032,2035,2022
2071,2076,2069,2054,2018,2031,2045,2028
2067,2076,2081,2065,2074,2045,2052,2035
2075,2068,2070,2074,2103,2059,2054,2047
2071,2061,2062,2068,2100,2055,2062,2046
2064,2058,2054,2060,2081,2050,2050,2050
2061,2060,2044,2035,2031,2030,2043,2045
2061,2056,2037,2018,2000,2030,2045,2054
2063,2054,2034,2024,2010,2033,2053,2054
2061,2048,2024,2025,2020,2028,2029,2056
2060,2052,2033,2033,2068,2037,2023,2065
2063,2047,2026,2033,2084,2033,2050,2057
2056,2038,2033,2028,2067,2027,2042,2058
2066,2057,2049,2043,2084,2045,2050,2063
2072,2064,2060,2054,2112,2056,2049,2056
2060,2046,2061,2054,2121,2067,2056,2056
2059,2042,2056,2048,2091,2070,2057,2050
2063,2044,2053,2042,2078,2073,2067,2048
2061,2048,2049,2044,2072,2077,2058,2047
2065,2050,2049,2050,2060,2080,2070,2046
2052,2047,2043,2046,2046,2062,2066,2037
2059,2045,2038,2048,2016,2042,2069,2028
2055,2044,2033,2046,1997,2036,2067,2027
2062,2051,2034,2049,2020,2057,2076,2017
2057,2048,2029,2051,2034,2068,2059,2009
2058,2046,2032,2051,2042,2076,2072,2006
2055,2046,2036,2055,2040,2084,2072,1997
2053,2041,2035,2046,2028,2073,2059,1993
2040,2031,2024,2038,2025,2082,2049,1994
2044,2039,2030,2040,2027,2082,2067,2004
2059,2046,2038,2047,2020,2045,2057,2007
2060,2054,2042,2036,2046,2019,2048,2010
2062,2058,2049,2041,2098,2033,2066,2021
2068,2057,2055,2046,2126,2045,2068,2026
2072,2060,2052,2045,2136,2052,2059,2039
2062,2063,2052,2051,2148,2048,2050,2038
2058,2056,2050,2053,2140,2044,2048,2043
2061,2051,2045,2048,2138,2040,2050,2035
2053,2046,2040,2052,2111,2039,2041,2042
2055,2048,2030,2052,1997,2025,2032,2054
2060,2044,2036,2027,1855,2006,2025,2055
2066,2052,2040,2036,1876,2011,2042,2064
2070,2058,2049,2044,1941,2021,2060,2065
2070,2055,2038,2041,1984,2032,2049,2060
2058,2045,2035,2037,2005,2035,2041,2059
2061,2036,2028,2035,2015,2050,2030,2066
2060,2044,2034,2039,2016,2049,2036,2063
2059,2050,2039,2044,2005,2056,2044,2058
2055,2048,2037,2038,2028,2058,2057,2051
2054,2047,2029,2032,2038,2063,2055,2053
2059,2050,2031,2029,2044,2059,2066,2055
2062,2056,2041,2037,2036,2060,2059,2049
2062,2055,2050,2034,2025,2054,2061,2047
2064,2052,2042,2032,2020,2057,2050,2042
2063,2052,2037,2036,2014,2066,2065,2035
2063,2053,2040,2043,2028,2078,2056,2026
2056,2040,2029,2048,2060,2080,2073,2011
2043,2026,2019,2046,2087,2081,2064,1998
2040,2021,2020,2050,2059,2075,2056,1997
2033,2026,2031,2059,2046,2076,2060,1998
2047,2040,2044,2060,2036,2053,2046,1993
2040,2030,2040,2049,2012,2030,2032,1995
2039,2037,2049,2045,2034,2025,2037,2001
2045,2051,2053,2055,2040,2026,2043,2005
2050,2046,2049,2055,2027,2016,2020,2016
2046,2046,2054,2058,2017,2013,2021,2017
2050,2047,2057,2057,2018,2020,2034,2031
2053,2043,2050,2052,2030,2021,2028,2030
2045,2045,2045,2047,2044,2026,2030,2040
2051,2041,2041,2049,2073,2042,2053,2049
2055,2050,2044,2060,2108,2057,2059,2055
2052,2053,2044,2072,2117,2070,2061,2069
2062,2052,2035,2061,2100,2078,2057,2076
2061,2049,2023,2061,2082,2082,2065,2077
2058,2048,2026,2050,2072,2072,2056,2084
2061,2054,2025,2054,2082,2070,2043,2084
2060,2052,2025,2055,2080,2066,2042,2072
2052,2038,2017,2045,2083,2067,2010,2077
2044,2026,2011,2023,2042,2062,2032,2069
2042,2031,2012,2008,2020,2046,2042,2064
2048,2030,2006,1999,2066,2026,2034,2069
2047,2039,2012,2006,2057,2021,2034,2072
2045,2049,2022,2023,2020,2015,2036,2072
2056,2052,2026,2029,1992,2029,2039,2068
2056,2052,2033,2040,2019,2057,2053,2057
2058,2050,2028,2041,2085,2061,2050,2047
2055,2054,2033,2049,2108,2067,2046,2047
2046,2057,2038,2063,2110,2072,2040,2039
2055,2054,2037,2068,2101,2075,2039,2032
2050,2051,2042,2068,2086,2067,2048,2022
2052,2042,2037,2044,2048,2060,2042,2009
2050,2041,2030,2038,2016,2057,2036,2006
2053,2038,2040,2042,2037,2064,2045,2005
2053,2034,2052,2040,2053,2060,2034,2004
2045,2039,2066,2054,2053,2063,2034,2011
2055,2052,2087,2070,2054,2063,2041,2019
2056,2058,2083,2073,2052,2064,2037,2023
2058,2060,2080,2076,2039,2057,2046,2032
2057,2051,2072,2071,2024,2052,2060,2028
2055,2047,2060,2070,2025,2056,2046,2034
2055,2047,2061,2082,2028,2062,2050,2040
2053,2042,2060,2079,2033,2060,2046,2046
2058,2040,2052,2088,2024,2054,2058,2063
2053,2041,2053,2087,2024,2046,2057,2058
2057,2053,2058,2094,2043,2050,2044,2067
2062,2049,2054,2093,2058,2057,2041,2062
2059,2045,2039,2082,2048,2042,2029,2052
2043,2036,2028,2070,2047,2041,2027,2057
2041,2038,2030,2066,2053,2047,2040,2061
2045,2030,2014,2059,2066,2046,2048,2061
2040,2024,2003,2044,2058,2049,2043,2061
2042,2031,2011,2042,2054,2057,2053,2066
2058,2042,2031,2044,2049,2062,2043,2068
2062,2052,2040,2049,2056,2069,2061,2065
2062,2055,2048,2051,2061,2073,2051,2067
2066,2060,2046,2046,2044,2067,2053,2054
2057,2042,2036,2028,2034,2062,2054,2044
2052,2037,2018,2006,2033,2056,2065,2047
2053,2039,2028,1989,2017,2059,2064,2043
2058,2051,2050,1986,2010,2059,2060,2042
2063,2066,2060,1995,2020,2062,2059,2033
2067,2067,2065,1999,2016,2054,2051,2032
2064,2063,2060,2003,2020,2047,2050,2015
2069,2064,2055,2007,2010,2048,2051,2008
2067,2063,2048,2009,2011,2048,2038,2004
2069,2059,2046,2008,2020,2051,2028,2002
2060,2038,2034,1997,2005,2040,2014,1988
2050,2037,2031,2012,1978,2048,2038,1996
2056,2046,2039,2031,2053,2056,2050,1999
2059,2044,2036,2046,2104,2072,2049,2008
2050,2046,2043,2065,2129,2079,2027,2015
2057,2053,2045,2072,2139,2092,2055,2024
2062,2053,2046,2074,2148,2095,2051,2029
2061,2056,2049,2072,2149,2100,2034,2042
2065,2061,2050,2064,2118,2082,2042,2044
2062,2053,2044,2034,2065,2052,2036,2044
2062,2051,2052,2031,2096,2044,2038,2042
2057,2052,2050,2020,2005,2025,2032,2049
2049,2043,2041,1989,1860,2009,2021,2046
2051,2038,2036,1982,1840,1984,2004,2043
2042,2028,2033,1989,1916,1987,2018,2046
2043,2027,2034,2026,2031,2023,2016,2053
2044,2036,2037,2052,2063,2033,2020,2048
2037,2024,2039,2041,2048,2030,2006,2046
2043,2028,2035,2036,2039,2030,2011,2056
2045,2040,2046,2039,2056,2039,2029,2054
2056,2044,2052,2046,2052,2044,2039,2044
2052,2043,2048,2044,2041,2045,2031,2048
2053,2038,2049,2043,2030,2044,2035,2041
2053,2038,2050,2039,2020,2049,2035,2040
2053,2038,2040,2037,2019,2052,2041,2038
2052,2040,2040,2040,2016,2047,2044,2031
2053,2033,2035,2035,2016,2057,2036,2014
2048,2028,2024,2036,2015,2057,2044,2018
2045,2024,2013,2036,2015,2056,2029,2011
2042,2021,2009,2036,2022,2060,2046,1996
2048,2028,2013,2035,2034,2062,2044,1994
2045,2033,2013,2035,2066,2063,2046,1995
2050,2032,2013,2061,2115,2069,2040,1993
2052,2036,2018,2070,2104,2070,2035,1990
2043,2031,2022,2068,2088,2057,2042,1988
2043,2043,2024,2074,2089,2060,2035,1995
2058,2049,2034,2072,2094,2063,2034,1999
2056,2048,2033,2068,2090,2057,2044,1999
2060,2046,2032,2068,2077,2056,2042,2008
2051,2036,2030,2067,2071,2051,2028,2018
2044,2034,2027,2064,2059,2054,2035,2021
2039,2038,2037,2059,2050,2066,2025,2022
2048,2044,2038,2038,2014,2064,2031,2032
2052,2051,2063,2040,2037,2069,2041,2046
2059,2055,2082,2050,2065,2063,2042,2053
2061,2064,2096,2051,2059,2050,2033,2048
2065,2065,2094,2055,2075,2020,2041,2060
2068,2064,2088,2056,2093,2005,2033,2067
2063,2061,2062,2044,2084,2024,2044,2060
2061,2054,2049,2042,2088,2049,2037,2057
2058,2055,2050,2051,2079,2068,2037,2059
2060,2053,2052,2050,2003,2067,2053,2055
2058,2053,2050,2040,1935,2076,2060,2062
2062,2050,2041,2045,1974,2084,2045,2052
2050,2042,2040,2037,2017,2071,2035,2049
2055,2034,2033,2034,2013,2059,2036,2039
2053,2036,2030,2025,2017,2054,2018,2043
2054,2042,2042,2039,2030,2053,2053,2046
2059,2049,2051,2054,2058,2056,2046,2051
2057,2057,2063,2060,2070,2058,2047,2046
2063,2059,2058,2059,2065,2059,2040,2036
2063,2055,2052,2055,2060,2056,2038,2028
2067,2056,2047,2053,2051,2059,2044,2019
2062,2050,2040,2050,2050,2049,2052,2016
2057,2048,2040,2047,2039,2040,2047,2010
2050,2040,2041,2039,2042,2043,2056,2010
2059,2055,2053,2044,2037,2041,2043,1998
2048,2047,2049,2031,2029,2042,2029,1995
2039,2039,2037,2025,2033,2045,2036,1995
2047,2040,2030,2031,2037,2044,2021,2007
2054,2050,2041,2038,2036,2050,2023,2016
2056,2052,2040,2037,2037,2060,2037,2023
2067,2060,2031,2030,2027,2059,2035,2029
2070,2053,2027,2033,2024,2056,2050,2038
2061,2048,2013,2032,2023,2050,2057,2039
2053,2042,2011,2034,2022,2043,2032,2047
2057,2046,2018,2029,2028,2042,2042,2056
2053,2047,2020,2038,2032,2048,2037,2049
2058,2044,2016,2033,2039,2056,2029,2044
2053,2041,2018,2037,2040,2061,2041,2052
2050,2044,2012,2037,2055,2069,2055,2058
2057,2042,2022,2042,2060,2071,2056,2056
2061,2041,2019,2044,2072,2071,2050,2061
2058,2055,2044,2052,2070,2070,2042,2053
2048,2048,2048,2047,2024,2073,2036,2053
2047,2040,2049,2042,2004,2070,2040,2050
2057,2046,2045,2041,1969,2056,2025,2052
2053,2052,2043,2032,1958,2048,2029,2055
2059,2054,2038,2033,1931,2028,2040,2050
2056,2058,2045,2037,1963,2014,2047,2055
2062,2061,2046,2060,2025,2023,2060,2053
2060,2059,2041,2067,2082,2043,2063,2052
2057,2054,2044,2064,2088,2051,2063,2042
2063,2060,2049,2072,2103,2074,2056,2035
2060,2058,2075,2099,2128,2074,2046,2029
2059,2062,2094,2114,2115,2068,2058,2018
2056,2056,2108,2120,2110,2063,2053,2013
2062,2058,2103,2109,2097,2061,2058,2007
2059,2049,2082,2098,2071,2056,2050,2000
2054,2054,2068,2088,2059,2055,2045,2005
2059,2050,2061,2076,2040,2042,2039,1994
2040,2036,2049,2070,2035,2034,2040,1991
2049,2046,2048,2073,2026,2039,2038,1994
2047,2051,2046,2074,2007,2038,2030,1996
2038,2048,2040,2082,2011,2037,2030,2004
2034,2045,2045,2096,2016,2038,2036,2004
2031,2040,2052,2093,2033,2040,2027,2016
2037,2044,2062,2091,2041,2038,2042,2035
2042,2051,2055,2089,2054,2046,2024,2043
2045,2053,2047,2075,2064,2054,2045,2049
2050,2042,2025,2058,2063,2058,2051,2049
2049,2032,2003,2050,2068,2065,2043,2050
2047,2022,1987,2035,2067,2068,2056,2055
2052,2031,1997,2042,2100,2073,2036,2061
2055,2034,2018,2077,2123,2088,2044,2060
2044,2041,2046,2102,2125,2085,2032,2066
2042,2041,2043,2100,2110,2081,2039,2066
2035,2019,2030,2072,2091,2074,2028,2052
2024,2014,2024,2045,2092,2079,2020,2058
2031,2029,2046,2048,2110,2086,2028,2061
2046,2043,2069,2033,2066,2062,2026,2060
2053,2051,2064,1986,1954,2019,2044,2067
2052,2055,2050,1944,1883,1999,2036,2067
2056,2052,2033,1940,1925,2002,2038,2060
2064,2054,2032,1956,1985,2013,2050,2062
2060,2055,2038,1980,2016,2034,2051,2049
2062,2054,2043,1998,2031,2044,2043,2048
2068,2057,2051,2016,2033,2058,2050,2042
2066,2057,2057,2022,2050,2055,2053,2035
2059,2060,2055,2029,2054,2056,2045,2025
2066,2062,2059,2033,2052,2044,2055,2030
2062,2060,2057,2030,2045,2046,2047,2020
2062,2056,2059,2031,2033,2041,2068,2026
2063,2056,2056,2030,2036,2040,2034,2019
2053,2046,2047,2029,2029,2040,2029,2013
2058,2046,2046,2032,2051,2047,2050,2018
2057,2054,2055,2028,2056,2047,2032,2013
2045,2038,2044,2034,2052,2047,2044,2018
2049,2040,2043,2041,2052,2054,2048,2026
2044,2039,2046,2043,2045,2054,2065,2037
2056,2050,2058,2042,2052,2057,2054,2039
2052,2051,2064,2045,2047,2056,2052,2047
2058,2051,2063,2049,2045,2057,2038,2058
2067,2056,2063,2046,2039,2069,2047,2066
2066,2055,2063,2053,2034,2074,2044,2065
2059,2048,2061,2049,2038,2084,2035,2072
2062,2058,2072,2049,2045,2093,2052,2075
2062,2056,2063,2044,2052,2095,2057,2070
2055,2044,2057,2043,2044,2084,2058,2072
2053,2043,2053,2051,2048,2044,2060,2071
2056,2043,2045,2037,2047,2031,2051,2063
2045,2036,2037,2035,2040,2050,2043,2062
2047,2041,2044,2047,2047,2062,2064,2075
2059,2057,2054,2047,2034,2055,2068,2075
2061,2060,2058,2046,2007,2044,2065,2072
2062,2055,2058,2037,1983,2032,2059,2075
2066,2055,2056,2038,1966,2003,2066,2074
2061,2052,2048,2031,1966,2010,2062,2065
2052,2044,2045,2032,1926,2039,2065,2056
2050,2049,2047,2043,1965,2064,2071,2054
2068,2067,2064,2066,2034,2077,2073,2056
2068,2067,2065,2077,2045,2085,2081,2052
2064,2060,2071,2082,2080,2098,2077,2039
2062,2065,2068,2083,2125,2096,2071,2024
2059,2058,2062,2084,2126,2087,2066,2021
2050,2051,2065,2082,2160,2082,2075,2019
2058,2058,2073,2079,2149,2071,2071,2015
2057,2054,2072,2061,2096,2040,2056,2009
2046,2040,2054,2032,2036,2006,2039,2000
2032,2025,2036,2000,1956,1980,2032,2004
2036,2029,2035,2010,1946,1980,2044,2003
2044,2043,2037,2031,1976,2008,2052,2017
2056,2050,2040,2047,2040,2038,2054,2028
2059,2056,2043,2048,2081,2057,2058,2042
2062,2061,2043,2055,2090,2073,2056,2053
2064,2063,2042,2056,2136,2078,2076,2052
2065,2053,2043,2061,2164,2065,2057,2054
2059,2055,2048,2062,2152,2059,2055,2064
2064,2063,2054,2062,2158,2061,2068,2058
2061,2056,2055,2074,2169,2071,2073,2067
2059,2054,2050,2062,2169,2072,2063,2064
2060,2052,2048,2051,2126,2060,2057,2074
2060,2043,2052,2034,2084,2064,2061,2066
2056,2050,2055,2030,2079,2065,2045,2071
2051,2043,2045,2012,1977,2055,2045,2069
2054,2041,2048,2000,1910,2054,2042,2069
2054,2045,2050,2016,1939,2052,2053,2072
2053,2046,2054,2020,1970,2037,2051,2075
2055,2050,2056,2028,2002,2041,2058,2075
2053,2055,2056,2030,2021,2053,2046,2066
2056,2055,2054,2037,2035,2061,2044,2064
2049,2052,2047,2045,2079,2071,2062,2060
2051,2047,2047,2052,2080,2070,2070,2050
2050,2039,2047,2052,2073,2073,2065,2044
2044,2037,2043,2038,2064,2066,2066,2039
2050,2037,2050,2041,2057,2061,2038,2029
2045,2039,2046,2035,2053,2057,2034,2019
2038,2039,2045,2039,2054,2056,2031,2016
2040,2040,2046,2038,2046,2048,2022,2006
2047,2042,2045,2032,2028,2031,2039,2013
2043,2042,2049,2037,2021,2030,2028,2005
2041,2033,2042,2033,2024,2027,2031,2010
2043,2032,2039,2039,2029,2041,2037,2016
2052,2041,2042,2046,2036,2046,2038,2014
2044,2045,2043,2045,2050,2043,2049,2023
2054,2045,2042,2042,2055,2040,2047,2030
2048,2046,2041,2043,2043,2042,2045,2033
2049,2047,2046,2050,2039,2044,2056,2046
2051,2051,2046,2048,2042,2047,2044,2055
2050,2054,2042,2049,2041,2045,2044,2058
2054,2050,2039,2043,2042,2045,2036,2059
2050,2048,2037,2050,2052,2049,2050,2062
2049,2049,2038,2051,2045,2055,2048,2063
2044,2045,2035,2060,2029,2053,2045,2072
2045,2050,2033,2058,2032,2060,2050,2068
2044,2043,2039,2062,2032,2062,2055,2078
2053,2051,2040,2069,2037,2067,2047,2077
2050,2042,2039,2065,2014,2059,2048,2069
2043,2028,2027,2064,2000,2045,2032,2072
2041,2035,2021,2067,2019,2054,2060,2077
2046,2040,2025,2083,2092,2068,2057,2074
2050,2039,2018,2093,2156,2078,2060,2064
2052,2037,2015,2092,2185,2087,2067,2071
2053,2041,2011,2091,2187,2093,2068,2066
2054,2043,2009,2106,2204,2107,2065,2062
2047,2035,2012,2106,2183,2092,2065,2059
2045,2028,2009,2080,2113,2051,2056,2044
2042,2025,2006,2051,2044,2043,2047,2031
2037,2026,2007,2056,1940,2050,2053,2033
2043,2038,2021,2051,1904,2056,2060,2025
2051,2046,2032,2044,1902,2044,2051,2012
2045,2033,2013,2037,1926,2028,2044,2003
2040,2024,2005,2047,1996,2026,2031,2002
2033,2026,2002,2046,2020,2016,2028,2001
2031,2024,2019,2045,2022,2024,2020,2006
2037,2033,2050,2065,2069,2054,2025,2013
2051,2072,2088,2085,2097,2058,2062,2018
2057,2071,2080,2067,2071,2057,2063,2026
2054,2056,2076,2045,2046,2047,2029,2030
2046,2051,2069,2032,2035,2046,2058,2038
2057,2064,2081,2031,2041,2044,2059,2043
2060,2064,2079,2033,2038,2048,2053,2052
2057,2068,2088,2032,2038,2049,2052,2057
2060,2071,2090,2041,2039,2051,2061,2065
2065,2077,2096,2050,2042,2054,2063,2065
2065,2068,2088,2057,2049,2059,2060,2073
2060,2058,2070,2050,2039,2055,2054,2068
2053,2056,2055,2042,2046,2055,2057,2071
2056,2056,2041,2030,2042,2052,2060,2074
2044,2041,2025,2027,2034,2048,2057,2074
2039,2031,2004,2012,2031,2044,2046,2069
2037,2029,1996,2008,2037,2047,2049,2073
2040,2032,1995,2030,2048,2054,2062,2077
2045,2042,2002,2053,2054,2060,2059,2072
2046,2040,2016,2075,2061,2058,2037,2074
2050,2046,2019,2076,2067,2061,2067,2075
2055,2047,2023,2076,2063,2062,2059,2069
2054,2044,2016,2078,2071,2066,2061,2062
2052,2044,2014,2075,2068,2067,2057,2056
2053,2046,2012,2075,2066,2071,2058,2049
2055,2052,2023,2077,2073,2065,2046,2043
2050,2047,2022,2075,2066,2056,2039,2026
2042,2041,2020,2072,2052,2053,2033,2020
2035,2037,2023,2076,2028,2059,2040,2010
2042,2042,2031,2080,2023,2064,2042,2006
2041,2049,2033,2065,2007,2062,2047,2008
2036,2032,2031,2037,1984,2033,2017,2002
2037,2027,2031,2024,1982,1999,2029,2001
2040,2033,2044,2026,2014,2001,2044,2018
2040,2041,2044,2027,2055,2020,2041,2033
2044,2047,2055,2033,2065,2037,2028,2034
2052,2054,2071,2051,2073,2054,2042,2043
2060,2057,2074,2063,2072,2062,2031,2048
2056,2062,2077,2059,2057,2057,2036,2057
2050,2050,2067,2054,2050,2050,2044,2056
2047,2047,2059,2037,2042,2049,2029,2064
2038,2034,2042,2020,2046,2045,2036,2061
2032,2039,2041,2008,2046,2050,2034,2066
2037,2048,2058,2011,2051,2054,2027,2074
2039,2058,2065,2028,2053,2058,2046,2080
2052,2058,2065,2036,2060,2058,2043,2076
2049,2050,2058,2043,2065,2062,2058,2083
2046,2048,2046,2049,2061,2070,2051,2085
2042,2045,2054,2050,2060,2076,2051,2077
2044,2052,2062,2048,2065,2085,2057,2073
2047,2045,2060,2048,2047,2081,2055,2069
2047,2046,2055,2043,2030,2069,2055,2069
2045,2040,2050,2048,2033,2042,2052,2073
2048,2043,2051,2056,2052,2033,2060,2072
2050,2048,2049,2062,2062,2046,2064,2070
2044,2049,2049,2065,2060,2053,2060,2061
2046,2048,2046,2068,2060,2054,2053,2050
2052,2048,2049,2069,2052,2054,2060,2045
2054,2047,2044,2070,2042,2045,2063,2040
2050,2040,2036,2069,2044,2049,2059,2033
2042,2039,2027,2066,2047,2048,2056,2023
2044,2026,2005,2066,2050,2055,2056,2012
2041,2026,1995,2066,2051,2051,2060,2014
2042,2014,1984,2067,2043,2045,2049,2000
2032,2019,1998,2078,2047,2040,2034,2006
2040,2030,2018,2097,2055,2048,2052,2013
2048,2032,2016,2095,2058,2048,2043,2023
2047,2029,2007,2101,2053,2044,2027,2026
2054,2026,1996,2091,2046,2047,2025,2031
2050,2032,1983,2079,2043,2043,2040,2039
2045,2029,1971,2058,2035,2035,2047,2041
2048,2025,1949,2039,2037,2037,2042,2049
2048,2024,1939,2041,2043,2048,2050,2057
2054,2036,1941,2043,2047,2053,2066,2064
2060,2041,1966,2049,2043,2044,2049,2073
2053,2039,1982,2036,2031,2037,2014,2066
2038,2022,1995,2017,2012,2024,2011,2063
2023,2014,2009,1990,1994,2021,2005,2073
2031,2049,2077,2017,2016,2037,2023,2080
2050,2075,2100,2040,2040,2039,2035,2089
2048,2072,2107,2056,2047,2046,2037,2088
2053,2070,2130,2063,2055,2057,2052,2087
2056,2079,2152,2073,2057,2053,2050,2083
2057,2083,2165,2080,2057,2054,2022,2084
2062,2080,2162,2085,2049,2058,2032,2080
2057,2070,2128,2072,2034,2044,2037,2077
2055,2062,2100,2057,2012,2029,2047,2058
2039,2044,2074,2048,2004,2021,2041,2069
2040,2042,2053,2043,2008,2019,2034,2058
2048,2042,2042,2038,2016,2025,2027,2047
2046,2041,2042,2048,2042,2035,2010,2050
2052,2044,2055,2067,2085,2055,2033,2047
2057,2048,2050,2070,2092,2056,2044,2024
2049,2047,2049,2067,2089,2063,2054,2021
2044,2039,2030,2063,2064,2082,2050,2015
2051,2044,2025,2062,2055,2086,2039,2005
2044,2029,2010,2057,2039,2076,2034,2010
2046,2041,2008,2068,2037,2076,2038,2019
2060,2060,2012,2080,2037,2058,2038,2030
2058,2052,2007,2097,2054,2022,2052,2033
2061,2050,1998,2090,2058,2021,2040,2040
2061,2045,1995,2074,2044,2028,2041,2046
2054,2050,2012,2070,2035,2029,2035,2056
2062,2069,2040,2081,2062,2045,2024,2067
2060,2070,2047,2065,2077,2045,2024,2064
2058,2061,2043,2043,2080,2037,2015,2072
2058,2054,2041,2038,2073,2043,2024,2072
2050,2043,2039,2029,2070,2045,2037,2082
2046,2043,2040,2002,2057,2043,2043,2089
2055,2046,2054,2005,2053,2048,2048,2094
2058,2060,2071,2030,2063,2058,2047,2099
2069,2074,2098,2035,2049,2055,2045,2095
2058,2056,2104,2022,1980,2046,2037,2090
2048,2054,2116,2027,1933,2047,2053,2098
2055,2067,2109,2029,1966,2053,2050,2093
2055,2058,2092,2027,1965,2057,2049,2090
2056,2054,2072,2023,1980,2060,2051,2090
2052,2056,2066,2034,2014,2055,2038,2085
2045,2052,2060,2043,2034,2058,2048,2080
2052,2055,2073,2057,2049,2057,2051,2073
2053,2059,2062,2053,2051,2047,2054,2068
2043,2050,2056,2050,2104,2041,2042,2054
2050,2053,2054,2046,2128,2044,2040,2052
2050,2046,2051,2034,2070,2035,2038,2053
2053,2048,2053,2036,2034,2042,2039,2049
2047,2041,2050,2040,2038,2033,2038,2044
2046,2043,2045,2028,2009,2011,2031,2035
2042,2038,2040,2009,1923,1981,2018,2021
2036,2030,2033,1997,1914,1972,2007,2025
2030,2033,2033,2000,1947,1985,1999,2022
2033,2029,2032,2016,1972,2008,2014,2022
2039,2037,2043,2035,2036,2039,2032,2036
2042,2045,2050,2060,2151,2073,2054,2049
2055,2053,2054,2094,2226,2106,2059,2068
2053,2046,2045,2104,2230,2128,2066,2069
2050,2040,2044,2095,2199,2131,2075,2075
2047,2039,2044,2086,2163,2135,2069,2077
2054,2036,2041,2078,2137,2121,2061,2077
2045,2031,2038,2052,2091,2106,2042,2081
2042,2031,2029,2046,2088,2077,2042,2079
2041,2030,2017,2040,2101,2053,2037,2077
2044,2028,2020,2008,2005,2016,2033,2083
2041,2024,2016,2003,1947,2016,2030,2089
2042,2031,2029,2028,1997,2040,2033,2094
2044,2030,2035,2044,2036,2049,2043,2094
2046,2031,2033,2039,2034,2038,2036,2095
2047,2042,2040,2042,2047,2033,2033,2094
2035,2037,2036,2040,2039,2024,2032,2085
2038,2041,2040,2037,2044,2025,2020,2084
2049,2051,2052,2046,2056,2035,2034,2089
2055,2051,2051,2045,2060,2046,2031,2086
2054,2056,2046,2044,2067,2050,2047,2078
2058,2050,2053,2040,2064,2049,2044,2076
2052,2048,2053,2042,2057,2043,2038,2076
2050,2055,2056,2042,2053,2039,2020,2063
2046,2054,2053,2043,2045,2036,2029,2056
2052,2059,2053,2046,2047,2034,2035,2049
2052,2062,2053,2052,2054,2030,2029,2045
2052,2058,2059,2055,2057,2027,2034,2040
2060,2070,2058,2056,2055,2034,2046,2037
2049,2054,2037,2037,2053,2028,2031,2036
2040,2044,2038,2041,2044,2024,2019,2033
2049,2054,2043,2042,2052,2027,2024,2041
2053,2050,2042,2045,2053,2020,2015,2042
2048,2039,2044,2045,2045,2021,2008,2050
2043,2043,2042,2045,2034,2023,2035,2058
2047,2048,2048,2052,2041,2026,2035,2065
2049,2051,2053,2052,2041,2026,2031,2076
2051,2056,2060,2053,2051,2029,2040,2082
2054,2058,2050,2062,2059,2032,2043,2091
2053,2049,2051,2051,2052,2030,2039,2087
2055,2047,2051,2049,2046,2022,2047,2093
2054,2047,2056,2053,2058,2028,2046,2088
2055,2052,2058,2053,2103,2037,2036,2101
2058,2054,2065,2057,2131,2052,2040,2104
2055,2050,2058,2056,2130,2047,2032,2106
2049,2045,2050,2052,2145,2047,2032,2109
2060,2057,2057,2052,2137,2051,2046,2112
2062,2059,2057,2059,2129,2058,2034,2112
2067,2060,2052,2058,2097,2054,2049,2113
2064,2068,2054,2055,2010,2045,2025,2103
2058,2057,2050,2031,1898,2044,2025,2094
2052,2058,2051,2037,1934,2058,2051,2091
2050,2049,2053,2045,1985,2066,2055,2088
2055,2052,2051,2044,2014,2065,2058,2087
2052,2049,2050,2049,2034,2068,2065,2077
2061,2054,2059,2057,2040,2069,2070,2070
2056,2059,2056,2058,2038,2066,2060,2063
2058,2060,2058,2059,2040,2058,2043,2058
2056,2055,2063,2056,2037,2057,2057,2046
2049,2059,2059,2056,2037,2054,2069,2038
2046,2055,2055,2048,2030,2046,2061,2040
2042,2043,2048,2040,2019,2040,2040,2034
2041,2039,2049,2040,2022,2045,2043,2033
2037,2044,2053,2048,2028,2056,2051,2050
2055,2061,2058,2053,2035,2057,2055,2052
2050,2052,2053,2047,2038,2054,2057,2059
2052,2047,2047,2054,2030,2052,2059,2063
2052,2050,2047,2048,2034,2053,2056,2076
2054,2045,2046,2045,2031,2050,2045,2081
2056,2043,2048,2047,2029,2047,2050,2086
2050,2045,2043,2054,2036,2051,2054,2100
2054,2047,2046,2052,2043,2048,2067,2101
2049,2046,2050,2054,2040,2053,2058,2097
2064,2051,2050,2055,2040,2054,2055,2103
2061,2047,2048,2051,2041,2057,2051,2111
2063,2053,2050,2052,2038,2057,2057,2117
2073,2058,2046,2054,2042,2061,2071,2113
2071,2058,2050,2053,2042,2066,2065,2112
2061,2047,2047,2046,2049,2067,2056,2109
2059,2044,2040,2049,2043,2069,2055,2109
2050,2049,2044,2052,2046,2081,2046,2098
2049,2033,2038,2050,2044,2074,2036,2093
2040,2033,2046,2043,2042,2069,2036,2090
2040,2038,2040,2044,2041,2068,2037,2092
2042,2037,2042,2041,2047,2040,2031,2090
2048,2042,2048,2050,2041,2003,2023,2083
2052,2045,2052,2053,2051,2002,2023,2084
2058,2047,2047,2052,2045,2023,2025,2073
2054,2049,2048,2052,2051,2032,2033,2071
2049,2050,2046,2044,2048,2037,2055,2067
2051,2047,2043,2048,2049,2044,2054,2055
2053,2045,2049,2047,2048,2044,2055,2054
2053,2048,2050,2046,2050,2047,2045,2047
2056,2049,2053,2044,2054,2050,2034,2046
2051,2039,2042,2036,2045,2046,2022,2038
2043,2034,2040,2035,2046,2038,2028,2038
2043,2033,2047,2044,2048,2043,2053,2053
2054,2043,2057,2047,2052,2049,2060,2056
2053,2053,2062,2051,2053,2049,2049,2056
2053,2060,2062,2056,2050,2052,2050,2061
2057,2064,2061,2059,2051,2049,2039,2072
2064,2063,2061,2056,2051,2047,2033,2082
2070,2058,2056,2055,2059,2051,2063,2090
2064,2059,2053,2053,2052,2050,2059,2096
2063,2056,2057,2056,2057,2053,2053,2093
2060,2060,2056,2050,2050,2054,2051,2089
2060,2055,2053,2052,2056,2052,2048,2099
2062,2061,2053,2053,2056,2048,2044,2098
2052,2047,2046,2054,2053,2049,2043,2102
2061,2051,2047,2059,2044,2052,2035,2112
2059,2051,2049,2051,2034,2045,2041,2100
2055,2041,2043,2047,2033,2044,2047,2099
2055,2042,2044,2049,2042,2052,2031,2100
2058,2045,2047,2052,2050,2048,2027,2107
2058,2046,2040,2053,2044,2046,2057,2102
2065,2046,2041,2052,2045,2052,2040,2104
2067,2056,2051,2058,2051,2059,2055,2100
2069,2069,2054,2058,2052,2057,2056,2098
2071,2070,2057,2059,2047,2055,2056,2089
2068,2068,2056,2056,2051,2056,2047,2080
2070,2056,2058,2049,2060,2054,2053,2077
2068,2060,2060,2048,2047,2054,2058,2073
2070,2059,2070,2045,2050,2052,2031,2055
2068,2061,2074,2049,2042,2044,2048,2050
2058,2065,2073,2045,2044,2052,2028,2047
2061,2058,2073,2041,2042,2051,2047,2047
2065,2054,2064,2039,2036,2048,2041,2035
2059,2047,2059,2038,2031,2045,2037,2043
2061,2063,2070,2053,2037,2050,2034,2050
2069,2062,2067,2052,2047,2050,2069,2052
2062,2063,2065,2057,2046,2049,2073,2058
2068,2066,2061,2051,2043,2051,2065,2065
2066,2061,2057,2052,2041,2046,2059,2066
2067,2059,2052,2049,2034,2046,2050,2072
2058,2056,2056,2047,2038,2049,2046,2078
2060,2051,2052,2047,2033,2042,2052,2084
2053,2054,2051,2048,2045,2049,2049,2083
2066,2058,2051,2051,2052,2043,2056,2088
2058,2040,2041,2040,2052,2046,2047,2090
2056,2035,2033,2049,2048,2048,2047,2088
2057,2039,2031,2054,2051,2047,2047,2086
2054,2033,2035,2060,2054,2047,2054,2088
2046,2019,2035,2066,2043,2038,2044,2081
2044,2015,2042,2075,2045,2043,2045,2084
2047,2024,2041,2080,2048,2049,2049,2083
2046,2020,2035,2078,2054,2055,2039,2088
2055,2029,2030,2076,2055,2056,2047,2085
2045,2028,2024,2079,2054,2055,2050,2083
2052,2033,2013,2078,2059,2055,2046,2082
2055,2029,2006,2079,2058,2056,2057,2081
2054,2033,1997,2084,2062,2056,2060,2073
2059,2027,1995,2096,2064,2059,2059,2064
2054,2023,1982,2089,2060,2050,2066,2053
2039,2014,1971,2067,2046,2048,2047,2038
2030,2006,1962,2040,2036,2036,2042,2028
2026,1998,1968,2029,2030,2031,2036,2024
2036,2005,1992,2036,2028,2033,2046,2019
2036,2011,1994,2032,2034,2030,2040,2023
2037,2010,1992,2025,2021,2028,2038,2019
2030,2018,2008,2042,2029,2032,2050,2022
2039,2032,2041,2061,2032,2039,2051,2033
2046,2041,2068,2073,2040,2044,2054,2037
2057,2053,2094,2088,2049,2046,2050,2036
2056,2053,2095,2087,2045,2040,2050,2049
2054,2046,2080,2059,2031,2038,2064,2059
2044,2033,2062,2041,2015,2035,2041,2058
2047,2043,2079,2040,2023,2043,2052,2067
2058,2067,2108,2044,2027,2041,2045,2076
2056,2073,2109,2031,2025,2040,2023,2082
2056,2067,2093,2021,2020,2041,2048,2082
2059,2076,2112,2034,2023,2043,2047,2087
2065,2080,2121,2040,2026,2046,2043,2092
2065,2081,2105,2038,2027,2045,2042,2099
2063,2078,2085,2026,2029,2045,2029,2095
2053,2064,2065,2004,2024,2042,2039,2095
2052,2052,2050,1997,2030,2039,2015,2091
2057,2056,2044,2016,2049,2055,2065,2098
2065,2063,2050,2025,2049,2053,2053,2092
2061,2061,2046,2018,2055,2050,2043,2095
2056,2059,2041,2017,2050,2052,2050,2088
2064,2057,2038,2026,2049,2051,2057,2082
2060,2055,2037,2033,2054,2056,2070,2078
2063,2061,2049,2039,2052,2059,2056,2076
2063,2071,2060,2046,2062,2064,2062,2071
2065,2070,2069,2043,2060,2067,2066,2061
2064,2072,2081,2046,2064,2064,2071,2053
2058,2066,2075,2047,2059,2060,2052,2043
2056,2062,2070,2047,2060,2058,2051,2035
2058,2061,2068,2047,2055,2055,2043,2031
2059,2053,2059,2045,2051,2057,2062,2031
2056,2051,2051,2037,2045,2047,2022,2031
2044,2048,2049,2039,2045,2049,2046,2026
2050,2056,2056,2043,2048,2052,2038,2039
2050,2055,2054,2041,2044,2053,2057,2039
2052,2060,2054,2042,2046,2052,2059,2043
2061,2060,2058,2049,2052,2054,2040,2048
2052,2062,2057,2050,2052,2056,2055,2052
2054,2072,2055,2054,2052,2047,2030,2060
2049,2054,2044,2052,2052,2048,2026,2064
2051,2054,2038,2050,2055,2050,2038,2069
2047,2050,2042,2051,2056,2050,2065,2071
2044,2052,2036,2055,2053,2051,2055,2066
2043,2053,2034,2049,2052,2056,2056,2074
2046,2057,2043,2049,2046,2050,2058,2082
2048,2057,2052,2049,2029,2049,2034,2082
2041,2057,2053,2051,2022,2052,2060,2090
2045,2055,2047,2044,2029,2053,2057,2082
2039,2049,2052,2048,2039,2050,2044,2087
2048,2054,2064,2062,2044,2057,2061,2080
2050,2059,2070,2060,2043,2053,2063,2080
2053,2060,2074,2058,2032,2050,2066,2076
2052,2056,2072,2052,2034,2050,2044,2070
2054,2054,2067,2057,2036,2048,2060,2064
2048,2055,2070,2058,2034,2050,2057,2070
2055,2066,2070,2056,2027,2045,2040,2066
2060,2068,2058,2053,2032,2050,2057,2060
2058,2058,2047,2048,2033,2048,2061,2052
2051,2053,2047,2048,2040,2050,2056,2036
2050,2055,2041,2046,2044,2055,2055,2035
2050,2049,2041,2040,2050,2057,2062,2031
2049,2051,2050,2030,2052,2062,2056,2025
2048,2057,2044,2033,2055,2060,2057,2028
2045,2044,2031,2024,2046,2049,2034,2018
2040,2032,2019,2020,2053,2042,2035,2009
2037,2043,2027,2033,2060,2052,2049,2021
2046,2043,2034,2045,2057,2053,2038,2025
2048,2047,2041,2045,2046,2057,2046,2026
2044,2054,2045,2045,2044,2050,2039,2033
2044,2048,2046,2041,2045,2049,2041,2041
2052,2047,2046,2045,2034,2045,2046,2050
2046,2046,2035,2042,2037,2044,2055,2064
2045,2044,2032,2039,2031,2044,2026,2064
2047,2044,2037,2040,2029,2047,2031,2060
2043,2045,2046,2044,2033,2050,2056,2065
2044,2045,2059,2039,2034,2049,2047,2067
2050,2048,2066,2043,2038,2046,2046,2070
2055,2050,2076,2047,2040,2048,2039,2070
2055,2057,2087,2046,2040,2046,2046,2073
2059,2053,2082,2040,2041,2041,2041,2074
2052,2044,2068,2040,2044,2045,2045,2077
2052,2050,2064,2052,2048,2060,2054,2082
2057,2058,2053,2052,2048,2058,2054,2078
2058,2057,2052,2055,2047,2061,2050,2072
2051,2054,2051,2051,2045,2058,2049,2069
2051,2051,2044,2051,2043,2063,2023,2067
2053,2055,2045,2051,2045,2058,2026,2065
2052,2049,2043,2045,2047,2062,2028,2055
2051,2050,2059,2046,2052,2066,2032,2046
2049,2049,2051,2047,2054,2064,2057,2032
2051,2042,2054,2049,2045,2062,2049,2027
2049,2044,2054,2046,2053,2062,2050,2020
2044,2042,2056,2046,2041,2051,2057,2011
2041,2045,2057,2040,2035,2037,2046,2013
2039,2050,2064,2037,2024,2038,2051,2012
2050,2056,2064,2041,2009,2028,2045,2010
2045,2048,2058,2030,2002,2026,2036,2010
2040,2057,2065,2039,2005,2037,2052,2021
2053,2059,2067,2040,1986,2049,2052,2016
2045,2052,2055,2038,1973,2051,2037,2018
2042,2048,2051,2036,1960,2038,2054,2030
2038,2044,2050,2039,1966,2031,2044,2027
2037,2039,2043,2033,1959,2032,2046,2033
2038,2040,2040,2024,1974,2042,2039,2035
2035,2035,2032,2037,2012,2034,2028,2038
2032,2035,2030,2041,2020,2035,2037,2046
2030,2033,2025,2045,2052,2048,2039,2042
2027,2028,2026,2053,2103,2054,2039,2044
2026,2032,2027,2057,2156,2060,2051,2047
2028,2026,2015,2057,2143,2060,2037,2051
2030,2028,2018,2042,2105,2052,2024,2055
2036,2030,2016,2036,2071,2040,2046,2056
2036,2020,2016,2022,2050,2032,2041,2054
2034,2026,2020,2024,2047,2037,2037,2061
2042,2040,2025,2034,2057,2044,2033,2065
2044,2037,2026,2036,2064,2051,2050,2068
2044,2045,2028,2036,2068,2049,2046,2061
2042,2047,2032,2042,2065,2052,2034,2067
2052,2052,2036,2044,2071,2054,2043,2067
2055,2051,2050,2044,2070,2054,2054,2060
2056,2055,2052,2048,2062,2053,2063,2055
2050,2062,2060,2051,2056,2056,2043,2041
2047,2054,2062,2050,2065,2048,2052,2041
2047,2046,2064,2050,2064,2045,2044,2026
2043,2048,2052,2048,2063,2042,2040,2023
2049,2044,2053,2037,2058,2035,2038,2013
2046,2037,2041,2037,2048,2036,2031,2012
2052,2040,2059,2038,2045,2034,2033,2008
2046,2044,2072,2044,2056,2038,2036,2010
2046,2049,2077,2045,2055,2041,2042,2009
2056,2063,2074,2046,2052,2039,2044,2011
2052,2062,2070,2038,2056,2044,2042,2012
2050,2049,2063,2038,2053,2045,2041,2018
2047,2051,2065,2037,2044,2046,2036,2022
2045,2054,2063,2039,2046,2042,2032,2033
2040,2055,2061,2036,2047,2038,2026,2041
2039,2052,2059,2034,2047,2058,2034,2042
2042,2055,2063,2039,2058,2076,2063,2047
2053,2067,2064,2051,2066,2080,2058,2050
2050,2059,2073,2055,2064,2077,2069,2048
2045,2060,2077,2063,2060,2073,2059,2055
2041,2056,2078,2064,2056,2077,2054,2064
2043,2060,2075,2064,2058,2081,2070,2065
2042,2054,2068,2066,2055,2073,2054,2061
2039,2048,2055,2066,2056,2068,2058,2054
2041,2049,2057,2066,2061,2074,2055,2059
2048,2063,2065,2073,2065,2069,2057,2062
2045,2062,2057,2064,2064,2058,2067,2059
2045,2055,2037,2062,2064,2058,2055,2055
2052,2054,2033,2072,2066,2056,2061,2052
2049,2050,2029,2076,2072,2056,2062,2049
2046,2045,2028,2076,2073,2051,2056,2032
2036,2039,2015,2068,2057,2049,2052,2022
2035,2038,2017,2069,2061,2063,2056,2019
2039,2037,2011,2070,2059,2071,2069,2017
2033,2031,2001,2065,2068,2080,2070,2008
2033,2032,1994,2058,2058,2073,2058,1997
2029,2021,1985,2036,2048,2065,2015,1986
2023,2008,1989,2023,2022,2052,2048,1980
2016,2003,1997,2020,2031,2043,2054,1970
2011,2002,1997,2024,2028,2034,2041,1966
2009,2011,2018,2025,2043,2039,2054,1978
2015,2028,2030,2024,2041,2040,2050,1989
2021,2025,2037,2012,2031,2029,2044,1983
2025,2021,2047,1999,2025,2017,2050,1982
2029,2036,2077,2003,2018,2019,2052,1993
2035,2056,2090,1998,2017,2024,2047,2006
2035,2061,2087,2000,2023,2030,2053,2015
2040,2062,2089,2010,2041,2036,2059,2026
2045,2065,2093,2016,2047,2042,2066,2035
2047,2066,2085,2016,2028,2050,2067,2042
2052,2061,2064,2006,2020,2049,2068,2038
2040,2066,2057,2014,2016,2057,2054,2042
2050,2066,2065,2018,2018,2068,2055,2054
2052,2072,2071,2025,2020,2074,2070,2054
2052,2066,2083,2027,2022,2079,2051,2056
2047,2060,2065,2022,2013,2076,2042,2053
2040,2045,2053,2021,2031,2082,2044,2044
2041,2049,2053,2033,2035,2078,2065,2059
2048,2052,2055,2032,2031,2032,2062,2048
2046,2048,2047,2033,2027,2020,2063,2048
2050,2054,2055,2031,2022,2036,2065,2044
2048,2057,2066,2028,2023,2049,2070,2042
2045,2064,2071,2031,2027,2058,2070,2037
2044,2068,2077,2036,2049,2066,2078,2037
2048,2062,2070,2034,2066,2067,2075,2031
2043,2058,2065,2040,2067,2065,2072,2024
2047,2061,2067,2039,2077,2062,2067,2012
2052,2062,2069,2054,2087,2057,2073,2006
2041,2057,2064,2045,2084,2050,2039,1994
2035,2045,2053,2042,2081,2054,2058,1988
2033,2042,2053,2041,2084,2053,2059,1988
2036,2037,2045,2046,2075,2059,2058,1982
2034,2030,2045,2042,2067,2054,2056,1977
2031,2035,2046,2044,2061,2053,2042,1984
2034,2049,2056,2044,2052,2050,2057,1992
2039,2050,2055,2040,2027,2044,2062,1993
2043,2058,2058,2025,1987,2041,2059,1997
2037,2056,2056,2019,1983,2044,2058,2000
2040,2056,2049,2023,2012,2054,2034,2010
2036,2051,2051,2030,2029,2054,2031,2019
2035,2043,2051,2037,2036,2053,2060,2020
2037,2049,2049,2039,2050,2061,2064,2026
2041,2053,2050,2042,2055,2064,2061,2025
2039,2054,2048,2043,2051,2068,2061,2039
2048,2052,2047,2044,2053,2062,2068,2044
2046,2054,2047,2039,2044,2064,2061,2042
2038,2054,2047,2042,2048,2057,2064,2042
2036,2050,2051,2050,2049,2062,2069,2046
2031,2045,2046,2044,2041,2052,2066,2042
2025,2035,2043,2046,2038,2045,2065,2036
2028,2037,2047,2050,2040,2057,2066,2043
2026,2040,2049,2051,2046,2066,2071,2037
2032,2041,2050,2055,2052,2066,2060,2037
2028,2042,2050,2062,2044,2064,2071,2028
2028,2035,2047,2053,2048,2062,2063,2028
2035,2037,2045,2054,2048,2060,2063,2028
2027,2041,2049,2051,2049,2062,2068,2017
2030,2040,2057,2055,2055,2065,2066,2014
2036,2049,2057,2052,2057,2065,2073,2009
2035,2041,2046,2050,2043,2055,2062,1997
2020,2028,2034,2037,2036,2052,2065,1991
2022,2025,2022,2026,2042,2048,2052,1987
2026,2025,2020,2022,2040,2042,2055,1974
2028,2030,2015,2007,2033,2046,2060,1977
2030,2032,2006,2007,2030,2048,2054,1973
2021,2028,2008,2015,2035,2053,2055,1967
2027,2033,2017,2027,2040,2060,2049,1969
2031,2048,2035,2032,2052,2058,2049,1982
2043,2050,2043,2038,2040,2052,2039,1980
2034,2042,2046,2036,2040,2057,2056,1992
2039,2049,2050,2041,2036,2060,2054,1990
2040,2048,2058,2042,2037,2053,2048,2002
2041,2056,2056,2053,2044,2058,2062,2003
2045,2057,2062,2058,2049,2057,2057,2018
2046,2059,2056,2056,2040,2051,2060,2012
2035,2041,2043,2056,2038,2054,2050,2016
2030,2038,2036,2052,2034,2051,2047,2019
2030,2034,2044,2053,2032,2049,2052,2018
2032,2040,2046,2053,2035,2051,2034,2019
2036,2043,2058,2064,2036,2057,2042,2023
2044,2049,2062,2057,2039,2062,2047,2023
2030,2040,2065,2056,2039,2051,2044,2023
2035,2042,2075,2060,2037,2048,2052,2026
2039,2053,2086,2058,2040,2045,2051,2023
2042,2058,2090,2059,2038,2048,2044,2026
2040,2066,2104,2061,2046,2058,2062,2032
2040,2070,2111,2061,2051,2073,2049,2017
2040,2065,2106,2051,2055,2086,2063,2008
2039,2057,2093,2041,2063,2089,2063,2009
2037,2065,2081,2036,2060,2093,2058,1999
2035,2052,2073,2033,2059,2090,2062,2000
2037,2049,2068,2042,2064,2088,2064,1987
2039,2047,2068,2040,2061,2086,2067,1985
2034,2045,2062,2041,2059,2086,2050,1970
2031,2045,2056,2034,2059,2080,2061,1963
2039,2044,2058,2037,2056,2074,2059,1959
2033,2041,2054,2032,2056,2067,2067,1956
2028,2036,2048,2035,2048,2040,2052,1954
2023,2032,2042,2029,2046,2030,2061,1957
2025,2039,2048,2037,2047,2026,2036,1965
2038,2042,2053,2039,2047,2021,2045,1974
2042,2057,2069,2044,2042,2026,2057,1974
2042,2046,2068,2037,2043,2037,2056,1970
2040,2043,2064,2036,2034,2040,2051,1972
2031,2040,2057,2038,2023,2042,2050,1980
2027,2035,2053,2035,2015,2048,2042,1985
2026,2037,2053,2034,2026,2044,2048,1994
2021,2037,2054,2040,2028,2052,2047,2000
2029,2049,2064,2041,2038,2056,2035,2001
2030,2044,2066,2042,2033,2048,2051,2002
2029,2048,2059,2040,2035,2045,2049,2009
2027,2043,2051,2043,2043,2045,2041,2011
2027,2044,2055,2050,2039,2047,2028,2008
2021,2037,2044,2036,2039,2029,2044,1999
2010,2022,2035,2033,2030,2020,2051,2001
2019,2020,2036,2033,2033,2035,2042,2013
2028,2044,2060,2043,2037,2040,2044,2024
2038,2062,2074,2052,2043,2048,2054,2028
2048,2071,2089,2055,2050,2056,2057,2026
2053,2076,2093,2060,2060,2066,2052,2024
2055,2076,2094,2057,2059,2060,2043,2013
2043,2052,2079,2052,2052,2052,2051,1996
2042,2048,2078,2047,2053,2050,2054,2002
2038,2043,2067,2045,2061,2057,2062,1987
2035,2040,2066,2045,2055,2062,2056,1988
2034,2045,2064,2050,2054,2064,2059,1982
2038,2042,2069,2049,2061,2068,2043,1974
2040,2050,2076,2055,2060,2073,2062,1968
2038,2052,2074,2054,2065,2071,2070,1961
2035,2052,2072,2058,2065,2070,2068,1958
2034,2043,2057,2045,2056,2057,2059,1951
2025,2035,2052,2045,2054,2055,2054,1948
2031,2044,2058,2052,2041,2057,2056,1955
2032,2042,2054,2048,2042,2046,2059,1963
2034,2048,2057,2048,2042,2050,2056,1970
2041,2052,2065,2051,2047,2052,2063,1981
2039,2057,2059,2051,2047,2052,2062,1984
2045,2056,2062,2056,2032,2047,2059,1994
2047,2057,2066,2068,2031,2050,2052,1999
2050,2060,2065,2066,2028,2047,2048,2005
2047,2064,2061,2066,2020,2042,2053,2011
2043,2055,2058,2064,2014,2036,2054,2005
2044,2051,2056,2068,2024,2046,2048,2002
2051,2048,2055,2068,2017,2050,2053,2007
2041,2049,2048,2065,2019,2052,2050,2007
2039,2042,2040,2057,2021,2051,2032,2009
2040,2039,2046,2044,2028,2047,2027,2001
2031,2027,2031,2040,2039,2040,2027,2003
2034,2027,2032,2045,2057,2047,2049,2008
2034,2037,2040,2050,2038,2055,2043,2004
2037,2045,2041,2046,2031,2063,2049,2002
2042,2040,2027,2047,2070,2065,2040,1991
2038,2023,2022,2037,2091,2053,2032,1996
2027,2021,2016,2025,2075,2022,2031,1981
2028,2022,2024,2025,2090,1995,2032,1987
2025,2027,2037,2043,2134,1998,2039,1995
2031,2036,2067,2063,2152,2010,2048,1992
2035,2048,2082,2062,2137,2024,2042,1981
2033,2054,2086,2058,2108,2035,2042,1971
2039,2048,2091,2055,2082,2040,2029,1968
2035,2058,2096,2068,2003,2043,2040,1968
2040,2057,2091,2062,1921,2033,2035,1966
2044,2056,2089,2066,1954,2035,2041,1962
2035,2046,2071,2062,1989,2036,2029,1952
2028,2035,2058,2062,2024,2035,2021,1958
2026,2043,2056,2056,2034,2040,2023,1953
2030,2050,2055,2046,2031,2037,2040,1961
2034,2056,2062,2035,2029,2042,2048,1965
2033,2049,2060,2026,2029,2056,2047,1975
2041,2050,2063,2027,2043,2064,2059,1984
2044,2057,2065,2022,2044,2062,2056,1999
2052,2061,2052,2016,2048,2058,2040,2006
2057,2058,2049,2026,2050,2060,2056,2016
2058,2062,2061,2042,2053,2057,2057,2013
2050,2060,2062,2057,2050,2059,2053,2020
2050,2060,2073,2064,2050,2058,2044,2024
2047,2050,2069,2066,2042,2059,2041,2020
2040,2047,2070,2062,2050,2060,2050,2020
2048,2043,2067,2055,2047,2053,2044,2022
2045,2040,2063,2059,2040,2047,2030,2021
2043,2041,2064,2057,2037,2054,2036,2025
2049,2056,2072,2062,2054,2062,2040,2024
2058,2057,2064,2063,2047,2050,2053,2017
2059,2055,2057,2060,2043,2031,2052,2018
2053,2057,2055,2054,2040,2028,2040,2013
2059,2052,2055,2051,2033,2029,2035,2012
2056,2058,2049,2042,2032,2034,2037,1998
2053,2056,2037,2045,2031,2046,2041,1999
2047,2048,2037,2042,2038,2047,2045,1992
2050,2046,2026,2038,2042,2044,2031,1986
2052,2051,2028,2035,2044,2040,2046,1986
2050,2044,2029,2025,2050,2046,2046,1982
2053,2054,2033,2039,2058,2044,2039,1985
2058,2051,2041,2060,2066,2042,2043,1983
2059,2052,2053,2070,2069,2043,2038,1972
2050,2044,2055,2068,2062,2041,2030,1966
2050,2044,2057,2068,2056,2033,2034,1968
2050,2055,2068,2067,2061,2050,2043,1971
2046,2048,2060,2065,2056,2052,2041,1973
2042,2043,2057,2052,2048,2040,2035,1964
2046,2032,2048,2044,2030,2035,2024,1977
2032,2038,2049,2039,2038,2035,2052,1989
2038,2042,2061,2051,2046,2048,2057,1997
2038,2047,2070,2058,2048,2058,2067,2009
2040,2052,2072,2061,2052,2061,2050,2011
2039,2049,2066,2046,2046,2060,2045,2010
2041,2047,2054,2036,2049,2064,2026,2014
2039,2041,2044,2021,2029,2064,2039,2017
2038,2043,2049,2021,2027,2065,2015,2016
2040,2041,2066,2020,2030,2066,2048,2024
2041,2060,2085,2027,2039,2073,2039,2019
2038,2051,2074,2022,2033,2064,2033,2014
2028,2037,2056,2010,2027,2068,2030,2019
2037,2037,2057,2019,2035,2078,2028,2015
2040,2047,2055,2027,2033,2069,2023,2013
2033,2051,2060,2031,2027,2047,2030,2012
2042,2056,2061,2031,2032,2055,2043,2016
2049,2060,2059,2034,2043,2060,2039,2020
2050,2057,2063,2039,2057,2078,2050,2017
2050,2063,2064,2041,2067,2082,2057,2004
2048,2062,2066,2044,2070,2090,2033,1997
2049,2053,2055,2045,2065,2079,2047,1993
2048,2058,2060,2044,2068,2039,2033,1983
2047,2061,2065,2048,2063,2024,2032,1978
2049,2059,2065,2053,2057,2035,2044,1979
2051,2062,2062,2046,2050,2051,2056,1968
2051,2057,2061,2047,2047,2060,2065,1968
2043,2046,2052,2037,2036,2070,2050,1959
2033,2033,2052,2036,2039,2072,2052,1960
2039,2046,2062,2038,2036,2072,2070,1966
2041,2047,2057,2051,2031,2055,2043,1976
2043,2051,2056,2041,2023,2035,2060,1981
2050,2058,2055,2041,2009,1992,2057,1991
2044,2051,2049,2038,1979,1980,2045,1997
2044,2056,2050,2041,1987,1988,2043,2000
2048,2049,2047,2034,2001,1989,2041,1995
2040,2053,2051,2036,2011,2010,2051,2007
2055,2062,2063,2055,2050,2036,2058,2014
2064,2071,2075,2061,2058,2057,2052,2027
2061,2072,2082,2061,2043,2074,2058,2029
2062,2072,2077,2067,2034,2076,2045,2027
2056,2056,2069,2059,2026,2069,2044,2024
2048,2052,2064,2040,1985,2057,2040,2015
2042,2050,2046,2016,1927,2050,2026,2015
2030,2042,2048,2014,1947,2050,2024,2015
2038,2050,2061,2029,1994,2060,2034,2019
2047,2052,2065,2035,2038,2050,2030,2012
2041,2050,2055,2029,2072,2042,2039,2007
2037,2045,2049,2027,2083,2060,2041,2000
2039,2046,2051,2038,2116,2076,2048,2005
2044,2048,2063,2060,2151,2084,2024,2004
2048,2052,2067,2074,2171,2091,2037,2003
2049,2050,2070,2071,2157,2098,2039,1997
2050,2055,2064,2072,2142,2089,2039,1980
2040,2049,2063,2062,2118,2059,2042,1973
2042,2050,2056,2060,2103,2035,2034,1963
2031,2044,2052,2054,2088,2030,2036,1952
2031,2044,2057,2051,2076,2029,2031,1956
2037,2049,2054,2045,2077,2040,2025,1959
2032,2046,2053,2040,2052,2034,2033,1945
2029,2037,2038,2024,1985,2035,2032,1952
2028,2047,2049,2017,1966,2044,2036,1966
2045,2052,2061,2025,1990,2057,2043,1972
2046,2056,2064,2042,2024,2070,2051,1973
2048,2056,2061,2054,2101,2104,2049,1979
2039,2048,2063,2061,2152,2121,2058,1983
2045,2047,2064,2067,2173,2123,2050,1993
2047,2059,2065,2075,2171,2116,2054,2004
2050,2060,2063,2070,2151,2089,2052,2013
2052,2064,2059,2075,2144,2056,2047,2029
2054,2064,2066,2081,2138,2034,2043,2027
2055,2058,2065,2080,2090,2032,2047,2014
2055,2052,2056,2064,2067,2060,2038,2016
2041,2049,2043,2041,2007,2059,2042,2014
2032,2037,2034,2010,1946,2056,2043,2019
2034,2037,2036,2026,1979,2066,2039,2020
2033,2033,2037,2052,2043,2079,2035,2020
2035,2037,2042,2043,2036,2069,2047,2025
2047,2045,2047,2041,2039,2064,2026,2017
2049,2045,2046,2045,2026,2055,2037,2021
2041,2040,2044,2044,2003,2056,2050,2016
2044,2039,2040,2031,1997,2044,2054,2006
2045,2039,2037,2036,2044,2049,2056,2008
2046,2040,2041,2047,2103,2048,2065,2007
2048,2045,2043,2048,2094,2031,2067,1996
2050,2048,2049,2051,2070,2018,2065,1991
2051,2052,2054,2050,2049,2013,2059,1978
2046,2045,2046,2041,2030,2012,2050,1959
2034,2042,2049,2041,2022,2028,2053,1954
2034,2039,2048,2045,2035,2050,2065,1954
2044,2042,2057,2053,2047,2066,2065,1959
2047,2046,2059,2052,2061,2064,2044,1952
2036,2035,2049,2049,2095,2060,2036,1947
2041,2044,2055,2050,2117,2048,2042,1956
2048,2052,2061,2045,2125,2029,2036,1962
2052,2056,2062,2055,2138,2037,2038,1973
2054,2063,2066,2054,2146,2039,2039,1974
2052,2064,2071,2060,2135,2042,2045,1984
2050,2058,2067,2051,2108,2049,2055,1994
2056,2061,2060,2048,2103,2071,2056,2003
2058,2055,2064,2046,2098,2099,2058,2014
2056,2056,2058,2041,2000,2104,2035,2014
2059,2045,2047,2020,1914,2095,2048,2012
2048,2043,2048,2025,1952,2103,2031,2017
2053,2045,2052,2036,1999,2096,2045,2020
2052,2043,2050,2049,2021,2094,2060,2021
2049,2044,2056,2051,2045,2103,2062,2030
2059,2058,2068,2053,2056,2096,2061,2027
2059,2054,2058,2054,2050,2100,2068,2036
2061,2055,2064,2052,2045,2094,2073,2039
2068,2062,2065,2051,2041,2070,2064,2026
2058,2051,2053,2040,2021,2068,2056,2010
2057,2056,2057,2034,2014,2050,2048,2015
2064,2061,2067,2039,2003,2033,2056,1995
2064,2059,2064,2035,2004,2036,2065,1985
2059,2059,2064,2039,2000,1996,2070,1987
2062,2061,2066,2046,2015,1985,2062,1989
2054,2064,2072,2049,2040,1990,2061,1978
2045,2060,2070,2054,2034,2011,2053,1962
2036,2051,2063,2046,2031,2034,2046,1952
2028,2043,2050,2040,2070,2040,2036,1935
2029,2044,2053,2039,2108,2053,2041,1938
2035,2050,2060,2045,2100,2054,2038,1936
2036,2053,2056,2053,2088,2054,2039,1937
2027,2043,2040,2039,2052,2050,2057,1941
2032,2039,2048,2040,2034,2061,2059,1949
2037,2055,2053,2047,2057,2059,2057,1943
2041,2054,2052,2049,2064,2058,2040,1950
2033,2041,2038,2034,2006,2048,2041,1956
2033,2041,2033,2027,1993,2054,2035,1958
2030,2036,2031,2051,2016,2053,2038,1964
2034,2033,2032,2064,2025,2040,2033,1968
2033,2024,2028,2071,2032,2035,2031,1965
2022,2014,2019,2069,2049,2054,2029,1967
2020,2018,2014,2072,2061,2063,2017,1973
2028,2023,2010,2062,2053,2058,2027,1977
2028,2017,2012,2040,1966,2039,2016,1979
2032,2021,2007,2034,1946,2030,2024,1980
2034,2018,1997,2041,1958,2035,2021,1978
2030,2021,1997,2049,1965,2036,2003,1983
2027,2009,1993,2047,1963,2026,2020,1984
2026,2016,1994,2049,1971,2027,2022,1988
2030,2014,1999,2052,2021,2029,2017,1977
2022,2003,1985,2027,2064,2038,1997,1969
2008,1993,1976,2009,2075,2041,2022,1973
2011,2002,1995,2012,2049,2040,2036,1967
2021,2023,2025,2009,2042,2038,2010,1966
2034,2038,2037,1996,2052,2034,2019,1961
2033,2050,2062,2008,2056,2025,2007,1964
2040,2062,2082,2023,2062,2026,2037,1962
2048,2065,2102,2045,2088,2026,2043,1956
2049,2076,2106,2051,2069,2031,2036,1952
2056,2076,2104,2054,2034,2024,2043,1951
2066,2082,2093,2061,2041,2038,2049,1956
2063,2081,2090,2060,2037,2036,2048,1951
2067,2085,2092,2058,2045,2039,2043,1950
2062,2079,2084,2052,2044,2038,2044,1942
2056,2067,2091,2054,2036,2052,2046,1951
2062,2081,2095,2061,2027,2075,2043,1945
2058,2070,2093,2059,2012,2090,2040,1947
2054,2074,2088,2046,1975,2085,2033,1948
2047,2067,2079,2042,1968,2076,2038,1944
2044,2057,2076,2040,1993,2044,2030,1944
2033,2050,2061,2044,2036,2012,2016,1949
2036,2046,2054,2053,2062,2024,2029,1957
2039,2053,2056,2060,2069,2041,2023,1965
2037,2046,2048,2050,2054,2048,2022,1968
2041,2040,2042,2034,2008,2035,2024,1976
2040,2047,2045,2032,2019,2029,2037,1981
2033,2043,2030,2017,1981,2027,2035,1978
2036,2045,2021,2029,2015,2034,2038,1987
2044,2045,2031,2045,2024,2044,2038,1990
2047,2041,2037,2053,2007,2061,2036,1986
2041,2056,2046,2066,1999,2087,2047,1991
2054,2064,2055,2078,2016,2095,2055,1999
2056,2070,2060,2071,2030,2091,2048,1989
2058,2065,2058,2067,2043,2082,2053,1988
2057,2079,2067,2073,2054,2041,2048,2000
2057,2084,2066,2077,2080,2028,2058,1989
2062,2075,2064,2085,2113,2043,2047,1974
2054,2064,2054,2088,2142,2049,2030,1971
2047,2063,2054,2080,2122,2037,2022,1962
2049,2059,2060,2076,2108,2031,2022,1943
2045,2060,2077,2079,2138,2024,2046,1943
2035,2063,2106,2065,2009,2007,2037,1926
2032,2066,2115,2054,1977,2009,2036,1920
2035,2064,2106,2043,2008,2015,2036,1915
2031,2056,2092,2054,2052,2013,2044,1911
2023,2046,2069,2040,2036,2011,2029,1916
2024,2032,2067,2038,2024,2025,2031,1928
2036,2050,2067,2051,2048,2049,2041,1937
2046,2052,2064,2055,2045,2070,2054,1945
2056,2058,2062,2063,2058,2089,2051,1940
2044,2048,2055,2053,2072,2103,2061,1947
2047,2047,2059,2049,2068,2117,2072,1963
2045,2060,2064,2038,2032,2118,2050,1981
2055,2061,2060,2020,1969,2085,2045,1983
2050,2057,2042,1985,1896,2045,2049,1983
2050,2066,2045,1974,1938,2022,2045,1983
2051,2059,2046,1978,1950,2001,2028,1986
2048,2056,2062,1997,1950,1980,2018,1988
2043,2053,2059,2016,1940,1962,2024,1984
2045,2056,2051,2014,1858,1999,2032,1979
2036,2049,2050,2025,1900,2046,2035,1976
2038,2042,2049,2044,2020,2070,2030,1974
2031,2034,2047,2036,2040,2064,2023,1975
2027,2036,2051,2028,2031,2049,2018,1977
2031,2039,2061,2030,1994,2009,2025,1986
2039,2052,2067,2035,1986,1999,2031,1988
2043,2054,2062,2028,2010,2019,2035,1985
2044,2052,2066,2025,2027,2041,2036,1988
2044,2052,2057,2034,2074,2047,2035,1976
2037,2051,2062,2049,2132,2062,2044,1963
2041,2050,2058,2046,2133,2058,2039,1960
2042,2051,2053,2045,2096,2054,2044,1960
2038,2050,2054,2040,2076,2052,2042,1952
2037,2052,2053,2040,2073,2051,2044,1952
2042,2060,2053,2041,2058,2054,2040,1953
2050,2053,2055,2033,2059,2058,2046,1948
2050,2051,2051,2030,2071,2048,2050,1948
2041,2046,2037,2030,2080,2033,2039,1942
2043,2041,2044,2041,2087,2036,2049,1952
2047,2052,2045,2054,2097,2038,2055,1958
2049,2039,2042,2052,2092,2034,2046,1965
2044,2046,2040,2044,2105,2025,2030,1970
2044,2048,2040,2057,2152,2035,2029,1972
2046,2045,2043,2067,2184,2044,2031,1979
2048,2042,2038,2067,2121,2030,2024,1979
2037,2035,2026,2051,2042,2018,2015,1983
2038,2033,2028,2045,2000,2006,1998,1986
2034,2029,2025,2039,1968,2011,2002,1982
2035,2028,2032,2049,2034,2060,2025,1986
2034,2027,2023,2076,2131,2129,2029,1993
2032,2027,2029,2066,2142,2188,2039,2008
2036,2030,2031,2065,2125,2190,2050,2013
2039,2035,2037,2067,2121,2149,2024,2009
2043,2033,2037,2058,2104,2053,2015,2008
2034,2034,2035,2049,2073,2015,2039,2014
2041,2044,2035,2050,2042,2020,2040,2017
2041,2042,2028,2024,1980,2000,2015,2013
2040,2033,2027,2002,1949,1986,2012,2013
2044,2038,2056,2017,1979,2002,2020,2009
2050,2057,2084,2032,2016,2024,2045,2010
2048,2062,2087,2053,2045,2033,2044,2012
2054,2063,2066,2052,2063,2050,2041,2006
2052,2064,2064,2058,2088,2061,2021,2009
2054,2062,2064,2070,2110,2070,2034,2000
2052,2061,2060,2074,2117,2069,2037,2001
2049,2055,2048,2064,2107,2062,2036,1997
2042,2059,2053,2058,2091,2056,2041,1994
2042,2054,2064,2043,2038,2056,2042,1993
2049,2059,2062,2034,1987,2056,2022,1985
2043,2044,2050,2031,2002,2042,2000,1974
2031,2034,2032,2019,2056,2039,2002,1982
2037,2042,2030,2033,2119,2040,2033,1996
2053,2054,2044,2049,2154,2063,2022,2012
2055,2062,2042,2045,2132,2070,2018,2015
2055,2058,2034,2028,2094,2078,2022,2022
2055,2054,2031,2031,2069,2060,2024,2024
2052,2044,2024,2028,2037,2051,2023,2025
2041,2036,2023,2015,1994,2035,2020,2034
2039,2042,2025,2024,1984,2017,2029,2036
2046,2040,2030,2028,2000,1991,2027,2044
2045,2044,2033,2031,1920,1973,2036,2049
2047,2045,2040,2030,1913,1989,2037,2064
2064,2060,2041,2038,1973,2022,2045,2070
2062,2061,2040,2034,1996,2027,2038,2064
2058,2056,2031,2012,1963,2012,2025,2060
2043,2038,2024,1997,1955,2017,2012,2060
2042,2032,2016,2008,1986,2027,2009,2051
2041,2042,2028,2021,2027,2029,2033,2050
2036,2043,2027,2025,2022,2028,2036,2051
2038,2040,2035,2036,2015,2014,2030,2046
2036,2031,2042,2048,2035,2024,2033,2042
2034,2035,2047,2060,2060,2054,2033,2041
2042,2036,2059,2091,2104,2069,2040,2040
2048,2045,2049,2103,2135,2084,2049,2039
2051,2038,2038,2121,2161,2107,2061,2041
2038,2030,2021,2124,2186,2110,2053,2032
2042,2027,2008,2114,2151,2098,2054,2023
2032,2027,1992,2103,2121,2080,2044,2015
2032,2027,1977,2090,2078,2068,2029,2006
2034,2026,1967,2090,2066,2055,2041,1999
2031,2017,1961,2084,2088,2052,2028,1992
2022,2010,1956,2073,2095,2041,2026,1997
2032,2022,1972,2074,2110,2058,2041,2008
2039,2037,1999,2057,2099,2062,2045,2013
2036,2026,1990,2048,2091,2062,2014,2017
2033,2017,1994,2045,2152,2068,2007,2024
2028,2012,2010,2045,2219,2076,2001,2030
2037,2023,2038,2038,2178,2072,2019,2040
2034,2034,2066,2041,2125,2072,2035,2048
2041,2051,2115,2054,2106,2081,2050,2060
2050,2056,2129,2051,2048,2070,2046,2071
2054,2063,2138,2057,2020,2058,2047,2081
2057,2068,2161,2076,2046,2062,2046,2078
2059,2070,2145,2054,1942,2050,2045,2074
2057,2067,2120,2019,1837,2037,2047,2075
2057,2060,2103,1980,1711,2006,2053,2082
2055,2060,2088,1955,1657,1994,2052,2086
2056,2054,2085,1988,1873,1993,2046,2076
2057,2056,2085,2026,2006,2027,2061,2088
2072,2077,2101,2060,2078,2069,2046,2088
2070,2073,2093,2070,2076,2077,2022,2092
2071,2061,2088,2055,2097,2076,2016,2086
2062,2058,2076,2057,2136,2070,2033,2082
2058,2052,2069,2068,2200,2088,2027,2078
2061,2051,2071,2090,2238,2100,2043,2079
2057,2043,2064,2072,2200,2084,2051,2070
2047,2032,2052,2057,2137,2067,2051,2069
2055,2031,2047,2045,2088,2059,2053,2072
2067,2056,2060,2064,2117,2070,2059,2069
2074,2061,2058,2062,2151,2064,2054,2051
2063,2050,2047,2064,2179,2071,2064,2050
2063,2056,2048,2073,2181,2077,2082,2044
2074,2067,2051,2061,2087,2097,2086,2045
2062,2049,2034,2033,2001,2130,2078,2050
2054,2039,2023,2053,2048,2146,2077,2057
2065,2057,2049,2071,2035,2136,2073,2059
2068,2062,2052,2057,1989,2104,2076,2058
2066,2052,2047,2033,1945,2075,2051,2059
2061,2041,2031,1990,1865,1982,2027,2048
2052,2030,2006,1913,1683,1887,2008,2047
2029,2014,1982,1902,1680,1879,1979,2050
2028,2019,1992,1975,1940,1940,2000,2073
2052,2031,2009,2058,2234,2001,2023,2083
2064,2041,2013,2081,2271,2002,2028,2088
2068,2054,2021,2081,2221,2025,2030,2096
2059,2048,2011,2063,2171,2026,2037,2090
2047,2033,1999,2042,2133,2031,2039,2094
2056,2036,1998,2042,2117,2036,2050,2094
2056,2037,1988,2032,2098,2037,2040,2093
2047,2030,1976,2029,2094,2029,2032,2095
2037,2016,1975,2036,2128,2034,2017,2101
2040,2015,1984,2038,2109,2037,2046,2101
2051,2030,1997,2033,2078,2040,2039,2114
2059,2040,2008,2047,2076,2046,2044,2109
2063,2041,2004,2058,2097,2046,2059,2103
2054,2043,2019,2064,2111,2054,2050,2104
2051,2044,2029,2071,2116,2059,2060,2100
2055,2046,2046,2069,2080,2057,2059,2091
2044,2040,2052,2049,2000,2043,2058,2077
2037,2032,2031,2001,1903,2018,2038,2064
2026,2017,2006,1965,1892,2001,2029,2064
2025,2007,1991,1978,1969,2006,2021,2056
2026,2009,1997,2015,2050,2031,2051,2060
2043,2020,2001,2046,2083,2043,2056,2055
2036,2024,2021,2053,2074,2049,2045,2052
2035,2021,2019,2047,2067,2035,2044,2044
2027,2008,2007,2037,2082,2025,2045,2043
2028,2017,2014,2034,2097,2033,2034,2055
2033,2028,2030,2056,2137,2044,2071,2074
2055,2054,2054,2062,2163,2049,2073,2088
2064,2062,2052,2046,2168,2049,2066,2106
2069,2066,2047,2030,2164,2064,2078,2119
2078,2078,2079,2033,2116,2065,2079,2130
2085,2088,2099,2026,1945,2052,2055,2142
2090,2088,2116,2035,1957,2062,2086,2136
2084,2099,2129,2045,2029,2070,2056,2128
2073,2095,2116,2041,2076,2072,2050,2132
2067,2073,2094,2013,2023,2044,2052,2143
2066,2055,2075,1998,2031,2032,2057,2150
2078,2064,2072,2020,2054,2030,2050,2150
2072,2065,2073,2027,2008,2012,2046,2135
2063,2050,2058,2044,2002,2024,2035,2137
2055,2047,2052,2047,2008,2071,2037,2136
2067,2054,2064,2051,1994,2109,2055,2150
2070,2065,2071,2064,2082,2131,2079,2155
2074,2068,2064,2078,2152,2144,2071,2147
2074,2058,2064,2076,2125,2098,2081,2151
2074,2046,2060,2079,2094,2060,2067,2161
2084,2040,2050,2066,2091,2044,2059,2151
2082,2041,2051,2054,2113,2046,2052,2148
2080,2054,2057,2055,2133,2065,2057,2124
2073,2060,2088,2081,2079,2079,2049,2102
2060,2059,2107,2109,2031,2093,2061,2108
2058,2054,2119,2127,2010,2093,2055,2118
2060,2053,2119,2129,2006,2079,2063,2115
2052,2045,2108,2143,2025,2078,2043,2106
2051,2049,2100,2144,2040,2074,2045,2081
2044,2054,2086,2128,2011,2033,2046,2071
2036,2052,2077,2106,1964,1999,2033,2074
2037,2051,2059,2073,1799,1976,2035,2080
2042,2035,2041,2079,1908,2000,2036,2084
2044,2028,2033,2111,2181,2013,2030,2078
2035,2031,2024,2096,2265,2014,2023,2078
2035,2033,2011,2073,2252,2017,2030,2084
2040,2031,1996,2047,2194,2014,2018,2095
2040,2019,1970,1994,2113,2014,2028,2111
2049,2016,1949,1960,2071,2018,2025,2128
2054,2013,1941,1939,2062,2024,2039,2129
2068,2031,1959,1941,2074,2040,2054,2138
2065,2041,1965,1942,2077,2047,2046,2149
2063,2050,1972,1965,2072,2048,2033,2150
2064,2040,1975,1983,2068,2046,2043,2149
2048,2033,1963,1994,2073,2046,2038,2150
2041,2014,1966,2006,2069,2034,2038,2146
2029,2012,1968,2017,2068,2034,2032,2146
2041,2015,1981,2034,2070,2044,2044,2146
2047,2021,1987,2032,2075,2048,2044,2149
2049,2039,2010,2038,2075,2049,2052,2159
2061,2038,2037,2047,2072,2050,2042,2159
2069,2051,2056,2048,2075,2044,2042,2156
2070,2046,2063,2044,2070,2032,2045,2152
2058,2040,2082,2041,2070,2036,2030,2147
2062,2047,2090,2049,2072,2039,2027,2139
2056,2058,2098,2054,2079,2046,2057,2116
2057,2058,2098,2053,2074,2049,2063,2120
2058,2064,2102,2053,2073,2052,2068,2117
2065,2064,2101,2051,2070,2053,2065,2110
2066,2062,2097,2050,2066,2051,2053,2112
2073,2065,2096,2046,2066,2049,2055,2112
2080,2074,2094,2051,2068,2048,2047,2112
2081,2062,2076,2058,2075,2053,2048,2114
2080,2062,2077,2060,2075,2058,2054,2118
2081,2061,2072,2060,2077,2060,2062,2116
2072,2060,2059,2057,2076,2061,2046,2118
2057,2053,2059,2057,2071,2054,2054,2123
2063,2047,2067,2053,2073,2054,2058,2126
2050,2036,2058,2051,2072,2049,2072,2142
2050,2040,2043,2048,2064,2049,2049,2145
2050,2036,2026,2033,2060,2043,2046,2149
2049,2040,2000,2031,2061,2047,2030,2154
2049,2037,1989,2058,2081,2062,2037,2156
2059,2042,1990,2089,2098,2066,2053,2163
2066,2051,1996,2113,2105,2064,2061,2166
2067,2050,1995,2124,2106,2064,2063,2167
2060,2051,1995,2128,2128,2069,2057,2171
2065,2051,2001,2132,2160,2066,2039,2171
2056,2042,2012,2147,2207,2074,2051,2163
2059,2052,2044,2148,2211,2090,2055,2171
2068,2076,2056,2140,2205,2102,2051,2165
2075,2081,2059,2134,2198,2120,2044,2171
2080,2081,2068,2123,2150,2140,2055,2166
2076,2080,2080,2106,2095,2118,2076,2168
2064,2063,2067,2080,2032,2099,2052,2167
2064,2063,2081,2069,2004,2100,2073,2164
2064,2060,2105,2034,1855,2036,2046,2156
2055,2066,2137,2009,1790,1985,2038,2140
2047,2070,2149,1984,1755,1947,2026,2127
2039,2056,2116,1978,1755,1918,2005,2128
2041,2050,2099,2008,1936,1941,2007,2121
2043,2046,2090,2045,2117,2005,2046,2128
2062,2062,2100,2073,2216,2053,2055,2131
2066,2066,2096,2036,2172,2051,2059,2120
2055,2052,2074,1994,2150,2060,2063,2117
2056,2047,2070,1981,2120,2053,2054,2126
2068,2061,2063,1992,2071,2033,2054,2133
2063,2059,2063,2010,2069,2036,2057,2140
2066,2062,2058,2008,2107,2046,2064,2144
2068,2064,2061,2005,2099,2072,2058,2148
2064,2058,2051,2000,2100,2086,2076,2156
2066,2061,2058,2026,2102,2108,2075,2175
2071,2067,2069,2049,2094,2134,2078,2185
2076,2069,2068,2082,2135,2128,2079,2195
2076,2062,2060,2060,2078,2093,2067,2188
2071,2054,2051,2030,1982,2054,2064,2176
2060,2045,2040,2018,2017,2047,2066,2167
2051,2031,2022,2028,2081,2048,2056,2166
2046,2023,2019,2027,1930,2026,2054,2178
2047,2033,2033,2041,1878,2027,2047,2164
2039,2031,2031,2038,1936,2021,2049,2160
2042,2028,2029,2060,2022,2017,2053,2152
2047,2034,2028,2065,2062,2028,2058,2154
2047,2037,2040,2058,2014,2023,2064,2159
2047,2037,2035,2020,1944,2015,2060,2166
2058,2041,2040,1988,1883,1989,2055,2157
2050,2038,2032,1969,1899,1978,2046,2149
2053,2030,2030,1965,1988,1979,2050,2140
2037,2028,2026,1979,2060,1987,2045,2133
2036,2025,2023,1995,2080,2011,2046,2124
2044,2030,2037,2028,2135,2042,2057,2126
2047,2032,2050,2053,2160,2055,2048,2125
2044,2029,2049,2064,2119,2071,2067,2120
2050,2035,2057,2075,2114,2098,2069,2122
2050,2041,2053,2072,2078,2092,2077,2125
2055,2036,2050,2050,1989,2083,2062,2116
2049,2032,2043,2050,1978,2087,2053,2130
2058,2053,2055,2070,2021,2106,2069,2146
2071,2063,2062,2101,2050,2126,2092,2161
2089,2071,2065,2113,2082,2131,2102,2167
2088,2077,2063,2097,2106,2114,2077,2158
2078,2067,2040,2062,2126,2102,2067,2156
2066,2059,2033,2051,2196,2127,2083,2161
2072,2056,2036,2052,2245,2129,2084,2170
2056,2045,2026,2038,2094,2058,2076,2189
2068,2054,2028,2021,1999,1981,2063,2187
2066,2053,2019,1994,2013,1968,2039,2180
2063,2055,2009,1991,2038,1985,2016,2182
2059,2047,2014,2010,2115,1999,2030,2178
2053,2035,2011,2005,2144,1987,2032,2160
2046,2028,2011,2018,2055,1999,2023,2161
2042,2029,2020,2036,2041,2031,2036,2170
2050,2037,2034,2051,2034,2033,2034,2166
2050,2036,2042,2046,2050,2020,2016,2178
2053,2033,2039,2031,2067,2030,2017,2174
2056,2035,2036,2028,2060,2034,2030,2170
2059,2037,2038,2030,2043,2027,2042,2170
2054,2033,2040,2034,2067,2032,2036,2161
2055,2033,2050,2041,2075,2030,2032,2156
2050,2027,2043,2037,2073,2010,2028,2151
2046,2030,2042,2046,2069,2012,2041,2146
2053,2049,2050,2048,2081,2032,2043,2153
2054,2038,2038,2039,2057,2050,2044,2144
2055,2040,2036,2043,2037,2053,2064,2133
2056,2048,2039,2046,2027,2061,2055,2126
2057,2043,2041,2037,2022,2065,2027,2116
2060,2039,2031,2032,2026,2046,2046,2117
2054,2037,2027,2040,2056,2029,2032,2115
2047,2030,2034,2055,2081,2043,2019,2119
2059,2037,2053,2073,2094,2061,2015,2129
2066,2045,2061,2079,2105,2029,2017,2154
2081,2059,2065,2092,2126,2009,2047,2160
2088,2068,2065,2096,2120,2032,2068,2161
2085,2069,2068,2105,2120,2046,2042,2156
2075,2061,2067,2094,2102,2045,2043,2151
2061,2050,2047,2091,2089,2041,2054,2162
2064,2048,2043,2086,2084,2038,2046,2173
2067,2049,2038,2085,2081,2043,2049,2178
2061,2048,2044,2091,2087,2049,2053,2173
2055,2044,2046,2086,2080,2042,2043,2176
2060,2046,2056,2077,2076,2037,2046,2179
2059,2045,2056,2067,2072,2037,2067,2189
2062,2044,2056,2060,2065,2028,2039,2189
2053,2035,2034,2030,2053,2019,2034,2186
2048,2031,2026,2028,2056,2023,2042,2197
2060,2041,2027,2040,2060,2034,2030,2202
2059,2054,2038,2042,2068,2032,2045,2199
2060,2046,2055,2049,2068,2037,2043,2199
2065,2047,2057,2051,2067,2032,2043,2188
2061,2046,2047,2046,2064,2034,2051,2182
2056,2040,2038,2036,2069,2044,2048,2176
2063,2051,2051,2038,2079,2049,2044,2173
2056,2040,2050,2035,2069,2044,2052,2168
2056,2047,2046,2040,2063,2050,2056,2164
2066,2045,2044,2035,2066,2061,2051,2159
2065,2049,2051,2049,2074,2060,2051,2152
2069,2048,2046,2055,2075,2060,2050,2143
2062,2041,2035,2049,2066,2058,2051,2134
2058,2034,2019,2045,2068,2056,2059,2137
2052,2029,2017,2047,2063,2045,2043,2125
2041,2028,2010,2040,2057,2045,2063,2124
2047,2034,2012,2031,2057,2045,2066,2129
2051,2041,2021,2035,2060,2048,2064,2136
2057,2049,2029,2039,2062,2056,2060,2143
2059,2052,2024,2042,2061,2052,2046,2153
2069,2057,2031,2051,2064,2046,2041,2159
2068,2063,2037,2069,2068,2046,2024,2165
2062,2053,2030,2062,2078,2040,2032,2177
2066,2056,2028,2056,2059,2025,2036,2174
2058,2043,2015,2042,2031,2003,2029,2178
2052,2038,2017,2032,1998,1992,2021,2179
2046,2038,2020,2022,1986,1988,2020,2182
2048,2033,2018,2013,1991,1990,2026,2184
2055,2034,2011,2011,2010,2005,2022,2198
2053,2035,2024,2032,2056,2032,2033,2200
2060,2037,2029,2035,2089,2039,2029,2190
2059,2032,2028,2038,2114,2054,2044,2195
2063,2038,2032,2052,2105,2063,2033,2197
2057,2042,2043,2056,2086,2051,2039,2190
2058,2044,2037,2056,2076,2052,2050,2190
2056,2034,2020,2049,2071,2051,2035,2187
2061,2035,2008,2055,2069,2049,2018,2192
2064,2032,2001,2058,2081,2068,2050,2188
2061,2039,2012,2055,2078,2069,2073,2184
2067,2049,2025,2062,2086,2068,2061,2173
2063,2051,2024,2046,2074,2052,2054,2168
2068,2056,2020,2032,2063,2045,2043,2163
2076,2060,2021,2024,2061,2044,2057,2165
2074,2058,2029,2026,2059,2045,2057,2160
2073,2054,2035,2035,2061,2049,2048,2152
2078,2058,2044,2034,2032,2048,2067,2146
2080,2058,2046,2031,2079,2050,2052,2137
2067,2044,2052,2044,2100,2061,2056,2137
2069,2053,2065,2055,2108,2071,2062,2152
2084,2069,2086,2065,2087,2066,2057,2148
2089,2076,2090,2065,2084,2056,2041,2156
2094,2074,2083,2068,2081,2052,2046,2158
2088,2075,2084,2064,2070,2042,2046,2166
2076,2072,2074,2046,2027,2036,2025,2173
2073,2072,2069,2044,2020,2036,2044,2176
2074,2064,2065,2048,2023,2026,2044,2180
2069,2063,2058,2055,2023,2029,2044,2195
2073,2064,2053,2056,2022,2021,2035,2188
2069,2064,2047,2058,2033,2032,2037,2186
2068,2064,2044,2058,2045,2030,2034,2189
2063,2054,2037,2054,2044,2037,2046,2197
2063,2053,2045,2056,2093,2057,2038,2200
2058,2044,2035,2055,2103,2067,2044,2192
2052,2031,2027,2046,2090,2059,2032,2193
2054,2030,2033,2047,2081,2062,2044,2200
2062,2044,2038,2049,2069,2057,2052,2208
2072,2049,2043,2050,2065,2055,2053,2205
2079,2054,2047,2050,2067,2063,2043,2201
2072,2056,2061,2052,2057,2060,2051,2197
2070,2067,2068,2049,2036,2069,2046,2188
2058,2062,2059,2050,2035,2074,2064,2183
2067,2062,2063,2040,2013,2091,2053,2173
2066,2057,2051,2032,1989,2080,2060,2160
2061,2047,2045,2026,1964,2065,2043,2144
2053,2049,2057,2033,2001,2066,2045,2142
2051,2051,2056,2052,2058,2046,2030,2137
2055,2051,2054,2071,2093,2029,2053,2151
2053,2050,2057,2084,2128,2047,2069,2149
2065,2053,2056,2096,2175,2066,2069,2148
2058,2045,2059,2094,2167,2095,2065,2138
2057,2046,2063,2089,2119,2103,2094,2145
2066,2059,2073,2088,2138,2103,2090,2148
2060,2047,2064,2081,2164,2092,2072,2149
2062,2045,2058,2083,2201,2081,2068,2158
2060,2045,2054,2065,2187,2059,2077,2167
2057,2045,2050,2057,2130,2043,2064,2170
2059,2045,2053,2056,2072,2042,2057,2177
2071,2058,2054,2052,2050,2044,2057,2182
2065,2050,2053,2054,2059,2044,2062,2192
2064,2058,2056,2054,2010,2044,2050,2191
2068,2065,2054,2045,1909,2045,2060,2194
2071,2066,2064,2054,1946,2040,2057,2190
2074,2064,2062,2064,1991,2031,2034,2184
2063,2057,2055,2057,2007,2022,2010,2190
2059,2052,2048,2048,2022,2016,2018,2188
2056,2037,2037,2037,2027,2008,2005,2182
2047,2033,2028,2033,2014,2022,2014,2184
2053,2042,2035,2043,2036,2037,2026,2191
2055,2043,2037,2049,2039,2032,2013,2179
2051,2041,2040,2054,2068,2039,2023,2177
2054,2043,2040,2059,2081,2051,2042,2175
2061,2045,2044,2060,2078,2048,2051,2167
2056,2035,2046,2060,2087,2046,2046,2160
2053,2037,2044,2059,2080,2050,2045,2163
2049,2038,2040,2057,2079,2064,2036,2154
2045,2032,2036,2054,2074,2069,2038,2148
2049,2029,2039,2055,2074,2077,2044,2140
2045,2028,2039,2055,2084,2083,2060,2130
2049,2039,2041,2053,2086,2079,2053,2127
2045,2039,2038,2053,2078,2081,2050,2126
2054,2041,2040,2054,2074,2077,2049,2122
2052,2037,2034,2051,2066,2066,2044,2119
2052,2036,2035,2051,2064,2054,2041,2126
2072,2047,2048,2058,2056,2047,2046,2144
2072,2057,2054,2063,2057,2043,2050,2147
2080,2062,2059,2064,2067,2027,2054,2149
2076,2065,2061,2072,2070,2022,2052,2160
2072,2060,2059,2064,2069,2013,2047,2165
2067,2045,2045,2066,2059,1996,2037,2170
2064,2044,2036,2064,2060,2000,2016,2174
2068,2046,2050,2065,2053,1999,2037,2176
2070,2053,2055,2064,2050,2007,2024,2180
2066,2046,2046,2061,2044,2018,2012,2185
2064,2045,2043,2058,2039,2034,2010,2194
2061,2046,2046,2060,2047,2047,2051,2189
2068,2043,2049,2056,2047,2062,2054,2193
2068,2053,2049,2063,2063,2076,2041,2193
2062,2047,2040,2056,2046,2063,2031,2191
2059,2037,2040,2054,2044,2064,2024,2196
2061,2044,2042,2057,2057,2036,2045,2199
2065,2049,2042,2057,2056,1998,2030,2192
2063,2052,2038,2058,2050,1993,2050,2195
2068,2057,2047,2053,2068,2005,2048,2185
2071,2059,2048,2054,2057,2022,2059,2181
2070,2065,2056,2049,2051,2043,2024,2171
2063,2061,2051,2047,2029,2046,2036,2162
2063,2067,2059,2046,2009,2052,2035,2164
2069,2075,2062,2044,2006,2062,2041,2156
2070,2074,2059,2041,2017,2049,2045,2152
2068,2068,2051,2046,2038,2053,2050,2144
2070,2070,2058,2049,2056,2078,2052,2140
2072,2071,2052,2068,2061,2098,2053,2140
2072,2071,2044,2061,2057,2084,2041,2130
2067,2060,2026,2056,2052,2038,2036,2122
2060,2054,2029,2072,2081,2028,2033,2123
2070,2056,2036,2087,2073,2049,2074,2132
2074,2052,2044,2081,2043,2058,2063,2131
2070,2056,2044,2076,2014,2052,2054,2136
2070,2051,2041,2066,1997,2038,2040,2131
2063,2045,2041,2057,2008,2028,2025,2135
2066,2048,2037,2056,2049,2025,2010,2145
2071,2053,2043,2063,2072,2035,2015,2146
2066,2046,2043,2066,2066,2040,2030,2156
2066,2049,2051,2061,2048,2037,2039,2156
2063,2049,2059,2060,2044,2033,2059,2164
2064,2052,2067,2060,2075,2039,2065,2163
2060,2051,2068,2054,2100,2044,2046,2170
2068,2064,2093,2057,2104,2053,2041,2183
2076,2071,2104,2065,2095,2051,2045,2176
2072,2068,2104,2058,2079,2044,2027,2169
2060,2053,2079,2048,2062,2040,2056,2169
2056,2040,2059,2027,2061,2041,2065,2175
2063,2048,2062,2036,2069,2049,2047,2177
2065,2059,2062,2049,2068,2052,2064,2179
2073,2058,2076,2062,2077,2058,2061,2177
2073,2062,2078,2061,2080,2057,2064,2165
2072,2062,2069,2061,2089,2053,2059,2160
2063,2056,2070,2065,2096,2048,2057,2157
2067,2058,2067,2068,2095,2052,2053,2152
2071,2057,2064,2072,2102,2057,2040,2149
2075,2062,2070,2081,2105,2058,2068,2136
2076,2059,2084,2090,2103,2058,2075,2132
2070,2053,2088,2085,2114,2051,2041,2116
2058,2043,2075,2082,2146,2053,2057,2115
2053,2039,2071,2088,2152,2052,2054,2109
2059,2043,2065,2072,2115,2052,2063,2106
2054,2037,2057,2063,2130,2053,2050,2106
2051,2036,2055,2068,2126,2056,2049,2110
2059,2038,2050,2065,2117,2052,2035,2112
2056,2039,2046,2065,2099,2051,2037,2116
2052,2042,2049,2062,2000,2039,2049,2118
2052,2044,2045,2042,1913,2027,2046,2126
2060,2047,2046,2046,1953,2034,2060,2135
2067,2050,2054,2050,2006,2037,2068,2148
2062,2048,2043,2043,2034,2041,2056,2148
2063,2042,2048,2046,2041,2018,2056,2153
2061,2042,2034,2032,2007,1978,2047,2154
2064,2041,2039,2021,1962,1947,2032,2149
2057,2034,2042,2027,1940,1939,2028,2157
2057,2032,2050,2030,1926,1934,2030,2144
2047,2027,2059,2035,1948,1961,2022,2142
2055,2037,2083,2086,2040,2026,2055,2156
2065,2037,2088,2112,2098,2047,2049,2162
2056,2031,2072,2109,2117,2070,2049,2152
2059,2041,2066,2117,2131,2095,2058,2149
2046,2040,2058,2113,2112,2077,2053,2146
2047,2041,2049,2100,2092,2059,2034,2144
2045,2039,2045,2082,2069,2053,2051,2139
2056,2039,2039,2075,2054,2053,2057,2132
2058,2037,2039,2070,2059,2058,2066,2134
2057,2029,2024,2050,2024,2052,2058,2126
2046,2025,2020,2036,2008,2051,2057,2118
2048,2033,2031,2022,2024,2050,2060,2108
2059,2040,2036,2016,2045,2049,2061,2102
2060,2044,2040,2009,2046,2047,2056,2096
2063,2049,2040,2011,2036,2046,2076,2099
2070,2061,2053,2031,2042,2053,2065,2104
2065,2058,2051,2023,1990,2053,2040,2098
2060,2045,2047,2019,2021,2045,2036,2090
2047,2026,2032,2028,2063,2047,2044,2096
2055,2036,2037,2035,2078,2062,2048,2100
2062,2036,2040,2032,2044,2056,2047,2096
2057,2031,2030,2028,2029,2048,2061,2104
2054,2032,2021,2024,2048,2037,2068,2103
2056,2035,2025,2016,2031,2032,2053,2108
2055,2040,2039,2000,1975,2018,2045,2113
2052,2042,2050,2000,1979,2024,2034,2117
2048,2048,2064,2014,1984,2037,2053,2110
2048,2045,2069,2018,2012,2014,2042,2127
2047,2057,2080,2034,2050,1995,2049,2130
2057,2057,2074,2045,2083,2016,2057,2138
2065,2061,2069,2052,2103,2045,2073,2146
2069,2064,2069,2054,2107,2067,2072,2147
2067,2071,2080,2063,2100,2066,2076,2150
2066,2071,2089,2062,2104,2052,2064,2145
2061,2063,2099,2060,2107,2044,2060,2140
2061,2070,2097,2062,2118,2048,2053,2153
2072,2081,2104,2072,2124,2053,2058,2149
2077,2073,2100,2071,2112,2044,2060,2143
2066,2074,2095,2065,2093,2046,2024,2140
2067,2076,2085,2061,2090,2045,2044,2138
2070,2071,2082,2063,2090,2051,2061,2138
2065,2071,2086,2061,2089,2058,2067,2126
2068,2072,2084,2064,2092,2054,2060,2127
2064,2073,2077,2068,2112,2054,2050,2116
2065,2066,2080,2066,2126,2050,2063,2117
2065,2066,2080,2074,2128,2061,2069,2111
2072,2071,2080,2073,2131,2072,2076,2105
2069,2075,2085,2086,2156,2086,2078,2104
2063,2069,2075,2091,2163,2096,2080,2089
2055,2058,2067,2092,2198,2101,2070,2079
2052,2046,2055,2087,2204,2094,2064,2079
2052,2045,2062,2081,2153,2083,2067,2083
2061,2056,2058,2070,2034,2074,2068,2082
2059,2052,2052,2056,1966,2055,2055,2078
2054,2038,2040,2028,1931,2049,2047,2087
2055,2049,2035,2019,1850,2054,2047,2093
2061,2053,2040,2000,1797,2021,2040,2104
2069,2055,2040,2019,1849,1978,2015,2115
2057,2051,2045,2035,1909,1960,2020,2125
2062,2058,2056,2065,2039,1986,2039,2138
2060,2060,2060,2070,2142,2021,2052,2140
2066,2057,2057,2049,2114,2031,2068,2129
2061,2052,2054,2049,2099,2050,2067,2130
2056,2051,2062,2061,2142,2071,2077,2128
2060,2052,2074,2075,2171,2076,2079,2130
2052,2039,2070,2076,2144,2064,2054,2130
2052,2036,2066,2071,2103,2045,2043,2124
2043,2019,2062,2072,2050,2030,2037,2124
2041,2027,2068,2071,1993,2028,2051,2118
2055,2046,2074,2074,2029,2031,2054,2118
2051,2044,2064,2080,2086,2030,2049,2118
2046,2038,2053,2073,2126,2029,2048,2113
2042,2039,2054,2079,2125,2020,2043,2103
2047,2043,2062,2084,2121,2034,2057,2109
2050,2054,2064,2096,2103,2035,2048,2098
2048,2044,2051,2077,2083,2037,2057,2091
2044,2039,2042,2063,2081,2042,2052,2092
2045,2037,2035,2037,2005,2034,2043,2080
2040,2036,2026,2011,1891,2018,2045,2078
2046,2032,2027,2010,1959,2016,2052,2065
2043,2041,2032,2016,2040,2027,2034,2066
2047,2047,2031,2013,2070,2028,2036,2057
2048,2049,2029,1995,2055,2013,2040,2057
2044,2043,2034,1998,2040,2012,2045,2061
2051,2047,2055,2018,2039,2018,2044,2070
2063,2067,2076,2043,2041,2020,2047,2069
2068,2068,2082,2042,2019,2007,2044,2073
2066,2063,2072,2033,1994,2000,2029,2074
2064,2060,2057,2032,1997,2007,2044,2078
2056,2049,2047,2039,2023,2030,2021,2088
2062,2053,2055,2060,2046,2041,2041,2097
2060,2052,2072,2066,2051,2047,2042,2104
2059,2052,2070,2057,2064,2042,2027,2107
2058,2052,2070,2056,2068,2045,2029,2110
2066,2053,2064,2060,2060,2068,2038,2110
2058,2051,2057,2049,2033,2085,2054,2105
2053,2049,2049,2036,1981,2080,2073,2109
2054,2044,2037,2025,1965,2073,2043,2116
2055,2050,2032,2024,1976,2060,2037,2116
2052,2047,2030,2054,2051,2033,2072,2118
2052,2049,2034,2073,2121,2015,2093,2128
2064,2060,2037,2090,2163,2039,2071,2126
2059,2053,2027,2078,2165,2046,2068,2105
2057,2045,2026,2076,2145,2046,2067,2109
2057,2045,2025,2061,2090,2054,2064,2114
2065,2056,2046,2062,2075,2068,2058,2114
2066,2068,2060,2057,2066,2096,2078,2108
2067,2071,2063,2066,2088,2097,2079,2095
2068,2072,2077,2067,2083,2070,2061,2081
2061,2053,2070,2064,2056,2046,2045,2063
2052,2043,2064,2050,2029,2024,2043,2054
2050,2041,2060,2038,2027,2042,2033,2044
2045,2044,2056,2029,2047,2067,2036,2038
2041,2043,2059,2021,2048,2062,2034,2043
2040,2050,2069,2029,2084,2030,2022,2038
2042,2051,2068,2027,2105,2011,2040,2040
2043,2059,2071,2048,2128,1983,2041,2053
2063,2074,2081,2067,2159,1995,2047,2062
2059,2070,2074,2063,2137,2009,2040,2052
2054,2062,2068,2067,2120,2025,2035,2066
2060,2055,2067,2064,2103,2032,2042,2066
2061,2062,2067,2064,2052,2031,2034,2076
2057,2058,2064,2052,1922,2017,2039,2080
2057,2064,2060,2053,1931,2027,2038,2085
2055,2066,2064,2058,1980,2038,2043,2090
2062,2074,2065,2061,2019,2035,2044,2085
2060,2061,2059,2069,2039,2046,2051,2086
2058,2061,2062,2070,2044,2060,2041,2095
2052,2061,2068,2070,2045,2080,2043,2102
2054,2062,2067,2074,2049,2091,2026,2096
2057,2054,2058,2064,2040,2092,2038,2094
2043,2033,2042,2056,2038,2087,2034,2091
2032,2032,2039,2055,2045,2061,2049,2102
2050,2039,2042,2068,2059,2035,2052,2102
2052,2039,2042,2070,2066,2048,2041,2100
2049,2040,2044,2065,2063,2049,2051,2096
2047,2048,2058,2067,2058,2055,2054,2091
2049,2052,2052,2065,2062,2050,2053,2080
2046,2053,2041,2065,2059,2049,2062,2077
2049,2044,2037,2050,2043,2032,2044,2053
2032,2032,2029,2032,2040,2027,2027,2055
2036,2033,2020,2029,2048,2019,2014,2046
2039,2033,2020,2031,2036,1990,2047,2037
2042,2035,2022,2028,2016,1993,2048,2040
2052,2048,2032,2037,2064,2025,2031,2032
2057,2061,2060,2050,2076,2037,2040,2026
2060,2072,2077,2060,2078,2027,2056,2024
2055,2065,2078,2056,2050,2028,2024,2020
2053,2061,2078,2058,2051,2031,2044,2018
2053,2074,2082,2068,2063,2041,2045,2025
2058,2067,2079,2049,2050,2043,2044,2036
2050,2063,2070,2035,2017,2036,2017,2036
2053,2060,2072,2043,2024,2037,2037,2046
2054,2056,2076,2052,2019,2029,2021,2048
2053,2060,2076,2051,2009,2009,2001,2058
2052,2055,2074,2050,2008,2009,2031,2065
2048,2057,2066,2051,2005,2006,2042,2063
2052,2057,2065,2046,1992,2014,2037,2069
2049,2059,2058,2040,1976,2021,2044,2060
2050,2052,2053,2034,1959,2010,2041,2065
2043,2053,2053,2035,1951,2010,2037,2075
2055,2065,2069,2056,2010,2036,2051,2082
2063,2075,2077,2082,2068,2062,2067,2088
2061,2074,2069,2085,2092,2084,2069,2082
2058,2060,2066,2080,2083,2092,2067,2082
2049,2062,2062,2072,2052,2088,2069,2078
2050,2053,2050,2056,2033,2066,2061,2070
2040,2044,2044,2049,2022,2052,2044,2064
2037,2044,2042,2052,2054,2069,2055,2065
2042,2053,2048,2044,2000,2076,2054,2056
2036,2042,2043,2012,1925,2059,2062,2040
2040,2042,2039,2005,1984,2046,2060,2037
2039,2047,2046,2013,2066,2059,2048,2035
2047,2044,2044,2034,2083,2071,2058,2030
2049,2049,2047,2055,2103,2063,2044,2024
2041,2048,2038,2067,2123,2056,2049,2011
2042,2044,2045,2080,2111,2045,2047,2005
2040,2044,2061,2073,2094,2038,2045,1999
2046,2049,2065,2077,2090,2029,2035,1996
2042,2044,2063,2069,2090,2019,2038,1998
2040,2040,2056,2071,2077,2024,2041,2000
2049,2058,2059,2070,2054,2042,2053,2014
2051,2061,2066,2068,2036,2045,2049,2017
2057,2068,2070,2066,2042,2034,2054,2024
2062,2069,2075,2069,2049,2024,2042,2026
2069,2077,2073,2073,1999,2023,2060,2033
2070,2076,2063,2065,1949,2035,2046,2042
2075,2075,2053,2065,1951,2048,2050,2046
2064,2070,2037,2064,1996,2050,2049,2049
2059,2062,2028,2066,2005,2018,2042,2047
2059,2050,2025,2067,2052,1978,2040,2049
2053,2045,2026,2083,2116,1980,2040,2053
2047,2032,2026,2087,2171,2031,2048,2052
2045,2027,2029,2080,2169,2074,2052,2050
2040,2020,2033,2067,2201,2084,2045,2050
2029,2023,2034,2050,2154,2084,2035,2041
2033,2031,2052,2054,2129,2061,2044,2047
2047,2043,2058,2051,2116,2048,2043,2045
2042,2052,2045,2029,2057,2037,2041,2041
2044,2056,2040,2035,1974,2009,2037,2038
2043,2046,2029,2037,1934,2006,2033,2044
2044,2043,2036,2050,1989,2041,2054,2045
2049,2049,2047,2068,2040,2076,2075,2035
2049,2053,2049,2066,2032,2080,2065,2040
2054,2060,2051,2057,2032,2075,2062,2034
2048,2054,2051,2043,2034,2073,2059,2030
2051,2058,2035,2022,1998,2068,2053,2022
2043,2051,2020,2000,1993,2062,2055,2015
2046,2048,2010,1989,1983,2061,2041,1999
2044,2041,2007,1968,1972,2030,2045,1989
2048,2054,2014,1962,1961,2003,2029,1980
2045,2047,2031,1980,1968,1985,2018,1971
2040,2043,2037,1989,1981,1958,2017,1975
2045,2056,2056,2040,2104,1984,2041,1995
2058,2068,2069,2075,2219,2039,2063,2001
2064,2068,2072,2080,2193,2064,2057,2001
2062,2060,2067,2079,2186,2074,2067,2001
2061,2056,2056,2056,2087,2048,2046,2006
2053,2047,2058,2038,1974,2028,2054,2017
2056,2048,2060,2039,1996,2030,2048,2026
2051,2048,2043,2045,2038,2035,2045,2038
2050,2051,2053,2048,2061,2036,2049,2037
2049,2049,2065,2054,2073,2042,2061,2025
2045,2057,2068,2054,2058,2038,2050,2031
2043,2053,2055,2038,2029,2038,2056,2036
2051,2051,2053,2030,2015,2043,2043,2036
2059,2058,2058,2035,2002,2042,2057,2041
2057,2054,2058,2030,2002,2032,2054,2043
2050,2046,2042,2030,1971,2030,2041,2039
2044,2041,2040,2024,1951,2036,2042,2034
2042,2037,2040,2034,2006,2045,2046,2035
2047,2040,2047,2053,2043,2049,2059,2035
2047,2037,2048,2059,2062,2056,2050,2029
2048,2045,2048,2054,2069,2043,2020,2022
2050,2049,2044,2052,2061,2039,2021,2024
2047,2051,2040,2044,2048,2025,2039,2016
2041,2042,2028,2040,2034,2016,2040,2011
2050,2043,2028,2038,2033,2022,2043,2006
2048,2044,2032,2039,2035,2037,2043,2008
2049,2053,2029,2038,2023,2038,2038,1994
2046,2048,2024,2049,2024,2036,2045,1992
2042,2037,2024,2043,2019,2032,2044,1986
2034,2035,2024,2044,2014,2026,2042,1981
2041,2032,2025,2039,2036,2023,2038,1970
2029,2022,2017,2032,2067,2018,2029,1966
2029,2019,2010,2031,2096,2036,2036,1968
2036,2034,2020,2053,2138,2054,2047,1972
2041,2039,2026,2067,2164,2061,2036,1981
2034,2040,2041,2073,2153,2063,2041,1992
2043,2058,2073,2081,2144,2061,2048,2008
2052,2077,2100,2095,2117,2062,2052,2012
2054,2072,2084,2086,2024,2047,2054,2017
2052,2067,2071,2068,1918,2028,2044,2016
2045,2051,2054,2059,1933,2032,2054,2021
2037,2044,2039,2040,1960,2026,2043,2019
2036,2037,2028,2037,1980,2029,2045,2021
2029,2042,2034,2038,2010,2035,2041,2021
2026,2051,2051,2046,2020,2030,2041,2027
2030,2048,2057,2055,2023,2029,2041,2033
2036,2055,2053,2051,2026,2022,2035,2024
2041,2050,2058,2043,2020,2027,2038,2032
2039,2046,2049,2042,2022,2034,2046,2033
2045,2048,2045,2037,2027,2036,2054,2033
2044,2046,2042,2027,2007,2033,2037,2024
2041,2051,2040,2027,1994,2029,2040,2027
2037,2056,2042,2033,1988,2032,2062,2031
2046,2071,2061,2038,2000,2054,2061,2021
2049,2076,2060,2038,1987,2063,2052,2012
2049,2083,2065,2039,1978,2068,2052,2013
2050,2074,2058,2046,1999,2075,2047,2005
2047,2072,2062,2052,2010,2057,2028,2006
2053,2070,2061,2062,2001,2016,2050,2006
2050,2069,2064,2064,2013,2007,2052,1991
2045,2060,2056,2061,1995,2029,2047,1979
2036,2056,2045,2058,2006,2042,2065,1969
2027,2048,2042,2043,2007,2041,2055,1965
2018,2039,2029,2018,1989,2027,2044,1954
2021,2037,2025,2033,2075,2050,2039,1967
2038,2049,2036,2068,2156,2074,2032,1976
2044,2056,2041,2076,2113,2075,2033,1986
2045,2050,2037,2053,1986,2062,2053,1994
2051,2059,2035,2043,1936,2069,2055,2011
2073,2080,2051,2049,2026,2076,2058,2012
2063,2068,2043,2048,2077,2076,2062,2012
2055,2060,2053,2054,2058,2067,2069,2016
2047,2054,2049,2046,2010,2034,2055,2026
2041,2041,2040,2018,1926,1995,2039,2026
2030,2037,2034,1999,1869,1980,2013,2022
2036,2040,2043,2003,1950,1985,2021,2030
2041,2041,2044,2024,2066,2012,2035,2030
2030,2038,2050,2043,2133,2037,2042,2032
2039,2045,2055,2068,2174,2072,2043,2027
2037,2038,2045,2066,2144,2082,2053,2037
2038,2051,2054,2074,2137,2095,2064,2051
2054,2072,2069,2077,2122,2099,2062,2054
2058,2074,2064,2069,2102,2087,2049,2047
2053,2066,2055,2050,2018,2033,2054,2044
2050,2059,2046,2018,1830,1965,2027,2030
2052,2048,2041,2010,1777,1962,2031,2030
2049,2049,2054,2032,1876,1996,2047,2013
2043,2053,2045,2059,2009,2029,2045,1998
2032,2041,2038,2066,2070,2061,2053,1994
2036,2042,2045,2084,2064,2107,2056,1992
2041,2045,2053,2107,2131,2152,2075,1986
2038,2052,2064,2119,2224,2179,2085,1983
2035,2055,2065,2130,2320,2175,2079,1980
2037,2059,2066,2119,2351,2155,2057,1983
2050,2063,2064,2118,2368,2099,2054,1984
2044,2036,2044,2099,2329,2065,2046,1977
2032,2031,2028,2056,2156,2043,2055,1976
2035,2031,2029,2027,2037,2002,2025,1965
2031,2032,2033,1994,1973,1980,2035,1967
2040,2050,2052,2009,1937,1989,2049,1981
2043,2046,2052,2011,1899,1989,2045,1990
2044,2046,2052,2025,2046,2025,2056,1993
2034,2042,2051,2030,2079,2036,2064,1995
2027,2034,2044,1998,1926,2015,2072,2003
2024,2037,2042,1997,1943,2018,2062,2001
2025,2028,2043,2017,1949,2033,2057,2021
2032,2033,2046,2036,1899,2042,2070,2025
2034,2038,2052,2049,1831,2055,2066,2028
2033,2042,2056,2062,1816,2062,2050,2026
2036,2044,2054,2044,1707,2033,2046,2025
2040,2045,2062,2044,1707,1994,2041,2024
2038,2053,2061,2051,1803,1994,2021,2021
2036,2050,2060,2048,1865,1989,2046,2020
2040,2055,2060,2033,1987,2003,2032,2016
2036,2052,2052,2032,2053,2011,2044,2017
2028,2054,2058,2068,2169,2043,2062,2022
2038,2046,2056,2071,2262,2043,2053,2011
2027,2031,2038,2050,2276,2037,2040,2002
2024,2031,2038,2059,2220,2051,2038,1998
2026,2034,2048,2068,2155,2066,2021,2000
2038,2043,2050,2073,2132,2063,2020,1997
2043,2043,2052,2065,2120,2089,2032,1997
2038,2045,2047,2064,2082,2077,2052,1981
2036,2049,2048,2059,2053,2058,2057,1975
2036,2046,2057,2049,2022,2020,2050,1974
2038,2047,2055,2041,2004,2025,2038,1971
2040,2055,2059,2054,2057,2069,2039,1970
2038,2049,2051,2054,2064,2089,2042,1975
2039,2046,2046,2060,2054,2089,2040,1971
2043,2050,2049,2051,2057,2095,2040,1969
2040,2047,2046,2049,2074,2102,2042,1969
2028,2046,2046,2053,2078,2110,2057,1986
2042,2058,2056,2051,2037,2133,2050,1989
2048,2065,2055,2039,1984,2166,2058,2012
2060,2067,2067,2038,1961,2198,2083,2033
2067,2079,2068,2060,2033,2209,2099,2048
2063,2073,2068,2076,2074,2173,2084,2044
2056,2056,2058,2073,2052,2043,2061,2040
2049,2050,2057,2070,2084,1960,2064,2038
2031,2039,2053,2074,2125,1969,2059,2037
2033,2046,2037,2042,2038,1927,2032,2038
2025,2037,2032,2017,1954,1896,2023,2033
2031,2057,2049,2026,1920,1921,1994,2025
2028,2052,2042,2024,1893,1933,1982,2012
2033,2050,2045,2066,2039,1995,2013,2021
2035,2057,2059,2081,2089,2025,2046,2025
2047,2052,2061,2074,2061,2036,2051,2030
2045,2057,2062,2069,2046,2036,2045,2033
2058,2060,2067,2066,2021,2036,2051,2042
2061,2065,2063,2058,2012,2031,2041,2046
2060,2060,2058,2056,2017,2034,2049,2036
2046,2055,2066,2063,2039,2046,2053,2033
2049,2048,2054,2055,2029,2055,2059,2020
2033,2043,2040,2045,2033,2046,2042,1998
2026,2043,2040,2044,2040,2039,2040,1979
2015,2032,2040,2037,2035,2039,2039,1966
2012,2029,2044,2044,2048,2053,2037,1958
2009,2043,2046,2047,2057,2056,2054,1966
2018,2046,2050,2046,2045,2050,2043,1973
2023,2041,2040,2044,2040,2054,2027,1987
2027,2041,2039,2043,2036,2051,2053,1994
2034,2049,2050,2045,2039,2046,2048,1995
2044,2050,2051,2041,2032,2047,2046,1996
2034,2042,2046,2046,2031,2042,2057,2008
2038,2037,2044,2042,2024,2036,2056,2014
2038,2042,2051,2045,2030,2040,2062,2030
2046,2053,2059,2054,2036,2050,2068,2032
2052,2061,2061,2049,2033,2042,2036,2026
2044,2058,2063,2056,2042,2052,2054,2025
2040,2055,2058,2052,2034,2047,2048,2033
2048,2050,2056,2046,2033,2048,2029,2030
2038,2047,2051,2048,2047,2055,2035,2029
2029,2043,2053,2052,2040,2059,2022,2017
2031,2041,2048,2049,2030,2039,2008,2022
2027,2045,2047,2044,2011,2023,1997,2023
2014,2036,2041,2036,2005,2033,2030,2029
2019,2036,2043,2038,2015,2045,2054,2047
2034,2058,2056,2049,2028,2043,2058,2043
2042,2059,2064,2048,2017,2054,2060,2045
2037,2058,2060,2038,1998,2032,2044,2035
2039,2057,2056,2026,1983,2009,2008,2021
2026,2042,2044,2027,1967,1979,1998,2019
2026,2048,2048,2035,1978,1946,1996,2022
2032,2052,2051,2036,2000,1929,2024,2017
2027,2040,2041,2032,2028,1983,2039,2010
2030,2046,2053,2058,2111,2049,2052,2010
2039,2065,2069,2090,2144,2079,2084,2011
2038,2057,2071,2083,2129,2072,2071,1993
2039,2053,2061,2082,2114,2083,2065,1983
2036,2054,2058,2075,2101,2085,2061,1984
2034,2047,2058,2071,2077,2083,2056,1973
2028,2032,2044,2051,2048,2070,2060,1975
2029,2028,2035,2035,2030,2096,2044,1972
2026,2035,2039,2030,2026,2127,2058,1979
2033,2035,2040,2033,2020,2134,2059,1981
2035,2038,2047,2040,2002,2114,2054,1990
2025,2038,2046,2032,1995,2090,2041,1996
2023,2041,2046,2035,2017,2057,2031,2007
2027,2040,2039,2052,2030,2029,2052,2020
2038,2048,2045,2056,2042,2041,2059,2022
2034,2047,2048,2053,2036,2046,2044,2027
2032,2043,2042,2051,2033,2025,2040,2027
2032,2039,2039,2044,2040,2019,2046,2026
2021,2034,2037,2041,2053,2019,2039,2029
2026,2034,2048,2056,2078,2034,2059,2044
2031,2047,2057,2065,2069,2050,2043,2048
2031,2048,2051,2064,2053,2047,2054,2042
2018,2039,2046,2052,2049,2035,2040,2034
2024,2037,2042,2047,2039,2035,2042,2038
2026,2044,2048,2050,2035,2036,2040,2045
2031,2050,2047,2044,2053,2033,2042,2036
2034,2041,2051,2049,2084,2031,2053,2037
2034,2043,2056,2065,2119,2036,2049,2038
2036,2044,2053,2073,2160,2047,2058,2042
2039,2048,2059,2084,2196,2053,2067,2037
2041,2054,2060,2089,2228,2056,2064,2030
2033,2054,2055,2083,2232,2061,2052,2027
2047,2064,2063,2089,2235,2072,2070,2024
2050,2064,2066,2080,2194,2073,2065,2021
2044,2057,2057,2040,1996,2054,2063,2004
2043,2052,2044,2007,1893,2023,2044,1997
2035,2040,2046,2002,1876,1993,2049,1994
2036,2044,2044,2016,1873,1999,2046,1991
2030,2038,2035,2027,1987,2015,2042,1975
2011,2037,2031,2038,2078,2020,2039,1970
2020,2041,2046,2059,2133,2037,2051,1983
2028,2040,2049,2075,2138,2049,2063,2007
2035,2047,2057,2070,2108,2050,2060,2008
2032,2040,2050,2052,2082,2047,2052,2012
2028,2049,2055,2032,1954,2039,2047,2017
2038,2047,2048,2028,1919,2045,2048,2030
2047,2049,2047,2045,1980,2053,2051,2027
2044,2045,2048,2053,1994,2049,2033,2032
2037,2038,2050,2058,2026,2050,2030,2035
2031,2043,2054,2043,2016,2037,2038,2032
2030,2041,2050,2036,1995,2023,2035,2038
2037,2053,2056,2043,2000,2032,2043,2042
2041,2058,2065,2046,2005,2034,2027,2056
2045,2059,2064,2048,2014,2032,2038,2056
2038,2047,2061,2039,2031,2021,2030,2049
2032,2042,2057,2044,2046,2025,2034,2049
2042,2060,2062,2048,2046,2036,2063,2056
2049,2063,2062,2043,2029,2040,2068,2054
2046,2062,2064,2042,2022,2038,2052,2045
2048,2059,2059,2047,2045,2043,2052,2049
2044,2057,2064,2046,2046,2044,2060,2047
2038,2055,2058,2043,2026,2040,2063,2044
2038,2051,2061,2042,2025,2042,2063,2035
2041,2060,2064,2052,2031,2049,2065,2025
2045,2058,2057,2050,2056,2050,2040,2020
2042,2053,2058,2051,2060,2047,2053,2012
2040,2045,2053,2050,2078,2047,2059,2001
2044,2047,2061,2059,2077,2050,2039,2002
2042,2054,2061,2062,2082,2048,2054,1993
2037,2054,2065,2069,2084,2049,2034,1994
2042,2048,2062,2062,2075,2043,2050,1992
2029,2039,2057,2056,2069,2038,2058,2005
2040,2051,2069,2064,2041,2041,2048,2004
2032,2047,2056,2046,2027,2036,2032,2004
2033,2044,2064,2051,2031,2041,2027,2026
2040,2058,2066,2054,2029,2043,2028,2035
2041,2060,2070,2056,2020,2041,2036,2036
2038,2055,2061,2058,2016,2040,2023,2046
2039,2047,2057,2058,2037,2025,2024,2042
2032,2041,2051,2058,2077,2020,2016,2046
2034,2039,2050,2052,2113,2031,2028,2049
2035,2043,2055,2074,2145,2044,2050,2054
2034,2048,2058,2077,2133,2052,2046,2059
2038,2046,2054,2064,2115,2048,2057,2062
2035,2043,2048,2058,2118,2053,2061,2064
2036,2035,2051,2057,2095,2052,2043,2064
2034,2037,2042,2040,2026,2033,2046,2067
2026,2030,2038,2037,2022,2024,2029,2071
2033,2041,2046,2040,2048,2024,2038,2059
2038,2044,2046,2038,2040,2026,2052,2057
2041,2041,2041,2041,2084,2042,2043,2057
2034,2050,2047,2057,2143,2059,2048,2055
2033,2046,2046,2052,2114,2053,2057,2051
2032,2037,2044,2048,2078,2042,2049,2043
2031,2038,2034,2040,2061,2026,2051,2038
2032,2031,2034,2039,2052,2024,2041,2026
2032,2034,2031,2037,2058,2032,2044,2023
2034,2032,2028,2038,2036,2046,2042,2019
2031,2028,2029,2039,2010,2047,2051,2009
2032,2028,2019,2038,1992,2045,2052,2008
2034,2024,2026,2035,2003,2040,2059,2007
2036,2023,2015,2039,1985,2042,2070,2017
2034,2023,2000,2041,2002,2036,2058,2009
2034,2011,1983,2038,1995,2035,2063,2015
2039,2015,1990,2051,2032,2046,2064,2026
2042,2031,1997,2072,2128,2056,2065,2028
2037,2028,2001,2102,2236,2076,2054,2024
2031,2023,2001,2097,2205,2077,2062,2025
2033,2021,2003,2077,2136,2065,2060,2033
2036,2018,2006,2059,2051,2046,2066,2035
2032,2017,1999,2028,1986,2020,2037,2032
2029,2021,2006,2022,2003,2032,2052,2044
2033,2031,2007,2037,2029,2041,2047,2046
2040,2045,2024,2040,2040,2043,2039,2052
2038,2046,2039,2041,2039,2024,2030,2053
2035,2049,2041,2043,2045,2011,2045,2057
2029,2052,2043,2042,2028,2016,2049,2052
2033,2039,2058,2035,2024,2024,2039,2049
2022,2034,2060,2017,2032,2032,2010,2051
2015,2032,2074,2010,2035,2038,2021,2055
2027,2055,2103,2029,2040,2053,2045,2063
2042,2069,2126,2041,2072,2075,2025,2064
2046,2087,2133,2066,2107,2097,2055,2072
2047,2083,2118,2078,2142,2109,2063,2076
2045,2081,2110,2082,2135,2112,2061,2069
2056,2077,2111,2079,2152,2118,2051,2065
2049,2071,2116,2085,2161,2103,2060,2058
2049,2071,2110,2078,2183,2068,2053,2054
2043,2074,2112,2076,2148,2024,2055,2045
2053,2075,2112,2076,2086,2012,2056,2035
2047,2065,2110,2077,2039,2015,2055,2023
2043,2053,2096,2089,2062,2030,2049,2012
2042,2050,2089,2094,2087,2048,2034,1998
2031,2042,2084,2099,2094,2065,2024,2006
2024,2035,2074,2084,2065,2065,2037,2004
2037,2040,2073,2076,2042,2060,2054,2008
2038,2052,2068,2061,2040,2052,2052,2006
2030,2047,2068,2059,2038,2043,2053,2006
2031,2037,2063,2061,2066,2056,2050,2007
2030,2036,2049,2049,2078,2054,2040,2012
2027,2027,2050,2052,2124,2056,2039,2026
2030,2038,2056,2076,2146,2062,2045,2039
2032,2038,2048,2065,2124,2057,2040,2041
2027,2038,2031,2051,2100,2062,2049,2045
2026,2032,2025,2035,2090,2075,2045,2052
2024,2030,2014,2013,2006,2063,2042,2046
2023,2024,2008,1989,1895,2039,2017,2057
2023,2021,2008,2000,1911,2033,2023,2050
2015,2026,2009,2005,1967,2007,2023,2059
2010,2026,2011,2003,1997,1956,2014,2051
2006,2023,2013,2009,2033,1939,2006,2053
2008,2025,2017,2023,2069,1978,2016,2058
2024,2035,2018,2044,2098,2040,2042,2069
2024,2040,2020,2046,2110,2060,2051,2069
2029,2038,2023,2050,2107,2066,2050,2063
2032,2051,2030,2054,2112,2072,2053,2064
2034,2051,2030,2061,2156,2085,2045,2065
2037,2047,2028,2072,2180,2083,2048,2059
2036,2047,2037,2075,2148,2068,2055,2050
2043,2050,2068,2102,2125,2076,2060,2050
2044,2043,2088,2109,2116,2072,2067,2047
2028,2033,2084,2117,2115,2046,2062,2027
2027,2022,2074,2104,2077,2012,2057,2014
2016,2019,2059,2112,2118,2008,2066,2007
2020,2022,2037,2120,2140,2017,2062,2001
2020,2021,2025,2134,2144,2018,2049,1995
2024,2020,2014,2129,2124,1991,2042,1995
2017,2016,2009,2115,2125,2002,2029,1994
2017,2023,2013,2095,2048,2024,2035,1990
2018,2029,2008,2071,2018,2049,2037,2001
2019,2033,2001,2069,2115,2081,2032,2002
2016,2027,1991,2034,2139,2068,2028,2019
2016,2021,1977,2005,2128,2053,2026,2023
2013,2022,1976,1986,2112,2041,2025,2032
2017,2033,1992,1978,2105,2042,2038,2035
2023,2049,2018,1957,2063,2044,2030,2038
2029,2057,2034,1962,2076,2059,2043,2055
2036,2064,2044,1964,2065,2084,2057,2058
2031,2053,2042,1955,1951,2102,2060,2060
2035,2058,2059,1993,1994,2130,2084,2066
2033,2051,2060,2009,2043,2130,2092,2070
2031,2040,2052,2008,2056,2124,2078,2066
2026,2038,2045,2004,2042,2065,2056,2062
2029,2040,2052,2004,2034,2032,2055,2071
2040,2046,2070,2023,2049,2035,2061,2079
2040,2051,2072,2028,2036,2029,2066,2087
2032,2052,2079,2024,2023,2027,2064,2072
2033,2065,2090,2032,2020,2036,2057,2067
2042,2074,2088,2042,2037,2035,2050,2058
2033,2075,2084,2048,2041,2022,2054,2045
2028,2059,2071,2052,2041,2019,2048,2042
2034,2060,2064,2057,2062,2028,2059,2042
2030,2065,2069,2058,2062,2037,2056,2040
2026,2054,2060,2055,2052,2057,2057,2034
2028,2049,2053,2054,2058,2066,2067,2022
2025,2047,2059,2051,2062,2084,2064,2018
2025,2042,2052,2047,2051,2105,2060,2013
2020,2040,2052,2047,2043,2129,2058,2009
2024,2035,2046,2042,2040,2102,2045,2009
2021,2034,2043,2043,2043,2056,2051,2011
2026,2047,2049,2042,2051,1990,2060,2025
2036,2062,2057,2052,2075,1990,2074,2027
2034,2057,2060,2054,2088,2038,2057,2026
2033,2054,2050,2049,2067,2053,2054,2028
2034,2051,2042,2054,2055,2041,2069,2034
2030,2047,2042,2042,2042,2058,2065,2048
2027,2043,2041,2046,2046,2061,2054,2047
2035,2047,2040,2042,2050,2057,2040,2047
2031,2043,2038,2042,2054,2053,2045,2055
2030,2039,2038,2050,2060,2056,2044,2052
2027,2042,2043,2054,2060,2041,2032,2052
2027,2043,2042,2054,2054,2020,2018,2056
2028,2044,2040,2049,2053,2006,2027,2068
2030,2047,2036,2043,2056,2018,2021,2062
2031,2037,2030,2037,2052,2018,2024,2055
2022,2033,2028,2039,2052,2028,2033,2064
2026,2041,2038,2048,2071,2045,2042,2060
2031,2038,2040,2048,2068,2051,2048,2060
2035,2038,2033,2050,2066,2054,2040,2060
2031,2035,2032,2049,2060,2053,2035,2052
2024,2034,2016,2043,2058,2050,2044,2048
2025,2033,2012,2048,2063,2047,2038,2049
2021,2038,2015,2055,2101,2056,2026,2048
2025,2039,2024,2056,2124,2051,2020,2035
2027,2035,2020,2056,2140,2050,2020,2027
2024,2037,2030,2054,2152,2051,2036,2019
2016,2039,2028,2056,2151,2054,2051,2016
2025,2035,2023,2047,2136,2051,2044,2007
2024,2033,2027,2044,2105,2046,2033,2008
2024,2035,2025,2044,2055,2041,2032,1999
2022,2039,2030,2029,1922,2024,2026,1992
2019,2033,2035,2032,1918,2031,2036,2002
2023,2042,2048,2047,1984,2047,2043,2014
2038,2056,2070,2055,2013,2057,2050,2013
2032,2056,2069,2051,2020,2054,2039,2011
2029,2049,2064,2052,2034,2056,2038,2019
2031,2050,2076,2052,2036,2055,2049,2030
2035,2056,2073,2056,2034,2048,2057,2037
2041,2058,2069,2060,2037,2040,2048,2054
2038,2064,2069,2062,2038,2048,2037,2049
2040,2061,2059,2053,2047,2045,2050,2052
2039,2061,2053,2055,2042,2054,2049,2051
2035,2059,2050,2056,2050,2059,2062,2046
2028,2042,2040,2052,2048,2058,2033,2050
2027,2043,2040,2047,2050,2059,2039,2059
2027,2039,2036,2050,2051,2058,2029,2057
2026,2034,2037,2050,2048,2057,2032,2052
2026,2031,2031,2051,2041,2056,2033,2049
2018,2034,2037,2051,2050,2055,2032,2055
2026,2039,2044,2055,2055,2063,2054,2059
2029,2042,2047,2058,2056,2068,2055,2054
2036,2042,2050,2053,2061,2064,2047,2059
2037,2043,2051,2054,2057,2058,2055,2053
2038,2044,2047,2054,2052,2047,2048,2057
2028,2038,2045,2056,2043,2042,2044,2047
2031,2041,2048,2051,2045,2046,2039,2045
2024,2039,2049,2045,2049,2041,2022,2038
2020,2034,2037,2048,2043,2041,2030,2026
2024,2035,2042,2053,2045,2035,2033,2016
2026,2031,2038,2052,2043,2035,2046,2011
2024,2028,2034,2051,2047,2031,2041,2002
2016,2028,2043,2048,2045,2031,2044,1998
2014,2031,2037,2049,2041,2034,2033,1993
2014,2025,2031,2047,2043,2030,2028,1990
2014,2015,2017,2044,2040,2042,2026,1980
2016,2010,2008,2045,2049,2059,2039,1989
2025,2026,2005,2043,2056,2067,2052,1999
2027,2023,1992,2050,2050,2064,2052,1997
2031,2018,1984,2045,2053,2060,2048,2015
2029,2026,1978,2047,2055,2053,2054,2020
2026,2024,1971,2050,2043,2047,2047,2028
2024,2022,1968,2048,2047,2053,2058,2033
2030,2019,1963,2040,2055,2064,2032,2038
2028,2020,1955,2034,2048,2079,2026,2046
2029,2019,1945,2034,2042,2083,2041,2051
2028,2020,1950,2034,2054,2083,2054,2053
2034,2020,1947,2038,2058,2081,2056,2057
2027,2020,1967,2037,2059,2086,2060,2061
2030,2029,1973,2036,2061,2087,2067,2070
2036,2035,1987,2039,2060,2078,2055,2062
2029,2023,1988,2026,2050,2067,2043,2058
2020,2020,2003,2013,2035,2074,2034,2064
2022,2029,2034,2017,2033,2058,2041,2062
2025,2047,2075,2029,2032,2035,2035,2060
2030,2061,2113,2044,2035,2031,2036,2056
2032,2068,2129,2053,2035,2035,2036,2057
2029,2072,2150,2068,2038,2038,2026,2055
2036,2076,2149,2073,2041,2048,2040,2047
2033,2066,2142,2075,2040,2059,2060,2052
2041,2065,2134,2072,2041,2063,2062,2045
2034,2056,2116,2065,2044,2066,2039,2036
2025,2049,2092,2059,2040,2054,2019,2020
2022,2047,2083,2058,2040,2056,2028,2014
2029,2050,2081,2054,2036,2076,2043,2008
2028,2050,2076,2059,2037,2082,2032,2002
2030,2055,2076,2061,2037,2074,2036,2007
2035,2049,2061,2046,2030,2057,2042,1999
2026,2041,2060,2046,2026,2054,2036,2001
2022,2043,2062,2053,2031,2058,2044,2001
2028,2053,2059,2054,2039,2057,2034,2009
2029,2055,2060,2058,2041,2058,2018,2015
2033,2056,2065,2059,2040,2059,2046,2028
2036,2054,2061,2062,2044,2067,2051,2036
2038,2064,2064,2061,2040,2067,2054,2043
2042,2056,2060,2062,2027,2058,2033,2048
2039,2059,2061,2058,2023,2042,2057,2053
2038,2056,2056,2061,2022,2030,2044,2057
2037,2052,2054,2070,2033,2039,2044,2058
2044,2052,2065,2079,2044,2055,2055,2064
2042,2053,2076,2084,2051,2058,2069,2066
2036,2054,2077,2080,2048,2058,2057,2071
2035,2051,2068,2080,2031,2053,2044,2067
2035,2041,2056,2078,2024,2042,2037,2065
2030,2026,2044,2070,2022,2047,2041,2063
2026,2033,2043,2070,2027,2063,2042,2077
2038,2049,2048,2084,2051,2080,2045,2067
2031,2038,2033,2084,2045,2088,2044,2067
2033,2042,2031,2083,2040,2088,2059,2058
2037,2043,2026,2086,2039,2084,2050,2058
2033,2039,2018,2080,2039,2076,2058,2049
2024,2035,2010,2076,2035,2046,2046,2038
2026,2031,2008,2073,2032,2011,2032,2038
2024,2027,2009,2064,2024,2017,2038,2025
2022,2028,2017,2060,2026,2038,2058,2024
2026,2039,2040,2061,2032,2066,2078,2018
2039,2037,2049,2060,2032,2070,2083,2008
2038,2044,2059,2067,2033,2057,2066,1998
2025,2037,2061,2066,2018,2038,2050,1983
2028,2042,2070,2076,2020,2031,2041,1981
2032,2051,2085,2074,2018,2018,2032,1976
2022,2044,2078,2072,2021,2021,2028,1977
2018,2044,2077,2068,2027,2033,2041,1981
2027,2046,2069,2075,2035,2054,2049,1987
2021,2041,2059,2070,2031,2069,2020,1996
2037,2042,2050,2067,2028,2065,2056,1999
2030,2039,2050,2057,2038,2063,2037,2001
2032,2042,2042,2060,2034,2060,2031,2008
2030,2039,2033,2047,2034,2043,2031,2015
2024,2040,2035,2043,2024,2040,2037,2020
2024,2035,2033,2024,2017,2052,2030,2016
2025,2035,2028,2011,2022,2065,2032,2019
2030,2039,2024,2015,2014,2072,2027,2020
2033,2047,2034,2000,2012,2076,2035,2030
2040,2054,2042,2008,2021,2070,2051,2033
2043,2071,2057,2021,2028,2081,2050,2045
2045,2071,2058,2027,2040,2082,2036,2041
2039,2053,2047,2033,2040,2080,2041,2038
2030,2050,2047,2037,2046,2079,2074,2035
2035,2046,2039,2034,2026,2052,2070,2030
2035,2042,2040,2035,2029,2030,2066,2028
2030,2043,2035,2031,2024,2012,2059,2029
2025,2042,2034,2032,2022,1996,2068,2025
2027,2036,2024,2038,2028,2003,2072,2025
2023,2040,2022,2039,2033,2018,2057,2020
2029,2043,2019,2029,2021,2027,2054,2018
2030,2036,2012,2012,2015,2032,2050,2010
2030,2034,2008,2016,2010,2032,2055,1997
2030,2037,1999,2012,2004,2037,2065,1982
2025,2035,1996,2005,2005,2039,2055,1970
2034,2038,1995,2005,2010,2060,2072,1967
2041,2038,1992,2004,2007,2060,2067,1970
2036,2036,1996,2013,2007,2051,2060,1958
2025,2026,1995,2020,1972,2031,2050,1952
2020,2020,2000,2032,2009,2033,2046,1954
2024,2032,1996,2034,2030,2034,2033,1965
2026,2034,1995,2042,2025,2038,2059,1976
2031,2039,2002,2056,2024,2045,2070,1975
2029,2038,1998,2053,2000,2055,2067,1995
2030,2044,2000,2057,1988,2052,2059,2009
2037,2046,1999,2063,1999,2048,2067,2012
2035,2048,2000,2052,1964,2028,2052,2015
2027,2042,1997,2049,1977,2042,2056,2009
2034,2042,1997,2057,1998,2054,2071,2017
2022,2040,1989,2047,1975,2030,2038,2013
2022,2032,1975,2020,1961,2018,2036,2016
2025,2031,1979,2013,1986,2029,2045,2021
2020,2032,2005,2023,2030,2063,2059,2024
2028,2045,2043,2024,2031,2089,2043,2016
2021,2052,2056,2012,2019,2135,2040,2019
2021,2054,2077,2034,2038,2175,2057,2022
2030,2061,2086,2045,2043,2175,2057,2016
2025,2048,2082,2051,2062,2130,2046,2013
2028,2046,2084,2046,2066,2007,2030,2008
2027,2037,2076,2030,2062,1972,2031,2002
2027,2042,2092,2034,2066,2009,2040,1998
2033,2051,2095,2036,2041,2020,2034,2002
2038,2063,2101,2046,2026,2036,2048,1999
2044,2071,2092,2052,2033,2053,2045,1995
2038,2060,2076,2048,2027,2049,2046,1992
2039,2060,2071,2047,1999,2057,2079,1985
2038,2059,2073,2035,1939,2053,2077,1974
2041,2066,2071,2030,1916,2037,2078,1966
2039,2070,2072,2030,1913,2022,2073,1971
2044,2066,2073,2031,1939,2016,2064,1970
2037,2062,2073,2029,1955,2012,2045,1965
2044,2080,2076,2041,1954,2026,2064,1967
2045,2075,2074,2030,1967,2024,2056,1962
2043,2065,2064,2022,1969,2023,2039,1956
2031,2060,2054,2020,1997,2048,2050,1967
2038,2050,2052,2021,2064,2090,2037,1969
2039,2047,2054,2026,2069,2114,2033,1985
2033,2052,2049,2029,2057,2090,2061,1998
2034,2048,2053,2040,2069,2040,2056,2003
2036,2045,2055,2048,2098,2015,2075,2017
2028,2046,2061,2070,2126,2003,2063,2021
2038,2052,2066,2083,2145,2044,2077,2015
2025,2045,2046,2069,2139,2080,2065,2012
2019,2042,2043,2046,2088,2081,2075,2016
2025,2044,2039,2031,2056,2092,2069,2014
2021,2032,2030,2031,2085,2106,2064,2012
2022,2039,2034,2046,2116,2102,2057,2010
2028,2039,2034,2057,2122,2086,2056,2021
2038,2045,2036,2054,2102,2040,2054,2016
2035,2053,2039,2051,2091,2012,2048,2012
2039,2051,2040,2048,2071,1989,2041,2009
2032,2045,2027,2043,2041,1980,2047,2005
2033,2043,2027,2049,2026,1971,2021,1997
2033,2052,2020,2046,2028,1983,2041,1989
2036,2052,2018,2040,2006,2002,2041,1987
2028,2045,2011,2026,1944,2012,2046,1977
2025,2046,2008,2025,1967,2021,2036,1967
2021,2044,2006,2022,1996,2036,2049,1961
2029,2042,2001,2032,2010,2033,2043,1954
2030,2043,2015,2036,2024,2035,2051,1950
2028,2042,2009,2035,2014,2031,2025,1944
2024,2037,2003,2026,1992,2021,2029,1937
2021,2036,2005,2023,1967,2020,2028,1938
2025,2043,2007,2017,1950,2022,2029,1950
2031,2045,2006,2017,1951,2028,2051,1954
2030,2048,2012,2021,1967,2054,2054,1957
2037,2053,2034,2036,2006,2087,2055,1969
2039,2060,2046,2052,2035,2090,2066,1986
2041,2054,2041,2054,2067,2109,2075,1993
2045,2051,2034,2048,2071,2115,2078,2000
2034,2035,2019,2036,2051,2098,2077,2004
2032,2034,2012,2040,2043,2087,2075,2004
2034,2036,2011,2036,2038,2075,2060,2002
2032,2037,2007,2036,2030,2056,2064,2009
2025,2033,2006,2033,2026,2034,2053,2011
2025,2036,2011,2028,2023,2027,2053,2012
2031,2038,2013,2021,2014,2026,2058,2014
2029,2034,2022,2031,2018,2003,2048,2011
2035,2043,2048,2051,2059,2006,2056,2014
2038,2058,2075,2066,2080,2024,2046,2010
2046,2060,2085,2072,2075,2049,2040,2010
2043,2064,2098,2080,2082,2052,2041,2004
2047,2057,2099,2086,2110,2065,2051,2008
2050,2053,2094,2085,2103,2086,2050,2012
2045,2053,2094,2085,2094,2091,2062,1999
2045,2052,2095,2094,2070,2078,2055,2011
2053,2064,2101,2096,2037,2064,2062,2013
2062,2078,2098,2078,1917,2043,2058,2006
2057,2083,2102,2083,1921,2053,2057,1992
2059,2077,2116,2091,1987,2074,2057,1970
2054,2073,2120,2083,2015,2059,2054,1964
2051,2069,2110,2065,2002,2019,2050,1960
2046,2070,2104,2049,1978,1972,2040,1948
2034,2050,2078,2027,1937,1950,2043,1946
2028,2045,2072,2022,1930,1971,2050,1952
2041,2060,2074,2042,1932,1994,2060,1963
2041,2060,2065,2049,1995,2000,2054,1960
2045,2059,2060,2042,2037,2008,2061,1966
2040,2055,2049,2040,2032,2016,2052,1969
2041,2052,2037,2040,2026,2029,2050,1980
2046,2050,2040,2045,2001,2035,2068,1986
2042,2048,2040,2049,2022,2034,2055,1990
2040,2040,2039,2048,2049,2025,2064,1996
2041,2038,2036,2033,2035,2017,2058,1998
2033,2033,2029,2016,1985,2013,2048,2001
2031,2026,2009,2009,1999,2025,2056,2010
2031,2015,1981,2007,2023,2032,2063,2019
2031,2020,1978,2002,2024,2036,2065,2011
2029,2027,1976,2006,2029,2048,2073,2007
2030,2023,1970,2001,2024,2048,2065,2014
2035,2018,1960,1989,1946,2029,2070,2012
2046,2029,1959,1974,1842,2036,2071,2011
2052,2042,1963,1990,1903,2062,2068,2011
2058,2044,1978,2008,1956,2094,2066,2015
2061,2060,1980,2034,1990,2110,2058,2001
2058,2064,1977,2026,1999,2118,2047,1996
2053,2052,1987,2013,2004,2054,2017,1986
2045,2058,1991,2007,2002,2008,2018,1984
2045,2051,2003,2011,2016,2027,2040,1980
2042,2041,2019,2013,2016,2056,2057,1981
2037,2047,2027,2011,2018,2070,2061,1973
2046,2054,2047,2010,2009,2069,2066,1968
2050,2066,2072,2020,1998,2064,2075,1968
2056,2072,2080,2035,1995,2065,2074,1963
2062,2080,2081,2037,1980,2043,2070,1950
2045,2054,2065,2019,1956,2042,2057,1947
2038,2055,2050,2030,1971,2061,2067,1952
2047,2069,2054,2049,1994,2062,2042,1954
2048,2064,2043,2048,1952,2036,2045,1949
2039,2058,2041,2044,1925,1989,2036,1955
2044,2049,2048,2058,1961,1965,2040,1973
2048,2058,2065,2070,2019,1989,2067,1978
2052,2054,2062,2068,2046,2021,2038,1986
2051,2056,2051,2070,2036,2040,2063,1986
2047,2053,2053,2062,2022,2038,2058,2000
2044,2051,2062,2050,2010,2032,2051,2003
2054,2059,2061,2033,1990,2015,2050,2001
2058,2062,2068,2027,1988,2001,2050,2006
2056,2062,2068,2029,1980,1999,2040,2008
2052,2061,2071,2032,1986,2004,2024,2009
2049,2057,2066,2032,2011,2005,2011,1999
2045,2051,2058,2021,2007,1989,2002,1999
2044,2056,2067,2024,2002,1998,2035,2012
2058,2068,2076,2030,2015,2040,2057,2009
2056,2068,2069,2035,2015,2072,2060,2003
2051,2059,2058,2028,2013,2082,2039,2004
2056,2061,2062,2028,2016,2072,2043,1991
2053,2057,2065,2028,2012,2064,2053,1991
2049,2053,2055,2036,2009,2052,2056,1981
2052,2051,2056,2039,2022,2057,2051,1977
2050,2048,2052,2036,2022,2075,2055,1972
2050,2046,2048,2034,2024,2078,2055,1966
2050,2049,2042,2039,2017,2075,2046,1954
2043,2049,2046,2038,2016,2073,2053,1939
2047,2051,2037,2038,2015,2060,2059,1935
2045,2046,2036,2040,2005,2061,2055,1928
2046,2045,2046,2048,2010,2069,2060,1934
2043,2043,2033,2032,2009,2066,2067,1930
2040,2039,2033,2030,2009,2058,2071,1939
2048,2052,2043,2030,2008,2057,2078,1948
2061,2056,2047,2040,2014,2065,2081,1948
2054,2061,2045,2032,2001,2047,2060,1950
2048,2044,2034,2034,1997,2043,2066,1953
2042,2041,2022,2032,1997,2048,2059,1963
2048,2045,2013,2029,2001,2059,2054,1972
2052,2037,2005,2033,2015,2061,2053,1976
2049,2037,2006,2037,2007,2062,2045,1988
2040,2037,2011,2034,2001,2053,2027,1991
2047,2034,2013,2025,1991,2044,2025,1987
2045,2035,2015,2021,1986,2047,2052,1987
2049,2050,2039,2024,2002,2053,2022,1998
2054,2056,2053,2025,2007,2057,2045,1999
2058,2058,2054,2030,2013,2051,2044,1991
2056,2058,2054,2026,2009,2041,2029,1986
2047,2047,2048,2026,2010,2030,2023,1984
2040,2046,2055,2037,2010,2030,2044,1993
2050,2062,2069,2047,2008,2042,2036,1996
2055,2065,2084,2051,2020,2048,2049,1996
2060,2068,2085,2053,2015,2051,2050,1988
2059,2068,2080,2051,2025,2057,2051,1982
2057,2063,2080,2050,2026,2063,2022,1981
2053,2056,2065,2047,2027,2077,2027,1972
2054,2051,2056,2045,2027,2090,2046,1977
2053,2047,2051,2047,2025,2090,2038,1967
2053,2046,2051,2046,2026,2079,2040,1954
2050,2048,2055,2046,2027,2069,2047,1947
2047,2042,2052,2043,2023,2050,2050,1932
2046,2043,2049,2044,2022,2046,2047,1928
2044,2045,2054,2046,2019,2052,2042,1926
2045,2045,2051,2045,2022,2056,2030,1926
2039,2041,2045,2038,2021,2046,2024,1924
2040,2044,2036,2035,2011,2031,2055,1927
2048,2051,2043,2031,2002,2013,2049,1928
2047,2047,2039,2036,1999,2020,2061,1936
2052,2051,2050,2044,2005,2018,2062,1943
2053,2054,2057,2047,2009,2014,2050,1953
2056,2053,2058,2038,1999,2019,2032,1953
2053,2051,2054,2029,1981,2029,1989,1965
2052,2051,2048,2026,1984,2045,2005,1967
2052,2054,2047,2024,1992,2066,2005,1973
2055,2053,2042,2024,2005,2064,1999,1973
2053,2053,2044,2017,2001,2057,2010,1966
2048,2050,2045,2023,2002,2056,2030,1969
2048,2057,2053,2032,2017,2067,2052,1978
2054,2066,2058,2035,2023,2075,2058,1986
2056,2067,2066,2039,2018,2073,2066,1993
2063,2062,2060,2038,2010,2068,2066,1989
2056,2048,2042,2034,2005,2060,2054,1984
2050,2044,2031,2033,1994,2061,2050,1983
2048,2051,2041,2043,1997,2064,2058,1987
2048,2049,2039,2045,2002,2050,2056,1977
2042,2036,2034,2039,1994,2019,2050,1975
2042,2043,2039,2038,1968,1995,2050,1974
2046,2050,2043,2037,1940,1980,2050,1964
2053,2052,2046,2031,1915,1978,2050,1967
2053,2056,2051,2033,1907,1988,2055,1967
2059,2062,2053,2032,1903,1991,2050,1963
2056,2047,2041,2022,1904,2014,2064,1954
2049,2043,2041,2035,1958,2035,2066,1953
2046,2034,2045,2048,2030,2049,2051,1944
2045,2027,2044,2048,2040,2050,2048,1932
2046,2024,2040,2043,2030,2044,2043,1927
2046,2035,2041,2037,2025,2042,2024,1916
2040,2034,2036,2022,1993,2040,2013,1917
2031,2020,2030,2017,1988,2037,2012,1912
2037,2028,2027,2026,2023,2050,2033,1924
2043,2036,2025,2012,2033,2038,2020,1922
2040,2041,2031,2000,2000,2022,2022,1927
2043,2040,2034,2017,2064,2039,2022,1938
2049,2049,2044,2031,2064,2046,2032,1948
2051,2050,2052,2036,2041,2043,2045,1950
2050,2045,2046,2042,2038,2065,2052,1961
2045,2045,2042,2036,2017,2082,2048,1960
2043,2047,2039,2025,2005,2092,2056,1960
2029,2040,2030,2023,1991,2093,2060,1956
2036,2038,2034,2029,1988,2091,2060,1968
2035,2044,2035,2036,2016,2077,2056,1980
2043,2040,2039,2044,2075,2068,2053,1993
2044,2044,2042,2056,2110,2091,2068,1993
2046,2043,2043,2050,2114,2099,2070,2000
2043,2035,2033,2045,2105,2092,2056,1992
2045,2035,2032,2041,2098,2081,2052,1982
2043,2032,2040,2044,2097,2072,2046,1985
2039,2037,2034,2036,2092,2077,2048,1977
2037,2044,2038,2044,2107,2102,2052,1985
2043,2049,2038,2055,2124,2101,2056,1980
2045,2051,2047,2051,2096,2080,2045,1984
2048,2051,2042,2054,2102,2055,2055,1981
2046,2048,2041,2062,2121,2022,2050,1980
2050,2052,2043,2067,2130,2037,2065,1969
2055,2053,2045,2054,2123,2054,2061,1966
2052,2057,2049,2052,2149,2069,2051,1965
2049,2062,2051,2060,2154,2071,2055,1955
2052,2058,2051,2061,2148,2072,2065,1948
2046,2051,2051,2058,2132,2074,2069,1933
2038,2038,2039,2053,2100,2072,2065,1921
2035,2036,2028,2031,1987,2051,2068,1916
2027,2022,2018,2017,1909,2039,2053,1917
2030,2024,2020,2020,1957,2038,2047,1923
2041,2041,2029,2032,2001,2037,2060,1937
2048,2041,2029,2021,1995,2026,2040,1934
2043,2042,2025,2004,1922,2033,2058,1941
2042,2042,2020,2002,1896,2064,2061,1949
2041,2039,2022,2004,1911,2094,2049,1956
2049,2035,2016,2006,1919,2073,2028,1960
2045,2035,2013,1999,1927,2003,2012,1954
2044,2034,2015,2017,1951,1966,2029,1972
2051,2039,2027,2032,2003,2021,2065,1986
2057,2042,2035,2047,2026,2048,2070,1993
2051,2046,2036,2046,2040,2075,2057,1997
2060,2050,2044,2051,2042,2078,2042,2001
2051,2051,2046,2057,2029,2071,2058,2009
2054,2053,2050,2057,2044,2069,2054,2003
2056,2056,2044,2057,2072,2054,2035,1998
2043,2037,2029,2049,2103,2040,2033,1994
2040,2031,2024,2043,2126,2031,2046,1995
2049,2042,2035,2040,2095,2020,2041,1998
2051,2046,2036,2034,2034,2020,2037,1999
2060,2054,2049,2030,1996,2033,2047,2001
2061,2061,2056,2035,2002,2041,2061,2006
2063,2060,2051,2038,2012,2049,2058,1993
2063,2059,2051,2036,2025,2061,2054,1995
2064,2065,2060,2037,2045,2068,2057,1987
2064,2067,2063,2043,2059,2078,2072,1986
2070,2064,2071,2049,2057,2077,2059,1981
2069,2064,2064,2049,2062,2073,2074,1966
2061,2049,2055,2046,2064,2069,2062,1952
2053,2036,2042,2041,2048,2065,2057,1945
2053,2033,2040,2032,2050,2068,2055,1941
2054,2036,2033,2041,2045,2070,2050,1952
2057,2040,2032,2043,2032,2033,2056,1944
2053,2033,2023,2044,2045,2007,2054,1942
2043,2033,2035,2053,2062,2018,2058,1944
2057,2038,2044,2059,2066,2040,2058,1958
2063,2044,2056,2067,2054,2052,2056,1960
2056,2039,2051,2065,2052,2043,2051,1969
2056,2051,2050,2064,2039,2041,2062,1977
2061,2049,2042,2052,2038,2052,2051,1989
2058,2043,2036,2047,2037,2055,2051,1993
2056,2029,2022,2034,2028,2065,2053,1997
2045,2027,2018,2031,2028,2058,2054,2001
2054,2029,2012,2028,2033,2055,2061,2004
2053,2038,2007,2025,2040,2063,2064,2006
2049,2034,2004,2031,2044,2067,2066,2005
2051,2031,2008,2028,2045,2063,2060,2012
2055,2028,2007,2020,2059,2065,2060,2018
2054,2022,2012,2024,2060,2064,2060,2019
2049,2019,2024,2023,2054,2051,2060,2022
2055,2020,2029,2013,2052,2048,2071,2021
2062,2044,2049,2022,2051,2050,2070,2031
2068,2054,2054,2021,2037,2048,2072,2024
2064,2060,2056,2027,2035,2044,2037,2022
2066,2054,2050,2033,2044,2046,2036,2018
2061,2047,2039,2033,2046,2044,2048,2017
2058,2055,2047,2037,2045,2045,2045,2009
2060,2054,2051,2041,2054,2021,2024,2009
2057,2059,2047,2049,2048,2019,2024,2006
2059,2057,2045,2054,2039,2030,2036,2001
2060,2053,2051,2049,2038,2041,2039,1987
2055,2048,2052,2043,2034,2044,2034,1980
2056,2047,2044,2035,2030,2048,2040,1976
2051,2037,2036,2019,2025,2049,2039,1972
2048,2040,2023,2012,2027,2046,2038,1974
2054,2043,2025,2015,2033,2045,2036,1975
2053,2048,2027,2023,2045,2046,2044,1974
2054,2039,2029,2018,2048,2049,2040,1979
2062,2049,2047,2036,2053,2054,2046,1983
2063,2048,2063,2054,2063,2041,2037,1987
2054,2047,2073,2072,2076,2038,2033,1983
2048,2040,2069,2079,2079,2042,2040,1997
2061,2047,2073,2084,2082,2060,2052,2015
2068,2052,2072,2088,2085,2069,2053,2026
2071,2049,2067,2086,2076,2063,2043,2038
2069,2051,2062,2083,2068,2057,2029,2044
2072,2052,2065,2091,2066,2058,2042,2038
2068,2054,2069,2083,2074,2066,2042,2042
2065,2064,2075,2083,2072,2068,2046,2048
2067,2059,2073,2074,2077,2064,2053,2046
2066,2055,2075,2067,2071,2062,2029,2047
2065,2054,2072,2054,2061,2060,2037,2049
2053,2044,2062,2041,2050,2037,2033,2035
2035,2029,2038,2015,2040,2028,2040,2033
2038,2024,2026,1994,2052,2046,2039,2040
2052,2041,2028,1982,2068,2071,2047,2040
2053,2044,2042,1984,2074,2101,2064,2043
2057,2056,2047,1988,2077,2116,2076,2055
2066,2068,2054,1986,2081,2098,2085,2063
2073,2082,2051,1999,2090,2084,2059,2055
2073,2074,2052,2003,2095,2080,2066,2046
2061,2058,2038,2005,2088,2047,2073,2033
2053,2049,2042,2013,2086,2030,2069,2032
2052,2047,2045,2010,2090,2030,2064,2027
2057,2049,2050,2014,2065,2021,2066,2016
2049,2045,2044,2014,2033,2006,2047,2001
2051,2046,2040,2012,2032,2009,2047,1997
2052,2044,2040,2017,2048,2018,2059,1994
2061,2055,2044,2031,2058,2024,2057,1992
2067,2058,2044,2030,2056,2031,2062,1986
2052,2049,2044,2024,2048,2040,2072,1996
2060,2058,2042,2019,2034,2058,2065,2002
2058,2062,2048,2022,2032,2091,2058,2003
2063,2064,2046,2028,2044,2119,2080,2012
2072,2073,2055,2034,2038,2104,2066,2024
2073,2076,2054,2039,2035,2081,2068,2028
2064,2075,2057,2038,2058,2077,2046,2032
2068,2073,2060,2047,2096,2071,2048,2035
2065,2068,2055,2045,2070,2051,2046,2040
2069,2068,2056,2044,2038,2045,2033,2050
2060,2059,2047,2039,2074,2057,2035,2044
2054,2053,2041,2051,2103,2068,2056,2046
2046,2052,2040,2050,2112,2074,2037,2050
2051,2052,2041,2046,2096,2067,2032,2056
2056,2054,2042,2045,2038,2038,2035,2053
2054,2054,2045,2040,2015,2020,2022,2054
2043,2043,2041,2035,2026,2024,2025,2049
2047,2044,2048,2033,2030,2031,2032,2052
2052,2057,2064,2031,1983,2018,2005,2056
2059,2060,2072,2029,1989,2042,2065,2065
2065,2066,2072,2039,2012,2065,2074,2075
2066,2061,2068,2039,2030,2061,2076,2064
2066,2053,2050,2030,2027,2059,2082,2061
2060,2049,2048,2028,2035,2054,2069,2056
2059,2047,2048,2026,2034,2055,2055,2045
2057,2051,2036,2029,2040,2053,2044,2042
2054,2043,2034,2040,2076,2052,2076,2031
2052,2043,2039,2044,2102,2059,2070,2022
2049,2041,2047,2046,2098,2049,2061,2016
2050,2043,2049,2041,2093,2039,2034,2005
2049,2047,2045,2046,2134,2053,2045,2001
2049,2045,2042,2061,2169,2061,2069,1997
2051,2047,2039,2064,2156,2057,2066,1995
2043,2031,2031,2047,2132,2050,2050,1997
2047,2033,2035,2048,2132,2072,2045,2002
2054,2048,2035,2046,2104,2090,2065,2010
2062,2047,2024,2030,1987,2091,2030,2019
2059,2047,2032,2023,1981,2094,2031,2022
2062,2052,2034,2032,2016,2092,2036,2024
2061,2054,2039,2033,2032,2084,2013,2036
2054,2049,2049,2029,2017,2073,2010,2044
2057,2049,2049,2028,1993,2069,2025,2047
2064,2044,2050,2020,1985,2065,2062,2054
2061,2040,2053,2027,2014,2055,2057,2050
2058,2038,2052,2025,2017,2032,2044,2057
2059,2043,2060,2026,2023,2015,2047,2062
2063,2050,2075,2034,2036,2000,2042,2068
2062,2054,2068,2041,2037,1990,2011,2064
2052,2051,2070,2040,2042,2005,2023,2065
2058,2057,2059,2039,2047,2016,2040,2067
2058,2054,2057,2039,2040,2030,2041,2066
2058,2056,2066,2042,2047,2056,2070,2068
2068,2063,2066,2044,2049,2067,2067,2066
2059,2054,2063,2039,2048,2058,2060,2062
2055,2040,2054,2032,2046,2059,2039,2054
2062,2045,2047,2035,2036,2053,2017,2053
2056,2044,2042,2034,2036,2046,2039,2045
2060,2045,2048,2041,2035,2042,2044,2041
2056,2052,2057,2047,2035,2046,2050,2032
2060,2053,2058,2044,2036,2054,2048,2026
2062,2062,2063,2045,2034,2049,2017,2016
2054,2047,2055,2045,2032,2044,2014,2008
2051,2048,2054,2042,2032,2042,2029,2009
2053,2057,2057,2045,2039,2058,2030,2016
2058,2059,2059,2049,2038,2058,2022,2022
2067,2066,2065,2049,2041,2065,2036,2018
2062,2056,2053,2042,2043,2064,2032,2012
2062,2060,2049,2044,2055,2058,2046,2011
2068,2073,2054,2048,2069,2066,2049,2018
2069,2067,2050,2045,2073,2062,2046,2024
2066,2074,2056,2049,2061,2056,2036,2028
2075,2074,2059,2049,2043,2055,2070,2040
2070,2072,2052,2039,2056,2060,2071,2040
2071,2067,2048,2043,2072,2058,2052,2042
2069,2056,2045,2034,2072,2057,2070,2045
2068,2054,2044,2036,2066,2054,2053,2045
2061,2052,2043,2038,2091,2054,2058,2048
2058,2051,2040,2039,2109,2067,2034,2050
2052,2043,2032,2038,2104,2065,2054,2049
2042,2042,2038,2049,2096,2071,2060,2055
2046,2044,2045,2060,2111,2072,2068,2055
2044,2046,2056,2056,2052,2052,2056,2054
2046,2044,2057,2048,1902,2024,2036,2052
2034,2035,2046,2037,1877,2021,2032,2063
2045,2037,2049,2053,1952,2025,2057,2061
2043,2039,2050,2048,1998,2025,2038,2055
2041,2037,2047,2053,2022,2025,2032,2059
2041,2040,2057,2070,2049,2036,2049,2054
2049,2057,2054,2072,2055,2042,2056,2057
2055,2055,2056,2068,2053,2042,2060,2053
2060,2054,2050,2064,2056,2040,2051,2047
2049,2049,2041,2056,2071,2035,2049,2041
2051,2037,2028,2056,2085,2034,2030,2031
2048,2041,2034,2052,2100,2032,2037,2034
2049,2039,2033,2036,2085,2030,2036,2030
2058,2048,2043,2038,2081,2036,2068,2020
2060,2054,2048,2037,2080,2040,2049,2015
2053,2048,2045,2041,2094,2051,2045,2007
2060,2050,2041,2036,2111,2059,2051,2009
2059,2056,2034,2040,2109,2050,2039,2006
2057,2044,2023,2033,2096,2047,2042,2011
2054,2040,2030,2043,2083,2060,2060,2007
2063,2051,2031,2048,2098,2079,2048,2013
2062,2054,2036,2047,2099,2095,2038,2019
2053,2054,2038,2044,2101,2102,2047,2024
2055,2053,2038,2047,2097,2108,2053,2033
2059,2046,2028,2034,2058,2096,2068,2034
2058,2047,2020,2025,2021,2096,2042,2041
2051,2054,2020,2030,2005,2096,2047,2044
2060,2052,2021,2037,2023,2095,2050,2044
2059,2054,2021,2039,2056,2095,2044,2048
2054,2053,2009,2040,2059,2067,2053,2052
2058,2050,2011,2039,2052,2037,2028,2065
2057,2053,2012,2028,2020,2028,2048,2073
2065,2051,2011,2020,2020,2042,2059,2075
2055,2053,2019,2033,2062,2059,2064,2070
2055,2047,2020,2045,2064,2054,2063,2070
2061,2042,2019,2035,2048,2041,2070,2073
2055,2050,2019,2042,2041,2044,2064,2071
2058,2050,2024,2040,2044,2048,2062,2072
2056,2050,2032,2048,2052,2052,2060,2068
2053,2050,2047,2049,2064,2051,2064,2064
2055,2059,2060,2051,2063,2048,2058,2061
2058,2059,2072,2058,2055,2050,2064,2058
2060,2069,2079,2056,2058,2050,2060,2048
2057,2063,2083,2060,2057,2052,2066,2035
2053,2062,2080,2059,2059,2066,2060,2030
2056,2064,2088,2057,2054,2080,2053,2032
2055,2064,2090,2054,2058,2089,2073,2026
2054,2059,2083,2052,2057,2089,2062,2023
2057,2055,2073,2045,2053,2089,2056,2017
2053,2060,2065,2043,2044,2067,2054,2015
2052,2057,2059,2041,2039,2018,2042,2005
2037,2045,2055,2029,2032,1999,2054,2000
2046,2048,2059,2032,2030,2018,2042,2006
2044,2055,2062,2032,2025,2027,2030,2015
2052,2065,2056,2032,2029,2044,2054,2026
2055,2064,2051,2041,2035,2047,2043,2028
2059,2062,2036,2039,2052,2050,2049,2032
2052,2055,2033,2039,2063,2056,2064,2037
2056,2054,2027,2041,2068,2054,2046,2042
2056,2049,2020,2032,2060,2054,2058,2056
2052,2041,2024,2036,2056,2056,2064,2061
2057,2057,2024,2039,2056,2059,2060,2064
2056,2052,2029,2052,2061,2057,2065,2068
2056,2049,2034,2057,2062,2061,2058,2072
2065,2055,2036,2058,2068,2057,2057,2073
2061,2041,2019,2042,2068,2047,2066,2071
2049,2041,2020,2044,2069,2044,2061,2075
2050,2032,2018,2039,2063,2038,2050,2067
2050,2039,2028,2047,2066,2043,2021,2075
2057,2041,2037,2052,2069,2054,2027,2076
2061,2048,2038,2055,2062,2051,2049,2079
2058,2057,2042,2053,2058,2049,2051,2080
2055,2053,2045,2048,2054,2053,2037,2069
2053,2050,2058,2056,2059,2050,2030,2055
2055,2062,2075,2067,2066,2058,2046,2064
2062,2074,2082,2061,2061,2060,2048,2066
2060,2071,2075,2042,2054,2060,2044,2065
2064,2063,2061,2031,2053,2062,2044,2050
2056,2067,2060,2031,2065,2063,2059,2035
2061,2069,2063,2038,2072,2063,2045,2043
2068,2076,2072,2043,2070,2067,2048,2033
2075,2083,2080,2048,2066,2063,2046,2029
2068,2083,2083,2044,2071,2060,2060,2018
2063,2079,2074,2041,2068,2053,2053,2014
2054,2063,2069,2034,2056,2045,2042,2008
2052,2051,2057,2041,2061,2041,2049,2015
2054,2066,2058,2042,2058,2050,2059,2020
2048,2064,2058,2046,2060,2046,2050,2023
2059,2064,2060,2045,2058,2042,2043,2029
2055,2064,2056,2040,2057,2043,2052,2030
2056,2068,2052,2040,2054,2047,2050,2043
2060,2072,2058,2039,2048,2044,2049,2036
2060,2073,2058,2047,2060,2056,2049,2046
2059,2068,2054,2045,2063,2068,2038,2051
2052,2070,2049,2049,2063,2069,2039,2061
2060,2067,2050,2056,2072,2070,2054,2059
2062,2068,2050,2050,2065,2058,2028,2057
2046,2052,2039,2047,2061,2055,2026,2059
2039,2053,2037,2043,2061,2044,2002,2059
2037,2044,2034,2048,2063,2049,2022,2074
2055,2056,2039,2052,2064,2048,2032,2080
2053,2039,2036,2047,2065,2040,2045,2080
2052,2047,2036,2046,2071,2047,2044,2091
2059,2057,2046,2060,2074,2037,2038,2089
2060,2057,2045,2055,2060,2016,2038,2076
2061,2057,2040,2046,2062,2017,2023,2072
2056,2061,2052,2050,2064,2036,2049,2073
2055,2061,2049,2051,2056,2047,2068,2069
2061,2053,2043,2050,2055,2038,2076,2065
2059,2055,2034,2048,2052,2019,2074,2061
2055,2061,2034,2043,2046,2010,2056,2057
2063,2064,2034,2045,2060,2017,2053,2046
2070,2069,2031,2041,2045,1999,2032,2030
2050,2053,2023,2037,2027,1998,2042,2024
2057,2056,2027,2044,2016,1997,2037,2020
2053,2059,2036,2035,1995,1983,2022,2010
2053,2058,2031,2025,1973,1981,2049,2001
2048,2052,2018,2014,1972,1994,2025,1995
2040,2034,2012,2018,1997,2041,2023,1987
2044,2031,2013,2030,2027,2084,2048,2004
2049,2050,2029,2049,2064,2090,2063,2015
2060,2051,2037,2059,2102,2098,2092,2024
2060,2050,2038,2072,2123,2118,2071,2026
2051,2047,2039,2071,2107,2130,2078,2031
2050,2049,2036,2062,2091,2118,2073,2038
2055,2041,2039,2063,2112,2110,2074,2039
2049,2042,2037,2066,2131,2109,2076,2045
2053,2045,2043,2067,2123,2111,2067,2045
2050,2047,2044,2069,2115,2094,2050,2048
2051,2049,2042,2065,2096,2081,2039,2052
2046,2038,2032,2062,2074,2074,2035,2060
2048,2039,2032,2062,2077,2076,2065,2068
2046,2034,2026,2055,2068,2071,2058,2077
2043,2035,2024,2039,2011,2074,2046,2074
2049,2040,2024,2041,2010,2081,2041,2076
2046,2040,2038,2043,2033,2095,2064,2086
2054,2054,2052,2068,2062,2112,2073,2090
2059,2054,2054,2066,2073,2105,2068,2082
2056,2049,2052,2054,2069,2090,2067,2079
2054,2050,2044,2044,2049,2061,2070,2071
2053,2049,2041,2039,2040,2047,2064,2063
2050,2049,2040,2034,2020,2048,2064,2065
2051,2047,2033,2028,2005,2059,2075,2057
2056,2053,2033,2030,1992,2052,2071,2047
2051,2051,2032,2029,2002,2054,2060,2036
2048,2050,2036,2040,2024,2056,2051,2024
2045,2049,2038,2039,2049,2043,2040,2006
2040,2044,2039,2033,2058,2005,2037,2002
2044,2044,2042,2036,2057,1993,2033,2006
2047,2049,2056,2038,2057,1999,2043,2000
2042,2050,2065,2040,2058,2012,2039,1992
2041,2045,2060,2031,2057,2020,2049,1994
2043,2043,2055,2026,2064,2031,2069,2010
2048,2055,2055,2028,2066,2036,2049,2010
2054,2059,2048,2028,2060,2037,2051,2011
2053,2051,2036,2023,2053,2055,2027,2010
2054,2049,2036,2018,2045,2076,2030,2021
2051,2046,2038,2023,2036,2061,2029,2026
2050,2043,2038,2033,2046,2040,2047,2031
2046,2043,2038,2033,2036,2027,2044,2033
2044,2031,2032,2033,2038,2030,2033,2041
2046,2038,2037,2035,2043,2022,2041,2054
2053,2051,2047,2035,2056,2037,2053,2055
2053,2051,2041,2043,2056,2041,2054,2057
2060,2052,2041,2036,2055,2050,2048,2061
2052,2047,2038,2034,2054,2043,2054,2064
2047,2044,2039,2037,2047,2038,2060,2069
2044,2043,2043,2038,2048,2031,2067,2068
2044,2037,2046,2037,2048,2032,2039,2077
2054,2047,2041,2041,2061,2042,2058,2084
2060,2062,2049,2049,2068,2050,2055,2086
2058,2054,2053,2053,2066,2048,2054,2083
2060,2061,2052,2052,2070,2065,2066,2081
2062,2058,2047,2048,2083,2066,2063,2069
2060,2055,2048,2050,2083,2073,2054,2071
2054,2055,2045,2049,2075,2077,2055,2063
2055,2050,2044,2048,2070,2088,2051,2055
2058,2044,2038,2051,2061,2110,2055,2047
2052,2043,2038,2046,2064,2141,2070,2045
2054,2049,2038,2046,2066,2144,2069,2041
2061,2049,2045,2050,2071,2111,2073,2021
2056,2049,2050,2052,2076,2018,2040,2017
2053,2046,2044,2047,2064,1976,2050,2013
2051,2046,2042,2030,2035,2008,2055,2017
2045,2043,2040,2021,2012,2037,2043,2008
2038,2034,2030,2023,2071,2063,2059,2012
2045,2039,2036,2028,2085,2067,2081,2013
2051,2055,2042,2033,2066,2068,2092,2026
2056,2063,2046,2038,2033,2068,2074,2037
2058,2063,2053,2036,2010,2050,2068,2040
2058,2058,2044,2029,1996,2029,2056,2044
2055,2052,2035,2027,1999,2017,2040,2049
2052,2046,2030,2031,2049,2022,2035,2051
2051,2052,2032,2045,2087,2026,2070,2066
2061,2062,2036,2047,2089,2021,2058,2066
2058,2058,2029,2038,2072,2019,2056,2066
2055,2052,2024,2027,2058,2012,2060,2064
2048,2046,2019,2031,2052,2016,2047,2061
2044,2046,2023,2040,2100,2031,2047,2061
2043,2042,2030,2046,2120,2050,2058,2058
2044,2044,2036,2058,2094,2048,2045,2066
2041,2032,2026,2054,2039,2034,2019,2062
2037,2028,2032,2041,1896,2012,2047,2058
2037,2028,2044,2050,1881,2021,2050,2068
2039,2034,2060,2067,1938,2035,2056,2063
2036,2029,2076,2065,1986,2038,2046,2066
2038,2038,2085,2064,2024,2044,2040,2061
2044,2037,2090,2058,2037,2044,2054,2059
2042,2044,2084,2058,2035,2050,2032,2053
2046,2053,2087,2058,2035,2047,2038,2056
2045,2054,2088,2059,2045,2045,2062,2058
2045,2057,2088,2056,2049,2048,2036,2046
2048,2059,2075,2057,2064,2056,2043,2044
2050,2055,2062,2044,2091,2061,2019,2034
2048,2052,2041,2043,2116,2064,2044,2021
2043,2056,2052,2048,2122,2065,2053,2022
2047,2047,2046,2040,2099,2060,2049,2017
2047,2041,2042,2028,2079,2048,2053,2007
2035,2038,2029,2019,2064,2038,2038,2000
2042,2035,2032,2019,2054,2033,2045,2012
2043,2050,2040,2020,2056,2034,2044,2021
2049,2045,2037,2012,2055,2021,2050,2020
2045,2046,2026,2009,2047,2020,2053,2033
2051,2045,2023,2005,2053,2031,2056,2033
2047,2050,2024,2011,2055,2034,2048,2037
2049,2053,2037,2022,2049,2045,2073,2047
2053,2051,2038,2027,2048,2042,2077,2052
2048,2054,2046,2030,2046,2048,2074,2061
2057,2057,2047,2031,2043,2050,2076,2065
2058,2054,2049,2032,2048,2045,2059,2074
2061,2058,2052,2029,2049,2047,2070,2074
2056,2062,2052,2033,2050,2049,2062,2081
2063,2062,2058,2034,2054,2049,2046,2084
2060,2065,2059,2040,2058,2052,2040,2086
2063,2065,2064,2040,2062,2052,2061,2078
2059,2054,2060,2032,2048,2046,2047,2080
2056,2053,2058,2033,2051,2053,2064,2088
2064,2063,2063,2036,2057,2053,2069,2084
2059,2061,2064,2034,2053,2052,2055,2082
2060,2064,2061,2039,2058,2046,2067,2080
2057,2064,2067,2038,2055,2045,2048,2076
2060,2063,2060,2037,2056,2045,2065,2077
2059,2067,2064,2043,2059,2052,2061,2076
2067,2065,2063,2043,2057,2046,2065,2071
2063,2060,2060,2044,2042,2048,2076,2063
2061,2059,2053,2038,2043,2048,2075,2057
2060,2051,2048,2034,2039,2050,2078,2054
2051,2037,2050,2037,2048,2052,2081,2049
2057,2038,2047,2039,2053,2044,2073,2040
2054,2042,2048,2045,2043,2049,2083,2037
2056,2045,2050,2050,2047,2059,2076,2033
2058,2046,2041,2045,2058,2062,2065,2030
2047,2040,2033,2038,2064,2079,2033,2024
2052,2047,2047,2042,2064,2100,2064,2028
2049,2043,2042,2033,2053,2118,2073,2024
2051,2041,2040,2030,2063,2103,2056,2019
2053,2051,2040,2032,2077,2064,2035,2027
2046,2045,2036,2020,2041,2034,2049,2034
2045,2038,2037,2012,2006,2022,2045,2050
2044,2039,2042,2028,2021,2029,2029,2065
2045,2040,2048,2032,2034,2046,2058,2070
2047,2042,2049,2028,2018,2058,2047,2079
2045,2044,2056,2021,2004,2061,2041,2079
2056,2045,2062,2031,2037,2026,2064,2088
2056,2050,2067,2052,2070,2014,2059,2090
2060,2057,2072,2058,2073,2021,2059,2087
2059,2056,2069,2061,2083,2026,2049,2087
2052,2049,2057,2051,2076,2026,2049,2091
2046,2038,2042,2035,2052,2032,2023,2086
2046,2036,2038,2038,2054,2043,2056,2093
2055,2046,2039,2048,2061,2050,2063,2089
2058,2048,2037,2049,2053,2044,2062,2086
2058,2043,2037,2049,2050,2046,2056,2085
2056,2046,2031,2053,2053,2048,2061,2081
2053,2048,2034,2054,2051,2052,2057,2083
2054,2050,2023,2054,2061,2054,2029,2075
2053,2051,2019,2051,2062,2052,2038,2068
2053,2048,2018,2057,2064,2052,2053,2064
2049,2040,2013,2053,2059,2055,2043,2052
2049,2039,2007,2051,2059,2058,2031,2050
2043,2035,2017,2049,2055,2056,2040,2049
2052,2033,2018,2044,2065,2051,2047,2037
2054,2037,2020,2047,2056,2049,2034,2033
2050,2034,2030,2046,2060,2045,2028,2027
2043,2037,2038,2038,2050,2037,2032,2016
2038,2029,2041,2026,2040,2033,2035,2013
2038,2027,2048,2022,2039,2039,2041,2018
2053,2053,2070,2027,2045,2049,2037,2034
2056,2052,2070,2033,2045,2045,2038,2040
2049,2045,2059,2023,2036,2043,2016,2036
2044,2039,2054,2014,2028,2046,2046,2045
2052,2040,2054,2012,2025,2049,2048,2052
2046,2046,2060,2021,2013,2049,2049,2059
2049,2049,2064,2022,2014,2054,2043,2070
2054,2052,2064,2028,2019,2052,2053,2077
2051,2047,2052,2029,2022,2051,2044,2077
2058,2054,2056,2038,2028,2052,2044,2082
2051,2063,2065,2040,2029,2055,2036,2085
2057,2068,2082,2050,2047,2044,2044,2091
2062,2072,2079,2050,2060,2039,2057,2090
2064,2072,2079,2050,2071,2039,2054,2094
2060,2072,2078,2047,2068,2028,2046,2091
2053,2058,2068,2041,2049,2027,2040,2094
2052,2062,2076,2045,2056,2035,2062,2101
2057,2060,2078,2040,2053,2043,2049,2093
2055,2060,2077,2051,2055,2040,2050,2088
2056,2058,2070,2055,2058,2041,2052,2088
2050,2055,2065,2056,2058,2042,2049,2083
2048,2045,2049,2049,2059,2030,2030,2073
2046,2039,2048,2045,2056,2026,2046,2065
2050,2041,2041,2046,2057,2018,2042,2065
2047,2041,2051,2043,2056,2016,2054,2063
2044,2043,2050,2049,2063,2024,2058,2057
2052,2048,2053,2052,2060,2026,2052,2046
2056,2055,2056,2048,2062,2027,2058,2044
2052,2055,2052,2046,2056,2021,2044,2038
2047,2057,2054,2052,2054,2025,2053,2032
2053,2067,2059,2061,2066,2035,2052,2033
2051,2058,2054,2058,2110,2046,2051,2026
2052,2052,2055,2068,2156,2051,2028,2031
2050,2059,2056,2076,2163,2070,2041,2033
2053,2055,2058,2076,2166,2082,2039,2038
2056,2052,2054,2075,2125,2080,2044,2036
2049,2045,2056,2070,2094,2084,2047,2049
2053,2057,2056,2072,2102,2093,2051,2051
2054,2053,2053,2071,2096,2085,2046,2059
2052,2046,2047,2052,2027,2053,2041,2063
2046,2045,2050,2043,2008,2040,2043,2071
2049,2043,2046,2050,2005,2028,2040,2075
2047,2044,2039,2040,1967,2024,2037,2073
2040,2041,2033,2035,1976,2036,2020,2082
2044,2044,2033,2045,2013,2041,2023,2091
2043,2046,2024,2046,2048,2055,2041,2086
2047,2034,2010,2050,2079,2076,2049,2088
2047,2037,2010,2065,2080,2076,2047,2090
2044,2027,2011,2062,2070,2061,2064,2086
2045,2024,2020,2064,2076,2066,2065,2085
2049,2031,2028,2066,2045,2079,2067,2088
2049,2026,2021,2047,1957,2065,2068,2086
2050,2035,2017,2061,1981,2058,2064,2085
2053,2032,2018,2058,1990,2030,2025,2079
2045,2033,2014,2048,1997,1992,2006,2069
2052,2030,2016,2050,2004,1977,2021,2065
2051,2038,2029,2062,2028,1989,2051,2064
2059,2052,2037,2068,2043,2007,2045,2056
2062,2054,2035,2070,2058,2018,2052,2052
2055,2049,2024,2064,2057,2011,2068,2045
2044,2044,2024,2055,2037,2009,2070,2023
2034,2028,2015,2028,2027,2006,2043,2016
2028,2017,2000,2006,2014,2012,2041,2010
2019,2018,2009,1989,2012,2037,2000,2007
2023,2032,2038,1999,2020,2082,2027,2011
2026,2043,2056,2002,2018,2095,2052,2014
2037,2053,2067,2004,2029,2086,2030,2021
2046,2063,2082,2012,2036,2073,2042,2028
2047,2057,2074,2016,2038,2060,2058,2027
2046,2048,2074,2018,2040,2052,2051,2032
2043,2044,2075,2026,2030,2056,2048,2048
2051,2059,2077,2035,2037,2062,2042,2048
2051,2059,2070,2041,2037,2062,2041,2060
2052,2055,2064,2034,2042,2062,2050,2067
2050,2051,2054,2036,2046,2069,2049,2065
2054,2049,2044,2037,2045,2067,2044,2074
2053,2043,2042,2037,2052,2066,2054,2079
2049,2046,2040,2041,2048,2064,2045,2081
2044,2049,2042,2040,2048,2060,2036,2078
2050,2039,2043,2041,2053,2054,2018,2079
2046,2040,2040,2037,2047,2041,2042,2077
2048,2038,2034,2038,2047,2041,2026,2075
2045,2032,2025,2033,2044,2038,2011,2065
2032,2025,2033,2035,2041,2046,2051,2080
2040,2038,2038,2035,2048,2056,2058,2083
2041,2036,2039,2040,2054,2052,2060,2085
2045,2039,2038,2040,2051,2056,2072,2077
